"file_1","sheet_1","source_row_1","publication_year_1","sample_1","site_1","depth_m_1","composite_depth_m_1","lat_1","lon_1","age_Ma_1","species_1","d11B_replicates_1","MgCa_replicates_1","replicate_2SE_1","file_2","sheet_2","source_row_2","publication_year_2","sample_2","site_2","depth_m_2","composite_depth_m_2","lat_2","lon_2","age_Ma_2","species_2","d11B_replicates_2","MgCa_replicates_2","replicate_2SE_2","status"
"boron_isotopes_guillermic_2022_p1.0.xlsx","Sheet1",29,4.3,"ODP 806_A_1_1_3_5","ODP 806",,,0.3185,159.3613,0.0043,"Trilobatus sacculifer","17.5340570399127","3.88743240265728",,"boron_isotopes_guillermic_2022_p1.0.xlsx","Sheet1",118,4.3,"ODP 806_A_1_1_3_5","ODP 806",,,0.3185,159.3613,0.0043,"Trilobatus sacculifer","17.5340570399127","3.88743240265728",,"record 1 retained; record 2 removed/merged"
"boron_isotopes_guillermic_2022_p1.0.xlsx","Sheet1",29,4.3,"ODP 806_A_1_1_3_5","ODP 806",,,0.3185,159.3613,0.0043,"Trilobatus sacculifer","17.5340570399127","3.88743240265728",,"boron_isotopes_guillermic_2022_p1.0.xlsx","Sheet1",207,4.3,"ODP 806_A_1_1_3_5","ODP 806",,,0.3185,159.3613,0.0043,"Trilobatus sacculifer","17.5340570399127","3.88743240265728",,"record 1 retained; record 2 removed/merged"
"boron_isotopes_guillermic_2022_p1.0.xlsx","Sheet1",75,9.84,"ODP 807_A_1_1_20_22","ODP 807",,,3.607,156.6248,0.00984,"Trilobatus sacculifer","18.17,18.38","4.23531932543763",,"boron_isotopes_guillermic_2022_p1.0.xlsx","Sheet1",164,9.84,"ODP 807_A_1_1_20_22","ODP 807",,,3.607,156.6248,0.00984,"Trilobatus sacculifer","18.17,18.38","4.23531932543763",,"record 1 retained; record 2 removed/merged"
"boron_isotopes_guillermic_2022_p1.0.xlsx","Sheet1",75,9.84,"ODP 807_A_1_1_20_22","ODP 807",,,3.607,156.6248,0.00984,"Trilobatus sacculifer","18.17,18.38","4.23531932543763",,"boron_isotopes_guillermic_2022_p1.0.xlsx","Sheet1",253,9.84,"ODP 807_A_1_1_20_22","ODP 807",,,3.607,156.6248,0.00984,"Trilobatus sacculifer","18.17,18.38","4.23531932543763",,"record 1 retained; record 2 removed/merged"
"boron_isotopes_guillermic_2022_p1.0.xlsx","Sheet1",76,14.2,"ODP 807_A_1_1_30_32","ODP 807",,,3.607,156.6248,0.0142,"Trilobatus sacculifer","18.7392493728056","4.27281764382983",,"boron_isotopes_guillermic_2022_p1.0.xlsx","Sheet1",165,14.2,"ODP 807_A_1_1_30_32","ODP 807",,,3.607,156.6248,0.0142,"Trilobatus sacculifer","18.7392493728056","4.27281764382983",,"record 1 retained; record 2 removed/merged"
"boron_isotopes_guillermic_2022_p1.0.xlsx","Sheet1",76,14.2,"ODP 807_A_1_1_30_32","ODP 807",,,3.607,156.6248,0.0142,"Trilobatus sacculifer","18.7392493728056","4.27281764382983",,"boron_isotopes_guillermic_2022_p1.0.xlsx","Sheet1",254,14.2,"ODP 807_A_1_1_30_32","ODP 807",,,3.607,156.6248,0.0142,"Trilobatus sacculifer","18.7392493728056","4.27281764382983",,"record 1 retained; record 2 removed/merged"
"boron_isotopes_guillermic_2022_p1.0.xlsx","Sheet1",77,46.59,"ODP 807_A_1_1_90_92","ODP 807",,,3.607,156.6248,0.04659,"Trilobatus sacculifer","19.076580376431","3.4658848793853",,"boron_isotopes_guillermic_2022_p1.0.xlsx","Sheet1",166,46.59,"ODP 807_A_1_1_90_92","ODP 807",,,3.607,156.6248,0.04659,"Trilobatus sacculifer","19.076580376431","3.4658848793853",,"record 1 retained; record 2 removed/merged"
"boron_isotopes_guillermic_2022_p1.0.xlsx","Sheet1",77,46.59,"ODP 807_A_1_1_90_92","ODP 807",,,3.607,156.6248,0.04659,"Trilobatus sacculifer","19.076580376431","3.4658848793853",,"boron_isotopes_guillermic_2022_p1.0.xlsx","Sheet1",255,46.59,"ODP 807_A_1_1_90_92","ODP 807",,,3.607,156.6248,0.04659,"Trilobatus sacculifer","19.076580376431","3.4658848793853",,"record 1 retained; record 2 removed/merged"
"boron_isotopes_guillermic_2022_p1.0.xlsx","Sheet1",78,78.97,"ODP 807_A_1_2_0_2","ODP 807",,,3.607,156.6248,0.07897,"Trilobatus sacculifer","18.3564217074044","3.44351779669892",,"boron_isotopes_guillermic_2022_p1.0.xlsx","Sheet1",167,78.97,"ODP 807_A_1_2_0_2","ODP 807",,,3.607,156.6248,0.07897,"Trilobatus sacculifer","18.3564217074044","3.44351779669892",,"record 1 retained; record 2 removed/merged"
"boron_isotopes_guillermic_2022_p1.0.xlsx","Sheet1",78,78.97,"ODP 807_A_1_2_0_2","ODP 807",,,3.607,156.6248,0.07897,"Trilobatus sacculifer","18.3564217074044","3.44351779669892",,"boron_isotopes_guillermic_2022_p1.0.xlsx","Sheet1",256,78.97,"ODP 807_A_1_2_0_2","ODP 807",,,3.607,156.6248,0.07897,"Trilobatus sacculifer","18.3564217074044","3.44351779669892",,"record 1 retained; record 2 removed/merged"
"boron_isotopes_guillermic_2022_p1.0.xlsx","Sheet1",30,89.9,"ODP 806_A_1_2_40_42","ODP 806",,,0.3185,159.3613,0.0899,"Trilobatus sacculifer","17.9508659232457","3.81158643236407",,"boron_isotopes_guillermic_2022_p1.0.xlsx","Sheet1",119,89.9,"ODP 806_A_1_2_40_42","ODP 806",,,0.3185,159.3613,0.0899,"Trilobatus sacculifer","17.9508659232457","3.81158643236407",,"record 1 retained; record 2 removed/merged"
"boron_isotopes_guillermic_2022_p1.0.xlsx","Sheet1",30,89.9,"ODP 806_A_1_2_40_42","ODP 806",,,0.3185,159.3613,0.0899,"Trilobatus sacculifer","17.9508659232457","3.81158643236407",,"boron_isotopes_guillermic_2022_p1.0.xlsx","Sheet1",208,89.9,"ODP 806_A_1_2_40_42","ODP 806",,,0.3185,159.3613,0.0899,"Trilobatus sacculifer","17.9508659232457","3.81158643236407",,"record 1 retained; record 2 removed/merged"
"boron_isotopes_guillermic_2022_p1.0.xlsx","Sheet1",31,147.4666667,"ODP 806_B_1_3_2_4","ODP 806",,,0.3185,159.3615,0.1474666667,"Trilobatus sacculifer","18.24,18.29","3.87043462087612",,"boron_isotopes_guillermic_2022_p1.0.xlsx","Sheet1",120,147.4666667,"ODP 806_B_1_3_2_4","ODP 806",,,0.3185,159.3615,0.1474666667,"Trilobatus sacculifer","18.24,18.29","3.87043462087612",,"record 1 retained; record 2 removed/merged"
"boron_isotopes_guillermic_2022_p1.0.xlsx","Sheet1",31,147.4666667,"ODP 806_B_1_3_2_4","ODP 806",,,0.3185,159.3615,0.1474666667,"Trilobatus sacculifer","18.24,18.29","3.87043462087612",,"boron_isotopes_guillermic_2022_p1.0.xlsx","Sheet1",209,147.4666667,"ODP 806_B_1_3_2_4","ODP 806",,,0.3185,159.3615,0.1474666667,"Trilobatus sacculifer","18.24,18.29","3.87043462087612",,"record 1 retained; record 2 removed/merged"
"boron_isotopes_guillermic_2022_p1.0.xlsx","Sheet1",79,182.04,"ODP 807_A_1_3_0_2","ODP 807",,,3.607,156.6248,0.18204,"Trilobatus sacculifer","17.1278948549611","3.25553095257516",,"boron_isotopes_guillermic_2022_p1.0.xlsx","Sheet1",168,182.04,"ODP 807_A_1_3_0_2","ODP 807",,,3.607,156.6248,0.18204,"Trilobatus sacculifer","17.1278948549611","3.25553095257516",,"record 1 retained; record 2 removed/merged"
"boron_isotopes_guillermic_2022_p1.0.xlsx","Sheet1",79,182.04,"ODP 807_A_1_3_0_2","ODP 807",,,3.607,156.6248,0.18204,"Trilobatus sacculifer","17.1278948549611","3.25553095257516",,"boron_isotopes_guillermic_2022_p1.0.xlsx","Sheet1",257,182.04,"ODP 807_A_1_3_0_2","ODP 807",,,3.607,156.6248,0.18204,"Trilobatus sacculifer","17.1278948549611","3.25553095257516",,"record 1 retained; record 2 removed/merged"
"boron_isotopes_guillermic_2022_p1.0.xlsx","Sheet1",80,227.2,"ODP 807_A_1_3_90_92","ODP 807",,,3.607,156.6248,0.2272,"Trilobatus sacculifer","17.53,17.75","3.96187954253761",,"boron_isotopes_guillermic_2022_p1.0.xlsx","Sheet1",169,227.2,"ODP 807_A_1_3_90_92","ODP 807",,,3.607,156.6248,0.2272,"Trilobatus sacculifer","17.53,17.75","3.96187954253761",,"record 1 retained; record 2 removed/merged"
"boron_isotopes_guillermic_2022_p1.0.xlsx","Sheet1",80,227.2,"ODP 807_A_1_3_90_92","ODP 807",,,3.607,156.6248,0.2272,"Trilobatus sacculifer","17.53,17.75","3.96187954253761",,"boron_isotopes_guillermic_2022_p1.0.xlsx","Sheet1",258,227.2,"ODP 807_A_1_3_90_92","ODP 807",,,3.607,156.6248,0.2272,"Trilobatus sacculifer","17.53,17.75","3.96187954253761",,"record 1 retained; record 2 removed/merged"
"boron_isotopes_guillermic_2022_p1.0.xlsx","Sheet1",32,227.25,"ODP 806_B_1_4_23_25","ODP 806",,,0.3185,159.3615,0.22725,"Trilobatus sacculifer","17.37,17.44","4.28890457875965",,"boron_isotopes_guillermic_2022_p1.0.xlsx","Sheet1",121,227.25,"ODP 806_B_1_4_23_25","ODP 806",,,0.3185,159.3615,0.22725,"Trilobatus sacculifer","17.37,17.44","4.28890457875965",,"record 1 retained; record 2 removed/merged"
"boron_isotopes_guillermic_2022_p1.0.xlsx","Sheet1",32,227.25,"ODP 806_B_1_4_23_25","ODP 806",,,0.3185,159.3615,0.22725,"Trilobatus sacculifer","17.37,17.44","4.28890457875965",,"boron_isotopes_guillermic_2022_p1.0.xlsx","Sheet1",210,227.25,"ODP 806_B_1_4_23_25","ODP 806",,,0.3185,159.3615,0.22725,"Trilobatus sacculifer","17.37,17.44","4.28890457875965",,"record 1 retained; record 2 removed/merged"
"boron_isotopes_guillermic_2022_p1.0.xlsx","Sheet1",81,231.2,"ODP 807_A_1_3_100_102","ODP 807",,,3.607,156.6248,0.2312,"Trilobatus sacculifer","16.8265422661253","3.99138579260856",,"boron_isotopes_guillermic_2022_p1.0.xlsx","Sheet1",170,231.2,"ODP 807_A_1_3_100_102","ODP 807",,,3.607,156.6248,0.2312,"Trilobatus sacculifer","16.8265422661253","3.99138579260856",,"record 1 retained; record 2 removed/merged"
"boron_isotopes_guillermic_2022_p1.0.xlsx","Sheet1",81,231.2,"ODP 807_A_1_3_100_102","ODP 807",,,3.607,156.6248,0.2312,"Trilobatus sacculifer","16.8265422661253","3.99138579260856",,"boron_isotopes_guillermic_2022_p1.0.xlsx","Sheet1",259,231.2,"ODP 807_A_1_3_100_102","ODP 807",,,3.607,156.6248,0.2312,"Trilobatus sacculifer","16.8265422661253","3.99138579260856",,"record 1 retained; record 2 removed/merged"
"boron_isotopes_guillermic_2022_p1.0.xlsx","Sheet1",82,342,"ODP 807_A_2_4_0_2","ODP 807",,,3.607,156.6248,0.342,"Trilobatus sacculifer","17.8545919686415","3.58080650094467",,"boron_isotopes_guillermic_2022_p1.0.xlsx","Sheet1",171,342,"ODP 807_A_2_4_0_2","ODP 807",,,3.607,156.6248,0.342,"Trilobatus sacculifer","17.8545919686415","3.58080650094467",,"record 1 retained; record 2 removed/merged"
"boron_isotopes_guillermic_2022_p1.0.xlsx","Sheet1",82,342,"ODP 807_A_2_4_0_2","ODP 807",,,3.607,156.6248,0.342,"Trilobatus sacculifer","17.8545919686415","3.58080650094467",,"boron_isotopes_guillermic_2022_p1.0.xlsx","Sheet1",260,342,"ODP 807_A_2_4_0_2","ODP 807",,,3.607,156.6248,0.342,"Trilobatus sacculifer","17.8545919686415","3.58080650094467",,"record 1 retained; record 2 removed/merged"
"boron_isotopes_guillermic_2022_p1.0.xlsx","Sheet1",83,430.81,"ODP 807_A_2_5_0_2","ODP 807",,,3.607,156.6248,0.43081,"Trilobatus sacculifer","17.6732599985401","3.81841713979394",,"boron_isotopes_guillermic_2022_p1.0.xlsx","Sheet1",172,430.81,"ODP 807_A_2_5_0_2","ODP 807",,,3.607,156.6248,0.43081,"Trilobatus sacculifer","17.6732599985401","3.81841713979394",,"record 1 retained; record 2 removed/merged"
"boron_isotopes_guillermic_2022_p1.0.xlsx","Sheet1",83,430.81,"ODP 807_A_2_5_0_2","ODP 807",,,3.607,156.6248,0.43081,"Trilobatus sacculifer","17.6732599985401","3.81841713979394",,"boron_isotopes_guillermic_2022_p1.0.xlsx","Sheet1",261,430.81,"ODP 807_A_2_5_0_2","ODP 807",,,3.607,156.6248,0.43081,"Trilobatus sacculifer","17.6732599985401","3.81841713979394",,"record 1 retained; record 2 removed/merged"
"boron_isotopes_guillermic_2022_p1.0.xlsx","Sheet1",84,604,"ODP 807_A_2_6_0_2","ODP 807",,,3.607,156.6248,0.604,"Trilobatus sacculifer","17.6381226422233","4.20533422143673",,"boron_isotopes_guillermic_2022_p1.0.xlsx","Sheet1",173,604,"ODP 807_A_2_6_0_2","ODP 807",,,3.607,156.6248,0.604,"Trilobatus sacculifer","17.6381226422233","4.20533422143673",,"record 1 retained; record 2 removed/merged"
"boron_isotopes_guillermic_2022_p1.0.xlsx","Sheet1",84,604,"ODP 807_A_2_6_0_2","ODP 807",,,3.607,156.6248,0.604,"Trilobatus sacculifer","17.6381226422233","4.20533422143673",,"boron_isotopes_guillermic_2022_p1.0.xlsx","Sheet1",262,604,"ODP 807_A_2_6_0_2","ODP 807",,,3.607,156.6248,0.604,"Trilobatus sacculifer","17.6381226422233","4.20533422143673",,"record 1 retained; record 2 removed/merged"
"boron_isotopes_guillermic_2022_p1.0.xlsx","Sheet1",33,794.1,"ODP 806_B_3_1_26_28","ODP 806",,,0.3185,159.3615,0.7941,"Trilobatus sacculifer","19.2624375423482","4.04660589923007",,"boron_isotopes_guillermic_2022_p1.0.xlsx","Sheet1",122,794.1,"ODP 806_B_3_1_26_28","ODP 806",,,0.3185,159.3615,0.7941,"Trilobatus sacculifer","19.2624375423482","4.04660589923007",,"record 1 retained; record 2 removed/merged"
"boron_isotopes_guillermic_2022_p1.0.xlsx","Sheet1",33,794.1,"ODP 806_B_3_1_26_28","ODP 806",,,0.3185,159.3615,0.7941,"Trilobatus sacculifer","19.2624375423482","4.04660589923007",,"boron_isotopes_guillermic_2022_p1.0.xlsx","Sheet1",211,794.1,"ODP 806_B_3_1_26_28","ODP 806",,,0.3185,159.3615,0.7941,"Trilobatus sacculifer","19.2624375423482","4.04660589923007",,"record 1 retained; record 2 removed/merged"
"boron_isotopes_guillermic_2022_p1.0.xlsx","Sheet1",34,796.1,"ODP 806_B_3_1_31_33","ODP 806",,,0.3185,159.3615,0.7961,"Trilobatus sacculifer","18.7095327095224","3.81054430892158",,"boron_isotopes_guillermic_2022_p1.0.xlsx","Sheet1",123,796.1,"ODP 806_B_3_1_31_33","ODP 806",,,0.3185,159.3615,0.7961,"Trilobatus sacculifer","18.7095327095224","3.81054430892158",,"record 1 retained; record 2 removed/merged"
"boron_isotopes_guillermic_2022_p1.0.xlsx","Sheet1",34,796.1,"ODP 806_B_3_1_31_33","ODP 806",,,0.3185,159.3615,0.7961,"Trilobatus sacculifer","18.7095327095224","3.81054430892158",,"boron_isotopes_guillermic_2022_p1.0.xlsx","Sheet1",212,796.1,"ODP 806_B_3_1_31_33","ODP 806",,,0.3185,159.3615,0.7961,"Trilobatus sacculifer","18.7095327095224","3.81054430892158",,"record 1 retained; record 2 removed/merged"
"boron_isotopes_guillermic_2022_p1.0.xlsx","Sheet1",35,823.636,"ODP 806_B_3_1_91_93","ODP 806",,,0.3185,159.3615,0.823636,"Trilobatus sacculifer","18.1547713200123","3.74516946405171",,"boron_isotopes_guillermic_2022_p1.0.xlsx","Sheet1",124,823.636,"ODP 806_B_3_1_91_93","ODP 806",,,0.3185,159.3615,0.823636,"Trilobatus sacculifer","18.1547713200123","3.74516946405171",,"record 1 retained; record 2 removed/merged"
"boron_isotopes_guillermic_2022_p1.0.xlsx","Sheet1",35,823.636,"ODP 806_B_3_1_91_93","ODP 806",,,0.3185,159.3615,0.823636,"Trilobatus sacculifer","18.1547713200123","3.74516946405171",,"boron_isotopes_guillermic_2022_p1.0.xlsx","Sheet1",213,823.636,"ODP 806_B_3_1_91_93","ODP 806",,,0.3185,159.3615,0.823636,"Trilobatus sacculifer","18.1547713200123","3.74516946405171",,"record 1 retained; record 2 removed/merged"
"boron_isotopes_guillermic_2022_p1.0.xlsx","Sheet1",85,857,"ODP 807_A_3_2_0_2","ODP 807",,,3.607,156.6248,0.857,"Trilobatus sacculifer","17.8575847318092","3.7286752109571",,"boron_isotopes_guillermic_2022_p1.0.xlsx","Sheet1",174,857,"ODP 807_A_3_2_0_2","ODP 807",,,3.607,156.6248,0.857,"Trilobatus sacculifer","17.8575847318092","3.7286752109571",,"record 1 retained; record 2 removed/merged"
"boron_isotopes_guillermic_2022_p1.0.xlsx","Sheet1",85,857,"ODP 807_A_3_2_0_2","ODP 807",,,3.607,156.6248,0.857,"Trilobatus sacculifer","17.8575847318092","3.7286752109571",,"boron_isotopes_guillermic_2022_p1.0.xlsx","Sheet1",263,857,"ODP 807_A_3_2_0_2","ODP 807",,,3.607,156.6248,0.857,"Trilobatus sacculifer","17.8575847318092","3.7286752109571",,"record 1 retained; record 2 removed/merged"
"boron_isotopes_guillermic_2022_p1.0.xlsx","Sheet1",36,881.45,"ODP 806_B_3_2_56_58","ODP 806",,,0.3185,159.3615,0.88145,"Trilobatus sacculifer","18.5936570491383","3.19204855842061",,"boron_isotopes_guillermic_2022_p1.0.xlsx","Sheet1",125,881.45,"ODP 806_B_3_2_56_58","ODP 806",,,0.3185,159.3615,0.88145,"Trilobatus sacculifer","18.5936570491383","3.19204855842061",,"record 1 retained; record 2 removed/merged"
"boron_isotopes_guillermic_2022_p1.0.xlsx","Sheet1",36,881.45,"ODP 806_B_3_2_56_58","ODP 806",,,0.3185,159.3615,0.88145,"Trilobatus sacculifer","18.5936570491383","3.19204855842061",,"boron_isotopes_guillermic_2022_p1.0.xlsx","Sheet1",214,881.45,"ODP 806_B_3_2_56_58","ODP 806",,,0.3185,159.3615,0.88145,"Trilobatus sacculifer","18.5936570491383","3.19204855842061",,"record 1 retained; record 2 removed/merged"
"boron_isotopes_guillermic_2022_p1.0.xlsx","Sheet1",4,903.95,"ODP 806_B_3_2_101_103","ODP 806",,,0.3185,159.3615,0.90395,"Globigerinoides ruber","19.0329780437852","3.52588773399394",,"boron_isotopes_guillermic_2022_p1.0.xlsx","Sheet1",93,903.95,"ODP 806_B_3_2_101_103","ODP 806",,,0.3185,159.3615,0.90395,"Globigerinoides ruber","19.0329780437852","3.52588773399394",,"record 1 retained; record 2 removed/merged"
"boron_isotopes_guillermic_2022_p1.0.xlsx","Sheet1",4,903.95,"ODP 806_B_3_2_101_103","ODP 806",,,0.3185,159.3615,0.90395,"Globigerinoides ruber","19.0329780437852","3.52588773399394",,"boron_isotopes_guillermic_2022_p1.0.xlsx","Sheet1",182,903.95,"ODP 806_B_3_2_101_103","ODP 806",,,0.3185,159.3615,0.90395,"Globigerinoides ruber","19.0329780437852","3.52588773399394",,"record 1 retained; record 2 removed/merged"
"boron_isotopes_guillermic_2022_p1.0.xlsx","Sheet1",37,929.75,"ODP 806_B_3_3_11_13","ODP 806",,,0.3185,159.3615,0.92975,"Trilobatus sacculifer","17.5622153630663","3.57333969686183",,"boron_isotopes_guillermic_2022_p1.0.xlsx","Sheet1",126,929.75,"ODP 806_B_3_3_11_13","ODP 806",,,0.3185,159.3615,0.92975,"Trilobatus sacculifer","17.5622153630663","3.57333969686183",,"record 1 retained; record 2 removed/merged"
"boron_isotopes_guillermic_2022_p1.0.xlsx","Sheet1",37,929.75,"ODP 806_B_3_3_11_13","ODP 806",,,0.3185,159.3615,0.92975,"Trilobatus sacculifer","17.5622153630663","3.57333969686183",,"boron_isotopes_guillermic_2022_p1.0.xlsx","Sheet1",215,929.75,"ODP 806_B_3_3_11_13","ODP 806",,,0.3185,159.3615,0.92975,"Trilobatus sacculifer","17.5622153630663","3.57333969686183",,"record 1 retained; record 2 removed/merged"
"boron_isotopes_guillermic_2022_p1.0.xlsx","Sheet1",86,939.67,"ODP 807_A_3_3_0_2","ODP 807",,,3.607,156.6248,0.93967,"Trilobatus sacculifer","17.14,17.56","3.79813435780893",,"boron_isotopes_guillermic_2022_p1.0.xlsx","Sheet1",175,939.67,"ODP 807_A_3_3_0_2","ODP 807",,,3.607,156.6248,0.93967,"Trilobatus sacculifer","17.14,17.56","3.79813435780893",,"record 1 retained; record 2 removed/merged"
"boron_isotopes_guillermic_2022_p1.0.xlsx","Sheet1",86,939.67,"ODP 807_A_3_3_0_2","ODP 807",,,3.607,156.6248,0.93967,"Trilobatus sacculifer","17.14,17.56","3.79813435780893",,"boron_isotopes_guillermic_2022_p1.0.xlsx","Sheet1",264,939.67,"ODP 807_A_3_3_0_2","ODP 807",,,3.607,156.6248,0.93967,"Trilobatus sacculifer","17.14,17.56","3.79813435780893",,"record 1 retained; record 2 removed/merged"
"boron_isotopes_guillermic_2022_p1.0.xlsx","Sheet1",38,989.89,"ODP 806_B_3_4_16_18","ODP 806",,,0.3185,159.3615,0.98989,"Trilobatus sacculifer","17.2869628064316","3.52138089066004",,"boron_isotopes_guillermic_2022_p1.0.xlsx","Sheet1",127,989.89,"ODP 806_B_3_4_16_18","ODP 806",,,0.3185,159.3615,0.98989,"Trilobatus sacculifer","17.2869628064316","3.52138089066004",,"record 1 retained; record 2 removed/merged"
"boron_isotopes_guillermic_2022_p1.0.xlsx","Sheet1",38,989.89,"ODP 806_B_3_4_16_18","ODP 806",,,0.3185,159.3615,0.98989,"Trilobatus sacculifer","17.2869628064316","3.52138089066004",,"boron_isotopes_guillermic_2022_p1.0.xlsx","Sheet1",216,989.89,"ODP 806_B_3_4_16_18","ODP 806",,,0.3185,159.3615,0.98989,"Trilobatus sacculifer","17.2869628064316","3.52138089066004",,"record 1 retained; record 2 removed/merged"
"boron_isotopes_guillermic_2022_p1.0.xlsx","Sheet1",39,991.94,"ODP 806_B_3_4_21_23","ODP 806",,,0.3185,159.3615,0.99194,"Trilobatus sacculifer","18.9402276563053","3.40856309154756",,"boron_isotopes_guillermic_2022_p1.0.xlsx","Sheet1",128,991.94,"ODP 806_B_3_4_21_23","ODP 806",,,0.3185,159.3615,0.99194,"Trilobatus sacculifer","18.9402276563053","3.40856309154756",,"record 1 retained; record 2 removed/merged"
"boron_isotopes_guillermic_2022_p1.0.xlsx","Sheet1",39,991.94,"ODP 806_B_3_4_21_23","ODP 806",,,0.3185,159.3615,0.99194,"Trilobatus sacculifer","18.9402276563053","3.40856309154756",,"boron_isotopes_guillermic_2022_p1.0.xlsx","Sheet1",217,991.94,"ODP 806_B_3_4_21_23","ODP 806",,,0.3185,159.3615,0.99194,"Trilobatus sacculifer","18.9402276563053","3.40856309154756",,"record 1 retained; record 2 removed/merged"
"boron_isotopes_guillermic_2022_p1.0.xlsx","Sheet1",5,1018.59,"ODP 806_B_3_4_86_88","ODP 806",,,0.3185,159.3615,1.01859,"Globigerinoides ruber","20.1817880575663","4.62927861454634",,"boron_isotopes_guillermic_2022_p1.0.xlsx","Sheet1",94,1018.59,"ODP 806_B_3_4_86_88","ODP 806",,,0.3185,159.3615,1.01859,"Globigerinoides ruber","20.1817880575663","4.62927861454634",,"record 1 retained; record 2 removed/merged"
"boron_isotopes_guillermic_2022_p1.0.xlsx","Sheet1",5,1018.59,"ODP 806_B_3_4_86_88","ODP 806",,,0.3185,159.3615,1.01859,"Globigerinoides ruber","20.1817880575663","4.62927861454634",,"boron_isotopes_guillermic_2022_p1.0.xlsx","Sheet1",183,1018.59,"ODP 806_B_3_4_86_88","ODP 806",,,0.3185,159.3615,1.01859,"Globigerinoides ruber","20.1817880575663","4.62927861454634",,"record 1 retained; record 2 removed/merged"
"boron_isotopes_guillermic_2022_p1.0.xlsx","Sheet1",6,1045.7,"ODP 806_B_3_5_6_8","ODP 806",,,0.3185,159.3615,1.0457,"Globigerinoides ruber","18.6322992939878","3.26937790709548",,"boron_isotopes_guillermic_2022_p1.0.xlsx","Sheet1",95,1045.7,"ODP 806_B_3_5_6_8","ODP 806",,,0.3185,159.3615,1.0457,"Globigerinoides ruber","18.6322992939878","3.26937790709548",,"record 1 retained; record 2 removed/merged"
"boron_isotopes_guillermic_2022_p1.0.xlsx","Sheet1",6,1045.7,"ODP 806_B_3_5_6_8","ODP 806",,,0.3185,159.3615,1.0457,"Globigerinoides ruber","18.6322992939878","3.26937790709548",,"boron_isotopes_guillermic_2022_p1.0.xlsx","Sheet1",184,1045.7,"ODP 806_B_3_5_6_8","ODP 806",,,0.3185,159.3615,1.0457,"Globigerinoides ruber","18.6322992939878","3.26937790709548",,"record 1 retained; record 2 removed/merged"
"boron_isotopes_guillermic_2022_p1.0.xlsx","Sheet1",40,1048.34,"ODP 806_B_3_5_31_33","ODP 806",,,0.3185,159.3615,1.04834,"Trilobatus sacculifer","18.6868297497487","3.22411493156574",,"boron_isotopes_guillermic_2022_p1.0.xlsx","Sheet1",129,1048.34,"ODP 806_B_3_5_31_33","ODP 806",,,0.3185,159.3615,1.04834,"Trilobatus sacculifer","18.6868297497487","3.22411493156574",,"record 1 retained; record 2 removed/merged"
"boron_isotopes_guillermic_2022_p1.0.xlsx","Sheet1",40,1048.34,"ODP 806_B_3_5_31_33","ODP 806",,,0.3185,159.3615,1.04834,"Trilobatus sacculifer","18.6868297497487","3.22411493156574",,"boron_isotopes_guillermic_2022_p1.0.xlsx","Sheet1",218,1048.34,"ODP 806_B_3_5_31_33","ODP 806",,,0.3185,159.3615,1.04834,"Trilobatus sacculifer","18.6868297497487","3.22411493156574",,"record 1 retained; record 2 removed/merged"
"boron_isotopes_guillermic_2022_p1.0.xlsx","Sheet1",7,1053.7,"ODP 806_B_3_5_26_28","ODP 806",,,0.3185,159.3615,1.0537,"Globigerinoides ruber","19.1446692355539","3.3228677904112",,"boron_isotopes_guillermic_2022_p1.0.xlsx","Sheet1",96,1053.7,"ODP 806_B_3_5_26_28","ODP 806",,,0.3185,159.3615,1.0537,"Globigerinoides ruber","19.1446692355539","3.3228677904112",,"record 1 retained; record 2 removed/merged"
"boron_isotopes_guillermic_2022_p1.0.xlsx","Sheet1",7,1053.7,"ODP 806_B_3_5_26_28","ODP 806",,,0.3185,159.3615,1.0537,"Globigerinoides ruber","19.1446692355539","3.3228677904112",,"boron_isotopes_guillermic_2022_p1.0.xlsx","Sheet1",185,1053.7,"ODP 806_B_3_5_26_28","ODP 806",,,0.3185,159.3615,1.0537,"Globigerinoides ruber","19.1446692355539","3.3228677904112",,"record 1 retained; record 2 removed/merged"
"boron_isotopes_guillermic_2022_p1.0.xlsx","Sheet1",41,1233.36,"ODP 806_B_4_1_56_58","ODP 806",,,0.3185,159.3615,1.23336,"Trilobatus sacculifer","17.2919165003023","4.07316327729619",,"boron_isotopes_guillermic_2022_p1.0.xlsx","Sheet1",130,1233.36,"ODP 806_B_4_1_56_58","ODP 806",,,0.3185,159.3615,1.23336,"Trilobatus sacculifer","17.2919165003023","4.07316327729619",,"record 1 retained; record 2 removed/merged"
"boron_isotopes_guillermic_2022_p1.0.xlsx","Sheet1",41,1233.36,"ODP 806_B_4_1_56_58","ODP 806",,,0.3185,159.3615,1.23336,"Trilobatus sacculifer","17.2919165003023","4.07316327729619",,"boron_isotopes_guillermic_2022_p1.0.xlsx","Sheet1",219,1233.36,"ODP 806_B_4_1_56_58","ODP 806",,,0.3185,159.3615,1.23336,"Trilobatus sacculifer","17.2919165003023","4.07316327729619",,"record 1 retained; record 2 removed/merged"
"boron_isotopes_guillermic_2022_p1.0.xlsx","Sheet1",8,1240.26,"ODP 806_B_4_1_71_73","ODP 806",,,0.3185,159.3615,1.24026,"Globigerinoides ruber","18.1452447731421","3.47405982580486",,"boron_isotopes_guillermic_2022_p1.0.xlsx","Sheet1",97,1240.26,"ODP 806_B_4_1_71_73","ODP 806",,,0.3185,159.3615,1.24026,"Globigerinoides ruber","18.1452447731421","3.47405982580486",,"record 1 retained; record 2 removed/merged"
"boron_isotopes_guillermic_2022_p1.0.xlsx","Sheet1",8,1240.26,"ODP 806_B_4_1_71_73","ODP 806",,,0.3185,159.3615,1.24026,"Globigerinoides ruber","18.1452447731421","3.47405982580486",,"boron_isotopes_guillermic_2022_p1.0.xlsx","Sheet1",186,1240.26,"ODP 806_B_4_1_71_73","ODP 806",,,0.3185,159.3615,1.24026,"Globigerinoides ruber","18.1452447731421","3.47405982580486",,"record 1 retained; record 2 removed/merged"
"boron_isotopes_guillermic_2022_p1.0.xlsx","Sheet1",9,1266.95,"ODP 806_B_4_1_131_133","ODP 806",,,0.3185,159.3615,1.26695,"Globigerinoides ruber","18.2484335256934","3.86862498452528",,"boron_isotopes_guillermic_2022_p1.0.xlsx","Sheet1",98,1266.95,"ODP 806_B_4_1_131_133","ODP 806",,,0.3185,159.3615,1.26695,"Globigerinoides ruber","18.2484335256934","3.86862498452528",,"record 1 retained; record 2 removed/merged"
"boron_isotopes_guillermic_2022_p1.0.xlsx","Sheet1",9,1266.95,"ODP 806_B_4_1_131_133","ODP 806",,,0.3185,159.3615,1.26695,"Globigerinoides ruber","18.2484335256934","3.86862498452528",,"boron_isotopes_guillermic_2022_p1.0.xlsx","Sheet1",187,1266.95,"ODP 806_B_4_1_131_133","ODP 806",,,0.3185,159.3615,1.26695,"Globigerinoides ruber","18.2484335256934","3.86862498452528",,"record 1 retained; record 2 removed/merged"
"boron_isotopes_guillermic_2022_p1.0.xlsx","Sheet1",42,1273.539326,"ODP 806_B_4_1_146_148","ODP 806",,,0.3185,159.3615,1.273539326,"Trilobatus sacculifer","17.08260880785","3.60761393808757",,"boron_isotopes_guillermic_2022_p1.0.xlsx","Sheet1",131,1273.539326,"ODP 806_B_4_1_146_148","ODP 806",,,0.3185,159.3615,1.273539326,"Trilobatus sacculifer","17.08260880785","3.60761393808757",,"record 1 retained; record 2 removed/merged"
"boron_isotopes_guillermic_2022_p1.0.xlsx","Sheet1",42,1273.539326,"ODP 806_B_4_1_146_148","ODP 806",,,0.3185,159.3615,1.273539326,"Trilobatus sacculifer","17.08260880785","3.60761393808757",,"boron_isotopes_guillermic_2022_p1.0.xlsx","Sheet1",220,1273.539326,"ODP 806_B_4_1_146_148","ODP 806",,,0.3185,159.3615,1.273539326,"Trilobatus sacculifer","17.08260880785","3.60761393808757",,"record 1 retained; record 2 removed/merged"
"boron_isotopes_guillermic_2022_p1.0.xlsx","Sheet1",87,1278,"ODP 807_A_3_7_0_2","ODP 807",,,3.607,156.6248,1.278,"Trilobatus sacculifer","17.9142227820197","4.14937609344839",,"boron_isotopes_guillermic_2022_p1.0.xlsx","Sheet1",176,1278,"ODP 807_A_3_7_0_2","ODP 807",,,3.607,156.6248,1.278,"Trilobatus sacculifer","17.9142227820197","4.14937609344839",,"record 1 retained; record 2 removed/merged"
"boron_isotopes_guillermic_2022_p1.0.xlsx","Sheet1",87,1278,"ODP 807_A_3_7_0_2","ODP 807",,,3.607,156.6248,1.278,"Trilobatus sacculifer","17.9142227820197","4.14937609344839",,"boron_isotopes_guillermic_2022_p1.0.xlsx","Sheet1",265,1278,"ODP 807_A_3_7_0_2","ODP 807",,,3.607,156.6248,1.278,"Trilobatus sacculifer","17.9142227820197","4.14937609344839",,"record 1 retained; record 2 removed/merged"
"boron_isotopes_guillermic_2022_p1.0.xlsx","Sheet1",43,1426.78601773634,"ODP 806_A_4_4_35_37","ODP 806",,,0.3185,159.3613,1.42678601773634,"Trilobatus sacculifer","16.8949510377319","4.2442135305381",,"boron_isotopes_guillermic_2022_p1.0.xlsx","Sheet1",132,1426.78601773634,"ODP 806_A_4_4_35_37","ODP 806",,,0.3185,159.3613,1.42678601773634,"Trilobatus sacculifer","16.8949510377319","4.2442135305381",,"record 1 retained; record 2 removed/merged"
"boron_isotopes_guillermic_2022_p1.0.xlsx","Sheet1",43,1426.78601773634,"ODP 806_A_4_4_35_37","ODP 806",,,0.3185,159.3613,1.42678601773634,"Trilobatus sacculifer","16.8949510377319","4.2442135305381",,"boron_isotopes_guillermic_2022_p1.0.xlsx","Sheet1",221,1426.78601773634,"ODP 806_A_4_4_35_37","ODP 806",,,0.3185,159.3613,1.42678601773634,"Trilobatus sacculifer","16.8949510377319","4.2442135305381",,"record 1 retained; record 2 removed/merged"
"boron_isotopes_guillermic_2022_p1.0.xlsx","Sheet1",10,1637.58137812951,"ODP 806_B_5_1_41_43","ODP 806",,,0.3185,159.3615,1.63758137812951,"Globigerinoides ruber","20.1195201609803","3.84992756008625",,"boron_isotopes_guillermic_2022_p1.0.xlsx","Sheet1",99,1637.58137812951,"ODP 806_B_5_1_41_43","ODP 806",,,0.3185,159.3615,1.63758137812951,"Globigerinoides ruber","20.1195201609803","3.84992756008625",,"record 1 retained; record 2 removed/merged"
"boron_isotopes_guillermic_2022_p1.0.xlsx","Sheet1",10,1637.58137812951,"ODP 806_B_5_1_41_43","ODP 806",,,0.3185,159.3615,1.63758137812951,"Globigerinoides ruber","20.1195201609803","3.84992756008625",,"boron_isotopes_guillermic_2022_p1.0.xlsx","Sheet1",188,1637.58137812951,"ODP 806_B_5_1_41_43","ODP 806",,,0.3185,159.3615,1.63758137812951,"Globigerinoides ruber","20.1195201609803","3.84992756008625",,"record 1 retained; record 2 removed/merged"
"boron_isotopes_guillermic_2022_p1.0.xlsx","Sheet1",11,1933.09566986964,"ODP 806_B_5_6_23_25","ODP 806",,,0.3185,159.3615,1.93309566986964,"Globigerinoides ruber","17.9667271862851","4.10858232087299",,"boron_isotopes_guillermic_2022_p1.0.xlsx","Sheet1",100,1933.09566986964,"ODP 806_B_5_6_23_25","ODP 806",,,0.3185,159.3615,1.93309566986964,"Globigerinoides ruber","17.9667271862851","4.10858232087299",,"record 1 retained; record 2 removed/merged"
"boron_isotopes_guillermic_2022_p1.0.xlsx","Sheet1",11,1933.09566986964,"ODP 806_B_5_6_23_25","ODP 806",,,0.3185,159.3615,1.93309566986964,"Globigerinoides ruber","17.9667271862851","4.10858232087299",,"boron_isotopes_guillermic_2022_p1.0.xlsx","Sheet1",189,1933.09566986964,"ODP 806_B_5_6_23_25","ODP 806",,,0.3185,159.3615,1.93309566986964,"Globigerinoides ruber","17.9667271862851","4.10858232087299",,"record 1 retained; record 2 removed/merged"
"boron_isotopes_foster_2008_p1.0.xlsx","Sheet1",26,2008,"ODP 999_A____","ODP 999",,3.31,12.75,-78.73,0.0763,"Globigerinoides ruber (ss)","20.85,20.92",,0.0700000000000003,"boron_isotopes_foster_2008_p1.0.xlsx","Sheet1",27,2008,"ODP 999_A____","ODP 999",,3.56,12.75,-78.73,0.083,"Globigerinoides ruber (ss)","20.75,21.02",,0.27,"ambiguous: both retained; human review needed"
"boron_isotopes_anagnostou_2016_p1.0.xlsx","Sheet1",4,2016,"TDP3__5_1_0_24","TDP3",,,-8.856207,39.4609115730766,53.2,"Acarinina wilcoxensis",,,,"boron_isotopes_anagnostou_2016_p1.0.xlsx","Sheet1",9,2016,"TDP3__5_1_0_24","TDP3",,,-8.856207,39.4609115730766,53.2,"Acarinina wilcoxensis",,,,"record 1 retained; record 2 removed/merged"
"boron_isotopes_anagnostou_2016_p1.0.xlsx","Sheet1",5,2016,"TDP2__19_1_90_100","TDP2",,,-8.917714,39.5036471236085,45.6,"Pearsonites sp.",,,,"boron_isotopes_anagnostou_2016_p1.0.xlsx","Sheet1",10,2016,"TDP2__19_1_90_100","TDP2",,,-8.917714,39.5036471236085,45.6,"Pearsonites sp.",,,,"record 1 retained; record 2 removed/merged"
"boron_isotopes_anagnostou_2016_p1.0.xlsx","Sheet1",6,2016,"TDP2__9_3_90_100","TDP2",,,-8.917714,39.5036471236085,44.4,"Guembelitrioides nuttalli/ Globigerinatheka transition",,,,"boron_isotopes_anagnostou_2016_p1.0.xlsx","Sheet1",11,2016,"TDP2__9_3_90_100","TDP2",,,-8.917714,39.5036471236085,44.4,"Guembelitrioides nuttalli/ Globigerinatheka transition",,,,"record 1 retained; record 2 removed/merged"
"boron_isotopes_anagnostou_2016_p1.0.xlsx","Sheet1",8,2016,"TDP18__18_2_44, 62, 78_54, 70, 81","TDP18",,,-9.265237,39.5338952880011,40.3,"Morozovelloides lehneri",,,,"boron_isotopes_anagnostou_2016_p1.0.xlsx","Sheet1",13,2016,"TDP18__18_2_44, 62, 78_54, 70, 81","TDP18",,,-9.265237,39.5338952880011,40.3,"Morozovelloides lehneri",,,,"record 1 retained; record 2 removed/merged"
"boron_isotopes_seki_2010_p1.0.xlsx","Sheet1",4,2010,"999_A_1_1_4_5","999",0.05,,12.744,-78.7393,0.004,"Globigerinoides ruber","20.62,20.71",,0.0899999999999999,"boron_isotopes_chalk_2017_p1.0.xlsx","Sheet1",4,2017,"ODP 999_A_1_1_4_5","ODP 999",0.045,0.045,12.74,-78.74,0.003911025047,"Globigerinoides ruber white (sensu stricto)",,,,"ambiguous: both retained; human review needed"
"boron_isotopes_seki_2010_p1.0.xlsx","Sheet1",16,2010,"999_A_1_1_4_5","999",0.05,,12.744,-78.7393,0.004,"Globigerinoides sacculifer","19.13,19.2",,0.0700000000000003,"boron_isotopes_sosdian_2018_p1.0.xlsx","Sheet1",50,2018,"999_A_1_1_4_5","999",0.05,,12.744,-78.7393,0.00166,"Globigerinoides sacculifer","19.13,19.2",,0.0700000000000003,"ambiguous: both retained; human review needed"
"boron_isotopes_seki_2010_p1.0.xlsx","Sheet1",17,2010,"999_A_4_4_33_35","999",31.43,,12.744,-78.7393,0.9,"Globigerinoides sacculifer","18.93,19.06",,0.129999999999999,"boron_isotopes_sosdian_2018_p1.0.xlsx","Sheet1",51,2018,"999_A_4_4_33_35","999",31.43,,12.744,-78.7393,0.930471170405786,"Globigerinoides sacculifer","18.93,19.06",,0.129999999999999,"ambiguous: both retained; human review needed"
"boron_isotopes_seki_2010_p1.0.xlsx","Sheet1",18,2010,"999_A_6_3_108_110","999",49.68,,12.744,-78.7393,1.5,"Globigerinoides sacculifer","19.73,19.81",,0.0799999999999983,"boron_isotopes_sosdian_2018_p1.0.xlsx","Sheet1",52,2018,"999_A_6_3_108_110","999",49.68,,12.744,-78.7393,1.4262647001579,"Globigerinoides sacculifer","19.73,19.81",,0.0799999999999983,"ambiguous: both retained; human review needed"
"boron_isotopes_seki_2010_p1.0.xlsx","Sheet1",19,2010,"999_A_8_4_51_53","999",69.61,,12.744,-78.7393,2.109,"Globigerinoides sacculifer","17.79,17.85",,0.0600000000000023,"boron_isotopes_sosdian_2018_p1.0.xlsx","Sheet1",53,2018,"999_A_8_4_51_53","999",69.61,,12.744,-78.7393,2.01928793751238,"Globigerinoides sacculifer","17.79,17.85",,0.0600000000000023,"ambiguous: both retained; human review needed"
"boron_isotopes_seki_2010_p1.0.xlsx","Sheet1",20,2010,"999_A_11_3_13_15","999",96.23,,12.744,-78.7393,2.985,"Globigerinoides sacculifer","18.09,18.32",,0.23,"boron_isotopes_sosdian_2018_p1.0.xlsx","Sheet1",54,2018,"999_A_11_3_13_15","999",96.23,,12.744,-78.7393,2.94122261078642,"Globigerinoides sacculifer","18.09,18.32",,0.23,"ambiguous: both retained; human review needed"
"boron_isotopes_seki_2010_p1.0.xlsx","Sheet1",21,2010,"999_A_12_1_81_83","999",103.41,,12.744,-78.7393,3.229,"Globigerinoides sacculifer","17.86,18.14",,0.280000000000001,"boron_isotopes_sosdian_2018_p1.0.xlsx","Sheet1",55,2018,"999_A_12_1_81_83","999",103.41,,12.744,-78.7393,3.20440420423842,"Globigerinoides sacculifer","17.86,18.14",,0.280000000000001,"ambiguous: both retained; human review needed"
"boron_isotopes_seki_2010_p1.0.xlsx","Sheet1",22,2010,"999_A_14_4_52_54","999",126.62,,12.744,-78.7393,4.028,"Globigerinoides sacculifer","17.71,17.76",,0.0500000000000007,"boron_isotopes_sosdian_2018_p1.0.xlsx","Sheet1",56,2018,"999_A_14_4_52_54","999",126.62,,12.744,-78.7393,4.00317681138602,"Globigerinoides sacculifer","17.71,17.76",,0.0500000000000007,"ambiguous: both retained; human review needed"
"boron_isotopes_seki_2010_p1.0.xlsx","Sheet1",23,2010,"999_A_15_3_53_55","999",134.63,,12.744,-78.7393,4.342,"Globigerinoides sacculifer","17.84,17.99",,0.149999999999999,"boron_isotopes_sosdian_2018_p1.0.xlsx","Sheet1",57,2018,"999_A_15_3_53_55","999",134.63,,12.744,-78.7393,4.22570892817334,"Globigerinoides sacculifer","17.84,17.99",,0.149999999999999,"ambiguous: both retained; human review needed"
"boron_isotopes_seki_2010_p1.0.xlsx","Sheet1",4,2010,"999_A_1_1_4_5","999",0.05,,12.744,-78.7393,0.004,"Globigerinoides ruber","20.62,20.71",,0.0899999999999999,"boron_isotopes_sosdian_2018_p1.0.xlsx","Sheet1",109,2018,"ODP 999_A_1_1_4_5","ODP 999",0.045,0.045,12.74,-78.74,0.003911025047,"Globigerinoides ruber white (sensu stricto)",,,,"ambiguous: both retained; human review needed"
"boron_isotopes_chalk_2017_p1.0.xlsx","Sheet1",4,2017,"ODP 999_A_1_1_4_5","ODP 999",0.045,0.045,12.74,-78.74,0.003911025047,"Globigerinoides ruber white (sensu stricto)",,,,"boron_isotopes_sosdian_2018_p1.0.xlsx","Sheet1",109,2018,"ODP 999_A_1_1_4_5","ODP 999",0.045,0.045,12.74,-78.74,0.003911025047,"Globigerinoides ruber white (sensu stricto)",,,,"ambiguous: both retained; human review needed"
"boron_isotopes_chalk_2017_p1.0.xlsx","Sheet1",5,2017,"ODP 999_A_1_1_11_13","ODP 999",0.11,0.11,12.74,-78.74,0.00463,"Globigerinoides ruber white (sensu stricto)",,,,"boron_isotopes_sosdian_2018_p1.0.xlsx","Sheet1",110,2018,"ODP 999_A_1_1_11_13","ODP 999",0.11,0.11,12.74,-78.74,0.00463,"Globigerinoides ruber white (sensu stricto)",,,,"ambiguous: both retained; human review needed"
"boron_isotopes_chalk_2017_p1.0.xlsx","Sheet1",6,2017,"ODP 999_A_1_1_14.5_16.5","ODP 999",0.145,0.145,12.74,-78.74,0.00502,"Globigerinoides ruber white (sensu stricto)",,,,"boron_isotopes_sosdian_2018_p1.0.xlsx","Sheet1",111,2018,"ODP 999_A_1_1_14.5_16.5","ODP 999",0.145,0.145,12.74,-78.74,0.00502,"Globigerinoides ruber white (sensu stricto)",,,,"ambiguous: both retained; human review needed"
"boron_isotopes_chalk_2017_p1.0.xlsx","Sheet1",7,2017,"ODP 999_A_1_1_31_33","ODP 999",0.31,0.31,12.74,-78.74,0.00782,"Globigerinoides ruber white (sensu stricto)",,,,"boron_isotopes_sosdian_2018_p1.0.xlsx","Sheet1",112,2018,"ODP 999_A_1_1_31_33","ODP 999",0.31,0.31,12.74,-78.74,0.00782,"Globigerinoides ruber white (sensu stricto)",,,,"ambiguous: both retained; human review needed"
"boron_isotopes_chalk_2017_p1.0.xlsx","Sheet1",8,2017,"ODP 999_A_1_1_31_33","ODP 999",0.31,0.31,12.74,-78.74,0.00782,"Globigerinoides ruber white (sensu stricto)",,,,"boron_isotopes_sosdian_2018_p1.0.xlsx","Sheet1",113,2018,"ODP 999_A_1_1_31_33","ODP 999",0.31,0.31,12.74,-78.74,0.00782,"Globigerinoides ruber white (sensu stricto)",,,,"ambiguous: both retained; human review needed"
"boron_isotopes_chalk_2017_p1.0.xlsx","Sheet1",9,2017,"ODP 999_A_1_1_39_41","ODP 999",0.39,0.39,12.74,-78.74,0.00949,"Globigerinoides ruber white (sensu stricto)",,,,"boron_isotopes_sosdian_2018_p1.0.xlsx","Sheet1",114,2018,"ODP 999_A_1_1_39_41","ODP 999",0.39,0.39,12.74,-78.74,0.00949,"Globigerinoides ruber white (sensu stricto)",,,,"ambiguous: both retained; human review needed"
"boron_isotopes_chalk_2017_p1.0.xlsx","Sheet1",10,2017,"ODP 999_A_1_1_43_45","ODP 999",0.43,0.43,12.74,-78.74,0.01032,"Globigerinoides ruber white (sensu stricto)",,,,"boron_isotopes_sosdian_2018_p1.0.xlsx","Sheet1",115,2018,"ODP 999_A_1_1_43_45","ODP 999",0.43,0.43,12.74,-78.74,0.01032,"Globigerinoides ruber white (sensu stricto)",,,,"ambiguous: both retained; human review needed"
"boron_isotopes_chalk_2017_p1.0.xlsx","Sheet1",11,2017,"ODP 999_A_1_1_48_50","ODP 999",0.48,0.48,12.74,-78.74,0.01165,"Globigerinoides ruber white (sensu stricto)",,,,"boron_isotopes_sosdian_2018_p1.0.xlsx","Sheet1",116,2018,"ODP 999_A_1_1_48_50","ODP 999",0.48,0.48,12.74,-78.74,0.01165,"Globigerinoides ruber white (sensu stricto)",,,,"ambiguous: both retained; human review needed"
"boron_isotopes_chalk_2017_p1.0.xlsx","Sheet1",12,2017,"ODP 999_A_1_1_57_59","ODP 999",0.57,0.57,12.74,-78.74,0.01401,"Globigerinoides ruber white (sensu stricto)",,,,"boron_isotopes_sosdian_2018_p1.0.xlsx","Sheet1",117,2018,"ODP 999_A_1_1_57_59","ODP 999",0.57,0.57,12.74,-78.74,0.01401,"Globigerinoides ruber white (sensu stricto)",,,,"ambiguous: both retained; human review needed"
"boron_isotopes_chalk_2017_p1.0.xlsx","Sheet1",13,2017,"ODP 999_A_1_1_61_63","ODP 999",0.61,0.61,12.74,-78.74,0.01507,"Globigerinoides ruber white (sensu stricto)",,,,"boron_isotopes_sosdian_2018_p1.0.xlsx","Sheet1",118,2018,"ODP 999_A_1_1_61_63","ODP 999",0.61,0.61,12.74,-78.74,0.01507,"Globigerinoides ruber white (sensu stricto)",,,,"ambiguous: both retained; human review needed"
"boron_isotopes_chalk_2017_p1.0.xlsx","Sheet1",14,2017,"ODP 999_A_1_1_61_63","ODP 999",0.61,0.61,12.74,-78.74,0.01507,"Globigerinoides ruber white (sensu stricto)",,,,"boron_isotopes_sosdian_2018_p1.0.xlsx","Sheet1",119,2018,"ODP 999_A_1_1_61_63","ODP 999",0.61,0.61,12.74,-78.74,0.01507,"Globigerinoides ruber white (sensu stricto)",,,,"ambiguous: both retained; human review needed"
"boron_isotopes_chalk_2017_p1.0.xlsx","Sheet1",15,2017,"ODP 999_A_1_1_71_73","ODP 999",0.71,0.71,12.74,-78.74,0.01726,"Globigerinoides ruber white (sensu stricto)",,,,"boron_isotopes_sosdian_2018_p1.0.xlsx","Sheet1",120,2018,"ODP 999_A_1_1_71_73","ODP 999",0.71,0.71,12.74,-78.74,0.01726,"Globigerinoides ruber white (sensu stricto)",,,,"ambiguous: both retained; human review needed"
"boron_isotopes_chalk_2017_p1.0.xlsx","Sheet1",16,2017,"ODP 999_A_1_1_82_84","ODP 999",0.82,0.82,12.74,-78.74,0.01919,"Globigerinoides ruber white (sensu stricto)",,,,"boron_isotopes_sosdian_2018_p1.0.xlsx","Sheet1",121,2018,"ODP 999_A_1_1_82_84","ODP 999",0.82,0.82,12.74,-78.74,0.01919,"Globigerinoides ruber white (sensu stricto)",,,,"ambiguous: both retained; human review needed"
"boron_isotopes_chalk_2017_p1.0.xlsx","Sheet1",17,2017,"ODP 999_A_1_1_93_95","ODP 999",0.93,0.93,12.74,-78.74,0.02112,"Globigerinoides ruber white (sensu stricto)",,,,"boron_isotopes_sosdian_2018_p1.0.xlsx","Sheet1",122,2018,"ODP 999_A_1_1_93_95","ODP 999",0.93,0.93,12.74,-78.74,0.02112,"Globigerinoides ruber white (sensu stricto)",,,,"ambiguous: both retained; human review needed"
"boron_isotopes_chalk_2017_p1.0.xlsx","Sheet1",18,2017,"ODP 999_A_1_1_102_104","ODP 999",1.02,1.02,12.74,-78.74,0.02261,"Globigerinoides ruber white (sensu stricto)",,,,"boron_isotopes_sosdian_2018_p1.0.xlsx","Sheet1",123,2018,"ODP 999_A_1_1_102_104","ODP 999",1.02,1.02,12.74,-78.74,0.02261,"Globigerinoides ruber white (sensu stricto)",,,,"ambiguous: both retained; human review needed"
"boron_isotopes_chalk_2017_p1.0.xlsx","Sheet1",19,2017,"ODP 999_A_1_1_113_115","ODP 999",1.13,1.13,12.74,-78.74,0.02438,"Globigerinoides ruber white (sensu stricto)",,,,"boron_isotopes_sosdian_2018_p1.0.xlsx","Sheet1",124,2018,"ODP 999_A_1_1_113_115","ODP 999",1.13,1.13,12.74,-78.74,0.02438,"Globigerinoides ruber white (sensu stricto)",,,,"ambiguous: both retained; human review needed"
"boron_isotopes_chalk_2017_p1.0.xlsx","Sheet1",20,2017,"ODP 999_A_1_1_120_122","ODP 999",1.2,1.2,12.74,-78.74,0.02551,"Globigerinoides ruber white (sensu stricto)",,,,"boron_isotopes_sosdian_2018_p1.0.xlsx","Sheet1",125,2018,"ODP 999_A_1_1_120_122","ODP 999",1.2,1.2,12.74,-78.74,0.02551,"Globigerinoides ruber white (sensu stricto)",,,,"ambiguous: both retained; human review needed"
"boron_isotopes_chalk_2017_p1.0.xlsx","Sheet1",21,2017,"ODP 999_A_1_1_120_122","ODP 999",1.2,1.2,12.74,-78.74,0.02551,"Globigerinoides ruber white (sensu stricto)",,,,"boron_isotopes_sosdian_2018_p1.0.xlsx","Sheet1",126,2018,"ODP 999_A_1_1_120_122","ODP 999",1.2,1.2,12.74,-78.74,0.02551,"Globigerinoides ruber white (sensu stricto)",,,,"ambiguous: both retained; human review needed"
"boron_isotopes_chalk_2017_p1.0.xlsx","Sheet1",22,2017,"ODP 999_A_1_2_20_22","ODP 999",1.72,1.72,12.74,-78.74,0.03582,"Globigerinoides ruber white (sensu stricto)",,,,"boron_isotopes_sosdian_2018_p1.0.xlsx","Sheet1",127,2018,"ODP 999_A_1_2_20_22","ODP 999",1.72,1.72,12.74,-78.74,0.03582,"Globigerinoides ruber white (sensu stricto)",,,,"ambiguous: both retained; human review needed"
"boron_isotopes_chalk_2017_p1.0.xlsx","Sheet1",23,2017,"ODP 999_A_1_2_61_63","ODP 999",2.13,2.13,12.74,-78.74,0.04661,"Globigerinoides ruber white (sensu stricto)",,,,"boron_isotopes_sosdian_2018_p1.0.xlsx","Sheet1",128,2018,"ODP 999_A_1_2_61_63","ODP 999",2.13,2.13,12.74,-78.74,0.04661,"Globigerinoides ruber white (sensu stricto)",,,,"ambiguous: both retained; human review needed"
"boron_isotopes_chalk_2017_p1.0.xlsx","Sheet1",24,2017,"ODP 999_A_1_2_82_84","ODP 999",2.34,2.34,12.74,-78.74,0.05214,"Globigerinoides ruber white (sensu stricto)",,,,"boron_isotopes_sosdian_2018_p1.0.xlsx","Sheet1",129,2018,"ODP 999_A_1_2_82_84","ODP 999",2.34,2.34,12.74,-78.74,0.05214,"Globigerinoides ruber white (sensu stricto)",,,,"ambiguous: both retained; human review needed"
"boron_isotopes_chalk_2017_p1.0.xlsx","Sheet1",25,2017,"ODP 999_A_1_2_119_121","ODP 999",2.71,2.71,12.74,-78.74,0.06128,"Globigerinoides ruber white (sensu stricto)",,,,"boron_isotopes_sosdian_2018_p1.0.xlsx","Sheet1",130,2018,"ODP 999_A_1_2_119_121","ODP 999",2.71,2.71,12.74,-78.74,0.06128,"Globigerinoides ruber white (sensu stricto)",,,,"ambiguous: both retained; human review needed"
"boron_isotopes_chalk_2017_p1.0.xlsx","Sheet1",26,2017,"ODP 999_A_1_3_29_31","ODP 999",3.31,3.31,12.74,-78.74,0.0773,"Globigerinoides ruber white (sensu stricto)",,,,"boron_isotopes_sosdian_2018_p1.0.xlsx","Sheet1",131,2018,"ODP 999_A_1_3_29_31","ODP 999",3.31,3.31,12.74,-78.74,0.0773,"Globigerinoides ruber white (sensu stricto)",,,,"ambiguous: both retained; human review needed"
"boron_isotopes_chalk_2017_p1.0.xlsx","Sheet1",27,2017,"ODP 999_A_1_3_54_56","ODP 999",3.56,3.56,12.74,-78.74,0.08433,"Globigerinoides ruber white (sensu stricto)",,,,"boron_isotopes_sosdian_2018_p1.0.xlsx","Sheet1",132,2018,"ODP 999_A_1_3_54_56","ODP 999",3.56,3.56,12.74,-78.74,0.08433,"Globigerinoides ruber white (sensu stricto)",,,,"ambiguous: both retained; human review needed"
"boron_isotopes_chalk_2017_p1.0.xlsx","Sheet1",28,2017,"ODP 999_A_1_3_71_73","ODP 999",3.73,3.73,12.74,-78.74,0.08911,"Globigerinoides ruber white (sensu stricto)",,,,"boron_isotopes_sosdian_2018_p1.0.xlsx","Sheet1",133,2018,"ODP 999_A_1_3_71_73","ODP 999",3.73,3.73,12.74,-78.74,0.08911,"Globigerinoides ruber white (sensu stricto)",,,,"ambiguous: both retained; human review needed"
"boron_isotopes_chalk_2017_p1.0.xlsx","Sheet1",29,2017,"ODP 999_A_1_3_111_113","ODP 999",4.13,4.13,12.74,-78.74,0.10036,"Globigerinoides ruber white (sensu stricto)",,,,"boron_isotopes_sosdian_2018_p1.0.xlsx","Sheet1",134,2018,"ODP 999_A_1_3_111_113","ODP 999",4.13,4.13,12.74,-78.74,0.10036,"Globigerinoides ruber white (sensu stricto)",,,,"ambiguous: both retained; human review needed"
"boron_isotopes_chalk_2017_p1.0.xlsx","Sheet1",30,2017,"ODP 999_A_1_3_132_134","ODP 999",4.335,4.335,12.74,-78.74,0.10612,"Globigerinoides ruber white (sensu stricto)",,,,"boron_isotopes_sosdian_2018_p1.0.xlsx","Sheet1",135,2018,"ODP 999_A_1_3_132_134","ODP 999",4.335,4.335,12.74,-78.74,0.10612,"Globigerinoides ruber white (sensu stricto)",,,,"ambiguous: both retained; human review needed"
"boron_isotopes_chalk_2017_p1.0.xlsx","Sheet1",31,2017,"ODP 999_A_1_4_1_3","ODP 999",4.51,4.51,12.74,-78.74,0.11132,"Globigerinoides ruber white (sensu stricto)",,,,"boron_isotopes_sosdian_2018_p1.0.xlsx","Sheet1",136,2018,"ODP 999_A_1_4_1_3","ODP 999",4.51,4.51,12.74,-78.74,0.11132,"Globigerinoides ruber white (sensu stricto)",,,,"ambiguous: both retained; human review needed"
"boron_isotopes_chalk_2017_p1.0.xlsx","Sheet1",32,2017,"ODP 999_A_1_4_22_24","ODP 999",4.74,4.74,12.74,-78.74,0.11682,"Globigerinoides ruber white (sensu stricto)",,,,"boron_isotopes_sosdian_2018_p1.0.xlsx","Sheet1",137,2018,"ODP 999_A_1_4_22_24","ODP 999",4.74,4.74,12.74,-78.74,0.11682,"Globigerinoides ruber white (sensu stricto)",,,,"ambiguous: both retained; human review needed"
"boron_isotopes_chalk_2017_p1.0.xlsx","Sheet1",33,2017,"ODP 999_A_1_4_30_32","ODP 999",4.82,4.82,12.74,-78.74,0.11881,"Globigerinoides ruber white (sensu stricto)",,,,"boron_isotopes_sosdian_2018_p1.0.xlsx","Sheet1",138,2018,"ODP 999_A_1_4_30_32","ODP 999",4.82,4.82,12.74,-78.74,0.11881,"Globigerinoides ruber white (sensu stricto)",,,,"ambiguous: both retained; human review needed"
"boron_isotopes_chalk_2017_p1.0.xlsx","Sheet1",34,2017,"ODP 999_A_1_4_32_34","ODP 999",4.82,4.82,12.74,-78.74,0.11906,"Globigerinoides ruber white (sensu stricto)",,,,"boron_isotopes_sosdian_2018_p1.0.xlsx","Sheet1",139,2018,"ODP 999_A_1_4_32_34","ODP 999",4.82,4.82,12.74,-78.74,0.11906,"Globigerinoides ruber white (sensu stricto)",,,,"ambiguous: both retained; human review needed"
"boron_isotopes_chalk_2017_p1.0.xlsx","Sheet1",35,2017,"ODP 999_A_1_4_42_44","ODP 999",4.94,4.94,12.74,-78.74,0.12179,"Globigerinoides ruber white (sensu stricto)",,,,"boron_isotopes_sosdian_2018_p1.0.xlsx","Sheet1",140,2018,"ODP 999_A_1_4_42_44","ODP 999",4.94,4.94,12.74,-78.74,0.12179,"Globigerinoides ruber white (sensu stricto)",,,,"ambiguous: both retained; human review needed"
"boron_isotopes_chalk_2017_p1.0.xlsx","Sheet1",36,2017,"ODP 999_A_1_4_51_53","ODP 999",5.01,5.01,12.74,-78.74,0.12377,"Globigerinoides ruber white (sensu stricto)",,,,"boron_isotopes_sosdian_2018_p1.0.xlsx","Sheet1",141,2018,"ODP 999_A_1_4_51_53","ODP 999",5.01,5.01,12.74,-78.74,0.12377,"Globigerinoides ruber white (sensu stricto)",,,,"ambiguous: both retained; human review needed"
"boron_isotopes_chalk_2017_p1.0.xlsx","Sheet1",37,2017,"ODP 999_A_1_4_52_54","ODP 999",5.04,5.04,12.74,-78.74,0.12437,"Globigerinoides ruber white (sensu stricto)",,,,"boron_isotopes_sosdian_2018_p1.0.xlsx","Sheet1",142,2018,"ODP 999_A_1_4_52_54","ODP 999",5.04,5.04,12.74,-78.74,0.12437,"Globigerinoides ruber white (sensu stricto)",,,,"ambiguous: both retained; human review needed"
"boron_isotopes_chalk_2017_p1.0.xlsx","Sheet1",38,2017,"ODP 999_A_1_4_62_64","ODP 999",5.12,5.12,12.74,-78.74,0.12748,"Globigerinoides ruber white (sensu stricto)",,,,"boron_isotopes_sosdian_2018_p1.0.xlsx","Sheet1",143,2018,"ODP 999_A_1_4_62_64","ODP 999",5.12,5.12,12.74,-78.74,0.12748,"Globigerinoides ruber white (sensu stricto)",,,,"ambiguous: both retained; human review needed"
"boron_isotopes_chalk_2017_p1.0.xlsx","Sheet1",39,2017,"ODP 999_A_1_4_71_73","ODP 999",5.23,5.23,12.74,-78.74,0.13086,"Globigerinoides ruber white (sensu stricto)",,,,"boron_isotopes_sosdian_2018_p1.0.xlsx","Sheet1",144,2018,"ODP 999_A_1_4_71_73","ODP 999",5.23,5.23,12.74,-78.74,0.13086,"Globigerinoides ruber white (sensu stricto)",,,,"ambiguous: both retained; human review needed"
"boron_isotopes_chalk_2017_p1.0.xlsx","Sheet1",40,2017,"ODP 999_A_1_4_76_78","ODP 999",5.26,5.26,12.74,-78.74,0.13191,"Globigerinoides ruber white (sensu stricto)",,,,"boron_isotopes_sosdian_2018_p1.0.xlsx","Sheet1",145,2018,"ODP 999_A_1_4_76_78","ODP 999",5.26,5.26,12.74,-78.74,0.13191,"Globigerinoides ruber white (sensu stricto)",,,,"ambiguous: both retained; human review needed"
"boron_isotopes_chalk_2017_p1.0.xlsx","Sheet1",41,2017,"ODP 999_A_1_4_81_83","ODP 999",5.31,5.31,12.74,-78.74,0.13322,"Globigerinoides ruber white (sensu stricto)",,,,"boron_isotopes_sosdian_2018_p1.0.xlsx","Sheet1",146,2018,"ODP 999_A_1_4_81_83","ODP 999",5.31,5.31,12.74,-78.74,0.13322,"Globigerinoides ruber white (sensu stricto)",,,,"ambiguous: both retained; human review needed"
"boron_isotopes_chalk_2017_p1.0.xlsx","Sheet1",42,2017,"ODP 999_A_1_4_84_86","ODP 999",5.34,5.34,12.74,-78.74,0.134,"Globigerinoides ruber white (sensu stricto)",,,,"boron_isotopes_sosdian_2018_p1.0.xlsx","Sheet1",147,2018,"ODP 999_A_1_4_84_86","ODP 999",5.34,5.34,12.74,-78.74,0.134,"Globigerinoides ruber white (sensu stricto)",,,,"ambiguous: both retained; human review needed"
"boron_isotopes_chalk_2017_p1.0.xlsx","Sheet1",43,2017,"ODP 999_A_1_4_90_92","ODP 999",5.4,5.4,12.74,-78.74,0.13557,"Globigerinoides ruber white (sensu stricto)",,,,"boron_isotopes_sosdian_2018_p1.0.xlsx","Sheet1",148,2018,"ODP 999_A_1_4_90_92","ODP 999",5.4,5.4,12.74,-78.74,0.13557,"Globigerinoides ruber white (sensu stricto)",,,,"ambiguous: both retained; human review needed"
"boron_isotopes_chalk_2017_p1.0.xlsx","Sheet1",44,2017,"ODP 999_A_1_4_103_105","ODP 999",5.53,5.53,12.74,-78.74,0.13897,"Globigerinoides ruber white (sensu stricto)",,,,"boron_isotopes_sosdian_2018_p1.0.xlsx","Sheet1",149,2018,"ODP 999_A_1_4_103_105","ODP 999",5.53,5.53,12.74,-78.74,0.13897,"Globigerinoides ruber white (sensu stricto)",,,,"ambiguous: both retained; human review needed"
"boron_isotopes_chalk_2017_p1.0.xlsx","Sheet1",45,2017,"ODP 999_A_1_4_132_134","ODP 999",5.82,5.82,12.74,-78.74,0.14669,"Globigerinoides ruber white (sensu stricto)",,,,"boron_isotopes_sosdian_2018_p1.0.xlsx","Sheet1",150,2018,"ODP 999_A_1_4_132_134","ODP 999",5.82,5.82,12.74,-78.74,0.14669,"Globigerinoides ruber white (sensu stricto)",,,,"ambiguous: both retained; human review needed"
"boron_isotopes_chalk_2017_p1.0.xlsx","Sheet1",46,2017,"ODP 999_A_1_4_142_144","ODP 999",5.92,5.92,12.74,-78.74,0.15004,"Globigerinoides ruber white (sensu stricto)",,,,"boron_isotopes_sosdian_2018_p1.0.xlsx","Sheet1",151,2018,"ODP 999_A_1_4_142_144","ODP 999",5.92,5.92,12.74,-78.74,0.15004,"Globigerinoides ruber white (sensu stricto)",,,,"ambiguous: both retained; human review needed"
"boron_isotopes_chalk_2017_p1.0.xlsx","Sheet1",47,2017,"ODP 999_A_1_5_51_53","ODP 999",6.51,6.51,12.74,-78.74,0.16976,"Globigerinoides ruber white (sensu stricto)",,,,"boron_isotopes_sosdian_2018_p1.0.xlsx","Sheet1",152,2018,"ODP 999_A_1_5_51_53","ODP 999",6.51,6.51,12.74,-78.74,0.16976,"Globigerinoides ruber white (sensu stricto)",,,,"ambiguous: both retained; human review needed"
"boron_isotopes_chalk_2017_p1.0.xlsx","Sheet1",48,2017,"ODP 999_A_1_5_91_93","ODP 999",6.91,6.91,12.74,-78.74,0.17994,"Globigerinoides ruber white (sensu stricto)",,,,"boron_isotopes_sosdian_2018_p1.0.xlsx","Sheet1",153,2018,"ODP 999_A_1_5_91_93","ODP 999",6.91,6.91,12.74,-78.74,0.17994,"Globigerinoides ruber white (sensu stricto)",,,,"ambiguous: both retained; human review needed"
"boron_isotopes_chalk_2017_p1.0.xlsx","Sheet1",49,2017,"ODP 999_A_1_6_12_14","ODP 999",7.12,7.12,12.74,-78.74,0.18437,"Globigerinoides ruber white (sensu stricto)",,,,"boron_isotopes_sosdian_2018_p1.0.xlsx","Sheet1",154,2018,"ODP 999_A_1_6_12_14","ODP 999",7.12,7.12,12.74,-78.74,0.18437,"Globigerinoides ruber white (sensu stricto)",,,,"ambiguous: both retained; human review needed"
"boron_isotopes_chalk_2017_p1.0.xlsx","Sheet1",50,2017,"ODP 999_A_1_6_33_35","ODP 999",7.33,7.33,12.74,-78.74,0.19001,"Globigerinoides ruber white (sensu stricto)",,,,"boron_isotopes_sosdian_2018_p1.0.xlsx","Sheet1",155,2018,"ODP 999_A_1_6_33_35","ODP 999",7.33,7.33,12.74,-78.74,0.19001,"Globigerinoides ruber white (sensu stricto)",,,,"ambiguous: both retained; human review needed"
"boron_isotopes_chalk_2017_p1.0.xlsx","Sheet1",51,2017,"ODP 999_A_1_6_39_41","ODP 999",7.39,7.39,12.74,-78.74,0.19168,"Globigerinoides ruber white (sensu stricto)",,,,"boron_isotopes_sosdian_2018_p1.0.xlsx","Sheet1",156,2018,"ODP 999_A_1_6_39_41","ODP 999",7.39,7.39,12.74,-78.74,0.19168,"Globigerinoides ruber white (sensu stricto)",,,,"ambiguous: both retained; human review needed"
"boron_isotopes_chalk_2017_p1.0.xlsx","Sheet1",52,2017,"ODP 999_A_1_CC_7_9","ODP 999",7.62,7.62,12.74,-78.74,0.19807,"Globigerinoides ruber white (sensu stricto)",,,,"boron_isotopes_sosdian_2018_p1.0.xlsx","Sheet1",157,2018,"ODP 999_A_1_CC_7_9","ODP 999",7.62,7.62,12.74,-78.74,0.19807,"Globigerinoides ruber white (sensu stricto)",,,,"ambiguous: both retained; human review needed"
"boron_isotopes_chalk_2017_p1.0.xlsx","Sheet1",53,2017,"ODP 999_A_2_1_39_40","ODP 999",7.99,7.99,12.74,-78.74,0.21157,"Globigerinoides ruber white (sensu stricto)",,,,"boron_isotopes_sosdian_2018_p1.0.xlsx","Sheet1",158,2018,"ODP 999_A_2_1_39_40","ODP 999",7.99,7.99,12.74,-78.74,0.21157,"Globigerinoides ruber white (sensu stricto)",,,,"ambiguous: both retained; human review needed"
"boron_isotopes_chalk_2017_p1.0.xlsx","Sheet1",54,2017,"ODP 999_A_2_1_59_61","ODP 999",8.19,8.19,12.74,-78.74,0.22044,"Globigerinoides ruber white (sensu stricto)",,,,"boron_isotopes_sosdian_2018_p1.0.xlsx","Sheet1",159,2018,"ODP 999_A_2_1_59_61","ODP 999",8.19,8.19,12.74,-78.74,0.22044,"Globigerinoides ruber white (sensu stricto)",,,,"ambiguous: both retained; human review needed"
"boron_isotopes_chalk_2017_p1.0.xlsx","Sheet1",55,2017,"ODP 999_A_2_1_69_71","ODP 999",8.29,8.29,12.74,-78.74,0.22366,"Globigerinoides ruber white (sensu stricto)",,,,"boron_isotopes_sosdian_2018_p1.0.xlsx","Sheet1",160,2018,"ODP 999_A_2_1_69_71","ODP 999",8.29,8.29,12.74,-78.74,0.22366,"Globigerinoides ruber white (sensu stricto)",,,,"ambiguous: both retained; human review needed"
"boron_isotopes_chalk_2017_p1.0.xlsx","Sheet1",56,2017,"ODP 999_A_2_1_91_93","ODP 999",8.51,8.51,12.74,-78.74,0.2271,"Globigerinoides ruber white (sensu stricto)",,,,"boron_isotopes_sosdian_2018_p1.0.xlsx","Sheet1",161,2018,"ODP 999_A_2_1_91_93","ODP 999",8.51,8.51,12.74,-78.74,0.2271,"Globigerinoides ruber white (sensu stricto)",,,,"ambiguous: both retained; human review needed"
"boron_isotopes_chalk_2017_p1.0.xlsx","Sheet1",57,2017,"ODP 999_A_2_1_111_113","ODP 999",8.71,8.71,12.74,-78.74,0.23576,"Globigerinoides ruber white (sensu stricto)",,,,"boron_isotopes_sosdian_2018_p1.0.xlsx","Sheet1",162,2018,"ODP 999_A_2_1_111_113","ODP 999",8.71,8.71,12.74,-78.74,0.23576,"Globigerinoides ruber white (sensu stricto)",,,,"ambiguous: both retained; human review needed"
"boron_isotopes_chalk_2017_p1.0.xlsx","Sheet1",58,2017,"ODP 999_A_2_1_123_125","ODP 999",8.83,8.83,12.74,-78.74,0.23948,"Globigerinoides ruber white (sensu stricto)",,,,"boron_isotopes_sosdian_2018_p1.0.xlsx","Sheet1",163,2018,"ODP 999_A_2_1_123_125","ODP 999",8.83,8.83,12.74,-78.74,0.23948,"Globigerinoides ruber white (sensu stricto)",,,,"ambiguous: both retained; human review needed"
"boron_isotopes_chalk_2017_p1.0.xlsx","Sheet1",59,2017,"ODP 999_A_2_1_139_141","ODP 999",8.99,8.99,12.74,-78.74,0.2429,"Globigerinoides ruber white (sensu stricto)",,,,"boron_isotopes_sosdian_2018_p1.0.xlsx","Sheet1",164,2018,"ODP 999_A_2_1_139_141","ODP 999",8.99,8.99,12.74,-78.74,0.2429,"Globigerinoides ruber white (sensu stricto)",,,,"ambiguous: both retained; human review needed"
"boron_isotopes_chalk_2017_p1.0.xlsx","Sheet1",60,2017,"ODP 999_A_2_2_9_11","ODP 999",9.19,9.19,12.74,-78.74,0.24718,"Globigerinoides ruber white (sensu stricto)",,,,"boron_isotopes_sosdian_2018_p1.0.xlsx","Sheet1",165,2018,"ODP 999_A_2_2_9_11","ODP 999",9.19,9.19,12.74,-78.74,0.24718,"Globigerinoides ruber white (sensu stricto)",,,,"ambiguous: both retained; human review needed"
"boron_isotopes_chalk_2017_p1.0.xlsx","Sheet1",61,2017,"ODP 999_A_2_2_23_24","ODP 999",9.33,9.33,12.74,-78.74,0.25007,"Globigerinoides ruber white (sensu stricto)",,,,"boron_isotopes_sosdian_2018_p1.0.xlsx","Sheet1",166,2018,"ODP 999_A_2_2_23_24","ODP 999",9.33,9.33,12.74,-78.74,0.25007,"Globigerinoides ruber white (sensu stricto)",,,,"ambiguous: both retained; human review needed"
"boron_isotopes_chalk_2017_p1.0.xlsx","Sheet1",62,2017,"ODP 999_A_2_2_63_65","ODP 999",9.73,9.73,12.74,-78.74,0.25784,"Globigerinoides ruber white (sensu stricto)",,,,"boron_isotopes_sosdian_2018_p1.0.xlsx","Sheet1",167,2018,"ODP 999_A_2_2_63_65","ODP 999",9.73,9.73,12.74,-78.74,0.25784,"Globigerinoides ruber white (sensu stricto)",,,,"ambiguous: both retained; human review needed"
"boron_isotopes_chalk_2017_p1.0.xlsx","Sheet1",63,2017,"ODP 999_A_4_7_22_24","ODP 999",35.82,35.82,12.74,-78.74,1.08726,"Globigerinoides ruber white (sensu stricto)",,,,"boron_isotopes_sosdian_2018_p1.0.xlsx","Sheet1",168,2018,"ODP 999_A_4_7_22_24","ODP 999",35.82,35.82,12.74,-78.74,1.08726,"Globigerinoides ruber white (sensu stricto)",,,,"ambiguous: both retained; human review needed"
"boron_isotopes_chalk_2017_p1.0.xlsx","Sheet1",64,2017,"ODP 999_A_4_7_32.888376999999849_34.888376999999849","ODP 999",35.92960246,35.92960246,12.74,-78.74,1.08869,"Globigerinoides ruber white (sensu stricto)",,,,"boron_isotopes_sosdian_2018_p1.0.xlsx","Sheet1",169,2018,"ODP 999_A_4_7_32.888376999999849_34.888376999999849","ODP 999",35.92960246,35.92960246,12.74,-78.74,1.08869,"Globigerinoides ruber white (sensu stricto)",,,,"ambiguous: both retained; human review needed"
"boron_isotopes_chalk_2017_p1.0.xlsx","Sheet1",65,2017,"ODP 999_A_4_7_41.694102999999785_43.694102999999785","ODP 999",36.01765972,36.01765972,12.74,-78.74,1.09003,"Globigerinoides ruber white (sensu stricto)",,,,"boron_isotopes_sosdian_2018_p1.0.xlsx","Sheet1",170,2018,"ODP 999_A_4_7_41.694102999999785_43.694102999999785","ODP 999",36.01765972,36.01765972,12.74,-78.74,1.09003,"Globigerinoides ruber white (sensu stricto)",,,,"ambiguous: both retained; human review needed"
"boron_isotopes_chalk_2017_p1.0.xlsx","Sheet1",66,2017,"ODP 999_A_4_7_51.695479000000091_53.695479000000091","ODP 999",36.11767348,36.11767348,12.74,-78.74,1.09267,"Globigerinoides ruber white (sensu stricto)",,,,"boron_isotopes_sosdian_2018_p1.0.xlsx","Sheet1",171,2018,"ODP 999_A_4_7_51.695479000000091_53.695479000000091","ODP 999",36.11767348,36.11767348,12.74,-78.74,1.09267,"Globigerinoides ruber white (sensu stricto)",,,,"ambiguous: both retained; human review needed"
"boron_isotopes_chalk_2017_p1.0.xlsx","Sheet1",67,2017,"ODP 999_A_4_7_60_62","ODP 999",36.2,36.2,12.74,-78.74,1.09471,"Globigerinoides ruber white (sensu stricto)",,,,"boron_isotopes_sosdian_2018_p1.0.xlsx","Sheet1",172,2018,"ODP 999_A_4_7_60_62","ODP 999",36.2,36.2,12.74,-78.74,1.09471,"Globigerinoides ruber white (sensu stricto)",,,,"ambiguous: both retained; human review needed"
"boron_isotopes_chalk_2017_p1.0.xlsx","Sheet1",68,2017,"ODP 999_A_4_CC_11_13","ODP 999",36.43,36.43,12.74,-78.74,1.09946,"Globigerinoides ruber white (sensu stricto)",,,,"boron_isotopes_sosdian_2018_p1.0.xlsx","Sheet1",173,2018,"ODP 999_A_4_CC_11_13","ODP 999",36.43,36.43,12.74,-78.74,1.09946,"Globigerinoides ruber white (sensu stricto)",,,,"ambiguous: both retained; human review needed"
"boron_isotopes_chalk_2017_p1.0.xlsx","Sheet1",69,2017,"ODP 999_A_5_1_12_14","ODP 999",36.22,36.22,12.74,-78.74,1.10242,"Globigerinoides ruber white (sensu stricto)",,,,"boron_isotopes_sosdian_2018_p1.0.xlsx","Sheet1",174,2018,"ODP 999_A_5_1_12_14","ODP 999",36.22,36.22,12.74,-78.74,1.10242,"Globigerinoides ruber white (sensu stricto)",,,,"ambiguous: both retained; human review needed"
"boron_isotopes_chalk_2017_p1.0.xlsx","Sheet1",70,2017,"ODP 999_A_5_1_17_19","ODP 999",36.27,36.27,12.74,-78.74,1.10316,"Globigerinoides ruber white (sensu stricto)",,,,"boron_isotopes_sosdian_2018_p1.0.xlsx","Sheet1",175,2018,"ODP 999_A_5_1_17_19","ODP 999",36.27,36.27,12.74,-78.74,1.10316,"Globigerinoides ruber white (sensu stricto)",,,,"ambiguous: both retained; human review needed"
"boron_isotopes_chalk_2017_p1.0.xlsx","Sheet1",71,2017,"ODP 999_A_5_1_37.517309000000353_39.517309000000353","ODP 999",36.47494841,36.47494841,12.74,-78.74,1.1062,"Globigerinoides ruber white (sensu stricto)",,,,"boron_isotopes_sosdian_2018_p1.0.xlsx","Sheet1",176,2018,"ODP 999_A_5_1_37.517309000000353_39.517309000000353","ODP 999",36.47494841,36.47494841,12.74,-78.74,1.1062,"Globigerinoides ruber white (sensu stricto)",,,,"ambiguous: both retained; human review needed"
"boron_isotopes_chalk_2017_p1.0.xlsx","Sheet1",72,2017,"ODP 999_A_5_1_48.399195000000304_50.399195000000304","ODP 999",36.58376727,36.58376727,12.74,-78.74,1.10782,"Globigerinoides ruber white (sensu stricto)",,,,"boron_isotopes_sosdian_2018_p1.0.xlsx","Sheet1",177,2018,"ODP 999_A_5_1_48.399195000000304_50.399195000000304","ODP 999",36.58376727,36.58376727,12.74,-78.74,1.10782,"Globigerinoides ruber white (sensu stricto)",,,,"ambiguous: both retained; human review needed"
"boron_isotopes_chalk_2017_p1.0.xlsx","Sheet1",73,2017,"ODP 999_A_5_1_59.281265999999931_61.281265999999931","ODP 999",36.69258798,36.69258798,12.74,-78.74,1.1103,"Globigerinoides ruber white (sensu stricto)",,,,"boron_isotopes_sosdian_2018_p1.0.xlsx","Sheet1",178,2018,"ODP 999_A_5_1_59.281265999999931_61.281265999999931","ODP 999",36.69258798,36.69258798,12.74,-78.74,1.1103,"Globigerinoides ruber white (sensu stricto)",,,,"ambiguous: both retained; human review needed"
"boron_isotopes_chalk_2017_p1.0.xlsx","Sheet1",74,2017,"ODP 999_A_5_1_70.16303500000015_72.16303500000015","ODP 999",36.80140567,36.80140567,12.74,-78.74,1.1128,"Globigerinoides ruber white (sensu stricto)",,,,"boron_isotopes_sosdian_2018_p1.0.xlsx","Sheet1",179,2018,"ODP 999_A_5_1_70.16303500000015_72.16303500000015","ODP 999",36.80140567,36.80140567,12.74,-78.74,1.1128,"Globigerinoides ruber white (sensu stricto)",,,,"ambiguous: both retained; human review needed"
"boron_isotopes_chalk_2017_p1.0.xlsx","Sheet1",75,2017,"ODP 999_A_5_1_80.892932000000371_82.892932000000371","ODP 999",36.90870464,36.90870464,12.74,-78.74,1.11526,"Globigerinoides ruber white (sensu stricto)",,,,"boron_isotopes_sosdian_2018_p1.0.xlsx","Sheet1",180,2018,"ODP 999_A_5_1_80.892932000000371_82.892932000000371","ODP 999",36.90870464,36.90870464,12.74,-78.74,1.11526,"Globigerinoides ruber white (sensu stricto)",,,,"ambiguous: both retained; human review needed"
"boron_isotopes_chalk_2017_p1.0.xlsx","Sheet1",76,2017,"ODP 999_A_5_1_90.361001000000073_92.361001000000073","ODP 999",37.00338533,37.00338533,12.74,-78.74,1.11786,"Globigerinoides ruber white (sensu stricto)",,,,"boron_isotopes_sosdian_2018_p1.0.xlsx","Sheet1",181,2018,"ODP 999_A_5_1_90.361001000000073_92.361001000000073","ODP 999",37.00338533,37.00338533,12.74,-78.74,1.11786,"Globigerinoides ruber white (sensu stricto)",,,,"ambiguous: both retained; human review needed"
"boron_isotopes_chalk_2017_p1.0.xlsx","Sheet1",77,2017,"ODP 999_A_5_1_98.801709999999986_100.80170999999999","ODP 999",37.08779242,37.08779242,12.74,-78.74,1.12036,"Globigerinoides ruber white (sensu stricto)",,,,"boron_isotopes_sosdian_2018_p1.0.xlsx","Sheet1",182,2018,"ODP 999_A_5_1_98.801709999999986_100.80170999999999","ODP 999",37.08779242,37.08779242,12.74,-78.74,1.12036,"Globigerinoides ruber white (sensu stricto)",,,,"ambiguous: both retained; human review needed"
"boron_isotopes_chalk_2017_p1.0.xlsx","Sheet1",78,2017,"ODP 999_A_5_1_108_110","ODP 999",37.18,37.18,12.74,-78.74,1.12309,"Globigerinoides ruber white (sensu stricto)",,,,"boron_isotopes_sosdian_2018_p1.0.xlsx","Sheet1",183,2018,"ODP 999_A_5_1_108_110","ODP 999",37.18,37.18,12.74,-78.74,1.12309,"Globigerinoides ruber white (sensu stricto)",,,,"ambiguous: both retained; human review needed"
"boron_isotopes_chalk_2017_p1.0.xlsx","Sheet1",79,2017,"ODP 999_A_5_1_118_120","ODP 999",37.28,37.28,12.74,-78.74,1.12606,"Globigerinoides ruber white (sensu stricto)",,,,"boron_isotopes_sosdian_2018_p1.0.xlsx","Sheet1",184,2018,"ODP 999_A_5_1_118_120","ODP 999",37.28,37.28,12.74,-78.74,1.12606,"Globigerinoides ruber white (sensu stricto)",,,,"ambiguous: both retained; human review needed"
"boron_isotopes_chalk_2017_p1.0.xlsx","Sheet1",80,2017,"ODP 999_A_5_1_123_125","ODP 999",37.33,37.33,12.74,-78.74,1.12781,"Globigerinoides ruber white (sensu stricto)",,,,"boron_isotopes_sosdian_2018_p1.0.xlsx","Sheet1",185,2018,"ODP 999_A_5_1_123_125","ODP 999",37.33,37.33,12.74,-78.74,1.12781,"Globigerinoides ruber white (sensu stricto)",,,,"ambiguous: both retained; human review needed"
"boron_isotopes_chalk_2017_p1.0.xlsx","Sheet1",81,2017,"ODP 999_A_5_1_132_134","ODP 999",37.42,37.42,12.74,-78.74,1.13097,"Globigerinoides ruber white (sensu stricto)",,,,"boron_isotopes_sosdian_2018_p1.0.xlsx","Sheet1",186,2018,"ODP 999_A_5_1_132_134","ODP 999",37.42,37.42,12.74,-78.74,1.13097,"Globigerinoides ruber white (sensu stricto)",,,,"ambiguous: both retained; human review needed"
"boron_isotopes_chalk_2017_p1.0.xlsx","Sheet1",82,2017,"ODP 999_A_5_1_148_150","ODP 999",37.58,37.58,12.74,-78.74,1.13657,"Globigerinoides ruber white (sensu stricto)",,,,"boron_isotopes_sosdian_2018_p1.0.xlsx","Sheet1",187,2018,"ODP 999_A_5_1_148_150","ODP 999",37.58,37.58,12.74,-78.74,1.13657,"Globigerinoides ruber white (sensu stricto)",,,,"ambiguous: both retained; human review needed"
"boron_isotopes_chalk_2017_p1.0.xlsx","Sheet1",83,2017,"ODP 999_A_5_2_7.8864019999996913_9.8864019999996913","ODP 999",37.67863934,37.67863934,12.74,-78.74,1.14003,"Globigerinoides ruber white (sensu stricto)",,,,"boron_isotopes_sosdian_2018_p1.0.xlsx","Sheet1",188,2018,"ODP 999_A_5_2_7.8864019999996913_9.8864019999996913","ODP 999",37.67863934,37.67863934,12.74,-78.74,1.14003,"Globigerinoides ruber white (sensu stricto)",,,,"ambiguous: both retained; human review needed"
"boron_isotopes_chalk_2017_p1.0.xlsx","Sheet1",84,2017,"ODP 999_A_5_2_17_19","ODP 999",37.77,37.77,12.74,-78.74,1.14323,"Globigerinoides ruber white (sensu stricto)",,,,"boron_isotopes_sosdian_2018_p1.0.xlsx","Sheet1",189,2018,"ODP 999_A_5_2_17_19","ODP 999",37.77,37.77,12.74,-78.74,1.14323,"Globigerinoides ruber white (sensu stricto)",,,,"ambiguous: both retained; human review needed"
"boron_isotopes_chalk_2017_p1.0.xlsx","Sheet1",85,2017,"ODP 999_A_5_2_23_25","ODP 999",37.83,37.83,12.74,-78.74,1.14533,"Globigerinoides ruber white (sensu stricto)",,,,"boron_isotopes_sosdian_2018_p1.0.xlsx","Sheet1",190,2018,"ODP 999_A_5_2_23_25","ODP 999",37.83,37.83,12.74,-78.74,1.14533,"Globigerinoides ruber white (sensu stricto)",,,,"ambiguous: both retained; human review needed"
"boron_isotopes_chalk_2017_p1.0.xlsx","Sheet1",86,2017,"ODP 999_A_5_2_33.208349000000169_35.208349000000169","ODP 999",37.93185881,37.93185881,12.74,-78.74,1.1489,"Globigerinoides ruber white (sensu stricto)",,,,"boron_isotopes_sosdian_2018_p1.0.xlsx","Sheet1",191,2018,"ODP 999_A_5_2_33.208349000000169_35.208349000000169","ODP 999",37.93185881,37.93185881,12.74,-78.74,1.1489,"Globigerinoides ruber white (sensu stricto)",,,,"ambiguous: both retained; human review needed"
"boron_isotopes_chalk_2017_p1.0.xlsx","Sheet1",87,2017,"ODP 999_A_5_2_39_41","ODP 999",37.99,37.99,12.74,-78.74,1.15094,"Globigerinoides ruber white (sensu stricto)",,,,"boron_isotopes_sosdian_2018_p1.0.xlsx","Sheet1",192,2018,"ODP 999_A_5_2_39_41","ODP 999",37.99,37.99,12.74,-78.74,1.15094,"Globigerinoides ruber white (sensu stricto)",,,,"ambiguous: both retained; human review needed"
"boron_isotopes_chalk_2017_p1.0.xlsx","Sheet1",88,2017,"ODP 999_A_5_2_48_50","ODP 999",38.08,38.08,12.74,-78.74,1.15409,"Globigerinoides ruber white (sensu stricto)",,,,"boron_isotopes_sosdian_2018_p1.0.xlsx","Sheet1",193,2018,"ODP 999_A_5_2_48_50","ODP 999",38.08,38.08,12.74,-78.74,1.15409,"Globigerinoides ruber white (sensu stricto)",,,,"ambiguous: both retained; human review needed"
"boron_isotopes_chalk_2017_p1.0.xlsx","Sheet1",89,2017,"ODP 999_A_5_2_58.530575000000283_60.530575000000283","ODP 999",38.18508107,38.18508107,12.74,-78.74,1.15777,"Globigerinoides ruber white (sensu stricto)",,,,"boron_isotopes_sosdian_2018_p1.0.xlsx","Sheet1",194,2018,"ODP 999_A_5_2_58.530575000000283_60.530575000000283","ODP 999",38.18508107,38.18508107,12.74,-78.74,1.15777,"Globigerinoides ruber white (sensu stricto)",,,,"ambiguous: both retained; human review needed"
"boron_isotopes_chalk_2017_p1.0.xlsx","Sheet1",90,2017,"ODP 999_A_5_2_66.971234999999695_68.971234999999695","ODP 999",38.26948767,38.26948767,12.74,-78.74,1.16073,"Globigerinoides ruber white (sensu stricto)",,,,"boron_isotopes_sosdian_2018_p1.0.xlsx","Sheet1",195,2018,"ODP 999_A_5_2_66.971234999999695_68.971234999999695","ODP 999",38.26948767,38.26948767,12.74,-78.74,1.16073,"Globigerinoides ruber white (sensu stricto)",,,,"ambiguous: both retained; human review needed"
"boron_isotopes_chalk_2017_p1.0.xlsx","Sheet1",91,2017,"ODP 999_A_5_2_73_75","ODP 999",38.33,38.33,12.74,-78.74,1.16285,"Globigerinoides ruber white (sensu stricto)",,,,"boron_isotopes_sosdian_2018_p1.0.xlsx","Sheet1",196,2018,"ODP 999_A_5_2_73_75","ODP 999",38.33,38.33,12.74,-78.74,1.16285,"Globigerinoides ruber white (sensu stricto)",,,,"ambiguous: both retained; human review needed"
"boron_isotopes_chalk_2017_p1.0.xlsx","Sheet1",92,2017,"ODP 999_A_5_2_93_95","ODP 999",38.53,38.53,12.74,-78.74,1.16986,"Globigerinoides ruber white (sensu stricto)",,,,"boron_isotopes_sosdian_2018_p1.0.xlsx","Sheet1",197,2018,"ODP 999_A_5_2_93_95","ODP 999",38.53,38.53,12.74,-78.74,1.16986,"Globigerinoides ruber white (sensu stricto)",,,,"ambiguous: both retained; human review needed"
"boron_isotopes_chalk_2017_p1.0.xlsx","Sheet1",93,2017,"ODP 999_A_5_2_120.22590400000007_122.22590400000007","ODP 999",38.80203436,38.80203436,12.74,-78.74,1.17757,"Globigerinoides ruber white (sensu stricto)",,,,"boron_isotopes_sosdian_2018_p1.0.xlsx","Sheet1",198,2018,"ODP 999_A_5_2_120.22590400000007_122.22590400000007","ODP 999",38.80203436,38.80203436,12.74,-78.74,1.17757,"Globigerinoides ruber white (sensu stricto)",,,,"ambiguous: both retained; human review needed"
"boron_isotopes_chalk_2017_p1.0.xlsx","Sheet1",94,2017,"ODP 999_A_5_2_130.45642100000018_132.45642100000018","ODP 999",38.90433953,38.90433953,12.74,-78.74,1.17966,"Globigerinoides ruber white (sensu stricto)",,,,"boron_isotopes_sosdian_2018_p1.0.xlsx","Sheet1",199,2018,"ODP 999_A_5_2_130.45642100000018_132.45642100000018","ODP 999",38.90433953,38.90433953,12.74,-78.74,1.17966,"Globigerinoides ruber white (sensu stricto)",,,,"ambiguous: both retained; human review needed"
"boron_isotopes_chalk_2017_p1.0.xlsx","Sheet1",95,2017,"ODP 999_A_5_2_140.68698299999974_142.68698299999974","ODP 999",39.00664515,39.00664515,12.74,-78.74,1.18175,"Globigerinoides ruber white (sensu stricto)",,,,"boron_isotopes_sosdian_2018_p1.0.xlsx","Sheet1",200,2018,"ODP 999_A_5_2_140.68698299999974_142.68698299999974","ODP 999",39.00664515,39.00664515,12.74,-78.74,1.18175,"Globigerinoides ruber white (sensu stricto)",,,,"ambiguous: both retained; human review needed"
"boron_isotopes_chalk_2017_p1.0.xlsx","Sheet1",96,2017,"ODP 999_A_5_3_2_4","ODP 999",39.12,39.12,12.74,-78.74,1.18406,"Globigerinoides ruber white (sensu stricto)",,,,"boron_isotopes_sosdian_2018_p1.0.xlsx","Sheet1",201,2018,"ODP 999_A_5_3_2_4","ODP 999",39.12,39.12,12.74,-78.74,1.18406,"Globigerinoides ruber white (sensu stricto)",,,,"ambiguous: both retained; human review needed"
"boron_isotopes_chalk_2017_p1.0.xlsx","Sheet1",97,2017,"ODP 999_A_5_3_10.111267999999939_12.111267999999939","ODP 999",39.200888,39.200888,12.74,-78.74,1.18597,"Globigerinoides ruber white (sensu stricto)",,,,"boron_isotopes_sosdian_2018_p1.0.xlsx","Sheet1",202,2018,"ODP 999_A_5_3_10.111267999999939_12.111267999999939","ODP 999",39.200888,39.200888,12.74,-78.74,1.18597,"Globigerinoides ruber white (sensu stricto)",,,,"ambiguous: both retained; human review needed"
"boron_isotopes_chalk_2017_p1.0.xlsx","Sheet1",98,2017,"ODP 999_A_5_3_18.570803000000012_20.570803000000012","ODP 999",39.28548335,39.28548335,12.74,-78.74,1.18807,"Globigerinoides ruber white (sensu stricto)",,,,"boron_isotopes_sosdian_2018_p1.0.xlsx","Sheet1",203,2018,"ODP 999_A_5_3_18.570803000000012_20.570803000000012","ODP 999",39.28548335,39.28548335,12.74,-78.74,1.18807,"Globigerinoides ruber white (sensu stricto)",,,,"ambiguous: both retained; human review needed"
"boron_isotopes_chalk_2017_p1.0.xlsx","Sheet1",99,2017,"ODP 999_A_5_3_27.029711000000077_29.029711000000077","ODP 999",39.37007243,39.37007243,12.74,-78.74,1.19131,"Globigerinoides ruber white (sensu stricto)",,,,"boron_isotopes_sosdian_2018_p1.0.xlsx","Sheet1",204,2018,"ODP 999_A_5_3_27.029711000000077_29.029711000000077","ODP 999",39.37007243,39.37007243,12.74,-78.74,1.19131,"Globigerinoides ruber white (sensu stricto)",,,,"ambiguous: both retained; human review needed"
"boron_isotopes_chalk_2017_p1.0.xlsx","Sheet1",100,2017,"ODP 999_A_5_3_37_39","ODP 999",39.47,39.47,12.74,-78.74,1.19515,"Globigerinoides ruber white (sensu stricto)",,,,"boron_isotopes_sosdian_2018_p1.0.xlsx","Sheet1",205,2018,"ODP 999_A_5_3_37_39","ODP 999",39.47,39.47,12.74,-78.74,1.19515,"Globigerinoides ruber white (sensu stricto)",,,,"ambiguous: both retained; human review needed"
"boron_isotopes_chalk_2017_p1.0.xlsx","Sheet1",101,2017,"ODP 999_A_5_3_58_60","ODP 999",39.68,39.68,12.74,-78.74,1.20326,"Globigerinoides ruber white (sensu stricto)",,,,"boron_isotopes_sosdian_2018_p1.0.xlsx","Sheet1",206,2018,"ODP 999_A_5_3_58_60","ODP 999",39.68,39.68,12.74,-78.74,1.20326,"Globigerinoides ruber white (sensu stricto)",,,,"ambiguous: both retained; human review needed"
"boron_isotopes_chalk_2017_p1.0.xlsx","Sheet1",102,2017,"ODP 999_A_5_3_67_69","ODP 999",39.77,39.77,12.74,-78.74,1.20676,"Globigerinoides ruber white (sensu stricto)",,,,"boron_isotopes_sosdian_2018_p1.0.xlsx","Sheet1",207,2018,"ODP 999_A_5_3_67_69","ODP 999",39.77,39.77,12.74,-78.74,1.20676,"Globigerinoides ruber white (sensu stricto)",,,,"ambiguous: both retained; human review needed"
"boron_isotopes_chalk_2017_p1.0.xlsx","Sheet1",103,2017,"ODP 999_A_5_3_77.78518100000008_79.78518100000008","ODP 999",39.87762713,39.87762713,12.74,-78.74,1.20999,"Globigerinoides ruber white (sensu stricto)",,,,"boron_isotopes_sosdian_2018_p1.0.xlsx","Sheet1",208,2018,"ODP 999_A_5_3_77.78518100000008_79.78518100000008","ODP 999",39.87762713,39.87762713,12.74,-78.74,1.20999,"Globigerinoides ruber white (sensu stricto)",,,,"ambiguous: both retained; human review needed"
"boron_isotopes_chalk_2017_p1.0.xlsx","Sheet1",104,2017,"ODP 999_A_5_3_94.703500999999989_96.703500999999989","ODP 999",40.04681033,40.04681033,12.74,-78.74,1.21448,"Globigerinoides ruber white (sensu stricto)",,,,"boron_isotopes_sosdian_2018_p1.0.xlsx","Sheet1",209,2018,"ODP 999_A_5_3_94.703500999999989_96.703500999999989","ODP 999",40.04681033,40.04681033,12.74,-78.74,1.21448,"Globigerinoides ruber white (sensu stricto)",,,,"ambiguous: both retained; human review needed"
"boron_isotopes_chalk_2017_p1.0.xlsx","Sheet1",105,2017,"ODP 999_A_5_3_102_104","ODP 999",40.12,40.12,12.74,-78.74,1.21642,"Globigerinoides ruber white (sensu stricto)",,,,"boron_isotopes_sosdian_2018_p1.0.xlsx","Sheet1",210,2018,"ODP 999_A_5_3_102_104","ODP 999",40.12,40.12,12.74,-78.74,1.21642,"Globigerinoides ruber white (sensu stricto)",,,,"ambiguous: both retained; human review needed"
"boron_isotopes_chalk_2017_p1.0.xlsx","Sheet1",106,2017,"ODP 999_A_5_3_110_112","ODP 999",40.2,40.2,12.74,-78.74,1.21854,"Globigerinoides ruber white (sensu stricto)",,,,"boron_isotopes_sosdian_2018_p1.0.xlsx","Sheet1",211,2018,"ODP 999_A_5_3_110_112","ODP 999",40.2,40.2,12.74,-78.74,1.21854,"Globigerinoides ruber white (sensu stricto)",,,,"ambiguous: both retained; human review needed"
"boron_isotopes_chalk_2017_p1.0.xlsx","Sheet1",107,2017,"ODP 999_A_5_3_128.54058400000022_130.54058400000022","ODP 999",40.38518116,40.38518116,12.74,-78.74,1.22418,"Globigerinoides ruber white (sensu stricto)",,,,"boron_isotopes_sosdian_2018_p1.0.xlsx","Sheet1",212,2018,"ODP 999_A_5_3_128.54058400000022_130.54058400000022","ODP 999",40.38518116,40.38518116,12.74,-78.74,1.22418,"Globigerinoides ruber white (sensu stricto)",,,,"ambiguous: both retained; human review needed"
"boron_isotopes_chalk_2017_p1.0.xlsx","Sheet1",108,2017,"ODP 999_A_5_3_136.99988199999987_138.99988199999987","ODP 999",40.46977414,40.46977414,12.74,-78.74,1.22717,"Globigerinoides ruber white (sensu stricto)",,,,"boron_isotopes_sosdian_2018_p1.0.xlsx","Sheet1",213,2018,"ODP 999_A_5_3_136.99988199999987_138.99988199999987","ODP 999",40.46977414,40.46977414,12.74,-78.74,1.22717,"Globigerinoides ruber white (sensu stricto)",,,,"ambiguous: both retained; human review needed"
"boron_isotopes_chalk_2017_p1.0.xlsx","Sheet1",109,2017,"ODP 999_A_5_3_147_149","ODP 999",40.57,40.57,12.74,-78.74,1.23072,"Globigerinoides ruber white (sensu stricto)",,,,"boron_isotopes_sosdian_2018_p1.0.xlsx","Sheet1",214,2018,"ODP 999_A_5_3_147_149","ODP 999",40.57,40.57,12.74,-78.74,1.23072,"Globigerinoides ruber white (sensu stricto)",,,,"ambiguous: both retained; human review needed"
"boron_isotopes_chalk_2017_p1.0.xlsx","Sheet1",110,2017,"ODP 999_A_5_4_6_8","ODP 999",40.66,40.66,12.74,-78.74,1.2339,"Globigerinoides ruber white (sensu stricto)",,,,"boron_isotopes_sosdian_2018_p1.0.xlsx","Sheet1",215,2018,"ODP 999_A_5_4_6_8","ODP 999",40.66,40.66,12.74,-78.74,1.2339,"Globigerinoides ruber white (sensu stricto)",,,,"ambiguous: both retained; human review needed"
"boron_isotopes_chalk_2017_p1.0.xlsx","Sheet1",111,2017,"ODP 999_A_5_4_12.459163999999788_14.459163999999788","ODP 999",40.72436696,40.72436696,12.74,-78.74,1.23618,"Globigerinoides ruber white (sensu stricto)",,,,"boron_isotopes_sosdian_2018_p1.0.xlsx","Sheet1",216,2018,"ODP 999_A_5_4_12.459163999999788_14.459163999999788","ODP 999",40.72436696,40.72436696,12.74,-78.74,1.23618,"Globigerinoides ruber white (sensu stricto)",,,,"ambiguous: both retained; human review needed"
"boron_isotopes_chalk_2017_p1.0.xlsx","Sheet1",112,2017,"ODP 999_A_5_4_21_23","ODP 999",40.81,40.81,12.74,-78.74,1.23983,"Globigerinoides ruber white (sensu stricto)",,,,"boron_isotopes_sosdian_2018_p1.0.xlsx","Sheet1",217,2018,"ODP 999_A_5_4_21_23","ODP 999",40.81,40.81,12.74,-78.74,1.23983,"Globigerinoides ruber white (sensu stricto)",,,,"ambiguous: both retained; human review needed"
"boron_isotopes_chalk_2017_p1.0.xlsx","Sheet1",113,2017,"ODP 999_A_5_4_29_31","ODP 999",40.89,40.89,12.74,-78.74,1.24325,"Globigerinoides ruber white (sensu stricto)",,,,"boron_isotopes_sosdian_2018_p1.0.xlsx","Sheet1",218,2018,"ODP 999_A_5_4_29_31","ODP 999",40.89,40.89,12.74,-78.74,1.24325,"Globigerinoides ruber white (sensu stricto)",,,,"ambiguous: both retained; human review needed"
"boron_isotopes_anagnostou_2020_p1.0.xlsx","Sheet1",4,2020,"1260_A_6_6_45.5_49","1260",45.655,,9.2658,-54.5439,40.338,"A. rohri",,,,"boron_isotopes_anagnostou_2020_p1.0.xlsx","Sheet1",77,2020,"1260_A_6_6_45.5_49","1260",45.655,,9.2658,-54.5439,40.338,"A. rohri",,,,"record 1 retained; record 2 removed/merged"
"boron_isotopes_anagnostou_2020_p1.0.xlsx","Sheet1",5,2020,"1260_A_8_3_8.5_12","1260",60.285,60.78,9.2658,-54.5439,40.933,"A. rohri",,,,"boron_isotopes_anagnostou_2020_p1.0.xlsx","Sheet1",78,2020,"1260_A_8_3_8.5_12","1260",60.285,60.78,9.2658,-54.5439,40.933,"A. rohri",,,,"record 1 retained; record 2 removed/merged"
"boron_isotopes_anagnostou_2020_p1.0.xlsx","Sheet1",6,2020,"1260_A_10_4_58.5_62","1260",81.685,81.865,9.2658,-54.5439,41.796,"A. rohri",,,,"boron_isotopes_anagnostou_2020_p1.0.xlsx","Sheet1",79,2020,"1260_A_10_4_58.5_62","1260",81.685,81.865,9.2658,-54.5439,41.796,"A. rohri",,,,"record 1 retained; record 2 removed/merged"
"boron_isotopes_anagnostou_2020_p1.0.xlsx","Sheet1",7,2020,"1260_A_15_4_98.5_102","1260",130.385,130.915,9.2658,-54.5439,43.763,"A. rohri",,,,"boron_isotopes_anagnostou_2020_p1.0.xlsx","Sheet1",80,2020,"1260_A_15_4_98.5_102","1260",130.385,130.915,9.2658,-54.5439,43.763,"A. rohri",,,,"record 1 retained; record 2 removed/merged"
"boron_isotopes_anagnostou_2020_p1.0.xlsx","Sheet1",8,2020,"1260_A_17_3_58.5_62","1260",147.785,,9.2658,-54.5439,44.825,"A. praetopilensis",,,,"boron_isotopes_anagnostou_2020_p1.0.xlsx","Sheet1",81,2020,"1260_A_17_3_58.5_62","1260",147.785,,9.2658,-54.5439,44.825,"A. praetopilensis",,,,"record 1 retained; record 2 removed/merged"
"boron_isotopes_anagnostou_2020_p1.0.xlsx","Sheet1",9,2020,"1260_A_19_1_43_46.5","1260",163.63,,9.2658,-54.5439,45.701,"A. praetopilensis",,,,"boron_isotopes_anagnostou_2020_p1.0.xlsx","Sheet1",82,2020,"1260_A_19_1_43_46.5","1260",163.63,,9.2658,-54.5439,45.701,"A. praetopilensis",,,,"record 1 retained; record 2 removed/merged"
"boron_isotopes_anagnostou_2020_p1.0.xlsx","Sheet1",10,2020,"1258_A_4_1_43.5_47","1258",24.235,,9.4333,-54.7333,46.571,"A. praetopilensis",,,,"boron_isotopes_anagnostou_2020_p1.0.xlsx","Sheet1",83,2020,"1258_A_4_1_43.5_47","1258",24.235,,9.4333,-54.7333,46.571,"A. praetopilensis",,,,"record 1 retained; record 2 removed/merged"
"boron_isotopes_anagnostou_2020_p1.0.xlsx","Sheet1",11,2020,"1258_B_4_2_96_99.5","1258",34.56,34.56,9.4333,-54.733,47.496,"M. aragonensis",,,,"boron_isotopes_anagnostou_2020_p1.0.xlsx","Sheet1",84,2020,"1258_B_4_2_96_99.5","1258",34.56,34.56,9.4333,-54.733,47.496,"M. aragonensis",,,,"record 1 retained; record 2 removed/merged"
"boron_isotopes_anagnostou_2020_p1.0.xlsx","Sheet1",12,2020,"1258_B_5_2_43.5_47","1258",43.035,40.515,9.4333,-54.733,48.137,"A. soldadoensis",,,,"boron_isotopes_anagnostou_2020_p1.0.xlsx","Sheet1",85,2020,"1258_B_5_2_43.5_47","1258",43.035,40.515,9.4333,-54.733,48.137,"A. soldadoensis",,,,"record 1 retained; record 2 removed/merged"
"boron_isotopes_anagnostou_2020_p1.0.xlsx","Sheet1",13,2020,"1258_A_6_5_28.5_32","1258",49.085,,9.4333,-54.7333,49.001,"A. rohri",,,,"boron_isotopes_anagnostou_2020_p1.0.xlsx","Sheet1",86,2020,"1258_A_6_5_28.5_32","1258",49.085,,9.4333,-54.7333,49.001,"A. rohri",,,,"record 1 retained; record 2 removed/merged"
"boron_isotopes_anagnostou_2020_p1.0.xlsx","Sheet1",14,2020,"1258_A_7_3_84_87","1258",56.04,54.05,9.4333,-54.7333,49.831,"A. soldadoensis/angulosa",,,,"boron_isotopes_anagnostou_2020_p1.0.xlsx","Sheet1",87,2020,"1258_A_7_3_84_87","1258",56.04,54.05,9.4333,-54.7333,49.831,"A. soldadoensis/angulosa",,,,"record 1 retained; record 2 removed/merged"
"boron_isotopes_anagnostou_2020_p1.0.xlsx","Sheet1",15,2020,"1258_B_8_2_48_51.5","1258",72.08,66.87,9.4333,-54.7333,50.705,"A. soldadoensis/angulosa",,,,"boron_isotopes_anagnostou_2020_p1.0.xlsx","Sheet1",88,2020,"1258_B_8_2_48_51.5","1258",72.08,66.87,9.4333,-54.7333,50.705,"A. soldadoensis/angulosa",,,,"record 1 retained; record 2 removed/merged"
"boron_isotopes_anagnostou_2020_p1.0.xlsx","Sheet1",16,2020,"1258_A_9_2_53.5_57","1258",73.935,69.475,9.4333,-54.7333,50.856,"A. soldadoensis/angulosa",,,,"boron_isotopes_anagnostou_2020_p1.0.xlsx","Sheet1",89,2020,"1258_A_9_2_53.5_57","1258",73.935,69.475,9.4333,-54.7333,50.856,"A. soldadoensis/angulosa",,,,"record 1 retained; record 2 removed/merged"
"boron_isotopes_anagnostou_2020_p1.0.xlsx","Sheet1",17,2020,"1258_A_10_4_46.5_50","1258",86.565,82.345,9.4333,-54.7333,51.98,"A. soldadoensis/angulosa",,,,"boron_isotopes_anagnostou_2020_p1.0.xlsx","Sheet1",90,2020,"1258_A_10_4_46.5_50","1258",86.565,82.345,9.4333,-54.7333,51.98,"A. soldadoensis/angulosa",,,,"record 1 retained; record 2 removed/merged"
"boron_isotopes_anagnostou_2020_p1.0.xlsx","Sheet1",18,2020,"1258_A_10_4_46.5_50","1258",86.565,82.345,9.4333,-54.7333,51.98,"A. soldadoensis/angulosa",,,,"boron_isotopes_anagnostou_2020_p1.0.xlsx","Sheet1",91,2020,"1258_A_10_4_46.5_50","1258",86.565,82.345,9.4333,-54.7333,51.98,"A. soldadoensis/angulosa",,,,"record 1 retained; record 2 removed/merged"
"boron_isotopes_anagnostou_2020_p1.0.xlsx","Sheet1",19,2020,"1258_B_13_2_53.5_57","1258",120.235,113.685,9.4333,-54.7333,53.628,"M. subbotinae",,,,"boron_isotopes_anagnostou_2020_p1.0.xlsx","Sheet1",92,2020,"1258_B_13_2_53.5_57","1258",120.235,113.685,9.4333,-54.7333,53.628,"M. subbotinae",,,,"record 1 retained; record 2 removed/merged"
"boron_isotopes_anagnostou_2020_p1.0.xlsx","Sheet1",20,2020,"1258_C_4_6_24_31.5","1258",156.3775,,9.4333,-54.7328,54.678,"M. subbotinae",,,,"boron_isotopes_anagnostou_2020_p1.0.xlsx","Sheet1",93,2020,"1258_C_4_6_24_31.5","1258",156.3775,,9.4333,-54.7328,54.678,"M. subbotinae",,,,"record 1 retained; record 2 removed/merged"
"boron_isotopes_anagnostou_2020_p1.0.xlsx","Sheet1",21,2020,"1258_A_18_2_28_39.5","1258",160.5375,,9.4333,-54.7333,55.541,"M. subbotinae",,,,"boron_isotopes_anagnostou_2020_p1.0.xlsx","Sheet1",94,2020,"1258_A_18_2_28_39.5","1258",160.5375,,9.4333,-54.7333,55.541,"M. subbotinae",,,,"record 1 retained; record 2 removed/merged"
"boron_isotopes_anagnostou_2020_p1.0.xlsx","Sheet1",22,2020,"865_B_3_1_0_14","865",18,,18.4403,-179.5558,35.6075461491649,"T. ampliapertura",,,,"boron_isotopes_anagnostou_2020_p1.0.xlsx","Sheet1",95,2020,"865_B_3_1_0_14","865",18,,18.4403,-179.5558,35.6075461491649,"T. ampliapertura",,,,"record 1 retained; record 2 removed/merged"
"boron_isotopes_anagnostou_2020_p1.0.xlsx","Sheet1",23,2020,"865_B_3_3__","865",21.5,,18.4403,-179.5558,36.3964207631798,"T. ampliapertura",,,,"boron_isotopes_anagnostou_2020_p1.0.xlsx","Sheet1",96,2020,"865_B_3_3__","865",21.5,,18.4403,-179.5558,36.3964207631798,"T. ampliapertura",,,,"record 1 retained; record 2 removed/merged"
"boron_isotopes_anagnostou_2020_p1.0.xlsx","Sheet1",24,2020,"865_B_3_5__","865",24.015,,18.4403,-179.5558,36.9632835215363,"T. ampliapertura",,,,"boron_isotopes_anagnostou_2020_p1.0.xlsx","Sheet1",97,2020,"865_B_3_5__","865",24.015,,18.4403,-179.5558,36.9632835215363,"T. ampliapertura",,,,"record 1 retained; record 2 removed/merged"
"boron_isotopes_anagnostou_2020_p1.0.xlsx","Sheet1",25,2020,"865_B_3_5__","865",24.015,,18.4403,-179.5558,36.9632835215363,"T. ampliapertura",,,,"boron_isotopes_anagnostou_2020_p1.0.xlsx","Sheet1",98,2020,"865_B_3_5__","865",24.015,,18.4403,-179.5558,36.9632835215363,"T. ampliapertura",,,,"record 1 retained; record 2 removed/merged"
"boron_isotopes_anagnostou_2020_p1.0.xlsx","Sheet1",26,2020,"865_B_3_7_0_9","865",27,,18.4403,-179.5558,37.6360808709176,"T. ampliapertura",,,,"boron_isotopes_anagnostou_2020_p1.0.xlsx","Sheet1",99,2020,"865_B_3_7_0_9","865",27,,18.4403,-179.5558,37.6360808709176,"T. ampliapertura",,,,"record 1 retained; record 2 removed/merged"
"boron_isotopes_anagnostou_2020_p1.0.xlsx","Sheet1",27,2020,"865_B_4_2_10_17","865",29.1,,18.4403,-179.5558,38.1094056393265,"A. topilensis",,,,"boron_isotopes_anagnostou_2020_p1.0.xlsx","Sheet1",100,2020,"865_B_4_2_10_17","865",29.1,,18.4403,-179.5558,38.1094056393265,"A. topilensis",,,,"record 1 retained; record 2 removed/merged"
"boron_isotopes_anagnostou_2020_p1.0.xlsx","Sheet1",28,2020,"865_B_4_4_8_15","865",32.08,,18.4403,-179.5558,38.7810760249735,"A. topilensis",,,,"boron_isotopes_anagnostou_2020_p1.0.xlsx","Sheet1",101,2020,"865_B_4_4_8_15","865",32.08,,18.4403,-179.5558,38.7810760249735,"A. topilensis",,,,"record 1 retained; record 2 removed/merged"
"boron_isotopes_anagnostou_2020_p1.0.xlsx","Sheet1",29,2020,"865_B_4_4_8_15","865",32.08,,18.4403,-179.5558,38.7810760249735,"A. praetopilensis",,,,"boron_isotopes_anagnostou_2020_p1.0.xlsx","Sheet1",102,2020,"865_B_4_4_8_15","865",32.08,,18.4403,-179.5558,38.7810760249735,"A. praetopilensis",,,,"record 1 retained; record 2 removed/merged"
"boron_isotopes_anagnostou_2020_p1.0.xlsx","Sheet1",30,2020,"865_B_4_4_8_15","865",32.08,,18.4403,-179.5558,38.7810760249735,"A.rohri",,,,"boron_isotopes_anagnostou_2020_p1.0.xlsx","Sheet1",103,2020,"865_B_4_4_8_15","865",32.08,,18.4403,-179.5558,38.7810760249735,"A.rohri",,,,"record 1 retained; record 2 removed/merged"
"boron_isotopes_anagnostou_2020_p1.0.xlsx","Sheet1",31,2020,"865_B_4_4_8_15","865",32.08,,18.4403,-179.5558,38.7810760249735,"T.cerroazulensis",,,,"boron_isotopes_anagnostou_2020_p1.0.xlsx","Sheet1",104,2020,"865_B_4_4_8_15","865",32.08,,18.4403,-179.5558,38.7810760249735,"T.cerroazulensis",,,,"record 1 retained; record 2 removed/merged"
"boron_isotopes_anagnostou_2020_p1.0.xlsx","Sheet1",32,2020,"865_B_4_6_3_10","865",35.03,,18.4403,-179.5558,39.4459846282147,"A. rohri",,,,"boron_isotopes_anagnostou_2020_p1.0.xlsx","Sheet1",105,2020,"865_B_4_6_3_10","865",35.03,,18.4403,-179.5558,39.4459846282147,"A. rohri",,,,"record 1 retained; record 2 removed/merged"
"boron_isotopes_anagnostou_2020_p1.0.xlsx","Sheet1",33,2020,"865_B_4_6_3_10","865",35.03,,18.4403,-179.5558,39.4459846282147,"A. topilensis",,,,"boron_isotopes_anagnostou_2020_p1.0.xlsx","Sheet1",106,2020,"865_B_4_6_3_10","865",35.03,,18.4403,-179.5558,39.4459846282147,"A. topilensis",,,,"record 1 retained; record 2 removed/merged"
"boron_isotopes_anagnostou_2020_p1.0.xlsx","Sheet1",34,2020,"865_B_5_2_10_18","865",38.6,,18.4403,-179.5558,40.2506367345099,"A. rohri",,,,"boron_isotopes_anagnostou_2020_p1.0.xlsx","Sheet1",107,2020,"865_B_5_2_10_18","865",38.6,,18.4403,-179.5558,40.2506367345099,"A. rohri",,,,"record 1 retained; record 2 removed/merged"
"boron_isotopes_anagnostou_2020_p1.0.xlsx","Sheet1",35,2020,"865_B_5_4_6_12","865",41.56,,18.4403,-179.5558,40.9177992652196,"A. rohri",,,,"boron_isotopes_anagnostou_2020_p1.0.xlsx","Sheet1",108,2020,"865_B_5_4_6_12","865",41.56,,18.4403,-179.5558,40.9177992652196,"A. rohri",,,,"record 1 retained; record 2 removed/merged"
"boron_isotopes_anagnostou_2020_p1.0.xlsx","Sheet1",36,2020,"865_B_5_6_0_10","865",44,,18.4403,-179.5558,41.4677575675615,"A. rohri",,,,"boron_isotopes_anagnostou_2020_p1.0.xlsx","Sheet1",109,2020,"865_B_5_6_0_10","865",44,,18.4403,-179.5558,41.4677575675615,"A. rohri",,,,"record 1 retained; record 2 removed/merged"
"boron_isotopes_anagnostou_2020_p1.0.xlsx","Sheet1",37,2020,"865_B_6_2_8_16","865",48.08,,18.4403,-179.5558,42.387359974756,"A. rohri",,,,"boron_isotopes_anagnostou_2020_p1.0.xlsx","Sheet1",110,2020,"865_B_6_2_8_16","865",48.08,,18.4403,-179.5558,42.387359974756,"A. rohri",,,,"record 1 retained; record 2 removed/merged"
"boron_isotopes_anagnostou_2020_p1.0.xlsx","Sheet1",38,2020,"865_B_6_4_10_17","865",51.1,,18.4403,-179.5558,43.0680460702775,"A.praetopilensis",,,,"boron_isotopes_anagnostou_2020_p1.0.xlsx","Sheet1",111,2020,"865_B_6_4_10_17","865",51.1,,18.4403,-179.5558,43.0680460702775,"A.praetopilensis",,,,"record 1 retained; record 2 removed/merged"
"boron_isotopes_anagnostou_2020_p1.0.xlsx","Sheet1",39,2020,"865_B_6_4_10_17","865",51.1,,18.4403,-179.5558,43.0680460702775,"A. praetopilensis",,,,"boron_isotopes_anagnostou_2020_p1.0.xlsx","Sheet1",112,2020,"865_B_6_4_10_17","865",51.1,,18.4403,-179.5558,43.0680460702775,"A. praetopilensis",,,,"record 1 retained; record 2 removed/merged"
"boron_isotopes_anagnostou_2020_p1.0.xlsx","Sheet1",40,2020,"865_B_7_5_0_10","865",52.5,,18.4403,-179.5558,43.3835959158834,"A. praetopilensis",,,,"boron_isotopes_anagnostou_2020_p1.0.xlsx","Sheet1",113,2020,"865_B_7_5_0_10","865",52.5,,18.4403,-179.5558,43.3835959158834,"A. praetopilensis",,,,"record 1 retained; record 2 removed/merged"
"boron_isotopes_anagnostou_2020_p1.0.xlsx","Sheet1",41,2020,"865_B_6_6_10_17","865",54.1,,18.4403,-179.5558,43.7442243108617,"A. praetopilensis",,,,"boron_isotopes_anagnostou_2020_p1.0.xlsx","Sheet1",114,2020,"865_B_6_6_10_17","865",54.1,,18.4403,-179.5558,43.7442243108617,"A. praetopilensis",,,,"record 1 retained; record 2 removed/merged"
"boron_isotopes_anagnostou_2020_p1.0.xlsx","Sheet1",42,2020,"865_B_7_2_12_17","865",57.62,,18.4403,-179.5558,44.5376067798138,"A. praetopilensis",,,,"boron_isotopes_anagnostou_2020_p1.0.xlsx","Sheet1",115,2020,"865_B_7_2_12_17","865",57.62,,18.4403,-179.5558,44.5376067798138,"A. praetopilensis",,,,"record 1 retained; record 2 removed/merged"
"boron_isotopes_anagnostou_2020_p1.0.xlsx","Sheet1",43,2020,"865_B_7_3_11_18","865",59.11,,18.4403,-179.5558,44.8734419726373,"A. rohri",,,,"boron_isotopes_anagnostou_2020_p1.0.xlsx","Sheet1",116,2020,"865_B_7_3_11_18","865",59.11,,18.4403,-179.5558,44.8734419726373,"A. rohri",,,,"record 1 retained; record 2 removed/merged"
"boron_isotopes_anagnostou_2020_p1.0.xlsx","Sheet1",44,2020,"865_B_7_3_11_18","865",59.11,,18.4403,-179.5558,44.8734419726373,"A. mcgowrani",,,,"boron_isotopes_anagnostou_2020_p1.0.xlsx","Sheet1",117,2020,"865_B_7_3_11_18","865",59.11,,18.4403,-179.5558,44.8734419726373,"A. mcgowrani",,,,"record 1 retained; record 2 removed/merged"
"boron_isotopes_anagnostou_2020_p1.0.xlsx","Sheet1",45,2020,"865_B_7_3_11_18","865",59.11,,18.4403,-179.5558,44.8734419726373,"A. praetopilensis",,,,"boron_isotopes_anagnostou_2020_p1.0.xlsx","Sheet1",118,2020,"865_B_7_3_11_18","865",59.11,,18.4403,-179.5558,44.8734419726373,"A. praetopilensis",,,,"record 1 retained; record 2 removed/merged"
"boron_isotopes_anagnostou_2020_p1.0.xlsx","Sheet1",46,2020,"865_B_7_3_11_18","865",59.11,,18.4403,-179.5558,44.8734419726373,"T. frontosa",,,,"boron_isotopes_anagnostou_2020_p1.0.xlsx","Sheet1",119,2020,"865_B_7_3_11_18","865",59.11,,18.4403,-179.5558,44.8734419726373,"T. frontosa",,,,"record 1 retained; record 2 removed/merged"
"boron_isotopes_anagnostou_2020_p1.0.xlsx","Sheet1",47,2020,"865_B_7_4_8_17","865",60.58,,18.4403,-179.5558,45.2047693105236,"A. praetopilensis",,,,"boron_isotopes_anagnostou_2020_p1.0.xlsx","Sheet1",120,2020,"865_B_7_4_8_17","865",60.58,,18.4403,-179.5558,45.2047693105236,"A. praetopilensis",,,,"record 1 retained; record 2 removed/merged"
"boron_isotopes_anagnostou_2020_p1.0.xlsx","Sheet1",48,2020,"865_B_7_4_8_17","865",60.58,,18.4403,-179.5558,45.2047693105236,"A. praetopilensis",,,,"boron_isotopes_anagnostou_2020_p1.0.xlsx","Sheet1",121,2020,"865_B_7_4_8_17","865",60.58,,18.4403,-179.5558,45.2047693105236,"A. praetopilensis",,,,"record 1 retained; record 2 removed/merged"
"boron_isotopes_anagnostou_2020_p1.0.xlsx","Sheet1",49,2020,"865_B_7_6__","865",63.015,,18.4403,-179.5558,45.7536006491311,"A. praetopilensis",,,,"boron_isotopes_anagnostou_2020_p1.0.xlsx","Sheet1",122,2020,"865_B_7_6__","865",63.015,,18.4403,-179.5558,45.7536006491311,"A. praetopilensis",,,,"record 1 retained; record 2 removed/merged"
"boron_isotopes_anagnostou_2020_p1.0.xlsx","Sheet1",50,2020,"865_B_8_1__","865",65.515,,18.4403,-179.5558,46.3170825162846,"A. pseudotopilensis",,,,"boron_isotopes_anagnostou_2020_p1.0.xlsx","Sheet1",123,2020,"865_B_8_1__","865",65.515,,18.4403,-179.5558,46.3170825162846,"A. pseudotopilensis",,,,"record 1 retained; record 2 removed/merged"
"boron_isotopes_anagnostou_2020_p1.0.xlsx","Sheet1",51,2020,"865_B_8_2__","865",67.015,,18.4403,-179.5558,46.6551716365767,"A. pseudotopilensis",,,,"boron_isotopes_anagnostou_2020_p1.0.xlsx","Sheet1",124,2020,"865_B_8_2__","865",67.015,,18.4403,-179.5558,46.6551716365767,"A. pseudotopilensis",,,,"record 1 retained; record 2 removed/merged"
"boron_isotopes_anagnostou_2020_p1.0.xlsx","Sheet1",52,2020,"865_B_8_4__","865",70.015,,18.4403,-179.5558,47.331349877161,"A. pseudotopilensis",,,,"boron_isotopes_anagnostou_2020_p1.0.xlsx","Sheet1",125,2020,"865_B_8_4__","865",70.015,,18.4403,-179.5558,47.331349877161,"A. pseudotopilensis",,,,"record 1 retained; record 2 removed/merged"
"boron_isotopes_anagnostou_2020_p1.0.xlsx","Sheet1",53,2020,"865_B_8_6_5_10","865",73.05,,18.4403,-179.5558,48.0154168638853,"A. pentacamerata",,,,"boron_isotopes_anagnostou_2020_p1.0.xlsx","Sheet1",126,2020,"865_B_8_6_5_10","865",73.05,,18.4403,-179.5558,48.0154168638853,"A. pentacamerata",,,,"record 1 retained; record 2 removed/merged"
"boron_isotopes_anagnostou_2020_p1.0.xlsx","Sheet1",54,2020,"865_B_8_6_5_10","865",73.05,,18.4403,-179.5558,48.0154168638853,"G. nuttalli/Gk. Transition",,,,"boron_isotopes_anagnostou_2020_p1.0.xlsx","Sheet1",127,2020,"865_B_8_6_5_10","865",73.05,,18.4403,-179.5558,48.0154168638853,"G. nuttalli/Gk. Transition",,,,"record 1 retained; record 2 removed/merged"
"boron_isotopes_anagnostou_2020_p1.0.xlsx","Sheet1",55,2020,"865_B_9_3__","865",78.015,,18.4403,-179.5558,49.1344918520522,"A. quetra",,,,"boron_isotopes_anagnostou_2020_p1.0.xlsx","Sheet1",128,2020,"865_B_9_3__","865",78.015,,18.4403,-179.5558,49.1344918520522,"A. quetra",,,,"record 1 retained; record 2 removed/merged"
"boron_isotopes_anagnostou_2020_p1.0.xlsx","Sheet1",56,2020,"865_B_9_5_5_13","865",81.05,,18.4403,-179.5558,49.8185588387766,"A. quetra",,,,"boron_isotopes_anagnostou_2020_p1.0.xlsx","Sheet1",129,2020,"865_B_9_5_5_13","865",81.05,,18.4403,-179.5558,49.8185588387766,"A. quetra",,,,"record 1 retained; record 2 removed/merged"
"boron_isotopes_anagnostou_2020_p1.0.xlsx","Sheet1",57,2020,"1407_A_12_CC__","1407",102.83,,41.424988,-49.823312,48.112476348877,"A. pseudotopilensis",,,,"boron_isotopes_anagnostou_2020_p1.0.xlsx","Sheet1",130,2020,"1407_A_12_CC__","1407",102.83,,41.424988,-49.823312,48.112476348877,"A. pseudotopilensis",,,,"record 1 retained; record 2 removed/merged"
"boron_isotopes_anagnostou_2020_p1.0.xlsx","Sheet1",58,2020,"1409_C_13_CC__","1409",116.28,,41.295653,-49.233088,49.9907417297363,"M. crater",,,,"boron_isotopes_anagnostou_2020_p1.0.xlsx","Sheet1",131,2020,"1409_C_13_CC__","1409",116.28,,41.295653,-49.233088,49.9907417297363,"M. crater",,,,"record 1 retained; record 2 removed/merged"
"boron_isotopes_anagnostou_2020_p1.0.xlsx","Sheet1",59,2020,"1409_C_13_CC__","1409",116.28,,41.295653,-49.233088,49.9907417297363,"P. broedermanni",,,,"boron_isotopes_anagnostou_2020_p1.0.xlsx","Sheet1",132,2020,"1409_C_13_CC__","1409",116.28,,41.295653,-49.233088,49.9907417297363,"P. broedermanni",,,,"record 1 retained; record 2 removed/merged"
"boron_isotopes_anagnostou_2020_p1.0.xlsx","Sheet1",60,2020,"1409_B_13_3__","1409",116.46,,41.295822,-49.233087,50.5416145324707,"A. cuneicamerata",,,,"boron_isotopes_anagnostou_2020_p1.0.xlsx","Sheet1",133,2020,"1409_B_13_3__","1409",116.46,,41.295822,-49.233087,50.5416145324707,"A. cuneicamerata",,,,"record 1 retained; record 2 removed/merged"
"boron_isotopes_anagnostou_2020_p1.0.xlsx","Sheet1",61,2020,"1409_B_13_3__","1409",117.01,,41.295822,-49.233087,50.5937614440918,"A. cuneicamerata",,,,"boron_isotopes_anagnostou_2020_p1.0.xlsx","Sheet1",134,2020,"1409_B_13_3__","1409",117.01,,41.295822,-49.233087,50.5937614440918,"A. cuneicamerata",,,,"record 1 retained; record 2 removed/merged"
"boron_isotopes_anagnostou_2020_p1.0.xlsx","Sheet1",62,2020,"1409_B_13_3__","1409",117.11,,41.295822,-49.233087,50.6032409667969,"A. cuneicamerata",,,,"boron_isotopes_anagnostou_2020_p1.0.xlsx","Sheet1",135,2020,"1409_B_13_3__","1409",117.11,,41.295822,-49.233087,50.6032409667969,"A. cuneicamerata",,,,"record 1 retained; record 2 removed/merged"
"boron_isotopes_anagnostou_2020_p1.0.xlsx","Sheet1",63,2020,"1409_B_13_3__","1409",117.11,,41.295822,-49.233087,50.6032409667969,"A. pseudotopilensis",,,,"boron_isotopes_anagnostou_2020_p1.0.xlsx","Sheet1",136,2020,"1409_B_13_3__","1409",117.11,,41.295822,-49.233087,50.6032409667969,"A. pseudotopilensis",,,,"record 1 retained; record 2 removed/merged"
"boron_isotopes_anagnostou_2020_p1.0.xlsx","Sheet1",64,2020,"1409_B_13_4__","1409",117.31,,41.295822,-49.233087,50.6222038269043,"A. cuneicamerata",,,,"boron_isotopes_anagnostou_2020_p1.0.xlsx","Sheet1",137,2020,"1409_B_13_4__","1409",117.31,,41.295822,-49.233087,50.6222038269043,"A. cuneicamerata",,,,"record 1 retained; record 2 removed/merged"
"boron_isotopes_anagnostou_2020_p1.0.xlsx","Sheet1",65,2020,"1409_B_13_4__","1409",118.51,,41.295822,-49.233087,50.6830139160156,"A. cuneicamerata",,,,"boron_isotopes_anagnostou_2020_p1.0.xlsx","Sheet1",138,2020,"1409_B_13_4__","1409",118.51,,41.295822,-49.233087,50.6830139160156,"A. cuneicamerata",,,,"record 1 retained; record 2 removed/merged"
"boron_isotopes_anagnostou_2020_p1.0.xlsx","Sheet1",66,2020,"1409_C_16_CC__","1409",131.24,,41.295653,-49.233088,51.2885246276855,"M. crater",,,,"boron_isotopes_anagnostou_2020_p1.0.xlsx","Sheet1",139,2020,"1409_C_16_CC__","1409",131.24,,41.295653,-49.233088,51.2885246276855,"M. crater",,,,"record 1 retained; record 2 removed/merged"
"boron_isotopes_anagnostou_2020_p1.0.xlsx","Sheet1",67,2020,"1409_C_17_3__","1409",134.81,,41.295653,-49.233088,51.6048927307129,"A. pseudosubsphaerica",,,,"boron_isotopes_anagnostou_2020_p1.0.xlsx","Sheet1",140,2020,"1409_C_17_3__","1409",134.81,,41.295653,-49.233088,51.6048927307129,"A. pseudosubsphaerica",,,,"record 1 retained; record 2 removed/merged"
"boron_isotopes_anagnostou_2020_p1.0.xlsx","Sheet1",68,2020,"1409_C_17_3__","1409",135.11,,41.295653,-49.233088,51.6314735412598,"A. pseudosubsphaerica",,,,"boron_isotopes_anagnostou_2020_p1.0.xlsx","Sheet1",141,2020,"1409_C_17_3__","1409",135.11,,41.295653,-49.233088,51.6314735412598,"A. pseudosubsphaerica",,,,"record 1 retained; record 2 removed/merged"
"boron_isotopes_anagnostou_2020_p1.0.xlsx","Sheet1",69,2020,"1409_C_17_3__","1409",135.11,,41.295653,-49.233088,51.6314735412598,"A. pseudotopilensis",,,,"boron_isotopes_anagnostou_2020_p1.0.xlsx","Sheet1",142,2020,"1409_C_17_3__","1409",135.11,,41.295653,-49.233088,51.6314735412598,"A. pseudotopilensis",,,,"record 1 retained; record 2 removed/merged"
"boron_isotopes_anagnostou_2020_p1.0.xlsx","Sheet1",70,2020,"1409_C_17_3__","1409",135.41,,41.295653,-49.233088,51.6580619812012,"A. pseudosubsphaerica",,,,"boron_isotopes_anagnostou_2020_p1.0.xlsx","Sheet1",143,2020,"1409_C_17_3__","1409",135.41,,41.295653,-49.233088,51.6580619812012,"A. pseudosubsphaerica",,,,"record 1 retained; record 2 removed/merged"
"boron_isotopes_anagnostou_2020_p1.0.xlsx","Sheet1",71,2020,"1409_C_17_3__","1409",135.41,,41.295653,-49.233088,51.6580619812012,"A. pseudosubsphaerica",,,,"boron_isotopes_anagnostou_2020_p1.0.xlsx","Sheet1",144,2020,"1409_C_17_3__","1409",135.41,,41.295653,-49.233088,51.6580619812012,"A. pseudosubsphaerica",,,,"record 1 retained; record 2 removed/merged"
"boron_isotopes_anagnostou_2020_p1.0.xlsx","Sheet1",72,2020,"1409_C_17_3__","1409",135.41,,41.295653,-49.233088,51.6580619812012,"A. pseudotopilensis",,,,"boron_isotopes_anagnostou_2020_p1.0.xlsx","Sheet1",145,2020,"1409_C_17_3__","1409",135.41,,41.295653,-49.233088,51.6580619812012,"A. pseudotopilensis",,,,"record 1 retained; record 2 removed/merged"
"boron_isotopes_anagnostou_2020_p1.0.xlsx","Sheet1",73,2020,"1409_C_17_3__","1409",136.01,,41.295653,-49.233088,51.7112312316895,"A. pseudosubsphaerica",,,,"boron_isotopes_anagnostou_2020_p1.0.xlsx","Sheet1",146,2020,"1409_C_17_3__","1409",136.01,,41.295653,-49.233088,51.7112312316895,"A. pseudosubsphaerica",,,,"record 1 retained; record 2 removed/merged"
"boron_isotopes_anagnostou_2020_p1.0.xlsx","Sheet1",74,2020,"1409_B_17_2__","1409",143.64,,41.295822,-49.233087,52.881664276123,"M. subbotinae",,,,"boron_isotopes_anagnostou_2020_p1.0.xlsx","Sheet1",147,2020,"1409_B_17_2__","1409",143.64,,41.295822,-49.233087,52.881664276123,"M. subbotinae",,,,"record 1 retained; record 2 removed/merged"
"boron_isotopes_anagnostou_2020_p1.0.xlsx","Sheet1",75,2020,"1409_B_17_2__","1409",143.64,,41.295822,-49.233087,52.881664276123,"A. soldadoensis",,,,"boron_isotopes_anagnostou_2020_p1.0.xlsx","Sheet1",148,2020,"1409_B_17_2__","1409",143.64,,41.295822,-49.233087,52.881664276123,"A. soldadoensis",,,,"record 1 retained; record 2 removed/merged"
"boron_isotopes_anagnostou_2020_p1.0.xlsx","Sheet1",76,2020,"1409_B_18_2__","1409",153.13,,41.295822,-49.233087,53.8714714050293,"M. subbotinae",,,,"boron_isotopes_anagnostou_2020_p1.0.xlsx","Sheet1",149,2020,"1409_B_18_2__","1409",153.13,,41.295822,-49.233087,53.8714714050293,"M. subbotinae",,,,"record 1 retained; record 2 removed/merged"
"boron_isotopes_anagnostou_2016_p1.0.xlsx","Sheet1",14,2016,"TDP17__13_2_0_50","TDP17",,42.7,-9.18638889,39.55111111,32.98,"Turborotalia ampliapertura offseted to mixed layer","14.7,14.73",,0.0300000000000011,"boron_isotopes_anagnostou_2020_p1.0.xlsx","Sheet1",150,2020,"TDP17__13_2_0_50","TDP17",,42.7,-9.18638889,39.55111111,32.98,"Turborotalia ampliapertura offseted to mixed layer","14.7,14.73",,0.0300000000000011,"record 1 retained; record 2 removed/merged"
"boron_isotopes_anagnostou_2016_p1.0.xlsx","Sheet1",15,2016,"TDP17__19_1_0_50","TDP17",,59.7,-9.18638889,39.55111111,33.17,"Turborotalia ampliapertura offseted to mixed layer","14.09,14.47",,0.380000000000001,"boron_isotopes_anagnostou_2020_p1.0.xlsx","Sheet1",151,2020,"TDP17__19_1_0_50","TDP17",,59.7,-9.18638889,39.55111111,33.17,"Turborotalia ampliapertura offseted to mixed layer","14.09,14.47",,0.380000000000001,"record 1 retained; record 2 removed/merged"
"boron_isotopes_anagnostou_2016_p1.0.xlsx","Sheet1",16,2016,"TDP17__26_1_40_90","TDP17",,75.45,-9.18638889,39.55111111,33.33,"Turborotalia ampliapertura offseted to mixed layer","13.86,13.94",,0.0800000000000001,"boron_isotopes_anagnostou_2020_p1.0.xlsx","Sheet1",152,2020,"TDP17__26_1_40_90","TDP17",,75.45,-9.18638889,39.55111111,33.33,"Turborotalia ampliapertura offseted to mixed layer","13.86,13.94",,0.0800000000000001,"record 1 retained; record 2 removed/merged"
"boron_isotopes_anagnostou_2016_p1.0.xlsx","Sheet1",17,2016,"TDP12__11_2_0_50","TDP12",,94.25,-9.21527778,39.54833333,33.47,"Turborotalia ampliapertura offseted to mixed layer","13.78,13.78",,0,"boron_isotopes_anagnostou_2020_p1.0.xlsx","Sheet1",153,2020,"TDP12__11_2_0_50","TDP12",,94.25,-9.21527778,39.54833333,33.38,"Turborotalia ampliapertura offseted to mixed layer","13.78,13.78",,0,"ambiguous: both retained; human review needed"
"boron_isotopes_anagnostou_2016_p1.0.xlsx","Sheet1",18,2016,"TDP17__34_2_0_50","TDP17",,99.15,-9.18638889,39.55111111,33.59,"Turborotalia ampliapertura offseted to mixed layer","14.31,14.33",,0.0199999999999996,"boron_isotopes_anagnostou_2020_p1.0.xlsx","Sheet1",154,2020,"TDP17__34_2_0_50","TDP17",,99.15,-9.18638889,39.55111111,33.59,"Turborotalia ampliapertura offseted to mixed layer","14.31,14.33",,0.0199999999999996,"record 1 retained; record 2 removed/merged"
"boron_isotopes_anagnostou_2016_p1.0.xlsx","Sheet1",19,2016,"TDP12__21_3_20_50","TDP12",,125.4,-9.21527778,39.54833333,33.96,"Turborotalia ampliapertura offseted to mixed layer","13.73,14.03",,0.299999999999999,"boron_isotopes_anagnostou_2020_p1.0.xlsx","Sheet1",155,2020,"TDP12__21_3_20_50","TDP12",,125.4,-9.21527778,39.54833333,33.96,"Turborotalia ampliapertura offseted to mixed layer","13.73,14.03",,0.299999999999999,"record 1 retained; record 2 removed/merged"
"boron_isotopes_anagnostou_2016_p1.0.xlsx","Sheet1",20,2016,"TDP12__32_1_0_50","TDP12",,154.7,-9.21527778,39.54833333,34.21,"Turborotalia ampliapertura offseted to mixed layer","13.69,13.83",,0.140000000000001,"boron_isotopes_anagnostou_2020_p1.0.xlsx","Sheet1",156,2020,"TDP12__32_1_0_50","TDP12",,154.7,-9.21527778,39.54833333,34.21,"Turborotalia ampliapertura offseted to mixed layer","13.69,13.83",,0.140000000000001,"record 1 retained; record 2 removed/merged"
"boron_isotopes_anagnostou_2016_p1.0.xlsx","Sheet1",21,2016,"TDP12__40_3_0_50","TDP12",,179.5,-9.21527778,39.54833333,34.42,"Turborotalia ampliapertura offseted to mixed layer","13.59,13.95",,0.359999999999999,"boron_isotopes_anagnostou_2020_p1.0.xlsx","Sheet1",157,2020,"TDP12__40_3_0_50","TDP12",,179.5,-9.21527778,39.54833333,34.42,"Turborotalia ampliapertura offseted to mixed layer","13.59,13.95",,0.359999999999999,"record 1 retained; record 2 removed/merged"
"boron_isotopes_anagnostou_2016_p1.0.xlsx","Sheet1",22,2016,"TDP12__47_3_0_50","TDP12",,204.7,-9.21527778,39.54833333,34.63,"Turborotalia ampliapertura offseted to mixed layer","13.92,14.14",,0.220000000000001,"boron_isotopes_anagnostou_2020_p1.0.xlsx","Sheet1",158,2020,"TDP12__47_3_0_50","TDP12",,204.7,-9.21527778,39.54833333,34.63,"Turborotalia ampliapertura offseted to mixed layer","13.92,14.14",,0.220000000000001,"record 1 retained; record 2 removed/merged"
"boron_isotopes_anagnostou_2016_p1.0.xlsx","Sheet1",6,2016,"TDP2__9_3_90_100","TDP2",,,-8.917714,39.5036471236085,44.4,"Guembelitrioides nuttalli/ Globigerinatheka transition",,,,"boron_isotopes_anagnostou_2020_p1.0.xlsx","Sheet1",161,2020,"TDP2__9_3_90_100","TDP2",,,-8.917714,39.5036471236085,44.4,"Guembelitrioides nuttalli/ Globigerinatheka transition",,,,"record 1 retained; record 2 removed/merged"
"boron_isotopes_seki_2010_p1.0.xlsx","Sheet1",19,2010,"999_A_8_4_51_53","999",69.61,,12.744,-78.7393,2.109,"Globigerinoides sacculifer","17.79,17.85",,0.0600000000000023,"boron_isotopes_delavega_2021_p1.0.xlsx","Sheet1",121,2020,"999_A_8_4_51_53","999",,,12.75,-78.73,2.019288,"Trilobatus sacculifer",,,,"ambiguous: both retained; human review needed"
"boron_isotopes_sosdian_2018_p1.0.xlsx","Sheet1",53,2018,"999_A_8_4_51_53","999",69.61,,12.744,-78.7393,2.01928793751238,"Globigerinoides sacculifer","17.79,17.85",,0.0600000000000023,"boron_isotopes_delavega_2021_p1.0.xlsx","Sheet1",121,2020,"999_A_8_4_51_53","999",,,12.75,-78.73,2.019288,"Trilobatus sacculifer",,,,"ambiguous: both retained; human review needed"
"boron_isotopes_seki_2010_p1.0.xlsx","Sheet1",20,2010,"999_A_11_3_13_15","999",96.23,,12.744,-78.7393,2.985,"Globigerinoides sacculifer","18.09,18.32",,0.23,"boron_isotopes_delavega_2021_p1.0.xlsx","Sheet1",122,2020,"999_A_11_3_13_15","999",,,12.75,-78.73,2.941223,"Trilobatus sacculifer",,,,"ambiguous: both retained; human review needed"
"boron_isotopes_sosdian_2018_p1.0.xlsx","Sheet1",54,2018,"999_A_11_3_13_15","999",96.23,,12.744,-78.7393,2.94122261078642,"Globigerinoides sacculifer","18.09,18.32",,0.23,"boron_isotopes_delavega_2021_p1.0.xlsx","Sheet1",122,2020,"999_A_11_3_13_15","999",,,12.75,-78.73,2.941223,"Trilobatus sacculifer",,,,"ambiguous: both retained; human review needed"
"boron_isotopes_seki_2010_p1.0.xlsx","Sheet1",21,2010,"999_A_12_1_81_83","999",103.41,,12.744,-78.7393,3.229,"Globigerinoides sacculifer","17.86,18.14",,0.280000000000001,"boron_isotopes_delavega_2021_p1.0.xlsx","Sheet1",124,2020,"999_A_12_1_81_83","999",,,12.75,-78.73,3.204404,"Trilobatus sacculifer",,,,"ambiguous: both retained; human review needed"
"boron_isotopes_sosdian_2018_p1.0.xlsx","Sheet1",55,2018,"999_A_12_1_81_83","999",103.41,,12.744,-78.7393,3.20440420423842,"Globigerinoides sacculifer","17.86,18.14",,0.280000000000001,"boron_isotopes_delavega_2021_p1.0.xlsx","Sheet1",124,2020,"999_A_12_1_81_83","999",,,12.75,-78.73,3.204404,"Trilobatus sacculifer",,,,"ambiguous: both retained; human review needed"
"boron_isotopes_seki_2010_p1.0.xlsx","Sheet1",22,2010,"999_A_14_4_52_54","999",126.62,,12.744,-78.7393,4.028,"Globigerinoides sacculifer","17.71,17.76",,0.0500000000000007,"boron_isotopes_delavega_2021_p1.0.xlsx","Sheet1",126,2020,"999_A_14_4_52_54","999",,,12.75,-78.73,4.003177,"Trilobatus sacculifer",,,,"ambiguous: both retained; human review needed"
"boron_isotopes_sosdian_2018_p1.0.xlsx","Sheet1",56,2018,"999_A_14_4_52_54","999",126.62,,12.744,-78.7393,4.00317681138602,"Globigerinoides sacculifer","17.71,17.76",,0.0500000000000007,"boron_isotopes_delavega_2021_p1.0.xlsx","Sheet1",126,2020,"999_A_14_4_52_54","999",,,12.75,-78.73,4.003177,"Trilobatus sacculifer",,,,"ambiguous: both retained; human review needed"
"boron_isotopes_seki_2010_p1.0.xlsx","Sheet1",23,2010,"999_A_15_3_53_55","999",134.63,,12.744,-78.7393,4.342,"Globigerinoides sacculifer","17.84,17.99",,0.149999999999999,"boron_isotopes_delavega_2021_p1.0.xlsx","Sheet1",127,2020,"999_A_15_3_53_55","999",,,12.75,-78.73,4.225709,"Trilobatus sacculifer",,,,"ambiguous: both retained; human review needed"
"boron_isotopes_sosdian_2018_p1.0.xlsx","Sheet1",57,2018,"999_A_15_3_53_55","999",134.63,,12.744,-78.7393,4.22570892817334,"Globigerinoides sacculifer","17.84,17.99",,0.149999999999999,"boron_isotopes_delavega_2021_p1.0.xlsx","Sheet1",127,2020,"999_A_15_3_53_55","999",,,12.75,-78.73,4.225709,"Trilobatus sacculifer",,,,"ambiguous: both retained; human review needed"
"boron_isotopes_jurikova_2020.xlsx","4. boron isotopes",49,2020,"____0.15_0.15",,0.15,0.15,46.6590941692345,11.8203227683084,251.934,"Orthotetina",,,0.2,"boron_isotopes_jurikova_2020.xlsx","4. boron isotopes",68,2020,"____0.15_0.15",,0.15,0.15,46.6590941692345,11.8203227683084,251.934,"Ombonia",,,2.07436932306721,"ambiguous: both retained; human review needed"
"boron_isotopes_jurikova_2020.xlsx","4. boron isotopes",50,2020,"____0.15_0.15",,0.15,0.15,46.6590941692345,11.8203227683084,251.934,"Ombonia",,,0.2,"boron_isotopes_jurikova_2020.xlsx","4. boron isotopes",68,2020,"____0.15_0.15",,0.15,0.15,46.6590941692345,11.8203227683084,251.934,"Ombonia",,,2.07436932306721,"ambiguous: both retained; human review needed"
"boron_isotopes_jurikova_2020.xlsx","4. boron isotopes",51,2020,"____0.15_0.15",,0.15,0.15,46.6590941692345,11.8203227683084,251.934,"Ombonia",,,0.2,"boron_isotopes_jurikova_2020.xlsx","4. boron isotopes",68,2020,"____0.15_0.15",,0.15,0.15,46.6590941692345,11.8203227683084,251.934,"Ombonia",,,2.07436932306721,"ambiguous: both retained; human review needed"
"boron_isotopes_jurikova_2020.xlsx","4. boron isotopes",49,2020,"____0.15_0.15",,0.15,0.15,46.6590941692345,11.8203227683084,251.934,"Orthotetina",,,0.2,"boron_isotopes_jurikova_2020.xlsx","4. boron isotopes",69,2020,"____0.15_0.15",,0.15,0.15,46.6590941692345,11.8203227683084,251.934,"Janiceps",,,1.12094616315426,"ambiguous: both retained; human review needed"
"boron_isotopes_jurikova_2020.xlsx","4. boron isotopes",50,2020,"____0.15_0.15",,0.15,0.15,46.6590941692345,11.8203227683084,251.934,"Ombonia",,,0.2,"boron_isotopes_jurikova_2020.xlsx","4. boron isotopes",69,2020,"____0.15_0.15",,0.15,0.15,46.6590941692345,11.8203227683084,251.934,"Janiceps",,,1.12094616315426,"ambiguous: both retained; human review needed"
"boron_isotopes_jurikova_2020.xlsx","4. boron isotopes",51,2020,"____0.15_0.15",,0.15,0.15,46.6590941692345,11.8203227683084,251.934,"Ombonia",,,0.2,"boron_isotopes_jurikova_2020.xlsx","4. boron isotopes",69,2020,"____0.15_0.15",,0.15,0.15,46.6590941692345,11.8203227683084,251.934,"Janiceps",,,1.12094616315426,"ambiguous: both retained; human review needed"
"boron_isotopes_jurikova_2020.xlsx","4. boron isotopes",49,2020,"____0.15_0.15",,0.15,0.15,46.6590941692345,11.8203227683084,251.934,"Orthotetina",,,0.2,"boron_isotopes_jurikova_2020.xlsx","4. boron isotopes",70,2020,"____0.15_0.15",,0.15,0.15,46.6590941692345,11.8203227683084,251.934,"Ombonia",,,0.639146556900998,"ambiguous: both retained; human review needed"
"boron_isotopes_jurikova_2020.xlsx","4. boron isotopes",50,2020,"____0.15_0.15",,0.15,0.15,46.6590941692345,11.8203227683084,251.934,"Ombonia",,,0.2,"boron_isotopes_jurikova_2020.xlsx","4. boron isotopes",70,2020,"____0.15_0.15",,0.15,0.15,46.6590941692345,11.8203227683084,251.934,"Ombonia",,,0.639146556900998,"ambiguous: both retained; human review needed"
"boron_isotopes_jurikova_2020.xlsx","4. boron isotopes",51,2020,"____0.15_0.15",,0.15,0.15,46.6590941692345,11.8203227683084,251.934,"Ombonia",,,0.2,"boron_isotopes_jurikova_2020.xlsx","4. boron isotopes",70,2020,"____0.15_0.15",,0.15,0.15,46.6590941692345,11.8203227683084,251.934,"Ombonia",,,0.639146556900998,"ambiguous: both retained; human review needed"
"boron_isotopes_jurikova_2020.xlsx","4. boron isotopes",55,2020,"____0.15_0.15",,0.15,0.15,46.2926927570416,9.91842891612784,251.934,"Comelicothyris",,,0.2,"boron_isotopes_jurikova_2020.xlsx","4. boron isotopes",71,2020,"____0.15_0.15",,0.15,0.15,46.2926927570416,9.91842891612784,251.934,"Comelicothyris",,,1.39415932379395,"ambiguous: both retained; human review needed"
"boron_isotopes_guillermic_2022_p1.0.xlsx","Sheet1",12,2062.02109792738,"ODP 806_B_6_2_0_2","ODP 806",,,0.3185,159.3615,2.06202109792738,"Globigerinoides ruber","19.3399684407694","5.01669945816092",,"boron_isotopes_guillermic_2022_p1.0.xlsx","Sheet1",101,2062.02109792738,"ODP 806_B_6_2_0_2","ODP 806",,,0.3185,159.3615,2.06202109792738,"Globigerinoides ruber","19.3399684407694","5.01669945816092",,"record 1 retained; record 2 removed/merged"
"boron_isotopes_guillermic_2022_p1.0.xlsx","Sheet1",12,2062.02109792738,"ODP 806_B_6_2_0_2","ODP 806",,,0.3185,159.3615,2.06202109792738,"Globigerinoides ruber","19.3399684407694","5.01669945816092",,"boron_isotopes_guillermic_2022_p1.0.xlsx","Sheet1",190,2062.02109792738,"ODP 806_B_6_2_0_2","ODP 806",,,0.3185,159.3615,2.06202109792738,"Globigerinoides ruber","19.3399684407694","5.01669945816092",,"record 1 retained; record 2 removed/merged"
"boron_isotopes_guillermic_2022_p1.0.xlsx","Sheet1",13,2358.04995766209,"ODP 806_B_6_7_24_26","ODP 806",,,0.3185,159.3615,2.35804995766209,"Globigerinoides ruber","19.29,19.45","3.77205486735043",,"boron_isotopes_guillermic_2022_p1.0.xlsx","Sheet1",102,2358.04995766209,"ODP 806_B_6_7_24_26","ODP 806",,,0.3185,159.3615,2.35804995766209,"Globigerinoides ruber","19.29,19.45","3.77205486735043",,"record 1 retained; record 2 removed/merged"
"boron_isotopes_guillermic_2022_p1.0.xlsx","Sheet1",13,2358.04995766209,"ODP 806_B_6_7_24_26","ODP 806",,,0.3185,159.3615,2.35804995766209,"Globigerinoides ruber","19.29,19.45","3.77205486735043",,"boron_isotopes_guillermic_2022_p1.0.xlsx","Sheet1",191,2358.04995766209,"ODP 806_B_6_7_24_26","ODP 806",,,0.3185,159.3615,2.35804995766209,"Globigerinoides ruber","19.29,19.45","3.77205486735043",,"record 1 retained; record 2 removed/merged"
"boron_isotopes_guillermic_2022_p1.0.xlsx","Sheet1",14,2376.41348044425,"ODP 806_B_7_1_24_26","ODP 806",,,0.3185,159.3615,2.37641348044425,"Globigerinoides ruber","18.38,18.63","3.98151600647593",,"boron_isotopes_guillermic_2022_p1.0.xlsx","Sheet1",103,2376.41348044425,"ODP 806_B_7_1_24_26","ODP 806",,,0.3185,159.3615,2.37641348044425,"Globigerinoides ruber","18.38,18.63","3.98151600647593",,"record 1 retained; record 2 removed/merged"
"boron_isotopes_guillermic_2022_p1.0.xlsx","Sheet1",14,2376.41348044425,"ODP 806_B_7_1_24_26","ODP 806",,,0.3185,159.3615,2.37641348044425,"Globigerinoides ruber","18.38,18.63","3.98151600647593",,"boron_isotopes_guillermic_2022_p1.0.xlsx","Sheet1",192,2376.41348044425,"ODP 806_B_7_1_24_26","ODP 806",,,0.3185,159.3615,2.37641348044425,"Globigerinoides ruber","18.38,18.63","3.98151600647593",,"record 1 retained; record 2 removed/merged"
"boron_isotopes_guillermic_2022_p1.0.xlsx","Sheet1",15,2399.58593810049,"ODP 806_B_7_1_85_87","ODP 806",,,0.3185,159.3615,2.39958593810049,"Globigerinoides ruber","17.8465412953883","4.34569806475101",,"boron_isotopes_guillermic_2022_p1.0.xlsx","Sheet1",104,2399.58593810049,"ODP 806_B_7_1_85_87","ODP 806",,,0.3185,159.3615,2.39958593810049,"Globigerinoides ruber","17.8465412953883","4.34569806475101",,"record 1 retained; record 2 removed/merged"
"boron_isotopes_guillermic_2022_p1.0.xlsx","Sheet1",15,2399.58593810049,"ODP 806_B_7_1_85_87","ODP 806",,,0.3185,159.3615,2.39958593810049,"Globigerinoides ruber","17.8465412953883","4.34569806475101",,"boron_isotopes_guillermic_2022_p1.0.xlsx","Sheet1",193,2399.58593810049,"ODP 806_B_7_1_85_87","ODP 806",,,0.3185,159.3615,2.39958593810049,"Globigerinoides ruber","17.8465412953883","4.34569806475101",,"record 1 retained; record 2 removed/merged"
"boron_isotopes_guillermic_2022_p1.0.xlsx","Sheet1",16,2437.92730372649,"ODP 806_B_7_2_38_40","ODP 806",,,0.3185,159.3615,2.43792730372649,"Globigerinoides ruber","16.9667280787451","3.79348286319219",,"boron_isotopes_guillermic_2022_p1.0.xlsx","Sheet1",105,2437.92730372649,"ODP 806_B_7_2_38_40","ODP 806",,,0.3185,159.3615,2.43792730372649,"Globigerinoides ruber","16.9667280787451","3.79348286319219",,"record 1 retained; record 2 removed/merged"
"boron_isotopes_guillermic_2022_p1.0.xlsx","Sheet1",16,2437.92730372649,"ODP 806_B_7_2_38_40","ODP 806",,,0.3185,159.3615,2.43792730372649,"Globigerinoides ruber","16.9667280787451","3.79348286319219",,"boron_isotopes_guillermic_2022_p1.0.xlsx","Sheet1",194,2437.92730372649,"ODP 806_B_7_2_38_40","ODP 806",,,0.3185,159.3615,2.43792730372649,"Globigerinoides ruber","16.9667280787451","3.79348286319219",,"record 1 retained; record 2 removed/merged"
"boron_isotopes_guillermic_2022_p1.0.xlsx","Sheet1",17,2447.20444612591,"ODP 806_B_7_2_63_65","ODP 806",,,0.3185,159.3615,2.44720444612591,"Globigerinoides ruber","18.4986546130204","3.96335642061627",,"boron_isotopes_guillermic_2022_p1.0.xlsx","Sheet1",106,2447.20444612591,"ODP 806_B_7_2_63_65","ODP 806",,,0.3185,159.3615,2.44720444612591,"Globigerinoides ruber","18.4986546130204","3.96335642061627",,"record 1 retained; record 2 removed/merged"
"boron_isotopes_guillermic_2022_p1.0.xlsx","Sheet1",17,2447.20444612591,"ODP 806_B_7_2_63_65","ODP 806",,,0.3185,159.3615,2.44720444612591,"Globigerinoides ruber","18.4986546130204","3.96335642061627",,"boron_isotopes_guillermic_2022_p1.0.xlsx","Sheet1",195,2447.20444612591,"ODP 806_B_7_2_63_65","ODP 806",,,0.3185,159.3615,2.44720444612591,"Globigerinoides ruber","18.4986546130204","3.96335642061627",,"record 1 retained; record 2 removed/merged"
"boron_isotopes_guillermic_2022_p1.0.xlsx","Sheet1",18,2462.39452636003,"ODP 806_B_7_2_104_106","ODP 806",,,0.3185,159.3615,2.46239452636003,"Globigerinoides ruber","17.87,18.37","4.32807258546556",,"boron_isotopes_guillermic_2022_p1.0.xlsx","Sheet1",107,2462.39452636003,"ODP 806_B_7_2_104_106","ODP 806",,,0.3185,159.3615,2.46239452636003,"Globigerinoides ruber","17.87,18.37","4.32807258546556",,"record 1 retained; record 2 removed/merged"
"boron_isotopes_guillermic_2022_p1.0.xlsx","Sheet1",18,2462.39452636003,"ODP 806_B_7_2_104_106","ODP 806",,,0.3185,159.3615,2.46239452636003,"Globigerinoides ruber","17.87,18.37","4.32807258546556",,"boron_isotopes_guillermic_2022_p1.0.xlsx","Sheet1",196,2462.39452636003,"ODP 806_B_7_2_104_106","ODP 806",,,0.3185,159.3615,2.46239452636003,"Globigerinoides ruber","17.87,18.37","4.32807258546556",,"record 1 retained; record 2 removed/merged"
"boron_isotopes_guillermic_2022_p1.0.xlsx","Sheet1",19,2477.92370397612,"ODP 806_B_7_2_146_148","ODP 806",,,0.3185,159.3615,2.47792370397612,"Globigerinoides ruber","17.8927621683715","3.88963415335755",,"boron_isotopes_guillermic_2022_p1.0.xlsx","Sheet1",108,2477.92370397612,"ODP 806_B_7_2_146_148","ODP 806",,,0.3185,159.3615,2.47792370397612,"Globigerinoides ruber","17.8927621683715","3.88963415335755",,"record 1 retained; record 2 removed/merged"
"boron_isotopes_guillermic_2022_p1.0.xlsx","Sheet1",19,2477.92370397612,"ODP 806_B_7_2_146_148","ODP 806",,,0.3185,159.3615,2.47792370397612,"Globigerinoides ruber","17.8927621683715","3.88963415335755",,"boron_isotopes_guillermic_2022_p1.0.xlsx","Sheet1",197,2477.92370397612,"ODP 806_B_7_2_146_148","ODP 806",,,0.3185,159.3615,2.47792370397612,"Globigerinoides ruber","17.8927621683715","3.88963415335755",,"record 1 retained; record 2 removed/merged"
"boron_isotopes_guillermic_2022_p1.0.xlsx","Sheet1",20,2481.24726086275,"ODP 806_B_7_3_5_7","ODP 806",,,0.3185,159.3615,2.48124726086275,"Globigerinoides ruber","18.19,18.77","3.95343006644762",,"boron_isotopes_guillermic_2022_p1.0.xlsx","Sheet1",109,2481.24726086275,"ODP 806_B_7_3_5_7","ODP 806",,,0.3185,159.3615,2.48124726086275,"Globigerinoides ruber","18.19,18.77","3.95343006644762",,"record 1 retained; record 2 removed/merged"
"boron_isotopes_guillermic_2022_p1.0.xlsx","Sheet1",20,2481.24726086275,"ODP 806_B_7_3_5_7","ODP 806",,,0.3185,159.3615,2.48124726086275,"Globigerinoides ruber","18.19,18.77","3.95343006644762",,"boron_isotopes_guillermic_2022_p1.0.xlsx","Sheet1",198,2481.24726086275,"ODP 806_B_7_3_5_7","ODP 806",,,0.3185,159.3615,2.48124726086275,"Globigerinoides ruber","18.19,18.77","3.95343006644762",,"record 1 retained; record 2 removed/merged"
"boron_isotopes_guillermic_2022_p1.0.xlsx","Sheet1",21,2500.78986987786,"ODP 806_B_7_3_58_60","ODP 806",,,0.3185,159.3615,2.50078986987786,"Globigerinoides ruber","18.2690370300418","3.68032306319341",,"boron_isotopes_guillermic_2022_p1.0.xlsx","Sheet1",110,2500.78986987786,"ODP 806_B_7_3_58_60","ODP 806",,,0.3185,159.3615,2.50078986987786,"Globigerinoides ruber","18.2690370300418","3.68032306319341",,"record 1 retained; record 2 removed/merged"
"boron_isotopes_guillermic_2022_p1.0.xlsx","Sheet1",21,2500.78986987786,"ODP 806_B_7_3_58_60","ODP 806",,,0.3185,159.3615,2.50078986987786,"Globigerinoides ruber","18.2690370300418","3.68032306319341",,"boron_isotopes_guillermic_2022_p1.0.xlsx","Sheet1",199,2500.78986987786,"ODP 806_B_7_3_58_60","ODP 806",,,0.3185,159.3615,2.50078986987786,"Globigerinoides ruber","18.2690370300418","3.68032306319341",,"record 1 retained; record 2 removed/merged"
"boron_isotopes_guillermic_2022_p1.0.xlsx","Sheet1",22,2508.15138177535,"ODP 806_B_7_3_78_80","ODP 806",,,0.3185,159.3615,2.50815138177535,"Globigerinoides ruber","18.0004966575147","3.79430108338234",,"boron_isotopes_guillermic_2022_p1.0.xlsx","Sheet1",111,2508.15138177535,"ODP 806_B_7_3_78_80","ODP 806",,,0.3185,159.3615,2.50815138177535,"Globigerinoides ruber","18.0004966575147","3.79430108338234",,"record 1 retained; record 2 removed/merged"
"boron_isotopes_guillermic_2022_p1.0.xlsx","Sheet1",22,2508.15138177535,"ODP 806_B_7_3_78_80","ODP 806",,,0.3185,159.3615,2.50815138177535,"Globigerinoides ruber","18.0004966575147","3.79430108338234",,"boron_isotopes_guillermic_2022_p1.0.xlsx","Sheet1",200,2508.15138177535,"ODP 806_B_7_3_78_80","ODP 806",,,0.3185,159.3615,2.50815138177535,"Globigerinoides ruber","18.0004966575147","3.79430108338234",,"record 1 retained; record 2 removed/merged"
"boron_isotopes_guillermic_2022_p1.0.xlsx","Sheet1",23,2536.42665173807,"ODP 806_B_7_4_5_7","ODP 806",,,0.3185,159.3615,2.53642665173807,"Globigerinoides ruber","18.46,18.6","3.7127269923425",,"boron_isotopes_guillermic_2022_p1.0.xlsx","Sheet1",112,2536.42665173807,"ODP 806_B_7_4_5_7","ODP 806",,,0.3185,159.3615,2.53642665173807,"Globigerinoides ruber","18.46,18.6","3.7127269923425",,"record 1 retained; record 2 removed/merged"
"boron_isotopes_guillermic_2022_p1.0.xlsx","Sheet1",23,2536.42665173807,"ODP 806_B_7_4_5_7","ODP 806",,,0.3185,159.3615,2.53642665173807,"Globigerinoides ruber","18.46,18.6","3.7127269923425",,"boron_isotopes_guillermic_2022_p1.0.xlsx","Sheet1",201,2536.42665173807,"ODP 806_B_7_4_5_7","ODP 806",,,0.3185,159.3615,2.53642665173807,"Globigerinoides ruber","18.46,18.6","3.7127269923425",,"record 1 retained; record 2 removed/merged"
"boron_isotopes_guillermic_2022_p1.0.xlsx","Sheet1",24,2556.19326696427,"ODP 806_B_7_4_59_61","ODP 806",,,0.3185,159.3615,2.55619326696427,"Globigerinoides ruber","18.62,18.76","3.92187891000574",,"boron_isotopes_guillermic_2022_p1.0.xlsx","Sheet1",113,2556.19326696427,"ODP 806_B_7_4_59_61","ODP 806",,,0.3185,159.3615,2.55619326696427,"Globigerinoides ruber","18.62,18.76","3.92187891000574",,"record 1 retained; record 2 removed/merged"
"boron_isotopes_guillermic_2022_p1.0.xlsx","Sheet1",24,2556.19326696427,"ODP 806_B_7_4_59_61","ODP 806",,,0.3185,159.3615,2.55619326696427,"Globigerinoides ruber","18.62,18.76","3.92187891000574",,"boron_isotopes_guillermic_2022_p1.0.xlsx","Sheet1",202,2556.19326696427,"ODP 806_B_7_4_59_61","ODP 806",,,0.3185,159.3615,2.55619326696427,"Globigerinoides ruber","18.62,18.76","3.92187891000574",,"record 1 retained; record 2 removed/merged"
"boron_isotopes_guillermic_2022_p1.0.xlsx","Sheet1",25,2572.99084115138,"ODP 806_B_7_4_105_107","ODP 806",,,0.3185,159.3615,2.57299084115138,"Globigerinoides ruber","18.65,18.83","4.06948288816452",,"boron_isotopes_guillermic_2022_p1.0.xlsx","Sheet1",114,2572.99084115138,"ODP 806_B_7_4_105_107","ODP 806",,,0.3185,159.3615,2.57299084115138,"Globigerinoides ruber","18.65,18.83","4.06948288816452",,"record 1 retained; record 2 removed/merged"
"boron_isotopes_guillermic_2022_p1.0.xlsx","Sheet1",25,2572.99084115138,"ODP 806_B_7_4_105_107","ODP 806",,,0.3185,159.3615,2.57299084115138,"Globigerinoides ruber","18.65,18.83","4.06948288816452",,"boron_isotopes_guillermic_2022_p1.0.xlsx","Sheet1",203,2572.99084115138,"ODP 806_B_7_4_105_107","ODP 806",,,0.3185,159.3615,2.57299084115138,"Globigerinoides ruber","18.65,18.83","4.06948288816452",,"record 1 retained; record 2 removed/merged"
"boron_isotopes_guillermic_2022_p1.0.xlsx","Sheet1",26,2790.14133072861,"ODP 806_B_8_2_59_61","ODP 806",,,0.3185,159.3615,2.79014133072861,"Globigerinoides ruber","17.65,18.11","4.06423815261029",,"boron_isotopes_guillermic_2022_p1.0.xlsx","Sheet1",115,2790.14133072861,"ODP 806_B_8_2_59_61","ODP 806",,,0.3185,159.3615,2.79014133072861,"Globigerinoides ruber","17.65,18.11","4.06423815261029",,"record 1 retained; record 2 removed/merged"
"boron_isotopes_guillermic_2022_p1.0.xlsx","Sheet1",26,2790.14133072861,"ODP 806_B_8_2_59_61","ODP 806",,,0.3185,159.3615,2.79014133072861,"Globigerinoides ruber","17.65,18.11","4.06423815261029",,"boron_isotopes_guillermic_2022_p1.0.xlsx","Sheet1",204,2790.14133072861,"ODP 806_B_8_2_59_61","ODP 806",,,0.3185,159.3615,2.79014133072861,"Globigerinoides ruber","17.65,18.11","4.06423815261029",,"record 1 retained; record 2 removed/merged"
"boron_isotopes_guillermic_2022_p1.0.xlsx","Sheet1",27,2930.55439849975,"ODP 806_B_8_5_9_11","ODP 806",,,0.3185,159.3615,2.93055439849975,"Globigerinoides ruber","16.63,17.21","3.95418404513653",,"boron_isotopes_guillermic_2022_p1.0.xlsx","Sheet1",116,2930.55439849975,"ODP 806_B_8_5_9_11","ODP 806",,,0.3185,159.3615,2.93055439849975,"Globigerinoides ruber","16.63,17.21","3.95418404513653",,"record 1 retained; record 2 removed/merged"
"boron_isotopes_guillermic_2022_p1.0.xlsx","Sheet1",27,2930.55439849975,"ODP 806_B_8_5_9_11","ODP 806",,,0.3185,159.3615,2.93055439849975,"Globigerinoides ruber","16.63,17.21","3.95418404513653",,"boron_isotopes_guillermic_2022_p1.0.xlsx","Sheet1",205,2930.55439849975,"ODP 806_B_8_5_9_11","ODP 806",,,0.3185,159.3615,2.93055439849975,"Globigerinoides ruber","16.63,17.21","3.95418404513653",,"record 1 retained; record 2 removed/merged"
"boron_isotopes_guillermic_2022_p1.0.xlsx","Sheet1",28,2993.91875699556,"ODP 806_B_8_6_42_44","ODP 806",,,0.3185,159.3615,2.99391875699556,"Globigerinoides ruber","17.1824453645353","4.10274896823371",,"boron_isotopes_guillermic_2022_p1.0.xlsx","Sheet1",117,2993.91875699556,"ODP 806_B_8_6_42_44","ODP 806",,,0.3185,159.3615,2.99391875699556,"Globigerinoides ruber","17.1824453645353","4.10274896823371",,"record 1 retained; record 2 removed/merged"
"boron_isotopes_guillermic_2022_p1.0.xlsx","Sheet1",28,2993.91875699556,"ODP 806_B_8_6_42_44","ODP 806",,,0.3185,159.3615,2.99391875699556,"Globigerinoides ruber","17.1824453645353","4.10274896823371",,"boron_isotopes_guillermic_2022_p1.0.xlsx","Sheet1",206,2993.91875699556,"ODP 806_B_8_6_42_44","ODP 806",,,0.3185,159.3615,2.99391875699556,"Globigerinoides ruber","17.1824453645353","4.10274896823371",,"record 1 retained; record 2 removed/merged"
"boron_isotopes_guillermic_2022_p1.0.xlsx","Sheet1",88,3047.32,"ODP 807_A_7_6_10_12","ODP 807",,,3.607,156.6248,3.04732,"Trilobatus sacculifer","16.1589598017406","3.90799949883674",,"boron_isotopes_guillermic_2022_p1.0.xlsx","Sheet1",177,3047.32,"ODP 807_A_7_6_10_12","ODP 807",,,3.607,156.6248,3.04732,"Trilobatus sacculifer","16.1589598017406","3.90799949883674",,"record 1 retained; record 2 removed/merged"
"boron_isotopes_guillermic_2022_p1.0.xlsx","Sheet1",88,3047.32,"ODP 807_A_7_6_10_12","ODP 807",,,3.607,156.6248,3.04732,"Trilobatus sacculifer","16.1589598017406","3.90799949883674",,"boron_isotopes_guillermic_2022_p1.0.xlsx","Sheet1",266,3047.32,"ODP 807_A_7_6_10_12","ODP 807",,,3.607,156.6248,3.04732,"Trilobatus sacculifer","16.1589598017406","3.90799949883674",,"record 1 retained; record 2 removed/merged"
"boron_isotopes_guillermic_2022_p1.0.xlsx","Sheet1",89,3217.86,"ODP 807_A_8_3_0_2","ODP 807",,,3.607,156.6248,3.21786,"Trilobatus sacculifer","15.2977200517472","3.96781523064541",,"boron_isotopes_guillermic_2022_p1.0.xlsx","Sheet1",178,3217.86,"ODP 807_A_8_3_0_2","ODP 807",,,3.607,156.6248,3.21786,"Trilobatus sacculifer","15.2977200517472","3.96781523064541",,"record 1 retained; record 2 removed/merged"
"boron_isotopes_guillermic_2022_p1.0.xlsx","Sheet1",89,3217.86,"ODP 807_A_8_3_0_2","ODP 807",,,3.607,156.6248,3.21786,"Trilobatus sacculifer","15.2977200517472","3.96781523064541",,"boron_isotopes_guillermic_2022_p1.0.xlsx","Sheet1",267,3217.86,"ODP 807_A_8_3_0_2","ODP 807",,,3.607,156.6248,3.21786,"Trilobatus sacculifer","15.2977200517472","3.96781523064541",,"record 1 retained; record 2 removed/merged"
"boron_isotopes_guillermic_2022_p1.0.xlsx","Sheet1",90,3324.99,"ODP 807_A_8_5_0_2","ODP 807",,,3.607,156.6248,3.32499,"Trilobatus sacculifer","15.430801995679","3.90312084798388",,"boron_isotopes_guillermic_2022_p1.0.xlsx","Sheet1",179,3324.99,"ODP 807_A_8_5_0_2","ODP 807",,,3.607,156.6248,3.32499,"Trilobatus sacculifer","15.430801995679","3.90312084798388",,"record 1 retained; record 2 removed/merged"
"boron_isotopes_guillermic_2022_p1.0.xlsx","Sheet1",90,3324.99,"ODP 807_A_8_5_0_2","ODP 807",,,3.607,156.6248,3.32499,"Trilobatus sacculifer","15.430801995679","3.90312084798388",,"boron_isotopes_guillermic_2022_p1.0.xlsx","Sheet1",268,3324.99,"ODP 807_A_8_5_0_2","ODP 807",,,3.607,156.6248,3.32499,"Trilobatus sacculifer","15.430801995679","3.90312084798388",,"record 1 retained; record 2 removed/merged"
"boron_isotopes_guillermic_2022_p1.0.xlsx","Sheet1",44,3440.05288363102,"ODP 806_B_10_2_77_79","ODP 806",,,0.3185,159.3615,3.44005288363102,"Trilobatus sacculifer","16.54,16.67","3.81600982893819",,"boron_isotopes_guillermic_2022_p1.0.xlsx","Sheet1",133,3440.05288363102,"ODP 806_B_10_2_77_79","ODP 806",,,0.3185,159.3615,3.44005288363102,"Trilobatus sacculifer","16.54,16.67","3.81600982893819",,"record 1 retained; record 2 removed/merged"
"boron_isotopes_guillermic_2022_p1.0.xlsx","Sheet1",44,3440.05288363102,"ODP 806_B_10_2_77_79","ODP 806",,,0.3185,159.3615,3.44005288363102,"Trilobatus sacculifer","16.54,16.67","3.81600982893819",,"boron_isotopes_guillermic_2022_p1.0.xlsx","Sheet1",222,3440.05288363102,"ODP 806_B_10_2_77_79","ODP 806",,,0.3185,159.3615,3.44005288363102,"Trilobatus sacculifer","16.54,16.67","3.81600982893819",,"record 1 retained; record 2 removed/merged"
"boron_isotopes_guillermic_2022_p1.0.xlsx","Sheet1",45,3507.87424937459,"ODP 806_B_10_3_137_139","ODP 806",,,0.3185,159.3615,3.50787424937459,"Trilobatus sacculifer","16.13,16.18","3.98846699744002",,"boron_isotopes_guillermic_2022_p1.0.xlsx","Sheet1",134,3507.87424937459,"ODP 806_B_10_3_137_139","ODP 806",,,0.3185,159.3615,3.50787424937459,"Trilobatus sacculifer","16.13,16.18","3.98846699744002",,"record 1 retained; record 2 removed/merged"
"boron_isotopes_guillermic_2022_p1.0.xlsx","Sheet1",45,3507.87424937459,"ODP 806_B_10_3_137_139","ODP 806",,,0.3185,159.3615,3.50787424937459,"Trilobatus sacculifer","16.13,16.18","3.98846699744002",,"boron_isotopes_guillermic_2022_p1.0.xlsx","Sheet1",223,3507.87424937459,"ODP 806_B_10_3_137_139","ODP 806",,,0.3185,159.3615,3.50787424937459,"Trilobatus sacculifer","16.13,16.18","3.98846699744002",,"record 1 retained; record 2 removed/merged"
"boron_isotopes_guillermic_2022_p1.0.xlsx","Sheet1",91,3615.14,"ODP 807_A_9_4_0_2","ODP 807",,,3.607,156.6248,3.61514,"Trilobatus sacculifer","15.5511562311546","3.40434127117707",,"boron_isotopes_guillermic_2022_p1.0.xlsx","Sheet1",180,3615.14,"ODP 807_A_9_4_0_2","ODP 807",,,3.607,156.6248,3.61514,"Trilobatus sacculifer","15.5511562311546","3.40434127117707",,"record 1 retained; record 2 removed/merged"
"boron_isotopes_guillermic_2022_p1.0.xlsx","Sheet1",91,3615.14,"ODP 807_A_9_4_0_2","ODP 807",,,3.607,156.6248,3.61514,"Trilobatus sacculifer","15.5511562311546","3.40434127117707",,"boron_isotopes_guillermic_2022_p1.0.xlsx","Sheet1",269,3615.14,"ODP 807_A_9_4_0_2","ODP 807",,,3.607,156.6248,3.61514,"Trilobatus sacculifer","15.5511562311546","3.40434127117707",,"record 1 retained; record 2 removed/merged"
"boron_isotopes_guillermic_2022_p1.0.xlsx","Sheet1",46,3707.64094313002,"ODP 806_B_11_1_117_119","ODP 806",,,0.3185,159.3615,3.70764094313002,"Trilobatus sacculifer","15.3481839754495","4.0238146213234",,"boron_isotopes_guillermic_2022_p1.0.xlsx","Sheet1",135,3707.64094313002,"ODP 806_B_11_1_117_119","ODP 806",,,0.3185,159.3615,3.70764094313002,"Trilobatus sacculifer","15.3481839754495","4.0238146213234",,"record 1 retained; record 2 removed/merged"
"boron_isotopes_guillermic_2022_p1.0.xlsx","Sheet1",46,3707.64094313002,"ODP 806_B_11_1_117_119","ODP 806",,,0.3185,159.3615,3.70764094313002,"Trilobatus sacculifer","15.3481839754495","4.0238146213234",,"boron_isotopes_guillermic_2022_p1.0.xlsx","Sheet1",224,3707.64094313002,"ODP 806_B_11_1_117_119","ODP 806",,,0.3185,159.3615,3.70764094313002,"Trilobatus sacculifer","15.3481839754495","4.0238146213234",,"record 1 retained; record 2 removed/merged"
"boron_isotopes_guillermic_2022_p1.0.xlsx","Sheet1",47,4178.00645608518,"ODP 806_B_12_5_120_122","ODP 806",,,0.3185,159.3615,4.17800645608518,"Trilobatus sacculifer","15.5606585956163","3.4056159839687",,"boron_isotopes_guillermic_2022_p1.0.xlsx","Sheet1",136,4178.00645608518,"ODP 806_B_12_5_120_122","ODP 806",,,0.3185,159.3615,4.17800645608518,"Trilobatus sacculifer","15.5606585956163","3.4056159839687",,"record 1 retained; record 2 removed/merged"
"boron_isotopes_guillermic_2022_p1.0.xlsx","Sheet1",47,4178.00645608518,"ODP 806_B_12_5_120_122","ODP 806",,,0.3185,159.3615,4.17800645608518,"Trilobatus sacculifer","15.5606585956163","3.4056159839687",,"boron_isotopes_guillermic_2022_p1.0.xlsx","Sheet1",225,4178.00645608518,"ODP 806_B_12_5_120_122","ODP 806",,,0.3185,159.3615,4.17800645608518,"Trilobatus sacculifer","15.5606585956163","3.4056159839687",,"record 1 retained; record 2 removed/merged"
"boron_isotopes_guillermic_2022_p1.0.xlsx","Sheet1",92,4524.18,"ODP 807_A_13_4_0_2","ODP 807",,,3.607,156.6248,4.52418,"Trilobatus sacculifer","15.1432366079891","3.15427480280467",,"boron_isotopes_guillermic_2022_p1.0.xlsx","Sheet1",181,4524.18,"ODP 807_A_13_4_0_2","ODP 807",,,3.607,156.6248,4.52418,"Trilobatus sacculifer","15.1432366079891","3.15427480280467",,"record 1 retained; record 2 removed/merged"
"boron_isotopes_guillermic_2022_p1.0.xlsx","Sheet1",92,4524.18,"ODP 807_A_13_4_0_2","ODP 807",,,3.607,156.6248,4.52418,"Trilobatus sacculifer","15.1432366079891","3.15427480280467",,"boron_isotopes_guillermic_2022_p1.0.xlsx","Sheet1",270,4524.18,"ODP 807_A_13_4_0_2","ODP 807",,,3.607,156.6248,4.52418,"Trilobatus sacculifer","15.1432366079891","3.15427480280467",,"record 1 retained; record 2 removed/merged"
"boron_isotopes_guillermic_2022_p1.0.xlsx","Sheet1",48,4580.74606503804,"ODP 806_B_14_2_80_82","ODP 806",,,0.3185,159.3615,4.58074606503804,"Trilobatus sacculifer","15.5255197392192","3.08535568571191",,"boron_isotopes_guillermic_2022_p1.0.xlsx","Sheet1",137,4580.74606503804,"ODP 806_B_14_2_80_82","ODP 806",,,0.3185,159.3615,4.58074606503804,"Trilobatus sacculifer","15.5255197392192","3.08535568571191",,"record 1 retained; record 2 removed/merged"
"boron_isotopes_guillermic_2022_p1.0.xlsx","Sheet1",48,4580.74606503804,"ODP 806_B_14_2_80_82","ODP 806",,,0.3185,159.3615,4.58074606503804,"Trilobatus sacculifer","15.5255197392192","3.08535568571191",,"boron_isotopes_guillermic_2022_p1.0.xlsx","Sheet1",226,4580.74606503804,"ODP 806_B_14_2_80_82","ODP 806",,,0.3185,159.3615,4.58074606503804,"Trilobatus sacculifer","15.5255197392192","3.08535568571191",,"record 1 retained; record 2 removed/merged"
"boron_isotopes_guillermic_2022_p1.0.xlsx","Sheet1",49,4724.08281091584,"ODP 806_B_14_6_0_2","ODP 806",,,0.3185,159.3615,4.72408281091584,"Trilobatus sacculifer","16.54,16.57","3.64137575562043",,"boron_isotopes_guillermic_2022_p1.0.xlsx","Sheet1",138,4724.08281091584,"ODP 806_B_14_6_0_2","ODP 806",,,0.3185,159.3615,4.72408281091584,"Trilobatus sacculifer","16.54,16.57","3.64137575562043",,"record 1 retained; record 2 removed/merged"
"boron_isotopes_guillermic_2022_p1.0.xlsx","Sheet1",49,4724.08281091584,"ODP 806_B_14_6_0_2","ODP 806",,,0.3185,159.3615,4.72408281091584,"Trilobatus sacculifer","16.54,16.57","3.64137575562043",,"boron_isotopes_guillermic_2022_p1.0.xlsx","Sheet1",227,4724.08281091584,"ODP 806_B_14_6_0_2","ODP 806",,,0.3185,159.3615,4.72408281091584,"Trilobatus sacculifer","16.54,16.57","3.64137575562043",,"record 1 retained; record 2 removed/merged"
"boron_isotopes_guillermic_2022_p1.0.xlsx","Sheet1",50,4920.7534506387,"ODP 806_B_15_4_79_81","ODP 806",,,0.3185,159.3615,4.9207534506387,"Trilobatus sacculifer","15.819690032457","3.73124965887385",,"boron_isotopes_guillermic_2022_p1.0.xlsx","Sheet1",139,4920.7534506387,"ODP 806_B_15_4_79_81","ODP 806",,,0.3185,159.3615,4.9207534506387,"Trilobatus sacculifer","15.819690032457","3.73124965887385",,"record 1 retained; record 2 removed/merged"
"boron_isotopes_guillermic_2022_p1.0.xlsx","Sheet1",50,4920.7534506387,"ODP 806_B_15_4_79_81","ODP 806",,,0.3185,159.3615,4.9207534506387,"Trilobatus sacculifer","15.819690032457","3.73124965887385",,"boron_isotopes_guillermic_2022_p1.0.xlsx","Sheet1",228,4920.7534506387,"ODP 806_B_15_4_79_81","ODP 806",,,0.3185,159.3615,4.9207534506387,"Trilobatus sacculifer","15.819690032457","3.73124965887385",,"record 1 retained; record 2 removed/merged"
"boron_isotopes_guillermic_2022_p1.0.xlsx","Sheet1",51,5146.84675556901,"ODP 806_B_16_3_139_141","ODP 806",,,0.3185,159.3615,5.14684675556901,"Trilobatus sacculifer","15.6454763670417","3.69451659104482",,"boron_isotopes_guillermic_2022_p1.0.xlsx","Sheet1",140,5146.84675556901,"ODP 806_B_16_3_139_141","ODP 806",,,0.3185,159.3615,5.14684675556901,"Trilobatus sacculifer","15.6454763670417","3.69451659104482",,"record 1 retained; record 2 removed/merged"
"boron_isotopes_guillermic_2022_p1.0.xlsx","Sheet1",51,5146.84675556901,"ODP 806_B_16_3_139_141","ODP 806",,,0.3185,159.3615,5.14684675556901,"Trilobatus sacculifer","15.6454763670417","3.69451659104482",,"boron_isotopes_guillermic_2022_p1.0.xlsx","Sheet1",229,5146.84675556901,"ODP 806_B_16_3_139_141","ODP 806",,,0.3185,159.3615,5.14684675556901,"Trilobatus sacculifer","15.6454763670417","3.69451659104482",,"record 1 retained; record 2 removed/merged"
"boron_isotopes_guillermic_2022_p1.0.xlsx","Sheet1",52,7148.77919657069,"ODP 806_B_25_3_29_31","ODP 806",,,0.3185,159.3615,7.14877919657069,"Trilobatus sacculifer","16.4019869646017","3.41354044338564",,"boron_isotopes_guillermic_2022_p1.0.xlsx","Sheet1",141,7148.77919657069,"ODP 806_B_25_3_29_31","ODP 806",,,0.3185,159.3615,7.14877919657069,"Trilobatus sacculifer","16.4019869646017","3.41354044338564",,"record 1 retained; record 2 removed/merged"
"boron_isotopes_guillermic_2022_p1.0.xlsx","Sheet1",52,7148.77919657069,"ODP 806_B_25_3_29_31","ODP 806",,,0.3185,159.3615,7.14877919657069,"Trilobatus sacculifer","16.4019869646017","3.41354044338564",,"boron_isotopes_guillermic_2022_p1.0.xlsx","Sheet1",230,7148.77919657069,"ODP 806_B_25_3_29_31","ODP 806",,,0.3185,159.3615,7.14877919657069,"Trilobatus sacculifer","16.4019869646017","3.41354044338564",,"record 1 retained; record 2 removed/merged"
"boron_isotopes_guillermic_2022_p1.0.xlsx","Sheet1",53,8071.34881349901,"ODP 806_B_29_5_30_32","ODP 806",,,0.3185,159.3615,8.07134881349901,"Trilobatus sacculifer","16.03,16.1","3.81264190801479",,"boron_isotopes_guillermic_2022_p1.0.xlsx","Sheet1",142,8071.34881349901,"ODP 806_B_29_5_30_32","ODP 806",,,0.3185,159.3615,8.07134881349901,"Trilobatus sacculifer","16.03,16.1","3.81264190801479",,"record 1 retained; record 2 removed/merged"
"boron_isotopes_guillermic_2022_p1.0.xlsx","Sheet1",53,8071.34881349901,"ODP 806_B_29_5_30_32","ODP 806",,,0.3185,159.3615,8.07134881349901,"Trilobatus sacculifer","16.03,16.1","3.81264190801479",,"boron_isotopes_guillermic_2022_p1.0.xlsx","Sheet1",231,8071.34881349901,"ODP 806_B_29_5_30_32","ODP 806",,,0.3185,159.3615,8.07134881349901,"Trilobatus sacculifer","16.03,16.1","3.81264190801479",,"record 1 retained; record 2 removed/merged"
"boron_isotopes_guillermic_2022_p1.0.xlsx","Sheet1",54,8151.0267939941,"ODP 806_B_30_1_30_32","ODP 806",,,0.3185,159.3615,8.1510267939941,"Trilobatus sacculifer","16.1550376273871","3.77382105144281",,"boron_isotopes_guillermic_2022_p1.0.xlsx","Sheet1",143,8151.0267939941,"ODP 806_B_30_1_30_32","ODP 806",,,0.3185,159.3615,8.1510267939941,"Trilobatus sacculifer","16.1550376273871","3.77382105144281",,"record 1 retained; record 2 removed/merged"
"boron_isotopes_guillermic_2022_p1.0.xlsx","Sheet1",54,8151.0267939941,"ODP 806_B_30_1_30_32","ODP 806",,,0.3185,159.3615,8.1510267939941,"Trilobatus sacculifer","16.1550376273871","3.77382105144281",,"boron_isotopes_guillermic_2022_p1.0.xlsx","Sheet1",232,8151.0267939941,"ODP 806_B_30_1_30_32","ODP 806",,,0.3185,159.3615,8.1510267939941,"Trilobatus sacculifer","16.1550376273871","3.77382105144281",,"record 1 retained; record 2 removed/merged"
"boron_isotopes_guillermic_2022_p1.0.xlsx","Sheet1",55,8287.74777875109,"ODP 806_B_30_5_30_32","ODP 806",,,0.3185,159.3615,8.28774777875109,"Trilobatus sacculifer","16.4,16.85","5.11236042886892",,"boron_isotopes_guillermic_2022_p1.0.xlsx","Sheet1",144,8287.74777875109,"ODP 806_B_30_5_30_32","ODP 806",,,0.3185,159.3615,8.28774777875109,"Trilobatus sacculifer","16.4,16.85","5.11236042886892",,"record 1 retained; record 2 removed/merged"
"boron_isotopes_guillermic_2022_p1.0.xlsx","Sheet1",55,8287.74777875109,"ODP 806_B_30_5_30_32","ODP 806",,,0.3185,159.3615,8.28774777875109,"Trilobatus sacculifer","16.4,16.85","5.11236042886892",,"boron_isotopes_guillermic_2022_p1.0.xlsx","Sheet1",233,8287.74777875109,"ODP 806_B_30_5_30_32","ODP 806",,,0.3185,159.3615,8.28774777875109,"Trilobatus sacculifer","16.4,16.85","5.11236042886892",,"record 1 retained; record 2 removed/merged"
"boron_isotopes_guillermic_2022_p1.0.xlsx","Sheet1",56,8506.01659120109,"ODP 806_B_31_5_32_34","ODP 806",,,0.3185,159.3615,8.50601659120109,"Trilobatus sacculifer","16.19,16.6","3.2596382777088",,"boron_isotopes_guillermic_2022_p1.0.xlsx","Sheet1",145,8506.01659120109,"ODP 806_B_31_5_32_34","ODP 806",,,0.3185,159.3615,8.50601659120109,"Trilobatus sacculifer","16.19,16.6","3.2596382777088",,"record 1 retained; record 2 removed/merged"
"boron_isotopes_guillermic_2022_p1.0.xlsx","Sheet1",56,8506.01659120109,"ODP 806_B_31_5_32_34","ODP 806",,,0.3185,159.3615,8.50601659120109,"Trilobatus sacculifer","16.19,16.6","3.2596382777088",,"boron_isotopes_guillermic_2022_p1.0.xlsx","Sheet1",234,8506.01659120109,"ODP 806_B_31_5_32_34","ODP 806",,,0.3185,159.3615,8.50601659120109,"Trilobatus sacculifer","16.19,16.6","3.2596382777088",,"record 1 retained; record 2 removed/merged"
"boron_isotopes_guillermic_2022_p1.0.xlsx","Sheet1",57,8621.19336182011,"ODP 806_B_32_2_29_31","ODP 806",,,0.3185,159.3615,8.62119336182011,"Trilobatus sacculifer","16.06,16.35","3.63772257341814",,"boron_isotopes_guillermic_2022_p1.0.xlsx","Sheet1",146,8621.19336182011,"ODP 806_B_32_2_29_31","ODP 806",,,0.3185,159.3615,8.62119336182011,"Trilobatus sacculifer","16.06,16.35","3.63772257341814",,"record 1 retained; record 2 removed/merged"
"boron_isotopes_guillermic_2022_p1.0.xlsx","Sheet1",57,8621.19336182011,"ODP 806_B_32_2_29_31","ODP 806",,,0.3185,159.3615,8.62119336182011,"Trilobatus sacculifer","16.06,16.35","3.63772257341814",,"boron_isotopes_guillermic_2022_p1.0.xlsx","Sheet1",235,8621.19336182011,"ODP 806_B_32_2_29_31","ODP 806",,,0.3185,159.3615,8.62119336182011,"Trilobatus sacculifer","16.06,16.35","3.63772257341814",,"record 1 retained; record 2 removed/merged"
"boron_isotopes_guillermic_2022_p1.0.xlsx","Sheet1",58,8842.81662718424,"ODP 806_B_33_2_30_32","ODP 806",,,0.3185,159.3615,8.84281662718424,"Trilobatus sacculifer","16.1009451485623","3.7793702461552",,"boron_isotopes_guillermic_2022_p1.0.xlsx","Sheet1",147,8842.81662718424,"ODP 806_B_33_2_30_32","ODP 806",,,0.3185,159.3615,8.84281662718424,"Trilobatus sacculifer","16.1009451485623","3.7793702461552",,"record 1 retained; record 2 removed/merged"
"boron_isotopes_guillermic_2022_p1.0.xlsx","Sheet1",58,8842.81662718424,"ODP 806_B_33_2_30_32","ODP 806",,,0.3185,159.3615,8.84281662718424,"Trilobatus sacculifer","16.1009451485623","3.7793702461552",,"boron_isotopes_guillermic_2022_p1.0.xlsx","Sheet1",236,8842.81662718424,"ODP 806_B_33_2_30_32","ODP 806",,,0.3185,159.3615,8.84281662718424,"Trilobatus sacculifer","16.1009451485623","3.7793702461552",,"record 1 retained; record 2 removed/merged"
"boron_isotopes_guillermic_2022_p1.0.xlsx","Sheet1",59,8948.98565619453,"ODP 806_B_33_5_30_32","ODP 806",,,0.3185,159.3615,8.94898565619453,"Trilobatus sacculifer","15.3478929534207","3.69814923280863",,"boron_isotopes_guillermic_2022_p1.0.xlsx","Sheet1",148,8948.98565619453,"ODP 806_B_33_5_30_32","ODP 806",,,0.3185,159.3615,8.94898565619453,"Trilobatus sacculifer","15.3478929534207","3.69814923280863",,"record 1 retained; record 2 removed/merged"
"boron_isotopes_guillermic_2022_p1.0.xlsx","Sheet1",59,8948.98565619453,"ODP 806_B_33_5_30_32","ODP 806",,,0.3185,159.3615,8.94898565619453,"Trilobatus sacculifer","15.3478929534207","3.69814923280863",,"boron_isotopes_guillermic_2022_p1.0.xlsx","Sheet1",237,8948.98565619453,"ODP 806_B_33_5_30_32","ODP 806",,,0.3185,159.3615,8.94898565619453,"Trilobatus sacculifer","15.3478929534207","3.69814923280863",,"record 1 retained; record 2 removed/merged"
"boron_isotopes_guillermic_2022_p1.0.xlsx","Sheet1",60,9174.59161054386,"ODP 806_B_34_5_30_32","ODP 806",,,0.3185,159.3615,9.17459161054386,"Trilobatus sacculifer","15.8959512635768","4.46501231479868",,"boron_isotopes_guillermic_2022_p1.0.xlsx","Sheet1",149,9174.59161054386,"ODP 806_B_34_5_30_32","ODP 806",,,0.3185,159.3615,9.17459161054386,"Trilobatus sacculifer","15.8959512635768","4.46501231479868",,"record 1 retained; record 2 removed/merged"
"boron_isotopes_guillermic_2022_p1.0.xlsx","Sheet1",60,9174.59161054386,"ODP 806_B_34_5_30_32","ODP 806",,,0.3185,159.3615,9.17459161054386,"Trilobatus sacculifer","15.8959512635768","4.46501231479868",,"boron_isotopes_guillermic_2022_p1.0.xlsx","Sheet1",238,9174.59161054386,"ODP 806_B_34_5_30_32","ODP 806",,,0.3185,159.3615,9.17459161054386,"Trilobatus sacculifer","15.8959512635768","4.46501231479868",,"record 1 retained; record 2 removed/merged"
"boron_isotopes_guillermic_2022_p1.0.xlsx","Sheet1",61,9258.59698021535,"ODP 806_B_35_5_30_32","ODP 806",,,0.3185,159.3615,9.25859698021535,"Trilobatus sacculifer","14.6723020653259","4.06268580629875",,"boron_isotopes_guillermic_2022_p1.0.xlsx","Sheet1",150,9258.59698021535,"ODP 806_B_35_5_30_32","ODP 806",,,0.3185,159.3615,9.25859698021535,"Trilobatus sacculifer","14.6723020653259","4.06268580629875",,"record 1 retained; record 2 removed/merged"
"boron_isotopes_guillermic_2022_p1.0.xlsx","Sheet1",61,9258.59698021535,"ODP 806_B_35_5_30_32","ODP 806",,,0.3185,159.3615,9.25859698021535,"Trilobatus sacculifer","14.6723020653259","4.06268580629875",,"boron_isotopes_guillermic_2022_p1.0.xlsx","Sheet1",239,9258.59698021535,"ODP 806_B_35_5_30_32","ODP 806",,,0.3185,159.3615,9.25859698021535,"Trilobatus sacculifer","14.6723020653259","4.06268580629875",,"record 1 retained; record 2 removed/merged"
"boron_isotopes_guillermic_2022_p1.0.xlsx","Sheet1",62,9494.55149736663,"ODP 806_B_36_1_32_34","ODP 806",,,0.3185,159.3615,9.49455149736663,"Trilobatus sacculifer","15.320579467551","3.87644434723032",,"boron_isotopes_guillermic_2022_p1.0.xlsx","Sheet1",151,9494.55149736663,"ODP 806_B_36_1_32_34","ODP 806",,,0.3185,159.3615,9.49455149736663,"Trilobatus sacculifer","15.320579467551","3.87644434723032",,"record 1 retained; record 2 removed/merged"
"boron_isotopes_guillermic_2022_p1.0.xlsx","Sheet1",62,9494.55149736663,"ODP 806_B_36_1_32_34","ODP 806",,,0.3185,159.3615,9.49455149736663,"Trilobatus sacculifer","15.320579467551","3.87644434723032",,"boron_isotopes_guillermic_2022_p1.0.xlsx","Sheet1",240,9494.55149736663,"ODP 806_B_36_1_32_34","ODP 806",,,0.3185,159.3615,9.49455149736663,"Trilobatus sacculifer","15.320579467551","3.87644434723032",,"record 1 retained; record 2 removed/merged"
"boron_isotopes_guillermic_2022_p1.0.xlsx","Sheet1",63,11693.0464777809,"ODP 806_B_44_5_34_36","ODP 806",,,0.3185,159.3615,11.6930464777809,"Trilobatus sacculifer","14.9288120772462","4.69848983874337",,"boron_isotopes_guillermic_2022_p1.0.xlsx","Sheet1",152,11693.0464777809,"ODP 806_B_44_5_34_36","ODP 806",,,0.3185,159.3615,11.6930464777809,"Trilobatus sacculifer","14.9288120772462","4.69848983874337",,"record 1 retained; record 2 removed/merged"
"boron_isotopes_guillermic_2022_p1.0.xlsx","Sheet1",63,11693.0464777809,"ODP 806_B_44_5_34_36","ODP 806",,,0.3185,159.3615,11.6930464777809,"Trilobatus sacculifer","14.9288120772462","4.69848983874337",,"boron_isotopes_guillermic_2022_p1.0.xlsx","Sheet1",241,11693.0464777809,"ODP 806_B_44_5_34_36","ODP 806",,,0.3185,159.3615,11.6930464777809,"Trilobatus sacculifer","14.9288120772462","4.69848983874337",,"record 1 retained; record 2 removed/merged"
"boron_isotopes_guillermic_2022_p1.0.xlsx","Sheet1",64,12074.3291725144,"ODP 806_B_46_1_33_35","ODP 806",,,0.3185,159.3615,12.0743291725144,"Trilobatus sacculifer","14.514874438295","4.86997416344244",,"boron_isotopes_guillermic_2022_p1.0.xlsx","Sheet1",153,12074.3291725144,"ODP 806_B_46_1_33_35","ODP 806",,,0.3185,159.3615,12.0743291725144,"Trilobatus sacculifer","14.514874438295","4.86997416344244",,"record 1 retained; record 2 removed/merged"
"boron_isotopes_guillermic_2022_p1.0.xlsx","Sheet1",64,12074.3291725144,"ODP 806_B_46_1_33_35","ODP 806",,,0.3185,159.3615,12.0743291725144,"Trilobatus sacculifer","14.514874438295","4.86997416344244",,"boron_isotopes_guillermic_2022_p1.0.xlsx","Sheet1",242,12074.3291725144,"ODP 806_B_46_1_33_35","ODP 806",,,0.3185,159.3615,12.0743291725144,"Trilobatus sacculifer","14.514874438295","4.86997416344244",,"record 1 retained; record 2 removed/merged"
"boron_isotopes_guillermic_2022_p1.0.xlsx","Sheet1",65,12249.1360536618,"ODP 806_B_46_5_33_35","ODP 806",,,0.3185,159.3615,12.2491360536618,"Trilobatus sacculifer","14.9725423433844","4.46362004168158",,"boron_isotopes_guillermic_2022_p1.0.xlsx","Sheet1",154,12249.1360536618,"ODP 806_B_46_5_33_35","ODP 806",,,0.3185,159.3615,12.2491360536618,"Trilobatus sacculifer","14.9725423433844","4.46362004168158",,"record 1 retained; record 2 removed/merged"
"boron_isotopes_guillermic_2022_p1.0.xlsx","Sheet1",65,12249.1360536618,"ODP 806_B_46_5_33_35","ODP 806",,,0.3185,159.3615,12.2491360536618,"Trilobatus sacculifer","14.9725423433844","4.46362004168158",,"boron_isotopes_guillermic_2022_p1.0.xlsx","Sheet1",243,12249.1360536618,"ODP 806_B_46_5_33_35","ODP 806",,,0.3185,159.3615,12.2491360536618,"Trilobatus sacculifer","14.9725423433844","4.46362004168158",,"record 1 retained; record 2 removed/merged"
"boron_isotopes_guillermic_2022_p1.0.xlsx","Sheet1",66,12443.3958042479,"ODP 806_B_47_3_34_36","ODP 806",,,0.3185,159.3615,12.4433958042479,"Trilobatus sacculifer","14.7201508573611","4.63675716441468",,"boron_isotopes_guillermic_2022_p1.0.xlsx","Sheet1",155,12443.3958042479,"ODP 806_B_47_3_34_36","ODP 806",,,0.3185,159.3615,12.4433958042479,"Trilobatus sacculifer","14.7201508573611","4.63675716441468",,"record 1 retained; record 2 removed/merged"
"boron_isotopes_guillermic_2022_p1.0.xlsx","Sheet1",66,12443.3958042479,"ODP 806_B_47_3_34_36","ODP 806",,,0.3185,159.3615,12.4433958042479,"Trilobatus sacculifer","14.7201508573611","4.63675716441468",,"boron_isotopes_guillermic_2022_p1.0.xlsx","Sheet1",244,12443.3958042479,"ODP 806_B_47_3_34_36","ODP 806",,,0.3185,159.3615,12.4433958042479,"Trilobatus sacculifer","14.7201508573611","4.63675716441468",,"record 1 retained; record 2 removed/merged"
"boron_isotopes_guillermic_2022_p1.0.xlsx","Sheet1",67,12687.5680903289,"ODP 806_B_48_2_34_36","ODP 806",,,0.3185,159.3615,12.6875680903289,"Trilobatus sacculifer","16.3986441653323","4.53678823795979",,"boron_isotopes_guillermic_2022_p1.0.xlsx","Sheet1",156,12687.5680903289,"ODP 806_B_48_2_34_36","ODP 806",,,0.3185,159.3615,12.6875680903289,"Trilobatus sacculifer","16.3986441653323","4.53678823795979",,"record 1 retained; record 2 removed/merged"
"boron_isotopes_guillermic_2022_p1.0.xlsx","Sheet1",67,12687.5680903289,"ODP 806_B_48_2_34_36","ODP 806",,,0.3185,159.3615,12.6875680903289,"Trilobatus sacculifer","16.3986441653323","4.53678823795979",,"boron_isotopes_guillermic_2022_p1.0.xlsx","Sheet1",245,12687.5680903289,"ODP 806_B_48_2_34_36","ODP 806",,,0.3185,159.3615,12.6875680903289,"Trilobatus sacculifer","16.3986441653323","4.53678823795979",,"record 1 retained; record 2 removed/merged"
"boron_isotopes_guillermic_2022_p1.0.xlsx","Sheet1",68,12823.1641395729,"ODP 806_B_48_5_34_36","ODP 806",,,0.3185,159.3615,12.8231641395729,"Trilobatus sacculifer","14.8642437158979","4.12909032762973",,"boron_isotopes_guillermic_2022_p1.0.xlsx","Sheet1",157,12823.1641395729,"ODP 806_B_48_5_34_36","ODP 806",,,0.3185,159.3615,12.8231641395729,"Trilobatus sacculifer","14.8642437158979","4.12909032762973",,"record 1 retained; record 2 removed/merged"
"boron_isotopes_guillermic_2022_p1.0.xlsx","Sheet1",68,12823.1641395729,"ODP 806_B_48_5_34_36","ODP 806",,,0.3185,159.3615,12.8231641395729,"Trilobatus sacculifer","14.8642437158979","4.12909032762973",,"boron_isotopes_guillermic_2022_p1.0.xlsx","Sheet1",246,12823.1641395729,"ODP 806_B_48_5_34_36","ODP 806",,,0.3185,159.3615,12.8231641395729,"Trilobatus sacculifer","14.8642437158979","4.12909032762973",,"record 1 retained; record 2 removed/merged"
"boron_isotopes_guillermic_2022_p1.0.xlsx","Sheet1",69,13227.5985034146,"ODP 806_B_50_2_32_34","ODP 806",,,0.3185,159.3615,13.2275985034146,"Trilobatus sacculifer","13.8485094923635","4.49197274977128",,"boron_isotopes_guillermic_2022_p1.0.xlsx","Sheet1",158,13227.5985034146,"ODP 806_B_50_2_32_34","ODP 806",,,0.3185,159.3615,13.2275985034146,"Trilobatus sacculifer","13.8485094923635","4.49197274977128",,"record 1 retained; record 2 removed/merged"
"boron_isotopes_guillermic_2022_p1.0.xlsx","Sheet1",69,13227.5985034146,"ODP 806_B_50_2_32_34","ODP 806",,,0.3185,159.3615,13.2275985034146,"Trilobatus sacculifer","13.8485094923635","4.49197274977128",,"boron_isotopes_guillermic_2022_p1.0.xlsx","Sheet1",247,13227.5985034146,"ODP 806_B_50_2_32_34","ODP 806",,,0.3185,159.3615,13.2275985034146,"Trilobatus sacculifer","13.8485094923635","4.49197274977128",,"record 1 retained; record 2 removed/merged"
"boron_isotopes_guillermic_2022_p1.0.xlsx","Sheet1",70,13526.7078798778,"ODP 806_B_51_2_29_31","ODP 806",,,0.3185,159.3615,13.5267078798778,"Trilobatus sacculifer","14.0930422101688","4.25391970282455",,"boron_isotopes_guillermic_2022_p1.0.xlsx","Sheet1",159,13526.7078798778,"ODP 806_B_51_2_29_31","ODP 806",,,0.3185,159.3615,13.5267078798778,"Trilobatus sacculifer","14.0930422101688","4.25391970282455",,"record 1 retained; record 2 removed/merged"
"boron_isotopes_guillermic_2022_p1.0.xlsx","Sheet1",70,13526.7078798778,"ODP 806_B_51_2_29_31","ODP 806",,,0.3185,159.3615,13.5267078798778,"Trilobatus sacculifer","14.0930422101688","4.25391970282455",,"boron_isotopes_guillermic_2022_p1.0.xlsx","Sheet1",248,13526.7078798778,"ODP 806_B_51_2_29_31","ODP 806",,,0.3185,159.3615,13.5267078798778,"Trilobatus sacculifer","14.0930422101688","4.25391970282455",,"record 1 retained; record 2 removed/merged"
"boron_isotopes_guillermic_2022_p1.0.xlsx","Sheet1",71,13818.1037708104,"ODP 806_B_52_2_31_33","ODP 806",,,0.3185,159.3615,13.8181037708104,"Trilobatus sacculifer","14.541399070418","4.94441987061708",,"boron_isotopes_guillermic_2022_p1.0.xlsx","Sheet1",160,13818.1037708104,"ODP 806_B_52_2_31_33","ODP 806",,,0.3185,159.3615,13.8181037708104,"Trilobatus sacculifer","14.541399070418","4.94441987061708",,"record 1 retained; record 2 removed/merged"
"boron_isotopes_guillermic_2022_p1.0.xlsx","Sheet1",71,13818.1037708104,"ODP 806_B_52_2_31_33","ODP 806",,,0.3185,159.3615,13.8181037708104,"Trilobatus sacculifer","14.541399070418","4.94441987061708",,"boron_isotopes_guillermic_2022_p1.0.xlsx","Sheet1",249,13818.1037708104,"ODP 806_B_52_2_31_33","ODP 806",,,0.3185,159.3615,13.8181037708104,"Trilobatus sacculifer","14.541399070418","4.94441987061708",,"record 1 retained; record 2 removed/merged"
"boron_isotopes_guillermic_2022_p1.0.xlsx","Sheet1",72,13913.6233156718,"ODP 806_B_52_4_33_35","ODP 806",,,0.3185,159.3615,13.9136233156718,"Trilobatus sacculifer","14.571632940876","5.06048645043184",,"boron_isotopes_guillermic_2022_p1.0.xlsx","Sheet1",161,13913.6233156718,"ODP 806_B_52_4_33_35","ODP 806",,,0.3185,159.3615,13.9136233156718,"Trilobatus sacculifer","14.571632940876","5.06048645043184",,"record 1 retained; record 2 removed/merged"
"boron_isotopes_guillermic_2022_p1.0.xlsx","Sheet1",72,13913.6233156718,"ODP 806_B_52_4_33_35","ODP 806",,,0.3185,159.3615,13.9136233156718,"Trilobatus sacculifer","14.571632940876","5.06048645043184",,"boron_isotopes_guillermic_2022_p1.0.xlsx","Sheet1",250,13913.6233156718,"ODP 806_B_52_4_33_35","ODP 806",,,0.3185,159.3615,13.9136233156718,"Trilobatus sacculifer","14.571632940876","5.06048645043184",,"record 1 retained; record 2 removed/merged"
"boron_isotopes_guillermic_2022_p1.0.xlsx","Sheet1",73,15060.6830478701,"ODP 806_B_56_2_35_37","ODP 806",,,0.3185,159.3615,15.0606830478701,"Trilobatus sacculifer","13.5243454299339","4.76413978297987",,"boron_isotopes_guillermic_2022_p1.0.xlsx","Sheet1",162,15060.6830478701,"ODP 806_B_56_2_35_37","ODP 806",,,0.3185,159.3615,15.0606830478701,"Trilobatus sacculifer","13.5243454299339","4.76413978297987",,"record 1 retained; record 2 removed/merged"
"boron_isotopes_guillermic_2022_p1.0.xlsx","Sheet1",73,15060.6830478701,"ODP 806_B_56_2_35_37","ODP 806",,,0.3185,159.3615,15.0606830478701,"Trilobatus sacculifer","13.5243454299339","4.76413978297987",,"boron_isotopes_guillermic_2022_p1.0.xlsx","Sheet1",251,15060.6830478701,"ODP 806_B_56_2_35_37","ODP 806",,,0.3185,159.3615,15.0606830478701,"Trilobatus sacculifer","13.5243454299339","4.76413978297987",,"record 1 retained; record 2 removed/merged"
"boron_isotopes_guillermic_2022_p1.0.xlsx","Sheet1",74,15688.7107689339,"ODP 806_B_58_2_33_35","ODP 806",,,0.3185,159.3615,15.6887107689339,"Trilobatus sacculifer","14.46618317487","4.86309813315101",,"boron_isotopes_guillermic_2022_p1.0.xlsx","Sheet1",163,15688.7107689339,"ODP 806_B_58_2_33_35","ODP 806",,,0.3185,159.3615,15.6887107689339,"Trilobatus sacculifer","14.46618317487","4.86309813315101",,"record 1 retained; record 2 removed/merged"
"boron_isotopes_guillermic_2022_p1.0.xlsx","Sheet1",74,15688.7107689339,"ODP 806_B_58_2_33_35","ODP 806",,,0.3185,159.3615,15.6887107689339,"Trilobatus sacculifer","14.46618317487","4.86309813315101",,"boron_isotopes_guillermic_2022_p1.0.xlsx","Sheet1",252,15688.7107689339,"ODP 806_B_58_2_33_35","ODP 806",,,0.3185,159.3615,15.6887107689339,"Trilobatus sacculifer","14.46618317487","4.86309813315101",,"record 1 retained; record 2 removed/merged"
