"file","source_row","field","value","problem"
"paleosol_andrzejewski_2022.xlsx",4,"age uncertainty",,"Uncertainty type missing or unclear; left blank"
"paleosol_andrzejewski_2022.xlsx",5,"age uncertainty",,"Uncertainty type missing or unclear; left blank"
"paleosol_andrzejewski_2022.xlsx",6,"age uncertainty",,"Uncertainty type missing or unclear; left blank"
"paleosol_andrzejewski_2022.xlsx",7,"age uncertainty",,"Uncertainty type missing or unclear; left blank"
"paleosol_andrzejewski_2022.xlsx",8,"age uncertainty",,"Uncertainty type missing or unclear; left blank"
"paleosol_andrzejewski_2022.xlsx",9,"age uncertainty",,"Uncertainty type missing or unclear; left blank"
"paleosol_andrzejewski_2022.xlsx",10,"age uncertainty",,"Uncertainty type missing or unclear; left blank"
"paleosol_andrzejewski_2022.xlsx",11,"age uncertainty",,"Uncertainty type missing or unclear; left blank"
"paleosol_andrzejewski_2022.xlsx",12,"age uncertainty",,"Uncertainty type missing or unclear; left blank"
"paleosol_andrzejewski_2022.xlsx",13,"age uncertainty",,"Uncertainty type missing or unclear; left blank"
"paleosol_andrzejewski_2022.xlsx",14,"age uncertainty",,"Uncertainty type missing or unclear; left blank"
"paleosol_andrzejewski_2022.xlsx",15,"age uncertainty",,"Uncertainty type missing or unclear; left blank"
"paleosol_andrzejewski_2022.xlsx",16,"age uncertainty",,"Uncertainty type missing or unclear; left blank"
"paleosol_andrzejewski_2022.xlsx",17,"age uncertainty",,"Uncertainty type missing or unclear; left blank"
"paleosol_andrzejewski_2022.xlsx",18,"age uncertainty",,"Uncertainty type missing or unclear; left blank"
"paleosol_andrzejewski_2022.xlsx",4,"temperature uncertainty","minmax","Uncertainty type missing or unclear; left blank"
"paleosol_andrzejewski_2022.xlsx",5,"temperature uncertainty","minmax","Uncertainty type missing or unclear; left blank"
"paleosol_andrzejewski_2022.xlsx",6,"temperature uncertainty","minmax","Uncertainty type missing or unclear; left blank"
"paleosol_andrzejewski_2022.xlsx",7,"temperature uncertainty","minmax","Uncertainty type missing or unclear; left blank"
"paleosol_andrzejewski_2022.xlsx",8,"temperature uncertainty","minmax","Uncertainty type missing or unclear; left blank"
"paleosol_andrzejewski_2022.xlsx",9,"temperature uncertainty","minmax","Uncertainty type missing or unclear; left blank"
"paleosol_andrzejewski_2022.xlsx",10,"temperature uncertainty","minmax","Uncertainty type missing or unclear; left blank"
"paleosol_andrzejewski_2022.xlsx",11,"temperature uncertainty","minmax","Uncertainty type missing or unclear; left blank"
"paleosol_andrzejewski_2022.xlsx",12,"temperature uncertainty","minmax","Uncertainty type missing or unclear; left blank"
"paleosol_andrzejewski_2022.xlsx",13,"temperature uncertainty","minmax","Uncertainty type missing or unclear; left blank"
"paleosol_andrzejewski_2022.xlsx",14,"temperature uncertainty","minmax","Uncertainty type missing or unclear; left blank"
"paleosol_andrzejewski_2022.xlsx",15,"temperature uncertainty","minmax","Uncertainty type missing or unclear; left blank"
"paleosol_andrzejewski_2022.xlsx",16,"temperature uncertainty","minmax","Uncertainty type missing or unclear; left blank"
"paleosol_andrzejewski_2022.xlsx",17,"temperature uncertainty","minmax","Uncertainty type missing or unclear; left blank"
"paleosol_andrzejewski_2022.xlsx",18,"temperature uncertainty","minmax","Uncertainty type missing or unclear; left blank"
"paleosol_ghosh_2005.xlsx",4,"age uncertainty",,"Uncertainty type missing or unclear; left blank"
"paleosol_ghosh_2005.xlsx",5,"age uncertainty",,"Uncertainty type missing or unclear; left blank"
"paleosol_ghosh_2005.xlsx",6,"age uncertainty",,"Uncertainty type missing or unclear; left blank"
"paleosol_ghosh_2005.xlsx",7,"age uncertainty",,"Uncertainty type missing or unclear; left blank"
"paleosol_ghosh_2005.xlsx",8,"age uncertainty",,"Uncertainty type missing or unclear; left blank"
"paleosol_harper_2021.xlsx",4,"age uncertainty",,"Uncertainty type missing or unclear; left blank"
"paleosol_harper_2021.xlsx",5,"age uncertainty",,"Uncertainty type missing or unclear; left blank"
"paleosol_harper_2021.xlsx",6,"age uncertainty",,"Uncertainty type missing or unclear; left blank"
"paleosol_harper_2021.xlsx",7,"age uncertainty",,"Uncertainty type missing or unclear; left blank"
"paleosol_harper_2021.xlsx",8,"age uncertainty",,"Uncertainty type missing or unclear; left blank"
"paleosol_harper_2021.xlsx",9,"age uncertainty",,"Uncertainty type missing or unclear; left blank"
"paleosol_harper_2021.xlsx",10,"age uncertainty",,"Uncertainty type missing or unclear; left blank"
"paleosol_harper_2021.xlsx",11,"age uncertainty",,"Uncertainty type missing or unclear; left blank"
"paleosol_harper_2021.xlsx",12,"age uncertainty",,"Uncertainty type missing or unclear; left blank"
"paleosol_harper_2021.xlsx",13,"age uncertainty",,"Uncertainty type missing or unclear; left blank"
"paleosol_harper_2021.xlsx",14,"age uncertainty",,"Uncertainty type missing or unclear; left blank"
"paleosol_harper_2021.xlsx",4,"map uncertainty","reportedintextofharperetal2021unsureoforigin","Uncertainty type missing or unclear; left blank"
"paleosol_harper_2021.xlsx",6,"map uncertainty","reportedintextofharperetal2021unsureoforigin","Uncertainty type missing or unclear; left blank"
"paleosol_harper_2021.xlsx",7,"map uncertainty","reportedintextofharperetal2021unsureoforigin","Uncertainty type missing or unclear; left blank"
"paleosol_harper_2021.xlsx",8,"map uncertainty","reportedintextofharperetal2021unsureoforigin","Uncertainty type missing or unclear; left blank"
"paleosol_harper_2021.xlsx",10,"map uncertainty","reportedintextofharperetal2021unsureoforigin","Uncertainty type missing or unclear; left blank"
"paleosol_harper_2021.xlsx",11,"map uncertainty","reportedintextofharperetal2021unsureoforigin","Uncertainty type missing or unclear; left blank"
"paleosol_harper_2021.xlsx",13,"map uncertainty","reportedintextofharperetal2021unsureoforigin","Uncertainty type missing or unclear; left blank"
"paleosol_harper_2021.xlsx",14,"map uncertainty","reportedintextofharperetal2021unsureoforigin","Uncertainty type missing or unclear; left blank"
"paleosol_joachimski_2022.xlsx",4,"age uncertainty",,"Uncertainty type missing or unclear; left blank"
"paleosol_joachimski_2022.xlsx",5,"age uncertainty",,"Uncertainty type missing or unclear; left blank"
"paleosol_joachimski_2022.xlsx",6,"age uncertainty",,"Uncertainty type missing or unclear; left blank"
"paleosol_joachimski_2022.xlsx",7,"age uncertainty",,"Uncertainty type missing or unclear; left blank"
"paleosol_joachimski_2022.xlsx",8,"age uncertainty",,"Uncertainty type missing or unclear; left blank"
"paleosol_joachimski_2022.xlsx",9,"age uncertainty",,"Uncertainty type missing or unclear; left blank"
"paleosol_joachimski_2022.xlsx",10,"age uncertainty",,"Uncertainty type missing or unclear; left blank"
"paleosol_joachimski_2022.xlsx",11,"age uncertainty",,"Uncertainty type missing or unclear; left blank"
"paleosol_joachimski_2022.xlsx",12,"age uncertainty",,"Uncertainty type missing or unclear; left blank"
"paleosol_joachimski_2022.xlsx",13,"age uncertainty",,"Uncertainty type missing or unclear; left blank"
"paleosol_joachimski_2022.xlsx",14,"age uncertainty",,"Uncertainty type missing or unclear; left blank"
"paleosol_joachimski_2022.xlsx",15,"age uncertainty",,"Uncertainty type missing or unclear; left blank"
"paleosol_joachimski_2022.xlsx",16,"age uncertainty",,"Uncertainty type missing or unclear; left blank"
"paleosol_joachimski_2022.xlsx",17,"age uncertainty",,"Uncertainty type missing or unclear; left blank"
"paleosol_joachimski_2022.xlsx",18,"age uncertainty",,"Uncertainty type missing or unclear; left blank"
"paleosol_joachimski_2022.xlsx",19,"age uncertainty",,"Uncertainty type missing or unclear; left blank"
"paleosol_joachimski_2022.xlsx",20,"age uncertainty",,"Uncertainty type missing or unclear; left blank"
"paleosol_joachimski_2022.xlsx",21,"age uncertainty",,"Uncertainty type missing or unclear; left blank"
"paleosol_joachimski_2022.xlsx",22,"age uncertainty",,"Uncertainty type missing or unclear; left blank"
"paleosol_joachimski_2022.xlsx",23,"age uncertainty",,"Uncertainty type missing or unclear; left blank"
"paleosol_joachimski_2022.xlsx",24,"age uncertainty",,"Uncertainty type missing or unclear; left blank"
"paleosol_joachimski_2022.xlsx",25,"age uncertainty",,"Uncertainty type missing or unclear; left blank"
"paleosol_joachimski_2022.xlsx",26,"age uncertainty",,"Uncertainty type missing or unclear; left blank"
"paleosol_joachimski_2022.xlsx",27,"age uncertainty",,"Uncertainty type missing or unclear; left blank"
"paleosol_joachimski_2022.xlsx",28,"age uncertainty",,"Uncertainty type missing or unclear; left blank"
"paleosol_joachimski_2022.xlsx",29,"age uncertainty",,"Uncertainty type missing or unclear; left blank"
"paleosol_joachimski_2022.xlsx",30,"age uncertainty",,"Uncertainty type missing or unclear; left blank"
"paleosol_joachimski_2022.xlsx",31,"age uncertainty",,"Uncertainty type missing or unclear; left blank"
"paleosol_joachimski_2022.xlsx",32,"age uncertainty",,"Uncertainty type missing or unclear; left blank"
"paleosol_joachimski_2022.xlsx",33,"age uncertainty",,"Uncertainty type missing or unclear; left blank"
"paleosol_joachimski_2022.xlsx",34,"age uncertainty",,"Uncertainty type missing or unclear; left blank"
"paleosol_joachimski_2022.xlsx",35,"age uncertainty",,"Uncertainty type missing or unclear; left blank"
"paleosol_joachimski_2022.xlsx",36,"age uncertainty",,"Uncertainty type missing or unclear; left blank"
"paleosol_joachimski_2022.xlsx",37,"age uncertainty",,"Uncertainty type missing or unclear; left blank"
"paleosol_joachimski_2022.xlsx",38,"age uncertainty",,"Uncertainty type missing or unclear; left blank"
"paleosol_joachimski_2022.xlsx",39,"age uncertainty",,"Uncertainty type missing or unclear; left blank"
"paleosol_joachimski_2022.xlsx",40,"age uncertainty",,"Uncertainty type missing or unclear; left blank"
"paleosol_joachimski_2022.xlsx",41,"age uncertainty",,"Uncertainty type missing or unclear; left blank"
"paleosol_joachimski_2022.xlsx",42,"age uncertainty",,"Uncertainty type missing or unclear; left blank"
"paleosol_joachimski_2022.xlsx",43,"age uncertainty",,"Uncertainty type missing or unclear; left blank"
"paleosol_joachimski_2022.xlsx",44,"age uncertainty",,"Uncertainty type missing or unclear; left blank"
"paleosol_joachimski_2022.xlsx",45,"age uncertainty",,"Uncertainty type missing or unclear; left blank"
"paleosol_joachimski_2022.xlsx",46,"age uncertainty",,"Uncertainty type missing or unclear; left blank"
"paleosol_joachimski_2022.xlsx",47,"age uncertainty",,"Uncertainty type missing or unclear; left blank"
"paleosol_joachimski_2022.xlsx",48,"age uncertainty",,"Uncertainty type missing or unclear; left blank"
"paleosol_joachimski_2022.xlsx",49,"age uncertainty",,"Uncertainty type missing or unclear; left blank"
"paleosol_joachimski_2022.xlsx",50,"age uncertainty",,"Uncertainty type missing or unclear; left blank"
"paleosol_joachimski_2022.xlsx",51,"age uncertainty",,"Uncertainty type missing or unclear; left blank"
"paleosol_joachimski_2022.xlsx",52,"age uncertainty",,"Uncertainty type missing or unclear; left blank"
"paleosol_joachimski_2022.xlsx",4,"temperature uncertainty",,"Uncertainty type missing or unclear; left blank"
"paleosol_joachimski_2022.xlsx",5,"temperature uncertainty",,"Uncertainty type missing or unclear; left blank"
"paleosol_joachimski_2022.xlsx",6,"temperature uncertainty",,"Uncertainty type missing or unclear; left blank"
"paleosol_joachimski_2022.xlsx",7,"temperature uncertainty",,"Uncertainty type missing or unclear; left blank"
"paleosol_joachimski_2022.xlsx",8,"temperature uncertainty",,"Uncertainty type missing or unclear; left blank"
"paleosol_joachimski_2022.xlsx",9,"temperature uncertainty",,"Uncertainty type missing or unclear; left blank"
"paleosol_joachimski_2022.xlsx",10,"temperature uncertainty",,"Uncertainty type missing or unclear; left blank"
"paleosol_joachimski_2022.xlsx",11,"temperature uncertainty",,"Uncertainty type missing or unclear; left blank"
"paleosol_joachimski_2022.xlsx",12,"temperature uncertainty",,"Uncertainty type missing or unclear; left blank"
"paleosol_joachimski_2022.xlsx",13,"temperature uncertainty",,"Uncertainty type missing or unclear; left blank"
"paleosol_joachimski_2022.xlsx",14,"temperature uncertainty",,"Uncertainty type missing or unclear; left blank"
"paleosol_joachimski_2022.xlsx",15,"temperature uncertainty",,"Uncertainty type missing or unclear; left blank"
"paleosol_joachimski_2022.xlsx",16,"temperature uncertainty",,"Uncertainty type missing or unclear; left blank"
"paleosol_joachimski_2022.xlsx",17,"temperature uncertainty",,"Uncertainty type missing or unclear; left blank"
"paleosol_joachimski_2022.xlsx",18,"temperature uncertainty",,"Uncertainty type missing or unclear; left blank"
"paleosol_joachimski_2022.xlsx",19,"temperature uncertainty",,"Uncertainty type missing or unclear; left blank"
"paleosol_joachimski_2022.xlsx",20,"temperature uncertainty",,"Uncertainty type missing or unclear; left blank"
"paleosol_joachimski_2022.xlsx",21,"temperature uncertainty",,"Uncertainty type missing or unclear; left blank"
"paleosol_joachimski_2022.xlsx",22,"temperature uncertainty",,"Uncertainty type missing or unclear; left blank"
"paleosol_joachimski_2022.xlsx",23,"temperature uncertainty",,"Uncertainty type missing or unclear; left blank"
"paleosol_joachimski_2022.xlsx",24,"temperature uncertainty",,"Uncertainty type missing or unclear; left blank"
"paleosol_joachimski_2022.xlsx",25,"temperature uncertainty",,"Uncertainty type missing or unclear; left blank"
"paleosol_joachimski_2022.xlsx",26,"temperature uncertainty",,"Uncertainty type missing or unclear; left blank"
"paleosol_joachimski_2022.xlsx",27,"temperature uncertainty",,"Uncertainty type missing or unclear; left blank"
"paleosol_joachimski_2022.xlsx",28,"temperature uncertainty",,"Uncertainty type missing or unclear; left blank"
"paleosol_joachimski_2022.xlsx",29,"temperature uncertainty",,"Uncertainty type missing or unclear; left blank"
"paleosol_joachimski_2022.xlsx",30,"temperature uncertainty",,"Uncertainty type missing or unclear; left blank"
"paleosol_joachimski_2022.xlsx",31,"temperature uncertainty",,"Uncertainty type missing or unclear; left blank"
"paleosol_joachimski_2022.xlsx",32,"temperature uncertainty",,"Uncertainty type missing or unclear; left blank"
"paleosol_joachimski_2022.xlsx",33,"temperature uncertainty",,"Uncertainty type missing or unclear; left blank"
"paleosol_joachimski_2022.xlsx",34,"temperature uncertainty",,"Uncertainty type missing or unclear; left blank"
"paleosol_joachimski_2022.xlsx",35,"temperature uncertainty",,"Uncertainty type missing or unclear; left blank"
"paleosol_joachimski_2022.xlsx",36,"temperature uncertainty",,"Uncertainty type missing or unclear; left blank"
"paleosol_joachimski_2022.xlsx",37,"temperature uncertainty",,"Uncertainty type missing or unclear; left blank"
"paleosol_joachimski_2022.xlsx",38,"temperature uncertainty",,"Uncertainty type missing or unclear; left blank"
"paleosol_joachimski_2022.xlsx",39,"temperature uncertainty",,"Uncertainty type missing or unclear; left blank"
"paleosol_joachimski_2022.xlsx",40,"temperature uncertainty",,"Uncertainty type missing or unclear; left blank"
"paleosol_joachimski_2022.xlsx",41,"temperature uncertainty",,"Uncertainty type missing or unclear; left blank"
"paleosol_joachimski_2022.xlsx",42,"temperature uncertainty",,"Uncertainty type missing or unclear; left blank"
"paleosol_joachimski_2022.xlsx",43,"temperature uncertainty",,"Uncertainty type missing or unclear; left blank"
"paleosol_joachimski_2022.xlsx",44,"temperature uncertainty",,"Uncertainty type missing or unclear; left blank"
"paleosol_joachimski_2022.xlsx",45,"temperature uncertainty",,"Uncertainty type missing or unclear; left blank"
"paleosol_joachimski_2022.xlsx",46,"temperature uncertainty",,"Uncertainty type missing or unclear; left blank"
"paleosol_joachimski_2022.xlsx",47,"temperature uncertainty",,"Uncertainty type missing or unclear; left blank"
"paleosol_joachimski_2022.xlsx",48,"temperature uncertainty",,"Uncertainty type missing or unclear; left blank"
"paleosol_joachimski_2022.xlsx",49,"temperature uncertainty",,"Uncertainty type missing or unclear; left blank"
"paleosol_joachimski_2022.xlsx",50,"temperature uncertainty",,"Uncertainty type missing or unclear; left blank"
"paleosol_joachimski_2022.xlsx",51,"temperature uncertainty",,"Uncertainty type missing or unclear; left blank"
"paleosol_joachimski_2022.xlsx",52,"temperature uncertainty",,"Uncertainty type missing or unclear; left blank"
"paleosol_lee_1999b.xlsx",4,"age uncertainty",,"Uncertainty type missing or unclear; left blank"
"paleosol_lee_1999b.xlsx",5,"age uncertainty",,"Uncertainty type missing or unclear; left blank"
"paleosol_lee_1999b.xlsx",6,"age uncertainty",,"Uncertainty type missing or unclear; left blank"
"paleosol_lee_1999b.xlsx",7,"age uncertainty",,"Uncertainty type missing or unclear; left blank"
"paleosol_lee_1999b.xlsx",8,"age uncertainty",,"Uncertainty type missing or unclear; left blank"
"paleosol_lee_1999b.xlsx",9,"age uncertainty",,"Uncertainty type missing or unclear; left blank"
"paleosol_lee_1999b.xlsx",10,"age uncertainty",,"Uncertainty type missing or unclear; left blank"
"paleosol_lee_1999b.xlsx",11,"age uncertainty",,"Uncertainty type missing or unclear; left blank"
"paleosol_lee_1999b.xlsx",12,"age uncertainty",,"Uncertainty type missing or unclear; left blank"
"paleosol_lee_1999b.xlsx",13,"age uncertainty",,"Uncertainty type missing or unclear; left blank"
"paleosol_lee_1999b.xlsx",14,"age uncertainty",,"Uncertainty type missing or unclear; left blank"
"paleosol_lee_1999b.xlsx",15,"age uncertainty",,"Uncertainty type missing or unclear; left blank"
"paleosol_lee_1999b.xlsx",16,"age uncertainty",,"Uncertainty type missing or unclear; left blank"
"paleosol_lee_1999b.xlsx",17,"age uncertainty",,"Uncertainty type missing or unclear; left blank"
"paleosol_lee_1999b.xlsx",18,"age uncertainty",,"Uncertainty type missing or unclear; left blank"
"paleosol_montanez_2016.xlsx",4,"temperature uncertainty","maxandminpossibletemperaturesconstrainedbyproxysoiltemperature","Uncertainty type missing or unclear; left blank"
"paleosol_montanez_2016.xlsx",5,"temperature uncertainty","maxandminpossibletemperaturesconstrainedbyproxysoiltemperature","Uncertainty type missing or unclear; left blank"
"paleosol_montanez_2016.xlsx",6,"temperature uncertainty","maxandminpossibletemperaturesconstrainedbyproxysoiltemperature","Uncertainty type missing or unclear; left blank"
"paleosol_montanez_2016.xlsx",7,"temperature uncertainty","maxandminpossibletemperaturesconstrainedbyproxysoiltemperature","Uncertainty type missing or unclear; left blank"
"paleosol_montanez_2016.xlsx",8,"temperature uncertainty","maxandminpossibletemperaturesconstrainedbyproxysoiltemperature","Uncertainty type missing or unclear; left blank"
"paleosol_montanez_2016.xlsx",9,"temperature uncertainty","maxandminpossibletemperaturesconstrainedbyproxysoiltemperature","Uncertainty type missing or unclear; left blank"
"paleosol_montanez_2016.xlsx",10,"temperature uncertainty","maxandminpossibletemperaturesconstrainedbyproxysoiltemperature","Uncertainty type missing or unclear; left blank"
"paleosol_montanez_2016.xlsx",11,"temperature uncertainty","maxandminpossibletemperaturesconstrainedbyproxysoiltemperature","Uncertainty type missing or unclear; left blank"
"paleosol_montanez_2016.xlsx",12,"temperature uncertainty","maxandminpossibletemperaturesconstrainedbyproxysoiltemperature","Uncertainty type missing or unclear; left blank"
"paleosol_montanez_2016.xlsx",13,"temperature uncertainty","maxandminpossibletemperaturesconstrainedbyproxysoiltemperature","Uncertainty type missing or unclear; left blank"
"paleosol_montanez_2016.xlsx",14,"temperature uncertainty","maxandminpossibletemperaturesconstrainedbyproxysoiltemperature","Uncertainty type missing or unclear; left blank"
"paleosol_montanez_2016.xlsx",15,"temperature uncertainty","maxandminpossibletemperaturesconstrainedbyproxysoiltemperature","Uncertainty type missing or unclear; left blank"
"paleosol_montanez_2016.xlsx",16,"temperature uncertainty","maxandminpossibletemperaturesconstrainedbyproxysoiltemperature","Uncertainty type missing or unclear; left blank"
"paleosol_montanez_2016.xlsx",17,"temperature uncertainty","maxandminpossibletemperaturesconstrainedbyproxysoiltemperature","Uncertainty type missing or unclear; left blank"
"paleosol_montanez_2016.xlsx",18,"temperature uncertainty","maxandminpossibletemperaturesconstrainedbyproxysoiltemperature","Uncertainty type missing or unclear; left blank"
"paleosol_montanez_2016.xlsx",19,"temperature uncertainty","maxandminpossibletemperaturesconstrainedbyproxysoiltemperature","Uncertainty type missing or unclear; left blank"
"paleosol_montanez_2016.xlsx",20,"temperature uncertainty","maxandminpossibletemperaturesconstrainedbyproxysoiltemperature","Uncertainty type missing or unclear; left blank"
"paleosol_montanez_2016.xlsx",21,"temperature uncertainty","maxandminpossibletemperaturesconstrainedbyproxysoiltemperature","Uncertainty type missing or unclear; left blank"
"paleosol_montanez_2016.xlsx",22,"temperature uncertainty","maxandminpossibletemperaturesconstrainedbyproxysoiltemperature","Uncertainty type missing or unclear; left blank"
"paleosol_montanez_2016.xlsx",23,"temperature uncertainty","maxandminpossibletemperaturesconstrainedbyproxysoiltemperature","Uncertainty type missing or unclear; left blank"
"paleosol_montanez_2016.xlsx",24,"temperature uncertainty","maxandminpossibletemperaturesconstrainedbyproxysoiltemperature","Uncertainty type missing or unclear; left blank"
"paleosol_montanez_2016.xlsx",25,"temperature uncertainty","maxandminpossibletemperaturesconstrainedbyproxysoiltemperature","Uncertainty type missing or unclear; left blank"
"paleosol_montanez_2016.xlsx",26,"temperature uncertainty","maxandminpossibletemperaturesconstrainedbyproxysoiltemperature","Uncertainty type missing or unclear; left blank"
"paleosol_montanez_2016.xlsx",27,"temperature uncertainty","maxandminpossibletemperaturesconstrainedbyproxysoiltemperature","Uncertainty type missing or unclear; left blank"
"paleosol_montanez_2016.xlsx",28,"temperature uncertainty","maxandminpossibletemperaturesconstrainedbyproxysoiltemperature","Uncertainty type missing or unclear; left blank"
"paleosol_montanez_2016.xlsx",29,"temperature uncertainty","maxandminpossibletemperaturesconstrainedbyproxysoiltemperature","Uncertainty type missing or unclear; left blank"
"paleosol_montanez_2016.xlsx",30,"temperature uncertainty","maxandminpossibletemperaturesconstrainedbyproxysoiltemperature","Uncertainty type missing or unclear; left blank"
"paleosol_montanez_2016.xlsx",31,"temperature uncertainty","maxandminpossibletemperaturesconstrainedbyproxysoiltemperature","Uncertainty type missing or unclear; left blank"
"paleosol_montanez_2016.xlsx",32,"temperature uncertainty","maxandminpossibletemperaturesconstrainedbyproxysoiltemperature","Uncertainty type missing or unclear; left blank"
"paleosol_montanez_2016.xlsx",33,"temperature uncertainty","maxandminpossibletemperaturesconstrainedbyproxysoiltemperature","Uncertainty type missing or unclear; left blank"
"paleosol_montanez_2016.xlsx",34,"temperature uncertainty","maxandminpossibletemperaturesconstrainedbyproxysoiltemperature","Uncertainty type missing or unclear; left blank"
"paleosol_montanez_2016.xlsx",35,"temperature uncertainty","maxandminpossibletemperaturesconstrainedbyproxysoiltemperature","Uncertainty type missing or unclear; left blank"
"paleosol_montanez_2016.xlsx",36,"temperature uncertainty","maxandminpossibletemperaturesconstrainedbyproxysoiltemperature","Uncertainty type missing or unclear; left blank"
"paleosol_montanez_2016.xlsx",37,"temperature uncertainty","maxandminpossibletemperaturesconstrainedbyproxysoiltemperature","Uncertainty type missing or unclear; left blank"
"paleosol_montanez_2016.xlsx",38,"temperature uncertainty","maxandminpossibletemperaturesconstrainedbyproxysoiltemperature","Uncertainty type missing or unclear; left blank"
"paleosol_montanez_2016.xlsx",39,"temperature uncertainty","maxandminpossibletemperaturesconstrainedbyproxysoiltemperature","Uncertainty type missing or unclear; left blank"
"paleosol_montanez_2016.xlsx",40,"temperature uncertainty","maxandminpossibletemperaturesconstrainedbyproxysoiltemperature","Uncertainty type missing or unclear; left blank"
"paleosol_montanez_2016.xlsx",41,"temperature uncertainty","maxandminpossibletemperaturesconstrainedbyproxysoiltemperature","Uncertainty type missing or unclear; left blank"
"paleosol_montanez_2016.xlsx",42,"temperature uncertainty","maxandminpossibletemperaturesconstrainedbyproxysoiltemperature","Uncertainty type missing or unclear; left blank"
"paleosol_montanez_2016.xlsx",43,"temperature uncertainty","maxandminpossibletemperaturesconstrainedbyproxysoiltemperature","Uncertainty type missing or unclear; left blank"
"paleosol_montanez_2016.xlsx",44,"temperature uncertainty","maxandminpossibletemperaturesconstrainedbyproxysoiltemperature","Uncertainty type missing or unclear; left blank"
"paleosol_montanez_2016.xlsx",45,"temperature uncertainty","maxandminpossibletemperaturesconstrainedbyproxysoiltemperature","Uncertainty type missing or unclear; left blank"
"paleosol_montanez_2016.xlsx",46,"temperature uncertainty","maxandminpossibletemperaturesconstrainedbyproxysoiltemperature","Uncertainty type missing or unclear; left blank"
"paleosol_montanez_2016.xlsx",47,"temperature uncertainty","maxandminpossibletemperaturesconstrainedbyproxysoiltemperature","Uncertainty type missing or unclear; left blank"
"paleosol_montanez_2016.xlsx",48,"temperature uncertainty","maxandminpossibletemperaturesconstrainedbyproxysoiltemperature","Uncertainty type missing or unclear; left blank"
"paleosol_montanez_2016.xlsx",49,"temperature uncertainty","maxandminpossibletemperaturesconstrainedbyproxysoiltemperature","Uncertainty type missing or unclear; left blank"
"paleosol_montanez_2016.xlsx",50,"temperature uncertainty","maxandminpossibletemperaturesconstrainedbyproxysoiltemperature","Uncertainty type missing or unclear; left blank"
"paleosol_montanez_2016.xlsx",51,"temperature uncertainty","maxandminpossibletemperaturesconstrainedbyproxysoiltemperature","Uncertainty type missing or unclear; left blank"
"paleosol_montanez_2016.xlsx",52,"temperature uncertainty","maxandminpossibletemperaturesconstrainedbyproxysoiltemperature","Uncertainty type missing or unclear; left blank"
"paleosol_montanez_2016.xlsx",53,"temperature uncertainty","maxandminpossibletemperaturesconstrainedbyproxysoiltemperature","Uncertainty type missing or unclear; left blank"
"paleosol_montanez_2016.xlsx",54,"temperature uncertainty","maxandminpossibletemperaturesconstrainedbyproxysoiltemperature","Uncertainty type missing or unclear; left blank"
"paleosol_montanez_2016.xlsx",55,"temperature uncertainty","maxandminpossibletemperaturesconstrainedbyproxysoiltemperature","Uncertainty type missing or unclear; left blank"
"paleosol_montanez_2016.xlsx",56,"temperature uncertainty","maxandminpossibletemperaturesconstrainedbyproxysoiltemperature","Uncertainty type missing or unclear; left blank"
"paleosol_montanez_2016.xlsx",57,"temperature uncertainty","maxandminpossibletemperaturesconstrainedbyproxysoiltemperature","Uncertainty type missing or unclear; left blank"
"paleosol_montanez_2016.xlsx",58,"temperature uncertainty","maxandminpossibletemperaturesconstrainedbyproxysoiltemperature","Uncertainty type missing or unclear; left blank"
"paleosol_montanez_2016.xlsx",59,"temperature uncertainty","maxandminpossibletemperaturesconstrainedbyproxysoiltemperature","Uncertainty type missing or unclear; left blank"
"paleosol_montanez_2016.xlsx",60,"temperature uncertainty","maxandminpossibletemperaturesconstrainedbyproxysoiltemperature","Uncertainty type missing or unclear; left blank"
"paleosol_montanez_2016.xlsx",61,"temperature uncertainty","maxandminpossibletemperaturesconstrainedbyproxysoiltemperature","Uncertainty type missing or unclear; left blank"
"paleosol_montanez_2016.xlsx",62,"temperature uncertainty","maxandminpossibletemperaturesconstrainedbyproxysoiltemperature","Uncertainty type missing or unclear; left blank"
"paleosol_montanez_2016.xlsx",63,"temperature uncertainty","maxandminpossibletemperaturesconstrainedbyproxysoiltemperature","Uncertainty type missing or unclear; left blank"
"paleosol_montanez_2016.xlsx",64,"temperature uncertainty","maxandminpossibletemperaturesconstrainedbyproxysoiltemperature","Uncertainty type missing or unclear; left blank"
"paleosol_montanez_2016.xlsx",65,"temperature uncertainty","maxandminpossibletemperaturesconstrainedbyproxysoiltemperature","Uncertainty type missing or unclear; left blank"
"paleosol_montanez_2016.xlsx",66,"temperature uncertainty","maxandminpossibletemperaturesconstrainedbyproxysoiltemperature","Uncertainty type missing or unclear; left blank"
"paleosol_montanez_2016.xlsx",67,"temperature uncertainty","maxandminpossibletemperaturesconstrainedbyproxysoiltemperature","Uncertainty type missing or unclear; left blank"
"paleosol_montanez_2016.xlsx",68,"temperature uncertainty","maxandminpossibletemperaturesconstrainedbyproxysoiltemperature","Uncertainty type missing or unclear; left blank"
"paleosol_montanez_2016.xlsx",69,"temperature uncertainty","maxandminpossibletemperaturesconstrainedbyproxysoiltemperature","Uncertainty type missing or unclear; left blank"
"paleosol_montanez_2016.xlsx",70,"temperature uncertainty","maxandminpossibletemperaturesconstrainedbyproxysoiltemperature","Uncertainty type missing or unclear; left blank"
"paleosol_montanez_2016.xlsx",71,"temperature uncertainty","maxandminpossibletemperaturesconstrainedbyproxysoiltemperature","Uncertainty type missing or unclear; left blank"
"paleosol_montanez_2016.xlsx",72,"temperature uncertainty","maxandminpossibletemperaturesconstrainedbyproxysoiltemperature","Uncertainty type missing or unclear; left blank"
"paleosol_montanez_2016.xlsx",73,"temperature uncertainty","maxandminpossibletemperaturesconstrainedbyproxysoiltemperature","Uncertainty type missing or unclear; left blank"
"paleosol_montanez_2016.xlsx",74,"temperature uncertainty","maxandminpossibletemperaturesconstrainedbyproxysoiltemperature","Uncertainty type missing or unclear; left blank"
"paleosol_montanez_2016.xlsx",75,"temperature uncertainty","maxandminpossibletemperaturesconstrainedbyproxysoiltemperature","Uncertainty type missing or unclear; left blank"
"paleosol_montanez_2016.xlsx",76,"temperature uncertainty","maxandminpossibletemperaturesconstrainedbyproxysoiltemperature","Uncertainty type missing or unclear; left blank"
"paleosol_montanez_2016.xlsx",77,"temperature uncertainty","maxandminpossibletemperaturesconstrainedbyproxysoiltemperature","Uncertainty type missing or unclear; left blank"
"paleosol_montanez_2016.xlsx",78,"temperature uncertainty","maxandminpossibletemperaturesconstrainedbyproxysoiltemperature","Uncertainty type missing or unclear; left blank"
"paleosol_montanez_2016.xlsx",79,"temperature uncertainty","maxandminpossibletemperaturesconstrainedbyproxysoiltemperature","Uncertainty type missing or unclear; left blank"
"paleosol_montanez_2016.xlsx",80,"temperature uncertainty","maxandminpossibletemperaturesconstrainedbyproxysoiltemperature","Uncertainty type missing or unclear; left blank"
"paleosol_montanez_2016.xlsx",81,"temperature uncertainty","maxandminpossibletemperaturesconstrainedbyproxysoiltemperature","Uncertainty type missing or unclear; left blank"
"paleosol_montanez_2016.xlsx",82,"temperature uncertainty","maxandminpossibletemperaturesconstrainedbyproxysoiltemperature","Uncertainty type missing or unclear; left blank"
"paleosol_montanez_2016.xlsx",83,"temperature uncertainty","maxandminpossibletemperaturesconstrainedbyproxysoiltemperature","Uncertainty type missing or unclear; left blank"
"paleosol_montanez_2016.xlsx",84,"temperature uncertainty","maxandminpossibletemperaturesconstrainedbyproxysoiltemperature","Uncertainty type missing or unclear; left blank"
"paleosol_montanez_2016.xlsx",85,"temperature uncertainty","maxandminpossibletemperaturesconstrainedbyproxysoiltemperature","Uncertainty type missing or unclear; left blank"
"paleosol_montanez_2016.xlsx",86,"temperature uncertainty","maxandminpossibletemperaturesconstrainedbyproxysoiltemperature","Uncertainty type missing or unclear; left blank"
"paleosol_montanez_2016.xlsx",87,"temperature uncertainty","maxandminpossibletemperaturesconstrainedbyproxysoiltemperature","Uncertainty type missing or unclear; left blank"
"paleosol_montanez_2016.xlsx",88,"temperature uncertainty","maxandminpossibletemperaturesconstrainedbyproxysoiltemperature","Uncertainty type missing or unclear; left blank"
"paleosol_montanez_2016.xlsx",89,"temperature uncertainty","maxandminpossibletemperaturesconstrainedbyproxysoiltemperature","Uncertainty type missing or unclear; left blank"
"paleosol_montanez_2016.xlsx",90,"temperature uncertainty","maxandminpossibletemperaturesconstrainedbyproxysoiltemperature","Uncertainty type missing or unclear; left blank"
"paleosol_montanez_2016.xlsx",91,"temperature uncertainty","maxandminpossibletemperaturesconstrainedbyproxysoiltemperature","Uncertainty type missing or unclear; left blank"
"paleosol_montanez_2016.xlsx",92,"temperature uncertainty","maxandminpossibletemperaturesconstrainedbyproxysoiltemperature","Uncertainty type missing or unclear; left blank"
"paleosol_montanez_2016.xlsx",93,"temperature uncertainty","maxandminpossibletemperaturesconstrainedbyproxysoiltemperature","Uncertainty type missing or unclear; left blank"
"paleosol_montanez_2016.xlsx",94,"temperature uncertainty","maxandminpossibletemperaturesconstrainedbyproxysoiltemperature","Uncertainty type missing or unclear; left blank"
"paleosol_montanez_2016.xlsx",95,"temperature uncertainty","maxandminpossibletemperaturesconstrainedbyproxysoiltemperature","Uncertainty type missing or unclear; left blank"
"paleosol_montanez_2016.xlsx",96,"temperature uncertainty","maxandminpossibletemperaturesconstrainedbyproxysoiltemperature","Uncertainty type missing or unclear; left blank"
"paleosol_montanez_2016.xlsx",97,"temperature uncertainty","maxandminpossibletemperaturesconstrainedbyproxysoiltemperature","Uncertainty type missing or unclear; left blank"
"paleosol_montanez_2016.xlsx",98,"temperature uncertainty","maxandminpossibletemperaturesconstrainedbyproxysoiltemperature","Uncertainty type missing or unclear; left blank"
"paleosol_montanez_2016.xlsx",99,"temperature uncertainty","maxandminpossibletemperaturesconstrainedbyproxysoiltemperature","Uncertainty type missing or unclear; left blank"
"paleosol_mora_1996.xlsx",6,"V","uncertainities not accounted for","Non-numeric measurement; left blank"
"paleosol_mora_1996.xlsx",8,"V","uncertainities not accounted for","Non-numeric measurement; left blank"
"paleosol_mora_1996.xlsx",9,"V","uncertainities not accounted for","Non-numeric measurement; left blank"
"paleosol_mora_1996.xlsx",10,"V","uncertainities not accounted for","Non-numeric measurement; left blank"
"paleosol_nordt_2015.xlsx",4,"temperature uncertainty",,"Uncertainty type missing or unclear; left blank"
"paleosol_nordt_2015.xlsx",5,"temperature uncertainty",,"Uncertainty type missing or unclear; left blank"
"paleosol_nordt_2015.xlsx",6,"temperature uncertainty",,"Uncertainty type missing or unclear; left blank"
"paleosol_nordt_2015.xlsx",7,"temperature uncertainty",,"Uncertainty type missing or unclear; left blank"
"paleosol_nordt_2015.xlsx",8,"temperature uncertainty",,"Uncertainty type missing or unclear; left blank"
"paleosol_nordt_2015.xlsx",9,"temperature uncertainty",,"Uncertainty type missing or unclear; left blank"
"paleosol_nordt_2015.xlsx",10,"temperature uncertainty",,"Uncertainty type missing or unclear; left blank"
"paleosol_nordt_2015.xlsx",11,"temperature uncertainty",,"Uncertainty type missing or unclear; left blank"
"paleosol_nordt_2015.xlsx",12,"temperature uncertainty",,"Uncertainty type missing or unclear; left blank"
"paleosol_nordt_2015.xlsx",13,"temperature uncertainty",,"Uncertainty type missing or unclear; left blank"
"paleosol_nordt_2015.xlsx",14,"temperature uncertainty",,"Uncertainty type missing or unclear; left blank"
"paleosol_nordt_2015.xlsx",15,"temperature uncertainty",,"Uncertainty type missing or unclear; left blank"
"paleosol_nordt_2015.xlsx",16,"temperature uncertainty",,"Uncertainty type missing or unclear; left blank"
"paleosol_nordt_2015.xlsx",17,"temperature uncertainty",,"Uncertainty type missing or unclear; left blank"
"paleosol_nordt_2015.xlsx",18,"temperature uncertainty",,"Uncertainty type missing or unclear; left blank"
"paleosol_nordt_2015.xlsx",19,"temperature uncertainty",,"Uncertainty type missing or unclear; left blank"
"paleosol_nordt_2015.xlsx",20,"temperature uncertainty",,"Uncertainty type missing or unclear; left blank"
"paleosol_nordt_2015.xlsx",21,"temperature uncertainty",,"Uncertainty type missing or unclear; left blank"
"paleosol_nordt_2015.xlsx",22,"temperature uncertainty",,"Uncertainty type missing or unclear; left blank"
"paleosol_nordt_2015.xlsx",23,"temperature uncertainty",,"Uncertainty type missing or unclear; left blank"
"paleosol_nordt_2015.xlsx",24,"temperature uncertainty",,"Uncertainty type missing or unclear; left blank"
"paleosol_nordt_2015.xlsx",25,"temperature uncertainty",,"Uncertainty type missing or unclear; left blank"
"paleosol_nordt_2015.xlsx",26,"temperature uncertainty",,"Uncertainty type missing or unclear; left blank"
"paleosol_nordt_2015.xlsx",27,"temperature uncertainty",,"Uncertainty type missing or unclear; left blank"
"paleosol_nordt_2015.xlsx",28,"temperature uncertainty",,"Uncertainty type missing or unclear; left blank"
"paleosol_nordt_2015.xlsx",29,"temperature uncertainty",,"Uncertainty type missing or unclear; left blank"
"paleosol_nordt_2015.xlsx",30,"temperature uncertainty",,"Uncertainty type missing or unclear; left blank"
"paleosol_nordt_2015.xlsx",31,"temperature uncertainty",,"Uncertainty type missing or unclear; left blank"
"paleosol_nordt_2015.xlsx",32,"temperature uncertainty",,"Uncertainty type missing or unclear; left blank"
"paleosol_nordt_2015.xlsx",33,"temperature uncertainty",,"Uncertainty type missing or unclear; left blank"
"paleosol_nordt_2015.xlsx",34,"temperature uncertainty",,"Uncertainty type missing or unclear; left blank"
"paleosol_nordt_2015.xlsx",35,"temperature uncertainty",,"Uncertainty type missing or unclear; left blank"
"paleosol_nordt_2015.xlsx",36,"temperature uncertainty",,"Uncertainty type missing or unclear; left blank"
"paleosol_nordt_2015.xlsx",37,"temperature uncertainty",,"Uncertainty type missing or unclear; left blank"
"paleosol_nordt_2015.xlsx",38,"temperature uncertainty",,"Uncertainty type missing or unclear; left blank"
"paleosol_nordt_2015.xlsx",39,"temperature uncertainty",,"Uncertainty type missing or unclear; left blank"
"paleosol_nordt_2015.xlsx",40,"temperature uncertainty",,"Uncertainty type missing or unclear; left blank"
"paleosol_nordt_2015.xlsx",41,"temperature uncertainty",,"Uncertainty type missing or unclear; left blank"
"paleosol_nordt_2015.xlsx",42,"temperature uncertainty",,"Uncertainty type missing or unclear; left blank"
"paleosol_nordt_2015.xlsx",4,"map uncertainty",,"Uncertainty type missing or unclear; left blank"
"paleosol_nordt_2015.xlsx",5,"map uncertainty",,"Uncertainty type missing or unclear; left blank"
"paleosol_nordt_2015.xlsx",6,"map uncertainty",,"Uncertainty type missing or unclear; left blank"
"paleosol_nordt_2015.xlsx",7,"map uncertainty",,"Uncertainty type missing or unclear; left blank"
"paleosol_nordt_2015.xlsx",8,"map uncertainty",,"Uncertainty type missing or unclear; left blank"
"paleosol_nordt_2015.xlsx",9,"map uncertainty",,"Uncertainty type missing or unclear; left blank"
"paleosol_nordt_2015.xlsx",10,"map uncertainty",,"Uncertainty type missing or unclear; left blank"
"paleosol_nordt_2015.xlsx",11,"map uncertainty",,"Uncertainty type missing or unclear; left blank"
"paleosol_nordt_2015.xlsx",12,"map uncertainty",,"Uncertainty type missing or unclear; left blank"
"paleosol_nordt_2015.xlsx",13,"map uncertainty",,"Uncertainty type missing or unclear; left blank"
"paleosol_nordt_2015.xlsx",14,"map uncertainty",,"Uncertainty type missing or unclear; left blank"
"paleosol_nordt_2015.xlsx",15,"map uncertainty",,"Uncertainty type missing or unclear; left blank"
"paleosol_nordt_2015.xlsx",16,"map uncertainty",,"Uncertainty type missing or unclear; left blank"
"paleosol_nordt_2015.xlsx",17,"map uncertainty",,"Uncertainty type missing or unclear; left blank"
"paleosol_nordt_2015.xlsx",18,"map uncertainty",,"Uncertainty type missing or unclear; left blank"
"paleosol_nordt_2015.xlsx",19,"map uncertainty",,"Uncertainty type missing or unclear; left blank"
"paleosol_nordt_2015.xlsx",20,"map uncertainty",,"Uncertainty type missing or unclear; left blank"
"paleosol_nordt_2015.xlsx",21,"map uncertainty",,"Uncertainty type missing or unclear; left blank"
"paleosol_nordt_2015.xlsx",22,"map uncertainty",,"Uncertainty type missing or unclear; left blank"
"paleosol_nordt_2015.xlsx",23,"map uncertainty",,"Uncertainty type missing or unclear; left blank"
"paleosol_nordt_2015.xlsx",24,"map uncertainty",,"Uncertainty type missing or unclear; left blank"
"paleosol_nordt_2015.xlsx",25,"map uncertainty",,"Uncertainty type missing or unclear; left blank"
"paleosol_nordt_2015.xlsx",26,"map uncertainty",,"Uncertainty type missing or unclear; left blank"
"paleosol_nordt_2015.xlsx",27,"map uncertainty",,"Uncertainty type missing or unclear; left blank"
"paleosol_nordt_2015.xlsx",28,"map uncertainty",,"Uncertainty type missing or unclear; left blank"
"paleosol_nordt_2015.xlsx",29,"map uncertainty",,"Uncertainty type missing or unclear; left blank"
"paleosol_nordt_2015.xlsx",30,"map uncertainty",,"Uncertainty type missing or unclear; left blank"
"paleosol_nordt_2015.xlsx",31,"map uncertainty",,"Uncertainty type missing or unclear; left blank"
"paleosol_nordt_2015.xlsx",32,"map uncertainty",,"Uncertainty type missing or unclear; left blank"
"paleosol_nordt_2015.xlsx",33,"map uncertainty",,"Uncertainty type missing or unclear; left blank"
"paleosol_nordt_2015.xlsx",34,"map uncertainty",,"Uncertainty type missing or unclear; left blank"
"paleosol_nordt_2015.xlsx",35,"map uncertainty",,"Uncertainty type missing or unclear; left blank"
"paleosol_nordt_2015.xlsx",36,"map uncertainty",,"Uncertainty type missing or unclear; left blank"
"paleosol_nordt_2015.xlsx",37,"map uncertainty",,"Uncertainty type missing or unclear; left blank"
"paleosol_nordt_2015.xlsx",38,"map uncertainty",,"Uncertainty type missing or unclear; left blank"
"paleosol_nordt_2015.xlsx",39,"map uncertainty",,"Uncertainty type missing or unclear; left blank"
"paleosol_nordt_2015.xlsx",40,"map uncertainty",,"Uncertainty type missing or unclear; left blank"
"paleosol_nordt_2015.xlsx",41,"map uncertainty",,"Uncertainty type missing or unclear; left blank"
"paleosol_nordt_2015.xlsx",42,"map uncertainty",,"Uncertainty type missing or unclear; left blank"
"paleosol_roy_2021.xlsx",4,"age uncertainty",,"Uncertainty type missing or unclear; left blank"
"paleosol_roy_2021.xlsx",5,"age uncertainty",,"Uncertainty type missing or unclear; left blank"
"paleosol_roy_2021.xlsx",6,"age uncertainty",,"Uncertainty type missing or unclear; left blank"
"paleosol_roy_2021.xlsx",7,"age uncertainty",,"Uncertainty type missing or unclear; left blank"
"paleosol_roy_2021.xlsx",8,"age uncertainty",,"Uncertainty type missing or unclear; left blank"
"paleosol_roy_2021.xlsx",9,"age uncertainty",,"Uncertainty type missing or unclear; left blank"
"paleosol_roy_2021.xlsx",10,"age uncertainty",,"Uncertainty type missing or unclear; left blank"
"paleosol_roy_2021.xlsx",11,"age uncertainty",,"Uncertainty type missing or unclear; left blank"
"paleosol_roy_2021.xlsx",12,"age uncertainty",,"Uncertainty type missing or unclear; left blank"
"paleosol_roy_2021.xlsx",13,"age uncertainty",,"Uncertainty type missing or unclear; left blank"
"paleosol_roy_2021.xlsx",14,"age uncertainty",,"Uncertainty type missing or unclear; left blank"
"paleosol_roy_2021.xlsx",15,"age uncertainty",,"Uncertainty type missing or unclear; left blank"
"paleosol_roy_2021.xlsx",16,"age uncertainty",,"Uncertainty type missing or unclear; left blank"
"paleosol_roy_2021.xlsx",17,"age uncertainty",,"Uncertainty type missing or unclear; left blank"
"paleosol_roy_2021.xlsx",18,"age uncertainty",,"Uncertainty type missing or unclear; left blank"
"paleosol_roy_2021.xlsx",19,"age uncertainty",,"Uncertainty type missing or unclear; left blank"
"paleosol_roy_2021.xlsx",20,"age uncertainty",,"Uncertainty type missing or unclear; left blank"
"paleosol_roy_2021.xlsx",21,"age uncertainty",,"Uncertainty type missing or unclear; left blank"
"paleosol_roy_2021.xlsx",22,"age uncertainty",,"Uncertainty type missing or unclear; left blank"
"paleosol_roy_2021.xlsx",23,"age uncertainty",,"Uncertainty type missing or unclear; left blank"
"paleosol_roy_2021.xlsx",24,"age uncertainty",,"Uncertainty type missing or unclear; left blank"
"paleosol_roy_2021.xlsx",25,"age uncertainty",,"Uncertainty type missing or unclear; left blank"
"paleosol_roy_2021.xlsx",26,"age uncertainty",,"Uncertainty type missing or unclear; left blank"
"paleosol_roy_2021.xlsx",27,"age uncertainty",,"Uncertainty type missing or unclear; left blank"
"paleosol_roy_2021.xlsx",28,"age uncertainty",,"Uncertainty type missing or unclear; left blank"
"paleosol_roy_2021.xlsx",29,"age uncertainty",,"Uncertainty type missing or unclear; left blank"
"paleosol_roy_2021.xlsx",30,"age uncertainty",,"Uncertainty type missing or unclear; left blank"
"paleosol_roy_2021.xlsx",31,"age uncertainty",,"Uncertainty type missing or unclear; left blank"
"paleosol_roy_2021.xlsx",32,"age uncertainty",,"Uncertainty type missing or unclear; left blank"
"paleosol_roy_2021.xlsx",33,"age uncertainty",,"Uncertainty type missing or unclear; left blank"
"paleosol_roy_2021.xlsx",34,"age uncertainty",,"Uncertainty type missing or unclear; left blank"
"paleosol_roy_2021.xlsx",35,"age uncertainty",,"Uncertainty type missing or unclear; left blank"
"paleosol_roy_2021.xlsx",36,"age uncertainty",,"Uncertainty type missing or unclear; left blank"
"paleosol_roy_2021.xlsx",37,"age uncertainty",,"Uncertainty type missing or unclear; left blank"
"paleosol_roy_2021.xlsx",38,"age uncertainty",,"Uncertainty type missing or unclear; left blank"
"paleosol_roy_2021.xlsx",39,"age uncertainty",,"Uncertainty type missing or unclear; left blank"
"paleosol_roy_2021.xlsx",40,"age uncertainty",,"Uncertainty type missing or unclear; left blank"
"paleosol_roy_2021.xlsx",41,"age uncertainty",,"Uncertainty type missing or unclear; left blank"
"paleosol_roy_2021.xlsx",42,"age uncertainty",,"Uncertainty type missing or unclear; left blank"
"paleosol_roy_2021.xlsx",43,"age uncertainty",,"Uncertainty type missing or unclear; left blank"
"paleosol_roy_2021.xlsx",44,"age uncertainty",,"Uncertainty type missing or unclear; left blank"
"paleosol_schaller_2012.xlsx",4,"age uncertainty",,"Uncertainty type missing or unclear; left blank"
"paleosol_schaller_2012.xlsx",5,"age uncertainty",,"Uncertainty type missing or unclear; left blank"
"paleosol_schaller_2012.xlsx",6,"age uncertainty",,"Uncertainty type missing or unclear; left blank"
"paleosol_schaller_2012.xlsx",7,"age uncertainty",,"Uncertainty type missing or unclear; left blank"
"paleosol_schaller_2015.xlsx",4,"temperature uncertainty",,"Uncertainty type missing or unclear; left blank"
"paleosol_schaller_2015.xlsx",5,"temperature uncertainty",,"Uncertainty type missing or unclear; left blank"
"paleosol_schaller_2015.xlsx",6,"temperature uncertainty",,"Uncertainty type missing or unclear; left blank"
"paleosol_schaller_2015.xlsx",7,"temperature uncertainty",,"Uncertainty type missing or unclear; left blank"
"paleosol_schaller_2015.xlsx",8,"temperature uncertainty",,"Uncertainty type missing or unclear; left blank"
"paleosol_schaller_2015.xlsx",9,"temperature uncertainty",,"Uncertainty type missing or unclear; left blank"
"paleosol_schaller_2015.xlsx",10,"temperature uncertainty",,"Uncertainty type missing or unclear; left blank"
"paleosol_schaller_2015.xlsx",11,"temperature uncertainty",,"Uncertainty type missing or unclear; left blank"
"paleosol_schaller_2015.xlsx",12,"temperature uncertainty",,"Uncertainty type missing or unclear; left blank"
"paleosol_schaller_2015.xlsx",13,"temperature uncertainty",,"Uncertainty type missing or unclear; left blank"
"paleosol_schaller_2015.xlsx",14,"temperature uncertainty",,"Uncertainty type missing or unclear; left blank"
"paleosol_schaller_2015.xlsx",15,"temperature uncertainty",,"Uncertainty type missing or unclear; left blank"
"paleosol_schaller_2015.xlsx",16,"temperature uncertainty",,"Uncertainty type missing or unclear; left blank"
"paleosol_schaller_2015.xlsx",17,"temperature uncertainty",,"Uncertainty type missing or unclear; left blank"
"paleosol_schaller_2015.xlsx",18,"temperature uncertainty",,"Uncertainty type missing or unclear; left blank"
"paleosol_schaller_2015.xlsx",19,"temperature uncertainty",,"Uncertainty type missing or unclear; left blank"
"paleosol_schaller_2015.xlsx",20,"temperature uncertainty",,"Uncertainty type missing or unclear; left blank"
"paleosol_schaller_2015.xlsx",21,"temperature uncertainty",,"Uncertainty type missing or unclear; left blank"
"paleosol_schaller_2015.xlsx",22,"temperature uncertainty",,"Uncertainty type missing or unclear; left blank"
"paleosol_schaller_2015.xlsx",23,"temperature uncertainty",,"Uncertainty type missing or unclear; left blank"
"paleosol_schaller_2015.xlsx",24,"temperature uncertainty",,"Uncertainty type missing or unclear; left blank"
"paleosol_schaller_2015.xlsx",25,"temperature uncertainty",,"Uncertainty type missing or unclear; left blank"
"paleosol_schaller_2015.xlsx",26,"temperature uncertainty",,"Uncertainty type missing or unclear; left blank"
"paleosol_schaller_2015.xlsx",27,"temperature uncertainty",,"Uncertainty type missing or unclear; left blank"
"paleosol_schaller_2015.xlsx",28,"temperature uncertainty",,"Uncertainty type missing or unclear; left blank"
"paleosol_schaller_2015.xlsx",29,"temperature uncertainty",,"Uncertainty type missing or unclear; left blank"
"paleosol_schaller_2015.xlsx",30,"temperature uncertainty",,"Uncertainty type missing or unclear; left blank"
"paleosol_schaller_2015.xlsx",31,"temperature uncertainty",,"Uncertainty type missing or unclear; left blank"
"paleosol_schaller_2015.xlsx",32,"temperature uncertainty",,"Uncertainty type missing or unclear; left blank"
"paleosol_schaller_2015.xlsx",33,"temperature uncertainty",,"Uncertainty type missing or unclear; left blank"
"paleosol_schaller_2015.xlsx",34,"temperature uncertainty",,"Uncertainty type missing or unclear; left blank"
"paleosol_schaller_2015.xlsx",35,"temperature uncertainty",,"Uncertainty type missing or unclear; left blank"
"paleosol_schaller_2015.xlsx",36,"temperature uncertainty",,"Uncertainty type missing or unclear; left blank"
"paleosol_schaller_2015.xlsx",37,"temperature uncertainty",,"Uncertainty type missing or unclear; left blank"
"paleosol_schaller_2015.xlsx",38,"temperature uncertainty",,"Uncertainty type missing or unclear; left blank"
"paleosol_schaller_2015.xlsx",39,"temperature uncertainty",,"Uncertainty type missing or unclear; left blank"
"paleosol_schaller_2015.xlsx",40,"temperature uncertainty",,"Uncertainty type missing or unclear; left blank"
"paleosol_schaller_2015.xlsx",41,"temperature uncertainty",,"Uncertainty type missing or unclear; left blank"
"paleosol_schaller_2015.xlsx",42,"temperature uncertainty",,"Uncertainty type missing or unclear; left blank"
"paleosol_schaller_2015.xlsx",43,"temperature uncertainty",,"Uncertainty type missing or unclear; left blank"
"paleosol_schaller_2015.xlsx",44,"temperature uncertainty",,"Uncertainty type missing or unclear; left blank"
"paleosol_schaller_2015.xlsx",45,"temperature uncertainty",,"Uncertainty type missing or unclear; left blank"
"paleosol_schaller_2015.xlsx",46,"temperature uncertainty",,"Uncertainty type missing or unclear; left blank"
"paleosol_schaller_2015.xlsx",47,"temperature uncertainty",,"Uncertainty type missing or unclear; left blank"
"paleosol_schaller_2015.xlsx",48,"temperature uncertainty",,"Uncertainty type missing or unclear; left blank"
"paleosol_schaller_2015.xlsx",49,"temperature uncertainty",,"Uncertainty type missing or unclear; left blank"
"paleosol_schaller_2015.xlsx",50,"temperature uncertainty",,"Uncertainty type missing or unclear; left blank"
"paleosol_schaller_2015.xlsx",51,"temperature uncertainty",,"Uncertainty type missing or unclear; left blank"
"paleosol_schaller_2015.xlsx",52,"temperature uncertainty",,"Uncertainty type missing or unclear; left blank"
"paleosol_schaller_2015.xlsx",53,"temperature uncertainty",,"Uncertainty type missing or unclear; left blank"
"paleosol_schaller_2015.xlsx",54,"temperature uncertainty",,"Uncertainty type missing or unclear; left blank"
"paleosol_schaller_2015.xlsx",55,"temperature uncertainty",,"Uncertainty type missing or unclear; left blank"
"paleosol_schaller_2015.xlsx",56,"temperature uncertainty",,"Uncertainty type missing or unclear; left blank"
"paleosol_schaller_2015.xlsx",57,"temperature uncertainty",,"Uncertainty type missing or unclear; left blank"
"paleosol_schaller_2015.xlsx",58,"temperature uncertainty",,"Uncertainty type missing or unclear; left blank"
"paleosol_schaller_2015.xlsx",59,"temperature uncertainty",,"Uncertainty type missing or unclear; left blank"
"paleosol_schaller_2015.xlsx",60,"temperature uncertainty",,"Uncertainty type missing or unclear; left blank"
"paleosol_schaller_2015.xlsx",61,"temperature uncertainty",,"Uncertainty type missing or unclear; left blank"
"paleosol_schaller_2015.xlsx",62,"temperature uncertainty",,"Uncertainty type missing or unclear; left blank"
"paleosol_schaller_2015.xlsx",63,"temperature uncertainty",,"Uncertainty type missing or unclear; left blank"
"paleosol_schaller_2015.xlsx",64,"temperature uncertainty",,"Uncertainty type missing or unclear; left blank"
"paleosol_tanner_2001.xlsx",4,"age uncertainty",,"Uncertainty type missing or unclear; left blank"
"paleosol_tanner_2001.xlsx",5,"age uncertainty",,"Uncertainty type missing or unclear; left blank"
"paleosol_tanner_2001.xlsx",6,"age uncertainty",,"Uncertainty type missing or unclear; left blank"
"paleosol_tanner_2001.xlsx",7,"age uncertainty",,"Uncertainty type missing or unclear; left blank"
"paleosol_tanner_2001.xlsx",8,"age uncertainty",,"Uncertainty type missing or unclear; left blank"
"paleosol_tanner_2001.xlsx",9,"age uncertainty",,"Uncertainty type missing or unclear; left blank"
"paleosol_tanner_2001.xlsx",10,"age uncertainty",,"Uncertainty type missing or unclear; left blank"
"paleosol_tanner_2001.xlsx",11,"age uncertainty",,"Uncertainty type missing or unclear; left blank"
"paleosol_tanner_2001.xlsx",12,"age uncertainty",,"Uncertainty type missing or unclear; left blank"
"paleosol_tanner_2001.xlsx",13,"age uncertainty",,"Uncertainty type missing or unclear; left blank"
"paleosol_tanner_2001.xlsx",14,"age uncertainty",,"Uncertainty type missing or unclear; left blank"
"paleosol_tanner_2001.xlsx",15,"age uncertainty",,"Uncertainty type missing or unclear; left blank"
"paleosol_tanner_2001.xlsx",16,"age uncertainty",,"Uncertainty type missing or unclear; left blank"
"paleosol_tanner_2001.xlsx",17,"age uncertainty",,"Uncertainty type missing or unclear; left blank"
"paleosol_tanner_2001.xlsx",18,"age uncertainty",,"Uncertainty type missing or unclear; left blank"
"paleosol_tanner_2001.xlsx",19,"age uncertainty",,"Uncertainty type missing or unclear; left blank"
"paleosol_tanner_2001.xlsx",20,"age uncertainty",,"Uncertainty type missing or unclear; left blank"
"paleosol_tanner_2001.xlsx",21,"age uncertainty",,"Uncertainty type missing or unclear; left blank"
"paleosol_tanner_2001.xlsx",22,"age uncertainty",,"Uncertainty type missing or unclear; left blank"
"paleosol_tanner_2001.xlsx",23,"age uncertainty",,"Uncertainty type missing or unclear; left blank"
"paleosol_tanner_2001.xlsx",24,"age uncertainty",,"Uncertainty type missing or unclear; left blank"
"paleosol_whiteside_2015.xlsx",4,"age uncertainty",,"Uncertainty type missing or unclear; left blank"
"paleosol_whiteside_2015.xlsx",5,"age uncertainty",,"Uncertainty type missing or unclear; left blank"
"paleosol_whiteside_2015.xlsx",6,"age uncertainty",,"Uncertainty type missing or unclear; left blank"
"paleosol_whiteside_2015.xlsx",7,"age uncertainty",,"Uncertainty type missing or unclear; left blank"
"paleosol_whiteside_2015.xlsx",8,"age uncertainty",,"Uncertainty type missing or unclear; left blank"
"paleosol_whiteside_2015.xlsx",9,"age uncertainty",,"Uncertainty type missing or unclear; left blank"
"paleosol_whiteside_2015.xlsx",10,"age uncertainty",,"Uncertainty type missing or unclear; left blank"
"paleosol_whiteside_2015.xlsx",11,"age uncertainty",,"Uncertainty type missing or unclear; left blank"
"paleosol_zhu_2021.xlsx",4,"age uncertainty",,"Uncertainty type missing or unclear; left blank"
"paleosol_zhu_2021.xlsx",5,"age uncertainty",,"Uncertainty type missing or unclear; left blank"
"paleosol_zhu_2021.xlsx",6,"age uncertainty",,"Uncertainty type missing or unclear; left blank"
"paleosol_zhu_2021.xlsx",7,"age uncertainty",,"Uncertainty type missing or unclear; left blank"
"paleosol_zhu_2021.xlsx",8,"age uncertainty",,"Uncertainty type missing or unclear; left blank"
"paleosol_zhu_2021.xlsx",9,"age uncertainty",,"Uncertainty type missing or unclear; left blank"
"paleosol_zhu_2021.xlsx",10,"age uncertainty",,"Uncertainty type missing or unclear; left blank"
"paleosol_zhu_2021.xlsx",11,"age uncertainty",,"Uncertainty type missing or unclear; left blank"
"paleosol_zhu_2021.xlsx",12,"age uncertainty",,"Uncertainty type missing or unclear; left blank"
"paleosol_zhu_2021.xlsx",13,"age uncertainty",,"Uncertainty type missing or unclear; left blank"
"paleosol_zhu_2021.xlsx",14,"age uncertainty",,"Uncertainty type missing or unclear; left blank"
"paleosol_zhu_2021.xlsx",15,"age uncertainty",,"Uncertainty type missing or unclear; left blank"
"paleosol_zhu_2021.xlsx",16,"age uncertainty",,"Uncertainty type missing or unclear; left blank"
"paleosol_zhu_2021.xlsx",17,"age uncertainty",,"Uncertainty type missing or unclear; left blank"
"paleosol_zhu_2021.xlsx",18,"age uncertainty",,"Uncertainty type missing or unclear; left blank"
"paleosol_zhu_2021.xlsx",19,"age uncertainty",,"Uncertainty type missing or unclear; left blank"
"paleosol_zhu_2021.xlsx",20,"age uncertainty",,"Uncertainty type missing or unclear; left blank"
"paleosol_zhu_2021.xlsx",21,"age uncertainty",,"Uncertainty type missing or unclear; left blank"
"paleosol_zhu_2021.xlsx",22,"age uncertainty",,"Uncertainty type missing or unclear; left blank"
"paleosol_zhu_2021.xlsx",23,"age uncertainty",,"Uncertainty type missing or unclear; left blank"
"paleosol_zhu_2021.xlsx",24,"age uncertainty",,"Uncertainty type missing or unclear; left blank"
"paleosol_zhu_2021.xlsx",25,"age uncertainty",,"Uncertainty type missing or unclear; left blank"
"paleosol_zhu_2021.xlsx",26,"age uncertainty",,"Uncertainty type missing or unclear; left blank"
"paleosol_zhu_2021.xlsx",27,"age uncertainty",,"Uncertainty type missing or unclear; left blank"
"paleosol_zhu_2021.xlsx",28,"age uncertainty",,"Uncertainty type missing or unclear; left blank"
"paleosol_zhu_2021.xlsx",29,"age uncertainty",,"Uncertainty type missing or unclear; left blank"
"paleosol_zhu_2021.xlsx",30,"age uncertainty",,"Uncertainty type missing or unclear; left blank"
"paleosol_zhu_2021.xlsx",31,"age uncertainty",,"Uncertainty type missing or unclear; left blank"
"paleosol_zhu_2021.xlsx",32,"age uncertainty",,"Uncertainty type missing or unclear; left blank"
"paleosol_zhu_2021.xlsx",33,"age uncertainty",,"Uncertainty type missing or unclear; left blank"
"paleosol_zhu_2021.xlsx",34,"age uncertainty",,"Uncertainty type missing or unclear; left blank"
"paleosol_zhu_2021.xlsx",35,"age uncertainty",,"Uncertainty type missing or unclear; left blank"
"paleosol_zhu_2021.xlsx",36,"age uncertainty",,"Uncertainty type missing or unclear; left blank"
"paleosol_zhu_2021.xlsx",37,"age uncertainty",,"Uncertainty type missing or unclear; left blank"
"paleosol_zhu_2021.xlsx",38,"age uncertainty",,"Uncertainty type missing or unclear; left blank"
"paleosol_zhu_2021.xlsx",39,"age uncertainty",,"Uncertainty type missing or unclear; left blank"
"paleosol_zhu_2021.xlsx",40,"age uncertainty",,"Uncertainty type missing or unclear; left blank"
"paleosol_zhu_2021.xlsx",41,"age uncertainty",,"Uncertainty type missing or unclear; left blank"
"paleosol_zhu_2021.xlsx",42,"age uncertainty",,"Uncertainty type missing or unclear; left blank"
"paleosol_zhu_2021.xlsx",43,"age uncertainty",,"Uncertainty type missing or unclear; left blank"
"paleosol_zhu_2021.xlsx",44,"age uncertainty",,"Uncertainty type missing or unclear; left blank"
"paleosol_zhu_2021.xlsx",45,"age uncertainty",,"Uncertainty type missing or unclear; left blank"
"paleosol_zhu_2021.xlsx",46,"age uncertainty",,"Uncertainty type missing or unclear; left blank"
"paleosol_zhu_2021.xlsx",47,"age uncertainty",,"Uncertainty type missing or unclear; left blank"
"paleosol_zhu_2021.xlsx",48,"age uncertainty",,"Uncertainty type missing or unclear; left blank"
"paleosol_zhu_2021.xlsx",49,"age uncertainty",,"Uncertainty type missing or unclear; left blank"
"paleosol_zhu_2021.xlsx",50,"age uncertainty",,"Uncertainty type missing or unclear; left blank"
"paleosol_zhu_2021.xlsx",51,"age uncertainty",,"Uncertainty type missing or unclear; left blank"
"paleosol_zhu_2021.xlsx",52,"age uncertainty",,"Uncertainty type missing or unclear; left blank"
"paleosol_zhu_2021.xlsx",53,"age uncertainty",,"Uncertainty type missing or unclear; left blank"
"paleosol_zhu_2021.xlsx",54,"age uncertainty",,"Uncertainty type missing or unclear; left blank"
"paleosol_zhu_2021.xlsx",55,"age uncertainty",,"Uncertainty type missing or unclear; left blank"
"paleosol_zhu_2021.xlsx",56,"age uncertainty",,"Uncertainty type missing or unclear; left blank"
"paleosol_zhu_2021.xlsx",57,"age uncertainty",,"Uncertainty type missing or unclear; left blank"
"paleosol_zhu_2021.xlsx",58,"age uncertainty",,"Uncertainty type missing or unclear; left blank"
"paleosol_zhu_2021.xlsx",59,"age uncertainty",,"Uncertainty type missing or unclear; left blank"
"paleosol_zhu_2021.xlsx",60,"age uncertainty",,"Uncertainty type missing or unclear; left blank"
"paleosol_zhu_2021.xlsx",61,"age uncertainty",,"Uncertainty type missing or unclear; left blank"
"paleosol_zhu_2021.xlsx",62,"age uncertainty",,"Uncertainty type missing or unclear; left blank"
"paleosol_zhu_2021.xlsx",63,"age uncertainty",,"Uncertainty type missing or unclear; left blank"
"paleosol_zhu_2021.xlsx",64,"age uncertainty",,"Uncertainty type missing or unclear; left blank"
"paleosol_zhu_2021.xlsx",65,"age uncertainty",,"Uncertainty type missing or unclear; left blank"
"paleosol_zhu_2021.xlsx",66,"age uncertainty",,"Uncertainty type missing or unclear; left blank"
"paleosol_zhu_2021.xlsx",67,"age uncertainty",,"Uncertainty type missing or unclear; left blank"
"paleosol_zhu_2021.xlsx",68,"age uncertainty",,"Uncertainty type missing or unclear; left blank"
"paleosol_zhu_2021.xlsx",69,"age uncertainty",,"Uncertainty type missing or unclear; left blank"
"paleosol_zhu_2021.xlsx",70,"age uncertainty",,"Uncertainty type missing or unclear; left blank"
"paleosol_zhu_2021.xlsx",71,"age uncertainty",,"Uncertainty type missing or unclear; left blank"
"paleosol_zhu_2021.xlsx",72,"age uncertainty",,"Uncertainty type missing or unclear; left blank"
"paleosol_zhu_2021.xlsx",73,"age uncertainty",,"Uncertainty type missing or unclear; left blank"
"paleosol_zhu_2021.xlsx",74,"age uncertainty",,"Uncertainty type missing or unclear; left blank"
"paleosol_zhu_2021.xlsx",75,"age uncertainty",,"Uncertainty type missing or unclear; left blank"
"paleosol_zhu_2021.xlsx",76,"age uncertainty",,"Uncertainty type missing or unclear; left blank"
"paleosol_zhu_2021.xlsx",77,"age uncertainty",,"Uncertainty type missing or unclear; left blank"
"paleosol_zhu_2021.xlsx",78,"age uncertainty",,"Uncertainty type missing or unclear; left blank"
"paleosol_zhu_2021.xlsx",79,"age uncertainty",,"Uncertainty type missing or unclear; left blank"
"paleosol_zhu_2021.xlsx",80,"age uncertainty",,"Uncertainty type missing or unclear; left blank"
"paleosol_zhu_2021.xlsx",81,"age uncertainty",,"Uncertainty type missing or unclear; left blank"
"paleosol_zhu_2021.xlsx",82,"age uncertainty",,"Uncertainty type missing or unclear; left blank"
"paleosol_zhu_2021.xlsx",83,"age uncertainty",,"Uncertainty type missing or unclear; left blank"
"paleosol_zhu_2021.xlsx",84,"age uncertainty",,"Uncertainty type missing or unclear; left blank"
"paleosol_zhu_2021.xlsx",85,"age uncertainty",,"Uncertainty type missing or unclear; left blank"
"paleosol_zhu_2021.xlsx",86,"age uncertainty",,"Uncertainty type missing or unclear; left blank"
"paleosol_zhu_2021.xlsx",87,"age uncertainty",,"Uncertainty type missing or unclear; left blank"
"paleosol_zhu_2021.xlsx",88,"age uncertainty",,"Uncertainty type missing or unclear; left blank"
"paleosol_zhu_2021.xlsx",89,"age uncertainty",,"Uncertainty type missing or unclear; left blank"
"paleosol_zhu_2021.xlsx",90,"age uncertainty",,"Uncertainty type missing or unclear; left blank"
"paleosol_zhu_2021.xlsx",91,"age uncertainty",,"Uncertainty type missing or unclear; left blank"
"paleosol_zhu_2021.xlsx",92,"age uncertainty",,"Uncertainty type missing or unclear; left blank"
"paleosol_zhu_2021.xlsx",93,"age uncertainty",,"Uncertainty type missing or unclear; left blank"
"paleosol_zhu_2021.xlsx",94,"age uncertainty",,"Uncertainty type missing or unclear; left blank"
"paleosol_zhu_2021.xlsx",95,"age uncertainty",,"Uncertainty type missing or unclear; left blank"
"paleosol_breecker_2014_p1.0.xlsx",4,"temperature uncertainty","estimate","Uncertainty type missing or unclear; left blank"
"paleosol_breecker_2014_p1.0.xlsx",5,"temperature uncertainty","estimate","Uncertainty type missing or unclear; left blank"
"paleosol_breecker_2014_p1.0.xlsx",6,"temperature uncertainty","estimate","Uncertainty type missing or unclear; left blank"
"paleosol_breecker_2014_p1.0.xlsx",7,"temperature uncertainty","estimate","Uncertainty type missing or unclear; left blank"
"paleosol_breecker_2014_p1.0.xlsx",8,"temperature uncertainty","estimate","Uncertainty type missing or unclear; left blank"
"paleosol_breecker_2014_p1.0.xlsx",9,"temperature uncertainty","estimate","Uncertainty type missing or unclear; left blank"
"paleosol_breecker_2014_p1.0.xlsx",10,"temperature uncertainty","estimate","Uncertainty type missing or unclear; left blank"
"paleosol_breecker_2014_p1.0.xlsx",11,"temperature uncertainty","estimate","Uncertainty type missing or unclear; left blank"
"paleosol_breecker_2014_p1.0.xlsx",12,"temperature uncertainty","estimate","Uncertainty type missing or unclear; left blank"
"paleosol_breecker_2014_p1.0.xlsx",13,"temperature uncertainty","estimate","Uncertainty type missing or unclear; left blank"
"paleosol_da_2019_p1.0.xlsx",3,"temperature uncertainty",,"Uncertainty type missing or unclear; left blank"
"paleosol_da_2019_p1.0.xlsx",4,"temperature uncertainty",,"Uncertainty type missing or unclear; left blank"
"paleosol_da_2019_p1.0.xlsx",5,"temperature uncertainty",,"Uncertainty type missing or unclear; left blank"
"paleosol_da_2019_p1.0.xlsx",6,"temperature uncertainty",,"Uncertainty type missing or unclear; left blank"
"paleosol_da_2019_p1.0.xlsx",7,"temperature uncertainty",,"Uncertainty type missing or unclear; left blank"
"paleosol_da_2019_p1.0.xlsx",8,"temperature uncertainty",,"Uncertainty type missing or unclear; left blank"
"paleosol_da_2019_p1.0.xlsx",9,"temperature uncertainty",,"Uncertainty type missing or unclear; left blank"
"paleosol_da_2019_p1.0.xlsx",10,"temperature uncertainty",,"Uncertainty type missing or unclear; left blank"
"paleosol_da_2019_p1.0.xlsx",11,"temperature uncertainty",,"Uncertainty type missing or unclear; left blank"
"paleosol_da_2019_p1.0.xlsx",12,"temperature uncertainty",,"Uncertainty type missing or unclear; left blank"
"paleosol_da_2019_p1.0.xlsx",13,"temperature uncertainty",,"Uncertainty type missing or unclear; left blank"
"paleosol_da_2019_p1.0.xlsx",14,"temperature uncertainty",,"Uncertainty type missing or unclear; left blank"
"paleosol_da_2019_p1.0.xlsx",15,"temperature uncertainty",,"Uncertainty type missing or unclear; left blank"
"paleosol_da_2019_p1.0.xlsx",16,"temperature uncertainty",,"Uncertainty type missing or unclear; left blank"
"paleosol_da_2019_p1.0.xlsx",17,"temperature uncertainty",,"Uncertainty type missing or unclear; left blank"
"paleosol_da_2019_p1.0.xlsx",18,"temperature uncertainty",,"Uncertainty type missing or unclear; left blank"
"paleosol_da_2019_p1.0.xlsx",19,"temperature uncertainty",,"Uncertainty type missing or unclear; left blank"
"paleosol_da_2019_p1.0.xlsx",20,"temperature uncertainty",,"Uncertainty type missing or unclear; left blank"
"paleosol_da_2019_p1.0.xlsx",21,"temperature uncertainty",,"Uncertainty type missing or unclear; left blank"
"paleosol_da_2019_p1.0.xlsx",22,"temperature uncertainty",,"Uncertainty type missing or unclear; left blank"
"paleosol_da_2019_p1.0.xlsx",23,"temperature uncertainty",,"Uncertainty type missing or unclear; left blank"
"paleosol_da_2019_p1.0.xlsx",24,"temperature uncertainty",,"Uncertainty type missing or unclear; left blank"
"paleosol_da_2019_p1.0.xlsx",25,"temperature uncertainty",,"Uncertainty type missing or unclear; left blank"
"paleosol_da_2019_p1.0.xlsx",26,"temperature uncertainty",,"Uncertainty type missing or unclear; left blank"
"paleosol_da_2019_p1.0.xlsx",27,"temperature uncertainty",,"Uncertainty type missing or unclear; left blank"
"paleosol_da_2019_p1.0.xlsx",28,"temperature uncertainty",,"Uncertainty type missing or unclear; left blank"
"paleosol_da_2019_p1.0.xlsx",29,"temperature uncertainty",,"Uncertainty type missing or unclear; left blank"
"paleosol_da_2019_p1.0.xlsx",30,"temperature uncertainty",,"Uncertainty type missing or unclear; left blank"
"paleosol_da_2019_p1.0.xlsx",31,"temperature uncertainty",,"Uncertainty type missing or unclear; left blank"
"paleosol_da_2019_p1.0.xlsx",32,"temperature uncertainty",,"Uncertainty type missing or unclear; left blank"
"paleosol_da_2019_p1.0.xlsx",33,"temperature uncertainty",,"Uncertainty type missing or unclear; left blank"
"paleosol_da_2019_p1.0.xlsx",34,"temperature uncertainty",,"Uncertainty type missing or unclear; left blank"
"paleosol_da_2019_p1.0.xlsx",35,"temperature uncertainty",,"Uncertainty type missing or unclear; left blank"
"paleosol_da_2019_p1.0.xlsx",36,"temperature uncertainty",,"Uncertainty type missing or unclear; left blank"
"paleosol_da_2019_p1.0.xlsx",37,"temperature uncertainty",,"Uncertainty type missing or unclear; left blank"
"paleosol_da_2019_p1.0.xlsx",38,"temperature uncertainty",,"Uncertainty type missing or unclear; left blank"
"paleosol_da_2019_p1.0.xlsx",39,"temperature uncertainty",,"Uncertainty type missing or unclear; left blank"
"paleosol_da_2019_p1.0.xlsx",40,"temperature uncertainty",,"Uncertainty type missing or unclear; left blank"
"paleosol_da_2019_p1.0.xlsx",41,"temperature uncertainty",,"Uncertainty type missing or unclear; left blank"
"paleosol_da_2019_p1.0.xlsx",42,"temperature uncertainty",,"Uncertainty type missing or unclear; left blank"
"paleosol_da_2019_p1.0.xlsx",43,"temperature uncertainty",,"Uncertainty type missing or unclear; left blank"
"paleosol_da_2019_p1.0.xlsx",44,"temperature uncertainty",,"Uncertainty type missing or unclear; left blank"
"paleosol_da_2019_p1.0.xlsx",45,"temperature uncertainty",,"Uncertainty type missing or unclear; left blank"
"paleosol_da_2019_p1.0.xlsx",46,"temperature uncertainty",,"Uncertainty type missing or unclear; left blank"
"paleosol_da_2019_p1.0.xlsx",47,"temperature uncertainty",,"Uncertainty type missing or unclear; left blank"
"paleosol_da_2019_p1.0.xlsx",48,"temperature uncertainty",,"Uncertainty type missing or unclear; left blank"
"paleosol_da_2019_p1.0.xlsx",49,"temperature uncertainty",,"Uncertainty type missing or unclear; left blank"
"paleosol_da_2019_p1.0.xlsx",50,"temperature uncertainty",,"Uncertainty type missing or unclear; left blank"
"paleosol_da_2019_p1.0.xlsx",51,"temperature uncertainty",,"Uncertainty type missing or unclear; left blank"
"paleosol_da_2019_p1.0.xlsx",52,"temperature uncertainty",,"Uncertainty type missing or unclear; left blank"
"paleosol_da_2019_p1.0.xlsx",53,"temperature uncertainty",,"Uncertainty type missing or unclear; left blank"
"paleosol_da_2019_p1.0.xlsx",54,"temperature uncertainty",,"Uncertainty type missing or unclear; left blank"
"paleosol_da_2019_p1.0.xlsx",55,"temperature uncertainty",,"Uncertainty type missing or unclear; left blank"
"paleosol_da_2019_p1.0.xlsx",56,"temperature uncertainty",,"Uncertainty type missing or unclear; left blank"
"paleosol_da_2019_p1.0.xlsx",57,"temperature uncertainty",,"Uncertainty type missing or unclear; left blank"
"paleosol_da_2019_p1.0.xlsx",58,"temperature uncertainty",,"Uncertainty type missing or unclear; left blank"
"paleosol_da_2019_p1.0.xlsx",59,"temperature uncertainty",,"Uncertainty type missing or unclear; left blank"
"paleosol_da_2019_p1.0.xlsx",60,"temperature uncertainty",,"Uncertainty type missing or unclear; left blank"
"paleosol_da_2019_p1.0.xlsx",61,"temperature uncertainty",,"Uncertainty type missing or unclear; left blank"
"paleosol_da_2019_p1.0.xlsx",62,"temperature uncertainty",,"Uncertainty type missing or unclear; left blank"
"paleosol_da_2019_p1.0.xlsx",63,"temperature uncertainty",,"Uncertainty type missing or unclear; left blank"
"paleosol_da_2019_p1.0.xlsx",64,"temperature uncertainty",,"Uncertainty type missing or unclear; left blank"
"paleosol_da_2019_p1.0.xlsx",65,"temperature uncertainty",,"Uncertainty type missing or unclear; left blank"
"paleosol_da_2019_p1.0.xlsx",66,"temperature uncertainty",,"Uncertainty type missing or unclear; left blank"
"paleosol_da_2019_p1.0.xlsx",67,"temperature uncertainty",,"Uncertainty type missing or unclear; left blank"
"paleosol_da_2019_p1.0.xlsx",68,"temperature uncertainty",,"Uncertainty type missing or unclear; left blank"
"paleosol_da_2019_p1.0.xlsx",69,"temperature uncertainty",,"Uncertainty type missing or unclear; left blank"
"paleosol_da_2019_p1.0.xlsx",70,"temperature uncertainty",,"Uncertainty type missing or unclear; left blank"
"paleosol_da_2019_p1.0.xlsx",71,"temperature uncertainty",,"Uncertainty type missing or unclear; left blank"
"paleosol_da_2019_p1.0.xlsx",72,"temperature uncertainty",,"Uncertainty type missing or unclear; left blank"
"paleosol_da_2019_p1.0.xlsx",73,"temperature uncertainty",,"Uncertainty type missing or unclear; left blank"
"paleosol_da_2019_p1.0.xlsx",74,"temperature uncertainty",,"Uncertainty type missing or unclear; left blank"
"paleosol_da_2019_p1.0.xlsx",75,"temperature uncertainty",,"Uncertainty type missing or unclear; left blank"
"paleosol_huang_2013_p1.0.xlsx",3,"temperature uncertainty",,"Uncertainty type missing or unclear; left blank"
"paleosol_huang_2013_p1.0.xlsx",4,"temperature uncertainty",,"Uncertainty type missing or unclear; left blank"
"paleosol_huang_2013_p1.0.xlsx",5,"temperature uncertainty",,"Uncertainty type missing or unclear; left blank"
"paleosol_huang_2013_p1.0.xlsx",6,"temperature uncertainty",,"Uncertainty type missing or unclear; left blank"
"paleosol_huang_2013_p1.0.xlsx",7,"temperature uncertainty",,"Uncertainty type missing or unclear; left blank"
"paleosol_huang_2013_p1.0.xlsx",8,"temperature uncertainty",,"Uncertainty type missing or unclear; left blank"
"paleosol_huang_2013_p1.0.xlsx",9,"temperature uncertainty",,"Uncertainty type missing or unclear; left blank"
"paleosol_huang_2013_p1.0.xlsx",10,"temperature uncertainty",,"Uncertainty type missing or unclear; left blank"
"paleosol_huang_2013_p1.0.xlsx",11,"temperature uncertainty",,"Uncertainty type missing or unclear; left blank"
"paleosol_huang_2013_p1.0.xlsx",12,"temperature uncertainty",,"Uncertainty type missing or unclear; left blank"
"paleosol_huang_2013_p1.0.xlsx",13,"temperature uncertainty",,"Uncertainty type missing or unclear; left blank"
"paleosol_huang_2013_p1.0.xlsx",14,"temperature uncertainty",,"Uncertainty type missing or unclear; left blank"
"paleosol_huang_2013_p1.0.xlsx",15,"temperature uncertainty",,"Uncertainty type missing or unclear; left blank"
"paleosol_huang_2013_p1.0.xlsx",16,"temperature uncertainty",,"Uncertainty type missing or unclear; left blank"
"paleosol_huang_2013_p1.0.xlsx",17,"temperature uncertainty",,"Uncertainty type missing or unclear; left blank"
"paleosol_huang_2013_p1.0.xlsx",18,"temperature uncertainty",,"Uncertainty type missing or unclear; left blank"
"paleosol_huang_2013_p1.0.xlsx",19,"temperature uncertainty",,"Uncertainty type missing or unclear; left blank"
"paleosol_huang_2013_p1.0.xlsx",20,"temperature uncertainty",,"Uncertainty type missing or unclear; left blank"
"paleosol_huang_2013_p1.0.xlsx",21,"temperature uncertainty",,"Uncertainty type missing or unclear; left blank"
"paleosol_huang_2013_p1.0.xlsx",22,"temperature uncertainty",,"Uncertainty type missing or unclear; left blank"
"paleosol_huang_2013_p1.0.xlsx",23,"temperature uncertainty",,"Uncertainty type missing or unclear; left blank"
"paleosol_huang_2013_p1.0.xlsx",24,"temperature uncertainty",,"Uncertainty type missing or unclear; left blank"
"paleosol_huang_2013_p1.0.xlsx",25,"temperature uncertainty",,"Uncertainty type missing or unclear; left blank"
"paleosol_kohn_2015_p1.0.xlsx",3,"temperature uncertainty",,"Uncertainty type missing or unclear; left blank"
"paleosol_sinha_1994_p1.0.xlsx",3,"age",,"Missing or invalid age; excluded from age-filtered outputs"
"paleosol_sinha_1994_p1.0.xlsx",4,"age",,"Missing or invalid age; excluded from age-filtered outputs"
"paleosol_sinha_1994_p1.0.xlsx",5,"age",,"Missing or invalid age; excluded from age-filtered outputs"
"paleosol_sinha_1994_p1.0.xlsx",6,"age",,"Missing or invalid age; excluded from age-filtered outputs"
"paleosol_sinha_1994_p1.0.xlsx",7,"age",,"Missing or invalid age; excluded from age-filtered outputs"
"paleosol_sinha_1994_p1.0.xlsx",8,"age",,"Missing or invalid age; excluded from age-filtered outputs"
"paleosol_sinha_1994_p1.0.xlsx",9,"age",,"Missing or invalid age; excluded from age-filtered outputs"
"paleosol_sinha_1994_p1.0.xlsx",10,"age",,"Missing or invalid age; excluded from age-filtered outputs"
"paleosol_sinha_1994_p1.0.xlsx",11,"age",,"Missing or invalid age; excluded from age-filtered outputs"
"paleosol_sinha_1994_p1.0.xlsx",12,"age",,"Missing or invalid age; excluded from age-filtered outputs"
"paleosol_sinha_1994_p1.0.xlsx",13,"age",,"Missing or invalid age; excluded from age-filtered outputs"
"paleosol_sinha_1994_p1.0.xlsx",14,"age",,"Missing or invalid age; excluded from age-filtered outputs"
"paleosol_sinha_1994_p1.0.xlsx",15,"age",,"Missing or invalid age; excluded from age-filtered outputs"
"paleosol_sinha_1994_p1.0.xlsx",16,"age",,"Missing or invalid age; excluded from age-filtered outputs"
"paleosol_sinha_1994_p1.0.xlsx",17,"age",,"Missing or invalid age; excluded from age-filtered outputs"
"paleosol_sinha_1994_p1.0.xlsx",18,"age",,"Missing or invalid age; excluded from age-filtered outputs"
"paleosol_sinha_1994_p1.0.xlsx",19,"age",,"Missing or invalid age; excluded from age-filtered outputs"
"caves2016paleosol.xlsx",33,"age bounds","11; 12.2; 11","Age bounds reversed or do not contain central age"
"caves2016paleosol.xlsx",34,"age bounds","11; 12.2; 11","Age bounds reversed or do not contain central age"
"caves2016paleosol.xlsx",35,"age bounds","11; 12.2; 11","Age bounds reversed or do not contain central age"
"caves2016paleosol.xlsx",36,"age bounds","11; 12.2; 11","Age bounds reversed or do not contain central age"
"caves2016paleosol.xlsx",37,"age bounds","11; 12.2; 11","Age bounds reversed or do not contain central age"
"caves2016paleosol.xlsx",38,"age bounds","11; 12.2; 11","Age bounds reversed or do not contain central age"
"caves2016paleosol.xlsx",39,"age bounds","11; 12.2; 11","Age bounds reversed or do not contain central age"
"caves2016paleosol.xlsx",40,"age bounds","11; 12.2; 11","Age bounds reversed or do not contain central age"
"caves2016paleosol.xlsx",41,"age bounds","11; 12.2; 11","Age bounds reversed or do not contain central age"
"caves2016paleosol.xlsx",42,"age bounds","11; 12.2; 11","Age bounds reversed or do not contain central age"
"caves2016paleosol.xlsx",43,"age bounds","13.2; 15; 13.2","Age bounds reversed or do not contain central age"
"caves2016paleosol.xlsx",44,"age bounds","13.2; 15; 13.2","Age bounds reversed or do not contain central age"
"caves2016paleosol.xlsx",45,"age bounds","13.2; 15; 13.2","Age bounds reversed or do not contain central age"
"caves2016paleosol.xlsx",46,"age bounds","13.2; 15; 13.2","Age bounds reversed or do not contain central age"
"caves2016paleosol.xlsx",47,"age bounds","13.2; 15; 13.2","Age bounds reversed or do not contain central age"
"caves2016paleosol.xlsx",48,"age bounds","13.2; 15; 13.2","Age bounds reversed or do not contain central age"
"caves2016paleosol.xlsx",49,"age bounds","13.2; 15; 13.2","Age bounds reversed or do not contain central age"
"caves2016paleosol.xlsx",50,"age bounds","13.2; 15; 13.2","Age bounds reversed or do not contain central age"
"caves2016paleosol.xlsx",51,"age bounds","13.2; 15; 13.2","Age bounds reversed or do not contain central age"
"caves2016paleosol.xlsx",52,"age bounds","13.2; 15; 13.2","Age bounds reversed or do not contain central age"
"paleosol_andrews_1995.xlsx",4,"F",,"Missing latitude"
"paleosol_andrews_1995.xlsx",5,"F",,"Missing latitude"
"paleosol_andrews_1995.xlsx",6,"F",,"Missing latitude"
"paleosol_andrews_1995.xlsx",7,"F",,"Missing latitude"
"paleosol_andrews_1995.xlsx",8,"F",,"Missing latitude"
"paleosol_andrews_1995.xlsx",9,"F",,"Missing latitude"
"paleosol_andrews_1995.xlsx",10,"F",,"Missing latitude"
"paleosol_andrews_1995.xlsx",11,"F",,"Missing latitude"
"paleosol_andrews_1995.xlsx",12,"F",,"Missing latitude"
"paleosol_andrews_1995.xlsx",13,"F",,"Missing latitude"
"paleosol_andrews_1995.xlsx",14,"F",,"Missing latitude"
"paleosol_andrews_1995.xlsx",4,"G",,"Missing longitude"
"paleosol_andrews_1995.xlsx",5,"G",,"Missing longitude"
"paleosol_andrews_1995.xlsx",6,"G",,"Missing longitude"
"paleosol_andrews_1995.xlsx",7,"G",,"Missing longitude"
"paleosol_andrews_1995.xlsx",8,"G",,"Missing longitude"
"paleosol_andrews_1995.xlsx",9,"G",,"Missing longitude"
"paleosol_andrews_1995.xlsx",10,"G",,"Missing longitude"
"paleosol_andrews_1995.xlsx",11,"G",,"Missing longitude"
"paleosol_andrews_1995.xlsx",12,"G",,"Missing longitude"
"paleosol_andrews_1995.xlsx",13,"G",,"Missing longitude"
"paleosol_andrews_1995.xlsx",14,"G",,"Missing longitude"
"paleosol_andrzejewski_2022.xlsx",4,"F",,"Missing latitude"
"paleosol_andrzejewski_2022.xlsx",5,"F",,"Missing latitude"
"paleosol_andrzejewski_2022.xlsx",6,"F",,"Missing latitude"
"paleosol_andrzejewski_2022.xlsx",7,"F",,"Missing latitude"
"paleosol_andrzejewski_2022.xlsx",8,"F",,"Missing latitude"
"paleosol_andrzejewski_2022.xlsx",9,"F",,"Missing latitude"
"paleosol_andrzejewski_2022.xlsx",10,"F",,"Missing latitude"
"paleosol_andrzejewski_2022.xlsx",11,"F",,"Missing latitude"
"paleosol_andrzejewski_2022.xlsx",12,"F",,"Missing latitude"
"paleosol_andrzejewski_2022.xlsx",13,"F",,"Missing latitude"
"paleosol_andrzejewski_2022.xlsx",14,"F",,"Missing latitude"
"paleosol_andrzejewski_2022.xlsx",15,"F",,"Missing latitude"
"paleosol_andrzejewski_2022.xlsx",16,"F",,"Missing latitude"
"paleosol_andrzejewski_2022.xlsx",17,"F",,"Missing latitude"
"paleosol_andrzejewski_2022.xlsx",18,"F",,"Missing latitude"
"paleosol_andrzejewski_2022.xlsx",4,"G",,"Missing longitude"
"paleosol_andrzejewski_2022.xlsx",5,"G",,"Missing longitude"
"paleosol_andrzejewski_2022.xlsx",6,"G",,"Missing longitude"
"paleosol_andrzejewski_2022.xlsx",7,"G",,"Missing longitude"
"paleosol_andrzejewski_2022.xlsx",8,"G",,"Missing longitude"
"paleosol_andrzejewski_2022.xlsx",9,"G",,"Missing longitude"
"paleosol_andrzejewski_2022.xlsx",10,"G",,"Missing longitude"
"paleosol_andrzejewski_2022.xlsx",11,"G",,"Missing longitude"
"paleosol_andrzejewski_2022.xlsx",12,"G",,"Missing longitude"
"paleosol_andrzejewski_2022.xlsx",13,"G",,"Missing longitude"
"paleosol_andrzejewski_2022.xlsx",14,"G",,"Missing longitude"
"paleosol_andrzejewski_2022.xlsx",15,"G",,"Missing longitude"
"paleosol_andrzejewski_2022.xlsx",16,"G",,"Missing longitude"
"paleosol_andrzejewski_2022.xlsx",17,"G",,"Missing longitude"
"paleosol_andrzejewski_2022.xlsx",18,"G",,"Missing longitude"
"paleosol_ghosh_2005.xlsx",4,"A",,"Missing sample ID"
"paleosol_ghosh_2005.xlsx",5,"A",,"Missing sample ID"
"paleosol_ghosh_2005.xlsx",6,"A",,"Missing sample ID"
"paleosol_ghosh_2005.xlsx",7,"A",,"Missing sample ID"
"paleosol_ghosh_2005.xlsx",8,"A",,"Missing sample ID"
"paleosol_ghosh_2005.xlsx",6,"F",,"Missing latitude"
"paleosol_ghosh_2005.xlsx",8,"F",,"Missing latitude"
"paleosol_ghosh_2005.xlsx",6,"G",,"Missing longitude"
"paleosol_ghosh_2005.xlsx",8,"G",,"Missing longitude"
"paleosol_harper_2021.xlsx",4,"measurement",,"No primary proxy measurement mapped"
"paleosol_harper_2021.xlsx",10,"measurement",,"No primary proxy measurement mapped"
"paleosol_harper_2021.xlsx",11,"measurement",,"No primary proxy measurement mapped"
"paleosol_hong_2012.xlsx",4,"A",,"Missing sample ID"
"paleosol_hong_2012.xlsx",5,"A",,"Missing sample ID"
"paleosol_hong_2012.xlsx",6,"A",,"Missing sample ID"
"paleosol_hong_2012.xlsx",7,"A",,"Missing sample ID"
"paleosol_hong_2012.xlsx",8,"A",,"Missing sample ID"
"paleosol_hong_2012.xlsx",9,"A",,"Missing sample ID"
"paleosol_hong_2012.xlsx",10,"A",,"Missing sample ID"
"paleosol_hong_2012.xlsx",4,"F",,"Missing latitude"
"paleosol_hong_2012.xlsx",5,"F",,"Missing latitude"
"paleosol_hong_2012.xlsx",6,"F",,"Missing latitude"
"paleosol_hong_2012.xlsx",7,"F",,"Missing latitude"
"paleosol_hong_2012.xlsx",8,"F",,"Missing latitude"
"paleosol_hong_2012.xlsx",9,"F",,"Missing latitude"
"paleosol_hong_2012.xlsx",10,"F",,"Missing latitude"
"paleosol_hong_2012.xlsx",4,"G",,"Missing longitude"
"paleosol_hong_2012.xlsx",5,"G",,"Missing longitude"
"paleosol_hong_2012.xlsx",6,"G",,"Missing longitude"
"paleosol_hong_2012.xlsx",7,"G",,"Missing longitude"
"paleosol_hong_2012.xlsx",8,"G",,"Missing longitude"
"paleosol_hong_2012.xlsx",9,"G",,"Missing longitude"
"paleosol_hong_2012.xlsx",10,"G",,"Missing longitude"
"paleosol_hu_2019.xlsx",7,"measurement",,"No primary proxy measurement mapped"
"paleosol_hu_2019.xlsx",15,"measurement",,"No primary proxy measurement mapped"
"paleosol_hu_2019.xlsx",20,"measurement",,"No primary proxy measurement mapped"
"paleosol_hu_2019.xlsx",28,"measurement",,"No primary proxy measurement mapped"
"paleosol_hu_2019.xlsx",33,"measurement",,"No primary proxy measurement mapped"
"paleosol_hu_2019.xlsx",41,"measurement",,"No primary proxy measurement mapped"
"paleosol_hu_2019.xlsx",46,"measurement",,"No primary proxy measurement mapped"
"paleosol_hu_2019.xlsx",54,"measurement",,"No primary proxy measurement mapped"
"paleosol_lee_1999a.xlsx",4,"F",,"Missing latitude"
"paleosol_lee_1999a.xlsx",5,"F",,"Missing latitude"
"paleosol_lee_1999a.xlsx",6,"F",,"Missing latitude"
"paleosol_lee_1999a.xlsx",7,"F",,"Missing latitude"
"paleosol_lee_1999a.xlsx",8,"F",,"Missing latitude"
"paleosol_lee_1999a.xlsx",9,"F",,"Missing latitude"
"paleosol_lee_1999a.xlsx",10,"F",,"Missing latitude"
"paleosol_lee_1999a.xlsx",11,"F",,"Missing latitude"
"paleosol_lee_1999a.xlsx",12,"F",,"Missing latitude"
"paleosol_lee_1999a.xlsx",13,"F",,"Missing latitude"
"paleosol_lee_1999a.xlsx",14,"F",,"Missing latitude"
"paleosol_lee_1999a.xlsx",15,"F",,"Missing latitude"
"paleosol_lee_1999a.xlsx",16,"F",,"Missing latitude"
"paleosol_lee_1999a.xlsx",17,"F",,"Missing latitude"
"paleosol_lee_1999a.xlsx",18,"F",,"Missing latitude"
"paleosol_lee_1999a.xlsx",19,"F",,"Missing latitude"
"paleosol_lee_1999a.xlsx",20,"F",,"Missing latitude"
"paleosol_lee_1999a.xlsx",21,"F",,"Missing latitude"
"paleosol_lee_1999a.xlsx",4,"G",,"Missing longitude"
"paleosol_lee_1999a.xlsx",5,"G",,"Missing longitude"
"paleosol_lee_1999a.xlsx",6,"G",,"Missing longitude"
"paleosol_lee_1999a.xlsx",7,"G",,"Missing longitude"
"paleosol_lee_1999a.xlsx",8,"G",,"Missing longitude"
"paleosol_lee_1999a.xlsx",9,"G",,"Missing longitude"
"paleosol_lee_1999a.xlsx",10,"G",,"Missing longitude"
"paleosol_lee_1999a.xlsx",11,"G",,"Missing longitude"
"paleosol_lee_1999a.xlsx",12,"G",,"Missing longitude"
"paleosol_lee_1999a.xlsx",13,"G",,"Missing longitude"
"paleosol_lee_1999a.xlsx",14,"G",,"Missing longitude"
"paleosol_lee_1999a.xlsx",15,"G",,"Missing longitude"
"paleosol_lee_1999a.xlsx",16,"G",,"Missing longitude"
"paleosol_lee_1999a.xlsx",17,"G",,"Missing longitude"
"paleosol_lee_1999a.xlsx",18,"G",,"Missing longitude"
"paleosol_lee_1999a.xlsx",19,"G",,"Missing longitude"
"paleosol_lee_1999a.xlsx",20,"G",,"Missing longitude"
"paleosol_lee_1999a.xlsx",21,"G",,"Missing longitude"
"paleosol_lee_1999b.xlsx",4,"F",,"Missing latitude"
"paleosol_lee_1999b.xlsx",5,"F",,"Missing latitude"
"paleosol_lee_1999b.xlsx",6,"F",,"Missing latitude"
"paleosol_lee_1999b.xlsx",7,"F",,"Missing latitude"
"paleosol_lee_1999b.xlsx",8,"F",,"Missing latitude"
"paleosol_lee_1999b.xlsx",9,"F",,"Missing latitude"
"paleosol_lee_1999b.xlsx",10,"F",,"Missing latitude"
"paleosol_lee_1999b.xlsx",11,"F",,"Missing latitude"
"paleosol_lee_1999b.xlsx",12,"F",,"Missing latitude"
"paleosol_lee_1999b.xlsx",13,"F",,"Missing latitude"
"paleosol_lee_1999b.xlsx",14,"F",,"Missing latitude"
"paleosol_lee_1999b.xlsx",15,"F",,"Missing latitude"
"paleosol_lee_1999b.xlsx",16,"F",,"Missing latitude"
"paleosol_lee_1999b.xlsx",17,"F",,"Missing latitude"
"paleosol_lee_1999b.xlsx",18,"F",,"Missing latitude"
"paleosol_lee_1999b.xlsx",4,"G",,"Missing longitude"
"paleosol_lee_1999b.xlsx",5,"G",,"Missing longitude"
"paleosol_lee_1999b.xlsx",6,"G",,"Missing longitude"
"paleosol_lee_1999b.xlsx",7,"G",,"Missing longitude"
"paleosol_lee_1999b.xlsx",8,"G",,"Missing longitude"
"paleosol_lee_1999b.xlsx",9,"G",,"Missing longitude"
"paleosol_lee_1999b.xlsx",10,"G",,"Missing longitude"
"paleosol_lee_1999b.xlsx",11,"G",,"Missing longitude"
"paleosol_lee_1999b.xlsx",12,"G",,"Missing longitude"
"paleosol_lee_1999b.xlsx",13,"G",,"Missing longitude"
"paleosol_lee_1999b.xlsx",14,"G",,"Missing longitude"
"paleosol_lee_1999b.xlsx",15,"G",,"Missing longitude"
"paleosol_lee_1999b.xlsx",16,"G",,"Missing longitude"
"paleosol_lee_1999b.xlsx",17,"G",,"Missing longitude"
"paleosol_lee_1999b.xlsx",18,"G",,"Missing longitude"
"paleosol_li_2014.xlsx",6,"F",,"Missing latitude"
"paleosol_li_2014.xlsx",7,"F",,"Missing latitude"
"paleosol_li_2014.xlsx",8,"F",,"Missing latitude"
"paleosol_li_2014.xlsx",10,"F",,"Missing latitude"
"paleosol_li_2014.xlsx",12,"F",,"Missing latitude"
"paleosol_li_2014.xlsx",14,"F",,"Missing latitude"
"paleosol_li_2014.xlsx",15,"F",,"Missing latitude"
"paleosol_li_2014.xlsx",17,"F",,"Missing latitude"
"paleosol_li_2014.xlsx",19,"F",,"Missing latitude"
"paleosol_li_2014.xlsx",20,"F",,"Missing latitude"
"paleosol_li_2014.xlsx",22,"F",,"Missing latitude"
"paleosol_li_2014.xlsx",24,"F",,"Missing latitude"
"paleosol_li_2014.xlsx",25,"F",,"Missing latitude"
"paleosol_li_2014.xlsx",27,"F",,"Missing latitude"
"paleosol_li_2014.xlsx",28,"F",,"Missing latitude"
"paleosol_li_2014.xlsx",30,"F",,"Missing latitude"
"paleosol_li_2014.xlsx",32,"F",,"Missing latitude"
"paleosol_li_2014.xlsx",33,"F",,"Missing latitude"
"paleosol_li_2014.xlsx",35,"F",,"Missing latitude"
"paleosol_li_2014.xlsx",37,"F",,"Missing latitude"
"paleosol_li_2014.xlsx",39,"F",,"Missing latitude"
"paleosol_li_2014.xlsx",41,"F",,"Missing latitude"
"paleosol_li_2014.xlsx",42,"F",,"Missing latitude"
"paleosol_li_2014.xlsx",45,"F",,"Missing latitude"
"paleosol_li_2014.xlsx",47,"F",,"Missing latitude"
"paleosol_li_2014.xlsx",48,"F",,"Missing latitude"
"paleosol_li_2014.xlsx",50,"F",,"Missing latitude"
"paleosol_li_2014.xlsx",51,"F",,"Missing latitude"
"paleosol_li_2014.xlsx",53,"F",,"Missing latitude"
"paleosol_li_2014.xlsx",54,"F",,"Missing latitude"
"paleosol_li_2014.xlsx",56,"F",,"Missing latitude"
"paleosol_li_2014.xlsx",57,"F",,"Missing latitude"
"paleosol_li_2014.xlsx",59,"F",,"Missing latitude"
"paleosol_li_2014.xlsx",61,"F",,"Missing latitude"
"paleosol_li_2014.xlsx",63,"F",,"Missing latitude"
"paleosol_li_2014.xlsx",65,"F",,"Missing latitude"
"paleosol_li_2014.xlsx",67,"F",,"Missing latitude"
"paleosol_li_2014.xlsx",69,"F",,"Missing latitude"
"paleosol_li_2014.xlsx",71,"F",,"Missing latitude"
"paleosol_li_2014.xlsx",73,"F",,"Missing latitude"
"paleosol_li_2014.xlsx",75,"F",,"Missing latitude"
"paleosol_li_2014.xlsx",76,"F",,"Missing latitude"
"paleosol_li_2014.xlsx",77,"F",,"Missing latitude"
"paleosol_li_2014.xlsx",80,"F",,"Missing latitude"
"paleosol_li_2014.xlsx",82,"F",,"Missing latitude"
"paleosol_li_2014.xlsx",84,"F",,"Missing latitude"
"paleosol_li_2014.xlsx",86,"F",,"Missing latitude"
"paleosol_li_2014.xlsx",88,"F",,"Missing latitude"
"paleosol_li_2014.xlsx",90,"F",,"Missing latitude"
"paleosol_li_2014.xlsx",6,"G",,"Missing longitude"
"paleosol_li_2014.xlsx",7,"G",,"Missing longitude"
"paleosol_li_2014.xlsx",8,"G",,"Missing longitude"
"paleosol_li_2014.xlsx",10,"G",,"Missing longitude"
"paleosol_li_2014.xlsx",12,"G",,"Missing longitude"
"paleosol_li_2014.xlsx",14,"G",,"Missing longitude"
"paleosol_li_2014.xlsx",15,"G",,"Missing longitude"
"paleosol_li_2014.xlsx",17,"G",,"Missing longitude"
"paleosol_li_2014.xlsx",19,"G",,"Missing longitude"
"paleosol_li_2014.xlsx",20,"G",,"Missing longitude"
"paleosol_li_2014.xlsx",22,"G",,"Missing longitude"
"paleosol_li_2014.xlsx",24,"G",,"Missing longitude"
"paleosol_li_2014.xlsx",25,"G",,"Missing longitude"
"paleosol_li_2014.xlsx",27,"G",,"Missing longitude"
"paleosol_li_2014.xlsx",28,"G",,"Missing longitude"
"paleosol_li_2014.xlsx",30,"G",,"Missing longitude"
"paleosol_li_2014.xlsx",32,"G",,"Missing longitude"
"paleosol_li_2014.xlsx",33,"G",,"Missing longitude"
"paleosol_li_2014.xlsx",35,"G",,"Missing longitude"
"paleosol_li_2014.xlsx",37,"G",,"Missing longitude"
"paleosol_li_2014.xlsx",39,"G",,"Missing longitude"
"paleosol_li_2014.xlsx",41,"G",,"Missing longitude"
"paleosol_li_2014.xlsx",42,"G",,"Missing longitude"
"paleosol_li_2014.xlsx",45,"G",,"Missing longitude"
"paleosol_li_2014.xlsx",47,"G",,"Missing longitude"
"paleosol_li_2014.xlsx",48,"G",,"Missing longitude"
"paleosol_li_2014.xlsx",50,"G",,"Missing longitude"
"paleosol_li_2014.xlsx",51,"G",,"Missing longitude"
"paleosol_li_2014.xlsx",53,"G",,"Missing longitude"
"paleosol_li_2014.xlsx",54,"G",,"Missing longitude"
"paleosol_li_2014.xlsx",56,"G",,"Missing longitude"
"paleosol_li_2014.xlsx",57,"G",,"Missing longitude"
"paleosol_li_2014.xlsx",59,"G",,"Missing longitude"
"paleosol_li_2014.xlsx",61,"G",,"Missing longitude"
"paleosol_li_2014.xlsx",63,"G",,"Missing longitude"
"paleosol_li_2014.xlsx",65,"G",,"Missing longitude"
"paleosol_li_2014.xlsx",67,"G",,"Missing longitude"
"paleosol_li_2014.xlsx",69,"G",,"Missing longitude"
"paleosol_li_2014.xlsx",71,"G",,"Missing longitude"
"paleosol_li_2014.xlsx",73,"G",,"Missing longitude"
"paleosol_li_2014.xlsx",75,"G",,"Missing longitude"
"paleosol_li_2014.xlsx",76,"G",,"Missing longitude"
"paleosol_li_2014.xlsx",77,"G",,"Missing longitude"
"paleosol_li_2014.xlsx",80,"G",,"Missing longitude"
"paleosol_li_2014.xlsx",82,"G",,"Missing longitude"
"paleosol_li_2014.xlsx",84,"G",,"Missing longitude"
"paleosol_li_2014.xlsx",86,"G",,"Missing longitude"
"paleosol_li_2014.xlsx",88,"G",,"Missing longitude"
"paleosol_li_2014.xlsx",90,"G",,"Missing longitude"
"paleosol_li_2020b.xlsx",4,"F",,"Missing latitude"
"paleosol_li_2020b.xlsx",5,"F",,"Missing latitude"
"paleosol_li_2020b.xlsx",18,"F",,"Missing latitude"
"paleosol_li_2020b.xlsx",19,"F",,"Missing latitude"
"paleosol_li_2020b.xlsx",20,"F",,"Missing latitude"
"paleosol_li_2020b.xlsx",21,"F",,"Missing latitude"
"paleosol_li_2020b.xlsx",22,"F",,"Missing latitude"
"paleosol_li_2020b.xlsx",23,"F",,"Missing latitude"
"paleosol_li_2020b.xlsx",4,"G",,"Missing longitude"
"paleosol_li_2020b.xlsx",5,"G",,"Missing longitude"
"paleosol_li_2020b.xlsx",18,"G",,"Missing longitude"
"paleosol_li_2020b.xlsx",19,"G",,"Missing longitude"
"paleosol_li_2020b.xlsx",20,"G",,"Missing longitude"
"paleosol_li_2020b.xlsx",21,"G",,"Missing longitude"
"paleosol_li_2020b.xlsx",22,"G",,"Missing longitude"
"paleosol_li_2020b.xlsx",23,"G",,"Missing longitude"
"paleosol_ludvigson_2015.xlsx",4,"F",,"Missing latitude"
"paleosol_ludvigson_2015.xlsx",5,"F",,"Missing latitude"
"paleosol_ludvigson_2015.xlsx",6,"F",,"Missing latitude"
"paleosol_ludvigson_2015.xlsx",7,"F",,"Missing latitude"
"paleosol_ludvigson_2015.xlsx",8,"F",,"Missing latitude"
"paleosol_ludvigson_2015.xlsx",9,"F",,"Missing latitude"
"paleosol_ludvigson_2015.xlsx",10,"F",,"Missing latitude"
"paleosol_ludvigson_2015.xlsx",11,"F",,"Missing latitude"
"paleosol_ludvigson_2015.xlsx",4,"G",,"Missing longitude"
"paleosol_ludvigson_2015.xlsx",5,"G",,"Missing longitude"
"paleosol_ludvigson_2015.xlsx",6,"G",,"Missing longitude"
"paleosol_ludvigson_2015.xlsx",7,"G",,"Missing longitude"
"paleosol_ludvigson_2015.xlsx",8,"G",,"Missing longitude"
"paleosol_ludvigson_2015.xlsx",9,"G",,"Missing longitude"
"paleosol_ludvigson_2015.xlsx",10,"G",,"Missing longitude"
"paleosol_ludvigson_2015.xlsx",11,"G",,"Missing longitude"
"paleosol_menezes_2022.xlsx",4,"F",,"Missing latitude"
"paleosol_menezes_2022.xlsx",5,"F",,"Missing latitude"
"paleosol_menezes_2022.xlsx",6,"F",,"Missing latitude"
"paleosol_menezes_2022.xlsx",7,"F",,"Missing latitude"
"paleosol_menezes_2022.xlsx",8,"F",,"Missing latitude"
"paleosol_menezes_2022.xlsx",9,"F",,"Missing latitude"
"paleosol_menezes_2022.xlsx",10,"F",,"Missing latitude"
"paleosol_menezes_2022.xlsx",11,"F",,"Missing latitude"
"paleosol_menezes_2022.xlsx",12,"F",,"Missing latitude"
"paleosol_menezes_2022.xlsx",13,"F",,"Missing latitude"
"paleosol_menezes_2022.xlsx",4,"G",,"Missing longitude"
"paleosol_menezes_2022.xlsx",5,"G",,"Missing longitude"
"paleosol_menezes_2022.xlsx",6,"G",,"Missing longitude"
"paleosol_menezes_2022.xlsx",7,"G",,"Missing longitude"
"paleosol_menezes_2022.xlsx",8,"G",,"Missing longitude"
"paleosol_menezes_2022.xlsx",9,"G",,"Missing longitude"
"paleosol_menezes_2022.xlsx",10,"G",,"Missing longitude"
"paleosol_menezes_2022.xlsx",11,"G",,"Missing longitude"
"paleosol_menezes_2022.xlsx",12,"G",,"Missing longitude"
"paleosol_menezes_2022.xlsx",13,"G",,"Missing longitude"
"paleosol_montanez_2016.xlsx",4,"F",,"Missing latitude"
"paleosol_montanez_2016.xlsx",5,"F",,"Missing latitude"
"paleosol_montanez_2016.xlsx",6,"F",,"Missing latitude"
"paleosol_montanez_2016.xlsx",7,"F",,"Missing latitude"
"paleosol_montanez_2016.xlsx",8,"F",,"Missing latitude"
"paleosol_montanez_2016.xlsx",9,"F",,"Missing latitude"
"paleosol_montanez_2016.xlsx",10,"F",,"Missing latitude"
"paleosol_montanez_2016.xlsx",11,"F",,"Missing latitude"
"paleosol_montanez_2016.xlsx",12,"F",,"Missing latitude"
"paleosol_montanez_2016.xlsx",13,"F",,"Missing latitude"
"paleosol_montanez_2016.xlsx",14,"F",,"Missing latitude"
"paleosol_montanez_2016.xlsx",15,"F",,"Missing latitude"
"paleosol_montanez_2016.xlsx",16,"F",,"Missing latitude"
"paleosol_montanez_2016.xlsx",17,"F",,"Missing latitude"
"paleosol_montanez_2016.xlsx",18,"F",,"Missing latitude"
"paleosol_montanez_2016.xlsx",19,"F",,"Missing latitude"
"paleosol_montanez_2016.xlsx",20,"F",,"Missing latitude"
"paleosol_montanez_2016.xlsx",21,"F",,"Missing latitude"
"paleosol_montanez_2016.xlsx",22,"F",,"Missing latitude"
"paleosol_montanez_2016.xlsx",23,"F",,"Missing latitude"
"paleosol_montanez_2016.xlsx",24,"F",,"Missing latitude"
"paleosol_montanez_2016.xlsx",25,"F",,"Missing latitude"
"paleosol_montanez_2016.xlsx",26,"F",,"Missing latitude"
"paleosol_montanez_2016.xlsx",27,"F",,"Missing latitude"
"paleosol_montanez_2016.xlsx",28,"F",,"Missing latitude"
"paleosol_montanez_2016.xlsx",29,"F",,"Missing latitude"
"paleosol_montanez_2016.xlsx",30,"F",,"Missing latitude"
"paleosol_montanez_2016.xlsx",31,"F",,"Missing latitude"
"paleosol_montanez_2016.xlsx",32,"F",,"Missing latitude"
"paleosol_montanez_2016.xlsx",33,"F",,"Missing latitude"
"paleosol_montanez_2016.xlsx",34,"F",,"Missing latitude"
"paleosol_montanez_2016.xlsx",35,"F",,"Missing latitude"
"paleosol_montanez_2016.xlsx",36,"F",,"Missing latitude"
"paleosol_montanez_2016.xlsx",37,"F",,"Missing latitude"
"paleosol_montanez_2016.xlsx",38,"F",,"Missing latitude"
"paleosol_montanez_2016.xlsx",39,"F",,"Missing latitude"
"paleosol_montanez_2016.xlsx",40,"F",,"Missing latitude"
"paleosol_montanez_2016.xlsx",41,"F",,"Missing latitude"
"paleosol_montanez_2016.xlsx",42,"F",,"Missing latitude"
"paleosol_montanez_2016.xlsx",43,"F",,"Missing latitude"
"paleosol_montanez_2016.xlsx",44,"F",,"Missing latitude"
"paleosol_montanez_2016.xlsx",45,"F",,"Missing latitude"
"paleosol_montanez_2016.xlsx",46,"F",,"Missing latitude"
"paleosol_montanez_2016.xlsx",47,"F",,"Missing latitude"
"paleosol_montanez_2016.xlsx",48,"F",,"Missing latitude"
"paleosol_montanez_2016.xlsx",49,"F",,"Missing latitude"
"paleosol_montanez_2016.xlsx",50,"F",,"Missing latitude"
"paleosol_montanez_2016.xlsx",51,"F",,"Missing latitude"
"paleosol_montanez_2016.xlsx",52,"F",,"Missing latitude"
"paleosol_montanez_2016.xlsx",53,"F",,"Missing latitude"
"paleosol_montanez_2016.xlsx",54,"F",,"Missing latitude"
"paleosol_montanez_2016.xlsx",55,"F",,"Missing latitude"
"paleosol_montanez_2016.xlsx",56,"F",,"Missing latitude"
"paleosol_montanez_2016.xlsx",57,"F",,"Missing latitude"
"paleosol_montanez_2016.xlsx",58,"F",,"Missing latitude"
"paleosol_montanez_2016.xlsx",59,"F",,"Missing latitude"
"paleosol_montanez_2016.xlsx",60,"F",,"Missing latitude"
"paleosol_montanez_2016.xlsx",61,"F",,"Missing latitude"
"paleosol_montanez_2016.xlsx",62,"F",,"Missing latitude"
"paleosol_montanez_2016.xlsx",63,"F",,"Missing latitude"
"paleosol_montanez_2016.xlsx",64,"F",,"Missing latitude"
"paleosol_montanez_2016.xlsx",65,"F",,"Missing latitude"
"paleosol_montanez_2016.xlsx",66,"F",,"Missing latitude"
"paleosol_montanez_2016.xlsx",67,"F",,"Missing latitude"
"paleosol_montanez_2016.xlsx",68,"F",,"Missing latitude"
"paleosol_montanez_2016.xlsx",69,"F",,"Missing latitude"
"paleosol_montanez_2016.xlsx",70,"F",,"Missing latitude"
"paleosol_montanez_2016.xlsx",71,"F",,"Missing latitude"
"paleosol_montanez_2016.xlsx",72,"F",,"Missing latitude"
"paleosol_montanez_2016.xlsx",73,"F",,"Missing latitude"
"paleosol_montanez_2016.xlsx",74,"F",,"Missing latitude"
"paleosol_montanez_2016.xlsx",75,"F",,"Missing latitude"
"paleosol_montanez_2016.xlsx",76,"F",,"Missing latitude"
"paleosol_montanez_2016.xlsx",77,"F",,"Missing latitude"
"paleosol_montanez_2016.xlsx",78,"F",,"Missing latitude"
"paleosol_montanez_2016.xlsx",79,"F",,"Missing latitude"
"paleosol_montanez_2016.xlsx",80,"F",,"Missing latitude"
"paleosol_montanez_2016.xlsx",81,"F",,"Missing latitude"
"paleosol_montanez_2016.xlsx",82,"F",,"Missing latitude"
"paleosol_montanez_2016.xlsx",83,"F",,"Missing latitude"
"paleosol_montanez_2016.xlsx",84,"F",,"Missing latitude"
"paleosol_montanez_2016.xlsx",85,"F",,"Missing latitude"
"paleosol_montanez_2016.xlsx",86,"F",,"Missing latitude"
"paleosol_montanez_2016.xlsx",87,"F",,"Missing latitude"
"paleosol_montanez_2016.xlsx",88,"F",,"Missing latitude"
"paleosol_montanez_2016.xlsx",89,"F",,"Missing latitude"
"paleosol_montanez_2016.xlsx",90,"F",,"Missing latitude"
"paleosol_montanez_2016.xlsx",91,"F",,"Missing latitude"
"paleosol_montanez_2016.xlsx",92,"F",,"Missing latitude"
"paleosol_montanez_2016.xlsx",93,"F",,"Missing latitude"
"paleosol_montanez_2016.xlsx",94,"F",,"Missing latitude"
"paleosol_montanez_2016.xlsx",95,"F",,"Missing latitude"
"paleosol_montanez_2016.xlsx",96,"F",,"Missing latitude"
"paleosol_montanez_2016.xlsx",97,"F",,"Missing latitude"
"paleosol_montanez_2016.xlsx",98,"F",,"Missing latitude"
"paleosol_montanez_2016.xlsx",99,"F",,"Missing latitude"
"paleosol_montanez_2016.xlsx",4,"G",,"Missing longitude"
"paleosol_montanez_2016.xlsx",5,"G",,"Missing longitude"
"paleosol_montanez_2016.xlsx",6,"G",,"Missing longitude"
"paleosol_montanez_2016.xlsx",7,"G",,"Missing longitude"
"paleosol_montanez_2016.xlsx",8,"G",,"Missing longitude"
"paleosol_montanez_2016.xlsx",9,"G",,"Missing longitude"
"paleosol_montanez_2016.xlsx",10,"G",,"Missing longitude"
"paleosol_montanez_2016.xlsx",11,"G",,"Missing longitude"
"paleosol_montanez_2016.xlsx",12,"G",,"Missing longitude"
"paleosol_montanez_2016.xlsx",13,"G",,"Missing longitude"
"paleosol_montanez_2016.xlsx",14,"G",,"Missing longitude"
"paleosol_montanez_2016.xlsx",15,"G",,"Missing longitude"
"paleosol_montanez_2016.xlsx",16,"G",,"Missing longitude"
"paleosol_montanez_2016.xlsx",17,"G",,"Missing longitude"
"paleosol_montanez_2016.xlsx",18,"G",,"Missing longitude"
"paleosol_montanez_2016.xlsx",19,"G",,"Missing longitude"
"paleosol_montanez_2016.xlsx",20,"G",,"Missing longitude"
"paleosol_montanez_2016.xlsx",21,"G",,"Missing longitude"
"paleosol_montanez_2016.xlsx",22,"G",,"Missing longitude"
"paleosol_montanez_2016.xlsx",23,"G",,"Missing longitude"
"paleosol_montanez_2016.xlsx",24,"G",,"Missing longitude"
"paleosol_montanez_2016.xlsx",25,"G",,"Missing longitude"
"paleosol_montanez_2016.xlsx",26,"G",,"Missing longitude"
"paleosol_montanez_2016.xlsx",27,"G",,"Missing longitude"
"paleosol_montanez_2016.xlsx",28,"G",,"Missing longitude"
"paleosol_montanez_2016.xlsx",29,"G",,"Missing longitude"
"paleosol_montanez_2016.xlsx",30,"G",,"Missing longitude"
"paleosol_montanez_2016.xlsx",31,"G",,"Missing longitude"
"paleosol_montanez_2016.xlsx",32,"G",,"Missing longitude"
"paleosol_montanez_2016.xlsx",33,"G",,"Missing longitude"
"paleosol_montanez_2016.xlsx",34,"G",,"Missing longitude"
"paleosol_montanez_2016.xlsx",35,"G",,"Missing longitude"
"paleosol_montanez_2016.xlsx",36,"G",,"Missing longitude"
"paleosol_montanez_2016.xlsx",37,"G",,"Missing longitude"
"paleosol_montanez_2016.xlsx",38,"G",,"Missing longitude"
"paleosol_montanez_2016.xlsx",39,"G",,"Missing longitude"
"paleosol_montanez_2016.xlsx",40,"G",,"Missing longitude"
"paleosol_montanez_2016.xlsx",41,"G",,"Missing longitude"
"paleosol_montanez_2016.xlsx",42,"G",,"Missing longitude"
"paleosol_montanez_2016.xlsx",43,"G",,"Missing longitude"
"paleosol_montanez_2016.xlsx",44,"G",,"Missing longitude"
"paleosol_montanez_2016.xlsx",45,"G",,"Missing longitude"
"paleosol_montanez_2016.xlsx",46,"G",,"Missing longitude"
"paleosol_montanez_2016.xlsx",47,"G",,"Missing longitude"
"paleosol_montanez_2016.xlsx",48,"G",,"Missing longitude"
"paleosol_montanez_2016.xlsx",49,"G",,"Missing longitude"
"paleosol_montanez_2016.xlsx",50,"G",,"Missing longitude"
"paleosol_montanez_2016.xlsx",51,"G",,"Missing longitude"
"paleosol_montanez_2016.xlsx",52,"G",,"Missing longitude"
"paleosol_montanez_2016.xlsx",53,"G",,"Missing longitude"
"paleosol_montanez_2016.xlsx",54,"G",,"Missing longitude"
"paleosol_montanez_2016.xlsx",55,"G",,"Missing longitude"
"paleosol_montanez_2016.xlsx",56,"G",,"Missing longitude"
"paleosol_montanez_2016.xlsx",57,"G",,"Missing longitude"
"paleosol_montanez_2016.xlsx",58,"G",,"Missing longitude"
"paleosol_montanez_2016.xlsx",59,"G",,"Missing longitude"
"paleosol_montanez_2016.xlsx",60,"G",,"Missing longitude"
"paleosol_montanez_2016.xlsx",61,"G",,"Missing longitude"
"paleosol_montanez_2016.xlsx",62,"G",,"Missing longitude"
"paleosol_montanez_2016.xlsx",63,"G",,"Missing longitude"
"paleosol_montanez_2016.xlsx",64,"G",,"Missing longitude"
"paleosol_montanez_2016.xlsx",65,"G",,"Missing longitude"
"paleosol_montanez_2016.xlsx",66,"G",,"Missing longitude"
"paleosol_montanez_2016.xlsx",67,"G",,"Missing longitude"
"paleosol_montanez_2016.xlsx",68,"G",,"Missing longitude"
"paleosol_montanez_2016.xlsx",69,"G",,"Missing longitude"
"paleosol_montanez_2016.xlsx",70,"G",,"Missing longitude"
"paleosol_montanez_2016.xlsx",71,"G",,"Missing longitude"
"paleosol_montanez_2016.xlsx",72,"G",,"Missing longitude"
"paleosol_montanez_2016.xlsx",73,"G",,"Missing longitude"
"paleosol_montanez_2016.xlsx",74,"G",,"Missing longitude"
"paleosol_montanez_2016.xlsx",75,"G",,"Missing longitude"
"paleosol_montanez_2016.xlsx",76,"G",,"Missing longitude"
"paleosol_montanez_2016.xlsx",77,"G",,"Missing longitude"
"paleosol_montanez_2016.xlsx",78,"G",,"Missing longitude"
"paleosol_montanez_2016.xlsx",79,"G",,"Missing longitude"
"paleosol_montanez_2016.xlsx",80,"G",,"Missing longitude"
"paleosol_montanez_2016.xlsx",81,"G",,"Missing longitude"
"paleosol_montanez_2016.xlsx",82,"G",,"Missing longitude"
"paleosol_montanez_2016.xlsx",83,"G",,"Missing longitude"
"paleosol_montanez_2016.xlsx",84,"G",,"Missing longitude"
"paleosol_montanez_2016.xlsx",85,"G",,"Missing longitude"
"paleosol_montanez_2016.xlsx",86,"G",,"Missing longitude"
"paleosol_montanez_2016.xlsx",87,"G",,"Missing longitude"
"paleosol_montanez_2016.xlsx",88,"G",,"Missing longitude"
"paleosol_montanez_2016.xlsx",89,"G",,"Missing longitude"
"paleosol_montanez_2016.xlsx",90,"G",,"Missing longitude"
"paleosol_montanez_2016.xlsx",91,"G",,"Missing longitude"
"paleosol_montanez_2016.xlsx",92,"G",,"Missing longitude"
"paleosol_montanez_2016.xlsx",93,"G",,"Missing longitude"
"paleosol_montanez_2016.xlsx",94,"G",,"Missing longitude"
"paleosol_montanez_2016.xlsx",95,"G",,"Missing longitude"
"paleosol_montanez_2016.xlsx",96,"G",,"Missing longitude"
"paleosol_montanez_2016.xlsx",97,"G",,"Missing longitude"
"paleosol_montanez_2016.xlsx",98,"G",,"Missing longitude"
"paleosol_montanez_2016.xlsx",99,"G",,"Missing longitude"
"paleosol_mora_1996.xlsx",4,"A",,"Missing sample ID"
"paleosol_mora_1996.xlsx",5,"A",,"Missing sample ID"
"paleosol_mora_1996.xlsx",6,"A",,"Missing sample ID"
"paleosol_mora_1996.xlsx",7,"A",,"Missing sample ID"
"paleosol_mora_1996.xlsx",8,"A",,"Missing sample ID"
"paleosol_mora_1996.xlsx",9,"A",,"Missing sample ID"
"paleosol_mora_1996.xlsx",10,"A",,"Missing sample ID"
"paleosol_mora_1996.xlsx",11,"A",,"Missing sample ID"
"paleosol_mora_1996.xlsx",12,"A",,"Missing sample ID"
"paleosol_mora_1996.xlsx",4,"F",,"Missing latitude"
"paleosol_mora_1996.xlsx",5,"F",,"Missing latitude"
"paleosol_mora_1996.xlsx",6,"F",,"Missing latitude"
"paleosol_mora_1996.xlsx",7,"F",,"Missing latitude"
"paleosol_mora_1996.xlsx",8,"F",,"Missing latitude"
"paleosol_mora_1996.xlsx",9,"F",,"Missing latitude"
"paleosol_mora_1996.xlsx",10,"F",,"Missing latitude"
"paleosol_mora_1996.xlsx",11,"F",,"Missing latitude"
"paleosol_mora_1996.xlsx",12,"F",,"Missing latitude"
"paleosol_mora_1996.xlsx",4,"G",,"Missing longitude"
"paleosol_mora_1996.xlsx",5,"G",,"Missing longitude"
"paleosol_mora_1996.xlsx",6,"G",,"Missing longitude"
"paleosol_mora_1996.xlsx",7,"G",,"Missing longitude"
"paleosol_mora_1996.xlsx",8,"G",,"Missing longitude"
"paleosol_mora_1996.xlsx",9,"G",,"Missing longitude"
"paleosol_mora_1996.xlsx",10,"G",,"Missing longitude"
"paleosol_mora_1996.xlsx",11,"G",,"Missing longitude"
"paleosol_mora_1996.xlsx",12,"G",,"Missing longitude"
"paleosol_robinson_2002.xlsx",4,"F",,"Missing latitude"
"paleosol_robinson_2002.xlsx",5,"F",,"Missing latitude"
"paleosol_robinson_2002.xlsx",6,"F",,"Missing latitude"
"paleosol_robinson_2002.xlsx",7,"F",,"Missing latitude"
"paleosol_robinson_2002.xlsx",8,"F",,"Missing latitude"
"paleosol_robinson_2002.xlsx",9,"F",,"Missing latitude"
"paleosol_robinson_2002.xlsx",10,"F",,"Missing latitude"
"paleosol_robinson_2002.xlsx",11,"F",,"Missing latitude"
"paleosol_robinson_2002.xlsx",12,"F",,"Missing latitude"
"paleosol_robinson_2002.xlsx",13,"F",,"Missing latitude"
"paleosol_robinson_2002.xlsx",4,"G",,"Missing longitude"
"paleosol_robinson_2002.xlsx",5,"G",,"Missing longitude"
"paleosol_robinson_2002.xlsx",6,"G",,"Missing longitude"
"paleosol_robinson_2002.xlsx",7,"G",,"Missing longitude"
"paleosol_robinson_2002.xlsx",8,"G",,"Missing longitude"
"paleosol_robinson_2002.xlsx",9,"G",,"Missing longitude"
"paleosol_robinson_2002.xlsx",10,"G",,"Missing longitude"
"paleosol_robinson_2002.xlsx",11,"G",,"Missing longitude"
"paleosol_robinson_2002.xlsx",12,"G",,"Missing longitude"
"paleosol_robinson_2002.xlsx",13,"G",,"Missing longitude"
"paleosol_schaller_2011.xlsx",20,"F",,"Missing latitude"
"paleosol_schaller_2011.xlsx",20,"G",,"Missing longitude"
"paleosol_tanner_2001.xlsx",4,"F",,"Missing latitude"
"paleosol_tanner_2001.xlsx",5,"F",,"Missing latitude"
"paleosol_tanner_2001.xlsx",6,"F",,"Missing latitude"
"paleosol_tanner_2001.xlsx",7,"F",,"Missing latitude"
"paleosol_tanner_2001.xlsx",8,"F",,"Missing latitude"
"paleosol_tanner_2001.xlsx",9,"F",,"Missing latitude"
"paleosol_tanner_2001.xlsx",10,"F",,"Missing latitude"
"paleosol_tanner_2001.xlsx",11,"F",,"Missing latitude"
"paleosol_tanner_2001.xlsx",12,"F",,"Missing latitude"
"paleosol_tanner_2001.xlsx",13,"F",,"Missing latitude"
"paleosol_tanner_2001.xlsx",14,"F",,"Missing latitude"
"paleosol_tanner_2001.xlsx",15,"F",,"Missing latitude"
"paleosol_tanner_2001.xlsx",16,"F",,"Missing latitude"
"paleosol_tanner_2001.xlsx",17,"F",,"Missing latitude"
"paleosol_tanner_2001.xlsx",18,"F",,"Missing latitude"
"paleosol_tanner_2001.xlsx",19,"F",,"Missing latitude"
"paleosol_tanner_2001.xlsx",20,"F",,"Missing latitude"
"paleosol_tanner_2001.xlsx",21,"F",,"Missing latitude"
"paleosol_tanner_2001.xlsx",22,"F",,"Missing latitude"
"paleosol_tanner_2001.xlsx",23,"F",,"Missing latitude"
"paleosol_tanner_2001.xlsx",24,"F",,"Missing latitude"
"paleosol_tanner_2001.xlsx",4,"G",,"Missing longitude"
"paleosol_tanner_2001.xlsx",5,"G",,"Missing longitude"
"paleosol_tanner_2001.xlsx",6,"G",,"Missing longitude"
"paleosol_tanner_2001.xlsx",7,"G",,"Missing longitude"
"paleosol_tanner_2001.xlsx",8,"G",,"Missing longitude"
"paleosol_tanner_2001.xlsx",9,"G",,"Missing longitude"
"paleosol_tanner_2001.xlsx",10,"G",,"Missing longitude"
"paleosol_tanner_2001.xlsx",11,"G",,"Missing longitude"
"paleosol_tanner_2001.xlsx",12,"G",,"Missing longitude"
"paleosol_tanner_2001.xlsx",13,"G",,"Missing longitude"
"paleosol_tanner_2001.xlsx",14,"G",,"Missing longitude"
"paleosol_tanner_2001.xlsx",15,"G",,"Missing longitude"
"paleosol_tanner_2001.xlsx",16,"G",,"Missing longitude"
"paleosol_tanner_2001.xlsx",17,"G",,"Missing longitude"
"paleosol_tanner_2001.xlsx",18,"G",,"Missing longitude"
"paleosol_tanner_2001.xlsx",19,"G",,"Missing longitude"
"paleosol_tanner_2001.xlsx",20,"G",,"Missing longitude"
"paleosol_tanner_2001.xlsx",21,"G",,"Missing longitude"
"paleosol_tanner_2001.xlsx",22,"G",,"Missing longitude"
"paleosol_tanner_2001.xlsx",23,"G",,"Missing longitude"
"paleosol_tanner_2001.xlsx",24,"G",,"Missing longitude"
"paleosol_whiteside_2015.xlsx",4,"F",,"Missing latitude"
"paleosol_whiteside_2015.xlsx",5,"F",,"Missing latitude"
"paleosol_whiteside_2015.xlsx",6,"F",,"Missing latitude"
"paleosol_whiteside_2015.xlsx",7,"F",,"Missing latitude"
"paleosol_whiteside_2015.xlsx",8,"F",,"Missing latitude"
"paleosol_whiteside_2015.xlsx",9,"F",,"Missing latitude"
"paleosol_whiteside_2015.xlsx",10,"F",,"Missing latitude"
"paleosol_whiteside_2015.xlsx",11,"F",,"Missing latitude"
"paleosol_whiteside_2015.xlsx",4,"G",,"Missing longitude"
"paleosol_whiteside_2015.xlsx",5,"G",,"Missing longitude"
"paleosol_whiteside_2015.xlsx",6,"G",,"Missing longitude"
"paleosol_whiteside_2015.xlsx",7,"G",,"Missing longitude"
"paleosol_whiteside_2015.xlsx",8,"G",,"Missing longitude"
"paleosol_whiteside_2015.xlsx",9,"G",,"Missing longitude"
"paleosol_whiteside_2015.xlsx",10,"G",,"Missing longitude"
"paleosol_whiteside_2015.xlsx",11,"G",,"Missing longitude"
"paleosol_breecker_2014_p1.0.xlsx",3,"A",,"Missing sample ID"
"paleosol_breecker_2014_p1.0.xlsx",11,"F",,"Missing latitude"
"paleosol_breecker_2014_p1.0.xlsx",12,"F",,"Missing latitude"
"paleosol_breecker_2014_p1.0.xlsx",11,"G",,"Missing longitude"
"paleosol_breecker_2014_p1.0.xlsx",12,"G",,"Missing longitude"
"paleosol_cerling_1992_p1.0.xlsx",3,"A",,"Missing sample ID"
"paleosol_cerling_1992_p1.0.xlsx",4,"A",,"Missing sample ID"
"paleosol_cerling_1992_p1.0.xlsx",5,"A",,"Missing sample ID"
"paleosol_cerling_1992_p1.0.xlsx",6,"A",,"Missing sample ID"
"paleosol_cerling_1992_p1.0.xlsx",7,"A",,"Missing sample ID"
"paleosol_cerling_1992_p1.0.xlsx",8,"A",,"Missing sample ID"
"paleosol_cerling_1992_p1.0.xlsx",9,"A",,"Missing sample ID"
"paleosol_cerling_1992_p1.0.xlsx",10,"A",,"Missing sample ID"
"paleosol_cerling_1992_p1.0.xlsx",11,"A",,"Missing sample ID"
"paleosol_cerling_1992_p1.0.xlsx",12,"A",,"Missing sample ID"
"paleosol_cerling_1992_p1.0.xlsx",13,"A",,"Missing sample ID"
"paleosol_cerling_1992_p1.0.xlsx",14,"A",,"Missing sample ID"
"paleosol_cerling_1992_p1.0.xlsx",3,"F",,"Missing latitude"
"paleosol_cerling_1992_p1.0.xlsx",4,"F",,"Missing latitude"
"paleosol_cerling_1992_p1.0.xlsx",5,"F",,"Missing latitude"
"paleosol_cerling_1992_p1.0.xlsx",6,"F",,"Missing latitude"
"paleosol_cerling_1992_p1.0.xlsx",7,"F",,"Missing latitude"
"paleosol_cerling_1992_p1.0.xlsx",8,"F",,"Missing latitude"
"paleosol_cerling_1992_p1.0.xlsx",9,"F",,"Missing latitude"
"paleosol_cerling_1992_p1.0.xlsx",10,"F",,"Missing latitude"
"paleosol_cerling_1992_p1.0.xlsx",11,"F",,"Missing latitude"
"paleosol_cerling_1992_p1.0.xlsx",12,"F",,"Missing latitude"
"paleosol_cerling_1992_p1.0.xlsx",13,"F",,"Missing latitude"
"paleosol_cerling_1992_p1.0.xlsx",14,"F",,"Missing latitude"
"paleosol_cerling_1992_p1.0.xlsx",3,"G",,"Missing longitude"
"paleosol_cerling_1992_p1.0.xlsx",4,"G",,"Missing longitude"
"paleosol_cerling_1992_p1.0.xlsx",5,"G",,"Missing longitude"
"paleosol_cerling_1992_p1.0.xlsx",6,"G",,"Missing longitude"
"paleosol_cerling_1992_p1.0.xlsx",7,"G",,"Missing longitude"
"paleosol_cerling_1992_p1.0.xlsx",8,"G",,"Missing longitude"
"paleosol_cerling_1992_p1.0.xlsx",9,"G",,"Missing longitude"
"paleosol_cerling_1992_p1.0.xlsx",10,"G",,"Missing longitude"
"paleosol_cerling_1992_p1.0.xlsx",11,"G",,"Missing longitude"
"paleosol_cerling_1992_p1.0.xlsx",12,"G",,"Missing longitude"
"paleosol_cerling_1992_p1.0.xlsx",13,"G",,"Missing longitude"
"paleosol_cerling_1992_p1.0.xlsx",14,"G",,"Missing longitude"
"paleosol_cotton_2012_p1.0.xlsx",3,"A",,"Missing sample ID"
"paleosol_cotton_2012_p1.0.xlsx",4,"A",,"Missing sample ID"
"paleosol_cotton_2012_p1.0.xlsx",5,"A",,"Missing sample ID"
"paleosol_cotton_2012_p1.0.xlsx",6,"A",,"Missing sample ID"
"paleosol_da_2019_p1.0.xlsx",3,"A",,"Missing sample ID"
"paleosol_da_2019_p1.0.xlsx",4,"A",,"Missing sample ID"
"paleosol_da_2019_p1.0.xlsx",5,"A",,"Missing sample ID"
"paleosol_da_2019_p1.0.xlsx",6,"A",,"Missing sample ID"
"paleosol_da_2019_p1.0.xlsx",7,"A",,"Missing sample ID"
"paleosol_da_2019_p1.0.xlsx",8,"A",,"Missing sample ID"
"paleosol_da_2019_p1.0.xlsx",9,"A",,"Missing sample ID"
"paleosol_da_2019_p1.0.xlsx",10,"A",,"Missing sample ID"
"paleosol_da_2019_p1.0.xlsx",11,"A",,"Missing sample ID"
"paleosol_da_2019_p1.0.xlsx",12,"A",,"Missing sample ID"
"paleosol_da_2019_p1.0.xlsx",13,"A",,"Missing sample ID"
"paleosol_da_2019_p1.0.xlsx",14,"A",,"Missing sample ID"
"paleosol_da_2019_p1.0.xlsx",15,"A",,"Missing sample ID"
"paleosol_da_2019_p1.0.xlsx",16,"A",,"Missing sample ID"
"paleosol_da_2019_p1.0.xlsx",17,"A",,"Missing sample ID"
"paleosol_da_2019_p1.0.xlsx",18,"A",,"Missing sample ID"
"paleosol_da_2019_p1.0.xlsx",19,"A",,"Missing sample ID"
"paleosol_da_2019_p1.0.xlsx",20,"A",,"Missing sample ID"
"paleosol_da_2019_p1.0.xlsx",21,"A",,"Missing sample ID"
"paleosol_da_2019_p1.0.xlsx",22,"A",,"Missing sample ID"
"paleosol_da_2019_p1.0.xlsx",23,"A",,"Missing sample ID"
"paleosol_da_2019_p1.0.xlsx",24,"A",,"Missing sample ID"
"paleosol_da_2019_p1.0.xlsx",25,"A",,"Missing sample ID"
"paleosol_da_2019_p1.0.xlsx",26,"A",,"Missing sample ID"
"paleosol_da_2019_p1.0.xlsx",27,"A",,"Missing sample ID"
"paleosol_da_2019_p1.0.xlsx",28,"A",,"Missing sample ID"
"paleosol_da_2019_p1.0.xlsx",29,"A",,"Missing sample ID"
"paleosol_da_2019_p1.0.xlsx",30,"A",,"Missing sample ID"
"paleosol_da_2019_p1.0.xlsx",31,"A",,"Missing sample ID"
"paleosol_da_2019_p1.0.xlsx",32,"A",,"Missing sample ID"
"paleosol_da_2019_p1.0.xlsx",33,"A",,"Missing sample ID"
"paleosol_da_2019_p1.0.xlsx",34,"A",,"Missing sample ID"
"paleosol_da_2019_p1.0.xlsx",35,"A",,"Missing sample ID"
"paleosol_da_2019_p1.0.xlsx",36,"A",,"Missing sample ID"
"paleosol_da_2019_p1.0.xlsx",37,"A",,"Missing sample ID"
"paleosol_da_2019_p1.0.xlsx",38,"A",,"Missing sample ID"
"paleosol_da_2019_p1.0.xlsx",39,"A",,"Missing sample ID"
"paleosol_da_2019_p1.0.xlsx",40,"A",,"Missing sample ID"
"paleosol_da_2019_p1.0.xlsx",41,"A",,"Missing sample ID"
"paleosol_da_2019_p1.0.xlsx",42,"A",,"Missing sample ID"
"paleosol_da_2019_p1.0.xlsx",43,"A",,"Missing sample ID"
"paleosol_da_2019_p1.0.xlsx",44,"A",,"Missing sample ID"
"paleosol_da_2019_p1.0.xlsx",45,"A",,"Missing sample ID"
"paleosol_da_2019_p1.0.xlsx",46,"A",,"Missing sample ID"
"paleosol_da_2019_p1.0.xlsx",47,"A",,"Missing sample ID"
"paleosol_da_2019_p1.0.xlsx",48,"A",,"Missing sample ID"
"paleosol_da_2019_p1.0.xlsx",49,"A",,"Missing sample ID"
"paleosol_da_2019_p1.0.xlsx",50,"A",,"Missing sample ID"
"paleosol_da_2019_p1.0.xlsx",51,"A",,"Missing sample ID"
"paleosol_da_2019_p1.0.xlsx",52,"A",,"Missing sample ID"
"paleosol_da_2019_p1.0.xlsx",53,"A",,"Missing sample ID"
"paleosol_da_2019_p1.0.xlsx",54,"A",,"Missing sample ID"
"paleosol_da_2019_p1.0.xlsx",55,"A",,"Missing sample ID"
"paleosol_da_2019_p1.0.xlsx",56,"A",,"Missing sample ID"
"paleosol_da_2019_p1.0.xlsx",57,"A",,"Missing sample ID"
"paleosol_da_2019_p1.0.xlsx",58,"A",,"Missing sample ID"
"paleosol_da_2019_p1.0.xlsx",59,"A",,"Missing sample ID"
"paleosol_da_2019_p1.0.xlsx",60,"A",,"Missing sample ID"
"paleosol_da_2019_p1.0.xlsx",61,"A",,"Missing sample ID"
"paleosol_da_2019_p1.0.xlsx",62,"A",,"Missing sample ID"
"paleosol_da_2019_p1.0.xlsx",63,"A",,"Missing sample ID"
"paleosol_da_2019_p1.0.xlsx",64,"A",,"Missing sample ID"
"paleosol_da_2019_p1.0.xlsx",65,"A",,"Missing sample ID"
"paleosol_da_2019_p1.0.xlsx",66,"A",,"Missing sample ID"
"paleosol_da_2019_p1.0.xlsx",67,"A",,"Missing sample ID"
"paleosol_da_2019_p1.0.xlsx",68,"A",,"Missing sample ID"
"paleosol_da_2019_p1.0.xlsx",69,"A",,"Missing sample ID"
"paleosol_da_2019_p1.0.xlsx",70,"A",,"Missing sample ID"
"paleosol_da_2019_p1.0.xlsx",71,"A",,"Missing sample ID"
"paleosol_da_2019_p1.0.xlsx",72,"A",,"Missing sample ID"
"paleosol_da_2019_p1.0.xlsx",73,"A",,"Missing sample ID"
"paleosol_da_2019_p1.0.xlsx",74,"A",,"Missing sample ID"
"paleosol_da_2019_p1.0.xlsx",75,"A",,"Missing sample ID"
"paleosol_ekart_1999_p1.0.xlsx",3,"A",,"Missing sample ID"
"paleosol_ekart_1999_p1.0.xlsx",4,"A",,"Missing sample ID"
"paleosol_ekart_1999_p1.0.xlsx",5,"A",,"Missing sample ID"
"paleosol_ekart_1999_p1.0.xlsx",6,"A",,"Missing sample ID"
"paleosol_ekart_1999_p1.0.xlsx",7,"A",,"Missing sample ID"
"paleosol_ekart_1999_p1.0.xlsx",8,"A",,"Missing sample ID"
"paleosol_ekart_1999_p1.0.xlsx",9,"A",,"Missing sample ID"
"paleosol_ekart_1999_p1.0.xlsx",10,"A",,"Missing sample ID"
"paleosol_ekart_1999_p1.0.xlsx",11,"A",,"Missing sample ID"
"paleosol_ekart_1999_p1.0.xlsx",12,"A",,"Missing sample ID"
"paleosol_ekart_1999_p1.0.xlsx",13,"A",,"Missing sample ID"
"paleosol_ekart_1999_p1.0.xlsx",14,"A",,"Missing sample ID"
"paleosol_ekart_1999_p1.0.xlsx",15,"A",,"Missing sample ID"
"paleosol_ekart_1999_p1.0.xlsx",16,"A",,"Missing sample ID"
"paleosol_ekart_1999_p1.0.xlsx",17,"A",,"Missing sample ID"
"paleosol_ekart_1999_p1.0.xlsx",18,"A",,"Missing sample ID"
"paleosol_ekart_1999_p1.0.xlsx",19,"A",,"Missing sample ID"
"paleosol_ekart_1999_p1.0.xlsx",20,"A",,"Missing sample ID"
"paleosol_ekart_1999_p1.0.xlsx",21,"A",,"Missing sample ID"
"paleosol_ekart_1999_p1.0.xlsx",22,"A",,"Missing sample ID"
"paleosol_ekart_1999_p1.0.xlsx",23,"A",,"Missing sample ID"
"paleosol_ekart_1999_p1.0.xlsx",24,"A",,"Missing sample ID"
"paleosol_ekart_1999_p1.0.xlsx",25,"A",,"Missing sample ID"
"paleosol_ekart_1999_p1.0.xlsx",26,"A",,"Missing sample ID"
"paleosol_ekart_1999_p1.0.xlsx",27,"A",,"Missing sample ID"
"paleosol_ekart_1999_p1.0.xlsx",28,"A",,"Missing sample ID"
"paleosol_ekart_1999_p1.0.xlsx",29,"A",,"Missing sample ID"
"paleosol_ekart_1999_p1.0.xlsx",30,"A",,"Missing sample ID"
"paleosol_ekart_1999_p1.0.xlsx",31,"A",,"Missing sample ID"
"paleosol_ekart_1999_p1.0.xlsx",32,"A",,"Missing sample ID"
"paleosol_ekart_1999_p1.0.xlsx",33,"A",,"Missing sample ID"
"paleosol_ekart_1999_p1.0.xlsx",34,"A",,"Missing sample ID"
"paleosol_ekart_1999_p1.0.xlsx",35,"A",,"Missing sample ID"
"paleosol_ekart_1999_p1.0.xlsx",36,"A",,"Missing sample ID"
"paleosol_ekart_1999_p1.0.xlsx",37,"A",,"Missing sample ID"
"paleosol_ekart_1999_p1.0.xlsx",38,"A",,"Missing sample ID"
"paleosol_ekart_1999_p1.0.xlsx",39,"A",,"Missing sample ID"
"paleosol_ekart_1999_p1.0.xlsx",40,"A",,"Missing sample ID"
"paleosol_ekart_1999_p1.0.xlsx",41,"A",,"Missing sample ID"
"paleosol_ekart_1999_p1.0.xlsx",42,"A",,"Missing sample ID"
"paleosol_ekart_1999_p1.0.xlsx",43,"A",,"Missing sample ID"
"paleosol_ekart_1999_p1.0.xlsx",44,"A",,"Missing sample ID"
"paleosol_ekart_1999_p1.0.xlsx",45,"A",,"Missing sample ID"
"paleosol_ekart_1999_p1.0.xlsx",46,"A",,"Missing sample ID"
"paleosol_ekart_1999_p1.0.xlsx",47,"A",,"Missing sample ID"
"paleosol_ekart_1999_p1.0.xlsx",48,"A",,"Missing sample ID"
"paleosol_ekart_1999_p1.0.xlsx",49,"A",,"Missing sample ID"
"paleosol_ekart_1999_p1.0.xlsx",50,"A",,"Missing sample ID"
"paleosol_ekart_1999_p1.0.xlsx",51,"A",,"Missing sample ID"
"paleosol_ekart_1999_p1.0.xlsx",52,"A",,"Missing sample ID"
"paleosol_ekart_1999_p1.0.xlsx",53,"A",,"Missing sample ID"
"paleosol_ekart_1999_p1.0.xlsx",54,"A",,"Missing sample ID"
"paleosol_ekart_1999_p1.0.xlsx",55,"A",,"Missing sample ID"
"paleosol_ekart_1999_p1.0.xlsx",56,"A",,"Missing sample ID"
"paleosol_ekart_1999_p1.0.xlsx",57,"A",,"Missing sample ID"
"paleosol_ekart_1999_p1.0.xlsx",58,"A",,"Missing sample ID"
"paleosol_ekart_1999_p1.0.xlsx",59,"A",,"Missing sample ID"
"paleosol_ekart_1999_p1.0.xlsx",60,"A",,"Missing sample ID"
"paleosol_ekart_1999_p1.0.xlsx",61,"A",,"Missing sample ID"
"paleosol_ekart_1999_p1.0.xlsx",62,"A",,"Missing sample ID"
"paleosol_ekart_1999_p1.0.xlsx",63,"A",,"Missing sample ID"
"paleosol_ekart_1999_p1.0.xlsx",64,"A",,"Missing sample ID"
"paleosol_ekart_1999_p1.0.xlsx",65,"A",,"Missing sample ID"
"paleosol_ekart_1999_p1.0.xlsx",66,"A",,"Missing sample ID"
"paleosol_ekart_1999_p1.0.xlsx",67,"A",,"Missing sample ID"
"paleosol_ekart_1999_p1.0.xlsx",68,"A",,"Missing sample ID"
"paleosol_ekart_1999_p1.0.xlsx",69,"A",,"Missing sample ID"
"paleosol_ekart_1999_p1.0.xlsx",70,"A",,"Missing sample ID"
"paleosol_ekart_1999_p1.0.xlsx",3,"F",,"Missing latitude"
"paleosol_ekart_1999_p1.0.xlsx",4,"F",,"Missing latitude"
"paleosol_ekart_1999_p1.0.xlsx",5,"F",,"Missing latitude"
"paleosol_ekart_1999_p1.0.xlsx",6,"F",,"Missing latitude"
"paleosol_ekart_1999_p1.0.xlsx",7,"F",,"Missing latitude"
"paleosol_ekart_1999_p1.0.xlsx",8,"F",,"Missing latitude"
"paleosol_ekart_1999_p1.0.xlsx",9,"F",,"Missing latitude"
"paleosol_ekart_1999_p1.0.xlsx",10,"F",,"Missing latitude"
"paleosol_ekart_1999_p1.0.xlsx",11,"F",,"Missing latitude"
"paleosol_ekart_1999_p1.0.xlsx",12,"F",,"Missing latitude"
"paleosol_ekart_1999_p1.0.xlsx",13,"F",,"Missing latitude"
"paleosol_ekart_1999_p1.0.xlsx",14,"F",,"Missing latitude"
"paleosol_ekart_1999_p1.0.xlsx",15,"F",,"Missing latitude"
"paleosol_ekart_1999_p1.0.xlsx",16,"F",,"Missing latitude"
"paleosol_ekart_1999_p1.0.xlsx",17,"F",,"Missing latitude"
"paleosol_ekart_1999_p1.0.xlsx",18,"F",,"Missing latitude"
"paleosol_ekart_1999_p1.0.xlsx",19,"F",,"Missing latitude"
"paleosol_ekart_1999_p1.0.xlsx",20,"F",,"Missing latitude"
"paleosol_ekart_1999_p1.0.xlsx",21,"F",,"Missing latitude"
"paleosol_ekart_1999_p1.0.xlsx",22,"F",,"Missing latitude"
"paleosol_ekart_1999_p1.0.xlsx",23,"F",,"Missing latitude"
"paleosol_ekart_1999_p1.0.xlsx",24,"F",,"Missing latitude"
"paleosol_ekart_1999_p1.0.xlsx",25,"F",,"Missing latitude"
"paleosol_ekart_1999_p1.0.xlsx",26,"F",,"Missing latitude"
"paleosol_ekart_1999_p1.0.xlsx",27,"F",,"Missing latitude"
"paleosol_ekart_1999_p1.0.xlsx",28,"F",,"Missing latitude"
"paleosol_ekart_1999_p1.0.xlsx",29,"F",,"Missing latitude"
"paleosol_ekart_1999_p1.0.xlsx",30,"F",,"Missing latitude"
"paleosol_ekart_1999_p1.0.xlsx",31,"F",,"Missing latitude"
"paleosol_ekart_1999_p1.0.xlsx",32,"F",,"Missing latitude"
"paleosol_ekart_1999_p1.0.xlsx",33,"F",,"Missing latitude"
"paleosol_ekart_1999_p1.0.xlsx",34,"F",,"Missing latitude"
"paleosol_ekart_1999_p1.0.xlsx",35,"F",,"Missing latitude"
"paleosol_ekart_1999_p1.0.xlsx",36,"F",,"Missing latitude"
"paleosol_ekart_1999_p1.0.xlsx",37,"F",,"Missing latitude"
"paleosol_ekart_1999_p1.0.xlsx",38,"F",,"Missing latitude"
"paleosol_ekart_1999_p1.0.xlsx",39,"F",,"Missing latitude"
"paleosol_ekart_1999_p1.0.xlsx",40,"F",,"Missing latitude"
"paleosol_ekart_1999_p1.0.xlsx",41,"F",,"Missing latitude"
"paleosol_ekart_1999_p1.0.xlsx",42,"F",,"Missing latitude"
"paleosol_ekart_1999_p1.0.xlsx",43,"F",,"Missing latitude"
"paleosol_ekart_1999_p1.0.xlsx",44,"F",,"Missing latitude"
"paleosol_ekart_1999_p1.0.xlsx",45,"F",,"Missing latitude"
"paleosol_ekart_1999_p1.0.xlsx",46,"F",,"Missing latitude"
"paleosol_ekart_1999_p1.0.xlsx",47,"F",,"Missing latitude"
"paleosol_ekart_1999_p1.0.xlsx",48,"F",,"Missing latitude"
"paleosol_ekart_1999_p1.0.xlsx",49,"F",,"Missing latitude"
"paleosol_ekart_1999_p1.0.xlsx",50,"F",,"Missing latitude"
"paleosol_ekart_1999_p1.0.xlsx",51,"F",,"Missing latitude"
"paleosol_ekart_1999_p1.0.xlsx",52,"F",,"Missing latitude"
"paleosol_ekart_1999_p1.0.xlsx",53,"F",,"Missing latitude"
"paleosol_ekart_1999_p1.0.xlsx",54,"F",,"Missing latitude"
"paleosol_ekart_1999_p1.0.xlsx",55,"F",,"Missing latitude"
"paleosol_ekart_1999_p1.0.xlsx",56,"F",,"Missing latitude"
"paleosol_ekart_1999_p1.0.xlsx",57,"F",,"Missing latitude"
"paleosol_ekart_1999_p1.0.xlsx",58,"F",,"Missing latitude"
"paleosol_ekart_1999_p1.0.xlsx",59,"F",,"Missing latitude"
"paleosol_ekart_1999_p1.0.xlsx",60,"F",,"Missing latitude"
"paleosol_ekart_1999_p1.0.xlsx",61,"F",,"Missing latitude"
"paleosol_ekart_1999_p1.0.xlsx",62,"F",,"Missing latitude"
"paleosol_ekart_1999_p1.0.xlsx",63,"F",,"Missing latitude"
"paleosol_ekart_1999_p1.0.xlsx",64,"F",,"Missing latitude"
"paleosol_ekart_1999_p1.0.xlsx",65,"F",,"Missing latitude"
"paleosol_ekart_1999_p1.0.xlsx",66,"F",,"Missing latitude"
"paleosol_ekart_1999_p1.0.xlsx",67,"F",,"Missing latitude"
"paleosol_ekart_1999_p1.0.xlsx",68,"F",,"Missing latitude"
"paleosol_ekart_1999_p1.0.xlsx",69,"F",,"Missing latitude"
"paleosol_ekart_1999_p1.0.xlsx",70,"F",,"Missing latitude"
"paleosol_ekart_1999_p1.0.xlsx",3,"G",,"Missing longitude"
"paleosol_ekart_1999_p1.0.xlsx",4,"G",,"Missing longitude"
"paleosol_ekart_1999_p1.0.xlsx",5,"G",,"Missing longitude"
"paleosol_ekart_1999_p1.0.xlsx",6,"G",,"Missing longitude"
"paleosol_ekart_1999_p1.0.xlsx",7,"G",,"Missing longitude"
"paleosol_ekart_1999_p1.0.xlsx",8,"G",,"Missing longitude"
"paleosol_ekart_1999_p1.0.xlsx",9,"G",,"Missing longitude"
"paleosol_ekart_1999_p1.0.xlsx",10,"G",,"Missing longitude"
"paleosol_ekart_1999_p1.0.xlsx",11,"G",,"Missing longitude"
"paleosol_ekart_1999_p1.0.xlsx",12,"G",,"Missing longitude"
"paleosol_ekart_1999_p1.0.xlsx",13,"G",,"Missing longitude"
"paleosol_ekart_1999_p1.0.xlsx",14,"G",,"Missing longitude"
"paleosol_ekart_1999_p1.0.xlsx",15,"G",,"Missing longitude"
"paleosol_ekart_1999_p1.0.xlsx",16,"G",,"Missing longitude"
"paleosol_ekart_1999_p1.0.xlsx",17,"G",,"Missing longitude"
"paleosol_ekart_1999_p1.0.xlsx",18,"G",,"Missing longitude"
"paleosol_ekart_1999_p1.0.xlsx",19,"G",,"Missing longitude"
"paleosol_ekart_1999_p1.0.xlsx",20,"G",,"Missing longitude"
"paleosol_ekart_1999_p1.0.xlsx",21,"G",,"Missing longitude"
"paleosol_ekart_1999_p1.0.xlsx",22,"G",,"Missing longitude"
"paleosol_ekart_1999_p1.0.xlsx",23,"G",,"Missing longitude"
"paleosol_ekart_1999_p1.0.xlsx",24,"G",,"Missing longitude"
"paleosol_ekart_1999_p1.0.xlsx",25,"G",,"Missing longitude"
"paleosol_ekart_1999_p1.0.xlsx",26,"G",,"Missing longitude"
"paleosol_ekart_1999_p1.0.xlsx",27,"G",,"Missing longitude"
"paleosol_ekart_1999_p1.0.xlsx",28,"G",,"Missing longitude"
"paleosol_ekart_1999_p1.0.xlsx",29,"G",,"Missing longitude"
"paleosol_ekart_1999_p1.0.xlsx",30,"G",,"Missing longitude"
"paleosol_ekart_1999_p1.0.xlsx",31,"G",,"Missing longitude"
"paleosol_ekart_1999_p1.0.xlsx",32,"G",,"Missing longitude"
"paleosol_ekart_1999_p1.0.xlsx",33,"G",,"Missing longitude"
"paleosol_ekart_1999_p1.0.xlsx",34,"G",,"Missing longitude"
"paleosol_ekart_1999_p1.0.xlsx",35,"G",,"Missing longitude"
"paleosol_ekart_1999_p1.0.xlsx",36,"G",,"Missing longitude"
"paleosol_ekart_1999_p1.0.xlsx",37,"G",,"Missing longitude"
"paleosol_ekart_1999_p1.0.xlsx",38,"G",,"Missing longitude"
"paleosol_ekart_1999_p1.0.xlsx",39,"G",,"Missing longitude"
"paleosol_ekart_1999_p1.0.xlsx",40,"G",,"Missing longitude"
"paleosol_ekart_1999_p1.0.xlsx",41,"G",,"Missing longitude"
"paleosol_ekart_1999_p1.0.xlsx",42,"G",,"Missing longitude"
"paleosol_ekart_1999_p1.0.xlsx",43,"G",,"Missing longitude"
"paleosol_ekart_1999_p1.0.xlsx",44,"G",,"Missing longitude"
"paleosol_ekart_1999_p1.0.xlsx",45,"G",,"Missing longitude"
"paleosol_ekart_1999_p1.0.xlsx",46,"G",,"Missing longitude"
"paleosol_ekart_1999_p1.0.xlsx",47,"G",,"Missing longitude"
"paleosol_ekart_1999_p1.0.xlsx",48,"G",,"Missing longitude"
"paleosol_ekart_1999_p1.0.xlsx",49,"G",,"Missing longitude"
"paleosol_ekart_1999_p1.0.xlsx",50,"G",,"Missing longitude"
"paleosol_ekart_1999_p1.0.xlsx",51,"G",,"Missing longitude"
"paleosol_ekart_1999_p1.0.xlsx",52,"G",,"Missing longitude"
"paleosol_ekart_1999_p1.0.xlsx",53,"G",,"Missing longitude"
"paleosol_ekart_1999_p1.0.xlsx",54,"G",,"Missing longitude"
"paleosol_ekart_1999_p1.0.xlsx",55,"G",,"Missing longitude"
"paleosol_ekart_1999_p1.0.xlsx",56,"G",,"Missing longitude"
"paleosol_ekart_1999_p1.0.xlsx",57,"G",,"Missing longitude"
"paleosol_ekart_1999_p1.0.xlsx",58,"G",,"Missing longitude"
"paleosol_ekart_1999_p1.0.xlsx",59,"G",,"Missing longitude"
"paleosol_ekart_1999_p1.0.xlsx",60,"G",,"Missing longitude"
"paleosol_ekart_1999_p1.0.xlsx",61,"G",,"Missing longitude"
"paleosol_ekart_1999_p1.0.xlsx",62,"G",,"Missing longitude"
"paleosol_ekart_1999_p1.0.xlsx",63,"G",,"Missing longitude"
"paleosol_ekart_1999_p1.0.xlsx",64,"G",,"Missing longitude"
"paleosol_ekart_1999_p1.0.xlsx",65,"G",,"Missing longitude"
"paleosol_ekart_1999_p1.0.xlsx",66,"G",,"Missing longitude"
"paleosol_ekart_1999_p1.0.xlsx",67,"G",,"Missing longitude"
"paleosol_ekart_1999_p1.0.xlsx",68,"G",,"Missing longitude"
"paleosol_ekart_1999_p1.0.xlsx",69,"G",,"Missing longitude"
"paleosol_ekart_1999_p1.0.xlsx",70,"G",,"Missing longitude"
"paleosol_huang_2013_p1.0.xlsx",3,"F",,"Missing latitude"
"paleosol_huang_2013_p1.0.xlsx",4,"F",,"Missing latitude"
"paleosol_huang_2013_p1.0.xlsx",5,"F",,"Missing latitude"
"paleosol_huang_2013_p1.0.xlsx",6,"F",,"Missing latitude"
"paleosol_huang_2013_p1.0.xlsx",7,"F",,"Missing latitude"
"paleosol_huang_2013_p1.0.xlsx",8,"F",,"Missing latitude"
"paleosol_huang_2013_p1.0.xlsx",9,"F",,"Missing latitude"
"paleosol_huang_2013_p1.0.xlsx",10,"F",,"Missing latitude"
"paleosol_huang_2013_p1.0.xlsx",11,"F",,"Missing latitude"
"paleosol_huang_2013_p1.0.xlsx",12,"F",,"Missing latitude"
"paleosol_huang_2013_p1.0.xlsx",13,"F",,"Missing latitude"
"paleosol_huang_2013_p1.0.xlsx",14,"F",,"Missing latitude"
"paleosol_huang_2013_p1.0.xlsx",15,"F",,"Missing latitude"
"paleosol_huang_2013_p1.0.xlsx",16,"F",,"Missing latitude"
"paleosol_huang_2013_p1.0.xlsx",17,"F",,"Missing latitude"
"paleosol_huang_2013_p1.0.xlsx",18,"F",,"Missing latitude"
"paleosol_huang_2013_p1.0.xlsx",19,"F",,"Missing latitude"
"paleosol_huang_2013_p1.0.xlsx",20,"F",,"Missing latitude"
"paleosol_huang_2013_p1.0.xlsx",21,"F",,"Missing latitude"
"paleosol_huang_2013_p1.0.xlsx",22,"F",,"Missing latitude"
"paleosol_huang_2013_p1.0.xlsx",23,"F",,"Missing latitude"
"paleosol_huang_2013_p1.0.xlsx",24,"F",,"Missing latitude"
"paleosol_huang_2013_p1.0.xlsx",25,"F",,"Missing latitude"
"paleosol_huang_2013_p1.0.xlsx",3,"G",,"Missing longitude"
"paleosol_huang_2013_p1.0.xlsx",4,"G",,"Missing longitude"
"paleosol_huang_2013_p1.0.xlsx",5,"G",,"Missing longitude"
"paleosol_huang_2013_p1.0.xlsx",6,"G",,"Missing longitude"
"paleosol_huang_2013_p1.0.xlsx",7,"G",,"Missing longitude"
"paleosol_huang_2013_p1.0.xlsx",8,"G",,"Missing longitude"
"paleosol_huang_2013_p1.0.xlsx",9,"G",,"Missing longitude"
"paleosol_huang_2013_p1.0.xlsx",10,"G",,"Missing longitude"
"paleosol_huang_2013_p1.0.xlsx",11,"G",,"Missing longitude"
"paleosol_huang_2013_p1.0.xlsx",12,"G",,"Missing longitude"
"paleosol_huang_2013_p1.0.xlsx",13,"G",,"Missing longitude"
"paleosol_huang_2013_p1.0.xlsx",14,"G",,"Missing longitude"
"paleosol_huang_2013_p1.0.xlsx",15,"G",,"Missing longitude"
"paleosol_huang_2013_p1.0.xlsx",16,"G",,"Missing longitude"
"paleosol_huang_2013_p1.0.xlsx",17,"G",,"Missing longitude"
"paleosol_huang_2013_p1.0.xlsx",18,"G",,"Missing longitude"
"paleosol_huang_2013_p1.0.xlsx",19,"G",,"Missing longitude"
"paleosol_huang_2013_p1.0.xlsx",20,"G",,"Missing longitude"
"paleosol_huang_2013_p1.0.xlsx",21,"G",,"Missing longitude"
"paleosol_huang_2013_p1.0.xlsx",22,"G",,"Missing longitude"
"paleosol_huang_2013_p1.0.xlsx",23,"G",,"Missing longitude"
"paleosol_huang_2013_p1.0.xlsx",24,"G",,"Missing longitude"
"paleosol_huang_2013_p1.0.xlsx",25,"G",,"Missing longitude"
"paleosol_ji_2018_p1.0.xlsx",3,"A",,"Missing sample ID"
"paleosol_ji_2018_p1.0.xlsx",4,"A",,"Missing sample ID"
"paleosol_ji_2018_p1.0.xlsx",5,"A",,"Missing sample ID"
"paleosol_ji_2018_p1.0.xlsx",6,"A",,"Missing sample ID"
"paleosol_ji_2018_p1.0.xlsx",7,"A",,"Missing sample ID"
"paleosol_ji_2018_p1.0.xlsx",8,"A",,"Missing sample ID"
"paleosol_ji_2018_p1.0.xlsx",9,"A",,"Missing sample ID"
"paleosol_ji_2018_p1.0.xlsx",10,"A",,"Missing sample ID"
"paleosol_ji_2018_p1.0.xlsx",11,"A",,"Missing sample ID"
"paleosol_ji_2018_p1.0.xlsx",12,"A",,"Missing sample ID"
"paleosol_ji_2018_p1.0.xlsx",13,"A",,"Missing sample ID"
"paleosol_ji_2018_p1.0.xlsx",14,"A",,"Missing sample ID"
"paleosol_ji_2018_p1.0.xlsx",15,"A",,"Missing sample ID"
"paleosol_ji_2018_p1.0.xlsx",16,"A",,"Missing sample ID"
"paleosol_ji_2018_p1.0.xlsx",17,"A",,"Missing sample ID"
"paleosol_ji_2018_p1.0.xlsx",18,"A",,"Missing sample ID"
"paleosol_ji_2018_p1.0.xlsx",19,"A",,"Missing sample ID"
"paleosol_ji_2018_p1.0.xlsx",20,"A",,"Missing sample ID"
"paleosol_ji_2018_p1.0.xlsx",21,"A",,"Missing sample ID"
"paleosol_kohn_2015_p1.0.xlsx",3,"A",,"Missing sample ID"
"paleosol_kohn_2015_p1.0.xlsx",3,"F",,"Missing latitude"
"paleosol_kohn_2015_p1.0.xlsx",3,"G",,"Missing longitude"
"paleosol_nordt_2002_p1.0.xlsx",3,"A",,"Missing sample ID"
"paleosol_nordt_2002_p1.0.xlsx",4,"A",,"Missing sample ID"
"paleosol_nordt_2002_p1.0.xlsx",5,"A",,"Missing sample ID"
"paleosol_nordt_2002_p1.0.xlsx",6,"A",,"Missing sample ID"
"paleosol_nordt_2002_p1.0.xlsx",7,"A",,"Missing sample ID"
"paleosol_nordt_2002_p1.0.xlsx",8,"A",,"Missing sample ID"
"paleosol_srivastava_2013_p1.0.xlsx",3,"F",,"Missing latitude"
"paleosol_srivastava_2013_p1.0.xlsx",4,"F",,"Missing latitude"
"paleosol_srivastava_2013_p1.0.xlsx",3,"G",,"Missing longitude"
"paleosol_srivastava_2013_p1.0.xlsx",4,"G",,"Missing longitude"
