"file","source_row","age_Ma","min_age_Ma","max_age_Ma","status"
"phytoplankton_andersen_1999.xlsx",4,0.0013,0,23.03,"included"
"phytoplankton_andersen_1999.xlsx",5,0.006,0,23.03,"included"
"phytoplankton_andersen_1999.xlsx",6,0.0082,0,23.03,"included"
"phytoplankton_andersen_1999.xlsx",7,0.0112,0,23.03,"included"
"phytoplankton_andersen_1999.xlsx",8,0.0178,0,23.03,"included"
"phytoplankton_andersen_1999.xlsx",9,0.0196,0,23.03,"included"
"phytoplankton_andersen_1999.xlsx",10,0.0255,0,23.03,"included"
"phytoplankton_andersen_1999.xlsx",11,0.0349,0,23.03,"included"
"phytoplankton_andersen_1999.xlsx",12,0.0474,0,23.03,"included"
"phytoplankton_andersen_1999.xlsx",13,0.0474,0,23.03,"included"
"phytoplankton_andersen_1999.xlsx",14,0.0592,0,23.03,"included"
"phytoplankton_andersen_1999.xlsx",15,0.0647,0,23.03,"included"
"phytoplankton_andersen_1999.xlsx",16,0.0693,0,23.03,"included"
"phytoplankton_andersen_1999.xlsx",17,0.0693,0,23.03,"included"
"phytoplankton_andersen_1999.xlsx",18,0.0785,0,23.03,"included"
"phytoplankton_andersen_1999.xlsx",19,0.08,0,23.03,"included"
"phytoplankton_andersen_1999.xlsx",20,0.084,0,23.03,"included"
"phytoplankton_andersen_1999.xlsx",21,0.087,0,23.03,"included"
"phytoplankton_andersen_1999.xlsx",22,0.1,0,23.03,"included"
"phytoplankton_andersen_1999.xlsx",23,0.1126,0,23.03,"included"
"phytoplankton_andersen_1999.xlsx",24,0.1183,0,23.03,"included"
"phytoplankton_andersen_1999.xlsx",25,0.1238,0,23.03,"included"
"phytoplankton_andersen_1999.xlsx",26,0.1273,0,23.03,"included"
"phytoplankton_andersen_1999.xlsx",27,0.1343,0,23.03,"included"
"phytoplankton_andersen_1999.xlsx",28,0.1471,0,23.03,"included"
"phytoplankton_andersen_1999.xlsx",29,0.1502,0,23.03,"included"
"phytoplankton_andersen_1999.xlsx",30,0.1603,0,23.03,"included"
"phytoplankton_andersen_1999.xlsx",31,0.1603,0,23.03,"included"
"phytoplankton_andersen_1999.xlsx",32,0.171,0,23.03,"included"
"phytoplankton_andersen_1999.xlsx",33,0.1817,0,23.03,"included"
"phytoplankton_andersen_1999.xlsx",34,0.1817,0,23.03,"included"
"phytoplankton_andersen_1999.xlsx",35,0.1837,0,23.03,"included"
"phytoplankton_andersen_1999.xlsx",36,0.1962,0,23.03,"included"
"phytoplankton_badger_2013a.xlsx",4,2.80996,0,23.03,"included"
"phytoplankton_badger_2013a.xlsx",5,2.8515,0,23.03,"included"
"phytoplankton_badger_2013a.xlsx",6,2.8616,0,23.03,"included"
"phytoplankton_badger_2013a.xlsx",7,2.90163,0,23.03,"included"
"phytoplankton_badger_2013a.xlsx",8,2.91737,0,23.03,"included"
"phytoplankton_badger_2013a.xlsx",9,2.9267,0,23.03,"included"
"phytoplankton_badger_2013a.xlsx",10,2.94364,0,23.03,"included"
"phytoplankton_badger_2013a.xlsx",11,2.9807,0,23.03,"included"
"phytoplankton_badger_2013a.xlsx",12,3.00219,0,23.03,"included"
"phytoplankton_badger_2013a.xlsx",13,3.01618,0,23.03,"included"
"phytoplankton_badger_2013a.xlsx",14,3.03414,0,23.03,"included"
"phytoplankton_badger_2013a.xlsx",15,3.06914,0,23.03,"included"
"phytoplankton_badger_2013a.xlsx",16,3.08717,0,23.03,"included"
"phytoplankton_badger_2013a.xlsx",17,3.0963,0,23.03,"included"
"phytoplankton_badger_2013a.xlsx",18,3.10612,0,23.03,"included"
"phytoplankton_badger_2013a.xlsx",19,3.13044,0,23.03,"included"
"phytoplankton_badger_2013a.xlsx",20,3.16057,0,23.03,"included"
"phytoplankton_badger_2013a.xlsx",21,3.1814,0,23.03,"included"
"phytoplankton_badger_2013a.xlsx",22,3.1899,0,23.03,"included"
"phytoplankton_badger_2013a.xlsx",23,3.19999,0,23.03,"included"
"phytoplankton_badger_2013a.xlsx",24,3.20923,0,23.03,"included"
"phytoplankton_badger_2013a.xlsx",25,3.22012,0,23.03,"included"
"phytoplankton_badger_2013a.xlsx",26,3.24333,0,23.03,"included"
"phytoplankton_badger_2013a.xlsx",27,3.25975,0,23.03,"included"
"phytoplankton_badger_2013a.xlsx",28,3.2671,0,23.03,"included"
"phytoplankton_badger_2013a.xlsx",29,3.27526,0,23.03,"included"
"phytoplankton_badger_2013a.xlsx",30,3.28675,0,23.03,"included"
"phytoplankton_badger_2013a.xlsx",31,3.29814,0,23.03,"included"
"phytoplankton_badger_2013b.xlsx",4,13.799,0,23.03,"included"
"phytoplankton_badger_2013b.xlsx",5,13.792,0,23.03,"included"
"phytoplankton_badger_2013b.xlsx",6,13.786,0,23.03,"included"
"phytoplankton_badger_2013b.xlsx",7,13.779,0,23.03,"included"
"phytoplankton_badger_2013b.xlsx",8,13.773,0,23.03,"included"
"phytoplankton_badger_2013b.xlsx",9,13.766,0,23.03,"included"
"phytoplankton_badger_2013b.xlsx",10,13.76,0,23.03,"included"
"phytoplankton_badger_2013b.xlsx",11,13.753,0,23.03,"included"
"phytoplankton_badger_2013b.xlsx",12,13.741,0,23.03,"included"
"phytoplankton_badger_2013b.xlsx",13,13.716,0,23.03,"included"
"phytoplankton_badger_2013b.xlsx",14,13.709,0,23.03,"included"
"phytoplankton_badger_2013b.xlsx",15,13.704,0,23.03,"included"
"phytoplankton_badger_2013b.xlsx",16,13.693,0,23.03,"included"
"phytoplankton_badger_2013b.xlsx",17,13.679,0,23.03,"included"
"phytoplankton_badger_2013b.xlsx",18,13.672,0,23.03,"included"
"phytoplankton_badger_2013b.xlsx",19,13.665,0,23.03,"included"
"phytoplankton_badger_2013b.xlsx",20,13.658,0,23.03,"included"
"phytoplankton_badger_2013b.xlsx",21,13.651,0,23.03,"included"
"phytoplankton_badger_2013b.xlsx",22,13.644,0,23.03,"included"
"phytoplankton_badger_2013b.xlsx",23,13.602,0,23.03,"included"
"phytoplankton_badger_2013b.xlsx",24,12.811,0,23.03,"included"
"phytoplankton_badger_2019.xlsx",4,0.111324356079102,0,23.03,"included"
"phytoplankton_badger_2019.xlsx",5,0.119055961608887,0,23.03,"included"
"phytoplankton_badger_2019.xlsx",6,0.123774566650391,0,23.03,"included"
"phytoplankton_badger_2019.xlsx",7,0.127484924316406,0,23.03,"included"
"phytoplankton_badger_2019.xlsx",8,0.131907974243164,0,23.03,"included"
"phytoplankton_badger_2019.xlsx",9,0.133215209960938,0,23.03,"included"
"phytoplankton_badger_2019.xlsx",10,0.135568237304688,0,23.03,"included"
"phytoplankton_badger_2019.xlsx",11,0.138967041015625,0,23.03,"included"
"phytoplankton_badger_2019.xlsx",12,0.146694732666016,0,23.03,"included"
"phytoplankton_badger_2019.xlsx",13,0.150037734985352,0,23.03,"included"
"phytoplankton_badger_2019.xlsx",14,0.169761596679688,0,23.03,"included"
"phytoplankton_badger_2019.xlsx",15,0.179935256958008,0,23.03,"included"
"phytoplankton_badger_2019.xlsx",16,0.184372253417969,0,23.03,"included"
"phytoplankton_badger_2019.xlsx",17,0.190008972167969,0,23.03,"included"
"phytoplankton_badger_2019.xlsx",18,0.191676605224609,0,23.03,"included"
"phytoplankton_badger_2019.xlsx",19,0.19806916809082,0,23.03,"included"
"phytoplankton_badger_2019.xlsx",20,0.211565612792969,0,23.03,"included"
"phytoplankton_badger_2019.xlsx",21,0.220435913085938,0,23.03,"included"
"phytoplankton_badger_2019.xlsx",22,0.223657653808594,0,23.03,"included"
"phytoplankton_badger_2019.xlsx",23,0.227098190307617,0,23.03,"included"
"phytoplankton_badger_2019.xlsx",24,0.235762832641602,0,23.03,"included"
"phytoplankton_badger_2019.xlsx",25,0.239482940673828,0,23.03,"included"
"phytoplankton_badger_2019.xlsx",26,0.24717936706543,0,23.03,"included"
"phytoplankton_badger_2019.xlsx",27,0.250065521240234,0,23.03,"included"
"phytoplankton_badger_2019.xlsx",28,0.257842346191406,0,23.03,"included"
"phytoplankton_badger_2019.xlsx",29,2.59949886,0,23.03,"included"
"phytoplankton_badger_2019.xlsx",30,2.60754347777778,0,23.03,"included"
"phytoplankton_badger_2019.xlsx",31,2.617315,0,23.03,"included"
"phytoplankton_badger_2019.xlsx",32,2.62702196666667,0,23.03,"included"
"phytoplankton_badger_2019.xlsx",33,2.63361495,0,23.03,"included"
"phytoplankton_badger_2019.xlsx",34,2.64228622222222,0,23.03,"included"
"phytoplankton_badger_2019.xlsx",35,2.6506129,0,23.03,"included"
"phytoplankton_badger_2019.xlsx",36,2.65685448888889,0,23.03,"included"
"phytoplankton_badger_2019.xlsx",37,2.66621956,0,23.03,"included"
"phytoplankton_badger_2019.xlsx",38,2.67517532,0,23.03,"included"
"phytoplankton_badger_2019.xlsx",39,2.68211746666667,0,23.03,"included"
"phytoplankton_badger_2019.xlsx",40,2.6882203,0,23.03,"included"
"phytoplankton_badger_2019.xlsx",41,2.6934895,0,23.03,"included"
"phytoplankton_badger_2019.xlsx",42,2.69876056666667,0,23.03,"included"
"phytoplankton_badger_2019.xlsx",43,2.70486522222222,0,23.03,"included"
"phytoplankton_badger_2019.xlsx",44,2.70903086666667,0,23.03,"included"
"phytoplankton_badger_2019.xlsx",45,2.714304,0,23.03,"included"
"phytoplankton_badger_2019.xlsx",46,2.74185501,0,23.03,"included"
"phytoplankton_badger_2019.xlsx",47,2.75226265,0,23.03,"included"
"phytoplankton_badger_2019.xlsx",48,2.76613998947368,0,23.03,"included"
"phytoplankton_badger_2019.xlsx",49,2.78155956666667,0,23.03,"included"
"phytoplankton_badger_2019.xlsx",50,2.78960594210526,0,23.03,"included"
"phytoplankton_bae_2015.xlsx",4,5e-04,0,23.03,"included"
"phytoplankton_bae_2015.xlsx",5,0.0024,0,23.03,"included"
"phytoplankton_bae_2015.xlsx",6,0.005,0,23.03,"included"
"phytoplankton_bae_2015.xlsx",7,0.0076,0,23.03,"included"
"phytoplankton_bae_2015.xlsx",8,0.0102,0,23.03,"included"
"phytoplankton_bae_2015.xlsx",9,0.0128,0,23.03,"included"
"phytoplankton_bae_2015.xlsx",10,0.014,0,23.03,"included"
"phytoplankton_bae_2015.xlsx",11,0.0152,0,23.03,"included"
"phytoplankton_bae_2015.xlsx",12,0.0164,0,23.03,"included"
"phytoplankton_bae_2015.xlsx",13,0.0176,0,23.03,"included"
"phytoplankton_bae_2015.xlsx",14,0.0372,0,23.03,"included"
"phytoplankton_bae_2015.xlsx",15,0.0394,0,23.03,"included"
"phytoplankton_bae_2015.xlsx",16,0.041,0,23.03,"included"
"phytoplankton_bae_2015.xlsx",17,0.0421,0,23.03,"included"
"phytoplankton_bae_2015.xlsx",18,0.0432,0,23.03,"included"
"phytoplankton_bae_2015.xlsx",19,0.0453,0,23.03,"included"
"phytoplankton_bae_2015.xlsx",20,0.0509,0,23.03,"included"
"phytoplankton_bae_2015.xlsx",21,0.0716,0,23.03,"included"
"phytoplankton_bae_2015.xlsx",22,0.0725,0,23.03,"included"
"phytoplankton_bae_2015.xlsx",23,0.0735,0,23.03,"included"
"phytoplankton_bae_2015.xlsx",24,0.0765,0,23.03,"included"
"phytoplankton_bae_2015.xlsx",25,0.0774,0,23.03,"included"
"phytoplankton_bae_2015.xlsx",26,0.0783,0,23.03,"included"
"phytoplankton_bae_2015.xlsx",27,0.0792,0,23.03,"included"
"phytoplankton_bae_2015.xlsx",28,0.0809,0,23.03,"included"
"phytoplankton_bae_2015.xlsx",29,0.0818,0,23.03,"included"
"phytoplankton_bae_2015.xlsx",30,0.0827,0,23.03,"included"
"phytoplankton_bae_2015.xlsx",31,0.0836,0,23.03,"included"
"phytoplankton_bae_2015.xlsx",32,0.0845,0,23.03,"included"
"phytoplankton_bae_2015.xlsx",33,0.0853,0,23.03,"included"
"phytoplankton_bae_2015.xlsx",34,0.0862,0,23.03,"included"
"phytoplankton_bae_2015.xlsx",35,0.0871,0,23.03,"included"
"phytoplankton_bae_2015.xlsx",36,0.0903,0,23.03,"included"
"phytoplankton_bae_2015.xlsx",37,0.0916,0,23.03,"included"
"phytoplankton_bae_2015.xlsx",38,0.093,0,23.03,"included"
"phytoplankton_bae_2015.xlsx",39,0.0943,0,23.03,"included"
"phytoplankton_bae_2015.xlsx",40,0.0956,0,23.03,"included"
"phytoplankton_bae_2015.xlsx",41,0.0969,0,23.03,"included"
"phytoplankton_bae_2015.xlsx",42,0.0982,0,23.03,"included"
"phytoplankton_bae_2015.xlsx",43,0.0996,0,23.03,"included"
"phytoplankton_bae_2015.xlsx",44,0.1009,0,23.03,"included"
"phytoplankton_bae_2015.xlsx",45,0.1022,0,23.03,"included"
"phytoplankton_bae_2015.xlsx",46,0.1035,0,23.03,"included"
"phytoplankton_bae_2015.xlsx",47,0.1048,0,23.03,"included"
"phytoplankton_bae_2015.xlsx",48,0.1062,0,23.03,"included"
"phytoplankton_bae_2015.xlsx",49,0.1088,0,23.03,"included"
"phytoplankton_bae_2015.xlsx",50,0.1095,0,23.03,"included"
"phytoplankton_bae_2015.xlsx",51,0.1101,0,23.03,"included"
"phytoplankton_bae_2015.xlsx",52,0.1107,0,23.03,"included"
"phytoplankton_bae_2015.xlsx",53,0.1125,0,23.03,"included"
"phytoplankton_bae_2015.xlsx",54,0.1131,0,23.03,"included"
"phytoplankton_bae_2015.xlsx",55,0.1137,0,23.03,"included"
"phytoplankton_bae_2015.xlsx",56,0.1143,0,23.03,"included"
"phytoplankton_bae_2015.xlsx",57,0.1149,0,23.03,"included"
"phytoplankton_bae_2015.xlsx",58,0.1155,0,23.03,"included"
"phytoplankton_bae_2015.xlsx",59,0.1161,0,23.03,"included"
"phytoplankton_bae_2015.xlsx",60,0.1165,0,23.03,"included"
"phytoplankton_bae_2015.xlsx",61,0.1174,0,23.03,"included"
"phytoplankton_bae_2015.xlsx",62,0.1183,0,23.03,"included"
"phytoplankton_bae_2015.xlsx",63,0.1191,0,23.03,"included"
"phytoplankton_bae_2015.xlsx",64,0.12,0,23.03,"included"
"phytoplankton_bae_2015.xlsx",65,0.1209,0,23.03,"included"
"phytoplankton_bae_2015.xlsx",66,0.1218,0,23.03,"included"
"phytoplankton_bae_2015.xlsx",67,0.1227,0,23.03,"included"
"phytoplankton_bae_2015.xlsx",68,0.1235,0,23.03,"included"
"phytoplankton_bae_2015.xlsx",69,0.1244,0,23.03,"included"
"phytoplankton_bae_2015.xlsx",70,0.1253,0,23.03,"included"
"phytoplankton_bae_2015.xlsx",71,0.1262,0,23.03,"included"
"phytoplankton_bae_2015.xlsx",72,0.1271,0,23.03,"included"
"phytoplankton_bae_2015.xlsx",73,0.1279,0,23.03,"included"
"phytoplankton_bae_2015.xlsx",74,0.1288,0,23.03,"included"
"phytoplankton_bae_2015.xlsx",75,0.1304,0,23.03,"included"
"phytoplankton_bae_2015.xlsx",76,0.1335,0,23.03,"included"
"phytoplankton_bae_2015.xlsx",77,0.1384,0,23.03,"included"
"phytoplankton_bae_2015.xlsx",78,0.1402,0,23.03,"included"
"phytoplankton_bae_2015.xlsx",79,0.1481,0,23.03,"included"
"phytoplankton_bae_2015.xlsx",80,0.149,0,23.03,"included"
"phytoplankton_bae_2015.xlsx",81,0.1496,0,23.03,"included"
"phytoplankton_bae_2015.xlsx",82,0.1513,0,23.03,"included"
"phytoplankton_bae_2015.xlsx",83,0.1522,0,23.03,"included"
"phytoplankton_bae_2015.xlsx",84,0.1531,0,23.03,"included"
"phytoplankton_bae_2015.xlsx",85,0.154,0,23.03,"included"
"phytoplankton_bae_2015.xlsx",86,0.1548,0,23.03,"included"
"phytoplankton_bae_2015.xlsx",87,0.1557,0,23.03,"included"
"phytoplankton_bae_2015.xlsx",88,0.1566,0,23.03,"included"
"phytoplankton_bae_2015.xlsx",89,0.1575,0,23.03,"included"
"phytoplankton_bae_2015.xlsx",90,0.1584,0,23.03,"included"
"phytoplankton_bae_2015.xlsx",91,0.1592,0,23.03,"included"
"phytoplankton_bae_2015.xlsx",92,0.1645,0,23.03,"included"
"phytoplankton_bae_2015.xlsx",93,0.168,0,23.03,"included"
"phytoplankton_bae_2015.xlsx",94,0.1698,0,23.03,"included"
"phytoplankton_bae_2015.xlsx",95,0.1716,0,23.03,"included"
"phytoplankton_bae_2015.xlsx",96,0.1733,0,23.03,"included"
"phytoplankton_bae_2015.xlsx",97,0.1751,0,23.03,"included"
"phytoplankton_bae_2015.xlsx",98,0.1768,0,23.03,"included"
"phytoplankton_bae_2015.xlsx",99,0.1786,0,23.03,"included"
"phytoplankton_bae_2015.xlsx",100,0.1804,0,23.03,"included"
"phytoplankton_bae_2015.xlsx",101,0.1821,0,23.03,"included"
"phytoplankton_bae_2015.xlsx",102,0.1856,0,23.03,"included"
"phytoplankton_bae_2015.xlsx",103,0.1865,0,23.03,"included"
"phytoplankton_bae_2015.xlsx",104,0.1875,0,23.03,"included"
"phytoplankton_bolton_2016.xlsx",4,4.0088701171875,0,23.03,"included"
"phytoplankton_bolton_2016.xlsx",5,5.0025537109375,0,23.03,"included"
"phytoplankton_bolton_2016.xlsx",6,6.00348138809204,0,23.03,"included"
"phytoplankton_bolton_2016.xlsx",7,7.00128412246704,0,23.03,"included"
"phytoplankton_bolton_2016.xlsx",8,8.00035667419434,0,23.03,"included"
"phytoplankton_bolton_2016.xlsx",9,9.30813598632812,0,23.03,"included"
"phytoplankton_bolton_2016.xlsx",10,9.3183622360229,0,23.03,"included"
"phytoplankton_bolton_2016.xlsx",11,10.3301115036011,0,23.03,"included"
"phytoplankton_bolton_2016.xlsx",12,11.2004766464233,0,23.03,"included"
"phytoplankton_bolton_2016.xlsx",13,12.4634809494019,0,23.03,"included"
"phytoplankton_bolton_2016.xlsx",14,13.1006994247437,0,23.03,"included"
"phytoplankton_bolton_2016.xlsx",15,14.3584442138672,0,23.03,"included"
"phytoplankton_bolton_2016.xlsx",16,15.7561550140381,0,23.03,"included"
"phytoplankton_jasper_1990.xlsx",4,0.0018,0,23.03,"included"
"phytoplankton_jasper_1990.xlsx",5,0.0029,0,23.03,"included"
"phytoplankton_jasper_1990.xlsx",6,0.00489,0,23.03,"included"
"phytoplankton_jasper_1990.xlsx",7,0.0065,0,23.03,"included"
"phytoplankton_jasper_1990.xlsx",8,0.0075,0,23.03,"included"
"phytoplankton_jasper_1990.xlsx",9,0.0085,0,23.03,"included"
"phytoplankton_jasper_1990.xlsx",10,0.0151,0,23.03,"included"
"phytoplankton_jasper_1990.xlsx",11,0.016,0,23.03,"included"
"phytoplankton_jasper_1990.xlsx",12,0.0174,0,23.03,"included"
"phytoplankton_jasper_1990.xlsx",13,0.0178,0,23.03,"included"
"phytoplankton_jasper_1990.xlsx",14,0.0191,0,23.03,"included"
"phytoplankton_jasper_1990.xlsx",15,0.0206,0,23.03,"included"
"phytoplankton_jasper_1990.xlsx",16,0.0267,0,23.03,"included"
"phytoplankton_jasper_1990.xlsx",17,0.0339,0,23.03,"included"
"phytoplankton_jasper_1990.xlsx",18,0.0462,0,23.03,"included"
"phytoplankton_jasper_1990.xlsx",19,0.0573,0,23.03,"included"
"phytoplankton_jasper_1990.xlsx",20,0.0601,0,23.03,"included"
"phytoplankton_jasper_1990.xlsx",21,0.0618,0,23.03,"included"
"phytoplankton_jasper_1990.xlsx",22,0.0659,0,23.03,"included"
"phytoplankton_jasper_1990.xlsx",23,0.072,0,23.03,"included"
"phytoplankton_jasper_1990.xlsx",24,0.0802,0,23.03,"included"
"phytoplankton_jasper_1990.xlsx",25,0.0815,0,23.03,"included"
"phytoplankton_jasper_1990.xlsx",26,0.0829,0,23.03,"included"
"phytoplankton_jasper_1990.xlsx",27,0.0918,0,23.03,"included"
"phytoplankton_jasper_1990.xlsx",28,0.09311,0,23.03,"included"
"phytoplankton_jasper_1990.xlsx",29,0.0932,0,23.03,"included"
"phytoplankton_jasper_1990.xlsx",30,0.0939,0,23.03,"included"
"phytoplankton_jasper_1990.xlsx",31,0.096,0,23.03,"included"
"phytoplankton_jasper_1994.xlsx",4,8e-04,0,23.03,"included"
"phytoplankton_jasper_1994.xlsx",5,0.0042,0,23.03,"included"
"phytoplankton_jasper_1994.xlsx",6,0.0069,0,23.03,"included"
"phytoplankton_jasper_1994.xlsx",7,0.0107,0,23.03,"included"
"phytoplankton_jasper_1994.xlsx",8,0.0121,0,23.03,"included"
"phytoplankton_jasper_1994.xlsx",9,0.0135,0,23.03,"included"
"phytoplankton_jasper_1994.xlsx",10,0.0163,0,23.03,"included"
"phytoplankton_jasper_1994.xlsx",11,0.0177,0,23.03,"included"
"phytoplankton_jasper_1994.xlsx",12,0.0191,0,23.03,"included"
"phytoplankton_jasper_1994.xlsx",13,0.0224,0,23.03,"included"
"phytoplankton_jasper_1994.xlsx",14,0.0255,0,23.03,"included"
"phytoplankton_jasper_1994.xlsx",15,0.0284,0,23.03,"included"
"phytoplankton_jasper_1994.xlsx",16,0.0313,0,23.03,"included"
"phytoplankton_jasper_1994.xlsx",17,0.0336,0,23.03,"included"
"phytoplankton_jasper_1994.xlsx",18,0.0372,0,23.03,"included"
"phytoplankton_jasper_1994.xlsx",19,0.0489,0,23.03,"included"
"phytoplankton_jasper_1994.xlsx",20,0.0547,0,23.03,"included"
"phytoplankton_jasper_1994.xlsx",21,0.0553,0,23.03,"included"
"phytoplankton_jasper_1994.xlsx",22,0.0576,0,23.03,"included"
"phytoplankton_jasper_1994.xlsx",23,0.0611,0,23.03,"included"
"phytoplankton_jasper_1994.xlsx",24,0.0635,0,23.03,"included"
"phytoplankton_jasper_1994.xlsx",25,0.0641,0,23.03,"included"
"phytoplankton_jasper_1994.xlsx",26,0.0665,0,23.03,"included"
"phytoplankton_jasper_1994.xlsx",27,0.0684,0,23.03,"included"
"phytoplankton_jasper_1994.xlsx",28,0.0703,0,23.03,"included"
"phytoplankton_jasper_1994.xlsx",29,0.0729,0,23.03,"included"
"phytoplankton_jasper_1994.xlsx",30,0.0746,0,23.03,"included"
"phytoplankton_jasper_1994.xlsx",31,0.0758,0,23.03,"included"
"phytoplankton_jasper_1994.xlsx",32,0.0789,0,23.03,"included"
"phytoplankton_jasper_1994.xlsx",33,0.0812,0,23.03,"included"
"phytoplankton_jasper_1994.xlsx",34,0.0858,0,23.03,"included"
"phytoplankton_jasper_1994.xlsx",35,0.0919,0,23.03,"included"
"phytoplankton_jasper_1994.xlsx",36,0.1081,0,23.03,"included"
"phytoplankton_jasper_1994.xlsx",37,0.1229,0,23.03,"included"
"phytoplankton_jasper_1994.xlsx",38,0.1297,0,23.03,"included"
"phytoplankton_jasper_1994.xlsx",39,0.1398,0,23.03,"included"
"phytoplankton_jasper_1994.xlsx",40,0.1437,0,23.03,"included"
"phytoplankton_jasper_1994.xlsx",41,0.1443,0,23.03,"included"
"phytoplankton_jasper_1994.xlsx",42,0.1462,0,23.03,"included"
"phytoplankton_jasper_1994.xlsx",43,0.1501,0,23.03,"included"
"phytoplankton_jasper_1994.xlsx",44,0.1523,0,23.03,"included"
"phytoplankton_jasper_1994.xlsx",45,0.1558,0,23.03,"included"
"phytoplankton_jasper_1994.xlsx",46,0.1601,0,23.03,"included"
"phytoplankton_jasper_1994.xlsx",47,0.161,0,23.03,"included"
"phytoplankton_jasper_1994.xlsx",48,0.1653,0,23.03,"included"
"phytoplankton_jasper_1994.xlsx",49,0.1665,0,23.03,"included"
"phytoplankton_jasper_1994.xlsx",50,0.1701,0,23.03,"included"
"phytoplankton_jasper_1994.xlsx",51,0.1737,0,23.03,"included"
"phytoplankton_jasper_1994.xlsx",52,0.176,0,23.03,"included"
"phytoplankton_jasper_1994.xlsx",53,0.1767,0,23.03,"included"
"phytoplankton_jasper_1994.xlsx",54,0.1797,0,23.03,"included"
"phytoplankton_jasper_1994.xlsx",55,0.182,0,23.03,"included"
"phytoplankton_jasper_1994.xlsx",56,0.1839,0,23.03,"included"
"phytoplankton_jasper_1994.xlsx",57,0.1945,0,23.03,"included"
"phytoplankton_jasper_1994.xlsx",58,0.1985,0,23.03,"included"
"phytoplankton_jasper_1994.xlsx",59,0.2,0,23.03,"included"
"phytoplankton_jasper_1994.xlsx",60,0.2035,0,23.03,"included"
"phytoplankton_jasper_1994.xlsx",61,0.2085,0,23.03,"included"
"phytoplankton_jasper_1994.xlsx",62,0.2135,0,23.03,"included"
"phytoplankton_jasper_1994.xlsx",63,0.2196,0,23.03,"included"
"phytoplankton_jasper_1994.xlsx",64,0.2236,0,23.03,"included"
"phytoplankton_jasper_1994.xlsx",65,0.2276,0,23.03,"included"
"phytoplankton_jasper_1994.xlsx",66,0.2313,0,23.03,"included"
"phytoplankton_jasper_1994.xlsx",67,0.2343,0,23.03,"included"
"phytoplankton_jasper_1994.xlsx",68,0.249,0,23.03,"included"
"phytoplankton_jasper_1994.xlsx",69,0.2528,0,23.03,"included"
"phytoplankton_mejia_2017.xlsx",4,0.82,0,23.03,"included"
"phytoplankton_mejia_2017.xlsx",5,3.99,0,23.03,"included"
"phytoplankton_mejia_2017.xlsx",6,5.81,0,23.03,"included"
"phytoplankton_mejia_2017.xlsx",7,7.66,0,23.03,"included"
"phytoplankton_mejia_2017.xlsx",8,8.86,0,23.03,"included"
"phytoplankton_mejia_2017.xlsx",9,10.85,0,23.03,"included"
"phytoplankton_mejia_2017.xlsx",10,12.89,0,23.03,"included"
"phytoplankton_pagani_1999a.xlsx",4,9.0896487804878,0,23.03,"included"
"phytoplankton_pagani_1999a.xlsx",5,9.39191956521739,0,23.03,"included"
"phytoplankton_pagani_1999a.xlsx",6,9.48289416666667,0,23.03,"included"
"phytoplankton_pagani_1999a.xlsx",7,9.65701666666667,0,23.03,"included"
"phytoplankton_pagani_1999a.xlsx",8,9.68432142857143,0,23.03,"included"
"phytoplankton_pagani_1999a.xlsx",9,9.70494523809524,0,23.03,"included"
"phytoplankton_pagani_1999a.xlsx",10,9.74324666666667,0,23.03,"included"
"phytoplankton_pagani_1999a.xlsx",11,9.84342377622378,0,23.03,"included"
"phytoplankton_pagani_1999a.xlsx",12,9.93167552447552,0,23.03,"included"
"phytoplankton_pagani_1999a.xlsx",13,10.0240456876457,0,23.03,"included"
"phytoplankton_pagani_1999a.xlsx",14,10.108179020979,0,23.03,"included"
"phytoplankton_pagani_1999a.xlsx",15,10.193489044289,0,23.03,"included"
"phytoplankton_pagani_1999a.xlsx",16,10.2340848484848,0,23.03,"included"
"phytoplankton_pagani_1999a.xlsx",17,10.3223365967366,0,23.03,"included"
"phytoplankton_pagani_1999a.xlsx",18,10.4094116550117,0,23.03,"included"
"phytoplankton_pagani_1999a.xlsx",19,10.4994284382284,0,23.03,"included"
"phytoplankton_pagani_1999a.xlsx",20,10.7618303030303,0,23.03,"included"
"phytoplankton_pagani_1999a.xlsx",21,10.8880303030303,0,23.03,"included"
"phytoplankton_pagani_1999a.xlsx",22,11.058553125,0,23.03,"included"
"phytoplankton_pagani_1999a.xlsx",23,11.204971875,0,23.03,"included"
"phytoplankton_pagani_1999a.xlsx",24,11.333409375,0,23.03,"included"
"phytoplankton_pagani_1999a.xlsx",25,11.462703125,0,23.03,"included"
"phytoplankton_pagani_1999a.xlsx",26,11.522640625,0,23.03,"included"
"phytoplankton_pagani_1999a.xlsx",27,11.651078125,0,23.03,"included"
"phytoplankton_pagani_1999a.xlsx",28,11.985208,0,23.03,"included"
"phytoplankton_pagani_1999a.xlsx",29,12.0650933333333,0,23.03,"included"
"phytoplankton_pagani_1999a.xlsx",30,12.12922,0,23.03,"included"
"phytoplankton_pagani_1999a.xlsx",31,12.20358,0,23.03,"included"
"phytoplankton_pagani_1999a.xlsx",32,12.2405,0,23.03,"included"
"phytoplankton_pagani_1999a.xlsx",33,12.3185,0,23.03,"included"
"phytoplankton_pagani_1999a.xlsx",34,12.3393,0,23.03,"included"
"phytoplankton_pagani_1999a.xlsx",35,12.39806,0,23.03,"included"
"phytoplankton_pagani_1999a.xlsx",36,12.4704864864865,0,23.03,"included"
"phytoplankton_pagani_1999a.xlsx",37,12.5214054054054,0,23.03,"included"
"phytoplankton_pagani_1999a.xlsx",38,12.7153513513513,0,23.03,"included"
"phytoplankton_pagani_1999a.xlsx",39,12.7484324324324,0,23.03,"included"
"phytoplankton_pagani_1999a.xlsx",40,12.8450810810811,0,23.03,"included"
"phytoplankton_pagani_1999a.xlsx",41,12.8898378378378,0,23.03,"included"
"phytoplankton_pagani_1999a.xlsx",42,12.9417297297297,0,23.03,"included"
"phytoplankton_pagani_1999a.xlsx",43,13.04582,0,23.03,"included"
"phytoplankton_pagani_1999a.xlsx",44,13.15922,0,23.03,"included"
"phytoplankton_pagani_1999a.xlsx",45,13.197516,0,23.03,"included"
"phytoplankton_pagani_1999a.xlsx",46,13.229756,0,23.03,"included"
"phytoplankton_pagani_1999a.xlsx",47,13.244636,0,23.03,"included"
"phytoplankton_pagani_1999a.xlsx",48,13.267452,0,23.03,"included"
"phytoplankton_pagani_1999a.xlsx",49,13.304652,0,23.03,"included"
"phytoplankton_pagani_1999a.xlsx",50,13.321516,0,23.03,"included"
"phytoplankton_pagani_1999a.xlsx",51,13.358468,0,23.03,"included"
"phytoplankton_pagani_1999a.xlsx",52,13.395916,0,23.03,"included"
"phytoplankton_pagani_1999a.xlsx",53,13.427908,0,23.03,"included"
"phytoplankton_pagani_1999a.xlsx",54,13.4759658707188,0,23.03,"included"
"phytoplankton_pagani_1999a.xlsx",55,13.6363119874578,0,23.03,"included"
"phytoplankton_pagani_1999a.xlsx",56,13.8152789435601,0,23.03,"included"
"phytoplankton_pagani_1999a.xlsx",57,13.9166590689822,0,23.03,"included"
"phytoplankton_pagani_1999a.xlsx",58,14.140109141341,0,23.03,"included"
"phytoplankton_pagani_1999a.xlsx",59,14.3004552580801,0,23.03,"included"
"phytoplankton_pagani_1999a.xlsx",60,14.4556289194404,0,23.03,"included"
"phytoplankton_pagani_1999a.xlsx",61,14.5218363482875,0,23.03,"included"
"phytoplankton_pagani_1999a.xlsx",62,14.6790789917993,0,23.03,"included"
"phytoplankton_pagani_1999a.xlsx",63,14.8590804389773,0,23.03,"included"
"phytoplankton_pagani_1999a.xlsx",64,14.8921841534009,0,23.03,"included"
"phytoplankton_pagani_1999a.xlsx",65,15.0183920646406,0,23.03,"included"
"phytoplankton_pagani_1999a.xlsx",66,15.1787381813796,0,23.03,"included"
"phytoplankton_pagani_1999a.xlsx",67,15.2552905209841,0,23.03,"included"
"phytoplankton_pagani_1999a.xlsx",68,15.3359808248915,0,23.03,"included"
"phytoplankton_pagani_1999a.xlsx",69,15.4792578388808,0,23.03,"included"
"phytoplankton_pagani_1999a.xlsx",70,15.5459825132658,0,23.03,"included"
"phytoplankton_pagani_1999a.xlsx",71,15.6059829956585,0,23.03,"included"
"phytoplankton_pagani_1999a.xlsx",72,16.4750075503356,0,23.03,"included"
"phytoplankton_pagani_1999a.xlsx",73,16.7320025167785,0,23.03,"included"
"phytoplankton_pagani_1999a.xlsx",74,16.9543464765101,0,23.03,"included"
"phytoplankton_pagani_1999a.xlsx",75,17.173802852349,0,23.03,"included"
"phytoplankton_pagani_1999a.xlsx",76,17.3990343959732,0,23.03,"included"
"phytoplankton_pagani_1999a.xlsx",77,17.6213783557047,0,23.03,"included"
"phytoplankton_pagani_1999a.xlsx",78,18.0371904362416,0,23.03,"included"
"phytoplankton_pagani_1999a.xlsx",79,18.2277709731544,0,23.03,"included"
"phytoplankton_pagani_1999a.xlsx",80,18.637807885906,0,23.03,"included"
"phytoplankton_pagani_1999a.xlsx",81,18.8139505033557,0,23.03,"included"
"phytoplankton_pagani_1999a.xlsx",82,19.0565075503356,0,23.03,"included"
"phytoplankton_pagani_1999a.xlsx",83,19.5185209731544,0,23.03,"included"
"phytoplankton_pagani_1999a.xlsx",84,19.7293145973154,0,23.03,"included"
"phytoplankton_pagani_1999a.xlsx",85,19.9863095637584,0,23.03,"included"
"phytoplankton_pagani_1999a.xlsx",86,20.3963464765101,0,23.03,"included"
"phytoplankton_pagani_1999a.xlsx",87,20.6215780201342,0,23.03,"included"
"phytoplankton_pagani_1999a.xlsx",88,20.812158557047,0,23.03,"included"
"phytoplankton_pagani_1999a.xlsx",89,21.0489404362416,0,23.03,"included"
"phytoplankton_pagani_1999a.xlsx",90,21.4127760067114,0,23.03,"included"
"phytoplankton_pagani_1999a.xlsx",91,21.6048003355705,0,23.03,"included"
"phytoplankton_pagani_1999a.xlsx",92,21.8488011744967,0,23.03,"included"
"phytoplankton_pagani_1999a.xlsx",93,22.0292751677853,0,23.03,"included"
"phytoplankton_pagani_1999a.xlsx",94,18.9742708270902,0,23.03,"included"
"phytoplankton_pagani_1999a.xlsx",95,19.031545025472,0,23.03,"included"
"phytoplankton_pagani_1999a.xlsx",96,19.0991603985616,0,23.03,"included"
"phytoplankton_pagani_1999a.xlsx",97,19.1492753221456,0,23.03,"included"
"phytoplankton_pagani_1999a.xlsx",98,19.193821920887,0,23.03,"included"
"phytoplankton_pagani_1999a.xlsx",99,19.2152997452802,0,23.03,"included"
"phytoplankton_pagani_1999a.xlsx",100,19.2662101438418,0,23.03,"included"
"phytoplankton_pagani_1999a.xlsx",101,19.3401893167516,0,23.03,"included"
"phytoplankton_pagani_1999a.xlsx",102,19.3815540155829,0,23.03,"included"
"phytoplankton_pagani_1999a.xlsx",103,19.4074069523524,0,23.03,"included"
"phytoplankton_pagani_1999a.xlsx",104,19.5016707371891,0,23.03,"included"
"phytoplankton_pagani_1999a.xlsx",105,19.5509901857956,0,23.03,"included"
"phytoplankton_pagani_1999a.xlsx",106,19.6170146089302,0,23.03,"included"
"phytoplankton_pagani_1999a.xlsx",107,19.6699136949356,0,23.03,"included"
"phytoplankton_pagani_1999a.xlsx",108,19.7212218309859,0,23.03,"included"
"phytoplankton_pagani_1999a.xlsx",109,19.7641774797723,0,23.03,"included"
"phytoplankton_pagani_1999a.xlsx",110,19.8238381030866,0,23.03,"included"
"phytoplankton_pagani_1999a.xlsx",111,19.8580435271202,0,23.03,"included"
"phytoplankton_pagani_1999a.xlsx",112,19.9129313005694,0,23.03,"included"
"phytoplankton_pagani_1999a.xlsx",113,19.9733873988613,0,23.03,"included"
"phytoplankton_pagani_1999a.xlsx",114,20.0513439466587,0,23.03,"included"
"phytoplankton_pagani_1999a.xlsx",115,20.1006633952652,0,23.03,"included"
"phytoplankton_pagani_1999a.xlsx",116,20.1658923434222,0,23.03,"included"
"phytoplankton_pagani_1999a.xlsx",117,20.1877679053042,0,23.03,"included"
"phytoplankton_pagani_1999a.xlsx",118,20.2653267156128,0,23.03,"included"
"phytoplankton_pagani_1999a.xlsx",119,20.3393058885226,0,23.03,"included"
"phytoplankton_pagani_1999a.xlsx",120,20.382261537309,0,23.03,"included"
"phytoplankton_pagani_1999a.xlsx",121,20.4554452352412,0,23.03,"included"
"phytoplankton_pagani_1999a.xlsx",122,20.496014459095,0,23.03,"included"
"phytoplankton_pagani_1999a.xlsx",123,20.5334017830387,0,23.03,"included"
"phytoplankton_pagani_1999a.xlsx",124,20.5739710068924,0,23.03,"included"
"phytoplankton_pagani_1999a.xlsx",125,20.6169266556788,0,23.03,"included"
"phytoplankton_pagani_1999a.xlsx",126,20.6662461042853,0,23.03,"included"
"phytoplankton_pagani_1999a.xlsx",127,20.7354524273299,0,23.03,"included"
"phytoplankton_pagani_1999a.xlsx",128,20.8531827240036,0,23.03,"included"
"phytoplankton_pagani_1999a.xlsx",129,20.9772768204975,0,23.03,"included"
"phytoplankton_pagani_1999a.xlsx",130,21.0273917440815,0,23.03,"included"
"phytoplankton_pagani_1999a.xlsx",131,21.1435310908001,0,23.03,"included"
"phytoplankton_pagani_1999a.xlsx",132,21.2628523374288,0,23.03,"included"
"phytoplankton_pagani_1999a.xlsx",133,21.3694459844171,0,23.03,"included"
"phytoplankton_pagani_1999a.xlsx",134,21.4513799071022,0,23.03,"included"
"phytoplankton_pagani_1999a.xlsx",135,21.8220712466287,0,23.03,"included"
"phytoplankton_pagani_1999a.xlsx",136,21.9048006442913,0,23.03,"included"
"phytoplankton_pagani_1999a.xlsx",137,22.0965101138747,0,23.03,"included"
"phytoplankton_pagani_1999a.xlsx",138,22.1760576116272,0,23.03,"included"
"phytoplankton_pagani_1999a.xlsx",139,22.2850376835481,0,23.03,"included"
"phytoplankton_pagani_1999a.xlsx",140,22.4051544051543,0,23.03,"included"
"phytoplankton_pagani_1999a.xlsx",141,22.6278873988613,0,23.03,"included"
"phytoplankton_pagani_1999a.xlsx",142,22.7114122715013,0,23.03,"included"
"phytoplankton_pagani_1999a.xlsx",143,22.7965280940965,0,23.03,"included"
"phytoplankton_pagani_1999a.xlsx",144,22.8657344171411,0,23.03,"included"
"phytoplankton_pagani_1999a.xlsx",145,22.9492592897812,0,23.03,"included"
"phytoplankton_pagani_1999a.xlsx",146,23.0208520377585,0,23.03,"included"
"phytoplankton_pagani_1999a.xlsx",147,23.0684245810056,0,23.03,"outside age range"
"phytoplankton_pagani_1999a.xlsx",148,23.1113072625698,0,23.03,"outside age range"
"phytoplankton_pagani_1999a.xlsx",149,23.1822122905028,0,23.03,"outside age range"
"phytoplankton_pagani_1999a.xlsx",150,23.2225474860335,0,23.03,"outside age range"
"phytoplankton_pagani_1999a.xlsx",151,23.2645810055866,0,23.03,"outside age range"
"phytoplankton_pagani_1999a.xlsx",152,23.3066145251397,0,23.03,"outside age range"
"phytoplankton_pagani_1999a.xlsx",153,23.3494972067039,0,23.03,"outside age range"
"phytoplankton_pagani_1999a.xlsx",154,23.391530726257,0,23.03,"outside age range"
"phytoplankton_pagani_1999a.xlsx",155,23.4390837988827,0,23.03,"outside age range"
"phytoplankton_pagani_1999a.xlsx",156,23.4713519553073,0,23.03,"outside age range"
"phytoplankton_pagani_1999a.xlsx",157,23.5838659217877,0,23.03,"outside age range"
"phytoplankton_pagani_1999a.xlsx",158,23.6263240223464,0,23.03,"outside age range"
"phytoplankton_pagani_1999a.xlsx",159,23.6726033519553,0,23.03,"outside age range"
"phytoplankton_pagani_1999a.xlsx",160,23.7125139664804,0,23.03,"outside age range"
"phytoplankton_pagani_1999a.xlsx",161,23.7534860335196,0,23.03,"outside age range"
"phytoplankton_pagani_1999a.xlsx",162,8.6998345323741,0,23.03,"included"
"phytoplankton_pagani_1999a.xlsx",163,8.75035971223021,0,23.03,"included"
"phytoplankton_pagani_1999a.xlsx",164,8.87410071942446,0,23.03,"included"
"phytoplankton_pagani_1999a.xlsx",165,8.93005595523581,0,23.03,"included"
"phytoplankton_pagani_1999a.xlsx",166,8.97833733013589,0,23.03,"included"
"phytoplankton_pagani_1999a.xlsx",167,9.01031175059952,0,23.03,"included"
"phytoplankton_pagani_1999a.xlsx",168,9.05987210231814,0,23.03,"included"
"phytoplankton_pagani_1999a.xlsx",169,9.46094339622642,0,23.03,"included"
"phytoplankton_pagani_1999a.xlsx",170,9.53989840348331,0,23.03,"included"
"phytoplankton_pagani_1999a.xlsx",171,9.5877648766328,0,23.03,"included"
"phytoplankton_pagani_1999a.xlsx",172,9.61638606676343,0,23.03,"included"
"phytoplankton_pagani_1999a.xlsx",173,9.69040638606676,0,23.03,"included"
"phytoplankton_pagani_1999a.xlsx",174,9.75988253126184,0,23.03,"included"
"phytoplankton_pagani_1999a.xlsx",175,9.82013262599469,0,23.03,"included"
"phytoplankton_pagani_1999a.xlsx",176,9.85106100795756,0,23.03,"included"
"phytoplankton_pagani_1999a.xlsx",177,9.91171276998863,0,23.03,"included"
"phytoplankton_pagani_1999a.xlsx",178,9.97356953391436,0,23.03,"included"
"phytoplankton_pagani_1999a.xlsx",179,10.0330162940508,0,23.03,"included"
"phytoplankton_pagani_1999a.xlsx",180,10.0924630541872,0,23.03,"included"
"phytoplankton_pagani_1999a.xlsx",181,10.15271314892,0,23.03,"included"
"phytoplankton_pagani_1999a.xlsx",182,10.2029215611974,0,23.03,"included"
"phytoplankton_pagani_1999a.xlsx",183,10.2463016294051,0,23.03,"included"
"phytoplankton_pagani_1999a.xlsx",184,10.3073550587344,0,23.03,"included"
"phytoplankton_pagani_1999a.xlsx",185,10.3668018188708,0,23.03,"included"
"phytoplankton_pagani_1999a.xlsx",186,10.4234369079197,0,23.03,"included"
"phytoplankton_pagani_1999a.xlsx",187,10.4836870026525,0,23.03,"included"
"phytoplankton_pagani_1999a.xlsx",188,10.5479537703676,0,23.03,"included"
"phytoplankton_pagani_1999a.xlsx",189,10.6234672224327,0,23.03,"included"
"phytoplankton_pagani_1999a.xlsx",190,10.6817089806745,0,23.03,"included"
"phytoplankton_pagani_1999a.xlsx",191,10.7419590754074,0,23.03,"included"
"phytoplankton_pagani_1999a.xlsx",192,10.805990990991,0,23.03,"included"
"phytoplankton_pagani_1999a.xlsx",193,10.899954954955,0,23.03,"included"
"phytoplankton_pagani_1999a.xlsx",194,11.1254054054054,0,23.03,"included"
"phytoplankton_pagani_1999a.xlsx",195,11.2171621621622,0,23.03,"included"
"phytoplankton_pagani_1999a.xlsx",196,11.3168018018018,0,23.03,"included"
"phytoplankton_pagani_1999a.xlsx",197,11.4107657657658,0,23.03,"included"
"phytoplankton_pagani_1999a.xlsx",198,11.5052215189873,0,23.03,"included"
"phytoplankton_pagani_1999a.xlsx",199,11.6533227848101,0,23.03,"included"
"phytoplankton_pagani_1999a.xlsx",200,11.8063394454383,0,23.03,"included"
"phytoplankton_pagani_1999a.xlsx",201,11.8237276386404,0,23.03,"included"
"phytoplankton_pagani_1999a.xlsx",202,11.8425648479428,0,23.03,"included"
"phytoplankton_pagani_1999a.xlsx",203,11.8603152951699,0,23.03,"included"
"phytoplankton_pagani_1999a.xlsx",204,11.8784279964222,0,23.03,"included"
"phytoplankton_pagani_1999a.xlsx",205,11.8973859570662,0,23.03,"included"
"phytoplankton_pagani_1999a.xlsx",206,11.9218984794275,0,23.03,"included"
"phytoplankton_pagani_1999a.xlsx",207,11.9549646602827,0,23.03,"included"
"phytoplankton_pagani_1999a.xlsx",208,12.0290503875969,0,23.03,"included"
"phytoplankton_pagani_1999a.xlsx",209,12.0992875057,0,23.03,"included"
"phytoplankton_pagani_1999a.xlsx",210,12.1743353853169,0,23.03,"included"
"phytoplankton_pagani_1999a.xlsx",211,12.2450535795714,0,23.03,"included"
"phytoplankton_pagani_1999a.xlsx",212,12.3465606475148,0,23.03,"included"
"phytoplankton_pagani_1999a.xlsx",213,12.4201652986776,0,23.03,"included"
"phytoplankton_pagani_1999a.xlsx",214,12.4947321021432,0,23.03,"included"
"phytoplankton_pagani_1999a.xlsx",215,12.5611206110351,0,23.03,"included"
"phytoplankton_pagani_1999a.xlsx",216,12.6332820337437,0,23.03,"included"
"phytoplankton_pagani_1999a.xlsx",217,12.8074316005472,0,23.03,"included"
"phytoplankton_pagani_1999a.xlsx",218,12.8882523939808,0,23.03,"included"
"phytoplankton_pagani_1999a.xlsx",219,12.9527165982672,0,23.03,"included"
"phytoplankton_pagani_1999a.xlsx",220,13.0595070422535,0,23.03,"included"
"phytoplankton_pagani_1999a.xlsx",221,13.2118309859155,0,23.03,"included"
"phytoplankton_pagani_1999a.xlsx",222,13.2571184995737,0,23.03,"included"
"phytoplankton_pagani_1999a.xlsx",223,13.3253196930946,0,23.03,"included"
"phytoplankton_pagani_1999a.xlsx",224,13.3761295822677,0,23.03,"included"
"phytoplankton_pagani_1999a.xlsx",225,13.4286445012788,0,23.03,"included"
"phytoplankton_pagani_1999a.xlsx",226,13.4787723785166,0,23.03,"included"
"phytoplankton_pagani_1999a.xlsx",227,13.5282182438193,0,23.03,"included"
"phytoplankton_pagani_1999a.xlsx",228,13.7027071369975,0,23.03,"included"
"phytoplankton_pagani_1999a.xlsx",229,13.7223954060706,0,23.03,"included"
"phytoplankton_pagani_1999a.xlsx",230,13.7853978671042,0,23.03,"included"
"phytoplankton_pagani_1999a.xlsx",231,13.7985233798195,0,23.03,"included"
"phytoplankton_pagani_1999a.xlsx",232,13.8812141099262,0,23.03,"included"
"phytoplankton_pagani_1999a.xlsx",233,14.3655455291222,0,23.03,"included"
"phytoplankton_pagani_1999a.xlsx",234,14.4127973748975,0,23.03,"included"
"phytoplankton_pagani_1999a.xlsx",235,14.4626743232158,0,23.03,"included"
"phytoplankton_pagani_1999a.xlsx",236,14.5105824446267,0,23.03,"included"
"phytoplankton_pagani_1999a.xlsx",237,14.5630844954881,0,23.03,"included"
"phytoplankton_pagani_1999a.xlsx",238,14.6077112387203,0,23.03,"included"
"phytoplankton_pagani_1999a.xlsx",239,14.6589007383101,0,23.03,"included"
"phytoplankton_pagani_1999a.xlsx",240,14.7094339622642,0,23.03,"included"
"phytoplankton_pagani_1999a.xlsx",241,14.7566858080394,0,23.03,"included"
"phytoplankton_pagani_1999a.xlsx",242,14.8040465351543,0,23.03,"included"
"phytoplankton_pagani_1999a.xlsx",243,14.861507334345,0,23.03,"included"
"phytoplankton_pagani_1999a.xlsx",244,15.0460293373799,0,23.03,"included"
"phytoplankton_pagani_1999a.xlsx",245,15.1281740010116,0,23.03,"included"
"phytoplankton_pagani_1999a.xlsx",246,15.2091047040971,0,23.03,"included"
"phytoplankton_pagani_1999a.xlsx",247,15.2900354071826,0,23.03,"included"
"phytoplankton_pagani_1999a.xlsx",248,15.3709661102681,0,23.03,"included"
"phytoplankton_pagani_1999a.xlsx",249,15.4899342438037,0,23.03,"included"
"phytoplankton_pagani_1999a.xlsx",250,15.5708649468892,0,23.03,"included"
"phytoplankton_pagani_1999a.xlsx",251,15.6579781181619,0,23.03,"included"
"phytoplankton_pagani_1999a.xlsx",252,15.6797199124726,0,23.03,"included"
"phytoplankton_pagani_1999a.xlsx",253,15.8618074398249,0,23.03,"included"
"phytoplankton_pagani_1999a.xlsx",254,16.0026987951807,0,23.03,"included"
"phytoplankton_pagani_1999a.xlsx",255,16.115871187801,0,23.03,"included"
"phytoplankton_pagani_1999a.xlsx",256,16.1457736757624,0,23.03,"included"
"phytoplankton_pagani_1999a.xlsx",257,16.2552471910112,0,23.03,"included"
"phytoplankton_pagani_1999a.xlsx",258,16.3414069020867,0,23.03,"included"
"phytoplankton_pagani_1999a.xlsx",259,16.4498667736758,0,23.03,"included"
"phytoplankton_pagani_1999a.xlsx",260,16.7174686998395,0,23.03,"included"
"phytoplankton_pagani_1999a.xlsx",261,16.8178194221509,0,23.03,"included"
"phytoplankton_pagani_1999a.xlsx",262,16.9212110754414,0,23.03,"included"
"phytoplankton_pagani_1999a.xlsx",263,17.0215617977528,0,23.03,"included"
"phytoplankton_pagani_1999a.xlsx",264,17.1229261637239,0,23.03,"included"
"phytoplankton_pagani_1999a.xlsx",265,17.2334133226324,0,23.03,"included"
"phytoplankton_pagani_1999a.xlsx",266,17.4267628635347,0,23.03,"included"
"phytoplankton_pagani_1999a.xlsx",267,17.4408031319911,0,23.03,"included"
"phytoplankton_pagani_1999a.xlsx",268,17.5601454138703,0,23.03,"included"
"phytoplankton_pagani_1999a.xlsx",269,17.7567091722595,0,23.03,"included"
"phytoplankton_pagani_1999a.xlsx",270,17.8644016736402,0,23.03,"included"
"phytoplankton_pagani_1999a.xlsx",271,17.9630167364017,0,23.03,"included"
"phytoplankton_pagani_1999a.xlsx",272,18.1079205020921,0,23.03,"included"
"phytoplankton_pagani_1999a.xlsx",273,18.2782058823529,0,23.03,"included"
"phytoplankton_pagani_1999a.xlsx",274,18.2972058823529,0,23.03,"included"
"phytoplankton_pagani_1999a.xlsx",275,18.3797994858612,0,23.03,"included"
"phytoplankton_pagani_1999a.xlsx",276,18.4759434447301,0,23.03,"included"
"phytoplankton_pagani_1999a.xlsx",277,18.6211208226221,0,23.03,"included"
"phytoplankton_pagani_1999a.xlsx",278,18.7259177377892,0,23.03,"included"
"phytoplankton_pagani_1999a.xlsx",279,18.8230231362468,0,23.03,"included"
"phytoplankton_pagani_1999a.xlsx",280,18.9133984575835,0,23.03,"included"
"phytoplankton_pagani_1999a.xlsx",281,19.0133881748072,0,23.03,"included"
"phytoplankton_pagani_1999a.xlsx",282,19.1043294117647,0,23.03,"included"
"phytoplankton_pagani_1999a.xlsx",283,19.5009808219178,0,23.03,"included"
"phytoplankton_pagani_1999a.xlsx",284,19.5928054794521,0,23.03,"included"
"phytoplankton_pagani_1999a.xlsx",285,19.6735771689498,0,23.03,"included"
"phytoplankton_pagani_1999a.xlsx",286,19.7560493150685,0,23.03,"included"
"phytoplankton_pagani_1999a.xlsx",287,19.8444730593607,0,23.03,"included"
"phytoplankton_pagani_1999a.xlsx",288,19.9269452054795,0,23.03,"included"
"phytoplankton_pagani_1999a.xlsx",289,19.9596789954338,0,23.03,"included"
"phytoplankton_pagani_1999a.xlsx",290,20.0111178082192,0,23.03,"included"
"phytoplankton_pagani_1999a.xlsx",291,20.0935899543379,0,23.03,"included"
"phytoplankton_pagani_1999a.xlsx",292,20.1496704505144,0,23.03,"included"
"phytoplankton_pagani_1999a.xlsx",293,20.2185863781483,0,23.03,"included"
"phytoplankton_pagani_1999a.xlsx",294,20.2463174884711,0,23.03,"included"
"phytoplankton_pagani_1999a.xlsx",295,20.2734994678964,0,23.03,"included"
"phytoplankton_pagani_1999a.xlsx",296,20.300406881873,0,23.03,"included"
"phytoplankton_pagani_1999a.xlsx",297,20.3293735367151,0,23.03,"included"
"phytoplankton_pagani_1999a.xlsx",298,20.3561436679674,0,23.03,"included"
"phytoplankton_pagani_1999a.xlsx",299,20.383051081944,0,23.03,"included"
"phytoplankton_pagani_1999a.xlsx",300,20.4110567577155,0,23.03,"included"
"phytoplankton_pagani_1999a.xlsx",301,20.4379641716921,0,23.03,"included"
"phytoplankton_pagani_1999a.xlsx",302,20.4547126640653,0,23.03,"included"
"phytoplankton_pagani_1999a.xlsx",303,20.4832674707343,0,23.03,"included"
"phytoplankton_pagani_1999a.xlsx",304,20.5074292302235,0,23.03,"included"
"phytoplankton_pagani_1999a.xlsx",305,20.8989523809524,0,23.03,"included"
"phytoplankton_pagani_1999a.xlsx",306,20.9095343915344,0,23.03,"included"
"phytoplankton_pagani_1999a.xlsx",307,21.241544973545,0,23.03,"included"
"phytoplankton_pagani_1999a.xlsx",308,21.4981587301587,0,23.03,"included"
"phytoplankton_pagani_1999a.xlsx",309,21.9183138373752,0,23.03,"included"
"phytoplankton_pagani_1999a.xlsx",310,21.9768017118402,0,23.03,"included"
"phytoplankton_pagani_1999a.xlsx",311,22.0329500713267,0,23.03,"included"
"phytoplankton_pagani_1999a.xlsx",312,22.0937774607703,0,23.03,"included"
"phytoplankton_pagani_1999a.xlsx",313,22.1525577746077,0,23.03,"included"
"phytoplankton_pagani_1999a.xlsx",314,22.2054893009986,0,23.03,"included"
"phytoplankton_pagani_1999a.xlsx",315,22.2721654778887,0,23.03,"included"
"phytoplankton_pagani_1999a.xlsx",316,22.3318231098431,0,23.03,"included"
"phytoplankton_pagani_1999a.xlsx",317,22.5572938659058,0,23.03,"included"
"phytoplankton_pagani_1999a.xlsx",318,22.5613880171184,0,23.03,"included"
"phytoplankton_pagani_1999a.xlsx",319,23.0239361022364,0,23.03,"included"
"phytoplankton_pagani_1999a.xlsx",320,23.4598722044728,0,23.03,"outside age range"
"phytoplankton_pagani_1999a.xlsx",321,23.8538913738019,0,23.03,"outside age range"
"phytoplankton_pagani_1999a.xlsx",322,24.3182403343783,0,23.03,"outside age range"
"phytoplankton_pagani_1999a.xlsx",323,24.4007447753396,0,23.03,"outside age range"
"phytoplankton_pagani_1999a.xlsx",324,24.4807985893417,0,23.03,"outside age range"
"phytoplankton_pagani_1999a.xlsx",325,24.5673874085684,0,23.03,"outside age range"
"phytoplankton_pagani_1999a.xlsx",326,24.6490749738767,0,23.03,"outside age range"
"phytoplankton_pagani_1999a.xlsx",327,24.7185094043887,0,23.03,"outside age range"
"phytoplankton_pagani_1999a.xlsx",328,24.809999477534,0,23.03,"outside age range"
"phytoplankton_pagani_1999a.xlsx",329,24.8916870428422,0,23.03,"outside age range"
"phytoplankton_pagani_1999a.xlsx",330,24.9758252351097,0,23.03,"outside age range"
"phytoplankton_pagani_1999a.xlsx",331,27.0400700104493,0,23.03,"outside age range"
"phytoplankton_pagani_1999a.xlsx",332,,0,23.03,"missing or invalid age"
"phytoplankton_pagani_1999a.xlsx",333,11.8054107883817,0,23.03,"included"
"phytoplankton_pagani_1999a.xlsx",334,11.819020746888,0,23.03,"included"
"phytoplankton_pagani_1999a.xlsx",335,11.8303070539419,0,23.03,"included"
"phytoplankton_pagani_1999a.xlsx",336,11.8412614107884,0,23.03,"included"
"phytoplankton_pagani_1999a.xlsx",337,11.8521493775934,0,23.03,"included"
"phytoplankton_pagani_1999a.xlsx",338,11.8720663900415,0,23.03,"included"
"phytoplankton_pagani_1999a.xlsx",339,11.8939751037344,0,23.03,"included"
"phytoplankton_pagani_1999a.xlsx",340,11.9062572614108,0,23.03,"included"
"phytoplankton_pagani_1999a.xlsx",341,11.9128962655602,0,23.03,"included"
"phytoplankton_pagani_1999a.xlsx",342,11.9334771784232,0,23.03,"included"
"phytoplankton_pagani_1999a.xlsx",343,11.9447634854772,0,23.03,"included"
"phytoplankton_pagani_1999a.xlsx",344,11.9547219917012,0,23.03,"included"
"phytoplankton_pagani_1999a.xlsx",345,11.9812780082988,0,23.03,"included"
"phytoplankton_pagani_1999a.xlsx",346,12,0,23.03,"included"
"phytoplankton_pagani_1999a.xlsx",347,12.0241426611797,0,23.03,"included"
"phytoplankton_pagani_1999a.xlsx",348,12.0984727937814,0,23.03,"included"
"phytoplankton_pagani_1999a.xlsx",349,12.1452949245542,0,23.03,"included"
"phytoplankton_pagani_1999a.xlsx",350,12.1641700960219,0,23.03,"included"
"phytoplankton_pagani_1999a.xlsx",351,12.2411339734797,0,23.03,"included"
"phytoplankton_pagani_1999a.xlsx",352,12.2791769547325,0,23.03,"included"
"phytoplankton_pagani_1999a.xlsx",353,12.3003932327389,0,23.03,"included"
"phytoplankton_pagani_1999a.xlsx",354,12.3276085962506,0,23.03,"included"
"phytoplankton_pagani_1999a.xlsx",355,12.377210791038,0,23.03,"included"
"phytoplankton_pagani_1999a.xlsx",356,12.3952080475537,0,23.03,"included"
"phytoplankton_pagani_1999a.xlsx",357,12.4525651577503,0,23.03,"included"
"phytoplankton_pagani_1999a.xlsx",358,12.4876817558299,0,23.03,"included"
"phytoplankton_pagani_1999a.xlsx",359,12.5154823959762,0,23.03,"included"
"phytoplankton_pagani_1999a.xlsx",360,12.5681572930956,0,23.03,"included"
"phytoplankton_pagani_1999a.xlsx",361,12.589373571102,0,23.03,"included"
"phytoplankton_pagani_1999a.xlsx",362,12.6405852766347,0,23.03,"included"
"phytoplankton_pagani_1999a.xlsx",363,12.8002550760127,0,23.03,"included"
"phytoplankton_pagani_1999a.xlsx",364,12.8997347209468,0,23.03,"included"
"phytoplankton_pagani_1999a.xlsx",365,13.0578818487909,0,23.03,"included"
"phytoplankton_pagani_1999a.xlsx",366,13.0946127946128,0,23.03,"included"
"phytoplankton_pagani_1999a.xlsx",367,13.313468013468,0,23.03,"included"
"phytoplankton_pagani_1999a.xlsx",368,13.3461177430874,0,23.03,"included"
"phytoplankton_pagani_1999a.xlsx",369,13.3614223038465,0,23.03,"included"
"phytoplankton_pagani_1999a.xlsx",370,13.821069278645,0,23.03,"included"
"phytoplankton_pagani_1999a.xlsx",371,13.8404550556066,0,23.03,"included"
"phytoplankton_pagani_1999a.xlsx",372,14.2842873176207,0,23.03,"included"
"phytoplankton_pagani_1999a.xlsx",373,14.8281093765942,0,23.03,"included"
"phytoplankton_pagani_1999a.xlsx",374,14.8434139373533,0,23.03,"included"
"phytoplankton_pagani_1999a.xlsx",375,14.8760636669728,0,23.03,"included"
"phytoplankton_pagani_1999a.xlsx",376,14.945444342414,0,23.03,"included"
"phytoplankton_pagani_1999a.xlsx",377,15.3,0,23.03,"included"
"phytoplankton_pagani_1999a.xlsx",378,15.3116788321168,0,23.03,"included"
"phytoplankton_pagani_1999a.xlsx",379,15.4341605839416,0,23.03,"included"
"phytoplankton_pagani_1999a.xlsx",380,15.4525547445255,0,23.03,"included"
"phytoplankton_pagani_1999a.xlsx",381,15.4621897810219,0,23.03,"included"
"phytoplankton_pagani_1999a.xlsx",382,15.5690510948905,0,23.03,"included"
"phytoplankton_pagani_1999a.xlsx",383,15.585401459854,0,23.03,"included"
"phytoplankton_pagani_1999a.xlsx",384,15.6023357664234,0,23.03,"included"
"phytoplankton_pagani_1999a.xlsx",385,15.6233576642336,0,23.03,"included"
"phytoplankton_pagani_1999a.xlsx",386,15.6401459854015,0,23.03,"included"
"phytoplankton_pagani_1999a.xlsx",387,15.6620437956204,0,23.03,"included"
"phytoplankton_pagani_1999a.xlsx",388,15.7,0,23.03,"included"
"phytoplankton_pagani_1999a.xlsx",389,15.7220183486239,0,23.03,"included"
"phytoplankton_pagani_1999a.xlsx",390,15.7302752293578,0,23.03,"included"
"phytoplankton_pagani_1999a.xlsx",391,16,0,23.03,"included"
"phytoplankton_pagani_1999a.xlsx",392,16.0288990825688,0,23.03,"included"
"phytoplankton_pagani_1999a.xlsx",393,16.0489908256881,0,23.03,"included"
"phytoplankton_pagani_1999a.xlsx",394,16.121376146789,0,23.03,"included"
"phytoplankton_pagani_1999b.xlsx",4,5.37388920570265,0,23.03,"included"
"phytoplankton_pagani_1999b.xlsx",5,5.80528635437882,0,23.03,"included"
"phytoplankton_pagani_1999b.xlsx",6,6.088724,0,23.03,"included"
"phytoplankton_pagani_1999b.xlsx",7,6.3656395480226,0,23.03,"included"
"phytoplankton_pagani_1999b.xlsx",8,6.78079047619048,0,23.03,"included"
"phytoplankton_pagani_1999b.xlsx",9,7.18963067846608,0,23.03,"included"
"phytoplankton_pagani_1999b.xlsx",10,7.33894749262537,0,23.03,"included"
"phytoplankton_pagani_1999b.xlsx",11,7.61773333333333,0,23.03,"included"
"phytoplankton_pagani_1999b.xlsx",12,8.33591502145923,0,23.03,"included"
"phytoplankton_pagani_1999b.xlsx",13,8.65574849785408,0,23.03,"included"
"phytoplankton_pagani_1999b.xlsx",14,9.0695,0,23.03,"included"
"phytoplankton_pagani_1999b.xlsx",15,9.096,0,23.03,"included"
"phytoplankton_pagani_1999b.xlsx",16,9.57456,0,23.03,"included"
"phytoplankton_pagani_1999b.xlsx",17,9.58103333333333,0,23.03,"included"
"phytoplankton_pagani_1999b.xlsx",18,9.60878571428571,0,23.03,"included"
"phytoplankton_pagani_1999b.xlsx",19,9.62974761904762,0,23.03,"included"
"phytoplankton_pagani_1999b.xlsx",20,9.82547779273217,0,23.03,"included"
"phytoplankton_pagani_1999b.xlsx",21,9.94257065948856,0,23.03,"included"
"phytoplankton_pagani_1999b.xlsx",22,10.0651278600269,0,23.03,"included"
"phytoplankton_pagani_1999b.xlsx",23,10.1767563930013,0,23.03,"included"
"phytoplankton_pagani_1999b.xlsx",24,10.2021265141319,0,23.03,"included"
"phytoplankton_pagani_1999b.xlsx",25,10.3438088829071,0,23.03,"included"
"phytoplankton_pagani_1999b.xlsx",26,10.4609017496635,0,23.03,"included"
"phytoplankton_pagani_1999b.xlsx",27,10.5764333781965,0,23.03,"included"
"phytoplankton_pagani_1999b.xlsx",28,10.695868102288,0,23.03,"included"
"phytoplankton_pagani_1999b.xlsx",29,10.9137185128983,0,23.03,"included"
"phytoplankton_pagani_1999b.xlsx",30,10.9296676783005,0,23.03,"included"
"phytoplankton_pagani_1999b.xlsx",31,11.1410471428571,0,23.03,"included"
"phytoplankton_pagani_1999b.xlsx",32,11.2914757142857,0,23.03,"included"
"phytoplankton_pagani_1999b.xlsx",33,11.4168032786885,0,23.03,"included"
"phytoplankton_pagani_1999b.xlsx",34,11.4741803278689,0,23.03,"included"
"phytoplankton_pagani_1999b.xlsx",35,11.597131147541,0,23.03,"included"
"phytoplankton_pagani_1999b.xlsx",36,11.90854,0,23.03,"included"
"phytoplankton_pagani_1999b.xlsx",37,12.0912008695652,0,23.03,"included"
"phytoplankton_pagani_1999b.xlsx",38,12.1715295652174,0,23.03,"included"
"phytoplankton_pagani_1999b.xlsx",39,12.2114130434783,0,23.03,"included"
"phytoplankton_pagani_1999b.xlsx",40,12.3181434782609,0,23.03,"included"
"phytoplankton_pagani_1999b.xlsx",41,12.5046486486486,0,23.03,"included"
"phytoplankton_pagani_1999b.xlsx",42,12.6953621621622,0,23.03,"included"
"phytoplankton_pagani_1999b.xlsx",43,12.7278918918919,0,23.03,"included"
"phytoplankton_pagani_1999b.xlsx",44,12.8229297297297,0,23.03,"included"
"phytoplankton_pagani_1999b.xlsx",45,12.8669405405405,0,23.03,"included"
"phytoplankton_pagani_1999b.xlsx",46,12.9179675675676,0,23.03,"included"
"phytoplankton_pagani_1999b.xlsx",47,13.11717,0,23.03,"included"
"phytoplankton_pagani_1999b.xlsx",48,13.2240545,0,23.03,"included"
"phytoplankton_pagani_1999b.xlsx",49,13.2517145,0,23.03,"included"
"phytoplankton_pagani_1999b.xlsx",50,13.2941265,0,23.03,"included"
"phytoplankton_pagani_1999b.xlsx",51,13.3632765,0,23.03,"included"
"phytoplankton_pagani_1999b.xlsx",52,13.3946245,0,23.03,"included"
"phytoplankton_pagani_1999b.xlsx",53,13.4633135,0,23.03,"included"
"phytoplankton_pagani_1999b.xlsx",54,13.5329245,0,23.03,"included"
"phytoplankton_pagani_1999b.xlsx",55,13.5923935,0,23.03,"included"
"phytoplankton_pagani_1999b.xlsx",56,13.6558080808081,0,23.03,"included"
"phytoplankton_pagani_1999b.xlsx",57,14.0865151515152,0,23.03,"included"
"phytoplankton_pagani_1999b.xlsx",58,14.215202020202,0,23.03,"included"
"phytoplankton_pagani_1999b.xlsx",59,14.4988383838384,0,23.03,"included"
"phytoplankton_pagani_1999b.xlsx",60,14.89975,0,23.03,"included"
"phytoplankton_pagani_1999b.xlsx",61,15.00775,0,23.03,"included"
"phytoplankton_pagani_1999b.xlsx",62,15.09475,0,23.03,"included"
"phytoplankton_pagani_1999b.xlsx",63,15.1151764705882,0,23.03,"included"
"phytoplankton_pagani_1999b.xlsx",64,15.2012941176471,0,23.03,"included"
"phytoplankton_pagani_1999b.xlsx",65,15.3107058823529,0,23.03,"included"
"phytoplankton_pagani_1999b.xlsx",66,15.418,0,23.03,"included"
"phytoplankton_pagani_1999b.xlsx",67,15.5157647058824,0,23.03,"included"
"phytoplankton_pagani_2000.xlsx",4,14.7345454545455,0,23.03,"included"
"phytoplankton_pagani_2000.xlsx",5,14.940900621118,0,23.03,"included"
"phytoplankton_pagani_2000.xlsx",6,15.0402173913043,0,23.03,"included"
"phytoplankton_pagani_2000.xlsx",7,15.6304658385093,0,23.03,"included"
"phytoplankton_pagani_2000.xlsx",8,15.7108074534161,0,23.03,"included"
"phytoplankton_pagani_2000.xlsx",9,15.7915527950311,0,23.03,"included"
"phytoplankton_pagani_2000.xlsx",10,15.8319254658385,0,23.03,"included"
"phytoplankton_pagani_2000.xlsx",11,16.0337888198758,0,23.03,"included"
"phytoplankton_pagani_2000.xlsx",12,16.0660869565217,0,23.03,"included"
"phytoplankton_pagani_2000.xlsx",13,16.13625,0,23.03,"included"
"phytoplankton_pagani_2000.xlsx",14,16.19125,0,23.03,"included"
"phytoplankton_pagani_2000.xlsx",15,16.285,0,23.03,"included"
"phytoplankton_pagani_2000.xlsx",16,16.34875,0,23.03,"included"
"phytoplankton_pagani_2000.xlsx",17,16.406835443038,0,23.03,"included"
"phytoplankton_pagani_2000.xlsx",18,16.6783544303797,0,23.03,"included"
"phytoplankton_pagani_2000.xlsx",19,17.4526086956522,0,23.03,"included"
"phytoplankton_pagani_2000.xlsx",20,17.7460869565217,0,23.03,"included"
"phytoplankton_pagani_2000.xlsx",21,17.9251086956522,0,23.03,"included"
"phytoplankton_pagani_2000.xlsx",22,18.2057142857143,0,23.03,"included"
"phytoplankton_pagani_2000.xlsx",23,18.3427338129496,0,23.03,"included"
"phytoplankton_pagani_2000.xlsx",24,18.3725179856115,0,23.03,"included"
"phytoplankton_pagani_2000.xlsx",25,18.4372661870504,0,23.03,"included"
"phytoplankton_pagani_2000.xlsx",26,18.4897122302158,0,23.03,"included"
"phytoplankton_pagani_2000.xlsx",27,18.6127338129496,0,23.03,"included"
"phytoplankton_pagani_2000.xlsx",28,18.7253956834532,0,23.03,"included"
"phytoplankton_pagani_2000.xlsx",29,18.7953237410072,0,23.03,"included"
"phytoplankton_pagani_2000.xlsx",30,18.874964028777,0,23.03,"included"
"phytoplankton_pagani_2000.xlsx",31,19.0122302158273,0,23.03,"included"
"phytoplankton_pagani_2000.xlsx",32,19.0446043165468,0,23.03,"included"
"phytoplankton_pagani_2000.xlsx",33,19.1834892086331,0,23.03,"included"
"phytoplankton_pagani_2000.xlsx",34,19.2156329113924,0,23.03,"included"
"phytoplankton_pagani_2000.xlsx",35,19.2419620253165,0,23.03,"included"
"phytoplankton_pagani_2000.xlsx",36,19.2680168776371,0,23.03,"included"
"phytoplankton_pagani_2000.xlsx",37,19.2927004219409,0,23.03,"included"
"phytoplankton_pagani_2000.xlsx",38,19.3149156118143,0,23.03,"included"
"phytoplankton_pagani_2000.xlsx",39,19.3486497890295,0,23.03,"included"
"phytoplankton_pagani_2000.xlsx",40,19.3751160337553,0,23.03,"included"
"phytoplankton_pagani_2000.xlsx",41,19.5477637130802,0,23.03,"included"
"phytoplankton_pagani_2000.xlsx",42,19.6026160337553,0,23.03,"included"
"phytoplankton_pagani_2000.xlsx",43,19.6300421940928,0,23.03,"included"
"phytoplankton_pagani_2000.xlsx",44,19.6979219409283,0,23.03,"included"
"phytoplankton_pagani_2000.xlsx",45,19.8031012658228,0,23.03,"included"
"phytoplankton_pagani_2000.xlsx",46,19.9163713080169,0,23.03,"included"
"phytoplankton_pagani_2000.xlsx",47,19.9372151898734,0,23.03,"included"
"phytoplankton_pagani_2000.xlsx",48,20.0386919831224,0,23.03,"included"
"phytoplankton_pagani_2000.xlsx",49,20.0587130801688,0,23.03,"included"
"phytoplankton_pagani_2000.xlsx",50,20.1571729957806,0,23.03,"included"
"phytoplankton_pagani_2000.xlsx",51,20.2675632911392,0,23.03,"included"
"phytoplankton_pagani_2000.xlsx",52,20.3993459915612,0,23.03,"included"
"phytoplankton_pagani_2000.xlsx",53,20.4421308016878,0,23.03,"included"
"phytoplankton_pagani_2000.xlsx",54,20.497805907173,0,23.03,"included"
"phytoplankton_pagani_2000.xlsx",55,20.750625,0,23.03,"included"
"phytoplankton_pagani_2000.xlsx",56,20.84375,0,23.03,"included"
"phytoplankton_pagani_2000.xlsx",57,21.49625,0,23.03,"included"
"phytoplankton_pagani_2000.xlsx",58,22.2373333333333,0,23.03,"included"
"phytoplankton_pagani_2000.xlsx",59,22.8593333333333,0,23.03,"included"
"phytoplankton_pagani_2000.xlsx",60,23.535,0,23.03,"outside age range"
"phytoplankton_pagani_2000.xlsx",61,23.8261375661376,0,23.03,"outside age range"
"phytoplankton_pagani_2000.xlsx",62,23.8289021164021,0,23.03,"outside age range"
"phytoplankton_pagani_2000.xlsx",63,24.3446164021164,0,23.03,"outside age range"
"phytoplankton_pagani_2000.xlsx",64,24.5089814814815,0,23.03,"outside age range"
"phytoplankton_pagani_2000.xlsx",65,24.5765873015873,0,23.03,"outside age range"
"phytoplankton_pagani_2000.xlsx",66,24.6517328042328,0,23.03,"outside age range"
"phytoplankton_pagani_2000.xlsx",67,25.02421875,0,23.03,"outside age range"
"phytoplankton_pagani_2010.xlsx",4,0.47,0,23.03,"included"
"phytoplankton_pagani_2010.xlsx",5,0.66,0,23.03,"included"
"phytoplankton_pagani_2010.xlsx",6,0.73,0,23.03,"included"
"phytoplankton_pagani_2010.xlsx",7,0.79,0,23.03,"included"
"phytoplankton_pagani_2010.xlsx",8,0.84,0,23.03,"included"
"phytoplankton_pagani_2010.xlsx",9,0.89,0,23.03,"included"
"phytoplankton_pagani_2010.xlsx",10,0.96,0,23.03,"included"
"phytoplankton_pagani_2010.xlsx",11,1.03,0,23.03,"included"
"phytoplankton_pagani_2010.xlsx",12,1.08,0,23.03,"included"
"phytoplankton_pagani_2010.xlsx",13,1.15,0,23.03,"included"
"phytoplankton_pagani_2010.xlsx",14,1.21,0,23.03,"included"
"phytoplankton_pagani_2010.xlsx",15,1.23,0,23.03,"included"
"phytoplankton_pagani_2010.xlsx",16,1.25,0,23.03,"included"
"phytoplankton_pagani_2010.xlsx",17,1.26,0,23.03,"included"
"phytoplankton_pagani_2010.xlsx",18,1.28,0,23.03,"included"
"phytoplankton_pagani_2010.xlsx",19,1.3,0,23.03,"included"
"phytoplankton_pagani_2010.xlsx",20,1.29,0,23.03,"included"
"phytoplankton_pagani_2010.xlsx",21,1.31,0,23.03,"included"
"phytoplankton_pagani_2010.xlsx",22,1.47,0,23.03,"included"
"phytoplankton_pagani_2010.xlsx",23,1.75,0,23.03,"included"
"phytoplankton_pagani_2010.xlsx",24,1.81,0,23.03,"included"
"phytoplankton_pagani_2010.xlsx",25,1.86,0,23.03,"included"
"phytoplankton_pagani_2010.xlsx",26,1.91,0,23.03,"included"
"phytoplankton_pagani_2010.xlsx",27,2.02,0,23.03,"included"
"phytoplankton_pagani_2010.xlsx",28,2.15,0,23.03,"included"
"phytoplankton_pagani_2010.xlsx",29,2.25,0,23.03,"included"
"phytoplankton_pagani_2010.xlsx",30,2.33,0,23.03,"included"
"phytoplankton_pagani_2010.xlsx",31,2.38,0,23.03,"included"
"phytoplankton_pagani_2010.xlsx",32,2.44,0,23.03,"included"
"phytoplankton_pagani_2010.xlsx",33,2.49,0,23.03,"included"
"phytoplankton_pagani_2010.xlsx",34,2.52,0,23.03,"included"
"phytoplankton_pagani_2010.xlsx",35,2.53,0,23.03,"included"
"phytoplankton_pagani_2010.xlsx",36,2.61,0,23.03,"included"
"phytoplankton_pagani_2010.xlsx",37,2.7,0,23.03,"included"
"phytoplankton_pagani_2010.xlsx",38,2.81,0,23.03,"included"
"phytoplankton_pagani_2010.xlsx",39,2.9,0,23.03,"included"
"phytoplankton_pagani_2010.xlsx",40,3,0,23.03,"included"
"phytoplankton_pagani_2010.xlsx",41,3.07,0,23.03,"included"
"phytoplankton_pagani_2010.xlsx",42,3.17,0,23.03,"included"
"phytoplankton_pagani_2010.xlsx",43,3.25,0,23.03,"included"
"phytoplankton_pagani_2010.xlsx",44,3.46,0,23.03,"included"
"phytoplankton_pagani_2010.xlsx",45,3.54,0,23.03,"included"
"phytoplankton_pagani_2010.xlsx",46,3.75,0,23.03,"included"
"phytoplankton_pagani_2010.xlsx",47,3.95,0,23.03,"included"
"phytoplankton_pagani_2010.xlsx",48,4.11,0,23.03,"included"
"phytoplankton_pagani_2010.xlsx",49,4.26,0,23.03,"included"
"phytoplankton_pagani_2010.xlsx",50,4.44,0,23.03,"included"
"phytoplankton_pagani_2010.xlsx",51,4.59,0,23.03,"included"
"phytoplankton_pagani_2010.xlsx",52,4.75,0,23.03,"included"
"phytoplankton_pagani_2010.xlsx",53,4.94,0,23.03,"included"
"phytoplankton_pagani_2010.xlsx",54,2.8,0,23.03,"included"
"phytoplankton_pagani_2010.xlsx",55,2.96,0,23.03,"included"
"phytoplankton_pagani_2010.xlsx",56,3.02,0,23.03,"included"
"phytoplankton_pagani_2010.xlsx",57,3.26,0,23.03,"included"
"phytoplankton_pagani_2010.xlsx",58,3.9,0,23.03,"included"
"phytoplankton_pagani_2010.xlsx",59,4.07,0,23.03,"included"
"phytoplankton_pagani_2010.xlsx",60,4.24,0,23.03,"included"
"phytoplankton_pagani_2010.xlsx",61,4.82,0,23.03,"included"
"phytoplankton_pagani_2010.xlsx",62,0.04,0,23.03,"included"
"phytoplankton_pagani_2010.xlsx",63,0.06,0,23.03,"included"
"phytoplankton_pagani_2010.xlsx",64,0.07,0,23.03,"included"
"phytoplankton_pagani_2010.xlsx",65,0.09,0,23.03,"included"
"phytoplankton_pagani_2010.xlsx",66,0.11,0,23.03,"included"
"phytoplankton_pagani_2010.xlsx",67,0.11,0,23.03,"included"
"phytoplankton_pagani_2010.xlsx",68,0.13,0,23.03,"included"
"phytoplankton_pagani_2010.xlsx",69,0.15,0,23.03,"included"
"phytoplankton_pagani_2010.xlsx",70,0.16,0,23.03,"included"
"phytoplankton_pagani_2010.xlsx",71,0.17,0,23.03,"included"
"phytoplankton_pagani_2010.xlsx",72,0.31,0,23.03,"included"
"phytoplankton_pagani_2010.xlsx",73,0.43,0,23.03,"included"
"phytoplankton_pagani_2010.xlsx",74,0.58,0,23.03,"included"
"phytoplankton_pagani_2010.xlsx",75,0.93,0,23.03,"included"
"phytoplankton_pagani_2010.xlsx",76,1.05,0,23.03,"included"
"phytoplankton_pagani_2010.xlsx",77,1.19,0,23.03,"included"
"phytoplankton_pagani_2010.xlsx",78,1.21,0,23.03,"included"
"phytoplankton_pagani_2010.xlsx",79,1.22,0,23.03,"included"
"phytoplankton_pagani_2010.xlsx",80,1.23,0,23.03,"included"
"phytoplankton_pagani_2010.xlsx",81,1.25,0,23.03,"included"
"phytoplankton_pagani_2010.xlsx",82,1.27,0,23.03,"included"
"phytoplankton_pagani_2010.xlsx",83,1.28,0,23.03,"included"
"phytoplankton_pagani_2010.xlsx",84,1.35,0,23.03,"included"
"phytoplankton_pagani_2010.xlsx",85,1.64,0,23.03,"included"
"phytoplankton_pagani_2010.xlsx",86,1.73,0,23.03,"included"
"phytoplankton_pagani_2010.xlsx",87,1.97,0,23.03,"included"
"phytoplankton_pagani_2010.xlsx",88,2.09,0,23.03,"included"
"phytoplankton_pagani_2010.xlsx",89,2.19,0,23.03,"included"
"phytoplankton_pagani_2010.xlsx",90,2.3,0,23.03,"included"
"phytoplankton_pagani_2010.xlsx",91,2.4,0,23.03,"included"
"phytoplankton_pagani_2010.xlsx",92,2.47,0,23.03,"included"
"phytoplankton_pagani_2010.xlsx",93,2.59,0,23.03,"included"
"phytoplankton_pagani_2010.xlsx",94,2.6,0,23.03,"included"
"phytoplankton_pagani_2010.xlsx",95,2.6,0,23.03,"included"
"phytoplankton_pagani_2010.xlsx",96,2.72,0,23.03,"included"
"phytoplankton_pagani_2010.xlsx",97,2.94,0,23.03,"included"
"phytoplankton_pagani_2010.xlsx",98,3.08,0,23.03,"included"
"phytoplankton_pagani_2010.xlsx",99,3.13,0,23.03,"included"
"phytoplankton_pagani_2010.xlsx",100,3.32,0,23.03,"included"
"phytoplankton_pagani_2010.xlsx",101,3.36,0,23.03,"included"
"phytoplankton_pagani_2010.xlsx",102,3.46,0,23.03,"included"
"phytoplankton_pagani_2010.xlsx",103,3.52,0,23.03,"included"
"phytoplankton_pagani_2010.xlsx",104,3.67,0,23.03,"included"
"phytoplankton_pagani_2010.xlsx",105,3.85,0,23.03,"included"
"phytoplankton_pagani_2010.xlsx",106,3.99,0,23.03,"included"
"phytoplankton_pagani_2010.xlsx",107,4.11,0,23.03,"included"
"phytoplankton_pagani_2010.xlsx",108,4.45,0,23.03,"included"
"phytoplankton_pagani_2010.xlsx",109,4.78,0,23.03,"included"
"phytoplankton_pagani_2010.xlsx",110,0.41,0,23.03,"included"
"phytoplankton_pagani_2010.xlsx",111,0.56,0,23.03,"included"
"phytoplankton_pagani_2010.xlsx",112,0.76,0,23.03,"included"
"phytoplankton_pagani_2010.xlsx",113,2.86,0,23.03,"included"
"phytoplankton_pagani_2010.xlsx",114,3.28,0,23.03,"included"
"phytoplankton_pagani_2010.xlsx",115,3.69,0,23.03,"included"
"phytoplankton_pagani_2010.xlsx",116,3.82,0,23.03,"included"
"phytoplankton_pagani_2010.xlsx",117,3.91,0,23.03,"included"
"phytoplankton_pagani_2010.xlsx",118,4.02,0,23.03,"included"
"phytoplankton_pagani_2010.xlsx",119,4.11,0,23.03,"included"
"phytoplankton_pagani_2010.xlsx",120,4.21,0,23.03,"included"
"phytoplankton_pagani_2010.xlsx",121,4.3,0,23.03,"included"
"phytoplankton_pagani_2010.xlsx",122,0.58,0,23.03,"included"
"phytoplankton_pagani_2010.xlsx",123,0.61,0,23.03,"included"
"phytoplankton_pagani_2010.xlsx",124,0.63,0,23.03,"included"
"phytoplankton_pagani_2010.xlsx",125,0.7,0,23.03,"included"
"phytoplankton_pagani_2010.xlsx",126,0.84,0,23.03,"included"
"phytoplankton_pagani_2010.xlsx",127,1.11,0,23.03,"included"
"phytoplankton_pagani_2010.xlsx",128,1.39,0,23.03,"included"
"phytoplankton_pagani_2010.xlsx",129,1.4,0,23.03,"included"
"phytoplankton_pagani_2010.xlsx",130,1.4,0,23.03,"included"
"phytoplankton_pagani_2010.xlsx",131,1.4,0,23.03,"included"
"phytoplankton_pagani_2010.xlsx",132,1.41,0,23.03,"included"
"phytoplankton_pagani_2010.xlsx",133,1.41,0,23.03,"included"
"phytoplankton_pagani_2010.xlsx",134,1.41,0,23.03,"included"
"phytoplankton_pagani_2010.xlsx",135,1.42,0,23.03,"included"
"phytoplankton_pagani_2010.xlsx",136,1.43,0,23.03,"included"
"phytoplankton_pagani_2010.xlsx",137,1.43,0,23.03,"included"
"phytoplankton_pagani_2010.xlsx",138,1.43,0,23.03,"included"
"phytoplankton_pagani_2010.xlsx",139,1.44,0,23.03,"included"
"phytoplankton_pagani_2010.xlsx",140,1.44,0,23.03,"included"
"phytoplankton_pagani_2010.xlsx",141,1.45,0,23.03,"included"
"phytoplankton_pagani_2010.xlsx",142,1.45,0,23.03,"included"
"phytoplankton_pagani_2010.xlsx",143,1.46,0,23.03,"included"
"phytoplankton_pagani_2010.xlsx",144,1.46,0,23.03,"included"
"phytoplankton_pagani_2010.xlsx",145,1.5,0,23.03,"included"
"phytoplankton_pagani_2010.xlsx",146,1.62,0,23.03,"included"
"phytoplankton_pagani_2010.xlsx",147,1.78,0,23.03,"included"
"phytoplankton_pagani_2010.xlsx",148,1.8,0,23.03,"included"
"phytoplankton_pagani_2010.xlsx",149,1.81,0,23.03,"included"
"phytoplankton_pagani_2010.xlsx",150,2.73,0,23.03,"included"
"phytoplankton_pagani_2010.xlsx",151,2.74,0,23.03,"included"
"phytoplankton_pagani_2010.xlsx",152,2.76,0,23.03,"included"
"phytoplankton_pagani_2010.xlsx",153,2.77,0,23.03,"included"
"phytoplankton_pagani_2010.xlsx",154,2.78,0,23.03,"included"
"phytoplankton_pagani_2010.xlsx",155,2.8,0,23.03,"included"
"phytoplankton_pagani_2010.xlsx",156,2.81,0,23.03,"included"
"phytoplankton_pagani_2010.xlsx",157,2.82,0,23.03,"included"
"phytoplankton_pagani_2010.xlsx",158,2.82,0,23.03,"included"
"phytoplankton_pagani_2010.xlsx",159,2.84,0,23.03,"included"
"phytoplankton_pagani_2010.xlsx",160,2.85,0,23.03,"included"
"phytoplankton_pagani_2010.xlsx",161,2.85,0,23.03,"included"
"phytoplankton_pagani_2010.xlsx",162,3.96,0,23.03,"included"
"phytoplankton_pagani_2010.xlsx",163,3.99,0,23.03,"included"
"phytoplankton_pagani_2010.xlsx",164,4.02,0,23.03,"included"
"phytoplankton_pagani_2010.xlsx",165,4.07,0,23.03,"included"
"phytoplankton_pagani_2010.xlsx",166,4.1,0,23.03,"included"
"phytoplankton_pagani_2010.xlsx",167,4.11,0,23.03,"included"
"phytoplankton_pagani_2010.xlsx",168,0.4,0,23.03,"included"
"phytoplankton_pagani_2010.xlsx",169,0.65,0,23.03,"included"
"phytoplankton_pagani_2010.xlsx",170,0.89,0,23.03,"included"
"phytoplankton_pagani_2010.xlsx",171,1.13,0,23.03,"included"
"phytoplankton_pagani_2010.xlsx",172,1.37,0,23.03,"included"
"phytoplankton_pagani_2010.xlsx",173,1.62,0,23.03,"included"
"phytoplankton_pagani_2010.xlsx",174,1.86,0,23.03,"included"
"phytoplankton_pagani_2010.xlsx",175,2.11,0,23.03,"included"
"phytoplankton_pagani_2010.xlsx",176,2.35,0,23.03,"included"
"phytoplankton_pagani_2010.xlsx",177,2.59,0,23.03,"included"
"phytoplankton_pagani_2010.xlsx",178,2.83,0,23.03,"included"
"phytoplankton_pagani_2010.xlsx",179,3.08,0,23.03,"included"
"phytoplankton_pagani_2010.xlsx",180,3.32,0,23.03,"included"
"phytoplankton_pagani_2010.xlsx",181,3.56,0,23.03,"included"
"phytoplankton_pagani_2010.xlsx",182,3.81,0,23.03,"included"
"phytoplankton_pagani_2010.xlsx",183,4.05,0,23.03,"included"
"phytoplankton_pagani_2010.xlsx",184,4.29,0,23.03,"included"
"phytoplankton_pagani_2010.xlsx",185,4.54,0,23.03,"included"
"phytoplankton_pagani_2010.xlsx",186,4.67,0,23.03,"included"
"phytoplankton_pagani_2010.xlsx",187,4.29,0,23.03,"included"
"phytoplankton_pagani_2010.xlsx",188,4.54,0,23.03,"included"
"phytoplankton_pagani_2010.xlsx",189,4.67,0,23.03,"included"
"phytoplankton_pagani_2011.xlsx",4,24.737606048584,0,23.03,"outside age range"
"phytoplankton_pagani_2011.xlsx",5,24.7453155517578,0,23.03,"outside age range"
"phytoplankton_pagani_2011.xlsx",6,25.1344413757324,0,23.03,"outside age range"
"phytoplankton_pagani_2011.xlsx",7,25.196117401123,0,23.03,"outside age range"
"phytoplankton_pagani_2011.xlsx",8,25.286434173584,0,23.03,"outside age range"
"phytoplankton_pagani_2011.xlsx",9,26.0477104187012,0,23.03,"outside age range"
"phytoplankton_pagani_2011.xlsx",10,26.1029644012451,0,23.03,"outside age range"
"phytoplankton_pagani_2011.xlsx",11,26.1279907226563,0,23.03,"outside age range"
"phytoplankton_pagani_2011.xlsx",12,26.5141048431396,0,23.03,"outside age range"
"phytoplankton_pagani_2011.xlsx",13,28.563383102417,0,23.03,"outside age range"
"phytoplankton_pagani_2011.xlsx",14,28.9364204406738,0,23.03,"outside age range"
"phytoplankton_pagani_2011.xlsx",15,30.0332317352295,0,23.03,"outside age range"
"phytoplankton_pagani_2011.xlsx",16,30.0645446777344,0,23.03,"outside age range"
"phytoplankton_pagani_2011.xlsx",17,30.1651992797852,0,23.03,"outside age range"
"phytoplankton_pagani_2011.xlsx",18,30.1771965026856,0,23.03,"outside age range"
"phytoplankton_pagani_2011.xlsx",19,30.6063461303711,0,23.03,"outside age range"
"phytoplankton_pagani_2011.xlsx",20,32.7083015441895,0,23.03,"outside age range"
"phytoplankton_pagani_2011.xlsx",21,34.6666588,0,23.03,"outside age range"
"phytoplankton_pagani_2011.xlsx",22,34.7447502,0,23.03,"outside age range"
"phytoplankton_pagani_2011.xlsx",23,34.8785416,0,23.03,"outside age range"
"phytoplankton_pagani_2011.xlsx",24,34.9896074,0,23.03,"outside age range"
"phytoplankton_pagani_2011.xlsx",25,35.0564474,0,23.03,"outside age range"
"phytoplankton_pagani_2011.xlsx",26,35.1700754,0,23.03,"outside age range"
"phytoplankton_pagani_2011.xlsx",27,35.234019,0,23.03,"outside age range"
"phytoplankton_pagani_2011.xlsx",28,42.8113355,0,23.03,"outside age range"
"phytoplankton_pagani_2011.xlsx",29,42.928949,0,23.03,"outside age range"
"phytoplankton_pagani_2011.xlsx",30,43.4203625,0,23.03,"outside age range"
"phytoplankton_pagani_2011.xlsx",31,44.7032975,0,23.03,"outside age range"
"phytoplankton_pagani_2011.xlsx",32,31.5621490478516,0,23.03,"outside age range"
"phytoplankton_pagani_2011.xlsx",33,31.7622661590576,0,23.03,"outside age range"
"phytoplankton_pagani_2011.xlsx",34,31.9619598388672,0,23.03,"outside age range"
"phytoplankton_pagani_2011.xlsx",35,32.1624946594238,0,23.03,"outside age range"
"phytoplankton_pagani_2011.xlsx",36,32.3621864318848,0,23.03,"outside age range"
"phytoplankton_pagani_2011.xlsx",37,32.7322731018066,0,23.03,"outside age range"
"phytoplankton_pagani_2011.xlsx",38,32.912467956543,0,23.03,"outside age range"
"phytoplankton_pagani_2011.xlsx",39,33.223331451416,0,23.03,"outside age range"
"phytoplankton_pagani_2011.xlsx",40,33.309211730957,0,23.03,"outside age range"
"phytoplankton_pagani_2011.xlsx",41,33.488826751709,0,23.03,"outside age range"
"phytoplankton_pagani_2011.xlsx",42,33.5326957702637,0,23.03,"outside age range"
"phytoplankton_pagani_2011.xlsx",43,36.3888053894043,0,23.03,"outside age range"
"phytoplankton_pagani_2011.xlsx",44,37.0602684020996,0,23.03,"outside age range"
"phytoplankton_pagani_2011.xlsx",45,33.3617095947266,0,23.03,"outside age range"
"phytoplankton_pagani_2011.xlsx",46,33.4323654174805,0,23.03,"outside age range"
"phytoplankton_pagani_2011.xlsx",47,33.6140975952148,0,23.03,"outside age range"
"phytoplankton_pagani_2011.xlsx",48,33.667366027832,0,23.03,"outside age range"
"phytoplankton_pagani_2011.xlsx",49,34.4772071838379,0,23.03,"outside age range"
"phytoplankton_pagani_2011.xlsx",50,32.5897445678711,0,23.03,"outside age range"
"phytoplankton_pagani_2011.xlsx",51,33.0903625488281,0,23.03,"outside age range"
"phytoplankton_pagani_2011.xlsx",52,33.381664276123,0,23.03,"outside age range"
"phytoplankton_pagani_2011.xlsx",53,34.0679092407227,0,23.03,"outside age range"
"phytoplankton_pagani_2011.xlsx",54,34.613109588623,0,23.03,"outside age range"
"phytoplankton_pagani_2011.xlsx",55,35.116024017334,0,23.03,"outside age range"
"phytoplankton_pagani_2011.xlsx",56,35.6001396179199,0,23.03,"outside age range"
"phytoplankton_pagani_2011.xlsx",57,36.109317779541,0,23.03,"outside age range"
"phytoplankton_pagani_2011.xlsx",58,36.6084442138672,0,23.03,"outside age range"
"phytoplankton_pagani_2011.xlsx",59,37.1607666015625,0,23.03,"outside age range"
"phytoplankton_pagani_2011.xlsx",60,20.1603186646434,0,23.03,"included"
"phytoplankton_pagani_2011.xlsx",61,22.0344429016113,0,23.03,"included"
"phytoplankton_pagani_2011.xlsx",62,23.0214996337891,0,23.03,"included"
"phytoplankton_pagani_2011.xlsx",63,25.2480850219727,0,23.03,"outside age range"
"phytoplankton_pagani_2011.xlsx",64,26.4416389465332,0,23.03,"outside age range"
"phytoplankton_pagani_2011.xlsx",65,27.9823322296143,0,23.03,"outside age range"
"phytoplankton_pagani_2011.xlsx",66,28.8130493164062,0,23.03,"outside age range"
"phytoplankton_pagani_2011.xlsx",67,29.4374465942383,0,23.03,"outside age range"
"phytoplankton_pagani_2011.xlsx",68,29.5702972412109,0,23.03,"outside age range"
"phytoplankton_pagani_2011.xlsx",69,30.0631370544434,0,23.03,"outside age range"
"phytoplankton_pagani_2011.xlsx",70,30.6120376586914,0,23.03,"outside age range"
"phytoplankton_pagani_2011.xlsx",71,31.0952777862549,0,23.03,"outside age range"
"phytoplankton_pagani_2011.xlsx",72,31.6584453582764,0,23.03,"outside age range"
"phytoplankton_pagani_2011.xlsx",73,32.0759391784668,0,23.03,"outside age range"
"phytoplankton_pagani_2011.xlsx",74,32.3223762512207,0,23.03,"outside age range"
"phytoplankton_pagani_2011.xlsx",75,32.4226531982422,0,23.03,"outside age range"
"phytoplankton_pagani_2011.xlsx",76,32.5073776245117,0,23.03,"outside age range"
"phytoplankton_pagani_2011.xlsx",77,33.210578918457,0,23.03,"outside age range"
"phytoplankton_pagani_2011.xlsx",78,33.4151382446289,0,23.03,"outside age range"
"phytoplankton_pagani_2011.xlsx",79,33.5992813110352,0,23.03,"outside age range"
"phytoplankton_pagani_2011.xlsx",80,33.9171524047852,0,23.03,"outside age range"
"phytoplankton_pagani_2011.xlsx",81,34.1201591491699,0,23.03,"outside age range"
"phytoplankton_pagani_2011.xlsx",82,34.6349868774414,0,23.03,"outside age range"
"phytoplankton_pagani_2011.xlsx",83,35.0923728942871,0,23.03,"outside age range"
"phytoplankton_pagani_2011.xlsx",84,35.2929382324219,0,23.03,"outside age range"
"phytoplankton_pagani_2011.xlsx",85,35.5222396850586,0,23.03,"outside age range"
"phytoplankton_pagani_2011.xlsx",86,35.6722030639648,0,23.03,"outside age range"
"phytoplankton_pagani_2011.xlsx",87,35.8047637939453,0,23.03,"outside age range"
"phytoplankton_pagani_2011.xlsx",88,35.953987121582,0,23.03,"outside age range"
"phytoplankton_pagani_2011.xlsx",89,36.8092193603516,0,23.03,"outside age range"
"phytoplankton_pagani_2011.xlsx",90,37.0961647033691,0,23.03,"outside age range"
"phytoplankton_pagani_2011.xlsx",91,38.4942474365234,0,23.03,"outside age range"
"phytoplankton_pagani_2011.xlsx",92,33.371883392334,0,23.03,"outside age range"
"phytoplankton_pagani_2011.xlsx",93,33.6882476806641,0,23.03,"outside age range"
"phytoplankton_pagani_2011.xlsx",94,33.7332611083984,0,23.03,"outside age range"
"phytoplankton_pagani_2011.xlsx",95,35.9020309448242,0,23.03,"outside age range"
"phytoplankton_palmer_2010.xlsx",4,0.0078,0,23.03,"included"
"phytoplankton_palmer_2010.xlsx",5,0.0086,0,23.03,"included"
"phytoplankton_palmer_2010.xlsx",6,0.0087,0,23.03,"included"
"phytoplankton_palmer_2010.xlsx",7,0.0091,0,23.03,"included"
"phytoplankton_palmer_2010.xlsx",8,0.0095,0,23.03,"included"
"phytoplankton_palmer_2010.xlsx",9,0.0105,0,23.03,"included"
"phytoplankton_palmer_2010.xlsx",10,0.0111,0,23.03,"included"
"phytoplankton_palmer_2010.xlsx",11,0.012,0,23.03,"included"
"phytoplankton_palmer_2010.xlsx",12,0.0125,0,23.03,"included"
"phytoplankton_palmer_2010.xlsx",13,0.0135,0,23.03,"included"
"phytoplankton_palmer_2010.xlsx",14,0.014,0,23.03,"included"
"phytoplankton_palmer_2010.xlsx",15,0.0145,0,23.03,"included"
"phytoplankton_palmer_2010.xlsx",16,0.0156,0,23.03,"included"
"phytoplankton_palmer_2010.xlsx",17,0.016,0,23.03,"included"
"phytoplankton_palmer_2010.xlsx",18,0.0164,0,23.03,"included"
"phytoplankton_palmer_2010.xlsx",19,0.017,0,23.03,"included"
"phytoplankton_palmer_2010.xlsx",20,0.0175,0,23.03,"included"
"phytoplankton_palmer_2010.xlsx",21,0.0187,0,23.03,"included"
"phytoplankton_palmer_2010.xlsx",22,0.0215,0,23.03,"included"
"phytoplankton_palmer_2010.xlsx",23,0.0221,0,23.03,"included"
"phytoplankton_palmer_2010.xlsx",24,0.0225,0,23.03,"included"
"phytoplankton_palmer_2010.xlsx",25,0.0236,0,23.03,"included"
"phytoplankton_palmer_2010.xlsx",26,0.024,0,23.03,"included"
"phytoplankton_palmer_2010.xlsx",27,0.0251,0,23.03,"included"
"phytoplankton_palmer_2010.xlsx",28,0.0252,0,23.03,"included"
"phytoplankton_palmer_2010.xlsx",29,0.026,0,23.03,"included"
"phytoplankton_palmer_2010.xlsx",30,0.0262,0,23.03,"included"
"phytoplankton_palmer_2010.xlsx",31,0.0266,0,23.03,"included"
"phytoplankton_palmer_2010.xlsx",32,0.0269,0,23.03,"included"
"phytoplankton_palmer_2010.xlsx",33,0.0275,0,23.03,"included"
"phytoplankton_palmer_2010.xlsx",34,0.028,0,23.03,"included"
"phytoplankton_palmer_2010.xlsx",35,0.029,0,23.03,"included"
"phytoplankton_rae_2021.xlsx",4,0.09557,0,23.03,"included"
"phytoplankton_rae_2021.xlsx",5,0.21529,0,23.03,"included"
"phytoplankton_rae_2021.xlsx",6,0.44877,0,23.03,"included"
"phytoplankton_rae_2021.xlsx",7,0.64506,0,23.03,"included"
"phytoplankton_rae_2021.xlsx",8,0.72015,0,23.03,"included"
"phytoplankton_rae_2021.xlsx",9,0.77692,0,23.03,"included"
"phytoplankton_rae_2021.xlsx",10,0.82386,0,23.03,"included"
"phytoplankton_rae_2021.xlsx",11,0.85515,0,23.03,"included"
"phytoplankton_rae_2021.xlsx",12,0.92667,0,23.03,"included"
"phytoplankton_rae_2021.xlsx",13,0.99819,0,23.03,"included"
"phytoplankton_rae_2021.xlsx",14,1.05183,0,23.03,"included"
"phytoplankton_rae_2021.xlsx",15,1.12335,0,23.03,"included"
"phytoplankton_rae_2021.xlsx",16,1.17922,0,23.03,"included"
"phytoplankton_rae_2021.xlsx",17,1.1904,0,23.03,"included"
"phytoplankton_rae_2021.xlsx",18,1.21945,0,23.03,"included"
"phytoplankton_rae_2021.xlsx",19,1.2342,0,23.03,"included"
"phytoplankton_rae_2021.xlsx",20,1.25074,0,23.03,"included"
"phytoplankton_rae_2021.xlsx",21,1.26862,0,23.03,"included"
"phytoplankton_rae_2021.xlsx",22,1.31779,0,23.03,"included"
"phytoplankton_rae_2021.xlsx",23,1.65528,0,23.03,"included"
"phytoplankton_rae_2021.xlsx",24,1.74925,0,23.03,"included"
"phytoplankton_rae_2021.xlsx",25,1.80035,0,23.03,"included"
"phytoplankton_rae_2021.xlsx",26,1.85414,0,23.03,"included"
"phytoplankton_rae_2021.xlsx",27,1.90793,0,23.03,"included"
"phytoplankton_rae_2021.xlsx",28,1.99269,0,23.03,"included"
"phytoplankton_rae_2021.xlsx",29,2.22691,0,23.03,"included"
"phytoplankton_rae_2021.xlsx",30,2.27981,0,23.03,"included"
"phytoplankton_rae_2021.xlsx",31,2.35758,0,23.03,"included"
"phytoplankton_rae_2021.xlsx",32,2.40496,0,23.03,"included"
"phytoplankton_rae_2021.xlsx",33,2.45798,0,23.03,"included"
"phytoplankton_rae_2021.xlsx",34,2.5016,0,23.03,"included"
"phytoplankton_rae_2021.xlsx",35,2.5322,0,23.03,"included"
"phytoplankton_rae_2021.xlsx",36,2.52358,0,23.03,"included"
"phytoplankton_rae_2021.xlsx",37,2.60847,0,23.03,"included"
"phytoplankton_rae_2021.xlsx",38,2.70496,0,23.03,"included"
"phytoplankton_rae_2021.xlsx",39,2.80498,0,23.03,"included"
"phytoplankton_rae_2021.xlsx",40,2.89839,0,23.03,"included"
"phytoplankton_rae_2021.xlsx",41,2.99791,0,23.03,"included"
"phytoplankton_rae_2021.xlsx",42,3.07133,0,23.03,"included"
"phytoplankton_rae_2021.xlsx",43,3.17143,0,23.03,"included"
"phytoplankton_rae_2021.xlsx",44,3.24542,0,23.03,"included"
"phytoplankton_rae_2021.xlsx",45,3.45479,0,23.03,"included"
"phytoplankton_rae_2021.xlsx",46,3.54083,0,23.03,"included"
"phytoplankton_rae_2021.xlsx",47,3.74655,0,23.03,"included"
"phytoplankton_rae_2021.xlsx",48,3.94777,0,23.03,"included"
"phytoplankton_rae_2021.xlsx",49,4.10539,0,23.03,"included"
"phytoplankton_rae_2021.xlsx",50,4.25543,0,23.03,"included"
"phytoplankton_rae_2021.xlsx",51,4.437,0,23.03,"included"
"phytoplankton_rae_2021.xlsx",52,4.59258,0,23.03,"included"
"phytoplankton_rae_2021.xlsx",53,4.75286,0,23.03,"included"
"phytoplankton_rae_2021.xlsx",54,5.2937052631579,0,23.03,"included"
"phytoplankton_rae_2021.xlsx",55,0.31,0,23.03,"included"
"phytoplankton_rae_2021.xlsx",56,0.431,0,23.03,"included"
"phytoplankton_rae_2021.xlsx",57,0.5753,0,23.03,"included"
"phytoplankton_rae_2021.xlsx",58,0.9287,0,23.03,"included"
"phytoplankton_rae_2021.xlsx",59,1.046,0,23.03,"included"
"phytoplankton_rae_2021.xlsx",60,1.191,0,23.03,"included"
"phytoplankton_rae_2021.xlsx",61,1.206,0,23.03,"included"
"phytoplankton_rae_2021.xlsx",62,1.2188,0,23.03,"included"
"phytoplankton_rae_2021.xlsx",63,1.2322,0,23.03,"included"
"phytoplankton_rae_2021.xlsx",64,1.25,0,23.03,"included"
"phytoplankton_rae_2021.xlsx",65,1.272,0,23.03,"included"
"phytoplankton_rae_2021.xlsx",66,1.2846,0,23.03,"included"
"phytoplankton_rae_2021.xlsx",67,1.3512,0,23.03,"included"
"phytoplankton_rae_2021.xlsx",68,1.65183561643836,0,23.03,"included"
"phytoplankton_rae_2021.xlsx",69,1.73468493150685,0,23.03,"included"
"phytoplankton_rae_2021.xlsx",70,1.95913907284768,0,23.03,"included"
"phytoplankton_rae_2021.xlsx",71,2.09481666666667,0,23.03,"included"
"phytoplankton_rae_2021.xlsx",72,2.19823333333333,0,23.03,"included"
"phytoplankton_rae_2021.xlsx",73,2.29806896551724,0,23.03,"included"
"phytoplankton_rae_2021.xlsx",74,2.4213611615245,0,23.03,"included"
"phytoplankton_rae_2021.xlsx",75,2.60168784029038,0,23.03,"included"
"phytoplankton_rae_2021.xlsx",76,2.61965517241379,0,23.03,"included"
"phytoplankton_rae_2021.xlsx",77,2.7186388384755,0,23.03,"included"
"phytoplankton_rae_2021.xlsx",78,2.93812583668005,0,23.03,"included"
"phytoplankton_rae_2021.xlsx",79,3.08345982142857,0,23.03,"included"
"phytoplankton_rae_2021.xlsx",80,3.12598214285714,0,23.03,"included"
"phytoplankton_rae_2021.xlsx",81,3.25703071672355,0,23.03,"included"
"phytoplankton_rae_2021.xlsx",82,3.30003412969283,0,23.03,"included"
"phytoplankton_rae_2021.xlsx",83,3.71534412955466,0,23.03,"included"
"phytoplankton_rae_2021.xlsx",84,3.50634228187919,0,23.03,"included"
"phytoplankton_rae_2021.xlsx",85,3.46573825503356,0,23.03,"included"
"phytoplankton_rae_2021.xlsx",86,3.64955465587045,0,23.03,"included"
"phytoplankton_rae_2021.xlsx",87,3.82888,0,23.03,"included"
"phytoplankton_rae_2021.xlsx",88,3.97009695290859,0,23.03,"included"
"phytoplankton_rae_2021.xlsx",89,4.08097733711048,0,23.03,"included"
"phytoplankton_rae_2021.xlsx",90,4.32105802047782,0,23.03,"included"
"phytoplankton_rae_2021.xlsx",91,4.59081001472754,0,23.03,"included"
"phytoplankton_rae_2021.xlsx",92,7.14028498871332,0,23.03,"included"
"phytoplankton_rae_2021.xlsx",93,13.7771394230769,0,23.03,"included"
"phytoplankton_rae_2021.xlsx",94,24.4043855932203,0,23.03,"outside age range"
"phytoplankton_rae_2021.xlsx",95,24.7174410211268,0,23.03,"outside age range"
"phytoplankton_rae_2021.xlsx",96,25.8777797513322,0,23.03,"outside age range"
"phytoplankton_rae_2021.xlsx",97,28.1160596546311,0,23.03,"outside age range"
"phytoplankton_rae_2021.xlsx",98,28.563704866562,0,23.03,"outside age range"
"phytoplankton_rae_2021.xlsx",99,30.0984671332167,0,23.03,"outside age range"
"phytoplankton_rae_2021.xlsx",100,30.7126773333333,0,23.03,"outside age range"
"phytoplankton_rae_2021.xlsx",101,32.3207914597815,0,23.03,"outside age range"
"phytoplankton_rae_2021.xlsx",102,35.018748,0,23.03,"outside age range"
"phytoplankton_rae_2021.xlsx",103,35.2336045,0,23.03,"outside age range"
"phytoplankton_rae_2021.xlsx",104,35.601711,0,23.03,"outside age range"
"phytoplankton_rae_2021.xlsx",105,35.9072915,0,23.03,"outside age range"
"phytoplankton_rae_2021.xlsx",106,36.1142485,0,23.03,"outside age range"
"phytoplankton_rae_2021.xlsx",107,36.6584185,0,23.03,"outside age range"
"phytoplankton_rae_2021.xlsx",108,36.9646475,0,23.03,"outside age range"
"phytoplankton_rae_2021.xlsx",109,39.8711555,0,23.03,"outside age range"
"phytoplankton_rae_2021.xlsx",110,42.3476625,0,23.03,"outside age range"
"phytoplankton_rae_2021.xlsx",111,45.1282225,0,23.03,"outside age range"
"phytoplankton_rae_2021.xlsx",112,33.2572601256227,0,23.03,"outside age range"
"phytoplankton_rae_2021.xlsx",113,34.0987720111214,0,23.03,"outside age range"
"phytoplankton_rae_2021.xlsx",114,35.7183548387097,0,23.03,"outside age range"
"phytoplankton_rae_2021.xlsx",115,33.1729494614747,0,23.03,"outside age range"
"phytoplankton_rae_2021.xlsx",116,33.476618061309,0,23.03,"outside age range"
"phytoplankton_rae_2021.xlsx",117,33.6133603976802,0,23.03,"outside age range"
"phytoplankton_rae_2021.xlsx",118,35.3624295302013,0,23.03,"outside age range"
"phytoplankton_rae_2021.xlsx",119,37.2502137232846,0,23.03,"outside age range"
"phytoplankton_rae_2021.xlsx",120,30.7191219329834,0,23.03,"outside age range"
"phytoplankton_rae_2021.xlsx",121,32.5204544067383,0,23.03,"outside age range"
"phytoplankton_rae_2021.xlsx",122,32.605339050293,0,23.03,"outside age range"
"phytoplankton_rae_2021.xlsx",123,33.3286895751953,0,23.03,"outside age range"
"phytoplankton_rae_2021.xlsx",124,33.7683296203613,0,23.03,"outside age range"
"phytoplankton_rae_2021.xlsx",125,34.1391792297363,0,23.03,"outside age range"
"phytoplankton_rae_2021.xlsx",126,35.448802947998,0,23.03,"outside age range"
"phytoplankton_rae_2021.xlsx",127,35.8862991333008,0,23.03,"outside age range"
"phytoplankton_rae_2021.xlsx",128,36.1686668395996,0,23.03,"outside age range"
"phytoplankton_rae_2021.xlsx",129,32.8197577092511,0,23.03,"outside age range"
"phytoplankton_rae_2021.xlsx",130,33.2561784140969,0,23.03,"outside age range"
"phytoplankton_rae_2021.xlsx",131,33.650627753304,0,23.03,"outside age range"
"phytoplankton_rae_2021.xlsx",132,34.1240366972477,0,23.03,"outside age range"
"phytoplankton_rae_2021.xlsx",133,34.9441663665826,0,23.03,"outside age range"
"phytoplankton_rae_2021.xlsx",134,35.5579618293122,0,23.03,"outside age range"
"phytoplankton_seki_2010.xlsx",4,0.2,0,23.03,"included"
"phytoplankton_seki_2010.xlsx",5,0.25,0,23.03,"included"
"phytoplankton_seki_2010.xlsx",6,0.46,0,23.03,"included"
"phytoplankton_seki_2010.xlsx",7,0.9,0,23.03,"included"
"phytoplankton_seki_2010.xlsx",8,1,0,23.03,"included"
"phytoplankton_seki_2010.xlsx",9,1.2,0,23.03,"included"
"phytoplankton_seki_2010.xlsx",10,1.3,0,23.03,"included"
"phytoplankton_seki_2010.xlsx",11,1.5,0,23.03,"included"
"phytoplankton_seki_2010.xlsx",12,1.75,0,23.03,"included"
"phytoplankton_seki_2010.xlsx",13,2.11,0,23.03,"included"
"phytoplankton_seki_2010.xlsx",14,2.31,0,23.03,"included"
"phytoplankton_seki_2010.xlsx",15,2.59,0,23.03,"included"
"phytoplankton_seki_2010.xlsx",16,2.79,0,23.03,"included"
"phytoplankton_seki_2010.xlsx",17,2.82,0,23.03,"included"
"phytoplankton_seki_2010.xlsx",18,2.89,0,23.03,"included"
"phytoplankton_seki_2010.xlsx",19,2.94,0,23.03,"included"
"phytoplankton_seki_2010.xlsx",20,2.99,0,23.03,"included"
"phytoplankton_seki_2010.xlsx",21,3.07,0,23.03,"included"
"phytoplankton_seki_2010.xlsx",22,3.12,0,23.03,"included"
"phytoplankton_seki_2010.xlsx",23,3.17,0,23.03,"included"
"phytoplankton_seki_2010.xlsx",24,3.23,0,23.03,"included"
"phytoplankton_seki_2010.xlsx",25,3.62,0,23.03,"included"
"phytoplankton_seki_2010.xlsx",26,3.85,0,23.03,"included"
"phytoplankton_seki_2010.xlsx",27,3.93,0,23.03,"included"
"phytoplankton_seki_2010.xlsx",28,4.03,0,23.03,"included"
"phytoplankton_seki_2010.xlsx",29,4.11,0,23.03,"included"
"phytoplankton_seki_2010.xlsx",30,4.34,0,23.03,"included"
"phytoplankton_seki_2010.xlsx",31,4.43,0,23.03,"included"
"phytoplankton_seki_2010.xlsx",32,4.58,0,23.03,"included"
"phytoplankton_seki_2010.xlsx",33,4.78,0,23.03,"included"
"phytoplankton_seki_2010.xlsx",34,4.86,0,23.03,"included"
"phytoplankton_seki_2010.xlsx",35,4.94,0,23.03,"included"
"phytoplankton_seki_2010.xlsx",36,5.04,0,23.03,"included"
"phytoplankton_seki_2010.xlsx",37,5.19,0,23.03,"included"
"phytoplankton_seki_2010.xlsx",38,0.21,0,23.03,"included"
"phytoplankton_seki_2010.xlsx",39,0.45,0,23.03,"included"
"phytoplankton_seki_2010.xlsx",40,0.68,0,23.03,"included"
"phytoplankton_seki_2010.xlsx",41,0.82,0,23.03,"included"
"phytoplankton_seki_2010.xlsx",42,1.08,0,23.03,"included"
"phytoplankton_seki_2010.xlsx",43,1.25,0,23.03,"included"
"phytoplankton_seki_2010.xlsx",44,1.56,0,23.03,"included"
"phytoplankton_seki_2010.xlsx",45,1.6,0,23.03,"included"
"phytoplankton_seki_2010.xlsx",46,1.72,0,23.03,"included"
"phytoplankton_seki_2010.xlsx",47,1.83,0,23.03,"included"
"phytoplankton_seki_2010.xlsx",48,1.97,0,23.03,"included"
"phytoplankton_seki_2010.xlsx",49,2,0,23.03,"included"
"phytoplankton_seki_2010.xlsx",50,2.07,0,23.03,"included"
"phytoplankton_seki_2010.xlsx",51,2.21,0,23.03,"included"
"phytoplankton_seki_2010.xlsx",52,2.3,0,23.03,"included"
"phytoplankton_seki_2010.xlsx",53,2.49,0,23.03,"included"
"phytoplankton_seki_2010.xlsx",54,2.62,0,23.03,"included"
"phytoplankton_seki_2010.xlsx",55,2.68,0,23.03,"included"
"phytoplankton_seki_2010.xlsx",56,2.81,0,23.03,"included"
"phytoplankton_seki_2010.xlsx",57,3.02,0,23.03,"included"
"phytoplankton_seki_2010.xlsx",58,3.16,0,23.03,"included"
"phytoplankton_seki_2010.xlsx",59,3.25,0,23.03,"included"
"phytoplankton_seki_2010.xlsx",60,3.38,0,23.03,"included"
"phytoplankton_seki_2010.xlsx",61,3.46,0,23.03,"included"
"phytoplankton_seki_2010.xlsx",62,3.54,0,23.03,"included"
"phytoplankton_seki_2010.xlsx",63,3.69,0,23.03,"included"
"phytoplankton_seki_2010.xlsx",64,3.81,0,23.03,"included"
"phytoplankton_seki_2010.xlsx",65,3.9,0,23.03,"included"
"phytoplankton_seki_2010.xlsx",66,4,0,23.03,"included"
"phytoplankton_seki_2010.xlsx",67,4.11,0,23.03,"included"
"phytoplankton_seki_2010.xlsx",68,4.21,0,23.03,"included"
"phytoplankton_seki_2010.xlsx",69,4.3,0,23.03,"included"
"phytoplankton_seki_2010.xlsx",70,4.39,0,23.03,"included"
"phytoplankton_seki_2010.xlsx",71,4.54,0,23.03,"included"
"phytoplankton_seki_2010.xlsx",72,4.58,0,23.03,"included"
"phytoplankton_seki_2010.xlsx",73,4.62,0,23.03,"included"
"phytoplankton_seki_2010.xlsx",74,4.69,0,23.03,"included"
"phytoplankton_super_2018.xlsx",4,8.924,0,23.03,"included"
"phytoplankton_super_2018.xlsx",5,9.205,0,23.03,"included"
"phytoplankton_super_2018.xlsx",6,9.293,0,23.03,"included"
"phytoplankton_super_2018.xlsx",7,9.37,0,23.03,"included"
"phytoplankton_super_2018.xlsx",8,9.421,0,23.03,"included"
"phytoplankton_super_2018.xlsx",9,9.718,0,23.03,"included"
"phytoplankton_super_2018.xlsx",10,9.836,0,23.03,"included"
"phytoplankton_super_2018.xlsx",11,9.865,0,23.03,"included"
"phytoplankton_super_2018.xlsx",12,9.941,0,23.03,"included"
"phytoplankton_super_2018.xlsx",13,10.02,0,23.03,"included"
"phytoplankton_super_2018.xlsx",14,10.114,0,23.03,"included"
"phytoplankton_super_2018.xlsx",15,10.177,0,23.03,"included"
"phytoplankton_super_2018.xlsx",16,10.241,0,23.03,"included"
"phytoplankton_super_2018.xlsx",17,10.302,0,23.03,"included"
"phytoplankton_super_2018.xlsx",18,10.364,0,23.03,"included"
"phytoplankton_super_2018.xlsx",19,10.426,0,23.03,"included"
"phytoplankton_super_2018.xlsx",20,10.478,0,23.03,"included"
"phytoplankton_super_2018.xlsx",21,10.523,0,23.03,"included"
"phytoplankton_super_2018.xlsx",22,10.706,0,23.03,"included"
"phytoplankton_super_2018.xlsx",23,10.835,0,23.03,"included"
"phytoplankton_super_2018.xlsx",24,11.189,0,23.03,"included"
"phytoplankton_super_2018.xlsx",25,11.518,0,23.03,"included"
"phytoplankton_super_2018.xlsx",26,11.579,0,23.03,"included"
"phytoplankton_super_2018.xlsx",27,11.733,0,23.03,"included"
"phytoplankton_super_2018.xlsx",28,11.965,0,23.03,"included"
"phytoplankton_super_2018.xlsx",29,12.037,0,23.03,"included"
"phytoplankton_super_2018.xlsx",30,12.108,0,23.03,"included"
"phytoplankton_super_2018.xlsx",31,12.185,0,23.03,"included"
"phytoplankton_super_2018.xlsx",32,12.238,0,23.03,"included"
"phytoplankton_super_2018.xlsx",33,12.28,0,23.03,"included"
"phytoplankton_super_2018.xlsx",34,12.468,0,23.03,"included"
"phytoplankton_super_2018.xlsx",35,12.518,0,23.03,"included"
"phytoplankton_super_2018.xlsx",36,12.588,0,23.03,"included"
"phytoplankton_super_2018.xlsx",37,12.639,0,23.03,"included"
"phytoplankton_super_2018.xlsx",38,12.691,0,23.03,"included"
"phytoplankton_super_2018.xlsx",39,12.777,0,23.03,"included"
"phytoplankton_super_2018.xlsx",40,12.85,0,23.03,"included"
"phytoplankton_super_2018.xlsx",41,12.927,0,23.03,"included"
"phytoplankton_super_2018.xlsx",42,12.983,0,23.03,"included"
"phytoplankton_super_2018.xlsx",43,13.099,0,23.03,"included"
"phytoplankton_super_2018.xlsx",44,13.274,0,23.03,"included"
"phytoplankton_super_2018.xlsx",45,13.326,0,23.03,"included"
"phytoplankton_super_2018.xlsx",46,13.393,0,23.03,"included"
"phytoplankton_super_2018.xlsx",47,13.443,0,23.03,"included"
"phytoplankton_super_2018.xlsx",48,13.494,0,23.03,"included"
"phytoplankton_super_2018.xlsx",49,13.592,0,23.03,"included"
"phytoplankton_super_2018.xlsx",50,13.767,0,23.03,"included"
"phytoplankton_super_2018.xlsx",51,13.785,0,23.03,"included"
"phytoplankton_super_2018.xlsx",52,13.843,0,23.03,"included"
"phytoplankton_super_2018.xlsx",53,13.855,0,23.03,"included"
"phytoplankton_super_2018.xlsx",54,14.465,0,23.03,"included"
"phytoplankton_super_2018.xlsx",55,14.557,0,23.03,"included"
"phytoplankton_super_2018.xlsx",56,14.598,0,23.03,"included"
"phytoplankton_super_2018.xlsx",57,14.645,0,23.03,"included"
"phytoplankton_super_2018.xlsx",58,14.692,0,23.03,"included"
"phytoplankton_super_2018.xlsx",59,14.779,0,23.03,"included"
"phytoplankton_super_2018.xlsx",60,15.03,0,23.03,"included"
"phytoplankton_super_2018.xlsx",61,15.749,0,23.03,"included"
"phytoplankton_super_2018.xlsx",62,16.066,0,23.03,"included"
"phytoplankton_super_2018.xlsx",63,16.111,0,23.03,"included"
"phytoplankton_super_2018.xlsx",64,16.132,0,23.03,"included"
"phytoplankton_super_2018.xlsx",65,16.316,0,23.03,"included"
"phytoplankton_super_2018.xlsx",66,16.428,0,23.03,"included"
"phytoplankton_super_2018.xlsx",67,16.655,0,23.03,"included"
"phytoplankton_super_2018.xlsx",68,16.844,0,23.03,"included"
"phytoplankton_super_2018.xlsx",69,17.014,0,23.03,"included"
"phytoplankton_super_2018.xlsx",70,17.376,0,23.03,"included"
"phytoplankton_super_2018.xlsx",71,17.484,0,23.03,"included"
"phytoplankton_super_2018.xlsx",72,17.796,0,23.03,"included"
"phytoplankton_super_2018.xlsx",73,17.902,0,23.03,"included"
"phytoplankton_super_2018.xlsx",74,18.435,0,23.03,"included"
"phytoplankton_super_2018.xlsx",75,18.517,0,23.03,"included"
"phytoplankton_super_2018.xlsx",76,18.594,0,23.03,"included"
"phytoplankton_super_2018.xlsx",77,18.679,0,23.03,"included"
"phytoplankton_super_2018.xlsx",78,18.774,0,23.03,"included"
"phytoplankton_super_2018.xlsx",79,19.146,0,23.03,"included"
"phytoplankton_super_2018.xlsx",80,19.226,0,23.03,"included"
"phytoplankton_super_2018.xlsx",81,19.296,0,23.03,"included"
"phytoplankton_super_2018.xlsx",82,19.816,0,23.03,"included"
"phytoplankton_super_2018.xlsx",83,19.934,0,23.03,"included"
"phytoplankton_super_2018.xlsx",84,20.876,0,23.03,"included"
"phytoplankton_super_2018.xlsx",85,21.281,0,23.03,"included"
"phytoplankton_super_2018.xlsx",86,21.326,0,23.03,"included"
"phytoplankton_super_2018.xlsx",87,21.468,0,23.03,"included"
"phytoplankton_super_2018.xlsx",88,21.755,0,23.03,"included"
"phytoplankton_super_2018.xlsx",89,23.084,0,23.03,"outside age range"
"phytoplankton_super_2018.xlsx",90,23.568,0,23.03,"outside age range"
"phytoplankton_super_2018.xlsx",91,9.514,0,23.03,"included"
"phytoplankton_super_2018.xlsx",92,9.787,0,23.03,"included"
"phytoplankton_super_2018.xlsx",93,10.082,0,23.03,"included"
"phytoplankton_super_2018.xlsx",94,10.131,0,23.03,"included"
"phytoplankton_super_2018.xlsx",95,10.586,0,23.03,"included"
"phytoplankton_super_2018.xlsx",96,10.648,0,23.03,"included"
"phytoplankton_super_2018.xlsx",97,10.768,0,23.03,"included"
"phytoplankton_super_2018.xlsx",98,10.913,0,23.03,"included"
"phytoplankton_super_2018.xlsx",99,10.973,0,23.03,"included"
"phytoplankton_super_2018.xlsx",100,10.974,0,23.03,"included"
"phytoplankton_super_2018.xlsx",101,11.035,0,23.03,"included"
"phytoplankton_super_2018.xlsx",102,11.17,0,23.03,"included"
"phytoplankton_super_2018.xlsx",103,11.249,0,23.03,"included"
"phytoplankton_super_2018.xlsx",104,11.395,0,23.03,"included"
"phytoplankton_super_2018.xlsx",105,11.454,0,23.03,"included"
"phytoplankton_super_2018.xlsx",106,11.622,0,23.03,"included"
"phytoplankton_super_2018.xlsx",107,11.931,0,23.03,"included"
"phytoplankton_super_2018.xlsx",108,12.002,0,23.03,"included"
"phytoplankton_super_2018.xlsx",109,12.277,0,23.03,"included"
"phytoplankton_super_2018.xlsx",110,12.344,0,23.03,"included"
"phytoplankton_super_2018.xlsx",111,12.68,0,23.03,"included"
"phytoplankton_super_2018.xlsx",112,12.736,0,23.03,"included"
"phytoplankton_super_2018.xlsx",113,12.907,0,23.03,"included"
"phytoplankton_super_2018.xlsx",114,13.543,0,23.03,"included"
"phytoplankton_super_2018.xlsx",115,13.885,0,23.03,"included"
"phytoplankton_super_2018.xlsx",116,13.912,0,23.03,"included"
"phytoplankton_super_2018.xlsx",117,13.931,0,23.03,"included"
"phytoplankton_super_2018.xlsx",118,13.931,0,23.03,"included"
"phytoplankton_super_2018.xlsx",119,14.317,0,23.03,"included"
"phytoplankton_super_2018.xlsx",120,14.329,0,23.03,"included"
"phytoplankton_super_2018.xlsx",121,14.36,0,23.03,"included"
"phytoplankton_super_2018.xlsx",122,14.509,0,23.03,"included"
"phytoplankton_super_2018.xlsx",123,14.735,0,23.03,"included"
"phytoplankton_super_2018.xlsx",124,14.839,0,23.03,"included"
"phytoplankton_super_2018.xlsx",125,15.049,0,23.03,"included"
"phytoplankton_super_2018.xlsx",126,15.443,0,23.03,"included"
"phytoplankton_super_2018.xlsx",127,15.569,0,23.03,"included"
"phytoplankton_super_2018.xlsx",128,16.055,0,23.03,"included"
"phytoplankton_super_2018.xlsx",129,16.061,0,23.03,"included"
"phytoplankton_super_2018.xlsx",130,16.759,0,23.03,"included"
"phytoplankton_super_2018.xlsx",131,16.965,0,23.03,"included"
"phytoplankton_super_2018.xlsx",132,17.112,0,23.03,"included"
"phytoplankton_super_2018.xlsx",133,17.112,0,23.03,"included"
"phytoplankton_super_2018.xlsx",134,17.387,0,23.03,"included"
"phytoplankton_super_2018.xlsx",135,17.524,0,23.03,"included"
"phytoplankton_super_2018.xlsx",136,17.527,0,23.03,"included"
"phytoplankton_super_2018.xlsx",137,17.643,0,23.03,"included"
"phytoplankton_super_2018.xlsx",138,18.048,0,23.03,"included"
"phytoplankton_super_2018.xlsx",139,18.074,0,23.03,"included"
"phytoplankton_super_2018.xlsx",140,18.142,0,23.03,"included"
"phytoplankton_super_2018.xlsx",141,18.223,0,23.03,"included"
"phytoplankton_super_2018.xlsx",142,18.346,0,23.03,"included"
"phytoplankton_super_2018.xlsx",143,18.871,0,23.03,"included"
"phytoplankton_super_2018.xlsx",144,19.368,0,23.03,"included"
"phytoplankton_super_2018.xlsx",145,19.445,0,23.03,"included"
"phytoplankton_super_2018.xlsx",146,19.517,0,23.03,"included"
"phytoplankton_super_2018.xlsx",147,19.545,0,23.03,"included"
"phytoplankton_super_2018.xlsx",148,19.59,0,23.03,"included"
"phytoplankton_super_2018.xlsx",149,19.71,0,23.03,"included"
"phytoplankton_super_2018.xlsx",150,19.849,0,23.03,"included"
"phytoplankton_super_2018.xlsx",151,19.864,0,23.03,"included"
"phytoplankton_super_2018.xlsx",152,19.887,0,23.03,"included"
"phytoplankton_super_2018.xlsx",153,19.897,0,23.03,"included"
"phytoplankton_super_2018.xlsx",154,19.91,0,23.03,"included"
"phytoplankton_super_2018.xlsx",155,19.944,0,23.03,"included"
"phytoplankton_super_2018.xlsx",156,19.957,0,23.03,"included"
"phytoplankton_super_2018.xlsx",157,19.971,0,23.03,"included"
"phytoplankton_super_2018.xlsx",158,19.995,0,23.03,"included"
"phytoplankton_super_2018.xlsx",159,20.016,0,23.03,"included"
"phytoplankton_super_2018.xlsx",160,20.356,0,23.03,"included"
"phytoplankton_super_2018.xlsx",161,20.653,0,23.03,"included"
"phytoplankton_super_2018.xlsx",162,21.233,0,23.03,"included"
"phytoplankton_super_2018.xlsx",163,21.376,0,23.03,"included"
"phytoplankton_super_2018.xlsx",164,21.424,0,23.03,"included"
"phytoplankton_super_2018.xlsx",165,21.522,0,23.03,"included"
"phytoplankton_super_2018.xlsx",166,21.571,0,23.03,"included"
"phytoplankton_super_2018.xlsx",167,21.758,0,23.03,"included"
"phytoplankton_super_2018.xlsx",168,22.229,0,23.03,"included"
"phytoplankton_super_2018.xlsx",169,22.678,0,23.03,"included"
"phytoplankton_super_2018.xlsx",170,23.509,0,23.03,"outside age range"
"phytoplankton_super_2018.xlsx",171,23.511,0,23.03,"outside age range"
"phytoplankton_super_2018.xlsx",172,23.655,0,23.03,"outside age range"
"phytoplankton_super_2018.xlsx",173,23.828,0,23.03,"outside age range"
"phytoplankton_super_2018.xlsx",174,23.986,0,23.03,"outside age range"
"phytoplankton_super_2018.xlsx",175,24.082,0,23.03,"outside age range"
"phytoplankton_super_2018.xlsx",176,24.167,0,23.03,"outside age range"
"phytoplankton_super_2018.xlsx",177,24.255,0,23.03,"outside age range"
"phytoplankton_super_2018.xlsx",178,25.959,0,23.03,"outside age range"
"phytoplankton_super_2018.xlsx",179,26.093,0,23.03,"outside age range"
"phytoplankton_super_2018.xlsx",180,26.349,0,23.03,"outside age range"
"phytoplankton_super_2018.xlsx",181,26.684,0,23.03,"outside age range"
"phytoplankton_witkowski_2018.xlsx",4,0.1,0,23.03,"included"
"phytoplankton_witkowski_2018.xlsx",5,0.5,0,23.03,"included"
"phytoplankton_witkowski_2018.xlsx",6,0.8,0,23.03,"included"
"phytoplankton_witkowski_2018.xlsx",7,1.8,0,23.03,"included"
"phytoplankton_witkowski_2018.xlsx",8,2.1,0,23.03,"included"
"phytoplankton_witkowski_2018.xlsx",9,2.3,0,23.03,"included"
"phytoplankton_witkowski_2018.xlsx",10,2.7,0,23.03,"included"
"phytoplankton_witkowski_2018.xlsx",11,3.2,0,23.03,"included"
"phytoplankton_witkowski_2018.xlsx",12,3.8,0,23.03,"included"
"phytoplankton_witkowski_2018.xlsx",13,4,0,23.03,"included"
"phytoplankton_witkowski_2018.xlsx",14,5,0,23.03,"included"
"phytoplankton_witkowski_2018.xlsx",15,5.5,0,23.03,"included"
"phytoplankton_witkowski_2018.xlsx",16,6,0,23.03,"included"
"phytoplankton_witkowski_2018.xlsx",17,6.25,0,23.03,"included"
"phytoplankton_witkowski_2018.xlsx",18,7.25,0,23.03,"included"
"phytoplankton_witkowski_2018.xlsx",19,7.75,0,23.03,"included"
"phytoplankton_witkowski_2018.xlsx",20,8,0,23.03,"included"
"phytoplankton_witkowski_2018.xlsx",21,8.25,0,23.03,"included"
"phytoplankton_witkowski_2018.xlsx",22,9.25,0,23.03,"included"
"phytoplankton_witkowski_2018.xlsx",23,9.3,0,23.03,"included"
"phytoplankton_witkowski_2018.xlsx",24,10.5,0,23.03,"included"
"phytoplankton_witkowski_2018.xlsx",25,11,0,23.03,"included"
"phytoplankton_witkowski_2018.xlsx",26,11,0,23.03,"included"
"phytoplankton_witkowski_2018.xlsx",27,11.1,0,23.03,"included"
"phytoplankton_witkowski_2018.xlsx",28,11.3,0,23.03,"included"
"phytoplankton_witkowski_2018.xlsx",29,12,0,23.03,"included"
"phytoplankton_witkowski_2018.xlsx",30,12.5,0,23.03,"included"
"phytoplankton_witkowski_2018.xlsx",31,13,0,23.03,"included"
"phytoplankton_witkowski_2018.xlsx",32,13.1,0,23.03,"included"
"phytoplankton_witkowski_2018.xlsx",33,13.5,0,23.03,"included"
"phytoplankton_witkowski_2018.xlsx",34,13.9,0,23.03,"included"
"phytoplankton_witkowski_2018.xlsx",35,14,0,23.03,"included"
"phytoplankton_witkowski_2018.xlsx",36,14.3,0,23.03,"included"
"phytoplankton_witkowski_2018.xlsx",37,14.5,0,23.03,"included"
"phytoplankton_witkowski_2018.xlsx",38,14.5,0,23.03,"included"
"phytoplankton_witkowski_2018.xlsx",39,14.6,0,23.03,"included"
"phytoplankton_witkowski_2018.xlsx",40,14.7,0,23.03,"included"
"phytoplankton_witkowski_2018.xlsx",41,14.8,0,23.03,"included"
"phytoplankton_witkowski_2018.xlsx",42,14.8,0,23.03,"included"
"phytoplankton_witkowski_2018.xlsx",43,15,0,23.03,"included"
"phytoplankton_witkowski_2018.xlsx",44,15,0,23.03,"included"
"phytoplankton_witkowski_2018.xlsx",45,15,0,23.03,"included"
"phytoplankton_witkowski_2018.xlsx",46,15,0,23.03,"included"
"phytoplankton_witkowski_2018.xlsx",47,15.1,0,23.03,"included"
"phytoplankton_witkowski_2018.xlsx",48,15.2,0,23.03,"included"
"phytoplankton_witkowski_2018.xlsx",49,15.25,0,23.03,"included"
"phytoplankton_witkowski_2018.xlsx",50,15.6,0,23.03,"included"
"phytoplankton_witkowski_2018.xlsx",51,15.7,0,23.03,"included"
"phytoplankton_witkowski_2018.xlsx",52,15.9,0,23.03,"included"
"phytoplankton_witkowski_2018.xlsx",53,16.1,0,23.03,"included"
"phytoplankton_witkowski_2018.xlsx",54,16.1,0,23.03,"included"
"phytoplankton_witkowski_2018.xlsx",55,16.25,0,23.03,"included"
"phytoplankton_witkowski_2018.xlsx",56,16.3,0,23.03,"included"
"phytoplankton_witkowski_2018.xlsx",57,16.4,0,23.03,"included"
"phytoplankton_witkowski_2018.xlsx",58,16.7,0,23.03,"included"
"phytoplankton_witkowski_2018.xlsx",59,17,0,23.03,"included"
"phytoplankton_witkowski_2018.xlsx",60,17.2,0,23.03,"included"
"phytoplankton_witkowski_2018.xlsx",61,17.6,0,23.03,"included"
"phytoplankton_witkowski_2018.xlsx",62,17.9,0,23.03,"included"
"phytoplankton_witkowski_2018.xlsx",63,18,0,23.03,"included"
"phytoplankton_witkowski_2018.xlsx",64,18.2,0,23.03,"included"
"phytoplankton_witkowski_2018.xlsx",65,18.3,0,23.03,"included"
"phytoplankton_witkowski_2018.xlsx",66,18.6,0,23.03,"included"
"phytoplankton_witkowski_2018.xlsx",67,18.75,0,23.03,"included"
"phytoplankton_witkowski_2018.xlsx",68,18.9,0,23.03,"included"
"phytoplankton_witkowski_2018.xlsx",69,19.2,0,23.03,"included"
"phytoplankton_witkowski_2018.xlsx",70,19.2,0,23.03,"included"
"phytoplankton_witkowski_2018.xlsx",71,19.4,0,23.03,"included"
"phytoplankton_witkowski_2018.xlsx",72,19.6,0,23.03,"included"
"phytoplankton_witkowski_2018.xlsx",73,20.25,0,23.03,"included"
"phytoplankton_witkowski_2018.xlsx",74,20.45,0,23.03,"included"
"phytoplankton_witkowski_2018.xlsx",75,20.8,0,23.03,"included"
"phytoplankton_witkowski_2018.xlsx",76,21.5,0,23.03,"included"
"phytoplankton_witkowski_2018.xlsx",77,24,0,23.03,"outside age range"
"phytoplankton_witkowski_2018.xlsx",78,24,0,23.03,"outside age range"
"phytoplankton_witkowski_2018.xlsx",79,25,0,23.03,"outside age range"
"phytoplankton_witkowski_2018.xlsx",80,25,0,23.03,"outside age range"
"phytoplankton_witkowski_2018.xlsx",81,27,0,23.03,"outside age range"
"phytoplankton_witkowski_2018.xlsx",82,27,0,23.03,"outside age range"
"phytoplankton_witkowski_2018.xlsx",83,28,0,23.03,"outside age range"
"phytoplankton_witkowski_2018.xlsx",84,30,0,23.03,"outside age range"
"phytoplankton_witkowski_2018.xlsx",85,30,0,23.03,"outside age range"
"phytoplankton_witkowski_2018.xlsx",86,30,0,23.03,"outside age range"
"phytoplankton_witkowski_2018.xlsx",87,31,0,23.03,"outside age range"
"phytoplankton_witkowski_2018.xlsx",88,31,0,23.03,"outside age range"
"phytoplankton_witkowski_2018.xlsx",89,31,0,23.03,"outside age range"
"phytoplankton_witkowski_2018.xlsx",90,31,0,23.03,"outside age range"
"phytoplankton_witkowski_2018.xlsx",91,32,0,23.03,"outside age range"
"phytoplankton_witkowski_2018.xlsx",92,32,0,23.03,"outside age range"
"phytoplankton_witkowski_2018.xlsx",93,51,0,23.03,"outside age range"
"phytoplankton_witkowski_2018.xlsx",94,51,0,23.03,"outside age range"
"phytoplankton_witkowski_2018.xlsx",95,52,0,23.03,"outside age range"
"phytoplankton_witkowski_2018.xlsx",96,52,0,23.03,"outside age range"
"phytoplankton_witkowski_2018.xlsx",97,52,0,23.03,"outside age range"
"phytoplankton_witkowski_2018.xlsx",98,52,0,23.03,"outside age range"
"phytoplankton_witkowski_2018.xlsx",99,53,0,23.03,"outside age range"
"phytoplankton_witkowski_2018.xlsx",100,53,0,23.03,"outside age range"
"phytoplankton_witkowski_2018.xlsx",101,53,0,23.03,"outside age range"
"phytoplankton_witkowski_2018.xlsx",102,54,0,23.03,"outside age range"
"phytoplankton_witkowski_2018.xlsx",103,54,0,23.03,"outside age range"
"phytoplankton_witkowski_2018.xlsx",104,54,0,23.03,"outside age range"
"phytoplankton_witkowski_2018.xlsx",105,54,0,23.03,"outside age range"
"phytoplankton_witkowski_2018.xlsx",106,54,0,23.03,"outside age range"
"phytoplankton_witkowski_2018.xlsx",107,55,0,23.03,"outside age range"
"phytoplankton_witkowski_2018.xlsx",108,55,0,23.03,"outside age range"
"phytoplankton_witkowski_2018.xlsx",109,55,0,23.03,"outside age range"
"phytoplankton_witkowski_2018.xlsx",110,55,0,23.03,"outside age range"
"phytoplankton_witkowski_2018.xlsx",111,56,0,23.03,"outside age range"
"phytoplankton_witkowski_2018.xlsx",112,56,0,23.03,"outside age range"
"phytoplankton_witkowski_2018.xlsx",113,78,0,23.03,"outside age range"
"phytoplankton_witkowski_2018.xlsx",114,81,0,23.03,"outside age range"
"phytoplankton_witkowski_2018.xlsx",115,85,0,23.03,"outside age range"
"phytoplankton_witkowski_2018.xlsx",116,86,0,23.03,"outside age range"
"phytoplankton_witkowski_2018.xlsx",117,88,0,23.03,"outside age range"
"phytoplankton_witkowski_2018.xlsx",118,89.5,0,23.03,"outside age range"
"phytoplankton_witkowski_2018.xlsx",119,91,0,23.03,"outside age range"
"phytoplankton_witkowski_2018.xlsx",120,94,0,23.03,"outside age range"
"phytoplankton_witkowski_2018.xlsx",121,94,0,23.03,"outside age range"
"phytoplankton_witkowski_2018.xlsx",122,94,0,23.03,"outside age range"
"phytoplankton_witkowski_2018.xlsx",123,94,0,23.03,"outside age range"
"phytoplankton_witkowski_2018.xlsx",124,94,0,23.03,"outside age range"
"phytoplankton_witkowski_2018.xlsx",125,94,0,23.03,"outside age range"
"phytoplankton_witkowski_2018.xlsx",126,94,0,23.03,"outside age range"
"phytoplankton_witkowski_2018.xlsx",127,94,0,23.03,"outside age range"
"phytoplankton_witkowski_2018.xlsx",128,94,0,23.03,"outside age range"
"phytoplankton_witkowski_2018.xlsx",129,94,0,23.03,"outside age range"
"phytoplankton_witkowski_2018.xlsx",130,94,0,23.03,"outside age range"
"phytoplankton_witkowski_2018.xlsx",131,94,0,23.03,"outside age range"
"phytoplankton_witkowski_2018.xlsx",132,94,0,23.03,"outside age range"
"phytoplankton_witkowski_2018.xlsx",133,94,0,23.03,"outside age range"
"phytoplankton_witkowski_2018.xlsx",134,94,0,23.03,"outside age range"
"phytoplankton_witkowski_2018.xlsx",135,94,0,23.03,"outside age range"
"phytoplankton_witkowski_2018.xlsx",136,95,0,23.03,"outside age range"
"phytoplankton_witkowski_2018.xlsx",137,95,0,23.03,"outside age range"
"phytoplankton_witkowski_2018.xlsx",138,95,0,23.03,"outside age range"
"phytoplankton_witkowski_2018.xlsx",139,95,0,23.03,"outside age range"
"phytoplankton_witkowski_2018.xlsx",140,95,0,23.03,"outside age range"
"phytoplankton_witkowski_2018.xlsx",141,95,0,23.03,"outside age range"
"phytoplankton_witkowski_2018.xlsx",142,95,0,23.03,"outside age range"
"phytoplankton_witkowski_2018.xlsx",143,95,0,23.03,"outside age range"
"phytoplankton_witkowski_2018.xlsx",144,95,0,23.03,"outside age range"
"phytoplankton_witkowski_2018.xlsx",145,95,0,23.03,"outside age range"
"phytoplankton_witkowski_2018.xlsx",146,95,0,23.03,"outside age range"
"phytoplankton_witkowski_2018.xlsx",147,95,0,23.03,"outside age range"
"phytoplankton_witkowski_2018.xlsx",148,95,0,23.03,"outside age range"
"phytoplankton_witkowski_2018.xlsx",149,95.5,0,23.03,"outside age range"
"phytoplankton_witkowski_2018.xlsx",150,95.9,0,23.03,"outside age range"
"phytoplankton_witkowski_2018.xlsx",151,96,0,23.03,"outside age range"
"phytoplankton_witkowski_2018.xlsx",152,96,0,23.03,"outside age range"
"phytoplankton_witkowski_2018.xlsx",153,96,0,23.03,"outside age range"
"phytoplankton_witkowski_2018.xlsx",154,96,0,23.03,"outside age range"
"phytoplankton_witkowski_2018.xlsx",155,95.45,0,23.03,"outside age range"
"phytoplankton_witkowski_2018.xlsx",156,96,0,23.03,"outside age range"
"phytoplankton_witkowski_2018.xlsx",157,96,0,23.03,"outside age range"
"phytoplankton_witkowski_2018.xlsx",158,96,0,23.03,"outside age range"
"phytoplankton_witkowski_2018.xlsx",159,96,0,23.03,"outside age range"
"phytoplankton_witkowski_2018.xlsx",160,96,0,23.03,"outside age range"
"phytoplankton_witkowski_2018.xlsx",161,96,0,23.03,"outside age range"
"phytoplankton_witkowski_2018.xlsx",162,96,0,23.03,"outside age range"
"phytoplankton_witkowski_2018.xlsx",163,96,0,23.03,"outside age range"
"phytoplankton_witkowski_2018.xlsx",164,96,0,23.03,"outside age range"
"phytoplankton_witkowski_2018.xlsx",165,96.3,0,23.03,"outside age range"
"phytoplankton_witkowski_2018.xlsx",166,96.7,0,23.03,"outside age range"
"phytoplankton_witkowski_2018.xlsx",167,97,0,23.03,"outside age range"
"phytoplankton_witkowski_2018.xlsx",168,97,0,23.03,"outside age range"
"phytoplankton_witkowski_2018.xlsx",169,97,0,23.03,"outside age range"
"phytoplankton_witkowski_2018.xlsx",170,97,0,23.03,"outside age range"
"phytoplankton_witkowski_2018.xlsx",171,97,0,23.03,"outside age range"
"phytoplankton_witkowski_2018.xlsx",172,97,0,23.03,"outside age range"
"phytoplankton_witkowski_2018.xlsx",173,97,0,23.03,"outside age range"
"phytoplankton_witkowski_2018.xlsx",174,97,0,23.03,"outside age range"
"phytoplankton_witkowski_2018.xlsx",175,97,0,23.03,"outside age range"
"phytoplankton_witkowski_2018.xlsx",176,97,0,23.03,"outside age range"
"phytoplankton_witkowski_2018.xlsx",177,97,0,23.03,"outside age range"
"phytoplankton_witkowski_2018.xlsx",178,97,0,23.03,"outside age range"
"phytoplankton_witkowski_2018.xlsx",179,99,0,23.03,"outside age range"
"phytoplankton_witkowski_2018.xlsx",180,102,0,23.03,"outside age range"
"phytoplankton_witkowski_2018.xlsx",181,102,0,23.03,"outside age range"
"phytoplankton_witkowski_2018.xlsx",182,111,0,23.03,"outside age range"
"phytoplankton_witkowski_2018.xlsx",183,115,0,23.03,"outside age range"
"phytoplankton_witkowski_2018.xlsx",184,115,0,23.03,"outside age range"
"phytoplankton_witkowski_2018.xlsx",185,116,0,23.03,"outside age range"
"phytoplankton_witkowski_2018.xlsx",186,116,0,23.03,"outside age range"
"phytoplankton_witkowski_2018.xlsx",187,116,0,23.03,"outside age range"
"phytoplankton_witkowski_2018.xlsx",188,117,0,23.03,"outside age range"
"phytoplankton_witkowski_2018.xlsx",189,117,0,23.03,"outside age range"
"phytoplankton_witkowski_2018.xlsx",190,117,0,23.03,"outside age range"
"phytoplankton_witkowski_2018.xlsx",191,118,0,23.03,"outside age range"
"phytoplankton_witkowski_2018.xlsx",192,120,0,23.03,"outside age range"
"phytoplankton_witkowski_2018.xlsx",193,122,0,23.03,"outside age range"
"phytoplankton_witkowski_2018.xlsx",194,122,0,23.03,"outside age range"
"phytoplankton_witkowski_2018.xlsx",195,122,0,23.03,"outside age range"
"phytoplankton_witkowski_2018.xlsx",196,124,0,23.03,"outside age range"
"phytoplankton_witkowski_2018.xlsx",197,140,0,23.03,"outside age range"
"phytoplankton_witkowski_2018.xlsx",198,140,0,23.03,"outside age range"
"phytoplankton_witkowski_2018.xlsx",199,144,0,23.03,"outside age range"
"phytoplankton_witkowski_2018.xlsx",200,145,0,23.03,"outside age range"
"phytoplankton_witkowski_2018.xlsx",201,145,0,23.03,"outside age range"
"phytoplankton_witkowski_2018.xlsx",202,145,0,23.03,"outside age range"
"phytoplankton_witkowski_2018.xlsx",203,145,0,23.03,"outside age range"
"phytoplankton_witkowski_2018.xlsx",204,145,0,23.03,"outside age range"
"phytoplankton_witkowski_2018.xlsx",205,146,0,23.03,"outside age range"
"phytoplankton_witkowski_2018.xlsx",206,146,0,23.03,"outside age range"
"phytoplankton_witkowski_2018.xlsx",207,146,0,23.03,"outside age range"
"phytoplankton_witkowski_2018.xlsx",208,147,0,23.03,"outside age range"
"phytoplankton_witkowski_2018.xlsx",209,148,0,23.03,"outside age range"
"phytoplankton_witkowski_2018.xlsx",210,148,0,23.03,"outside age range"
"phytoplankton_witkowski_2018.xlsx",211,148,0,23.03,"outside age range"
"phytoplankton_witkowski_2018.xlsx",212,149,0,23.03,"outside age range"
"phytoplankton_witkowski_2018.xlsx",213,149,0,23.03,"outside age range"
"phytoplankton_witkowski_2018.xlsx",214,150,0,23.03,"outside age range"
"phytoplankton_witkowski_2018.xlsx",215,150,0,23.03,"outside age range"
"phytoplankton_witkowski_2018.xlsx",216,150,0,23.03,"outside age range"
"phytoplankton_witkowski_2018.xlsx",217,154.7,0,23.03,"outside age range"
"phytoplankton_witkowski_2018.xlsx",218,154.7,0,23.03,"outside age range"
"phytoplankton_witkowski_2018.xlsx",219,154.7,0,23.03,"outside age range"
"phytoplankton_witkowski_2018.xlsx",220,154.7,0,23.03,"outside age range"
"phytoplankton_witkowski_2018.xlsx",221,154.7,0,23.03,"outside age range"
"phytoplankton_witkowski_2018.xlsx",222,154.7,0,23.03,"outside age range"
"phytoplankton_witkowski_2018.xlsx",223,154.7,0,23.03,"outside age range"
"phytoplankton_witkowski_2018.xlsx",224,154.7,0,23.03,"outside age range"
"phytoplankton_witkowski_2018.xlsx",225,154.7,0,23.03,"outside age range"
"phytoplankton_witkowski_2018.xlsx",226,155,0,23.03,"outside age range"
"phytoplankton_witkowski_2018.xlsx",227,155,0,23.03,"outside age range"
"phytoplankton_witkowski_2018.xlsx",228,159,0,23.03,"outside age range"
"phytoplankton_witkowski_2018.xlsx",229,159,0,23.03,"outside age range"
"phytoplankton_witkowski_2018.xlsx",230,177,0,23.03,"outside age range"
"phytoplankton_witkowski_2018.xlsx",231,177,0,23.03,"outside age range"
"phytoplankton_witkowski_2018.xlsx",232,178,0,23.03,"outside age range"
"phytoplankton_witkowski_2018.xlsx",233,178,0,23.03,"outside age range"
"phytoplankton_witkowski_2018.xlsx",234,178,0,23.03,"outside age range"
"phytoplankton_witkowski_2018.xlsx",235,178,0,23.03,"outside age range"
"phytoplankton_witkowski_2018.xlsx",236,178,0,23.03,"outside age range"
"phytoplankton_witkowski_2018.xlsx",237,178,0,23.03,"outside age range"
"phytoplankton_witkowski_2018.xlsx",238,178,0,23.03,"outside age range"
"phytoplankton_witkowski_2018.xlsx",239,179,0,23.03,"outside age range"
"phytoplankton_witkowski_2018.xlsx",240,179,0,23.03,"outside age range"
"phytoplankton_witkowski_2018.xlsx",241,180,0,23.03,"outside age range"
"phytoplankton_witkowski_2018.xlsx",242,180,0,23.03,"outside age range"
"phytoplankton_witkowski_2018.xlsx",243,181,0,23.03,"outside age range"
"phytoplankton_witkowski_2018.xlsx",244,181,0,23.03,"outside age range"
"phytoplankton_witkowski_2018.xlsx",245,182,0,23.03,"outside age range"
"phytoplankton_witkowski_2018.xlsx",246,182,0,23.03,"outside age range"
"phytoplankton_witkowski_2018.xlsx",247,184,0,23.03,"outside age range"
"phytoplankton_witkowski_2018.xlsx",248,200,0,23.03,"outside age range"
"phytoplankton_witkowski_2018.xlsx",249,205,0,23.03,"outside age range"
"phytoplankton_witkowski_2018.xlsx",250,226,0,23.03,"outside age range"
"phytoplankton_witkowski_2018.xlsx",251,226,0,23.03,"outside age range"
"phytoplankton_witkowski_2018.xlsx",252,226,0,23.03,"outside age range"
"phytoplankton_witkowski_2018.xlsx",253,237,0,23.03,"outside age range"
"phytoplankton_witkowski_2018.xlsx",254,242,0,23.03,"outside age range"
"phytoplankton_witkowski_2018.xlsx",255,246,0,23.03,"outside age range"
"phytoplankton_witkowski_2018.xlsx",256,247,0,23.03,"outside age range"
"phytoplankton_witkowski_2018.xlsx",257,247,0,23.03,"outside age range"
"phytoplankton_witkowski_2018.xlsx",258,248,0,23.03,"outside age range"
"phytoplankton_witkowski_2018.xlsx",259,253,0,23.03,"outside age range"
"phytoplankton_witkowski_2018.xlsx",260,253,0,23.03,"outside age range"
"phytoplankton_witkowski_2018.xlsx",261,256,0,23.03,"outside age range"
"phytoplankton_witkowski_2018.xlsx",262,262,0,23.03,"outside age range"
"phytoplankton_witkowski_2018.xlsx",263,262,0,23.03,"outside age range"
"phytoplankton_witkowski_2018.xlsx",264,343,0,23.03,"outside age range"
"phytoplankton_witkowski_2018.xlsx",265,355,0,23.03,"outside age range"
"phytoplankton_witkowski_2018.xlsx",266,355,0,23.03,"outside age range"
"phytoplankton_witkowski_2018.xlsx",267,372,0,23.03,"outside age range"
"phytoplankton_witkowski_2018.xlsx",268,372,0,23.03,"outside age range"
"phytoplankton_witkowski_2018.xlsx",269,377,0,23.03,"outside age range"
"phytoplankton_witkowski_2018.xlsx",270,377,0,23.03,"outside age range"
"phytoplankton_witkowski_2018.xlsx",271,377,0,23.03,"outside age range"
"phytoplankton_witkowski_2018.xlsx",272,378,0,23.03,"outside age range"
"phytoplankton_witkowski_2018.xlsx",273,378,0,23.03,"outside age range"
"phytoplankton_witkowski_2018.xlsx",274,378,0,23.03,"outside age range"
"phytoplankton_witkowski_2018.xlsx",275,379,0,23.03,"outside age range"
"phytoplankton_witkowski_2018.xlsx",276,379,0,23.03,"outside age range"
"phytoplankton_witkowski_2018.xlsx",277,379,0,23.03,"outside age range"
"phytoplankton_witkowski_2018.xlsx",278,379,0,23.03,"outside age range"
"phytoplankton_witkowski_2018.xlsx",279,379,0,23.03,"outside age range"
"phytoplankton_witkowski_2018.xlsx",280,379,0,23.03,"outside age range"
"phytoplankton_witkowski_2018.xlsx",281,380,0,23.03,"outside age range"
"phytoplankton_witkowski_2018.xlsx",282,383,0,23.03,"outside age range"
"phytoplankton_witkowski_2018.xlsx",283,383,0,23.03,"outside age range"
"phytoplankton_witkowski_2018.xlsx",284,383,0,23.03,"outside age range"
"phytoplankton_witkowski_2018.xlsx",285,383,0,23.03,"outside age range"
"phytoplankton_witkowski_2018.xlsx",286,383,0,23.03,"outside age range"
"phytoplankton_witkowski_2018.xlsx",287,388,0,23.03,"outside age range"
"phytoplankton_witkowski_2018.xlsx",288,431.5,0,23.03,"outside age range"
"phytoplankton_witkowski_2018.xlsx",289,438,0,23.03,"outside age range"
"phytoplankton_witkowski_2018.xlsx",290,450,0,23.03,"outside age range"
"phytoplankton_witkowski_2018.xlsx",291,450,0,23.03,"outside age range"
"phytoplankton_witkowski_2018.xlsx",292,450,0,23.03,"outside age range"
"phytoplankton_witkowski_2018.xlsx",293,450,0,23.03,"outside age range"
"phytoplankton_witkowski_2018.xlsx",294,450,0,23.03,"outside age range"
"phytoplankton_witkowski_2018.xlsx",295,450,0,23.03,"outside age range"
"phytoplankton_witkowski_2018.xlsx",296,450,0,23.03,"outside age range"
"phytoplankton_witkowski_2018.xlsx",297,450,0,23.03,"outside age range"
"phytoplankton_witkowski_2018.xlsx",298,450,0,23.03,"outside age range"
"phytoplankton_witkowski_2018.xlsx",299,450,0,23.03,"outside age range"
"phytoplankton_witkowski_2018.xlsx",300,450,0,23.03,"outside age range"
"phytoplankton_witkowski_2018.xlsx",301,452,0,23.03,"outside age range"
"phytoplankton_witkowski_2018.xlsx",302,455,0,23.03,"outside age range"
"phytoplankton_witkowski_2018.xlsx",303,455,0,23.03,"outside age range"
"phytoplankton_witkowski_2018.xlsx",304,455,0,23.03,"outside age range"
"phytoplankton_witkowski_2018.xlsx",305,455,0,23.03,"outside age range"
"phytoplankton_witkowski_2018.xlsx",306,455,0,23.03,"outside age range"
"phytoplankton_witkowski_2018.xlsx",307,455,0,23.03,"outside age range"
"phytoplankton_witkowski_2018.xlsx",308,455,0,23.03,"outside age range"
"phytoplankton_witkowski_2018.xlsx",309,455,0,23.03,"outside age range"
"phytoplankton_zhang_2013.xlsx",4,0.02,0,23.03,"included"
"phytoplankton_zhang_2013.xlsx",5,0.028,0,23.03,"included"
"phytoplankton_zhang_2013.xlsx",6,0.0335,0,23.03,"included"
"phytoplankton_zhang_2013.xlsx",7,0.0412,0,23.03,"included"
"phytoplankton_zhang_2013.xlsx",8,0.0583,0,23.03,"included"
"phytoplankton_zhang_2013.xlsx",9,0.0736,0,23.03,"included"
"phytoplankton_zhang_2013.xlsx",10,0.0893,0,23.03,"included"
"phytoplankton_zhang_2013.xlsx",11,0.1054,0,23.03,"included"
"phytoplankton_zhang_2013.xlsx",12,0.1132,0,23.03,"included"
"phytoplankton_zhang_2013.xlsx",13,0.1336,0,23.03,"included"
"phytoplankton_zhang_2013.xlsx",14,0.1465,0,23.03,"included"
"phytoplankton_zhang_2013.xlsx",15,0.1562,0,23.03,"included"
"phytoplankton_zhang_2013.xlsx",16,0.1666,0,23.03,"included"
"phytoplankton_zhang_2013.xlsx",17,0.31,0,23.03,"included"
"phytoplankton_zhang_2013.xlsx",18,0.431,0,23.03,"included"
"phytoplankton_zhang_2013.xlsx",19,0.5753,0,23.03,"included"
"phytoplankton_zhang_2013.xlsx",20,0.9287,0,23.03,"included"
"phytoplankton_zhang_2013.xlsx",21,1.046,0,23.03,"included"
"phytoplankton_zhang_2013.xlsx",22,1.191,0,23.03,"included"
"phytoplankton_zhang_2013.xlsx",23,1.206,0,23.03,"included"
"phytoplankton_zhang_2013.xlsx",24,1.2188,0,23.03,"included"
"phytoplankton_zhang_2013.xlsx",25,1.2322,0,23.03,"included"
"phytoplankton_zhang_2013.xlsx",26,1.25,0,23.03,"included"
"phytoplankton_zhang_2013.xlsx",27,1.272,0,23.03,"included"
"phytoplankton_zhang_2013.xlsx",28,1.2846,0,23.03,"included"
"phytoplankton_zhang_2013.xlsx",29,1.3512,0,23.03,"included"
"phytoplankton_zhang_2013.xlsx",30,1.6407,0,23.03,"included"
"phytoplankton_zhang_2013.xlsx",31,1.7295,0,23.03,"included"
"phytoplankton_zhang_2013.xlsx",32,1.965,0,23.03,"included"
"phytoplankton_zhang_2013.xlsx",33,2.0926,0,23.03,"included"
"phytoplankton_zhang_2013.xlsx",34,2.1915,0,23.03,"included"
"phytoplankton_zhang_2013.xlsx",35,2.2968,0,23.03,"included"
"phytoplankton_zhang_2013.xlsx",36,2.402,0,23.03,"included"
"phytoplankton_zhang_2013.xlsx",37,2.587,0,23.03,"included"
"phytoplankton_zhang_2013.xlsx",38,2.6043,0,23.03,"included"
"phytoplankton_zhang_2013.xlsx",39,2.718,0,23.03,"included"
"phytoplankton_zhang_2013.xlsx",40,2.94,0,23.03,"included"
"phytoplankton_zhang_2013.xlsx",41,3.082,0,23.03,"included"
"phytoplankton_zhang_2013.xlsx",42,3.1313,0,23.03,"included"
"phytoplankton_zhang_2013.xlsx",43,3.321,0,23.03,"included"
"phytoplankton_zhang_2013.xlsx",44,3.364,0,23.03,"included"
"phytoplankton_zhang_2013.xlsx",45,3.457,0,23.03,"included"
"phytoplankton_zhang_2013.xlsx",46,3.51,0,23.03,"included"
"phytoplankton_zhang_2013.xlsx",47,3.522,0,23.03,"included"
"phytoplankton_zhang_2013.xlsx",48,3.673,0,23.03,"included"
"phytoplankton_zhang_2013.xlsx",49,3.8485,0,23.03,"included"
"phytoplankton_zhang_2013.xlsx",50,3.9855,0,23.03,"included"
"phytoplankton_zhang_2013.xlsx",51,4.1062,0,23.03,"included"
"phytoplankton_zhang_2013.xlsx",52,4.4475,0,23.03,"included"
"phytoplankton_zhang_2013.xlsx",53,4.7762,0,23.03,"included"
"phytoplankton_zhang_2013.xlsx",54,7.15,0,23.03,"included"
"phytoplankton_zhang_2013.xlsx",55,14.1,0,23.03,"included"
"phytoplankton_zhang_2013.xlsx",56,14.74,0,23.03,"included"
"phytoplankton_zhang_2013.xlsx",57,15.1,0,23.03,"included"
"phytoplankton_zhang_2013.xlsx",58,15.84,0,23.03,"included"
"phytoplankton_zhang_2013.xlsx",59,16.82,0,23.03,"included"
"phytoplankton_zhang_2013.xlsx",60,18.26,0,23.03,"included"
"phytoplankton_zhang_2013.xlsx",61,20.3,0,23.03,"included"
"phytoplankton_zhang_2013.xlsx",62,22.94,0,23.03,"included"
"phytoplankton_zhang_2013.xlsx",63,23.48,0,23.03,"outside age range"
"phytoplankton_zhang_2013.xlsx",64,25.3,0,23.03,"outside age range"
"phytoplankton_zhang_2013.xlsx",65,26.57,0,23.03,"outside age range"
"phytoplankton_zhang_2013.xlsx",66,27.85,0,23.03,"outside age range"
"phytoplankton_zhang_2013.xlsx",67,28.78,0,23.03,"outside age range"
"phytoplankton_zhang_2013.xlsx",68,29.21,0,23.03,"outside age range"
"phytoplankton_zhang_2013.xlsx",69,29.57,0,23.03,"outside age range"
"phytoplankton_zhang_2013.xlsx",70,29.64,0,23.03,"outside age range"
"phytoplankton_zhang_2013.xlsx",71,30.62,0,23.03,"outside age range"
"phytoplankton_zhang_2013.xlsx",72,31.27,0,23.03,"outside age range"
"phytoplankton_zhang_2013.xlsx",73,32.04,0,23.03,"outside age range"
"phytoplankton_zhang_2013.xlsx",74,32.58,0,23.03,"outside age range"
"phytoplankton_zhang_2013.xlsx",75,32.83,0,23.03,"outside age range"
"phytoplankton_zhang_2013.xlsx",76,32.91,0,23.03,"outside age range"
"phytoplankton_zhang_2013.xlsx",77,32.97,0,23.03,"outside age range"
"phytoplankton_zhang_2013.xlsx",78,33.45,0,23.03,"outside age range"
"phytoplankton_zhang_2013.xlsx",79,33.57,0,23.03,"outside age range"
"phytoplankton_zhang_2013.xlsx",80,33.69,0,23.03,"outside age range"
"phytoplankton_zhang_2013.xlsx",81,34.69,0,23.03,"outside age range"
"phytoplankton_zhang_2013.xlsx",82,35.29,0,23.03,"outside age range"
"phytoplankton_zhang_2013.xlsx",83,35.56,0,23.03,"outside age range"
"phytoplankton_zhang_2013.xlsx",84,35.86,0,23.03,"outside age range"
"phytoplankton_zhang_2013.xlsx",85,36.09,0,23.03,"outside age range"
"phytoplankton_zhang_2013.xlsx",86,36.48,0,23.03,"outside age range"
"phytoplankton_zhang_2013.xlsx",87,36.81,0,23.03,"outside age range"
"phytoplankton_zhang_2013.xlsx",88,37.1,0,23.03,"outside age range"
"phytoplankton_zhang_2013.xlsx",89,37.43,0,23.03,"outside age range"
"phytoplankton_zhang_2013.xlsx",90,38.55,0,23.03,"outside age range"
"phytoplankton_zhang_2013.xlsx",91,38.25,0,23.03,"outside age range"
"phytoplankton_zhang_2013.xlsx",92,38.62,0,23.03,"outside age range"
"phytoplankton_zhang_2017.xlsx",4,0,0,23.03,"included"
"phytoplankton_zhang_2017.xlsx",5,0,0,23.03,"included"
"phytoplankton_zhang_2017.xlsx",6,0.12043,0,23.03,"included"
"phytoplankton_zhang_2017.xlsx",7,0.2728,0,23.03,"included"
"phytoplankton_zhang_2017.xlsx",8,0.57755,0,23.03,"included"
"phytoplankton_zhang_2017.xlsx",9,0.72484,0,23.03,"included"
"phytoplankton_zhang_2017.xlsx",10,0.87722,0,23.03,"included"
"phytoplankton_zhang_2017.xlsx",11,1.02959,0,23.03,"included"
"phytoplankton_zhang_2017.xlsx",12,1.34772,0,23.03,"included"
"phytoplankton_zhang_2017.xlsx",13,1.50634,0,23.03,"included"
"phytoplankton_zhang_2017.xlsx",14,1.66275,0,23.03,"included"
"phytoplankton_zhang_2017.xlsx",15,1.81543,0,23.03,"included"
"phytoplankton_zhang_2017.xlsx",16,1.96812,0,23.03,"included"
"phytoplankton_zhang_2017.xlsx",17,2.12046,0,23.03,"included"
"phytoplankton_zhang_2017.xlsx",18,2.25489,0,23.03,"included"
"phytoplankton_zhang_2017.xlsx",19,2.38707,0,23.03,"included"
"phytoplankton_zhang_2017.xlsx",20,2.5215,0,23.03,"included"
"phytoplankton_zhang_2017.xlsx",21,2.65592,0,23.03,"included"
"phytoplankton_zhang_2017.xlsx",22,2.79035,0,23.03,"included"
"phytoplankton_zhang_2017.xlsx",23,2.92477,0,23.03,"included"
"phytoplankton_zhang_2017.xlsx",24,3.17122,0,23.03,"included"
"phytoplankton_zhang_2017.xlsx",25,3.44903,0,23.03,"included"
"phytoplankton_zhang_2017.xlsx",26,3.46471,0,23.03,"included"
"phytoplankton_zhang_2017.xlsx",27,3.70588,0,23.03,"included"
"phytoplankton_zhang_2017.xlsx",28,3.75885,0,23.03,"included"
"phytoplankton_zhang_2017.xlsx",29,3.92063,0,23.03,"included"
"phytoplankton_zhang_2017.xlsx",30,4.07632,0,23.03,"included"
"phytoplankton_zhang_2017.xlsx",31,4.13537,0,23.03,"included"
"phytoplankton_zhang_2017.xlsx",32,4.36802,0,23.03,"included"
"phytoplankton_zhang_2017.xlsx",33,4.39307,0,23.03,"included"
"phytoplankton_zhang_2017.xlsx",34,4.56487,0,23.03,"included"
"phytoplankton_zhang_2017.xlsx",35,4.70983,0,23.03,"included"
"phytoplankton_zhang_2017.xlsx",36,4.77962,0,23.03,"included"
"phytoplankton_zhang_2017.xlsx",37,4.99079,0,23.03,"included"
"phytoplankton_zhang_2017.xlsx",38,4.99437,0,23.03,"included"
"phytoplankton_zhang_2017.xlsx",39,5.21451,0,23.03,"included"
"phytoplankton_zhang_2017.xlsx",40,5.39674,0,23.03,"included"
"phytoplankton_zhang_2017.xlsx",41,5.57897,0,23.03,"included"
"phytoplankton_zhang_2017.xlsx",42,5.76121,0,23.03,"included"
"phytoplankton_zhang_2017.xlsx",43,5.94344,0,23.03,"included"
"phytoplankton_zhang_2017.xlsx",44,6.30322,0,23.03,"included"
"phytoplankton_zhang_2017.xlsx",45,6.45471,0,23.03,"included"
"phytoplankton_zhang_2017.xlsx",46,0.09557,0,23.03,"included"
"phytoplankton_zhang_2017.xlsx",47,0.21529,0,23.03,"included"
"phytoplankton_zhang_2017.xlsx",48,0.44877,0,23.03,"included"
"phytoplankton_zhang_2017.xlsx",49,0.64506,0,23.03,"included"
"phytoplankton_zhang_2017.xlsx",50,0.72015,0,23.03,"included"
"phytoplankton_zhang_2017.xlsx",51,0.77692,0,23.03,"included"
"phytoplankton_zhang_2017.xlsx",52,0.82386,0,23.03,"included"
"phytoplankton_zhang_2017.xlsx",53,0.85515,0,23.03,"included"
"phytoplankton_zhang_2017.xlsx",54,0.92667,0,23.03,"included"
"phytoplankton_zhang_2017.xlsx",55,0.99819,0,23.03,"included"
"phytoplankton_zhang_2017.xlsx",56,1.05183,0,23.03,"included"
"phytoplankton_zhang_2017.xlsx",57,1.12335,0,23.03,"included"
"phytoplankton_zhang_2017.xlsx",58,1.17922,0,23.03,"included"
"phytoplankton_zhang_2017.xlsx",59,1.1904,0,23.03,"included"
"phytoplankton_zhang_2017.xlsx",60,1.21945,0,23.03,"included"
"phytoplankton_zhang_2017.xlsx",61,1.2342,0,23.03,"included"
"phytoplankton_zhang_2017.xlsx",62,1.25074,0,23.03,"included"
"phytoplankton_zhang_2017.xlsx",63,1.26862,0,23.03,"included"
"phytoplankton_zhang_2017.xlsx",64,1.26415,0,23.03,"included"
"phytoplankton_zhang_2017.xlsx",65,1.31779,0,23.03,"included"
"phytoplankton_zhang_2017.xlsx",66,1.65528,0,23.03,"included"
"phytoplankton_zhang_2017.xlsx",67,1.74925,0,23.03,"included"
"phytoplankton_zhang_2017.xlsx",68,1.80035,0,23.03,"included"
"phytoplankton_zhang_2017.xlsx",69,1.85414,0,23.03,"included"
"phytoplankton_zhang_2017.xlsx",70,1.90793,0,23.03,"included"
"phytoplankton_zhang_2017.xlsx",71,1.99269,0,23.03,"included"
"phytoplankton_zhang_2017.xlsx",72,2.22691,0,23.03,"included"
"phytoplankton_zhang_2017.xlsx",73,2.27981,0,23.03,"included"
"phytoplankton_zhang_2017.xlsx",74,2.35758,0,23.03,"included"
"phytoplankton_zhang_2017.xlsx",75,2.40496,0,23.03,"included"
"phytoplankton_zhang_2017.xlsx",76,2.45798,0,23.03,"included"
"phytoplankton_zhang_2017.xlsx",77,2.5016,0,23.03,"included"
"phytoplankton_zhang_2017.xlsx",78,2.5322,0,23.03,"included"
"phytoplankton_zhang_2017.xlsx",79,2.52358,0,23.03,"included"
"phytoplankton_zhang_2017.xlsx",80,2.60847,0,23.03,"included"
"phytoplankton_zhang_2017.xlsx",81,2.70496,0,23.03,"included"
"phytoplankton_zhang_2017.xlsx",82,2.80498,0,23.03,"included"
"phytoplankton_zhang_2017.xlsx",83,2.89839,0,23.03,"included"
"phytoplankton_zhang_2017.xlsx",84,2.99791,0,23.03,"included"
"phytoplankton_zhang_2017.xlsx",85,3.07133,0,23.03,"included"
"phytoplankton_zhang_2017.xlsx",86,3.17143,0,23.03,"included"
"phytoplankton_zhang_2017.xlsx",87,3.24542,0,23.03,"included"
"phytoplankton_zhang_2017.xlsx",88,3.45479,0,23.03,"included"
"phytoplankton_zhang_2017.xlsx",89,3.54083,0,23.03,"included"
"phytoplankton_zhang_2017.xlsx",90,3.74655,0,23.03,"included"
"phytoplankton_zhang_2017.xlsx",91,3.94777,0,23.03,"included"
"phytoplankton_zhang_2017.xlsx",92,4.10539,0,23.03,"included"
"phytoplankton_zhang_2017.xlsx",93,4.25543,0,23.03,"included"
"phytoplankton_zhang_2017.xlsx",94,4.437,0,23.03,"included"
"phytoplankton_zhang_2017.xlsx",95,4.59258,0,23.03,"included"
"phytoplankton_zhang_2017.xlsx",96,4.75286,0,23.03,"included"
"phytoplankton_zhang_2017.xlsx",97,4.94009,0,23.03,"included"
"phytoplankton_zhang_2017.xlsx",98,5.13346,0,23.03,"included"
"phytoplankton_zhang_2017.xlsx",99,5.26212,0,23.03,"included"
"phytoplankton_zhang_2017.xlsx",100,5.56497,0,23.03,"included"
"phytoplankton_zhang_2017.xlsx",101,5.85539,0,23.03,"included"
"phytoplankton_zhang_2017.xlsx",102,6.03479,0,23.03,"included"
"phytoplankton_zhang_2017.xlsx",103,6.19027,0,23.03,"included"
"phytoplankton_zhang_2017.xlsx",104,6.36967,0,23.03,"included"
"phytoplankton_zhang_2017.xlsx",105,6.52515,0,23.03,"included"
"phytoplankton_zhang_2017.xlsx",106,0.42517,0,23.03,"included"
"phytoplankton_zhang_2017.xlsx",107,1.47648,0,23.03,"included"
"phytoplankton_zhang_2017.xlsx",108,3.89045,0,23.03,"included"
"phytoplankton_zhang_2017.xlsx",109,4.04807,0,23.03,"included"
"phytoplankton_zhang_2017.xlsx",110,4.20569,0,23.03,"included"
"phytoplankton_zhang_2017.xlsx",111,4.35308,0,23.03,"included"
"phytoplankton_zhang_2017.xlsx",112,4.52093,0,23.03,"included"
"phytoplankton_zhang_2017.xlsx",113,4.67957,0,23.03,"included"
"phytoplankton_zhang_2017.xlsx",114,4.83784,0,23.03,"included"
"phytoplankton_zhang_2017.xlsx",115,5.06176,0,23.03,"included"
"phytoplankton_zhang_2017.xlsx",116,5.48253,0,23.03,"included"
"phytoplankton_zhang_2017.xlsx",117,5.84403,0,23.03,"included"
"phytoplankton_zhang_2017.xlsx",118,6.02821,0,23.03,"included"
"phytoplankton_zhang_2017.xlsx",119,6.2124,0,23.03,"included"
"phytoplankton_zhang_2017.xlsx",120,6.39658,0,23.03,"included"
"phytoplankton_zhang_2019.xlsx",4,0.01659048,0,23.03,"included"
"phytoplankton_zhang_2019.xlsx",5,0.02999447,0,23.03,"included"
"phytoplankton_zhang_2019.xlsx",6,0.03954827,0,23.03,"included"
"phytoplankton_zhang_2019.xlsx",7,0.04910211,0,23.03,"included"
"phytoplankton_zhang_2019.xlsx",8,0.06147872,0,23.03,"included"
"phytoplankton_zhang_2019.xlsx",9,0.0746889,0,23.03,"included"
"phytoplankton_zhang_2019.xlsx",10,0.08938702,0,23.03,"included"
"phytoplankton_zhang_2019.xlsx",11,0.1013744,0,23.03,"included"
"phytoplankton_zhang_2019.xlsx",12,0.1158935,0,23.03,"included"
"phytoplankton_zhang_2019.xlsx",13,0.132497,0,23.03,"included"
"phytoplankton_zhang_2019.xlsx",14,0.1432684,0,23.03,"included"
"phytoplankton_zhang_2019.xlsx",15,0.15369086,0,23.03,"included"
"phytoplankton_zhang_2019.xlsx",16,0.16553608,0,23.03,"included"
"phytoplankton_zhang_2019.xlsx",17,0.03712489,0,23.03,"included"
"phytoplankton_zhang_2019.xlsx",18,0.037591,0,23.03,"included"
"phytoplankton_zhang_2019.xlsx",19,0.09965047,0,23.03,"included"
"phytoplankton_zhang_2019.xlsx",20,0.10005369,0,23.03,"included"
"phytoplankton_zhang_2019.xlsx",21,0.10045691,0,23.03,"included"
"phytoplankton_zhang_2019.xlsx",22,0.12477635,0,23.03,"included"
"phytoplankton_zhang_2019.xlsx",23,0.13750922,0,23.03,"included"
"phytoplankton_zhang_2019.xlsx",24,0.15730934,0,23.03,"included"
"phytoplankton_zhang_2019.xlsx",25,0.15994936,0,23.03,"included"
"phytoplankton_zhang_2019.xlsx",26,0.18238949,0,23.03,"included"
"phytoplankton_zhang_2019.xlsx",27,0.1837095,0,23.03,"included"
"phytoplankton_zhang_2019.xlsx",28,0.21670969,0,23.03,"included"
"phytoplankton_zhang_2019.xlsx",29,0.2180297,0,23.03,"included"
"phytoplankton_zhang_2019.xlsx",30,0.24100451,0,23.03,"included"
"phytoplankton_zhang_2019.xlsx",31,0.24388653,0,23.03,"included"
"phytoplankton_zhang_2019.xlsx",32,0.25321004,0,23.03,"included"
"phytoplankton_zhang_2019.xlsx",33,0.25452784,0,23.03,"included"
"phytoplankton_zhang_2019.xlsx",34,0.26902366,0,23.03,"included"
"phytoplankton_zhang_2019.xlsx",35,0.29274409,0,23.03,"included"
"phytoplankton_zhang_2019.xlsx",36,0.3019687,0,23.03,"included"
"phytoplankton_zhang_2019.xlsx",37,0.30855771,0,23.03,"included"
"phytoplankton_zhang_2019.xlsx",38,0.34330865,0,23.03,"included"
"phytoplankton_zhang_2019.xlsx",39,0.37637624,0,23.03,"included"
"phytoplankton_zhang_2019.xlsx",40,0.00198693,0,23.03,"included"
"phytoplankton_zhang_2019.xlsx",41,0.04083738889,0,23.03,"included"
"phytoplankton_zhang_2019.xlsx",42,0.113572093,0,23.03,"included"
"phytoplankton_zhang_2019.xlsx",43,0.1232337454,0,23.03,"included"
"phytoplankton_zhang_2019.xlsx",44,0.128057612,0,23.03,"included"
"phytoplankton_zhang_2019.xlsx",45,0.136837314,0,23.03,"included"
"phytoplankton_zhang_2019.xlsx",46,0.1385932544,0,23.03,"included"
"phytoplankton_zhang_2019.xlsx",47,0.2009132809,0,23.03,"included"
"phytoplankton_zhang_2019.xlsx",48,0.228526911,0,23.03,"included"
"phytoplankton_zhang_2019.xlsx",49,0.2609115006,0,23.03,"included"
"phytoplankton_zhang_2019.xlsx",50,0.3075195421,0,23.03,"included"
"phytoplankton_zhang_2019.xlsx",51,0.3375755587,0,23.03,"included"
"phytoplankton_zhang_2019.xlsx",52,0.34837506,0,23.03,"included"
"phytoplankton_zhang_2019.xlsx",53,0.4030698368,0,23.03,"included"
"phytoplankton_zhang_2019.xlsx",54,0.4152791813,0,23.03,"included"
"phytoplankton_zhang_2019.xlsx",55,0.4852723185,0,23.03,"included"
"phytoplankton_zhang_2019.xlsx",56,0.6162669419,0,23.03,"included"
"phytoplankton_zhang_2019.xlsx",57,0.6430777904,0,23.03,"included"
"phytoplankton_zhang_2019.xlsx",58,0.7021715786,0,23.03,"included"
"phytoplankton_zhang_2019.xlsx",59,0.7074417171,0,23.03,"included"
"phytoplankton_zhang_2019.xlsx",60,0.7212109903,0,23.03,"included"
"phytoplankton_zhang_2019.xlsx",61,0.7894617602,0,23.03,"included"
"phytoplankton_zhang_2019.xlsx",62,0.0029,0,23.03,"included"
"phytoplankton_zhang_2019.xlsx",63,0.0085,0,23.03,"included"
"phytoplankton_zhang_2019.xlsx",64,0.0151,0,23.03,"included"
"phytoplankton_zhang_2019.xlsx",65,0.016,0,23.03,"included"
"phytoplankton_zhang_2019.xlsx",66,0.0174,0,23.03,"included"
"phytoplankton_zhang_2019.xlsx",67,0.0178,0,23.03,"included"
"phytoplankton_zhang_2019.xlsx",68,0.0191,0,23.03,"included"
"phytoplankton_zhang_2019.xlsx",69,0.0267,0,23.03,"included"
"phytoplankton_zhang_2019.xlsx",70,0.0339,0,23.03,"included"
"phytoplankton_zhang_2019.xlsx",71,0.0462,0,23.03,"included"
"phytoplankton_zhang_2019.xlsx",72,0.0573,0,23.03,"included"
"phytoplankton_zhang_2019.xlsx",73,0.0601,0,23.03,"included"
"phytoplankton_zhang_2019.xlsx",74,0.0618,0,23.03,"included"
"phytoplankton_zhang_2019.xlsx",75,0.0659,0,23.03,"included"
"phytoplankton_zhang_2019.xlsx",76,0.072,0,23.03,"included"
"phytoplankton_zhang_2019.xlsx",77,0.0802,0,23.03,"included"
"phytoplankton_zhang_2019.xlsx",78,0.0815,0,23.03,"included"
"phytoplankton_zhang_2019.xlsx",79,0.0829,0,23.03,"included"
"phytoplankton_zhang_2019.xlsx",80,0.0918,0,23.03,"included"
"phytoplankton_zhang_2019.xlsx",81,0.09311,0,23.03,"included"
"phytoplankton_zhang_2019.xlsx",82,0.0939,0,23.03,"included"
"phytoplankton_zhang_2019.xlsx",83,0.096,0,23.03,"included"
"phytoplankton_zhang_2020.xlsx",4,32.7322731018066,0,23.03,"outside age range"
"phytoplankton_zhang_2020.xlsx",5,33.309211730957,0,23.03,"outside age range"
"phytoplankton_zhang_2020.xlsx",6,33.5326957702637,0,23.03,"outside age range"
"phytoplankton_zhang_2020.xlsx",7,36.3888053894043,0,23.03,"outside age range"
"phytoplankton_zhang_2020.xlsx",8,37.0602684020996,0,23.03,"outside age range"
"phytoplankton_zhang_2020.xlsx",9,32.5897445678711,0,23.03,"outside age range"
"phytoplankton_zhang_2020.xlsx",10,33.0903625488281,0,23.03,"outside age range"
"phytoplankton_zhang_2020.xlsx",11,33.381664276123,0,23.03,"outside age range"
"phytoplankton_zhang_2020.xlsx",12,34.0679092407227,0,23.03,"outside age range"
"phytoplankton_zhang_2020.xlsx",13,34.613109588623,0,23.03,"outside age range"
"phytoplankton_zhang_2020.xlsx",14,35.116024017334,0,23.03,"outside age range"
"phytoplankton_zhang_2020.xlsx",15,30.6120376586914,0,23.03,"outside age range"
"phytoplankton_zhang_2020.xlsx",16,32.4226531982422,0,23.03,"outside age range"
"phytoplankton_zhang_2020.xlsx",17,32.5073776245117,0,23.03,"outside age range"
"phytoplankton_zhang_2020.xlsx",18,33.210578918457,0,23.03,"outside age range"
"phytoplankton_zhang_2020.xlsx",19,33.5992813110352,0,23.03,"outside age range"
"phytoplankton_zhang_2020.xlsx",20,33.9171524047852,0,23.03,"outside age range"
"phytoplankton_zhang_2020.xlsx",21,35.0923728942871,0,23.03,"outside age range"
"phytoplankton_zhang_2020.xlsx",22,35.5222396850586,0,23.03,"outside age range"
"phytoplankton_zhang_2020.xlsx",23,35.8047637939453,0,23.03,"outside age range"
"phytoplankton_zhang_2020.xlsx",24,33.371883392334,0,23.03,"outside age range"
"phytoplankton_zhang_2020.xlsx",25,33.7332611083984,0,23.03,"outside age range"
"phytoplankton_zhang_2020.xlsx",26,35.9020309448242,0,23.03,"outside age range"
"phytoplankton_zhang_2020.xlsx",27,0.03712489,0,23.03,"included"
"phytoplankton_zhang_2020.xlsx",28,0.037591,0,23.03,"included"
"phytoplankton_zhang_2020.xlsx",29,0.09965047,0,23.03,"included"
"phytoplankton_zhang_2020.xlsx",30,0.10005369,0,23.03,"included"
"phytoplankton_zhang_2020.xlsx",31,0.10045691,0,23.03,"included"
"phytoplankton_zhang_2020.xlsx",32,0.12477635,0,23.03,"included"
"phytoplankton_zhang_2020.xlsx",33,0.13750922,0,23.03,"included"
"phytoplankton_zhang_2020.xlsx",34,0.15730934,0,23.03,"included"
"phytoplankton_zhang_2020.xlsx",35,0.15994936,0,23.03,"included"
"phytoplankton_zhang_2020.xlsx",36,0.18238949,0,23.03,"included"
"phytoplankton_zhang_2020.xlsx",37,0.1837095,0,23.03,"included"
"phytoplankton_zhang_2020.xlsx",38,0.21670969,0,23.03,"included"
"phytoplankton_zhang_2020.xlsx",39,0.2180297,0,23.03,"included"
"phytoplankton_zhang_2020.xlsx",40,0.24100451,0,23.03,"included"
"phytoplankton_zhang_2020.xlsx",41,0.24388653,0,23.03,"included"
"phytoplankton_zhang_2020.xlsx",42,0.25321004,0,23.03,"included"
"phytoplankton_zhang_2020.xlsx",43,0.25452784,0,23.03,"included"
"phytoplankton_zhang_2020.xlsx",44,0.26902366,0,23.03,"included"
"phytoplankton_zhang_2020.xlsx",45,0.29274409,0,23.03,"included"
"phytoplankton_zhang_2020.xlsx",46,0.30855771,0,23.03,"included"
"phytoplankton_zhang_2020.xlsx",47,0.34330865,0,23.03,"included"
"phytoplankton_zhang_2020.xlsx",48,0.02999447,0,23.03,"included"
"phytoplankton_zhang_2020.xlsx",49,0.03954827,0,23.03,"included"
"phytoplankton_zhang_2020.xlsx",50,0.04910211,0,23.03,"included"
"phytoplankton_zhang_2020.xlsx",51,0.06147872,0,23.03,"included"
"phytoplankton_zhang_2020.xlsx",52,0.0746889,0,23.03,"included"
"phytoplankton_zhang_2020.xlsx",53,0.08938702,0,23.03,"included"
"phytoplankton_zhang_2020.xlsx",54,0.1013744,0,23.03,"included"
"phytoplankton_zhang_2020.xlsx",55,0.1432684,0,23.03,"included"
