"file","source_row","unique_id","field","linked_id","status","linked_file","linked_source_row","matched_id","age_difference_Ma","latitude_difference","longitude_difference","direction_review","include_TF","linked_include_TF","explanation","linked_explanation","same_measurements"
"phytoplankton_jasper_1990.xlsx",5,"phytoplankton_Jasper_1990_2","parent_id","phytoplankton_Zhang_2019_59","matched","phytoplankton_zhang_2019.xlsx",62,"phytoplankton_zhang_2019_59",0,0,0,TRUE,"F","T","superceded by Zhang et al. (2019)","replaces Jasper and Hayes (1990)",FALSE
"phytoplankton_jasper_1990.xlsx",9,"phytoplankton_Jasper_1990_6","parent_id","phytoplankton_Zhang_2019_60","matched","phytoplankton_zhang_2019.xlsx",63,"phytoplankton_zhang_2019_60",0,0,0,TRUE,"F","T","superceded by Zhang et al. (2019)","replaces Jasper and Hayes (1990)",FALSE
"phytoplankton_jasper_1990.xlsx",10,"phytoplankton_Jasper_1990_7","parent_id","phytoplankton_Zhang_2019_61","matched","phytoplankton_zhang_2019.xlsx",64,"phytoplankton_zhang_2019_61",0,0,0,TRUE,"F","T","superceded by Zhang et al. (2019)","replaces Jasper and Hayes (1990)",FALSE
"phytoplankton_jasper_1990.xlsx",11,"phytoplankton_Jasper_1990_8","parent_id","phytoplankton_Zhang_2019_62","matched","phytoplankton_zhang_2019.xlsx",65,"phytoplankton_zhang_2019_62",0,0,0,TRUE,"F","T","superceded by Zhang et al. (2019)","replaces Jasper and Hayes (1990)",FALSE
"phytoplankton_jasper_1990.xlsx",12,"phytoplankton_Jasper_1990_9","parent_id","phytoplankton_Zhang_2019_63","matched","phytoplankton_zhang_2019.xlsx",66,"phytoplankton_zhang_2019_63",0,0,0,TRUE,"F","T","superceded by Zhang et al. (2019)","replaces Jasper and Hayes (1990)",FALSE
"phytoplankton_jasper_1990.xlsx",13,"phytoplankton_Jasper_1990_10","parent_id","phytoplankton_Zhang_2019_64","matched","phytoplankton_zhang_2019.xlsx",67,"phytoplankton_zhang_2019_64",0,0,0,TRUE,"F","T","superceded by Zhang et al. (2019)","replaces Jasper and Hayes (1990)",FALSE
"phytoplankton_jasper_1990.xlsx",14,"phytoplankton_Jasper_1990_11","parent_id","phytoplankton_Zhang_2019_65","matched","phytoplankton_zhang_2019.xlsx",68,"phytoplankton_zhang_2019_65",0,0,0,TRUE,"F","T","superceded by Zhang et al. (2019)","replaces Jasper and Hayes (1990)",FALSE
"phytoplankton_jasper_1990.xlsx",16,"phytoplankton_Jasper_1990_13","parent_id","phytoplankton_Zhang_2019_66","matched","phytoplankton_zhang_2019.xlsx",69,"phytoplankton_zhang_2019_66",0,0,0,TRUE,"F","T","superceded by Zhang et al. (2019)","replaces Jasper and Hayes (1990)",FALSE
"phytoplankton_jasper_1990.xlsx",17,"phytoplankton_Jasper_1990_14","parent_id","phytoplankton_Zhang_2019_67","matched","phytoplankton_zhang_2019.xlsx",70,"phytoplankton_zhang_2019_67",0,0,0,TRUE,"F","T","superceded by Zhang et al. (2019)","replaces Jasper and Hayes (1990)",FALSE
"phytoplankton_jasper_1990.xlsx",18,"phytoplankton_Jasper_1990_15","parent_id","phytoplankton_Zhang_2019_68","matched","phytoplankton_zhang_2019.xlsx",71,"phytoplankton_zhang_2019_68",0,0,0,TRUE,"F","T","superceded by Zhang et al. (2019)","replaces Jasper and Hayes (1990)",FALSE
"phytoplankton_jasper_1990.xlsx",19,"phytoplankton_Jasper_1990_16","parent_id","phytoplankton_Zhang_2019_69","matched","phytoplankton_zhang_2019.xlsx",72,"phytoplankton_zhang_2019_69",0,0,0,TRUE,"F","T","superceded by Zhang et al. (2019)","replaces Jasper and Hayes (1990)",FALSE
"phytoplankton_jasper_1990.xlsx",20,"phytoplankton_Jasper_1990_17","parent_id","phytoplankton_Zhang_2019_70","matched","phytoplankton_zhang_2019.xlsx",73,"phytoplankton_zhang_2019_70",0,0,0,TRUE,"F","T","superceded by Zhang et al. (2019)","replaces Jasper and Hayes (1990)",FALSE
"phytoplankton_jasper_1990.xlsx",21,"phytoplankton_Jasper_1990_18","parent_id","phytoplankton_Zhang_2019_71","matched","phytoplankton_zhang_2019.xlsx",74,"phytoplankton_zhang_2019_71",0,0,0,TRUE,"F","T","superceded by Zhang et al. (2019)","replaces Jasper and Hayes (1990)",FALSE
"phytoplankton_jasper_1990.xlsx",22,"phytoplankton_Jasper_1990_19","parent_id","phytoplankton_Zhang_2019_72","matched","phytoplankton_zhang_2019.xlsx",75,"phytoplankton_zhang_2019_72",0,0,0,TRUE,"F","T","superceded by Zhang et al. (2019)","replaces Jasper and Hayes (1990)",FALSE
"phytoplankton_jasper_1990.xlsx",23,"phytoplankton_Jasper_1990_20","parent_id","phytoplankton_Zhang_2019_73","matched","phytoplankton_zhang_2019.xlsx",76,"phytoplankton_zhang_2019_73",0,0,0,TRUE,"F","T","superceded by Zhang et al. (2019)","replaces Jasper and Hayes (1990)",FALSE
"phytoplankton_jasper_1990.xlsx",24,"phytoplankton_Jasper_1990_21","parent_id","phytoplankton_Zhang_2019_74","matched","phytoplankton_zhang_2019.xlsx",77,"phytoplankton_zhang_2019_74",0,0,0,TRUE,"F","T","superceded by Zhang et al. (2019)","replaces Jasper and Hayes (1990)",FALSE
"phytoplankton_jasper_1990.xlsx",25,"phytoplankton_Jasper_1990_22","parent_id","phytoplankton_Zhang_2019_75","matched","phytoplankton_zhang_2019.xlsx",78,"phytoplankton_zhang_2019_75",0,0,0,TRUE,"F","T","superceded by Zhang et al. (2019)","replaces Jasper and Hayes (1990)",FALSE
"phytoplankton_jasper_1990.xlsx",26,"phytoplankton_Jasper_1990_23","parent_id","phytoplankton_Zhang_2019_76","matched","phytoplankton_zhang_2019.xlsx",79,"phytoplankton_zhang_2019_76",0,0,0,TRUE,"F","T","superceded by Zhang et al. (2019)","replaces Jasper and Hayes (1990)",FALSE
"phytoplankton_jasper_1990.xlsx",27,"phytoplankton_Jasper_1990_24","parent_id","phytoplankton_Zhang_2019_77","matched","phytoplankton_zhang_2019.xlsx",80,"phytoplankton_zhang_2019_77",0,0,0,TRUE,"F","T","superceded by Zhang et al. (2019)","replaces Jasper and Hayes (1990)",FALSE
"phytoplankton_jasper_1990.xlsx",28,"phytoplankton_Jasper_1990_25","parent_id","phytoplankton_Zhang_2019_78","matched","phytoplankton_zhang_2019.xlsx",81,"phytoplankton_zhang_2019_78",0,0,0,TRUE,"F","T","superceded by Zhang et al. (2019)","replaces Jasper and Hayes (1990)",FALSE
"phytoplankton_jasper_1990.xlsx",30,"phytoplankton_Jasper_1990_27","parent_id","phytoplankton_Zhang_2019_79","matched","phytoplankton_zhang_2019.xlsx",82,"phytoplankton_zhang_2019_79",0,0,0,TRUE,"F","T","superceded by Zhang et al. (2019)","replaces Jasper and Hayes (1990)",FALSE
"phytoplankton_jasper_1990.xlsx",31,"phytoplankton_Jasper_1990_28","parent_id","phytoplankton_Zhang_2019_80","matched","phytoplankton_zhang_2019.xlsx",83,"phytoplankton_zhang_2019_80",0,0,0,TRUE,"F","T","superceded by Zhang et al. (2019)","replaces Jasper and Hayes (1990)",FALSE
"phytoplankton_pagani_1999b.xlsx",14,"phytoplankton_Pagani_1999b_11","parent_id","phytoplankton_Pagani_1999a_1","matched","phytoplankton_pagani_1999a.xlsx",4,"phytoplankton_Pagani_1999a_1",0.0201487804877996,0,0,FALSE,"T","T","Supercedes Pagani et al. (1999a)",,FALSE
"phytoplankton_pagani_1999b.xlsx",17,"phytoplankton_Pagani_1999b_14","parent_id","phytoplankton_Pagani_1999a_4","matched","phytoplankton_pagani_1999a.xlsx",7,"phytoplankton_Pagani_1999a_4",0.0759833333333422,0,0,FALSE,"T","T","Supercedes Pagani et al. (1999a)",,FALSE
"phytoplankton_pagani_1999b.xlsx",18,"phytoplankton_Pagani_1999b_15","parent_id","phytoplankton_Pagani_1999a_5","matched","phytoplankton_pagani_1999a.xlsx",8,"phytoplankton_Pagani_1999a_5",0.0755357142857189,0,0,FALSE,"T","T","Supercedes Pagani et al. (1999a)",,FALSE
"phytoplankton_pagani_1999b.xlsx",19,"phytoplankton_Pagani_1999b_16","parent_id","phytoplankton_Pagani_1999a_6","matched","phytoplankton_pagani_1999a.xlsx",9,"phytoplankton_Pagani_1999a_6",0.0751976190476196,0,0,FALSE,"T","T","Supercedes Pagani et al. (1999a)",,FALSE
"phytoplankton_pagani_1999b.xlsx",20,"phytoplankton_Pagani_1999b_17","parent_id","phytoplankton_Pagani_1999a_8","matched","phytoplankton_pagani_1999a.xlsx",11,"phytoplankton_Pagani_1999a_8",0.0179459834916091,0,0,FALSE,"T","T","Supercedes Pagani et al. (1999a)",,FALSE
"phytoplankton_pagani_1999b.xlsx",21,"phytoplankton_Pagani_1999b_18","parent_id","phytoplankton_Pagani_1999a_9","matched","phytoplankton_pagani_1999a.xlsx",12,"phytoplankton_Pagani_1999a_9",0.0108951350130386,0,0,FALSE,"T","T","Supercedes Pagani et al. (1999a)",,FALSE
"phytoplankton_pagani_1999b.xlsx",22,"phytoplankton_Pagani_1999b_19","parent_id","phytoplankton_Pagani_1999a_10","matched","phytoplankton_pagani_1999a.xlsx",13,"phytoplankton_Pagani_1999a_10",0.0410821723812003,0,0,FALSE,"T","T","Supercedes Pagani et al. (1999a)",,FALSE
"phytoplankton_pagani_1999b.xlsx",23,"phytoplankton_Pagani_1999b_20","parent_id","phytoplankton_Pagani_1999a_11","matched","phytoplankton_pagani_1999a.xlsx",14,"phytoplankton_Pagani_1999a_11",0.0685773720223004,0,0,FALSE,"T","T","Supercedes Pagani et al. (1999a)",,FALSE
"phytoplankton_pagani_1999b.xlsx",25,"phytoplankton_Pagani_1999b_22","parent_id","phytoplankton_Pagani_1999a_13","matched","phytoplankton_pagani_1999a.xlsx",16,"phytoplankton_Pagani_1999a_13",0.1097240344223,0,0,FALSE,"T","T","Supercedes Pagani et al. (1999a)",,FALSE
"phytoplankton_pagani_1999b.xlsx",26,"phytoplankton_Pagani_1999b_23","parent_id","phytoplankton_Pagani_1999a_14","matched","phytoplankton_pagani_1999a.xlsx",17,"phytoplankton_Pagani_1999a_14",0.138565152926899,0,0,FALSE,"T","T","Supercedes Pagani et al. (1999a)",,FALSE
"phytoplankton_pagani_1999b.xlsx",27,"phytoplankton_Pagani_1999b_24","parent_id","phytoplankton_Pagani_1999a_15","matched","phytoplankton_pagani_1999a.xlsx",18,"phytoplankton_Pagani_1999a_15",0.167021723184799,0,0,FALSE,"T","T","Supercedes Pagani et al. (1999a)",,FALSE
"phytoplankton_pagani_1999b.xlsx",28,"phytoplankton_Pagani_1999b_25","parent_id","phytoplankton_Pagani_1999a_16","matched","phytoplankton_pagani_1999a.xlsx",19,"phytoplankton_Pagani_1999a_16",0.196439664059598,0,0,FALSE,"T","T","Supercedes Pagani et al. (1999a)",,FALSE
"phytoplankton_pagani_1999b.xlsx",29,"phytoplankton_Pagani_1999b_26","parent_id","phytoplankton_Pagani_1999a_17","matched","phytoplankton_pagani_1999a.xlsx",20,"phytoplankton_Pagani_1999a_17",0.151888209868002,0,0,FALSE,"T","T","Supercedes Pagani et al. (1999a)",,FALSE
"phytoplankton_pagani_1999b.xlsx",30,"phytoplankton_Pagani_1999b_27","parent_id","phytoplankton_Pagani_1999a_18","matched","phytoplankton_pagani_1999a.xlsx",21,"phytoplankton_Pagani_1999a_18",0.0416373752702004,0,0,FALSE,"T","T","Supercedes Pagani et al. (1999a)",,FALSE
"phytoplankton_pagani_1999b.xlsx",31,"phytoplankton_Pagani_1999b_28","parent_id","phytoplankton_Pagani_1999a_20","matched","phytoplankton_pagani_1999a.xlsx",23,"phytoplankton_Pagani_1999a_20",0.0639247321428993,0,0,FALSE,"T","T","Supercedes Pagani et al. (1999a)",,FALSE
"phytoplankton_pagani_1999b.xlsx",32,"phytoplankton_Pagani_1999b_29","parent_id","phytoplankton_Pagani_1999a_21","matched","phytoplankton_pagani_1999a.xlsx",24,"phytoplankton_Pagani_1999a_21",0.0419336607142995,0,0,FALSE,"T","T","Supercedes Pagani et al. (1999a)",,FALSE
"phytoplankton_pagani_1999b.xlsx",33,"phytoplankton_Pagani_1999b_30","parent_id","phytoplankton_Pagani_1999a_22","matched","phytoplankton_pagani_1999a.xlsx",25,"phytoplankton_Pagani_1999a_22",0.0458998463115012,0,0,FALSE,"T","T","Supercedes Pagani et al. (1999a)",,FALSE
"phytoplankton_pagani_1999b.xlsx",34,"phytoplankton_Pagani_1999b_31","parent_id","phytoplankton_Pagani_1999a_23","matched","phytoplankton_pagani_1999a.xlsx",26,"phytoplankton_Pagani_1999a_23",0.0484602971310988,0,0,FALSE,"T","T","Supercedes Pagani et al. (1999a)",,FALSE
"phytoplankton_pagani_1999b.xlsx",35,"phytoplankton_Pagani_1999b_32","parent_id","phytoplankton_Pagani_1999a_24","matched","phytoplankton_pagani_1999a.xlsx",27,"phytoplankton_Pagani_1999a_24",0.0539469774589989,0,0,FALSE,"T","T","Supercedes Pagani et al. (1999a)",,FALSE
"phytoplankton_pagani_1999b.xlsx",36,"phytoplankton_Pagani_1999b_33","parent_id","phytoplankton_Pagani_1999a_25","matched","phytoplankton_pagani_1999a.xlsx",28,"phytoplankton_Pagani_1999a_25",0.0766679999999997,0,0,FALSE,"T","T","Supercedes Pagani et al. (1999a)",,FALSE
"phytoplankton_pagani_1999b.xlsx",37,"phytoplankton_Pagani_1999b_34","parent_id","phytoplankton_Pagani_1999a_27","matched","phytoplankton_pagani_1999a.xlsx",30,"phytoplankton_Pagani_1999a_27",0.0380191304347992,0,0,FALSE,"T","T","Supercedes Pagani et al. (1999a)",,FALSE
"phytoplankton_pagani_1999b.xlsx",38,"phytoplankton_Pagani_1999b_35","parent_id","phytoplankton_Pagani_1999a_28","matched","phytoplankton_pagani_1999a.xlsx",31,"phytoplankton_Pagani_1999a_28",0.0320504347825992,0,0,FALSE,"T","T","Supercedes Pagani et al. (1999a)",,FALSE
"phytoplankton_pagani_1999b.xlsx",39,"phytoplankton_Pagani_1999b_36","parent_id","phytoplankton_Pagani_1999a_29","matched","phytoplankton_pagani_1999a.xlsx",32,"phytoplankton_Pagani_1999a_29",0.0290869565217005,0,0,FALSE,"T","T","Supercedes Pagani et al. (1999a)",,FALSE
"phytoplankton_pagani_1999b.xlsx",40,"phytoplankton_Pagani_1999b_37","parent_id","phytoplankton_Pagani_1999a_31","matched","phytoplankton_pagani_1999a.xlsx",34,"phytoplankton_Pagani_1999a_31",0.0211565217390994,0,0,FALSE,"T","T","Supercedes Pagani et al. (1999a)",,FALSE
"phytoplankton_pagani_1999b.xlsx",41,"phytoplankton_Pagani_1999b_38","parent_id","phytoplankton_Pagani_1999a_34","matched","phytoplankton_pagani_1999a.xlsx",37,"phytoplankton_Pagani_1999a_34",0.0167567567568003,0,0,FALSE,"T","T","Supercedes Pagani et al. (1999a)",,FALSE
"phytoplankton_pagani_1999b.xlsx",42,"phytoplankton_Pagani_1999b_39","parent_id","phytoplankton_Pagani_1999a_35","matched","phytoplankton_pagani_1999a.xlsx",38,"phytoplankton_Pagani_1999a_35",0.0199891891890989,0,0,FALSE,"T","T","Supercedes Pagani et al. (1999a)",,FALSE
"phytoplankton_pagani_1999b.xlsx",43,"phytoplankton_Pagani_1999b_40","parent_id","phytoplankton_Pagani_1999a_36","matched","phytoplankton_pagani_1999a.xlsx",39,"phytoplankton_Pagani_1999a_36",0.0205405405404999,0,0,FALSE,"T","T","Supercedes Pagani et al. (1999a)",,FALSE
"phytoplankton_pagani_1999b.xlsx",44,"phytoplankton_Pagani_1999b_41","parent_id","phytoplankton_Pagani_1999a_37","matched","phytoplankton_pagani_1999a.xlsx",40,"phytoplankton_Pagani_1999a_37",0.0221513513514005,0,0,FALSE,"T","T","Supercedes Pagani et al. (1999a)",,FALSE
"phytoplankton_pagani_1999b.xlsx",45,"phytoplankton_Pagani_1999b_42","parent_id","phytoplankton_Pagani_1999a_38","matched","phytoplankton_pagani_1999a.xlsx",41,"phytoplankton_Pagani_1999a_38",0.0228972972973018,0,0,FALSE,"T","T","Supercedes Pagani et al. (1999a)",,FALSE
"phytoplankton_pagani_1999b.xlsx",46,"phytoplankton_Pagani_1999b_43","parent_id","phytoplankton_Pagani_1999a_39","matched","phytoplankton_pagani_1999a.xlsx",42,"phytoplankton_Pagani_1999a_39",0.0237621621620985,0,0,FALSE,"T","T","Supercedes Pagani et al. (1999a)",,FALSE
"phytoplankton_pagani_1999b.xlsx",47,"phytoplankton_Pagani_1999b_44","parent_id","phytoplankton_Pagani_1999a_41","matched","phytoplankton_pagani_1999a.xlsx",44,"phytoplankton_Pagani_1999a_41",0.0420499999999997,0,0,FALSE,"T","T","Supercedes Pagani et al. (1999a)",,FALSE
"phytoplankton_pagani_1999b.xlsx",48,"phytoplankton_Pagani_1999b_45","parent_id","phytoplankton_Pagani_1999a_43","matched","phytoplankton_pagani_1999a.xlsx",46,"phytoplankton_Pagani_1999a_43",0.00570150000000069,0,0,FALSE,"T","T","Supercedes Pagani et al. (1999a)",,FALSE
"phytoplankton_pagani_1999b.xlsx",49,"phytoplankton_Pagani_1999b_46","parent_id","phytoplankton_Pagani_1999a_44","matched","phytoplankton_pagani_1999a.xlsx",47,"phytoplankton_Pagani_1999a_44",0.00707850000000043,0,0,FALSE,"T","T","Supercedes Pagani et al. (1999a)",,FALSE
"phytoplankton_pagani_1999b.xlsx",50,"phytoplankton_Pagani_1999b_47","parent_id","phytoplankton_Pagani_1999a_45","matched","phytoplankton_pagani_1999a.xlsx",48,"phytoplankton_Pagani_1999a_45",0.0266745000000022,0,0,FALSE,"T","T","Supercedes Pagani et al. (1999a)",,FALSE
"phytoplankton_pagani_1999b.xlsx",51,"phytoplankton_Pagani_1999b_48","parent_id","phytoplankton_Pagani_1999a_46","matched","phytoplankton_pagani_1999a.xlsx",49,"phytoplankton_Pagani_1999a_46",0.0586244999999987,0,0,FALSE,"T","T","Supercedes Pagani et al. (1999a)",,FALSE
"phytoplankton_pagani_1999b.xlsx",52,"phytoplankton_Pagani_1999b_49","parent_id","phytoplankton_Pagani_1999a_47","matched","phytoplankton_pagani_1999a.xlsx",50,"phytoplankton_Pagani_1999a_47",0.0731085,0,0,FALSE,"T","T","Supercedes Pagani et al. (1999a)",,FALSE
"phytoplankton_pagani_1999b.xlsx",53,"phytoplankton_Pagani_1999b_50","parent_id","phytoplankton_Pagani_1999a_48","matched","phytoplankton_pagani_1999a.xlsx",51,"phytoplankton_Pagani_1999a_48",0.1048455,0,0,FALSE,"T","T","Supercedes Pagani et al. (1999a)",,FALSE
"phytoplankton_pagani_1999b.xlsx",54,"phytoplankton_Pagani_1999b_51","parent_id","phytoplankton_Pagani_1999a_49","matched","phytoplankton_pagani_1999a.xlsx",52,"phytoplankton_Pagani_1999a_49",0.1370085,0,0,FALSE,"T","T","Supercedes Pagani et al. (1999a)",,FALSE
"phytoplankton_pagani_1999b.xlsx",55,"phytoplankton_Pagani_1999b_52","parent_id","phytoplankton_Pagani_1999a_50","matched","phytoplankton_pagani_1999a.xlsx",53,"phytoplankton_Pagani_1999a_50",0.164485500000001,0,0,FALSE,"T","T","Supercedes Pagani et al. (1999a)",,FALSE
"phytoplankton_pagani_1999b.xlsx",56,"phytoplankton_Pagani_1999b_53","parent_id","phytoplankton_Pagani_1999a_51","matched","phytoplankton_pagani_1999a.xlsx",54,"phytoplankton_Pagani_1999a_51",0.179842210089301,0,0,FALSE,"T","T","Supercedes Pagani et al. (1999a)",,FALSE
"phytoplankton_pagani_1999b.xlsx",57,"phytoplankton_Pagani_1999b_54","parent_id","phytoplankton_Pagani_1999a_53","matched","phytoplankton_pagani_1999a.xlsx",56,"phytoplankton_Pagani_1999a_53",0.271236207955099,0,0,FALSE,"T","T","Supercedes Pagani et al. (1999a)",,FALSE
"phytoplankton_pagani_1999b.xlsx",58,"phytoplankton_Pagani_1999b_55","parent_id","phytoplankton_Pagani_1999a_54","matched","phytoplankton_pagani_1999a.xlsx",57,"phytoplankton_Pagani_1999a_54",0.298542951219799,0,0,FALSE,"T","T","Supercedes Pagani et al. (1999a)",,FALSE
"phytoplankton_pagani_1999b.xlsx",59,"phytoplankton_Pagani_1999b_56","parent_id","phytoplankton_Pagani_1999a_55","matched","phytoplankton_pagani_1999a.xlsx",58,"phytoplankton_Pagani_1999a_55",0.3587292424974,0,0,FALSE,"T","T","Supercedes Pagani et al. (1999a)",,FALSE
"phytoplankton_pagani_1999b.xlsx",60,"phytoplankton_Pagani_1999b_57","parent_id","phytoplankton_Pagani_1999a_57","matched","phytoplankton_pagani_1999a.xlsx",60,"phytoplankton_Pagani_1999a_57",0.444121080559599,0,0,FALSE,"T","T","Supercedes Pagani et al. (1999a)",,FALSE
"phytoplankton_pagani_1999b.xlsx",61,"phytoplankton_Pagani_1999b_58","parent_id","phytoplankton_Pagani_1999a_59","matched","phytoplankton_pagani_1999a.xlsx",62,"phytoplankton_Pagani_1999a_59",0.328671008200699,0,0,FALSE,"T","T","Supercedes Pagani et al. (1999a)",,FALSE
"phytoplankton_pagani_1999b.xlsx",62,"phytoplankton_Pagani_1999b_59","parent_id","phytoplankton_Pagani_1999a_60","matched","phytoplankton_pagani_1999a.xlsx",63,"phytoplankton_Pagani_1999a_60",0.2356695610227,0,0,FALSE,"T","T","Supercedes Pagani et al. (1999a)",,FALSE
"phytoplankton_pagani_1999b.xlsx",63,"phytoplankton_Pagani_1999b_60","parent_id","phytoplankton_Pagani_1999a_61","matched","phytoplankton_pagani_1999a.xlsx",64,"phytoplankton_Pagani_1999a_61",0.2229923171873,0,0,FALSE,"T","T","Supercedes Pagani et al. (1999a)",,FALSE
"phytoplankton_pagani_1999b.xlsx",64,"phytoplankton_Pagani_1999b_61","parent_id","phytoplankton_Pagani_1999a_62","matched","phytoplankton_pagani_1999a.xlsx",65,"phytoplankton_Pagani_1999a_62",0.182902053006499,0,0,FALSE,"T","T","Supercedes Pagani et al. (1999a)",,FALSE
"phytoplankton_pagani_1999b.xlsx",65,"phytoplankton_Pagani_1999b_62","parent_id","phytoplankton_Pagani_1999a_63","matched","phytoplankton_pagani_1999a.xlsx",66,"phytoplankton_Pagani_1999a_63",0.1319677009733,0,0,FALSE,"T","T","Supercedes Pagani et al. (1999a)",,FALSE
"phytoplankton_pagani_1999b.xlsx",66,"phytoplankton_Pagani_1999b_63","parent_id","phytoplankton_Pagani_1999a_65","matched","phytoplankton_pagani_1999a.xlsx",68,"phytoplankton_Pagani_1999a_65",0.0820191751084991,0,0,FALSE,"T","T","Supercedes Pagani et al. (1999a)",,FALSE
"phytoplankton_pagani_1999b.xlsx",67,"phytoplankton_Pagani_1999b_64","parent_id","phytoplankton_Pagani_1999a_66","matched","phytoplankton_pagani_1999a.xlsx",69,"phytoplankton_Pagani_1999a_66",0.0365068670016004,0,0,FALSE,"T","T","Supercedes Pagani et al. (1999a)",,FALSE
"phytoplankton_pagani_2011.xlsx",60,"phytoplankton_Pagani_2011_57","parent_id","phytoplankton_Zhang_2013_58","matched","phytoplankton_zhang_2013.xlsx",61,"phytoplankton_Zhang_2013_58",0.139681335356599,0.00416666666666998,0.088833333333298,TRUE,"T","T",,,FALSE
"phytoplankton_pagani_2011.xlsx",61,"phytoplankton_Pagani_2011_58","parent_id","phytoplankton_Zhang_2013_59","matched","phytoplankton_zhang_2013.xlsx",62,"phytoplankton_Zhang_2013_59",0.905557098388702,0.00416666666666998,0.088833333333298,TRUE,"T","T",,,FALSE
"phytoplankton_pagani_2011.xlsx",62,"phytoplankton_Pagani_2011_59","parent_id","phytoplankton_Zhang_2013_60","not in batch",,,,,,,,"T",,,,FALSE
"phytoplankton_rae_2021.xlsx",4,"algae_Rae_2021_1","parent_id","algae_Zhang_2017_43","matched","phytoplankton_zhang_2017.xlsx",46,"phytoplankton_Zhang_2017_43",0,0,0.000500000000016598,FALSE,"T","T",,,FALSE
"phytoplankton_rae_2021.xlsx",5,"algae_Rae_2021_2","parent_id","algae_Zhang_2017_44","matched","phytoplankton_zhang_2017.xlsx",47,"phytoplankton_Zhang_2017_44",0,0,0.000500000000016598,FALSE,"T","T",,,FALSE
"phytoplankton_rae_2021.xlsx",6,"algae_Rae_2021_3","parent_id","algae_Zhang_2017_45","matched","phytoplankton_zhang_2017.xlsx",48,"phytoplankton_Zhang_2017_45",0,0,0.000500000000016598,FALSE,"T","T",,,FALSE
"phytoplankton_rae_2021.xlsx",7,"algae_Rae_2021_4","parent_id","algae_Zhang_2017_46","matched","phytoplankton_zhang_2017.xlsx",49,"phytoplankton_Zhang_2017_46",0,0,0.000500000000016598,FALSE,"T","T",,,FALSE
"phytoplankton_rae_2021.xlsx",8,"algae_Rae_2021_5","parent_id","algae_Zhang_2017_47","matched","phytoplankton_zhang_2017.xlsx",50,"phytoplankton_Zhang_2017_47",0,0,0.000500000000016598,FALSE,"T","T",,,FALSE
"phytoplankton_rae_2021.xlsx",9,"algae_Rae_2021_6","parent_id","algae_Zhang_2017_48","matched","phytoplankton_zhang_2017.xlsx",51,"phytoplankton_Zhang_2017_48",0,0,0.000500000000016598,FALSE,"T","T",,,FALSE
"phytoplankton_rae_2021.xlsx",10,"algae_Rae_2021_7","parent_id","algae_Zhang_2017_49","matched","phytoplankton_zhang_2017.xlsx",52,"phytoplankton_Zhang_2017_49",0,0,0.000500000000016598,FALSE,"T","T",,,FALSE
"phytoplankton_rae_2021.xlsx",11,"algae_Rae_2021_8","parent_id","algae_Zhang_2017_50","matched","phytoplankton_zhang_2017.xlsx",53,"phytoplankton_Zhang_2017_50",0,0,0.000500000000016598,FALSE,"T","T",,,FALSE
"phytoplankton_rae_2021.xlsx",12,"algae_Rae_2021_9","parent_id","algae_Zhang_2017_51","matched","phytoplankton_zhang_2017.xlsx",54,"phytoplankton_Zhang_2017_51",0,0,0.000500000000016598,FALSE,"T","T",,,FALSE
"phytoplankton_rae_2021.xlsx",13,"algae_Rae_2021_10","parent_id","algae_Zhang_2017_52","matched","phytoplankton_zhang_2017.xlsx",55,"phytoplankton_Zhang_2017_52",0,0,0.000500000000016598,FALSE,"T","T",,,FALSE
"phytoplankton_rae_2021.xlsx",14,"algae_Rae_2021_11","parent_id","algae_Zhang_2017_53","matched","phytoplankton_zhang_2017.xlsx",56,"phytoplankton_Zhang_2017_53",0,0,0.000500000000016598,FALSE,"T","T",,,FALSE
"phytoplankton_rae_2021.xlsx",15,"algae_Rae_2021_12","parent_id","algae_Zhang_2017_54","matched","phytoplankton_zhang_2017.xlsx",57,"phytoplankton_Zhang_2017_54",0,0,0.000500000000016598,FALSE,"T","T",,,FALSE
"phytoplankton_rae_2021.xlsx",16,"algae_Rae_2021_13","parent_id","algae_Zhang_2017_55","matched","phytoplankton_zhang_2017.xlsx",58,"phytoplankton_Zhang_2017_55",0,0,0.000500000000016598,FALSE,"T","T",,,FALSE
"phytoplankton_rae_2021.xlsx",17,"algae_Rae_2021_14","parent_id","algae_Zhang_2017_56","matched","phytoplankton_zhang_2017.xlsx",59,"phytoplankton_Zhang_2017_56",0,0,0.000500000000016598,FALSE,"T","T",,,FALSE
"phytoplankton_rae_2021.xlsx",18,"algae_Rae_2021_15","parent_id","algae_Zhang_2017_57","matched","phytoplankton_zhang_2017.xlsx",60,"phytoplankton_Zhang_2017_57",0,0,0.000500000000016598,FALSE,"T","T",,,FALSE
"phytoplankton_rae_2021.xlsx",19,"algae_Rae_2021_16","parent_id","algae_Zhang_2017_58","matched","phytoplankton_zhang_2017.xlsx",61,"phytoplankton_Zhang_2017_58",0,0,0.000500000000016598,FALSE,"T","T",,,FALSE
"phytoplankton_rae_2021.xlsx",20,"algae_Rae_2021_17","parent_id","algae_Zhang_2017_59","matched","phytoplankton_zhang_2017.xlsx",62,"phytoplankton_Zhang_2017_59",0,0,0.000500000000016598,FALSE,"T","T",,,FALSE
"phytoplankton_rae_2021.xlsx",21,"algae_Rae_2021_18","parent_id","algae_Zhang_2017_60","matched","phytoplankton_zhang_2017.xlsx",63,"phytoplankton_Zhang_2017_60",0,0,0.000500000000016598,FALSE,"T","T",,,FALSE
"phytoplankton_rae_2021.xlsx",22,"algae_Rae_2021_19","parent_id","algae_Zhang_2017_62","matched","phytoplankton_zhang_2017.xlsx",65,"phytoplankton_Zhang_2017_62",0,0,0.000500000000016598,FALSE,"T","T",,,FALSE
"phytoplankton_rae_2021.xlsx",23,"algae_Rae_2021_20","parent_id","algae_Zhang_2017_63","matched","phytoplankton_zhang_2017.xlsx",66,"phytoplankton_Zhang_2017_63",0,0,0.000500000000016598,FALSE,"T","T",,,FALSE
"phytoplankton_rae_2021.xlsx",24,"algae_Rae_2021_21","parent_id","algae_Zhang_2017_64","matched","phytoplankton_zhang_2017.xlsx",67,"phytoplankton_Zhang_2017_64",0,0,0.000500000000016598,FALSE,"T","T",,,FALSE
"phytoplankton_rae_2021.xlsx",25,"algae_Rae_2021_22","parent_id","algae_Zhang_2017_65","matched","phytoplankton_zhang_2017.xlsx",68,"phytoplankton_Zhang_2017_65",0,0,0.000500000000016598,FALSE,"T","T",,,FALSE
"phytoplankton_rae_2021.xlsx",26,"algae_Rae_2021_23","parent_id","algae_Zhang_2017_66","matched","phytoplankton_zhang_2017.xlsx",69,"phytoplankton_Zhang_2017_66",0,0,0.000500000000016598,FALSE,"T","T",,,FALSE
"phytoplankton_rae_2021.xlsx",27,"algae_Rae_2021_24","parent_id","algae_Zhang_2017_67","matched","phytoplankton_zhang_2017.xlsx",70,"phytoplankton_Zhang_2017_67",0,0,0.000500000000016598,FALSE,"T","T",,,FALSE
"phytoplankton_rae_2021.xlsx",28,"algae_Rae_2021_25","parent_id","algae_Zhang_2017_68","matched","phytoplankton_zhang_2017.xlsx",71,"phytoplankton_Zhang_2017_68",0,0,0.000500000000016598,FALSE,"T","T",,,FALSE
"phytoplankton_rae_2021.xlsx",29,"algae_Rae_2021_26","parent_id","algae_Zhang_2017_69","matched","phytoplankton_zhang_2017.xlsx",72,"phytoplankton_Zhang_2017_69",0,0,0.000500000000016598,FALSE,"T","T",,,FALSE
"phytoplankton_rae_2021.xlsx",30,"algae_Rae_2021_27","parent_id","algae_Zhang_2017_70","matched","phytoplankton_zhang_2017.xlsx",73,"phytoplankton_Zhang_2017_70",0,0,0.000500000000016598,FALSE,"T","T",,,FALSE
"phytoplankton_rae_2021.xlsx",31,"algae_Rae_2021_28","parent_id","algae_Zhang_2017_71","matched","phytoplankton_zhang_2017.xlsx",74,"phytoplankton_Zhang_2017_71",0,0,0.000500000000016598,FALSE,"T","T",,,FALSE
"phytoplankton_rae_2021.xlsx",32,"algae_Rae_2021_29","parent_id","algae_Zhang_2017_72","matched","phytoplankton_zhang_2017.xlsx",75,"phytoplankton_Zhang_2017_72",0,0,0.000500000000016598,FALSE,"T","T",,,FALSE
"phytoplankton_rae_2021.xlsx",33,"algae_Rae_2021_30","parent_id","algae_Zhang_2017_73","matched","phytoplankton_zhang_2017.xlsx",76,"phytoplankton_Zhang_2017_73",0,0,0.000500000000016598,FALSE,"T","T",,,FALSE
"phytoplankton_rae_2021.xlsx",34,"algae_Rae_2021_31","parent_id","algae_Zhang_2017_74","matched","phytoplankton_zhang_2017.xlsx",77,"phytoplankton_Zhang_2017_74",0,0,0.000500000000016598,FALSE,"T","T",,,FALSE
"phytoplankton_rae_2021.xlsx",35,"algae_Rae_2021_32","parent_id","algae_Zhang_2017_75","matched","phytoplankton_zhang_2017.xlsx",78,"phytoplankton_Zhang_2017_75",0,0,0.000500000000016598,FALSE,"T","T",,,FALSE
"phytoplankton_rae_2021.xlsx",36,"algae_Rae_2021_33","parent_id","algae_Zhang_2017_76","matched","phytoplankton_zhang_2017.xlsx",79,"phytoplankton_Zhang_2017_76",0,0,0.000500000000016598,FALSE,"T","T",,,FALSE
"phytoplankton_rae_2021.xlsx",37,"algae_Rae_2021_34","parent_id","algae_Zhang_2017_77","matched","phytoplankton_zhang_2017.xlsx",80,"phytoplankton_Zhang_2017_77",0,0,0.000500000000016598,FALSE,"T","T",,,FALSE
"phytoplankton_rae_2021.xlsx",38,"algae_Rae_2021_35","parent_id","algae_Zhang_2017_78","matched","phytoplankton_zhang_2017.xlsx",81,"phytoplankton_Zhang_2017_78",0,0,0.000500000000016598,FALSE,"T","T",,,FALSE
"phytoplankton_rae_2021.xlsx",39,"algae_Rae_2021_36","parent_id","algae_Zhang_2017_79","matched","phytoplankton_zhang_2017.xlsx",82,"phytoplankton_Zhang_2017_79",0,0,0.000500000000016598,FALSE,"T","T",,,FALSE
"phytoplankton_rae_2021.xlsx",40,"algae_Rae_2021_37","parent_id","algae_Zhang_2017_80","matched","phytoplankton_zhang_2017.xlsx",83,"phytoplankton_Zhang_2017_80",0,0,0.000500000000016598,FALSE,"T","T",,,FALSE
"phytoplankton_rae_2021.xlsx",41,"algae_Rae_2021_38","parent_id","algae_Zhang_2017_81","matched","phytoplankton_zhang_2017.xlsx",84,"phytoplankton_Zhang_2017_81",0,0,0.000500000000016598,FALSE,"T","T",,,FALSE
"phytoplankton_rae_2021.xlsx",42,"algae_Rae_2021_39","parent_id","algae_Zhang_2017_82","matched","phytoplankton_zhang_2017.xlsx",85,"phytoplankton_Zhang_2017_82",0,0,0.000500000000016598,FALSE,"T","T",,,FALSE
"phytoplankton_rae_2021.xlsx",43,"algae_Rae_2021_40","parent_id","algae_Zhang_2017_83","matched","phytoplankton_zhang_2017.xlsx",86,"phytoplankton_Zhang_2017_83",0,0,0.000500000000016598,FALSE,"T","T",,,FALSE
"phytoplankton_rae_2021.xlsx",44,"algae_Rae_2021_41","parent_id","algae_Zhang_2017_84","matched","phytoplankton_zhang_2017.xlsx",87,"phytoplankton_Zhang_2017_84",0,0,0.000500000000016598,FALSE,"T","T",,,FALSE
"phytoplankton_rae_2021.xlsx",45,"algae_Rae_2021_42","parent_id","algae_Zhang_2017_85","matched","phytoplankton_zhang_2017.xlsx",88,"phytoplankton_Zhang_2017_85",0,0,0.000500000000016598,FALSE,"T","T",,,FALSE
"phytoplankton_rae_2021.xlsx",46,"algae_Rae_2021_43","parent_id","algae_Zhang_2017_86","matched","phytoplankton_zhang_2017.xlsx",89,"phytoplankton_Zhang_2017_86",0,0,0.000500000000016598,FALSE,"T","T",,,FALSE
"phytoplankton_rae_2021.xlsx",47,"algae_Rae_2021_44","parent_id","algae_Zhang_2017_87","matched","phytoplankton_zhang_2017.xlsx",90,"phytoplankton_Zhang_2017_87",0,0,0.000500000000016598,FALSE,"T","T",,,FALSE
"phytoplankton_rae_2021.xlsx",48,"algae_Rae_2021_45","parent_id","algae_Zhang_2017_88","matched","phytoplankton_zhang_2017.xlsx",91,"phytoplankton_Zhang_2017_88",0,0,0.000500000000016598,FALSE,"T","T",,,FALSE
"phytoplankton_rae_2021.xlsx",49,"algae_Rae_2021_46","parent_id","algae_Zhang_2017_89","matched","phytoplankton_zhang_2017.xlsx",92,"phytoplankton_Zhang_2017_89",0,0,0.000500000000016598,FALSE,"T","T",,,FALSE
"phytoplankton_rae_2021.xlsx",50,"algae_Rae_2021_47","parent_id","algae_Zhang_2017_90","matched","phytoplankton_zhang_2017.xlsx",93,"phytoplankton_Zhang_2017_90",0,0,0.000500000000016598,FALSE,"T","T",,,FALSE
"phytoplankton_rae_2021.xlsx",51,"algae_Rae_2021_48","parent_id","algae_Zhang_2017_91","matched","phytoplankton_zhang_2017.xlsx",94,"phytoplankton_Zhang_2017_91",0,0,0.000500000000016598,FALSE,"T","T",,,FALSE
"phytoplankton_rae_2021.xlsx",52,"algae_Rae_2021_49","parent_id","algae_Zhang_2017_92","matched","phytoplankton_zhang_2017.xlsx",95,"phytoplankton_Zhang_2017_92",0,0,0.000500000000016598,FALSE,"T","T",,,FALSE
"phytoplankton_rae_2021.xlsx",53,"algae_Rae_2021_50","parent_id","algae_Zhang_2017_93","matched","phytoplankton_zhang_2017.xlsx",96,"phytoplankton_Zhang_2017_93",0,0,0.000500000000016598,FALSE,"T","T",,,FALSE
"phytoplankton_rae_2021.xlsx",54,"algae_Rae_2021_51","parent_id","algae_Zhang_2017_94","matched","phytoplankton_zhang_2017.xlsx",97,"phytoplankton_Zhang_2017_94",0.353615263157899,0,0.000500000000016598,FALSE,"T","T",,,FALSE
"phytoplankton_rae_2021.xlsx",55,"algae_Rae_2021_52","parent_id","algae_Zhang_2013_14","matched","phytoplankton_zhang_2013.xlsx",17,"phytoplankton_Zhang_2013_14",0,9.33333333295039e-05,0.000266666666703941,FALSE,"T","T",,,FALSE
"phytoplankton_rae_2021.xlsx",56,"algae_Rae_2021_53","parent_id","algae_Zhang_2013_15","matched","phytoplankton_zhang_2013.xlsx",18,"phytoplankton_Zhang_2013_15",0,9.33333333295039e-05,0.000266666666703941,FALSE,"T","T",,,FALSE
"phytoplankton_rae_2021.xlsx",57,"algae_Rae_2021_54","parent_id","algae_Zhang_2013_16","matched","phytoplankton_zhang_2013.xlsx",19,"phytoplankton_Zhang_2013_16",0,9.33333333295039e-05,0.000266666666703941,FALSE,"T","T",,,FALSE
"phytoplankton_rae_2021.xlsx",58,"algae_Rae_2021_55","parent_id","algae_Zhang_2013_17","matched","phytoplankton_zhang_2013.xlsx",20,"phytoplankton_Zhang_2013_17",0,9.33333333295039e-05,0.000266666666703941,FALSE,"T","T",,,FALSE
"phytoplankton_rae_2021.xlsx",59,"algae_Rae_2021_56","parent_id","algae_Zhang_2013_18","matched","phytoplankton_zhang_2013.xlsx",21,"phytoplankton_Zhang_2013_18",0,9.33333333295039e-05,0.000266666666703941,FALSE,"T","T",,,FALSE
"phytoplankton_rae_2021.xlsx",60,"algae_Rae_2021_57","parent_id","algae_Zhang_2013_19","matched","phytoplankton_zhang_2013.xlsx",22,"phytoplankton_Zhang_2013_19",0,9.33333333295039e-05,0.000266666666703941,FALSE,"T","T",,,FALSE
"phytoplankton_rae_2021.xlsx",61,"algae_Rae_2021_58","parent_id","algae_Zhang_2013_20","matched","phytoplankton_zhang_2013.xlsx",23,"phytoplankton_Zhang_2013_20",0,9.33333333295039e-05,0.000266666666703941,FALSE,"T","T",,,FALSE
"phytoplankton_rae_2021.xlsx",62,"algae_Rae_2021_59","parent_id","algae_Zhang_2013_21","matched","phytoplankton_zhang_2013.xlsx",24,"phytoplankton_Zhang_2013_21",0,9.33333333295039e-05,0.000266666666703941,FALSE,"T","T",,,FALSE
"phytoplankton_rae_2021.xlsx",63,"algae_Rae_2021_60","parent_id","algae_Zhang_2013_22","matched","phytoplankton_zhang_2013.xlsx",25,"phytoplankton_Zhang_2013_22",0,9.33333333295039e-05,0.000266666666703941,FALSE,"T","T",,,FALSE
"phytoplankton_rae_2021.xlsx",64,"algae_Rae_2021_61","parent_id","algae_Zhang_2013_23","matched","phytoplankton_zhang_2013.xlsx",26,"phytoplankton_Zhang_2013_23",0,9.33333333295039e-05,0.000266666666703941,FALSE,"T","T",,,FALSE
"phytoplankton_rae_2021.xlsx",65,"algae_Rae_2021_62","parent_id","algae_Zhang_2013_24","matched","phytoplankton_zhang_2013.xlsx",27,"phytoplankton_Zhang_2013_24",0,9.33333333295039e-05,0.000266666666703941,FALSE,"T","T",,,FALSE
"phytoplankton_rae_2021.xlsx",66,"algae_Rae_2021_63","parent_id","algae_Zhang_2013_25","matched","phytoplankton_zhang_2013.xlsx",28,"phytoplankton_Zhang_2013_25",0,9.33333333295039e-05,0.000266666666703941,FALSE,"T","T",,,FALSE
"phytoplankton_rae_2021.xlsx",67,"algae_Rae_2021_64","parent_id","algae_Zhang_2013_26","matched","phytoplankton_zhang_2013.xlsx",29,"phytoplankton_Zhang_2013_26",0,9.33333333295039e-05,0.000266666666703941,FALSE,"T","T",,,FALSE
"phytoplankton_rae_2021.xlsx",68,"algae_Rae_2021_65","parent_id","algae_Zhang_2013_27","matched","phytoplankton_zhang_2013.xlsx",30,"phytoplankton_Zhang_2013_27",0.0111356164383598,9.33333333295039e-05,0.000266666666703941,FALSE,"T","T",,,FALSE
"phytoplankton_rae_2021.xlsx",69,"algae_Rae_2021_66","parent_id","algae_Zhang_2013_28","matched","phytoplankton_zhang_2013.xlsx",31,"phytoplankton_Zhang_2013_28",0.00518493150684995,9.33333333295039e-05,0.000266666666703941,FALSE,"T","T",,,FALSE
"phytoplankton_rae_2021.xlsx",70,"algae_Rae_2021_67","parent_id","algae_Zhang_2013_29","matched","phytoplankton_zhang_2013.xlsx",32,"phytoplankton_Zhang_2013_29",0.00586092715232023,9.33333333295039e-05,0.000266666666703941,FALSE,"T","T",,,FALSE
"phytoplankton_rae_2021.xlsx",71,"algae_Rae_2021_68","parent_id","algae_Zhang_2013_30","matched","phytoplankton_zhang_2013.xlsx",33,"phytoplankton_Zhang_2013_30",0.00221666666666964,9.33333333295039e-05,0.000266666666703941,FALSE,"T","T",,,FALSE
"phytoplankton_rae_2021.xlsx",72,"algae_Rae_2021_69","parent_id","algae_Zhang_2013_31","matched","phytoplankton_zhang_2013.xlsx",34,"phytoplankton_Zhang_2013_31",0.00673333333332993,9.33333333295039e-05,0.000266666666703941,FALSE,"T","T",,,FALSE
"phytoplankton_rae_2021.xlsx",73,"algae_Rae_2021_70","parent_id","algae_Zhang_2013_32","matched","phytoplankton_zhang_2013.xlsx",35,"phytoplankton_Zhang_2013_32",0.00126896551723998,9.33333333295039e-05,0.000266666666703941,FALSE,"T","T",,,FALSE
"phytoplankton_rae_2021.xlsx",74,"algae_Rae_2021_71","parent_id","algae_Zhang_2013_33","matched","phytoplankton_zhang_2013.xlsx",36,"phytoplankton_Zhang_2013_33",0.0193611615245,9.33333333295039e-05,0.000266666666703941,FALSE,"T","T",,,FALSE
"phytoplankton_rae_2021.xlsx",75,"algae_Rae_2021_72","parent_id","algae_Zhang_2013_34","matched","phytoplankton_zhang_2013.xlsx",37,"phytoplankton_Zhang_2013_34",0.0146878402903798,9.33333333295039e-05,0.000266666666703941,FALSE,"T","T",,,FALSE
"phytoplankton_rae_2021.xlsx",76,"algae_Rae_2021_73","parent_id","algae_Zhang_2013_35","matched","phytoplankton_zhang_2013.xlsx",38,"phytoplankton_Zhang_2013_35",0.0153551724137895,9.33333333295039e-05,0.000266666666703941,FALSE,"T","T",,,FALSE
"phytoplankton_rae_2021.xlsx",77,"algae_Rae_2021_74","parent_id","algae_Zhang_2013_36","matched","phytoplankton_zhang_2013.xlsx",39,"phytoplankton_Zhang_2013_36",0.000638838475500059,9.33333333295039e-05,0.000266666666703941,FALSE,"T","T",,,FALSE
"phytoplankton_rae_2021.xlsx",78,"algae_Rae_2021_75","parent_id","algae_Zhang_2013_37","matched","phytoplankton_zhang_2013.xlsx",40,"phytoplankton_Zhang_2013_37",0.00187416331994994,9.33333333295039e-05,0.000266666666703941,FALSE,"T","T",,,FALSE
"phytoplankton_rae_2021.xlsx",79,"algae_Rae_2021_76","parent_id","algae_Zhang_2013_38","matched","phytoplankton_zhang_2013.xlsx",41,"phytoplankton_Zhang_2013_38",0.00145982142857015,9.33333333295039e-05,0.000266666666703941,FALSE,"T","T",,,FALSE
"phytoplankton_rae_2021.xlsx",80,"algae_Rae_2021_77","parent_id","algae_Zhang_2013_39","matched","phytoplankton_zhang_2013.xlsx",42,"phytoplankton_Zhang_2013_39",0.00531785714286004,9.33333333295039e-05,0.000266666666703941,FALSE,"T","T",,,FALSE
"phytoplankton_rae_2021.xlsx",81,"algae_Rae_2021_78","parent_id","algae_Zhang_2013_40","matched","phytoplankton_zhang_2013.xlsx",43,"phytoplankton_Zhang_2013_40",0.06396928327645,9.33333333295039e-05,0.000266666666703941,FALSE,"T","T",,,FALSE
"phytoplankton_rae_2021.xlsx",82,"algae_Rae_2021_79","parent_id","algae_Zhang_2013_41","matched","phytoplankton_zhang_2013.xlsx",44,"phytoplankton_Zhang_2013_41",0.0639658703071699,9.33333333295039e-05,0.000266666666703941,FALSE,"T","T",,,FALSE
"phytoplankton_rae_2021.xlsx",83,"algae_Rae_2021_80","parent_id","algae_Zhang_2013_42","matched","phytoplankton_zhang_2013.xlsx",45,"phytoplankton_Zhang_2013_42",0.25834412955466,9.33333333295039e-05,0.000266666666703941,FALSE,"T","T",,,FALSE
"phytoplankton_rae_2021.xlsx",84,"algae_Rae_2021_81","parent_id","algae_Zhang_2013_43","matched","phytoplankton_zhang_2013.xlsx",46,"phytoplankton_Zhang_2013_43",0.00365771812080951,9.33333333295039e-05,0.000266666666703941,FALSE,"T","T",,,FALSE
"phytoplankton_rae_2021.xlsx",85,"algae_Rae_2021_82","parent_id","algae_Zhang_2013_44","matched","phytoplankton_zhang_2013.xlsx",47,"phytoplankton_Zhang_2013_44",0.0562617449664398,9.33333333295039e-05,0.000266666666703941,FALSE,"T","T",,,FALSE
"phytoplankton_rae_2021.xlsx",86,"algae_Rae_2021_83","parent_id","algae_Zhang_2013_45","matched","phytoplankton_zhang_2013.xlsx",48,"phytoplankton_Zhang_2013_45",0.0234453441295499,9.33333333295039e-05,0.000266666666703941,FALSE,"T","T",,,FALSE
"phytoplankton_rae_2021.xlsx",87,"algae_Rae_2021_84","parent_id","algae_Zhang_2013_46","matched","phytoplankton_zhang_2013.xlsx",49,"phytoplankton_Zhang_2013_46",0.0196199999999997,9.33333333295039e-05,0.000266666666703941,FALSE,"T","T",,,FALSE
"phytoplankton_rae_2021.xlsx",88,"algae_Rae_2021_85","parent_id","algae_Zhang_2013_47","matched","phytoplankton_zhang_2013.xlsx",50,"phytoplankton_Zhang_2013_47",0.0154030470914099,9.33333333295039e-05,0.000266666666703941,FALSE,"T","T",,,FALSE
"phytoplankton_rae_2021.xlsx",89,"algae_Rae_2021_86","parent_id","algae_Zhang_2013_48","matched","phytoplankton_zhang_2013.xlsx",51,"phytoplankton_Zhang_2013_48",0.0252226628895196,9.33333333295039e-05,0.000266666666703941,FALSE,"T","T",,,FALSE
"phytoplankton_rae_2021.xlsx",90,"algae_Rae_2021_87","parent_id","algae_Zhang_2013_49","matched","phytoplankton_zhang_2013.xlsx",52,"phytoplankton_Zhang_2013_49",0.12644197952218,9.33333333295039e-05,0.000266666666703941,FALSE,"T","T",,,FALSE
"phytoplankton_rae_2021.xlsx",91,"algae_Rae_2021_88","parent_id","algae_Zhang_2013_50","matched","phytoplankton_zhang_2013.xlsx",53,"phytoplankton_Zhang_2013_50",0.18538998527246,9.33333333295039e-05,0.000266666666703941,FALSE,"T","T",,,FALSE
"phytoplankton_rae_2021.xlsx",92,"algae_Rae_2021_89","parent_id","algae_Zhang_2013_51","matched","phytoplankton_zhang_2013.xlsx",54,"phytoplankton_Zhang_2013_51",0.00971501128668084,9.33333333295039e-05,0.000266666666703941,FALSE,"T","T",,,FALSE
"phytoplankton_rae_2021.xlsx",93,"algae_Rae_2021_90","parent_id","algae_Zhang_2013_52","matched","phytoplankton_zhang_2013.xlsx",55,"phytoplankton_Zhang_2013_52",0.3228605769231,9.33333333295039e-05,0.000266666666703941,FALSE,"T","T",,,FALSE
"phytoplankton_zhang_2013.xlsx",7,"phytoplankton_Zhang_2013_4","parent_id","phytoplankton_Pagani_2010_59","matched","phytoplankton_pagani_2010.xlsx",62,"phytoplankton_Pagani_2010_59",0.0012,9.99999999997669e-05,0.000266666666703941,FALSE,"F","F","superceded by Zhang et al. (2019)","use new temperatures and calculations of Zhang et al., 2013",FALSE
"phytoplankton_zhang_2013.xlsx",8,"phytoplankton_Zhang_2013_5","parent_id","phytoplankton_Pagani_2010_60","matched","phytoplankton_pagani_2010.xlsx",63,"phytoplankton_Pagani_2010_60",0.0017,9.99999999997669e-05,0.000266666666703941,FALSE,"F","F","superceded by Zhang et al. (2019)","use new temperatures and calculations of Zhang et al., 2013",FALSE
"phytoplankton_zhang_2013.xlsx",9,"phytoplankton_Zhang_2013_6","parent_id","phytoplankton_Pagani_2010_61","matched","phytoplankton_pagani_2010.xlsx",64,"phytoplankton_Pagani_2010_61",0.00359999999999999,9.99999999997669e-05,0.000266666666703941,FALSE,"F","F","superceded by Zhang et al. (2019)","use new temperatures and calculations of Zhang et al., 2013",FALSE
"phytoplankton_zhang_2013.xlsx",10,"phytoplankton_Zhang_2013_7","parent_id","phytoplankton_Pagani_2010_62","matched","phytoplankton_pagani_2010.xlsx",65,"phytoplankton_Pagani_2010_62",0.000700000000000006,9.99999999997669e-05,0.000266666666703941,FALSE,"F","F","superceded by Zhang et al. (2019)","use new temperatures and calculations of Zhang et al., 2013",FALSE
"phytoplankton_zhang_2013.xlsx",11,"phytoplankton_Zhang_2013_8","parent_id","phytoplankton_Pagani_2010_63","matched","phytoplankton_pagani_2010.xlsx",66,"phytoplankton_Pagani_2010_63",0.00459999999999999,9.99999999997669e-05,0.000266666666703941,FALSE,"F","F","superceded by Zhang et al. (2019)","use new temperatures and calculations of Zhang et al., 2013",FALSE
"phytoplankton_zhang_2013.xlsx",12,"phytoplankton_Zhang_2013_9","parent_id","phytoplankton_Pagani_2010_64","matched","phytoplankton_pagani_2010.xlsx",67,"phytoplankton_Pagani_2010_64",0.00320000000000001,9.99999999997669e-05,0.000266666666703941,FALSE,"F","F","superceded by Zhang et al. (2019)","use new temperatures and calculations of Zhang et al., 2013",FALSE
"phytoplankton_zhang_2013.xlsx",13,"phytoplankton_Zhang_2013_10","parent_id","phytoplankton_Pagani_2010_65","matched","phytoplankton_pagani_2010.xlsx",68,"phytoplankton_Pagani_2010_65",0.00359999999999999,9.99999999997669e-05,0.000266666666703941,FALSE,"F","F","superceded by Zhang et al. (2019)","use new temperatures and calculations of Zhang et al., 2013",FALSE
"phytoplankton_zhang_2013.xlsx",14,"phytoplankton_Zhang_2013_11","parent_id","phytoplankton_Pagani_2010_66","matched","phytoplankton_pagani_2010.xlsx",69,"phytoplankton_Pagani_2010_66",0.0035,9.99999999997669e-05,0.000266666666703941,FALSE,"F","F","superceded by Zhang et al. (2019)","use new temperatures and calculations of Zhang et al., 2013",FALSE
"phytoplankton_zhang_2013.xlsx",15,"phytoplankton_Zhang_2013_12","parent_id","phytoplankton_Pagani_2010_67","matched","phytoplankton_pagani_2010.xlsx",70,"phytoplankton_Pagani_2010_67",0.00380000000000003,9.99999999997669e-05,0.000266666666703941,FALSE,"F","F","superceded by Zhang et al. (2019)","use new temperatures and calculations of Zhang et al., 2013",FALSE
"phytoplankton_zhang_2013.xlsx",16,"phytoplankton_Zhang_2013_13","parent_id","phytoplankton_Pagani_2010_68","matched","phytoplankton_pagani_2010.xlsx",71,"phytoplankton_Pagani_2010_68",0.00340000000000001,9.99999999997669e-05,0.000266666666703941,FALSE,"F","F","superceded by Zhang et al. (2019)","use new temperatures and calculations of Zhang et al., 2013",FALSE
"phytoplankton_zhang_2013.xlsx",17,"phytoplankton_Zhang_2013_14","parent_id","phytoplankton_Pagani_2010_69","matched","phytoplankton_pagani_2010.xlsx",72,"phytoplankton_Pagani_2010_69",0,9.99999999997669e-05,0.000266666666703941,FALSE,"T","F",,"use new temperatures and calculations of Zhang et al., 2013",FALSE
"phytoplankton_zhang_2013.xlsx",18,"phytoplankton_Zhang_2013_15","parent_id","phytoplankton_Pagani_2010_70","matched","phytoplankton_pagani_2010.xlsx",73,"phytoplankton_Pagani_2010_70",0.001,9.99999999997669e-05,0.000266666666703941,FALSE,"T","F",,"use new temperatures and calculations of Zhang et al., 2013",FALSE
"phytoplankton_zhang_2013.xlsx",19,"phytoplankton_Zhang_2013_16","parent_id","phytoplankton_Pagani_2010_71","matched","phytoplankton_pagani_2010.xlsx",74,"phytoplankton_Pagani_2010_71",0.00470000000000004,9.99999999997669e-05,0.000266666666703941,FALSE,"T","F",,"use new temperatures and calculations of Zhang et al., 2013",FALSE
"phytoplankton_zhang_2013.xlsx",20,"phytoplankton_Zhang_2013_17","parent_id","phytoplankton_Pagani_2010_72","matched","phytoplankton_pagani_2010.xlsx",75,"phytoplankton_Pagani_2010_72",0.00129999999999997,9.99999999997669e-05,0.000266666666703941,FALSE,"T","F",,"use new temperatures and calculations of Zhang et al., 2013",FALSE
"phytoplankton_zhang_2013.xlsx",21,"phytoplankton_Zhang_2013_18","parent_id","phytoplankton_Pagani_2010_73","matched","phytoplankton_pagani_2010.xlsx",76,"phytoplankton_Pagani_2010_73",0.004,9.99999999997669e-05,0.000266666666703941,FALSE,"T","F",,"use new temperatures and calculations of Zhang et al., 2013",FALSE
"phytoplankton_zhang_2013.xlsx",22,"phytoplankton_Zhang_2013_19","parent_id","phytoplankton_Pagani_2010_74","matched","phytoplankton_pagani_2010.xlsx",77,"phytoplankton_Pagani_2010_74",0.00100000000000011,9.99999999997669e-05,0.000266666666703941,FALSE,"T","F",,"use new temperatures and calculations of Zhang et al., 2013",FALSE
"phytoplankton_zhang_2013.xlsx",23,"phytoplankton_Zhang_2013_20","parent_id","phytoplankton_Pagani_2010_75","matched","phytoplankton_pagani_2010.xlsx",78,"phytoplankton_Pagani_2010_75",0.004,9.99999999997669e-05,0.000266666666703941,FALSE,"T","F",,"use new temperatures and calculations of Zhang et al., 2013",FALSE
"phytoplankton_zhang_2013.xlsx",24,"phytoplankton_Zhang_2013_21","parent_id","phytoplankton_Pagani_2010_76","matched","phytoplankton_pagani_2010.xlsx",79,"phytoplankton_Pagani_2010_76",0.00120000000000009,9.99999999997669e-05,0.000266666666703941,FALSE,"T","F",,"use new temperatures and calculations of Zhang et al., 2013",FALSE
"phytoplankton_zhang_2013.xlsx",25,"phytoplankton_Zhang_2013_22","parent_id","phytoplankton_Pagani_2010_77","matched","phytoplankton_pagani_2010.xlsx",80,"phytoplankton_Pagani_2010_77",0.00219999999999998,9.99999999997669e-05,0.000266666666703941,FALSE,"T","F",,"use new temperatures and calculations of Zhang et al., 2013",FALSE
"phytoplankton_zhang_2013.xlsx",26,"phytoplankton_Zhang_2013_23","parent_id","phytoplankton_Pagani_2010_78","matched","phytoplankton_pagani_2010.xlsx",81,"phytoplankton_Pagani_2010_78",0,9.99999999997669e-05,0.000266666666703941,FALSE,"T","F",,"use new temperatures and calculations of Zhang et al., 2013",FALSE
"phytoplankton_zhang_2013.xlsx",27,"phytoplankton_Zhang_2013_24","parent_id","phytoplankton_Pagani_2010_79","matched","phytoplankton_pagani_2010.xlsx",82,"phytoplankton_Pagani_2010_79",0.002,9.99999999997669e-05,0.000266666666703941,FALSE,"T","F",,"use new temperatures and calculations of Zhang et al., 2013",FALSE
"phytoplankton_zhang_2013.xlsx",28,"phytoplankton_Zhang_2013_25","parent_id","phytoplankton_Pagani_2010_80","matched","phytoplankton_pagani_2010.xlsx",83,"phytoplankton_Pagani_2010_80",0.00459999999999994,9.99999999997669e-05,0.000266666666703941,FALSE,"T","F",,"use new temperatures and calculations of Zhang et al., 2013",FALSE
"phytoplankton_zhang_2013.xlsx",29,"phytoplankton_Zhang_2013_26","parent_id","phytoplankton_Pagani_2010_81","matched","phytoplankton_pagani_2010.xlsx",84,"phytoplankton_Pagani_2010_81",0.00119999999999987,9.99999999997669e-05,0.000266666666703941,FALSE,"T","F",,"use new temperatures and calculations of Zhang et al., 2013",FALSE
"phytoplankton_zhang_2013.xlsx",30,"phytoplankton_Zhang_2013_27","parent_id","phytoplankton_Pagani_2010_82","matched","phytoplankton_pagani_2010.xlsx",85,"phytoplankton_Pagani_2010_82",0.000700000000000145,9.99999999997669e-05,0.000266666666703941,FALSE,"T","F",,"use new temperatures and calculations of Zhang et al., 2013",FALSE
"phytoplankton_zhang_2013.xlsx",31,"phytoplankton_Zhang_2013_28","parent_id","phytoplankton_Pagani_2010_83","matched","phytoplankton_pagani_2010.xlsx",86,"phytoplankton_Pagani_2010_83",0.000499999999999945,9.99999999997669e-05,0.000266666666703941,FALSE,"T","F",,"use new temperatures and calculations of Zhang et al., 2013",FALSE
"phytoplankton_zhang_2013.xlsx",32,"phytoplankton_Zhang_2013_29","parent_id","phytoplankton_Pagani_2010_84","matched","phytoplankton_pagani_2010.xlsx",87,"phytoplankton_Pagani_2010_84",0.00499999999999989,9.99999999997669e-05,0.000266666666703941,FALSE,"T","F",,"use new temperatures and calculations of Zhang et al., 2013",FALSE
"phytoplankton_zhang_2013.xlsx",33,"phytoplankton_Zhang_2013_30","parent_id","phytoplankton_Pagani_2010_85","matched","phytoplankton_pagani_2010.xlsx",88,"phytoplankton_Pagani_2010_85",0.00260000000000016,9.99999999997669e-05,0.000266666666703941,FALSE,"T","F",,"use new temperatures and calculations of Zhang et al., 2013",FALSE
"phytoplankton_zhang_2013.xlsx",34,"phytoplankton_Zhang_2013_31","parent_id","phytoplankton_Pagani_2010_86","matched","phytoplankton_pagani_2010.xlsx",89,"phytoplankton_Pagani_2010_86",0.00150000000000006,9.99999999997669e-05,0.000266666666703941,FALSE,"T","F",,"use new temperatures and calculations of Zhang et al., 2013",FALSE
"phytoplankton_zhang_2013.xlsx",35,"phytoplankton_Zhang_2013_32","parent_id","phytoplankton_Pagani_2010_87","matched","phytoplankton_pagani_2010.xlsx",90,"phytoplankton_Pagani_2010_87",0.00319999999999965,9.99999999997669e-05,0.000266666666703941,FALSE,"T","F",,"use new temperatures and calculations of Zhang et al., 2013",FALSE
"phytoplankton_zhang_2013.xlsx",36,"phytoplankton_Zhang_2013_33","parent_id","phytoplankton_Pagani_2010_88","matched","phytoplankton_pagani_2010.xlsx",91,"phytoplankton_Pagani_2010_88",0.00200000000000022,9.99999999997669e-05,0.000266666666703941,FALSE,"T","F",,"use new temperatures and calculations of Zhang et al., 2013",FALSE
"phytoplankton_zhang_2013.xlsx",37,"phytoplankton_Zhang_2013_34","parent_id","phytoplankton_Pagani_2010_90","matched","phytoplankton_pagani_2010.xlsx",93,"phytoplankton_Pagani_2010_90",0.00299999999999967,9.99999999997669e-05,0.000266666666703941,FALSE,"T","F",,"use new temperatures and calculations of Zhang et al., 2013",FALSE
"phytoplankton_zhang_2013.xlsx",38,"phytoplankton_Zhang_2013_35","parent_id","phytoplankton_Pagani_2010_91","matched","phytoplankton_pagani_2010.xlsx",94,"phytoplankton_Pagani_2010_91",0.00430000000000019,9.99999999997669e-05,0.000266666666703941,FALSE,"T","F",,"use new temperatures and calculations of Zhang et al., 2013",FALSE
"phytoplankton_zhang_2013.xlsx",39,"phytoplankton_Zhang_2013_36","parent_id","phytoplankton_Pagani_2010_93","matched","phytoplankton_pagani_2010.xlsx",96,"phytoplankton_Pagani_2010_93",0.00200000000000022,9.99999999997669e-05,0.000266666666703941,FALSE,"T","F",,"use new temperatures and calculations of Zhang et al., 2013",FALSE
"phytoplankton_zhang_2013.xlsx",40,"phytoplankton_Zhang_2013_37","parent_id","phytoplankton_Pagani_2010_94","matched","phytoplankton_pagani_2010.xlsx",97,"phytoplankton_Pagani_2010_94",0,9.99999999997669e-05,0.000266666666703941,FALSE,"T","F",,"use new temperatures and calculations of Zhang et al., 2013",FALSE
"phytoplankton_zhang_2013.xlsx",41,"phytoplankton_Zhang_2013_38","parent_id","phytoplankton_Pagani_2010_95","matched","phytoplankton_pagani_2010.xlsx",98,"phytoplankton_Pagani_2010_95",0.00199999999999978,9.99999999997669e-05,0.000266666666703941,FALSE,"T","F",,"use new temperatures and calculations of Zhang et al., 2013",FALSE
"phytoplankton_zhang_2013.xlsx",42,"phytoplankton_Zhang_2013_39","parent_id","phytoplankton_Pagani_2010_96","matched","phytoplankton_pagani_2010.xlsx",99,"phytoplankton_Pagani_2010_96",0.00130000000000008,9.99999999997669e-05,0.000266666666703941,FALSE,"T","F",,"use new temperatures and calculations of Zhang et al., 2013",FALSE
"phytoplankton_zhang_2013.xlsx",43,"phytoplankton_Zhang_2013_40","parent_id","phytoplankton_Pagani_2010_97","matched","phytoplankton_pagani_2010.xlsx",100,"phytoplankton_Pagani_2010_97",0.00100000000000033,9.99999999997669e-05,0.000266666666703941,FALSE,"T","F",,"use new temperatures and calculations of Zhang et al., 2013",FALSE
"phytoplankton_zhang_2013.xlsx",44,"phytoplankton_Zhang_2013_41","parent_id","phytoplankton_Pagani_2010_98","matched","phytoplankton_pagani_2010.xlsx",101,"phytoplankton_Pagani_2010_98",0.004,9.99999999997669e-05,0.000266666666703941,FALSE,"T","F",,"use new temperatures and calculations of Zhang et al., 2013",FALSE
"phytoplankton_zhang_2013.xlsx",45,"phytoplankton_Zhang_2013_42","parent_id","phytoplankton_Pagani_2010_99","matched","phytoplankton_pagani_2010.xlsx",102,"phytoplankton_Pagani_2010_99",0.00300000000000011,9.99999999997669e-05,0.000266666666703941,FALSE,"T","F",,"use new temperatures and calculations of Zhang et al., 2013",FALSE
"phytoplankton_zhang_2013.xlsx",47,"phytoplankton_Zhang_2013_44","parent_id","phytoplankton_Pagani_2010_100","matched","phytoplankton_pagani_2010.xlsx",103,"phytoplankton_Pagani_2010_100",0.00199999999999978,9.99999999997669e-05,0.000266666666703941,FALSE,"T","F",,"use new temperatures and calculations of Zhang et al., 2013",FALSE
"phytoplankton_zhang_2013.xlsx",48,"phytoplankton_Zhang_2013_45","parent_id","phytoplankton_Pagani_2010_101","matched","phytoplankton_pagani_2010.xlsx",104,"phytoplankton_Pagani_2010_101",0.00300000000000011,9.99999999997669e-05,0.000266666666703941,FALSE,"T","F",,"use new temperatures and calculations of Zhang et al., 2013",FALSE
"phytoplankton_zhang_2013.xlsx",49,"phytoplankton_Zhang_2013_46","parent_id","phytoplankton_Pagani_2010_102","matched","phytoplankton_pagani_2010.xlsx",105,"phytoplankton_Pagani_2010_102",0.00150000000000006,9.99999999997669e-05,0.000266666666703941,FALSE,"T","F",,"use new temperatures and calculations of Zhang et al., 2013",FALSE
"phytoplankton_zhang_2013.xlsx",50,"phytoplankton_Zhang_2013_47","parent_id","phytoplankton_Pagani_2010_103","matched","phytoplankton_pagani_2010.xlsx",106,"phytoplankton_Pagani_2010_103",0.00450000000000017,9.99999999997669e-05,0.000266666666703941,FALSE,"T","F",,"use new temperatures and calculations of Zhang et al., 2013",FALSE
"phytoplankton_zhang_2013.xlsx",51,"phytoplankton_Zhang_2013_48","parent_id","phytoplankton_Pagani_2010_104","matched","phytoplankton_pagani_2010.xlsx",107,"phytoplankton_Pagani_2010_104",0.00380000000000091,9.99999999997669e-05,0.000266666666703941,FALSE,"T","F",,"use new temperatures and calculations of Zhang et al., 2013",FALSE
"phytoplankton_zhang_2013.xlsx",52,"phytoplankton_Zhang_2013_49","parent_id","phytoplankton_Pagani_2010_105","matched","phytoplankton_pagani_2010.xlsx",108,"phytoplankton_Pagani_2010_105",0.00250000000000039,9.99999999997669e-05,0.000266666666703941,FALSE,"T","F",,"use new temperatures and calculations of Zhang et al., 2013",FALSE
"phytoplankton_zhang_2013.xlsx",53,"phytoplankton_Zhang_2013_50","parent_id","phytoplankton_Pagani_2010_106","matched","phytoplankton_pagani_2010.xlsx",109,"phytoplankton_Pagani_2010_106",0.00380000000000003,9.99999999997669e-05,0.000266666666703941,FALSE,"T","F",,"use new temperatures and calculations of Zhang et al., 2013",FALSE
"phytoplankton_zhang_2013.xlsx",61,"phytoplankton_Zhang_2013_58","parent_id","phytoplankton_pagani_2011_57","matched","phytoplankton_pagani_2011.xlsx",60,"phytoplankton_Pagani_2011_57",0.139681335356599,0.00416666666666998,0.088833333333298,FALSE,"T","T",,,FALSE
"phytoplankton_zhang_2013.xlsx",62,"phytoplankton_Zhang_2013_59","parent_id","phytoplankton_pagani_2011_58","matched","phytoplankton_pagani_2011.xlsx",61,"phytoplankton_Pagani_2011_58",0.905557098388702,0.00416666666666998,0.088833333333298,FALSE,"T","T",,,FALSE
"phytoplankton_zhang_2017.xlsx",48,"phytoplankton_Zhang_2017_45","parent_id","phytoplankton_Pagani_2010_1","matched","phytoplankton_pagani_2010.xlsx",4,"phytoplankton_Pagani_2010_1",0.02123,0,0.000500000000016598,FALSE,"T","F",,"use new temperatures and calculations of Zhang et al., 2017",FALSE
"phytoplankton_zhang_2017.xlsx",49,"phytoplankton_Zhang_2017_46","parent_id","phytoplankton_Pagani_2010_2","matched","phytoplankton_pagani_2010.xlsx",5,"phytoplankton_Pagani_2010_2",0.0149400000000001,0,0.000500000000016598,FALSE,"T","F",,"use new temperatures and calculations of Zhang et al., 2017",FALSE
"phytoplankton_zhang_2017.xlsx",50,"phytoplankton_Zhang_2017_47","parent_id","phytoplankton_Pagani_2010_3","matched","phytoplankton_pagani_2010.xlsx",6,"phytoplankton_Pagani_2010_3",0.00985000000000003,0,0.000500000000016598,FALSE,"T","F",,"use new temperatures and calculations of Zhang et al., 2017",FALSE
"phytoplankton_zhang_2017.xlsx",51,"phytoplankton_Zhang_2017_48","parent_id","phytoplankton_Pagani_2010_4","matched","phytoplankton_pagani_2010.xlsx",7,"phytoplankton_Pagani_2010_4",0.0130800000000001,0,0.000500000000016598,FALSE,"T","F",,"use new temperatures and calculations of Zhang et al., 2017",FALSE
"phytoplankton_zhang_2017.xlsx",52,"phytoplankton_Zhang_2017_49","parent_id","phytoplankton_Pagani_2010_5","matched","phytoplankton_pagani_2010.xlsx",8,"phytoplankton_Pagani_2010_5",0.0161399999999999,0,0.000500000000016598,FALSE,"T","F",,"use new temperatures and calculations of Zhang et al., 2017",FALSE
"phytoplankton_zhang_2017.xlsx",53,"phytoplankton_Zhang_2017_50","parent_id","phytoplankton_Pagani_2010_6","matched","phytoplankton_pagani_2010.xlsx",9,"phytoplankton_Pagani_2010_6",0.03485,0,0.000500000000016598,FALSE,"T","F",,"use new temperatures and calculations of Zhang et al., 2017",FALSE
"phytoplankton_zhang_2017.xlsx",54,"phytoplankton_Zhang_2017_51","parent_id","phytoplankton_Pagani_2010_7","matched","phytoplankton_pagani_2010.xlsx",10,"phytoplankton_Pagani_2010_7",0.03333,0,0.000500000000016598,FALSE,"T","F",,"use new temperatures and calculations of Zhang et al., 2017",FALSE
"phytoplankton_zhang_2017.xlsx",55,"phytoplankton_Zhang_2017_52","parent_id","phytoplankton_Pagani_2010_8","matched","phytoplankton_pagani_2010.xlsx",11,"phytoplankton_Pagani_2010_8",0.03181,0,0.000500000000016598,FALSE,"T","F",,"use new temperatures and calculations of Zhang et al., 2017",FALSE
"phytoplankton_zhang_2017.xlsx",56,"phytoplankton_Zhang_2017_53","parent_id","phytoplankton_Pagani_2010_9","matched","phytoplankton_pagani_2010.xlsx",12,"phytoplankton_Pagani_2010_9",0.0281700000000003,0,0.000500000000016598,FALSE,"T","F",,"use new temperatures and calculations of Zhang et al., 2017",FALSE
"phytoplankton_zhang_2017.xlsx",57,"phytoplankton_Zhang_2017_54","parent_id","phytoplankton_Pagani_2010_10","matched","phytoplankton_pagani_2010.xlsx",13,"phytoplankton_Pagani_2010_10",0.0266500000000001,0,0.000500000000016598,FALSE,"T","F",,"use new temperatures and calculations of Zhang et al., 2017",FALSE
"phytoplankton_zhang_2017.xlsx",58,"phytoplankton_Zhang_2017_55","parent_id","phytoplankton_Pagani_2010_11","matched","phytoplankton_pagani_2010.xlsx",14,"phytoplankton_Pagani_2010_11",0.03078,0,0.000500000000016598,FALSE,"T","F",,"use new temperatures and calculations of Zhang et al., 2017",FALSE
"phytoplankton_zhang_2017.xlsx",59,"phytoplankton_Zhang_2017_56","parent_id","phytoplankton_Pagani_2010_12","matched","phytoplankton_pagani_2010.xlsx",15,"phytoplankton_Pagani_2010_12",0.0395999999999999,0,0.000500000000016598,FALSE,"T","F",,"use new temperatures and calculations of Zhang et al., 2017",FALSE
"phytoplankton_zhang_2017.xlsx",60,"phytoplankton_Zhang_2017_57","parent_id","phytoplankton_Pagani_2010_13","matched","phytoplankton_pagani_2010.xlsx",16,"phytoplankton_Pagani_2010_13",0.0305499999999999,0,0.000500000000016598,FALSE,"T","F",,"use new temperatures and calculations of Zhang et al., 2017",FALSE
"phytoplankton_zhang_2017.xlsx",61,"phytoplankton_Zhang_2017_58","parent_id","phytoplankton_Pagani_2010_14","matched","phytoplankton_pagani_2010.xlsx",17,"phytoplankton_Pagani_2010_14",0.0258,0,0.000500000000016598,FALSE,"T","F",,"use new temperatures and calculations of Zhang et al., 2017",FALSE
"phytoplankton_zhang_2017.xlsx",62,"phytoplankton_Zhang_2017_59","parent_id","phytoplankton_Pagani_2010_15","matched","phytoplankton_pagani_2010.xlsx",18,"phytoplankton_Pagani_2010_15",0.0292600000000001,0,0.000500000000016598,FALSE,"T","F",,"use new temperatures and calculations of Zhang et al., 2017",FALSE
"phytoplankton_zhang_2017.xlsx",63,"phytoplankton_Zhang_2017_60","parent_id","phytoplankton_Pagani_2010_16","matched","phytoplankton_pagani_2010.xlsx",19,"phytoplankton_Pagani_2010_16",0.0313800000000002,0,0.000500000000016598,FALSE,"T","F",,"use new temperatures and calculations of Zhang et al., 2017",FALSE
"phytoplankton_zhang_2017.xlsx",64,"phytoplankton_Zhang_2017_61","parent_id","phytoplankton_Pagani_2010_17","matched","phytoplankton_pagani_2010.xlsx",20,"phytoplankton_Pagani_2010_17",0.0258499999999999,0,0.000500000000016598,FALSE,"T","F",,"use new temperatures and calculations of Zhang et al., 2017",FALSE
"phytoplankton_zhang_2017.xlsx",65,"phytoplankton_Zhang_2017_62","parent_id","phytoplankton_Pagani_2010_18","matched","phytoplankton_pagani_2010.xlsx",21,"phytoplankton_Pagani_2010_18",0.00778999999999996,0,0.000500000000016598,FALSE,"T","F",,"use new temperatures and calculations of Zhang et al., 2017",FALSE
"phytoplankton_zhang_2017.xlsx",66,"phytoplankton_Zhang_2017_63","parent_id","phytoplankton_Pagani_2010_19","matched","phytoplankton_pagani_2010.xlsx",22,"phytoplankton_Pagani_2010_19",0.18528,0,0.000500000000016598,FALSE,"T","F",,"use new temperatures and calculations of Zhang et al., 2017",FALSE
"phytoplankton_zhang_2017.xlsx",67,"phytoplankton_Zhang_2017_64","parent_id","phytoplankton_Pagani_2010_20","matched","phytoplankton_pagani_2010.xlsx",23,"phytoplankton_Pagani_2010_20",0.000750000000000028,0,0.000500000000016598,FALSE,"T","F",,"use new temperatures and calculations of Zhang et al., 2017",FALSE
"phytoplankton_zhang_2017.xlsx",68,"phytoplankton_Zhang_2017_65","parent_id","phytoplankton_Pagani_2010_21","matched","phytoplankton_pagani_2010.xlsx",24,"phytoplankton_Pagani_2010_21",0.00965000000000016,0,0.000500000000016598,FALSE,"T","F",,"use new temperatures and calculations of Zhang et al., 2017",FALSE
"phytoplankton_zhang_2017.xlsx",69,"phytoplankton_Zhang_2017_66","parent_id","phytoplankton_Pagani_2010_22","matched","phytoplankton_pagani_2010.xlsx",25,"phytoplankton_Pagani_2010_22",0.00585999999999998,0,0.000500000000016598,FALSE,"T","F",,"use new temperatures and calculations of Zhang et al., 2017",FALSE
"phytoplankton_zhang_2017.xlsx",70,"phytoplankton_Zhang_2017_67","parent_id","phytoplankton_Pagani_2010_23","matched","phytoplankton_pagani_2010.xlsx",26,"phytoplankton_Pagani_2010_23",0.00206999999999979,0,0.000500000000016598,FALSE,"T","F",,"use new temperatures and calculations of Zhang et al., 2017",FALSE
"phytoplankton_zhang_2017.xlsx",71,"phytoplankton_Zhang_2017_68","parent_id","phytoplankton_Pagani_2010_24","matched","phytoplankton_pagani_2010.xlsx",27,"phytoplankton_Pagani_2010_24",0.0273099999999999,0,0.000500000000016598,FALSE,"T","F",,"use new temperatures and calculations of Zhang et al., 2017",FALSE
"phytoplankton_zhang_2017.xlsx",72,"phytoplankton_Zhang_2017_69","parent_id","phytoplankton_Pagani_2010_25","matched","phytoplankton_pagani_2010.xlsx",28,"phytoplankton_Pagani_2010_25",0.0769099999999998,0,0.000500000000016598,FALSE,"T","F",,"use new temperatures and calculations of Zhang et al., 2017",FALSE
"phytoplankton_zhang_2017.xlsx",73,"phytoplankton_Zhang_2017_70","parent_id","phytoplankton_Pagani_2010_26","matched","phytoplankton_pagani_2010.xlsx",29,"phytoplankton_Pagani_2010_26",0.0298099999999999,0,0.000500000000016598,FALSE,"T","F",,"use new temperatures and calculations of Zhang et al., 2017",FALSE
"phytoplankton_zhang_2017.xlsx",74,"phytoplankton_Zhang_2017_71","parent_id","phytoplankton_Pagani_2010_27","matched","phytoplankton_pagani_2010.xlsx",30,"phytoplankton_Pagani_2010_27",0.0275799999999999,0,0.000500000000016598,FALSE,"T","F",,"use new temperatures and calculations of Zhang et al., 2017",FALSE
"phytoplankton_zhang_2017.xlsx",75,"phytoplankton_Zhang_2017_72","parent_id","phytoplankton_Pagani_2010_28","matched","phytoplankton_pagani_2010.xlsx",31,"phytoplankton_Pagani_2010_28",0.0249600000000001,0,0.000500000000016598,FALSE,"T","F",,"use new temperatures and calculations of Zhang et al., 2017",FALSE
"phytoplankton_zhang_2017.xlsx",76,"phytoplankton_Zhang_2017_73","parent_id","phytoplankton_Pagani_2010_29","matched","phytoplankton_pagani_2010.xlsx",32,"phytoplankton_Pagani_2010_29",0.0179800000000001,0,0.000500000000016598,FALSE,"T","F",,"use new temperatures and calculations of Zhang et al., 2017",FALSE
"phytoplankton_zhang_2017.xlsx",77,"phytoplankton_Zhang_2017_74","parent_id","phytoplankton_Pagani_2010_30","matched","phytoplankton_pagani_2010.xlsx",33,"phytoplankton_Pagani_2010_30",0.0115999999999996,0,0.000500000000016598,FALSE,"T","F",,"use new temperatures and calculations of Zhang et al., 2017",FALSE
"phytoplankton_zhang_2017.xlsx",78,"phytoplankton_Zhang_2017_75","parent_id","phytoplankton_Pagani_2010_31","matched","phytoplankton_pagani_2010.xlsx",34,"phytoplankton_Pagani_2010_31",0.0122,0,0.000500000000016598,FALSE,"T","F",,"use new temperatures and calculations of Zhang et al., 2017",FALSE
"phytoplankton_zhang_2017.xlsx",79,"phytoplankton_Zhang_2017_76","parent_id","phytoplankton_Pagani_2010_32","matched","phytoplankton_pagani_2010.xlsx",35,"phytoplankton_Pagani_2010_32",0.00641999999999987,0,0.000500000000016598,FALSE,"T","F",,"use new temperatures and calculations of Zhang et al., 2017",FALSE
"phytoplankton_zhang_2017.xlsx",80,"phytoplankton_Zhang_2017_77","parent_id","phytoplankton_Pagani_2010_33","matched","phytoplankton_pagani_2010.xlsx",36,"phytoplankton_Pagani_2010_33",0.00153000000000025,0,0.000500000000016598,FALSE,"T","F",,"use new temperatures and calculations of Zhang et al., 2017",FALSE
"phytoplankton_zhang_2017.xlsx",81,"phytoplankton_Zhang_2017_78","parent_id","phytoplankton_Pagani_2010_34","matched","phytoplankton_pagani_2010.xlsx",37,"phytoplankton_Pagani_2010_34",0.00496000000000008,0,0.000500000000016598,FALSE,"T","F",,"use new temperatures and calculations of Zhang et al., 2017",FALSE
"phytoplankton_zhang_2017.xlsx",82,"phytoplankton_Zhang_2017_79","parent_id","phytoplankton_Pagani_2010_35","matched","phytoplankton_pagani_2010.xlsx",38,"phytoplankton_Pagani_2010_35",0.00502000000000002,0,0.000500000000016598,FALSE,"T","F",,"use new temperatures and calculations of Zhang et al., 2017",FALSE
"phytoplankton_zhang_2017.xlsx",83,"phytoplankton_Zhang_2017_80","parent_id","phytoplankton_Pagani_2010_36","matched","phytoplankton_pagani_2010.xlsx",39,"phytoplankton_Pagani_2010_36",0.00160999999999989,0,0.000500000000016598,FALSE,"T","F",,"use new temperatures and calculations of Zhang et al., 2017",FALSE
"phytoplankton_zhang_2017.xlsx",84,"phytoplankton_Zhang_2017_81","parent_id","phytoplankton_Pagani_2010_37","matched","phytoplankton_pagani_2010.xlsx",40,"phytoplankton_Pagani_2010_37",0.00208999999999993,0,0.000500000000016598,FALSE,"T","F",,"use new temperatures and calculations of Zhang et al., 2017",FALSE
"phytoplankton_zhang_2017.xlsx",85,"phytoplankton_Zhang_2017_82","parent_id","phytoplankton_Pagani_2010_38","matched","phytoplankton_pagani_2010.xlsx",41,"phytoplankton_Pagani_2010_38",0.00133000000000028,0,0.000500000000016598,FALSE,"T","F",,"use new temperatures and calculations of Zhang et al., 2017",FALSE
"phytoplankton_zhang_2017.xlsx",86,"phytoplankton_Zhang_2017_83","parent_id","phytoplankton_Pagani_2010_39","matched","phytoplankton_pagani_2010.xlsx",42,"phytoplankton_Pagani_2010_39",0.00143000000000004,0,0.000500000000016598,FALSE,"T","F",,"use new temperatures and calculations of Zhang et al., 2017",FALSE
"phytoplankton_zhang_2017.xlsx",87,"phytoplankton_Zhang_2017_84","parent_id","phytoplankton_Pagani_2010_40","matched","phytoplankton_pagani_2010.xlsx",43,"phytoplankton_Pagani_2010_40",0.00457999999999981,0,0.000500000000016598,FALSE,"T","F",,"use new temperatures and calculations of Zhang et al., 2017",FALSE
"phytoplankton_zhang_2017.xlsx",88,"phytoplankton_Zhang_2017_85","parent_id","phytoplankton_Pagani_2010_41","matched","phytoplankton_pagani_2010.xlsx",44,"phytoplankton_Pagani_2010_41",0.00520999999999994,0,0.000500000000016598,FALSE,"T","F",,"use new temperatures and calculations of Zhang et al., 2017",FALSE
"phytoplankton_zhang_2017.xlsx",89,"phytoplankton_Zhang_2017_86","parent_id","phytoplankton_Pagani_2010_42","matched","phytoplankton_pagani_2010.xlsx",45,"phytoplankton_Pagani_2010_42",0.000830000000000108,0,0.000500000000016598,FALSE,"T","F",,"use new temperatures and calculations of Zhang et al., 2017",FALSE
"phytoplankton_zhang_2017.xlsx",90,"phytoplankton_Zhang_2017_87","parent_id","phytoplankton_Pagani_2010_43","matched","phytoplankton_pagani_2010.xlsx",46,"phytoplankton_Pagani_2010_43",0.00344999999999995,0,0.000500000000016598,FALSE,"T","F",,"use new temperatures and calculations of Zhang et al., 2017",FALSE
"phytoplankton_zhang_2017.xlsx",91,"phytoplankton_Zhang_2017_88","parent_id","phytoplankton_Pagani_2010_44","matched","phytoplankton_pagani_2010.xlsx",47,"phytoplankton_Pagani_2010_44",0.0022300000000004,0,0.000500000000016598,FALSE,"T","F",,"use new temperatures and calculations of Zhang et al., 2017",FALSE
"phytoplankton_zhang_2017.xlsx",92,"phytoplankton_Zhang_2017_89","parent_id","phytoplankton_Pagani_2010_45","matched","phytoplankton_pagani_2010.xlsx",48,"phytoplankton_Pagani_2010_45",0.00460999999999956,0,0.000500000000016598,FALSE,"T","F",,"use new temperatures and calculations of Zhang et al., 2017",FALSE
"phytoplankton_zhang_2017.xlsx",93,"phytoplankton_Zhang_2017_90","parent_id","phytoplankton_Pagani_2010_46","matched","phytoplankton_pagani_2010.xlsx",49,"phytoplankton_Pagani_2010_46",0.0045699999999993,0,0.000500000000016598,FALSE,"T","F",,"use new temperatures and calculations of Zhang et al., 2017",FALSE
"phytoplankton_zhang_2017.xlsx",94,"phytoplankton_Zhang_2017_91","parent_id","phytoplankton_Pagani_2010_47","matched","phytoplankton_pagani_2010.xlsx",50,"phytoplankton_Pagani_2010_47",0.00300000000000011,0,0.000500000000016598,FALSE,"T","F",,"use new temperatures and calculations of Zhang et al., 2017",FALSE
"phytoplankton_zhang_2017.xlsx",95,"phytoplankton_Zhang_2017_92","parent_id","phytoplankton_Pagani_2010_48","matched","phytoplankton_pagani_2010.xlsx",51,"phytoplankton_Pagani_2010_48",0.00258000000000003,0,0.000500000000016598,FALSE,"T","F",,"use new temperatures and calculations of Zhang et al., 2017",FALSE
"phytoplankton_zhang_2017.xlsx",96,"phytoplankton_Zhang_2017_93","parent_id","phytoplankton_Pagani_2010_49","matched","phytoplankton_pagani_2010.xlsx",52,"phytoplankton_Pagani_2010_49",0.00286000000000008,0,0.000500000000016598,FALSE,"T","F",,"use new temperatures and calculations of Zhang et al., 2017",FALSE
"phytoplankton_zhang_2017.xlsx",97,"phytoplankton_Zhang_2017_94","parent_id","phytoplankton_Pagani_2010_50","matched","phytoplankton_pagani_2010.xlsx",53,"phytoplankton_Pagani_2010_50",9.00000000001455e-05,0,0.000500000000016598,FALSE,"T","F",,"use new temperatures and calculations of Zhang et al., 2017",FALSE
"phytoplankton_zhang_2019.xlsx",4,"phytoplankton_zhang_2019_1","parent_id","phytoplankton_Zhang_2013_1","matched","phytoplankton_zhang_2013.xlsx",4,"phytoplankton_Zhang_2013_1",0.00340952,0,0,FALSE,"T","F","Replaces Zhang et al. (2013) and Pagani et al. (2010)","superceded by Zhang et al. (2019)",FALSE
"phytoplankton_zhang_2019.xlsx",5,"phytoplankton_zhang_2019_2","parent_id","phytoplankton_Zhang_2013_2","matched","phytoplankton_zhang_2013.xlsx",5,"phytoplankton_Zhang_2013_2",0.00199447,0,0,FALSE,"T","F","Replaces Zhang et al. (2013) and Pagani et al. (2010)","superceded by Zhang et al. (2019)",FALSE
"phytoplankton_zhang_2019.xlsx",6,"phytoplankton_zhang_2019_3","parent_id","phytoplankton_Zhang_2013_3","matched","phytoplankton_zhang_2013.xlsx",6,"phytoplankton_Zhang_2013_3",0.00604827,0,0,FALSE,"T","F","Replaces Zhang et al. (2013) and Pagani et al. (2010)","superceded by Zhang et al. (2019)",FALSE
"phytoplankton_zhang_2019.xlsx",7,"phytoplankton_zhang_2019_4","parent_id","phytoplankton_Zhang_2013_4","matched","phytoplankton_zhang_2013.xlsx",7,"phytoplankton_Zhang_2013_4",0.00790211,0,0,FALSE,"T","F","Replaces Zhang et al. (2013) and Pagani et al. (2010)","superceded by Zhang et al. (2019)",FALSE
"phytoplankton_zhang_2019.xlsx",8,"phytoplankton_zhang_2019_5","parent_id","phytoplankton_Zhang_2013_5","matched","phytoplankton_zhang_2013.xlsx",8,"phytoplankton_Zhang_2013_5",0.00317872,0,0,FALSE,"T","F","Replaces Zhang et al. (2013) and Pagani et al. (2010)","superceded by Zhang et al. (2019)",FALSE
"phytoplankton_zhang_2019.xlsx",9,"phytoplankton_zhang_2019_6","parent_id","phytoplankton_Zhang_2013_6","matched","phytoplankton_zhang_2013.xlsx",9,"phytoplankton_Zhang_2013_6",0.0010889,0,0,FALSE,"T","F","Replaces Zhang et al. (2013) and Pagani et al. (2010)","superceded by Zhang et al. (2019)",FALSE
"phytoplankton_zhang_2019.xlsx",10,"phytoplankton_zhang_2019_7","parent_id","phytoplankton_Zhang_2013_7","matched","phytoplankton_zhang_2013.xlsx",10,"phytoplankton_Zhang_2013_7",8.7020000000021e-05,0,0,FALSE,"T","F","Replaces Zhang et al. (2013) and Pagani et al. (2010)","superceded by Zhang et al. (2019)",FALSE
"phytoplankton_zhang_2019.xlsx",11,"phytoplankton_zhang_2019_8","parent_id","phytoplankton_Zhang_2013_8","matched","phytoplankton_zhang_2013.xlsx",11,"phytoplankton_Zhang_2013_8",0.00402560000000002,0,0,FALSE,"T","F","Replaces Zhang et al. (2013) and Pagani et al. (2010)","superceded by Zhang et al. (2019)",FALSE
"phytoplankton_zhang_2019.xlsx",12,"phytoplankton_zhang_2019_9","parent_id","phytoplankton_Zhang_2013_9","matched","phytoplankton_zhang_2013.xlsx",12,"phytoplankton_Zhang_2013_9",0.00269349999999999,0,0,FALSE,"T","F","Replaces Zhang et al. (2013) and Pagani et al. (2010)","superceded by Zhang et al. (2019)",FALSE
"phytoplankton_zhang_2019.xlsx",13,"phytoplankton_zhang_2019_10","parent_id","phytoplankton_Zhang_2013_10","matched","phytoplankton_zhang_2013.xlsx",13,"phytoplankton_Zhang_2013_10",0.00110299999999999,0,0,FALSE,"T","F","Replaces Zhang et al. (2013) and Pagani et al. (2010)","superceded by Zhang et al. (2019)",FALSE
"phytoplankton_zhang_2019.xlsx",14,"phytoplankton_zhang_2019_11","parent_id","phytoplankton_Zhang_2013_11","matched","phytoplankton_zhang_2013.xlsx",14,"phytoplankton_Zhang_2013_11",0.00323159999999997,0,0,FALSE,"T","F","Replaces Zhang et al. (2013) and Pagani et al. (2010)","superceded by Zhang et al. (2019)",FALSE
"phytoplankton_zhang_2019.xlsx",15,"phytoplankton_zhang_2019_12","parent_id","phytoplankton_Zhang_2013_12","matched","phytoplankton_zhang_2013.xlsx",15,"phytoplankton_Zhang_2013_12",0.00250913999999999,0,0,FALSE,"T","F","Replaces Zhang et al. (2013) and Pagani et al. (2010)","superceded by Zhang et al. (2019)",FALSE
"phytoplankton_zhang_2019.xlsx",16,"phytoplankton_zhang_2019_13","parent_id","phytoplankton_Zhang_2013_13","matched","phytoplankton_zhang_2013.xlsx",16,"phytoplankton_Zhang_2013_13",0.00106392,0,0,FALSE,"T","F","Replaces Zhang et al. (2013) and Pagani et al. (2010)","superceded by Zhang et al. (2019)",FALSE
"phytoplankton_pagani_2010.xlsx",4,"phytoplankton_Pagani_2010_1","child_id","phytoplankton_Zhang_2017_45","matched","phytoplankton_zhang_2017.xlsx",48,"phytoplankton_Zhang_2017_45",0.02123,0,0.000500000000016598,FALSE,"F","T","use new temperatures and calculations of Zhang et al., 2017",,FALSE
"phytoplankton_pagani_2010.xlsx",5,"phytoplankton_Pagani_2010_2","child_id","phytoplankton_Zhang_2017_46","matched","phytoplankton_zhang_2017.xlsx",49,"phytoplankton_Zhang_2017_46",0.0149400000000001,0,0.000500000000016598,FALSE,"F","T","use new temperatures and calculations of Zhang et al., 2017",,FALSE
"phytoplankton_pagani_2010.xlsx",6,"phytoplankton_Pagani_2010_3","child_id","phytoplankton_Zhang_2017_47","matched","phytoplankton_zhang_2017.xlsx",50,"phytoplankton_Zhang_2017_47",0.00985000000000003,0,0.000500000000016598,FALSE,"F","T","use new temperatures and calculations of Zhang et al., 2017",,FALSE
"phytoplankton_pagani_2010.xlsx",7,"phytoplankton_Pagani_2010_4","child_id","phytoplankton_Zhang_2017_48","matched","phytoplankton_zhang_2017.xlsx",51,"phytoplankton_Zhang_2017_48",0.0130800000000001,0,0.000500000000016598,FALSE,"F","T","use new temperatures and calculations of Zhang et al., 2017",,FALSE
"phytoplankton_pagani_2010.xlsx",8,"phytoplankton_Pagani_2010_5","child_id","phytoplankton_Zhang_2017_49","matched","phytoplankton_zhang_2017.xlsx",52,"phytoplankton_Zhang_2017_49",0.0161399999999999,0,0.000500000000016598,FALSE,"F","T","use new temperatures and calculations of Zhang et al., 2017",,FALSE
"phytoplankton_pagani_2010.xlsx",9,"phytoplankton_Pagani_2010_6","child_id","phytoplankton_Zhang_2017_50","matched","phytoplankton_zhang_2017.xlsx",53,"phytoplankton_Zhang_2017_50",0.03485,0,0.000500000000016598,FALSE,"F","T","use new temperatures and calculations of Zhang et al., 2017",,FALSE
"phytoplankton_pagani_2010.xlsx",10,"phytoplankton_Pagani_2010_7","child_id","phytoplankton_Zhang_2017_51","matched","phytoplankton_zhang_2017.xlsx",54,"phytoplankton_Zhang_2017_51",0.03333,0,0.000500000000016598,FALSE,"F","T","use new temperatures and calculations of Zhang et al., 2017",,FALSE
"phytoplankton_pagani_2010.xlsx",11,"phytoplankton_Pagani_2010_8","child_id","phytoplankton_Zhang_2017_52","matched","phytoplankton_zhang_2017.xlsx",55,"phytoplankton_Zhang_2017_52",0.03181,0,0.000500000000016598,FALSE,"F","T","use new temperatures and calculations of Zhang et al., 2017",,FALSE
"phytoplankton_pagani_2010.xlsx",12,"phytoplankton_Pagani_2010_9","child_id","phytoplankton_Zhang_2017_53","matched","phytoplankton_zhang_2017.xlsx",56,"phytoplankton_Zhang_2017_53",0.0281700000000003,0,0.000500000000016598,FALSE,"F","T","use new temperatures and calculations of Zhang et al., 2017",,FALSE
"phytoplankton_pagani_2010.xlsx",13,"phytoplankton_Pagani_2010_10","child_id","phytoplankton_Zhang_2017_54","matched","phytoplankton_zhang_2017.xlsx",57,"phytoplankton_Zhang_2017_54",0.0266500000000001,0,0.000500000000016598,FALSE,"F","T","use new temperatures and calculations of Zhang et al., 2017",,FALSE
"phytoplankton_pagani_2010.xlsx",14,"phytoplankton_Pagani_2010_11","child_id","phytoplankton_Zhang_2017_55","matched","phytoplankton_zhang_2017.xlsx",58,"phytoplankton_Zhang_2017_55",0.03078,0,0.000500000000016598,FALSE,"F","T","use new temperatures and calculations of Zhang et al., 2017",,FALSE
"phytoplankton_pagani_2010.xlsx",15,"phytoplankton_Pagani_2010_12","child_id","phytoplankton_Zhang_2017_56","matched","phytoplankton_zhang_2017.xlsx",59,"phytoplankton_Zhang_2017_56",0.0395999999999999,0,0.000500000000016598,FALSE,"F","T","use new temperatures and calculations of Zhang et al., 2017",,FALSE
"phytoplankton_pagani_2010.xlsx",16,"phytoplankton_Pagani_2010_13","child_id","phytoplankton_Zhang_2017_57","matched","phytoplankton_zhang_2017.xlsx",60,"phytoplankton_Zhang_2017_57",0.0305499999999999,0,0.000500000000016598,FALSE,"F","T","use new temperatures and calculations of Zhang et al., 2017",,FALSE
"phytoplankton_pagani_2010.xlsx",17,"phytoplankton_Pagani_2010_14","child_id","phytoplankton_Zhang_2017_58","matched","phytoplankton_zhang_2017.xlsx",61,"phytoplankton_Zhang_2017_58",0.0258,0,0.000500000000016598,FALSE,"F","T","use new temperatures and calculations of Zhang et al., 2017",,FALSE
"phytoplankton_pagani_2010.xlsx",18,"phytoplankton_Pagani_2010_15","child_id","phytoplankton_Zhang_2017_59","matched","phytoplankton_zhang_2017.xlsx",62,"phytoplankton_Zhang_2017_59",0.0292600000000001,0,0.000500000000016598,FALSE,"F","T","use new temperatures and calculations of Zhang et al., 2017",,FALSE
"phytoplankton_pagani_2010.xlsx",19,"phytoplankton_Pagani_2010_16","child_id","phytoplankton_Zhang_2017_60","matched","phytoplankton_zhang_2017.xlsx",63,"phytoplankton_Zhang_2017_60",0.0313800000000002,0,0.000500000000016598,FALSE,"F","T","use new temperatures and calculations of Zhang et al., 2017",,FALSE
"phytoplankton_pagani_2010.xlsx",20,"phytoplankton_Pagani_2010_17","child_id","phytoplankton_Zhang_2017_61","matched","phytoplankton_zhang_2017.xlsx",64,"phytoplankton_Zhang_2017_61",0.0258499999999999,0,0.000500000000016598,FALSE,"F","T","use new temperatures and calculations of Zhang et al., 2017",,FALSE
"phytoplankton_pagani_2010.xlsx",21,"phytoplankton_Pagani_2010_18","child_id","phytoplankton_Zhang_2017_62","matched","phytoplankton_zhang_2017.xlsx",65,"phytoplankton_Zhang_2017_62",0.00778999999999996,0,0.000500000000016598,FALSE,"F","T","use new temperatures and calculations of Zhang et al., 2017",,FALSE
"phytoplankton_pagani_2010.xlsx",22,"phytoplankton_Pagani_2010_19","child_id","phytoplankton_Zhang_2017_63","matched","phytoplankton_zhang_2017.xlsx",66,"phytoplankton_Zhang_2017_63",0.18528,0,0.000500000000016598,FALSE,"F","T","use new temperatures and calculations of Zhang et al., 2017",,FALSE
"phytoplankton_pagani_2010.xlsx",23,"phytoplankton_Pagani_2010_20","child_id","phytoplankton_Zhang_2017_64","matched","phytoplankton_zhang_2017.xlsx",67,"phytoplankton_Zhang_2017_64",0.000750000000000028,0,0.000500000000016598,FALSE,"F","T","use new temperatures and calculations of Zhang et al., 2017",,FALSE
"phytoplankton_pagani_2010.xlsx",24,"phytoplankton_Pagani_2010_21","child_id","phytoplankton_Zhang_2017_65","matched","phytoplankton_zhang_2017.xlsx",68,"phytoplankton_Zhang_2017_65",0.00965000000000016,0,0.000500000000016598,FALSE,"F","T","use new temperatures and calculations of Zhang et al., 2017",,FALSE
"phytoplankton_pagani_2010.xlsx",25,"phytoplankton_Pagani_2010_22","child_id","phytoplankton_Zhang_2017_66","matched","phytoplankton_zhang_2017.xlsx",69,"phytoplankton_Zhang_2017_66",0.00585999999999998,0,0.000500000000016598,FALSE,"F","T","use new temperatures and calculations of Zhang et al., 2017",,FALSE
"phytoplankton_pagani_2010.xlsx",26,"phytoplankton_Pagani_2010_23","child_id","phytoplankton_Zhang_2017_67","matched","phytoplankton_zhang_2017.xlsx",70,"phytoplankton_Zhang_2017_67",0.00206999999999979,0,0.000500000000016598,FALSE,"F","T","use new temperatures and calculations of Zhang et al., 2017",,FALSE
"phytoplankton_pagani_2010.xlsx",27,"phytoplankton_Pagani_2010_24","child_id","phytoplankton_Zhang_2017_68","matched","phytoplankton_zhang_2017.xlsx",71,"phytoplankton_Zhang_2017_68",0.0273099999999999,0,0.000500000000016598,FALSE,"F","T","use new temperatures and calculations of Zhang et al., 2017",,FALSE
"phytoplankton_pagani_2010.xlsx",28,"phytoplankton_Pagani_2010_25","child_id","phytoplankton_Zhang_2017_69","matched","phytoplankton_zhang_2017.xlsx",72,"phytoplankton_Zhang_2017_69",0.0769099999999998,0,0.000500000000016598,FALSE,"F","T","use new temperatures and calculations of Zhang et al., 2017",,FALSE
"phytoplankton_pagani_2010.xlsx",29,"phytoplankton_Pagani_2010_26","child_id","phytoplankton_Zhang_2017_70","matched","phytoplankton_zhang_2017.xlsx",73,"phytoplankton_Zhang_2017_70",0.0298099999999999,0,0.000500000000016598,FALSE,"F","T","use new temperatures and calculations of Zhang et al., 2017",,FALSE
"phytoplankton_pagani_2010.xlsx",30,"phytoplankton_Pagani_2010_27","child_id","phytoplankton_Zhang_2017_71","matched","phytoplankton_zhang_2017.xlsx",74,"phytoplankton_Zhang_2017_71",0.0275799999999999,0,0.000500000000016598,FALSE,"F","T","use new temperatures and calculations of Zhang et al., 2017",,FALSE
"phytoplankton_pagani_2010.xlsx",31,"phytoplankton_Pagani_2010_28","child_id","phytoplankton_Zhang_2017_72","matched","phytoplankton_zhang_2017.xlsx",75,"phytoplankton_Zhang_2017_72",0.0249600000000001,0,0.000500000000016598,FALSE,"F","T","use new temperatures and calculations of Zhang et al., 2017",,FALSE
"phytoplankton_pagani_2010.xlsx",32,"phytoplankton_Pagani_2010_29","child_id","phytoplankton_Zhang_2017_73","matched","phytoplankton_zhang_2017.xlsx",76,"phytoplankton_Zhang_2017_73",0.0179800000000001,0,0.000500000000016598,FALSE,"F","T","use new temperatures and calculations of Zhang et al., 2017",,FALSE
"phytoplankton_pagani_2010.xlsx",33,"phytoplankton_Pagani_2010_30","child_id","phytoplankton_Zhang_2017_74","matched","phytoplankton_zhang_2017.xlsx",77,"phytoplankton_Zhang_2017_74",0.0115999999999996,0,0.000500000000016598,FALSE,"F","T","use new temperatures and calculations of Zhang et al., 2017",,FALSE
"phytoplankton_pagani_2010.xlsx",34,"phytoplankton_Pagani_2010_31","child_id","phytoplankton_Zhang_2017_75","matched","phytoplankton_zhang_2017.xlsx",78,"phytoplankton_Zhang_2017_75",0.0122,0,0.000500000000016598,FALSE,"F","T","use new temperatures and calculations of Zhang et al., 2017",,FALSE
"phytoplankton_pagani_2010.xlsx",35,"phytoplankton_Pagani_2010_32","child_id","phytoplankton_Zhang_2017_76","matched","phytoplankton_zhang_2017.xlsx",79,"phytoplankton_Zhang_2017_76",0.00641999999999987,0,0.000500000000016598,FALSE,"F","T","use new temperatures and calculations of Zhang et al., 2017",,FALSE
"phytoplankton_pagani_2010.xlsx",36,"phytoplankton_Pagani_2010_33","child_id","phytoplankton_Zhang_2017_77","matched","phytoplankton_zhang_2017.xlsx",80,"phytoplankton_Zhang_2017_77",0.00153000000000025,0,0.000500000000016598,FALSE,"F","T","use new temperatures and calculations of Zhang et al., 2017",,FALSE
"phytoplankton_pagani_2010.xlsx",37,"phytoplankton_Pagani_2010_34","child_id","phytoplankton_Zhang_2017_78","matched","phytoplankton_zhang_2017.xlsx",81,"phytoplankton_Zhang_2017_78",0.00496000000000008,0,0.000500000000016598,FALSE,"F","T","use new temperatures and calculations of Zhang et al., 2017",,FALSE
"phytoplankton_pagani_2010.xlsx",38,"phytoplankton_Pagani_2010_35","child_id","phytoplankton_Zhang_2017_79","matched","phytoplankton_zhang_2017.xlsx",82,"phytoplankton_Zhang_2017_79",0.00502000000000002,0,0.000500000000016598,FALSE,"F","T","use new temperatures and calculations of Zhang et al., 2017",,FALSE
"phytoplankton_pagani_2010.xlsx",39,"phytoplankton_Pagani_2010_36","child_id","phytoplankton_Zhang_2017_80","matched","phytoplankton_zhang_2017.xlsx",83,"phytoplankton_Zhang_2017_80",0.00160999999999989,0,0.000500000000016598,FALSE,"F","T","use new temperatures and calculations of Zhang et al., 2017",,FALSE
"phytoplankton_pagani_2010.xlsx",40,"phytoplankton_Pagani_2010_37","child_id","phytoplankton_Zhang_2017_81","matched","phytoplankton_zhang_2017.xlsx",84,"phytoplankton_Zhang_2017_81",0.00208999999999993,0,0.000500000000016598,FALSE,"F","T","use new temperatures and calculations of Zhang et al., 2017",,FALSE
"phytoplankton_pagani_2010.xlsx",41,"phytoplankton_Pagani_2010_38","child_id","phytoplankton_Zhang_2017_82","matched","phytoplankton_zhang_2017.xlsx",85,"phytoplankton_Zhang_2017_82",0.00133000000000028,0,0.000500000000016598,FALSE,"F","T","use new temperatures and calculations of Zhang et al., 2017",,FALSE
"phytoplankton_pagani_2010.xlsx",42,"phytoplankton_Pagani_2010_39","child_id","phytoplankton_Zhang_2017_83","matched","phytoplankton_zhang_2017.xlsx",86,"phytoplankton_Zhang_2017_83",0.00143000000000004,0,0.000500000000016598,FALSE,"F","T","use new temperatures and calculations of Zhang et al., 2017",,FALSE
"phytoplankton_pagani_2010.xlsx",43,"phytoplankton_Pagani_2010_40","child_id","phytoplankton_Zhang_2017_84","matched","phytoplankton_zhang_2017.xlsx",87,"phytoplankton_Zhang_2017_84",0.00457999999999981,0,0.000500000000016598,FALSE,"F","T","use new temperatures and calculations of Zhang et al., 2017",,FALSE
"phytoplankton_pagani_2010.xlsx",44,"phytoplankton_Pagani_2010_41","child_id","phytoplankton_Zhang_2017_85","matched","phytoplankton_zhang_2017.xlsx",88,"phytoplankton_Zhang_2017_85",0.00520999999999994,0,0.000500000000016598,FALSE,"F","T","use new temperatures and calculations of Zhang et al., 2017",,FALSE
"phytoplankton_pagani_2010.xlsx",45,"phytoplankton_Pagani_2010_42","child_id","phytoplankton_Zhang_2017_86","matched","phytoplankton_zhang_2017.xlsx",89,"phytoplankton_Zhang_2017_86",0.000830000000000108,0,0.000500000000016598,FALSE,"F","T","use new temperatures and calculations of Zhang et al., 2017",,FALSE
"phytoplankton_pagani_2010.xlsx",46,"phytoplankton_Pagani_2010_43","child_id","phytoplankton_Zhang_2017_87","matched","phytoplankton_zhang_2017.xlsx",90,"phytoplankton_Zhang_2017_87",0.00344999999999995,0,0.000500000000016598,FALSE,"F","T","use new temperatures and calculations of Zhang et al., 2017",,FALSE
"phytoplankton_pagani_2010.xlsx",47,"phytoplankton_Pagani_2010_44","child_id","phytoplankton_Zhang_2017_88","matched","phytoplankton_zhang_2017.xlsx",91,"phytoplankton_Zhang_2017_88",0.0022300000000004,0,0.000500000000016598,FALSE,"F","T","use new temperatures and calculations of Zhang et al., 2017",,FALSE
"phytoplankton_pagani_2010.xlsx",48,"phytoplankton_Pagani_2010_45","child_id","phytoplankton_Zhang_2017_89","matched","phytoplankton_zhang_2017.xlsx",92,"phytoplankton_Zhang_2017_89",0.00460999999999956,0,0.000500000000016598,FALSE,"F","T","use new temperatures and calculations of Zhang et al., 2017",,FALSE
"phytoplankton_pagani_2010.xlsx",49,"phytoplankton_Pagani_2010_46","child_id","phytoplankton_Zhang_2017_90","matched","phytoplankton_zhang_2017.xlsx",93,"phytoplankton_Zhang_2017_90",0.0045699999999993,0,0.000500000000016598,FALSE,"F","T","use new temperatures and calculations of Zhang et al., 2017",,FALSE
"phytoplankton_pagani_2010.xlsx",50,"phytoplankton_Pagani_2010_47","child_id","phytoplankton_Zhang_2017_91","matched","phytoplankton_zhang_2017.xlsx",94,"phytoplankton_Zhang_2017_91",0.00300000000000011,0,0.000500000000016598,FALSE,"F","T","use new temperatures and calculations of Zhang et al., 2017",,FALSE
"phytoplankton_pagani_2010.xlsx",51,"phytoplankton_Pagani_2010_48","child_id","phytoplankton_Zhang_2017_92","matched","phytoplankton_zhang_2017.xlsx",95,"phytoplankton_Zhang_2017_92",0.00258000000000003,0,0.000500000000016598,FALSE,"F","T","use new temperatures and calculations of Zhang et al., 2017",,FALSE
"phytoplankton_pagani_2010.xlsx",52,"phytoplankton_Pagani_2010_49","child_id","phytoplankton_Zhang_2017_93","matched","phytoplankton_zhang_2017.xlsx",96,"phytoplankton_Zhang_2017_93",0.00286000000000008,0,0.000500000000016598,FALSE,"F","T","use new temperatures and calculations of Zhang et al., 2017",,FALSE
"phytoplankton_pagani_2010.xlsx",53,"phytoplankton_Pagani_2010_50","child_id","phytoplankton_Zhang_2017_94","matched","phytoplankton_zhang_2017.xlsx",97,"phytoplankton_Zhang_2017_94",9.00000000001455e-05,0,0.000500000000016598,FALSE,"F","T","use new temperatures and calculations of Zhang et al., 2017",,FALSE
"phytoplankton_pagani_2010.xlsx",62,"phytoplankton_Pagani_2010_59","child_id","phytoplankton_Zhang_2013_4","matched","phytoplankton_zhang_2013.xlsx",7,"phytoplankton_Zhang_2013_4",0.0012,9.99999999997669e-05,0.000266666666703941,FALSE,"F","F","use new temperatures and calculations of Zhang et al., 2013","superceded by Zhang et al. (2019)",FALSE
"phytoplankton_pagani_2010.xlsx",63,"phytoplankton_Pagani_2010_60","child_id","phytoplankton_Zhang_2013_5","matched","phytoplankton_zhang_2013.xlsx",8,"phytoplankton_Zhang_2013_5",0.0017,9.99999999997669e-05,0.000266666666703941,FALSE,"F","F","use new temperatures and calculations of Zhang et al., 2013","superceded by Zhang et al. (2019)",FALSE
"phytoplankton_pagani_2010.xlsx",64,"phytoplankton_Pagani_2010_61","child_id","phytoplankton_Zhang_2013_6","matched","phytoplankton_zhang_2013.xlsx",9,"phytoplankton_Zhang_2013_6",0.00359999999999999,9.99999999997669e-05,0.000266666666703941,FALSE,"F","F","use new temperatures and calculations of Zhang et al., 2013","superceded by Zhang et al. (2019)",FALSE
"phytoplankton_pagani_2010.xlsx",65,"phytoplankton_Pagani_2010_62","child_id","phytoplankton_Zhang_2013_7","matched","phytoplankton_zhang_2013.xlsx",10,"phytoplankton_Zhang_2013_7",0.000700000000000006,9.99999999997669e-05,0.000266666666703941,FALSE,"F","F","use new temperatures and calculations of Zhang et al., 2013","superceded by Zhang et al. (2019)",FALSE
"phytoplankton_pagani_2010.xlsx",66,"phytoplankton_Pagani_2010_63","child_id","phytoplankton_Zhang_2013_8","matched","phytoplankton_zhang_2013.xlsx",11,"phytoplankton_Zhang_2013_8",0.00459999999999999,9.99999999997669e-05,0.000266666666703941,FALSE,"F","F","use new temperatures and calculations of Zhang et al., 2013","superceded by Zhang et al. (2019)",FALSE
"phytoplankton_pagani_2010.xlsx",67,"phytoplankton_Pagani_2010_64","child_id","phytoplankton_Zhang_2013_9","matched","phytoplankton_zhang_2013.xlsx",12,"phytoplankton_Zhang_2013_9",0.00320000000000001,9.99999999997669e-05,0.000266666666703941,FALSE,"F","F","use new temperatures and calculations of Zhang et al., 2013","superceded by Zhang et al. (2019)",FALSE
"phytoplankton_pagani_2010.xlsx",68,"phytoplankton_Pagani_2010_65","child_id","phytoplankton_Zhang_2013_10","matched","phytoplankton_zhang_2013.xlsx",13,"phytoplankton_Zhang_2013_10",0.00359999999999999,9.99999999997669e-05,0.000266666666703941,FALSE,"F","F","use new temperatures and calculations of Zhang et al., 2013","superceded by Zhang et al. (2019)",FALSE
"phytoplankton_pagani_2010.xlsx",69,"phytoplankton_Pagani_2010_66","child_id","phytoplankton_Zhang_2013_11","matched","phytoplankton_zhang_2013.xlsx",14,"phytoplankton_Zhang_2013_11",0.0035,9.99999999997669e-05,0.000266666666703941,FALSE,"F","F","use new temperatures and calculations of Zhang et al., 2013","superceded by Zhang et al. (2019)",FALSE
"phytoplankton_pagani_2010.xlsx",70,"phytoplankton_Pagani_2010_67","child_id","phytoplankton_Zhang_2013_12","matched","phytoplankton_zhang_2013.xlsx",15,"phytoplankton_Zhang_2013_12",0.00380000000000003,9.99999999997669e-05,0.000266666666703941,FALSE,"F","F","use new temperatures and calculations of Zhang et al., 2013","superceded by Zhang et al. (2019)",FALSE
"phytoplankton_pagani_2010.xlsx",71,"phytoplankton_Pagani_2010_68","child_id","phytoplankton_Zhang_2013_13","matched","phytoplankton_zhang_2013.xlsx",16,"phytoplankton_Zhang_2013_13",0.00340000000000001,9.99999999997669e-05,0.000266666666703941,FALSE,"F","F","use new temperatures and calculations of Zhang et al., 2013","superceded by Zhang et al. (2019)",FALSE
"phytoplankton_pagani_2010.xlsx",72,"phytoplankton_Pagani_2010_69","child_id","phytoplankton_Zhang_2013_14","matched","phytoplankton_zhang_2013.xlsx",17,"phytoplankton_Zhang_2013_14",0,9.99999999997669e-05,0.000266666666703941,FALSE,"F","T","use new temperatures and calculations of Zhang et al., 2013",,FALSE
"phytoplankton_pagani_2010.xlsx",73,"phytoplankton_Pagani_2010_70","child_id","phytoplankton_Zhang_2013_15","matched","phytoplankton_zhang_2013.xlsx",18,"phytoplankton_Zhang_2013_15",0.001,9.99999999997669e-05,0.000266666666703941,FALSE,"F","T","use new temperatures and calculations of Zhang et al., 2013",,FALSE
"phytoplankton_pagani_2010.xlsx",74,"phytoplankton_Pagani_2010_71","child_id","phytoplankton_Zhang_2013_16","matched","phytoplankton_zhang_2013.xlsx",19,"phytoplankton_Zhang_2013_16",0.00470000000000004,9.99999999997669e-05,0.000266666666703941,FALSE,"F","T","use new temperatures and calculations of Zhang et al., 2013",,FALSE
"phytoplankton_pagani_2010.xlsx",75,"phytoplankton_Pagani_2010_72","child_id","phytoplankton_Zhang_2013_17","matched","phytoplankton_zhang_2013.xlsx",20,"phytoplankton_Zhang_2013_17",0.00129999999999997,9.99999999997669e-05,0.000266666666703941,FALSE,"F","T","use new temperatures and calculations of Zhang et al., 2013",,FALSE
"phytoplankton_pagani_2010.xlsx",76,"phytoplankton_Pagani_2010_73","child_id","phytoplankton_Zhang_2013_18","matched","phytoplankton_zhang_2013.xlsx",21,"phytoplankton_Zhang_2013_18",0.004,9.99999999997669e-05,0.000266666666703941,FALSE,"F","T","use new temperatures and calculations of Zhang et al., 2013",,FALSE
"phytoplankton_pagani_2010.xlsx",77,"phytoplankton_Pagani_2010_74","child_id","phytoplankton_Zhang_2013_19","matched","phytoplankton_zhang_2013.xlsx",22,"phytoplankton_Zhang_2013_19",0.00100000000000011,9.99999999997669e-05,0.000266666666703941,FALSE,"F","T","use new temperatures and calculations of Zhang et al., 2013",,FALSE
"phytoplankton_pagani_2010.xlsx",78,"phytoplankton_Pagani_2010_75","child_id","phytoplankton_Zhang_2013_20","matched","phytoplankton_zhang_2013.xlsx",23,"phytoplankton_Zhang_2013_20",0.004,9.99999999997669e-05,0.000266666666703941,FALSE,"F","T","use new temperatures and calculations of Zhang et al., 2013",,FALSE
"phytoplankton_pagani_2010.xlsx",79,"phytoplankton_Pagani_2010_76","child_id","phytoplankton_Zhang_2013_21","matched","phytoplankton_zhang_2013.xlsx",24,"phytoplankton_Zhang_2013_21",0.00120000000000009,9.99999999997669e-05,0.000266666666703941,FALSE,"F","T","use new temperatures and calculations of Zhang et al., 2013",,FALSE
"phytoplankton_pagani_2010.xlsx",80,"phytoplankton_Pagani_2010_77","child_id","phytoplankton_Zhang_2013_22","matched","phytoplankton_zhang_2013.xlsx",25,"phytoplankton_Zhang_2013_22",0.00219999999999998,9.99999999997669e-05,0.000266666666703941,FALSE,"F","T","use new temperatures and calculations of Zhang et al., 2013",,FALSE
"phytoplankton_pagani_2010.xlsx",81,"phytoplankton_Pagani_2010_78","child_id","phytoplankton_Zhang_2013_23","matched","phytoplankton_zhang_2013.xlsx",26,"phytoplankton_Zhang_2013_23",0,9.99999999997669e-05,0.000266666666703941,FALSE,"F","T","use new temperatures and calculations of Zhang et al., 2013",,FALSE
"phytoplankton_pagani_2010.xlsx",82,"phytoplankton_Pagani_2010_79","child_id","phytoplankton_Zhang_2013_24","matched","phytoplankton_zhang_2013.xlsx",27,"phytoplankton_Zhang_2013_24",0.002,9.99999999997669e-05,0.000266666666703941,FALSE,"F","T","use new temperatures and calculations of Zhang et al., 2013",,FALSE
"phytoplankton_pagani_2010.xlsx",83,"phytoplankton_Pagani_2010_80","child_id","phytoplankton_Zhang_2013_25","matched","phytoplankton_zhang_2013.xlsx",28,"phytoplankton_Zhang_2013_25",0.00459999999999994,9.99999999997669e-05,0.000266666666703941,FALSE,"F","T","use new temperatures and calculations of Zhang et al., 2013",,FALSE
"phytoplankton_pagani_2010.xlsx",84,"phytoplankton_Pagani_2010_81","child_id","phytoplankton_Zhang_2013_26","matched","phytoplankton_zhang_2013.xlsx",29,"phytoplankton_Zhang_2013_26",0.00119999999999987,9.99999999997669e-05,0.000266666666703941,FALSE,"F","T","use new temperatures and calculations of Zhang et al., 2013",,FALSE
"phytoplankton_pagani_2010.xlsx",85,"phytoplankton_Pagani_2010_82","child_id","phytoplankton_Zhang_2013_27","matched","phytoplankton_zhang_2013.xlsx",30,"phytoplankton_Zhang_2013_27",0.000700000000000145,9.99999999997669e-05,0.000266666666703941,FALSE,"F","T","use new temperatures and calculations of Zhang et al., 2013",,FALSE
"phytoplankton_pagani_2010.xlsx",86,"phytoplankton_Pagani_2010_83","child_id","phytoplankton_Zhang_2013_28","matched","phytoplankton_zhang_2013.xlsx",31,"phytoplankton_Zhang_2013_28",0.000499999999999945,9.99999999997669e-05,0.000266666666703941,FALSE,"F","T","use new temperatures and calculations of Zhang et al., 2013",,FALSE
"phytoplankton_pagani_2010.xlsx",87,"phytoplankton_Pagani_2010_84","child_id","phytoplankton_Zhang_2013_29","matched","phytoplankton_zhang_2013.xlsx",32,"phytoplankton_Zhang_2013_29",0.00499999999999989,9.99999999997669e-05,0.000266666666703941,FALSE,"F","T","use new temperatures and calculations of Zhang et al., 2013",,FALSE
"phytoplankton_pagani_2010.xlsx",88,"phytoplankton_Pagani_2010_85","child_id","phytoplankton_Zhang_2013_30","matched","phytoplankton_zhang_2013.xlsx",33,"phytoplankton_Zhang_2013_30",0.00260000000000016,9.99999999997669e-05,0.000266666666703941,FALSE,"F","T","use new temperatures and calculations of Zhang et al., 2013",,FALSE
"phytoplankton_pagani_2010.xlsx",89,"phytoplankton_Pagani_2010_86","child_id","phytoplankton_Zhang_2013_31","matched","phytoplankton_zhang_2013.xlsx",34,"phytoplankton_Zhang_2013_31",0.00150000000000006,9.99999999997669e-05,0.000266666666703941,FALSE,"F","T","use new temperatures and calculations of Zhang et al., 2013",,FALSE
"phytoplankton_pagani_2010.xlsx",90,"phytoplankton_Pagani_2010_87","child_id","phytoplankton_Zhang_2013_32","matched","phytoplankton_zhang_2013.xlsx",35,"phytoplankton_Zhang_2013_32",0.00319999999999965,9.99999999997669e-05,0.000266666666703941,FALSE,"F","T","use new temperatures and calculations of Zhang et al., 2013",,FALSE
"phytoplankton_pagani_2010.xlsx",91,"phytoplankton_Pagani_2010_88","child_id","phytoplankton_Zhang_2013_33","matched","phytoplankton_zhang_2013.xlsx",36,"phytoplankton_Zhang_2013_33",0.00200000000000022,9.99999999997669e-05,0.000266666666703941,FALSE,"F","T","use new temperatures and calculations of Zhang et al., 2013",,FALSE
"phytoplankton_pagani_2010.xlsx",93,"phytoplankton_Pagani_2010_90","child_id","phytoplankton_Zhang_2013_34","matched","phytoplankton_zhang_2013.xlsx",37,"phytoplankton_Zhang_2013_34",0.00299999999999967,9.99999999997669e-05,0.000266666666703941,FALSE,"F","T","use new temperatures and calculations of Zhang et al., 2013",,FALSE
"phytoplankton_pagani_2010.xlsx",94,"phytoplankton_Pagani_2010_91","child_id","phytoplankton_Zhang_2013_35","matched","phytoplankton_zhang_2013.xlsx",38,"phytoplankton_Zhang_2013_35",0.00430000000000019,9.99999999997669e-05,0.000266666666703941,FALSE,"F","T","use new temperatures and calculations of Zhang et al., 2013",,FALSE
"phytoplankton_pagani_2010.xlsx",96,"phytoplankton_Pagani_2010_93","child_id","phytoplankton_Zhang_2013_36","matched","phytoplankton_zhang_2013.xlsx",39,"phytoplankton_Zhang_2013_36",0.00200000000000022,9.99999999997669e-05,0.000266666666703941,FALSE,"F","T","use new temperatures and calculations of Zhang et al., 2013",,FALSE
"phytoplankton_pagani_2010.xlsx",97,"phytoplankton_Pagani_2010_94","child_id","phytoplankton_Zhang_2013_37","matched","phytoplankton_zhang_2013.xlsx",40,"phytoplankton_Zhang_2013_37",0,9.99999999997669e-05,0.000266666666703941,FALSE,"F","T","use new temperatures and calculations of Zhang et al., 2013",,FALSE
"phytoplankton_pagani_2010.xlsx",98,"phytoplankton_Pagani_2010_95","child_id","phytoplankton_Zhang_2013_38","matched","phytoplankton_zhang_2013.xlsx",41,"phytoplankton_Zhang_2013_38",0.00199999999999978,9.99999999997669e-05,0.000266666666703941,FALSE,"F","T","use new temperatures and calculations of Zhang et al., 2013",,FALSE
"phytoplankton_pagani_2010.xlsx",99,"phytoplankton_Pagani_2010_96","child_id","phytoplankton_Zhang_2013_39","matched","phytoplankton_zhang_2013.xlsx",42,"phytoplankton_Zhang_2013_39",0.00130000000000008,9.99999999997669e-05,0.000266666666703941,FALSE,"F","T","use new temperatures and calculations of Zhang et al., 2013",,FALSE
"phytoplankton_pagani_2010.xlsx",100,"phytoplankton_Pagani_2010_97","child_id","phytoplankton_Zhang_2013_40","matched","phytoplankton_zhang_2013.xlsx",43,"phytoplankton_Zhang_2013_40",0.00100000000000033,9.99999999997669e-05,0.000266666666703941,FALSE,"F","T","use new temperatures and calculations of Zhang et al., 2013",,FALSE
"phytoplankton_pagani_2010.xlsx",101,"phytoplankton_Pagani_2010_98","child_id","phytoplankton_Zhang_2013_41","matched","phytoplankton_zhang_2013.xlsx",44,"phytoplankton_Zhang_2013_41",0.004,9.99999999997669e-05,0.000266666666703941,FALSE,"F","T","use new temperatures and calculations of Zhang et al., 2013",,FALSE
"phytoplankton_pagani_2010.xlsx",102,"phytoplankton_Pagani_2010_99","child_id","phytoplankton_Zhang_2013_42","matched","phytoplankton_zhang_2013.xlsx",45,"phytoplankton_Zhang_2013_42",0.00300000000000011,9.99999999997669e-05,0.000266666666703941,FALSE,"F","T","use new temperatures and calculations of Zhang et al., 2013",,FALSE
"phytoplankton_pagani_2010.xlsx",103,"phytoplankton_Pagani_2010_100","child_id","phytoplankton_Zhang_2013_44","matched","phytoplankton_zhang_2013.xlsx",47,"phytoplankton_Zhang_2013_44",0.00199999999999978,9.99999999997669e-05,0.000266666666703941,FALSE,"F","T","use new temperatures and calculations of Zhang et al., 2013",,FALSE
"phytoplankton_pagani_2010.xlsx",104,"phytoplankton_Pagani_2010_101","child_id","phytoplankton_Zhang_2013_45","matched","phytoplankton_zhang_2013.xlsx",48,"phytoplankton_Zhang_2013_45",0.00300000000000011,9.99999999997669e-05,0.000266666666703941,FALSE,"F","T","use new temperatures and calculations of Zhang et al., 2013",,FALSE
"phytoplankton_pagani_2010.xlsx",105,"phytoplankton_Pagani_2010_102","child_id","phytoplankton_Zhang_2013_46","matched","phytoplankton_zhang_2013.xlsx",49,"phytoplankton_Zhang_2013_46",0.00150000000000006,9.99999999997669e-05,0.000266666666703941,FALSE,"F","T","use new temperatures and calculations of Zhang et al., 2013",,FALSE
"phytoplankton_pagani_2010.xlsx",106,"phytoplankton_Pagani_2010_103","child_id","phytoplankton_Zhang_2013_47","matched","phytoplankton_zhang_2013.xlsx",50,"phytoplankton_Zhang_2013_47",0.00450000000000017,9.99999999997669e-05,0.000266666666703941,FALSE,"F","T","use new temperatures and calculations of Zhang et al., 2013",,FALSE
"phytoplankton_pagani_2010.xlsx",107,"phytoplankton_Pagani_2010_104","child_id","phytoplankton_Zhang_2013_48","matched","phytoplankton_zhang_2013.xlsx",51,"phytoplankton_Zhang_2013_48",0.00380000000000091,9.99999999997669e-05,0.000266666666703941,FALSE,"F","T","use new temperatures and calculations of Zhang et al., 2013",,FALSE
"phytoplankton_pagani_2010.xlsx",108,"phytoplankton_Pagani_2010_105","child_id","phytoplankton_Zhang_2013_49","matched","phytoplankton_zhang_2013.xlsx",52,"phytoplankton_Zhang_2013_49",0.00250000000000039,9.99999999997669e-05,0.000266666666703941,FALSE,"F","T","use new temperatures and calculations of Zhang et al., 2013",,FALSE
"phytoplankton_pagani_2010.xlsx",109,"phytoplankton_Pagani_2010_106","child_id","phytoplankton_Zhang_2013_50","matched","phytoplankton_zhang_2013.xlsx",53,"phytoplankton_Zhang_2013_50",0.00380000000000003,9.99999999997669e-05,0.000266666666703941,FALSE,"F","T","use new temperatures and calculations of Zhang et al., 2013",,FALSE
"phytoplankton_zhang_2013.xlsx",4,"phytoplankton_Zhang_2013_1","child_id","phytoplankton_Zhang_2019_1","matched","phytoplankton_zhang_2019.xlsx",4,"phytoplankton_zhang_2019_1",0.00340952,0,0,FALSE,"F","T","superceded by Zhang et al. (2019)","Replaces Zhang et al. (2013) and Pagani et al. (2010)",FALSE
"phytoplankton_zhang_2013.xlsx",5,"phytoplankton_Zhang_2013_2","child_id","phytoplankton_Zhang_2019_2","matched","phytoplankton_zhang_2019.xlsx",5,"phytoplankton_zhang_2019_2",0.00199447,0,0,FALSE,"F","T","superceded by Zhang et al. (2019)","Replaces Zhang et al. (2013) and Pagani et al. (2010)",FALSE
"phytoplankton_zhang_2013.xlsx",6,"phytoplankton_Zhang_2013_3","child_id","phytoplankton_Zhang_2019_3","matched","phytoplankton_zhang_2019.xlsx",6,"phytoplankton_zhang_2019_3",0.00604827,0,0,FALSE,"F","T","superceded by Zhang et al. (2019)","Replaces Zhang et al. (2013) and Pagani et al. (2010)",FALSE
"phytoplankton_zhang_2013.xlsx",7,"phytoplankton_Zhang_2013_4","child_id","phytoplankton_Zhang_2019_4","matched","phytoplankton_zhang_2019.xlsx",7,"phytoplankton_zhang_2019_4",0.00790211,0,0,FALSE,"F","T","superceded by Zhang et al. (2019)","Replaces Zhang et al. (2013) and Pagani et al. (2010)",FALSE
"phytoplankton_zhang_2013.xlsx",8,"phytoplankton_Zhang_2013_5","child_id","phytoplankton_Zhang_2019_5","matched","phytoplankton_zhang_2019.xlsx",8,"phytoplankton_zhang_2019_5",0.00317872,0,0,FALSE,"F","T","superceded by Zhang et al. (2019)","Replaces Zhang et al. (2013) and Pagani et al. (2010)",FALSE
"phytoplankton_zhang_2013.xlsx",9,"phytoplankton_Zhang_2013_6","child_id","phytoplankton_Zhang_2019_6","matched","phytoplankton_zhang_2019.xlsx",9,"phytoplankton_zhang_2019_6",0.0010889,0,0,FALSE,"F","T","superceded by Zhang et al. (2019)","Replaces Zhang et al. (2013) and Pagani et al. (2010)",FALSE
"phytoplankton_zhang_2013.xlsx",10,"phytoplankton_Zhang_2013_7","child_id","phytoplankton_Zhang_2019_7","matched","phytoplankton_zhang_2019.xlsx",10,"phytoplankton_zhang_2019_7",8.7020000000021e-05,0,0,FALSE,"F","T","superceded by Zhang et al. (2019)","Replaces Zhang et al. (2013) and Pagani et al. (2010)",FALSE
"phytoplankton_zhang_2013.xlsx",11,"phytoplankton_Zhang_2013_8","child_id","phytoplankton_Zhang_2019_8","matched","phytoplankton_zhang_2019.xlsx",11,"phytoplankton_zhang_2019_8",0.00402560000000002,0,0,FALSE,"F","T","superceded by Zhang et al. (2019)","Replaces Zhang et al. (2013) and Pagani et al. (2010)",FALSE
"phytoplankton_zhang_2013.xlsx",12,"phytoplankton_Zhang_2013_9","child_id","phytoplankton_Zhang_2019_9","matched","phytoplankton_zhang_2019.xlsx",12,"phytoplankton_zhang_2019_9",0.00269349999999999,0,0,FALSE,"F","T","superceded by Zhang et al. (2019)","Replaces Zhang et al. (2013) and Pagani et al. (2010)",FALSE
"phytoplankton_zhang_2013.xlsx",13,"phytoplankton_Zhang_2013_10","child_id","phytoplankton_Zhang_2019_10","matched","phytoplankton_zhang_2019.xlsx",13,"phytoplankton_zhang_2019_10",0.00110299999999999,0,0,FALSE,"F","T","superceded by Zhang et al. (2019)","Replaces Zhang et al. (2013) and Pagani et al. (2010)",FALSE
"phytoplankton_zhang_2013.xlsx",14,"phytoplankton_Zhang_2013_11","child_id","phytoplankton_Zhang_2019_11","matched","phytoplankton_zhang_2019.xlsx",14,"phytoplankton_zhang_2019_11",0.00323159999999997,0,0,FALSE,"F","T","superceded by Zhang et al. (2019)","Replaces Zhang et al. (2013) and Pagani et al. (2010)",FALSE
"phytoplankton_zhang_2013.xlsx",15,"phytoplankton_Zhang_2013_12","child_id","phytoplankton_Zhang_2019_12","matched","phytoplankton_zhang_2019.xlsx",15,"phytoplankton_zhang_2019_12",0.00250913999999999,0,0,FALSE,"F","T","superceded by Zhang et al. (2019)","Replaces Zhang et al. (2013) and Pagani et al. (2010)",FALSE
"phytoplankton_zhang_2013.xlsx",16,"phytoplankton_Zhang_2013_13","child_id","phytoplankton_Zhang_2019_13","matched","phytoplankton_zhang_2019.xlsx",16,"phytoplankton_zhang_2019_13",0.00106392,0,0,FALSE,"F","T","superceded by Zhang et al. (2019)","Replaces Zhang et al. (2013) and Pagani et al. (2010)",FALSE
"phytoplankton_zhang_2019.xlsx",62,"phytoplankton_zhang_2019_59","child_id","phytoplankton_Jasper_1990_2","matched","phytoplankton_jasper_1990.xlsx",5,"phytoplankton_Jasper_1990_2",0,0,0,TRUE,"T","F","replaces Jasper and Hayes (1990)","superceded by Zhang et al. (2019)",FALSE
"phytoplankton_zhang_2019.xlsx",63,"phytoplankton_zhang_2019_60","child_id","phytoplankton_Jasper_1990_6","matched","phytoplankton_jasper_1990.xlsx",9,"phytoplankton_Jasper_1990_6",0,0,0,TRUE,"T","F","replaces Jasper and Hayes (1990)","superceded by Zhang et al. (2019)",FALSE
"phytoplankton_zhang_2019.xlsx",64,"phytoplankton_zhang_2019_61","child_id","phytoplankton_Jasper_1990_7","matched","phytoplankton_jasper_1990.xlsx",10,"phytoplankton_Jasper_1990_7",0,0,0,TRUE,"T","F","replaces Jasper and Hayes (1990)","superceded by Zhang et al. (2019)",FALSE
"phytoplankton_zhang_2019.xlsx",65,"phytoplankton_zhang_2019_62","child_id","phytoplankton_Jasper_1990_8","matched","phytoplankton_jasper_1990.xlsx",11,"phytoplankton_Jasper_1990_8",0,0,0,TRUE,"T","F","replaces Jasper and Hayes (1990)","superceded by Zhang et al. (2019)",FALSE
"phytoplankton_zhang_2019.xlsx",66,"phytoplankton_zhang_2019_63","child_id","phytoplankton_Jasper_1990_9","matched","phytoplankton_jasper_1990.xlsx",12,"phytoplankton_Jasper_1990_9",0,0,0,TRUE,"T","F","replaces Jasper and Hayes (1990)","superceded by Zhang et al. (2019)",FALSE
"phytoplankton_zhang_2019.xlsx",67,"phytoplankton_zhang_2019_64","child_id","phytoplankton_Jasper_1990_10","matched","phytoplankton_jasper_1990.xlsx",13,"phytoplankton_Jasper_1990_10",0,0,0,TRUE,"T","F","replaces Jasper and Hayes (1990)","superceded by Zhang et al. (2019)",FALSE
"phytoplankton_zhang_2019.xlsx",68,"phytoplankton_zhang_2019_65","child_id","phytoplankton_Jasper_1990_11","matched","phytoplankton_jasper_1990.xlsx",14,"phytoplankton_Jasper_1990_11",0,0,0,TRUE,"T","F","replaces Jasper and Hayes (1990)","superceded by Zhang et al. (2019)",FALSE
"phytoplankton_zhang_2019.xlsx",69,"phytoplankton_zhang_2019_66","child_id","phytoplankton_Jasper_1990_13","matched","phytoplankton_jasper_1990.xlsx",16,"phytoplankton_Jasper_1990_13",0,0,0,TRUE,"T","F","replaces Jasper and Hayes (1990)","superceded by Zhang et al. (2019)",FALSE
"phytoplankton_zhang_2019.xlsx",70,"phytoplankton_zhang_2019_67","child_id","phytoplankton_Jasper_1990_14","matched","phytoplankton_jasper_1990.xlsx",17,"phytoplankton_Jasper_1990_14",0,0,0,TRUE,"T","F","replaces Jasper and Hayes (1990)","superceded by Zhang et al. (2019)",FALSE
"phytoplankton_zhang_2019.xlsx",71,"phytoplankton_zhang_2019_68","child_id","phytoplankton_Jasper_1990_15","matched","phytoplankton_jasper_1990.xlsx",18,"phytoplankton_Jasper_1990_15",0,0,0,TRUE,"T","F","replaces Jasper and Hayes (1990)","superceded by Zhang et al. (2019)",FALSE
"phytoplankton_zhang_2019.xlsx",72,"phytoplankton_zhang_2019_69","child_id","phytoplankton_Jasper_1990_16","matched","phytoplankton_jasper_1990.xlsx",19,"phytoplankton_Jasper_1990_16",0,0,0,TRUE,"T","F","replaces Jasper and Hayes (1990)","superceded by Zhang et al. (2019)",FALSE
"phytoplankton_zhang_2019.xlsx",73,"phytoplankton_zhang_2019_70","child_id","phytoplankton_Jasper_1990_17","matched","phytoplankton_jasper_1990.xlsx",20,"phytoplankton_Jasper_1990_17",0,0,0,TRUE,"T","F","replaces Jasper and Hayes (1990)","superceded by Zhang et al. (2019)",FALSE
"phytoplankton_zhang_2019.xlsx",74,"phytoplankton_zhang_2019_71","child_id","phytoplankton_Jasper_1990_18","matched","phytoplankton_jasper_1990.xlsx",21,"phytoplankton_Jasper_1990_18",0,0,0,TRUE,"T","F","replaces Jasper and Hayes (1990)","superceded by Zhang et al. (2019)",FALSE
"phytoplankton_zhang_2019.xlsx",75,"phytoplankton_zhang_2019_72","child_id","phytoplankton_Jasper_1990_19","matched","phytoplankton_jasper_1990.xlsx",22,"phytoplankton_Jasper_1990_19",0,0,0,TRUE,"T","F","replaces Jasper and Hayes (1990)","superceded by Zhang et al. (2019)",FALSE
"phytoplankton_zhang_2019.xlsx",76,"phytoplankton_zhang_2019_73","child_id","phytoplankton_Jasper_1990_20","matched","phytoplankton_jasper_1990.xlsx",23,"phytoplankton_Jasper_1990_20",0,0,0,TRUE,"T","F","replaces Jasper and Hayes (1990)","superceded by Zhang et al. (2019)",FALSE
"phytoplankton_zhang_2019.xlsx",77,"phytoplankton_zhang_2019_74","child_id","phytoplankton_Jasper_1990_21","matched","phytoplankton_jasper_1990.xlsx",24,"phytoplankton_Jasper_1990_21",0,0,0,TRUE,"T","F","replaces Jasper and Hayes (1990)","superceded by Zhang et al. (2019)",FALSE
"phytoplankton_zhang_2019.xlsx",78,"phytoplankton_zhang_2019_75","child_id","phytoplankton_Jasper_1990_22","matched","phytoplankton_jasper_1990.xlsx",25,"phytoplankton_Jasper_1990_22",0,0,0,TRUE,"T","F","replaces Jasper and Hayes (1990)","superceded by Zhang et al. (2019)",FALSE
"phytoplankton_zhang_2019.xlsx",79,"phytoplankton_zhang_2019_76","child_id","phytoplankton_Jasper_1990_23","matched","phytoplankton_jasper_1990.xlsx",26,"phytoplankton_Jasper_1990_23",0,0,0,TRUE,"T","F","replaces Jasper and Hayes (1990)","superceded by Zhang et al. (2019)",FALSE
"phytoplankton_zhang_2019.xlsx",80,"phytoplankton_zhang_2019_77","child_id","phytoplankton_Jasper_1990_24","matched","phytoplankton_jasper_1990.xlsx",27,"phytoplankton_Jasper_1990_24",0,0,0,TRUE,"T","F","replaces Jasper and Hayes (1990)","superceded by Zhang et al. (2019)",FALSE
"phytoplankton_zhang_2019.xlsx",81,"phytoplankton_zhang_2019_78","child_id","phytoplankton_Jasper_1990_25","matched","phytoplankton_jasper_1990.xlsx",28,"phytoplankton_Jasper_1990_25",0,0,0,TRUE,"T","F","replaces Jasper and Hayes (1990)","superceded by Zhang et al. (2019)",FALSE
"phytoplankton_zhang_2019.xlsx",82,"phytoplankton_zhang_2019_79","child_id","phytoplankton_Jasper_1990_27","matched","phytoplankton_jasper_1990.xlsx",30,"phytoplankton_Jasper_1990_27",0,0,0,TRUE,"T","F","replaces Jasper and Hayes (1990)","superceded by Zhang et al. (2019)",FALSE
"phytoplankton_zhang_2019.xlsx",83,"phytoplankton_zhang_2019_80","child_id","phytoplankton_Jasper_1990_28","matched","phytoplankton_jasper_1990.xlsx",31,"phytoplankton_Jasper_1990_28",0,0,0,TRUE,"T","F","replaces Jasper and Hayes (1990)","superceded by Zhang et al. (2019)",FALSE
