"file","source_row","intermediate_row","unique_id","sample_name","parent_id","child_id","include_TF","include_explanation","publication_year","age_Ma","lat","lon","material","d13Corg","tempC","compilation_notes","combined_row"
"phytoplankton_andersen_1999.xlsx",4,5,"phytoplankton_Andersen_1999_1",,,,"T",,1999,0.0013,-11.7705,11.6819,"Mk37_2",-23.48,25.1,"No pCO2 uncertainties reported in data table or figures. Typical uncertainty of ~10% is outlined in Table 2.",5
"phytoplankton_andersen_1999.xlsx",5,6,"phytoplankton_Andersen_1999_2",,,,"T",,1999,0.006,-11.7705,11.6819,"Mk37_2",-23.64,26.1,"No pCO2 uncertainties reported in data table or figures. Typical uncertainty of ~10% is outlined in Table 2.",6
"phytoplankton_andersen_1999.xlsx",6,7,"phytoplankton_Andersen_1999_3",,,,"T",,1999,0.0082,-11.7705,11.6819,"Mk37_2",-24.15,24.2,"No pCO2 uncertainties reported in data table or figures. Typical uncertainty of ~10% is outlined in Table 2.",7
"phytoplankton_andersen_1999.xlsx",7,8,"phytoplankton_Andersen_1999_4",,,,"T",,1999,0.0112,-11.7705,11.6819,"Mk37_2",-23.96,22.8,"No pCO2 uncertainties reported in data table or figures. Typical uncertainty of ~10% is outlined in Table 2.",8
"phytoplankton_andersen_1999.xlsx",8,9,"phytoplankton_Andersen_1999_5",,,,"T",,1999,0.0178,-11.7705,11.6819,"Mk37_2",-24.32,21.7,"No pCO2 uncertainties reported in data table or figures. Typical uncertainty of ~10% is outlined in Table 2.",9
"phytoplankton_andersen_1999.xlsx",9,10,"phytoplankton_Andersen_1999_6",,,,"T",,1999,0.0196,-11.7705,11.6819,"Mk37_2",-24.04,21.5,"No pCO2 uncertainties reported in data table or figures. Typical uncertainty of ~10% is outlined in Table 2.",10
"phytoplankton_andersen_1999.xlsx",10,11,"phytoplankton_Andersen_1999_7",,,,"T",,1999,0.0255,-11.7705,11.6819,"Mk37_2",-24.16,22.1,"No pCO2 uncertainties reported in data table or figures. Typical uncertainty of ~10% is outlined in Table 2.",11
"phytoplankton_andersen_1999.xlsx",11,12,"phytoplankton_Andersen_1999_8",,,,"T",,1999,0.0349,-11.7705,11.6819,"Mk37_2",-23.2,21.1,"No pCO2 uncertainties reported in data table or figures. Typical uncertainty of ~10% is outlined in Table 2.",12
"phytoplankton_andersen_1999.xlsx",12,13,"phytoplankton_Andersen_1999_9",,,,"T",,1999,0.0474,-11.7705,11.6819,"Mk37_2",-23.3,20.7,"No pCO2 uncertainties reported in data table or figures. Typical uncertainty of ~10% is outlined in Table 2.",13
"phytoplankton_andersen_1999.xlsx",13,14,"phytoplankton_Andersen_1999_10",,,,"T",,1999,0.0474,-11.7705,11.6819,"Mk37_2",-23.39,20.7,"No pCO2 uncertainties reported in data table or figures. Typical uncertainty of ~10% is outlined in Table 2.",14
"phytoplankton_andersen_1999.xlsx",14,15,"phytoplankton_Andersen_1999_11",,,,"T",,1999,0.0592,-11.7705,11.6819,"Mk37_2",-23.43,22.3,"No pCO2 uncertainties reported in data table or figures. Typical uncertainty of ~10% is outlined in Table 2.",15
"phytoplankton_andersen_1999.xlsx",15,16,"phytoplankton_Andersen_1999_12",,,,"T",,1999,0.0647,-11.7705,11.6819,"Mk37_2",-23.41,20.6,"No pCO2 uncertainties reported in data table or figures. Typical uncertainty of ~10% is outlined in Table 2.",16
"phytoplankton_andersen_1999.xlsx",16,17,"phytoplankton_Andersen_1999_13",,,,"T",,1999,0.0693,-11.7705,11.6819,"Mk37_2",-23.67,21.5,"No pCO2 uncertainties reported in data table or figures. Typical uncertainty of ~10% is outlined in Table 2.",17
"phytoplankton_andersen_1999.xlsx",17,18,"phytoplankton_Andersen_1999_14",,,,"T",,1999,0.0693,-11.7705,11.6819,"Mk37_2",-24.38,21.5,"No pCO2 uncertainties reported in data table or figures. Typical uncertainty of ~10% is outlined in Table 2.",18
"phytoplankton_andersen_1999.xlsx",18,19,"phytoplankton_Andersen_1999_15",,,,"T",,1999,0.0785,-11.7705,11.6819,"Mk37_2",-24.2,23.8,"No pCO2 uncertainties reported in data table or figures. Typical uncertainty of ~10% is outlined in Table 2.",19
"phytoplankton_andersen_1999.xlsx",19,20,"phytoplankton_Andersen_1999_16",,,,"T",,1999,0.08,-11.7705,11.6819,"Mk37_2",-23.62,24.4,"No pCO2 uncertainties reported in data table or figures. Typical uncertainty of ~10% is outlined in Table 2.",20
"phytoplankton_andersen_1999.xlsx",20,21,"phytoplankton_Andersen_1999_17",,,,"T",,1999,0.084,-11.7705,11.6819,"Mk37_2",-23.04,23.3,"No pCO2 uncertainties reported in data table or figures. Typical uncertainty of ~10% is outlined in Table 2.",21
"phytoplankton_andersen_1999.xlsx",21,22,"phytoplankton_Andersen_1999_18",,,,"T",,1999,0.087,-11.7705,11.6819,"Mk37_2",-22.93,24.8,"No pCO2 uncertainties reported in data table or figures. Typical uncertainty of ~10% is outlined in Table 2.",22
"phytoplankton_andersen_1999.xlsx",22,23,"phytoplankton_Andersen_1999_19",,,,"T",,1999,0.1,-11.7705,11.6819,"Mk37_2",-24.18,25,"No pCO2 uncertainties reported in data table or figures. Typical uncertainty of ~10% is outlined in Table 2.",23
"phytoplankton_andersen_1999.xlsx",23,24,"phytoplankton_Andersen_1999_20",,,,"T",,1999,0.1126,-11.7705,11.6819,"Mk37_2",-24.28,24.3,"No pCO2 uncertainties reported in data table or figures. Typical uncertainty of ~10% is outlined in Table 2.",24
"phytoplankton_andersen_1999.xlsx",24,25,"phytoplankton_Andersen_1999_21",,,,"T",,1999,0.1183,-11.7705,11.6819,"Mk37_2",-23.55,25,"No pCO2 uncertainties reported in data table or figures. Typical uncertainty of ~10% is outlined in Table 2.",25
"phytoplankton_andersen_1999.xlsx",25,26,"phytoplankton_Andersen_1999_22",,,,"T",,1999,0.1238,-11.7705,11.6819,"Mk37_2",-23.92,26,"No pCO2 uncertainties reported in data table or figures. Typical uncertainty of ~10% is outlined in Table 2.",26
"phytoplankton_andersen_1999.xlsx",26,27,"phytoplankton_Andersen_1999_23",,,,"T",,1999,0.1273,-11.7705,11.6819,"Mk37_2",-25.15,26.2,"No pCO2 uncertainties reported in data table or figures. Typical uncertainty of ~10% is outlined in Table 2.",27
"phytoplankton_andersen_1999.xlsx",27,28,"phytoplankton_Andersen_1999_24",,,,"T",,1999,0.1343,-11.7705,11.6819,"Mk37_2",-24.05,24.2,"No pCO2 uncertainties reported in data table or figures. Typical uncertainty of ~10% is outlined in Table 2.",28
"phytoplankton_andersen_1999.xlsx",28,29,"phytoplankton_Andersen_1999_25",,,,"T",,1999,0.1471,-11.7705,11.6819,"Mk37_2",-23.93,24,"No pCO2 uncertainties reported in data table or figures. Typical uncertainty of ~10% is outlined in Table 2.",29
"phytoplankton_andersen_1999.xlsx",29,30,"phytoplankton_Andersen_1999_26",,,,"T",,1999,0.1502,-11.7705,11.6819,"Mk37_2",-24.19,21.7,"No pCO2 uncertainties reported in data table or figures. Typical uncertainty of ~10% is outlined in Table 2.",30
"phytoplankton_andersen_1999.xlsx",30,31,"phytoplankton_Andersen_1999_27",,,,"T",,1999,0.1603,-11.7705,11.6819,"Mk37_2",-25.19,23.6,"No pCO2 uncertainties reported in data table or figures. Typical uncertainty of ~10% is outlined in Table 2.",31
"phytoplankton_andersen_1999.xlsx",31,32,"phytoplankton_Andersen_1999_28",,,,"T",,1999,0.1603,-11.7705,11.6819,"Mk37_2",-24.97,23.6,"No pCO2 uncertainties reported in data table or figures. Typical uncertainty of ~10% is outlined in Table 2.",32
"phytoplankton_andersen_1999.xlsx",32,33,"phytoplankton_Andersen_1999_29",,,,"T",,1999,0.171,-11.7705,11.6819,"Mk37_2",-24.33,24.8,"No pCO2 uncertainties reported in data table or figures. Typical uncertainty of ~10% is outlined in Table 2.",33
"phytoplankton_andersen_1999.xlsx",33,34,"phytoplankton_Andersen_1999_30",,,,"T",,1999,0.1817,-11.7705,11.6819,"Mk37_2",-23.95,24.8,"No pCO2 uncertainties reported in data table or figures. Typical uncertainty of ~10% is outlined in Table 2.",34
"phytoplankton_andersen_1999.xlsx",34,35,"phytoplankton_Andersen_1999_31",,,,"T",,1999,0.1817,-11.7705,11.6819,"Mk37_2",-24.16,24.8,"No pCO2 uncertainties reported in data table or figures. Typical uncertainty of ~10% is outlined in Table 2.",35
"phytoplankton_andersen_1999.xlsx",35,36,"phytoplankton_Andersen_1999_32",,,,"T",,1999,0.1837,-11.7705,11.6819,"Mk37_2",-23.64,24.2,"No pCO2 uncertainties reported in data table or figures. Typical uncertainty of ~10% is outlined in Table 2.",36
"phytoplankton_andersen_1999.xlsx",36,37,"phytoplankton_Andersen_1999_33",,,,"T",,1999,0.1962,-11.7705,11.6819,"Mk37_2",-24.77,25.6,"No pCO2 uncertainties reported in data table or figures. Typical uncertainty of ~10% is outlined in Table 2.",37
"phytoplankton_badger_2013a.xlsx",4,5,"phytoplankton_Badger_2013a_1","165-999A-10H-6W,48-50",,,"T",,2013,2.80996,12.744,-78.7393,"Mk37_2",-23.06,27.59,,38
"phytoplankton_badger_2013a.xlsx",5,6,"phytoplankton_Badger_2013a_2","165-999A-10H-7W,50-52",,,"T",,2013,2.8515,12.744,-78.7393,"Mk37_2",-23.61,27.75,,39
"phytoplankton_badger_2013a.xlsx",6,7,"phytoplankton_Badger_2013a_3","165-999A-10H-CCW,19-21",,,"T",,2013,2.8616,12.744,-78.7393,"Mk37_2",-23.27,27.66,,40
"phytoplankton_badger_2013a.xlsx",7,8,"phytoplankton_Badger_2013a_4","165-999A-11H-1W,31-33",,,"T",,2013,2.90163,12.744,-78.7393,"Mk37_2",-22.48,27.54,,41
"phytoplankton_badger_2013a.xlsx",8,9,"phytoplankton_Badger_2013a_5","165-999A-11H-1W,88-90",,,"T",,2013,2.91737,12.744,-78.7393,"Mk37_2",-23.16,27.66,,42
"phytoplankton_badger_2013a.xlsx",9,10,"phytoplankton_Badger_2013a_6","165-999A-11H-1W,122-124",,,"T",,2013,2.9267,12.744,-78.7393,"Mk37_2",-22.78,27.22,,43
"phytoplankton_badger_2013a.xlsx",10,11,"phytoplankton_Badger_2013a_7","165-999A-11H-2W,27-29",,,"T",,2013,2.94364,12.744,-78.7393,"Mk37_2",-24.34,27.64,,44
"phytoplankton_badger_2013a.xlsx",11,12,"phytoplankton_Badger_2013a_8","165-999A-11H-2W,139-141",,,"T",,2013,2.9807,12.744,-78.7393,"Mk37_2",-21.78,27.69,,45
"phytoplankton_badger_2013a.xlsx",12,13,"phytoplankton_Badger_2013a_9","165-999A-11H-3W,90-92",,,"T",,2013,3.00219,12.744,-78.7393,"Mk37_2",-21.84,27.85,,46
"phytoplankton_badger_2013a.xlsx",13,14,"phytoplankton_Badger_2013a_10","165-999A-11H-4W,3-5",,,"T",,2013,3.01618,12.744,-78.7393,"Mk37_2",-22.44,27.57,,47
"phytoplankton_badger_2013a.xlsx",14,15,"phytoplankton_Badger_2013a_11","165-999A-11H-4W,63-65",,,"T",,2013,3.03414,12.744,-78.7393,"Mk37_2",-21.9,27.96,,48
"phytoplankton_badger_2013a.xlsx",15,16,"phytoplankton_Badger_2013a_12","165-999A-11H-5W,28-30",,,"T",,2013,3.06914,12.744,-78.7393,"Mk37_2",-22.94,28.19,,49
"phytoplankton_badger_2013a.xlsx",16,17,"phytoplankton_Badger_2013a_13","165-999A-11H-5W,83-85",,,"T",,2013,3.08717,12.744,-78.7393,"Mk37_2",-21.45,27.91,,50
"phytoplankton_badger_2013a.xlsx",17,18,"phytoplankton_Badger_2013a_14","165-999A-11H-5W,112-114",,,"T",,2013,3.0963,12.744,-78.7393,"Mk37_2",-22.4,28.72,,51
"phytoplankton_badger_2013a.xlsx",18,19,"phytoplankton_Badger_2013a_15","165-999A-11H-5W,142-144",,,"T",,2013,3.10612,12.744,-78.7393,"Mk37_2",-22.44,28.2,,52
"phytoplankton_badger_2013a.xlsx",19,20,"phytoplankton_Badger_2013a_16","165-999A-11H-6W,68-70",,,"T",,2013,3.13044,12.744,-78.7393,"Mk37_2",-22.84,28.12,,53
"phytoplankton_badger_2013a.xlsx",20,21,"phytoplankton_Badger_2013a_17","165-999A-11H-7W,0-2",,,"T",,2013,3.16057,12.744,-78.7393,"Mk37_2",-23.15,27.9,,54
"phytoplankton_badger_2013a.xlsx",21,22,"phytoplankton_Badger_2013a_18","165-999A-11H-7W,53-55",,,"T",,2013,3.1814,12.744,-78.7393,"Mk37_2",-21.97,27.75,,55
"phytoplankton_badger_2013a.xlsx",22,23,"phytoplankton_Badger_2013a_19","165-999A-11H-CCW,3-5",,,"T",,2013,3.1899,12.744,-78.7393,"Mk37_2",-22.75,27.69,,56
"phytoplankton_badger_2013a.xlsx",23,24,"phytoplankton_Badger_2013a_20","165-999A-12H-1W,4-6",,,"T",,2013,3.19999,12.744,-78.7393,"Mk37_2",-22.38,28.04,,57
"phytoplankton_badger_2013a.xlsx",24,25,"phytoplankton_Badger_2013a_21","165-999A-12H-1W,29-31",,,"T",,2013,3.20923,12.744,-78.7393,"Mk37_2",-22.2,27.88,,58
"phytoplankton_badger_2013a.xlsx",25,26,"phytoplankton_Badger_2013a_22","165-999A-12H-1W,57-59",,,"T",,2013,3.22012,12.744,-78.7393,"Mk37_2",-21.8,27.93,,59
"phytoplankton_badger_2013a.xlsx",26,27,"phytoplankton_Badger_2013a_23","165-999A-12H-1W,118-120",,,"T",,2013,3.24333,12.744,-78.7393,"Mk37_2",-22.47,27.79,,60
"phytoplankton_badger_2013a.xlsx",27,28,"phytoplankton_Badger_2013a_24","165-999A-12H-2W,10-12",,,"T",,2013,3.25975,12.744,-78.7393,"Mk37_2",-22.28,28.17,,61
"phytoplankton_badger_2013a.xlsx",28,29,"phytoplankton_Badger_2013a_25","165-999A-12H-2W,29-31",,,"T",,2013,3.2671,12.744,-78.7393,"Mk37_2",-21.73,28.16,,62
"phytoplankton_badger_2013a.xlsx",29,30,"phytoplankton_Badger_2013a_26","165-999A-12H-2W,50-52",,,"T",,2013,3.27526,12.744,-78.7393,"Mk37_2",-21.5,28.15,,63
"phytoplankton_badger_2013a.xlsx",30,31,"phytoplankton_Badger_2013a_27","165-999A-12H-2W,80-82",,,"T",,2013,3.28675,12.744,-78.7393,"Mk37_2",-22.5,28.13,,64
"phytoplankton_badger_2013a.xlsx",31,32,"phytoplankton_Badger_2013a_28","165-999A-12H-2W,109.5-111.5",,,"T",,2013,3.29814,12.744,-78.7393,,,28.12,,65
"phytoplankton_badger_2013b.xlsx",4,5,"phytoplankton_Badger_2013b_1",,,,"T",,2013,13.799,35.9155,14.3343,"Mk37_2",-21.39,33.5,"No phosphate reported, but they do state a b-value. Depths were estimated from linear interpolation of age and depth. Epsilon_p uncertainty in the PANGAEA spreadsheet is assumed to be 2std, because the paper typically states uncertainties are 2std, and they are quite large to be 1std.",66
"phytoplankton_badger_2013b.xlsx",5,6,"phytoplankton_Badger_2013b_2",,,,"T",,2013,13.792,35.9155,14.3343,"Mk37_2",-21.14,32.04,"No phosphate reported, but they do state a b-value. Depths were estimated from linear interpolation of age and depth. Epsilon_p uncertainty in the PANGAEA spreadsheet is assumed to be 2std, because the paper typically states uncertainties are 2std, and they are quite large to be 1std.",67
"phytoplankton_badger_2013b.xlsx",6,7,"phytoplankton_Badger_2013b_3",,,,"T",,2013,13.786,35.9155,14.3343,"Mk37_2",-21.03,30.57,"No phosphate reported, but they do state a b-value. Depths were estimated from linear interpolation of age and depth. Epsilon_p uncertainty in the PANGAEA spreadsheet is assumed to be 2std, because the paper typically states uncertainties are 2std, and they are quite large to be 1std.",68
"phytoplankton_badger_2013b.xlsx",7,8,"phytoplankton_Badger_2013b_4",,,,"T",,2013,13.779,35.9155,14.3343,"Mk37_2",-21.47,30.86,"No phosphate reported, but they do state a b-value. Depths were estimated from linear interpolation of age and depth. Epsilon_p uncertainty in the PANGAEA spreadsheet is assumed to be 2std, because the paper typically states uncertainties are 2std, and they are quite large to be 1std.",69
"phytoplankton_badger_2013b.xlsx",8,9,"phytoplankton_Badger_2013b_5",,,,"T",,2013,13.773,35.9155,14.3343,"Mk37_2",-21.45,31.13,"No phosphate reported, but they do state a b-value. Depths were estimated from linear interpolation of age and depth. Epsilon_p uncertainty in the PANGAEA spreadsheet is assumed to be 2std, because the paper typically states uncertainties are 2std, and they are quite large to be 1std.",70
"phytoplankton_badger_2013b.xlsx",9,10,"phytoplankton_Badger_2013b_6",,,,"T",,2013,13.766,35.9155,14.3343,"Mk37_2",-22.58,31.41,"No phosphate reported, but they do state a b-value. Depths were estimated from linear interpolation of age and depth. Epsilon_p uncertainty in the PANGAEA spreadsheet is assumed to be 2std, because the paper typically states uncertainties are 2std, and they are quite large to be 1std.",71
"phytoplankton_badger_2013b.xlsx",10,11,"phytoplankton_Badger_2013b_7",,,,"T",,2013,13.76,35.9155,14.3343,"Mk37_2",-20.91,30.01,"No phosphate reported, but they do state a b-value. Depths were estimated from linear interpolation of age and depth. Epsilon_p uncertainty in the PANGAEA spreadsheet is assumed to be 2std, because the paper typically states uncertainties are 2std, and they are quite large to be 1std.",72
"phytoplankton_badger_2013b.xlsx",11,12,"phytoplankton_Badger_2013b_8",,,,"T",,2013,13.753,35.9155,14.3343,"Mk37_2",-21.49,28.62,"No phosphate reported, but they do state a b-value. Depths were estimated from linear interpolation of age and depth. Epsilon_p uncertainty in the PANGAEA spreadsheet is assumed to be 2std, because the paper typically states uncertainties are 2std, and they are quite large to be 1std.",73
"phytoplankton_badger_2013b.xlsx",12,13,"phytoplankton_Badger_2013b_9",,,,"T",,2013,13.741,35.9155,14.3343,"Mk37_2",-21.01,30.48,"No phosphate reported, but they do state a b-value. Depths were estimated from linear interpolation of age and depth. Epsilon_p uncertainty in the PANGAEA spreadsheet is assumed to be 2std, because the paper typically states uncertainties are 2std, and they are quite large to be 1std.",74
"phytoplankton_badger_2013b.xlsx",13,14,"phytoplankton_Badger_2013b_10",,,,"T",,2013,13.716,35.9155,14.3343,"Mk37_2",-20.79,30.3,"No phosphate reported, but they do state a b-value. Depths were estimated from linear interpolation of age and depth. Epsilon_p uncertainty in the PANGAEA spreadsheet is assumed to be 2std, because the paper typically states uncertainties are 2std, and they are quite large to be 1std.",75
"phytoplankton_badger_2013b.xlsx",14,15,"phytoplankton_Badger_2013b_11",,,,"T",,2013,13.709,35.9155,14.3343,"Mk37_2",-21.02,30.43,"No phosphate reported, but they do state a b-value. Depths were estimated from linear interpolation of age and depth. Epsilon_p uncertainty in the PANGAEA spreadsheet is assumed to be 2std, because the paper typically states uncertainties are 2std, and they are quite large to be 1std.",76
"phytoplankton_badger_2013b.xlsx",15,16,"phytoplankton_Badger_2013b_12",,,,"T",,2013,13.704,35.9155,14.3343,"Mk37_2",-20.31,29.03,"No phosphate reported, but they do state a b-value. Depths were estimated from linear interpolation of age and depth. Epsilon_p uncertainty in the PANGAEA spreadsheet is assumed to be 2std, because the paper typically states uncertainties are 2std, and they are quite large to be 1std.",77
"phytoplankton_badger_2013b.xlsx",16,17,"phytoplankton_Badger_2013b_13",,,,"T",,2013,13.693,35.9155,14.3343,"Mk37_2",-20.87,29.11,"No phosphate reported, but they do state a b-value. Depths were estimated from linear interpolation of age and depth. Epsilon_p uncertainty in the PANGAEA spreadsheet is assumed to be 2std, because the paper typically states uncertainties are 2std, and they are quite large to be 1std.",78
"phytoplankton_badger_2013b.xlsx",17,18,"phytoplankton_Badger_2013b_14",,,,"T",,2013,13.679,35.9155,14.3343,"Mk37_2",-20.27,27.17,"No phosphate reported, but they do state a b-value. Depths were estimated from linear interpolation of age and depth. Epsilon_p uncertainty in the PANGAEA spreadsheet is assumed to be 2std, because the paper typically states uncertainties are 2std, and they are quite large to be 1std.",79
"phytoplankton_badger_2013b.xlsx",18,19,"phytoplankton_Badger_2013b_15",,,,"T",,2013,13.672,35.9155,14.3343,"Mk37_2",-21.04,27.98,"No phosphate reported, but they do state a b-value. Depths were estimated from linear interpolation of age and depth. Epsilon_p uncertainty in the PANGAEA spreadsheet is assumed to be 2std, because the paper typically states uncertainties are 2std, and they are quite large to be 1std.",80
"phytoplankton_badger_2013b.xlsx",19,20,"phytoplankton_Badger_2013b_16",,,,"T",,2013,13.665,35.9155,14.3343,"Mk37_2",-21.27,28.8,"No phosphate reported, but they do state a b-value. Depths were estimated from linear interpolation of age and depth. Epsilon_p uncertainty in the PANGAEA spreadsheet is assumed to be 2std, because the paper typically states uncertainties are 2std, and they are quite large to be 1std.",81
"phytoplankton_badger_2013b.xlsx",20,21,"phytoplankton_Badger_2013b_17",,,,"T",,2013,13.658,35.9155,14.3343,"Mk37_2",-21.37,29.04,"No phosphate reported, but they do state a b-value. Depths were estimated from linear interpolation of age and depth. Epsilon_p uncertainty in the PANGAEA spreadsheet is assumed to be 2std, because the paper typically states uncertainties are 2std, and they are quite large to be 1std.",82
"phytoplankton_badger_2013b.xlsx",21,22,"phytoplankton_Badger_2013b_18",,,,"T",,2013,13.651,35.9155,14.3343,"Mk37_2",-20.85,28.97,"No phosphate reported, but they do state a b-value. Depths were estimated from linear interpolation of age and depth. Epsilon_p uncertainty in the PANGAEA spreadsheet is assumed to be 2std, because the paper typically states uncertainties are 2std, and they are quite large to be 1std.",83
"phytoplankton_badger_2013b.xlsx",22,23,"phytoplankton_Badger_2013b_19",,,,"T",,2013,13.644,35.9155,14.3343,"Mk37_2",-21.12,28.97,"No phosphate reported, but they do state a b-value. Depths were estimated from linear interpolation of age and depth. Epsilon_p uncertainty in the PANGAEA spreadsheet is assumed to be 2std, because the paper typically states uncertainties are 2std, and they are quite large to be 1std.",84
"phytoplankton_badger_2013b.xlsx",23,24,"phytoplankton_Badger_2013b_20",,,,"T",,2013,13.602,35.9155,14.3343,"Mk37_2",-20.47,28.97,"No phosphate reported, but they do state a b-value. Depths were estimated from linear interpolation of age and depth. Epsilon_p uncertainty in the PANGAEA spreadsheet is assumed to be 2std, because the paper typically states uncertainties are 2std, and they are quite large to be 1std.",85
"phytoplankton_badger_2013b.xlsx",24,25,"phytoplankton_Badger_2013b_21",,,,"T",,2013,12.811,35.9155,14.3343,"Mk37_2",-21.68,27.62,"No phosphate reported, but they do state a b-value. Depths were estimated from linear interpolation of age and depth. Epsilon_p uncertainty in the PANGAEA spreadsheet is assumed to be 2std, because the paper typically states uncertainties are 2std, and they are quite large to be 1std.",86
"phytoplankton_badger_2019.xlsx",4,5,"phytoplankton_Badger_2019_1",,,,"T",,2019,0.111324356079102,12.7439833333333,-78.7393333333333,"Mk37_2",-23.5746666666667,26.6034549663469,"alkenone SST; G. ruber d13C. Uncertainty estimated from 10,000 Monte Carlo simulations with uncertainties on input variables.",87
"phytoplankton_badger_2019.xlsx",5,6,"phytoplankton_Badger_2019_2",,,,"T",,2019,0.119055961608887,12.7439833333333,-78.7393333333333,"Mk37_2",-24.4173333333333,26.5862336817011,"alkenone SST; G. ruber d13C. Uncertainty estimated from 10,000 Monte Carlo simulations with uncertainties on input variables.",88
"phytoplankton_badger_2019.xlsx",6,7,"phytoplankton_Badger_2019_3",,,,"T",,2019,0.123774566650391,12.7439833333333,-78.7393333333333,"Mk37_2",-23.8245,27.8683058850899,"alkenone SST; G. ruber d13C. Uncertainty estimated from 10,000 Monte Carlo simulations with uncertainties on input variables.",89
"phytoplankton_badger_2019.xlsx",7,8,"phytoplankton_Badger_2019_4",,,,"T",,2019,0.127484924316406,12.7439833333333,-78.7393333333333,"Mk37_2",-24.2376666666667,28.2099957112115,"alkenone SST; G. ruber d13C. Uncertainty estimated from 10,000 Monte Carlo simulations with uncertainties on input variables.",90
"phytoplankton_badger_2019.xlsx",8,9,"phytoplankton_Badger_2019_5",,,,"T",,2019,0.131907974243164,12.7439833333333,-78.7393333333333,"Mk37_2",-23.754,26.953348195855,"alkenone SST; G. ruber d13C. Uncertainty estimated from 10,000 Monte Carlo simulations with uncertainties on input variables.",91
"phytoplankton_badger_2019.xlsx",9,10,"phytoplankton_Badger_2019_6",,,,"T",,2019,0.133215209960938,12.7439833333333,-78.7393333333333,"Mk37_2",-24.5236666666667,28.3656204847738,"alkenone SST; G. ruber d13C. Uncertainty estimated from 10,000 Monte Carlo simulations with uncertainties on input variables.",92
"phytoplankton_badger_2019.xlsx",10,11,"phytoplankton_Badger_2019_7",,,,"T",,2019,0.135568237304688,12.7439833333333,-78.7393333333333,"Mk37_2",-23.8086666666667,25.7871677256865,"alkenone SST; G. ruber d13C. Uncertainty estimated from 10,000 Monte Carlo simulations with uncertainties on input variables.",93
"phytoplankton_badger_2019.xlsx",11,12,"phytoplankton_Badger_2019_8",,,,"T",,2019,0.138967041015625,12.7439833333333,-78.7393333333333,"Mk37_2",-23.792,26.5561278454044,"alkenone SST; G. ruber d13C. Uncertainty estimated from 10,000 Monte Carlo simulations with uncertainties on input variables.",94
"phytoplankton_badger_2019.xlsx",12,13,"phytoplankton_Badger_2019_9",,,,"T",,2019,0.146694732666016,12.7439833333333,-78.7393333333333,"Mk37_2",-23.2865,26.0275691372576,"alkenone SST; G. ruber d13C. Uncertainty estimated from 10,000 Monte Carlo simulations with uncertainties on input variables.",95
"phytoplankton_badger_2019.xlsx",13,14,"phytoplankton_Badger_2019_10",,,,"T",,2019,0.150037734985352,12.7439833333333,-78.7393333333333,"Mk37_2",-23.8325,25.7261215752229,"alkenone SST; G. ruber d13C. Uncertainty estimated from 10,000 Monte Carlo simulations with uncertainties on input variables.",96
"phytoplankton_badger_2019.xlsx",14,15,"phytoplankton_Badger_2019_11",,,,"T",,2019,0.169761596679688,12.7439833333333,-78.7393333333333,"Mk37_2",-23.8695,26.2468831753025,"alkenone SST; G. ruber d13C. Uncertainty estimated from 10,000 Monte Carlo simulations with uncertainties on input variables.",97
"phytoplankton_badger_2019.xlsx",15,16,"phytoplankton_Badger_2019_12",,,,"T",,2019,0.179935256958008,12.7439833333333,-78.7393333333333,"Mk37_2",-23.656,26.1987024301441,"alkenone SST; G. ruber d13C. Uncertainty estimated from 10,000 Monte Carlo simulations with uncertainties on input variables.",98
"phytoplankton_badger_2019.xlsx",16,17,"phytoplankton_Badger_2019_13",,,,"T",,2019,0.184372253417969,12.7439833333333,-78.7393333333333,"Mk37_2",-23.6015,24.0984887000774,"alkenone SST; G. ruber d13C. Uncertainty estimated from 10,000 Monte Carlo simulations with uncertainties on input variables.",99
"phytoplankton_badger_2019.xlsx",17,18,"phytoplankton_Badger_2019_14",,,,"T",,2019,0.190008972167969,12.7439833333333,-78.7393333333333,"Mk37_2",-23.6068,26.425930594289,"alkenone SST; G. ruber d13C. Uncertainty estimated from 10,000 Monte Carlo simulations with uncertainties on input variables.",100
"phytoplankton_badger_2019.xlsx",18,19,"phytoplankton_Badger_2019_15",,,,"T",,2019,0.191676605224609,12.7439833333333,-78.7393333333333,"Mk37_2",-23.638,27.0758431640611,"alkenone SST; G. ruber d13C. Uncertainty estimated from 10,000 Monte Carlo simulations with uncertainties on input variables.",101
"phytoplankton_badger_2019.xlsx",19,20,"phytoplankton_Badger_2019_16",,,,"T",,2019,0.19806916809082,12.7439833333333,-78.7393333333333,"Mk37_2",-23.6056666666667,26.8635196163856,"alkenone SST; G. ruber d13C. Uncertainty estimated from 10,000 Monte Carlo simulations with uncertainties on input variables.",102
"phytoplankton_badger_2019.xlsx",20,21,"phytoplankton_Badger_2019_17",,,,"T",,2019,0.211565612792969,12.7439833333333,-78.7393333333333,"Mk37_2",-24.0916666666667,27.8806560758742,"alkenone SST; G. ruber d13C. Uncertainty estimated from 10,000 Monte Carlo simulations with uncertainties on input variables.",103
"phytoplankton_badger_2019.xlsx",21,22,"phytoplankton_Badger_2019_18",,,,"T",,2019,0.220435913085938,12.7439833333333,-78.7393333333333,"Mk37_2",-23.935,26.295888135523,"alkenone SST; G. ruber d13C. Uncertainty estimated from 10,000 Monte Carlo simulations with uncertainties on input variables.",104
"phytoplankton_badger_2019.xlsx",22,23,"phytoplankton_Badger_2019_19",,,,"T",,2019,0.223657653808594,12.7439833333333,-78.7393333333333,"Mk37_2",-23.7433333333333,26.3235681898576,"alkenone SST; G. ruber d13C. Uncertainty estimated from 10,000 Monte Carlo simulations with uncertainties on input variables.",105
"phytoplankton_badger_2019.xlsx",23,24,"phytoplankton_Badger_2019_20",,,,"T",,2019,0.227098190307617,12.7439833333333,-78.7393333333333,"Mk37_2",-23.705,26.5511214327482,"alkenone SST; G. ruber d13C. Uncertainty estimated from 10,000 Monte Carlo simulations with uncertainties on input variables.",106
"phytoplankton_badger_2019.xlsx",24,25,"phytoplankton_Badger_2019_21",,,,"T",,2019,0.235762832641602,12.7439833333333,-78.7393333333333,"Mk37_2",-24.066,27.4607859592947,"alkenone SST; G. ruber d13C. Uncertainty estimated from 10,000 Monte Carlo simulations with uncertainties on input variables.",107
"phytoplankton_badger_2019.xlsx",25,26,"phytoplankton_Badger_2019_22",,,,"T",,2019,0.239482940673828,12.7439833333333,-78.7393333333333,"Mk37_2",-23.52,27.1022314251459,"alkenone SST; G. ruber d13C. Uncertainty estimated from 10,000 Monte Carlo simulations with uncertainties on input variables.",108
"phytoplankton_badger_2019.xlsx",26,27,"phytoplankton_Badger_2019_23",,,,"T",,2019,0.24717936706543,12.7439833333333,-78.7393333333333,"Mk37_2",-23.2316666666667,27.213855602355,"alkenone SST; G. ruber d13C. Uncertainty estimated from 10,000 Monte Carlo simulations with uncertainties on input variables.",109
"phytoplankton_badger_2019.xlsx",27,28,"phytoplankton_Badger_2019_24",,,,"T",,2019,0.250065521240234,12.7439833333333,-78.7393333333333,"Mk37_2",-23.3723333333333,25.7064590739005,"alkenone SST; G. ruber d13C. Uncertainty estimated from 10,000 Monte Carlo simulations with uncertainties on input variables.",110
"phytoplankton_badger_2019.xlsx",28,29,"phytoplankton_Badger_2019_25",,,,"T",,2019,0.257842346191406,12.7439833333333,-78.7393333333333,"Mk37_2",-23.454,26.6639729856869,"alkenone SST; G. ruber d13C. Uncertainty estimated from 10,000 Monte Carlo simulations with uncertainties on input variables.",111
"phytoplankton_badger_2019.xlsx",29,30,"phytoplankton_Badger_2019_26",,,,"T",,2019,2.59949886,12.7439833333333,-78.7393333333333,"Mk37_2",-23.3365,27.8805496137401,"alkenone SST; G. ruber d13C. Uncertainty estimated from 10,000 Monte Carlo simulations with uncertainties on input variables.",112
"phytoplankton_badger_2019.xlsx",30,31,"phytoplankton_Badger_2019_27",,,,"T",,2019,2.60754347777778,12.7439833333333,-78.7393333333333,"Mk37_2",-22.248,27.3004418757843,"alkenone SST; G. ruber d13C. Uncertainty estimated from 10,000 Monte Carlo simulations with uncertainties on input variables.",113
"phytoplankton_badger_2019.xlsx",31,32,"phytoplankton_Badger_2019_28",,,,"T",,2019,2.617315,12.7439833333333,-78.7393333333333,"Mk37_2",-22.652,27.2464952736742,"alkenone SST; G. ruber d13C. Uncertainty estimated from 10,000 Monte Carlo simulations with uncertainties on input variables.",114
"phytoplankton_badger_2019.xlsx",32,33,"phytoplankton_Badger_2019_29",,,,"T",,2019,2.62702196666667,12.7439833333333,-78.7393333333333,"Mk37_2",-22.0535,27.7344512930568,"alkenone SST; G. ruber d13C. Uncertainty estimated from 10,000 Monte Carlo simulations with uncertainties on input variables.",115
"phytoplankton_badger_2019.xlsx",33,34,"phytoplankton_Badger_2019_30",,,,"T",,2019,2.63361495,12.7439833333333,-78.7393333333333,"Mk37_2",-22.382,27.1134057850586,"alkenone SST; G. ruber d13C. Uncertainty estimated from 10,000 Monte Carlo simulations with uncertainties on input variables.",116
"phytoplankton_badger_2019.xlsx",34,35,"phytoplankton_Badger_2019_31",,,,"T",,2019,2.64228622222222,12.7439833333333,-78.7393333333333,"Mk37_2",-21.816,26.8419726908843,"alkenone SST; G. ruber d13C. Uncertainty estimated from 10,000 Monte Carlo simulations with uncertainties on input variables.",117
"phytoplankton_badger_2019.xlsx",35,36,"phytoplankton_Badger_2019_32",,,,"T",,2019,2.6506129,12.7439833333333,-78.7393333333333,"Mk37_2",-23.6425,27.4502598148706,"alkenone SST; G. ruber d13C. Uncertainty estimated from 10,000 Monte Carlo simulations with uncertainties on input variables.",118
"phytoplankton_badger_2019.xlsx",36,37,"phytoplankton_Badger_2019_33",,,,"T",,2019,2.65685448888889,12.7439833333333,-78.7393333333333,"Mk37_2",-23.315,27.1962175191422,"alkenone SST; G. ruber d13C. Uncertainty estimated from 10,000 Monte Carlo simulations with uncertainties on input variables.",119
"phytoplankton_badger_2019.xlsx",37,38,"phytoplankton_Badger_2019_34",,,,"T",,2019,2.66621956,12.7439833333333,-78.7393333333333,"Mk37_2",-22.248,27.7475615786215,"alkenone SST; G. ruber d13C. Uncertainty estimated from 10,000 Monte Carlo simulations with uncertainties on input variables.",120
"phytoplankton_badger_2019.xlsx",38,39,"phytoplankton_Badger_2019_35",,,,"T",,2019,2.67517532,12.7439833333333,-78.7393333333333,"Mk37_2",-21.679,27.7972353852215,"alkenone SST; G. ruber d13C. Uncertainty estimated from 10,000 Monte Carlo simulations with uncertainties on input variables.",121
"phytoplankton_badger_2019.xlsx",39,40,"phytoplankton_Badger_2019_36",,,,"T",,2019,2.68211746666667,12.7439833333333,-78.7393333333333,"Mk37_2",-22.204,27.6384981266059,"alkenone SST; G. ruber d13C. Uncertainty estimated from 10,000 Monte Carlo simulations with uncertainties on input variables.",122
"phytoplankton_badger_2019.xlsx",40,41,"phytoplankton_Badger_2019_37",,,,"T",,2019,2.6882203,12.7439833333333,-78.7393333333333,"Mk37_2",-24.137,27.3273323436146,"alkenone SST; G. ruber d13C. Uncertainty estimated from 10,000 Monte Carlo simulations with uncertainties on input variables.",123
"phytoplankton_badger_2019.xlsx",41,42,"phytoplankton_Badger_2019_38",,,,"T",,2019,2.6934895,12.7439833333333,-78.7393333333333,"Mk37_2",-24.061,28.1361533823898,"alkenone SST; G. ruber d13C. Uncertainty estimated from 10,000 Monte Carlo simulations with uncertainties on input variables.",124
"phytoplankton_badger_2019.xlsx",42,43,"phytoplankton_Badger_2019_39",,,,"T",,2019,2.69876056666667,12.7439833333333,-78.7393333333333,"Mk37_2",-23.7145,27.6208007501454,"alkenone SST; G. ruber d13C. Uncertainty estimated from 10,000 Monte Carlo simulations with uncertainties on input variables.",125
"phytoplankton_badger_2019.xlsx",43,44,"phytoplankton_Badger_2019_40",,,,"T",,2019,2.70486522222222,12.7439833333333,-78.7393333333333,"Mk37_2",-23.23275,27.056,"alkenone SST; G. ruber d13C. Uncertainty estimated from 10,000 Monte Carlo simulations with uncertainties on input variables.",126
"phytoplankton_badger_2019.xlsx",44,45,"phytoplankton_Badger_2019_41",,,,"T",,2019,2.70903086666667,12.7439833333333,-78.7393333333333,"Mk37_2",-22.2355,26.677354291895,"alkenone SST; G. ruber d13C. Uncertainty estimated from 10,000 Monte Carlo simulations with uncertainties on input variables.",127
"phytoplankton_badger_2019.xlsx",45,46,"phytoplankton_Badger_2019_42",,,,"T",,2019,2.714304,12.7439833333333,-78.7393333333333,"Mk37_2",-23.5433333333333,26.0797168839379,"alkenone SST; G. ruber d13C. Uncertainty estimated from 10,000 Monte Carlo simulations with uncertainties on input variables.",128
"phytoplankton_badger_2019.xlsx",46,47,"phytoplankton_Badger_2019_43",,,,"T",,2019,2.74185501,12.7439833333333,-78.7393333333333,"Mk37_2",-22.8785,28.3352020052287,"alkenone SST; G. ruber d13C. Uncertainty estimated from 10,000 Monte Carlo simulations with uncertainties on input variables.",129
"phytoplankton_badger_2019.xlsx",47,48,"phytoplankton_Badger_2019_44",,,,"T",,2019,2.75226265,12.7439833333333,-78.7393333333333,"Mk37_2",-22.6885,27.8409387527755,"alkenone SST; G. ruber d13C. Uncertainty estimated from 10,000 Monte Carlo simulations with uncertainties on input variables.",130
"phytoplankton_badger_2019.xlsx",48,49,"phytoplankton_Badger_2019_45",,,,"T",,2019,2.76613998947368,12.7439833333333,-78.7393333333333,"Mk37_2",-22.4595,27.7420835948129,"alkenone SST; G. ruber d13C. Uncertainty estimated from 10,000 Monte Carlo simulations with uncertainties on input variables.",131
"phytoplankton_badger_2019.xlsx",49,50,"phytoplankton_Badger_2019_46",,,,"T",,2019,2.78155956666667,12.7439833333333,-78.7393333333333,"Mk37_2",-23.6375,27.5928580280126,"alkenone SST; G. ruber d13C. Uncertainty estimated from 10,000 Monte Carlo simulations with uncertainties on input variables.",132
"phytoplankton_badger_2019.xlsx",50,51,"phytoplankton_Badger_2019_47",,,,"T",,2019,2.78960594210526,12.7439833333333,-78.7393333333333,"Mk37_2",-22.6575,27.6038534047154,"alkenone SST; G. ruber d13C. Uncertainty estimated from 10,000 Monte Carlo simulations with uncertainties on input variables.",133
"phytoplankton_bae_2015.xlsx",4,5,"phytoplankton_Bae_2015_1",,,,"F","Unclear if biomass offset is acocunted for. Have attempted to contact corresponding author several times.",2015,5e-04,38.4,131.55,"Mk37_2",-21.9,17,"They do not report the lipid--biomass offset, and they calculate d13C_CO2aq without accounting for the intermediate step to CO2(g), so it is unclear if these steps are included in the calculation of Ep.",134
"phytoplankton_bae_2015.xlsx",5,6,"phytoplankton_Bae_2015_2",,,,"F","Unclear if biomass offset is acocunted for. Have attempted to contact corresponding author several times.",2015,0.0024,38.4,131.55,"Mk37_2",-20.6,17.2,"They do not report the lipid--biomass offset, and they calculate d13C_CO2aq without accounting for the intermediate step to CO2(g), so it is unclear if these steps are included in the calculation of Ep.",135
"phytoplankton_bae_2015.xlsx",6,7,"phytoplankton_Bae_2015_3",,,,"F","Unclear if biomass offset is acocunted for. Have attempted to contact corresponding author several times.",2015,0.005,38.4,131.55,"Mk37_2",-21.4,17.2,"They do not report the lipid--biomass offset, and they calculate d13C_CO2aq without accounting for the intermediate step to CO2(g), so it is unclear if these steps are included in the calculation of Ep.",136
"phytoplankton_bae_2015.xlsx",7,8,"phytoplankton_Bae_2015_4",,,,"F","Unclear if biomass offset is acocunted for. Have attempted to contact corresponding author several times.",2015,0.0076,38.4,131.55,"Mk37_2",-21.5,16.2,"They do not report the lipid--biomass offset, and they calculate d13C_CO2aq without accounting for the intermediate step to CO2(g), so it is unclear if these steps are included in the calculation of Ep.",137
"phytoplankton_bae_2015.xlsx",8,9,"phytoplankton_Bae_2015_5",,,,"F","Unclear if biomass offset is acocunted for. Have attempted to contact corresponding author several times.",2015,0.0102,38.4,131.55,"Mk37_2",-22.3,15.4,"They do not report the lipid--biomass offset, and they calculate d13C_CO2aq without accounting for the intermediate step to CO2(g), so it is unclear if these steps are included in the calculation of Ep.",138
"phytoplankton_bae_2015.xlsx",9,10,"phytoplankton_Bae_2015_6",,,,"F","Unclear if biomass offset is acocunted for. Have attempted to contact corresponding author several times.",2015,0.0128,38.4,131.55,"Mk37_2",-22.2,15.3,"They do not report the lipid--biomass offset, and they calculate d13C_CO2aq without accounting for the intermediate step to CO2(g), so it is unclear if these steps are included in the calculation of Ep.",139
"phytoplankton_bae_2015.xlsx",10,11,"phytoplankton_Bae_2015_7",,,,"F","Unclear if biomass offset is acocunted for. Have attempted to contact corresponding author several times.",2015,0.014,38.4,131.55,"Mk37_2",-21.5,17.3,"They do not report the lipid--biomass offset, and they calculate d13C_CO2aq without accounting for the intermediate step to CO2(g), so it is unclear if these steps are included in the calculation of Ep.",140
"phytoplankton_bae_2015.xlsx",11,12,"phytoplankton_Bae_2015_8",,,,"F","Unclear if biomass offset is acocunted for. Have attempted to contact corresponding author several times.",2015,0.0152,38.4,131.55,"Mk37_2",-21.4,15.5,"They do not report the lipid--biomass offset, and they calculate d13C_CO2aq without accounting for the intermediate step to CO2(g), so it is unclear if these steps are included in the calculation of Ep.",141
"phytoplankton_bae_2015.xlsx",12,13,"phytoplankton_Bae_2015_9",,,,"F","Unclear if biomass offset is acocunted for. Have attempted to contact corresponding author several times.",2015,0.0164,38.4,131.55,"Mk37_2",-21.8,16.2,"They do not report the lipid--biomass offset, and they calculate d13C_CO2aq without accounting for the intermediate step to CO2(g), so it is unclear if these steps are included in the calculation of Ep.",142
"phytoplankton_bae_2015.xlsx",13,14,"phytoplankton_Bae_2015_10",,,,"F","Unclear if biomass offset is acocunted for. Have attempted to contact corresponding author several times.",2015,0.0176,38.4,131.55,"Mk37_2",-21.5,17.1,"They do not report the lipid--biomass offset, and they calculate d13C_CO2aq without accounting for the intermediate step to CO2(g), so it is unclear if these steps are included in the calculation of Ep.",143
"phytoplankton_bae_2015.xlsx",14,15,"phytoplankton_Bae_2015_11",,,,"F","Unclear if biomass offset is acocunted for. Have attempted to contact corresponding author several times.",2015,0.0372,38.4,131.55,"Mk37_2",-21.8,12.8,"They do not report the lipid--biomass offset, and they calculate d13C_CO2aq without accounting for the intermediate step to CO2(g), so it is unclear if these steps are included in the calculation of Ep.",144
"phytoplankton_bae_2015.xlsx",15,16,"phytoplankton_Bae_2015_12",,,,"F","Unclear if biomass offset is acocunted for. Have attempted to contact corresponding author several times.",2015,0.0394,38.4,131.55,"Mk37_2",-19.4,11.4,"They do not report the lipid--biomass offset, and they calculate d13C_CO2aq without accounting for the intermediate step to CO2(g), so it is unclear if these steps are included in the calculation of Ep.",145
"phytoplankton_bae_2015.xlsx",16,17,"phytoplankton_Bae_2015_13",,,,"F","Unclear if biomass offset is acocunted for. Have attempted to contact corresponding author several times.",2015,0.041,38.4,131.55,"Mk37_2",-21.8,10.4,"They do not report the lipid--biomass offset, and they calculate d13C_CO2aq without accounting for the intermediate step to CO2(g), so it is unclear if these steps are included in the calculation of Ep.",146
"phytoplankton_bae_2015.xlsx",17,18,"phytoplankton_Bae_2015_14",,,,"F","Unclear if biomass offset is acocunted for. Have attempted to contact corresponding author several times.",2015,0.0421,38.4,131.55,"Mk37_2",-22.2,13.2,"They do not report the lipid--biomass offset, and they calculate d13C_CO2aq without accounting for the intermediate step to CO2(g), so it is unclear if these steps are included in the calculation of Ep.",147
"phytoplankton_bae_2015.xlsx",18,19,"phytoplankton_Bae_2015_15",,,,"F","Unclear if biomass offset is acocunted for. Have attempted to contact corresponding author several times.",2015,0.0432,38.4,131.55,"Mk37_2",-19.9,11.6,"They do not report the lipid--biomass offset, and they calculate d13C_CO2aq without accounting for the intermediate step to CO2(g), so it is unclear if these steps are included in the calculation of Ep.",148
"phytoplankton_bae_2015.xlsx",19,20,"phytoplankton_Bae_2015_16",,,,"F","Unclear if biomass offset is acocunted for. Have attempted to contact corresponding author several times.",2015,0.0453,38.4,131.55,"Mk37_2",-19.6,10.5,"They do not report the lipid--biomass offset, and they calculate d13C_CO2aq without accounting for the intermediate step to CO2(g), so it is unclear if these steps are included in the calculation of Ep.",149
"phytoplankton_bae_2015.xlsx",20,21,"phytoplankton_Bae_2015_17",,,,"F","Unclear if biomass offset is acocunted for. Have attempted to contact corresponding author several times.",2015,0.0509,38.4,131.55,"Mk37_2",-22.8,10.9,"They do not report the lipid--biomass offset, and they calculate d13C_CO2aq without accounting for the intermediate step to CO2(g), so it is unclear if these steps are included in the calculation of Ep.",150
"phytoplankton_bae_2015.xlsx",21,22,"phytoplankton_Bae_2015_18",,,,"F","Unclear if biomass offset is acocunted for. Have attempted to contact corresponding author several times.",2015,0.0716,38.4,131.55,"Mk37_2",-22.8,12.8,"They do not report the lipid--biomass offset, and they calculate d13C_CO2aq without accounting for the intermediate step to CO2(g), so it is unclear if these steps are included in the calculation of Ep.",151
"phytoplankton_bae_2015.xlsx",22,23,"phytoplankton_Bae_2015_19",,,,"F","Unclear if biomass offset is acocunted for. Have attempted to contact corresponding author several times.",2015,0.0725,38.4,131.55,"Mk37_2",-22.3,13.1,"They do not report the lipid--biomass offset, and they calculate d13C_CO2aq without accounting for the intermediate step to CO2(g), so it is unclear if these steps are included in the calculation of Ep.",152
"phytoplankton_bae_2015.xlsx",23,24,"phytoplankton_Bae_2015_20",,,,"F","Unclear if biomass offset is acocunted for. Have attempted to contact corresponding author several times.",2015,0.0735,38.4,131.55,"Mk37_2",-21.9,13.6,"They do not report the lipid--biomass offset, and they calculate d13C_CO2aq without accounting for the intermediate step to CO2(g), so it is unclear if these steps are included in the calculation of Ep.",153
"phytoplankton_bae_2015.xlsx",24,25,"phytoplankton_Bae_2015_21",,,,"F","Unclear if biomass offset is acocunted for. Have attempted to contact corresponding author several times.",2015,0.0765,38.4,131.55,"Mk37_2",-23.1,15.4,"They do not report the lipid--biomass offset, and they calculate d13C_CO2aq without accounting for the intermediate step to CO2(g), so it is unclear if these steps are included in the calculation of Ep.",154
"phytoplankton_bae_2015.xlsx",25,26,"phytoplankton_Bae_2015_22",,,,"F","Unclear if biomass offset is acocunted for. Have attempted to contact corresponding author several times.",2015,0.0774,38.4,131.55,"Mk37_2",-22.3,13.3,"They do not report the lipid--biomass offset, and they calculate d13C_CO2aq without accounting for the intermediate step to CO2(g), so it is unclear if these steps are included in the calculation of Ep.",155
"phytoplankton_bae_2015.xlsx",26,27,"phytoplankton_Bae_2015_23",,,,"F","Unclear if biomass offset is acocunted for. Have attempted to contact corresponding author several times.",2015,0.0783,38.4,131.55,"Mk37_2",-21.8,13.7,"They do not report the lipid--biomass offset, and they calculate d13C_CO2aq without accounting for the intermediate step to CO2(g), so it is unclear if these steps are included in the calculation of Ep.",156
"phytoplankton_bae_2015.xlsx",27,28,"phytoplankton_Bae_2015_24",,,,"F","Unclear if biomass offset is acocunted for. Have attempted to contact corresponding author several times.",2015,0.0792,38.4,131.55,"Mk37_2",-21.8,13.5,"They do not report the lipid--biomass offset, and they calculate d13C_CO2aq without accounting for the intermediate step to CO2(g), so it is unclear if these steps are included in the calculation of Ep.",157
"phytoplankton_bae_2015.xlsx",28,29,"phytoplankton_Bae_2015_25",,,,"F","Unclear if biomass offset is acocunted for. Have attempted to contact corresponding author several times.",2015,0.0809,38.4,131.55,"Mk37_2",-21.6,15.3,"They do not report the lipid--biomass offset, and they calculate d13C_CO2aq without accounting for the intermediate step to CO2(g), so it is unclear if these steps are included in the calculation of Ep.",158
"phytoplankton_bae_2015.xlsx",29,30,"phytoplankton_Bae_2015_26",,,,"F","Unclear if biomass offset is acocunted for. Have attempted to contact corresponding author several times.",2015,0.0818,38.4,131.55,"Mk37_2",-22.1,15.6,"They do not report the lipid--biomass offset, and they calculate d13C_CO2aq without accounting for the intermediate step to CO2(g), so it is unclear if these steps are included in the calculation of Ep.",159
"phytoplankton_bae_2015.xlsx",30,31,"phytoplankton_Bae_2015_27",,,,"F","Unclear if biomass offset is acocunted for. Have attempted to contact corresponding author several times.",2015,0.0827,38.4,131.55,"Mk37_2",-21.1,15.6,"They do not report the lipid--biomass offset, and they calculate d13C_CO2aq without accounting for the intermediate step to CO2(g), so it is unclear if these steps are included in the calculation of Ep.",160
"phytoplankton_bae_2015.xlsx",31,32,"phytoplankton_Bae_2015_28",,,,"F","Unclear if biomass offset is acocunted for. Have attempted to contact corresponding author several times.",2015,0.0836,38.4,131.55,"Mk37_2",-22,15.4,"They do not report the lipid--biomass offset, and they calculate d13C_CO2aq without accounting for the intermediate step to CO2(g), so it is unclear if these steps are included in the calculation of Ep.",161
"phytoplankton_bae_2015.xlsx",32,33,"phytoplankton_Bae_2015_29",,,,"F","Unclear if biomass offset is acocunted for. Have attempted to contact corresponding author several times.",2015,0.0845,38.4,131.55,"Mk37_2",-22.4,15.7,"They do not report the lipid--biomass offset, and they calculate d13C_CO2aq without accounting for the intermediate step to CO2(g), so it is unclear if these steps are included in the calculation of Ep.",162
"phytoplankton_bae_2015.xlsx",33,34,"phytoplankton_Bae_2015_30",,,,"F","Unclear if biomass offset is acocunted for. Have attempted to contact corresponding author several times.",2015,0.0853,38.4,131.55,"Mk37_2",-22.1,15.2,"They do not report the lipid--biomass offset, and they calculate d13C_CO2aq without accounting for the intermediate step to CO2(g), so it is unclear if these steps are included in the calculation of Ep.",163
"phytoplankton_bae_2015.xlsx",34,35,"phytoplankton_Bae_2015_31",,,,"F","Unclear if biomass offset is acocunted for. Have attempted to contact corresponding author several times.",2015,0.0862,38.4,131.55,"Mk37_2",-22.3,15,"They do not report the lipid--biomass offset, and they calculate d13C_CO2aq without accounting for the intermediate step to CO2(g), so it is unclear if these steps are included in the calculation of Ep.",164
"phytoplankton_bae_2015.xlsx",35,36,"phytoplankton_Bae_2015_32",,,,"F","Unclear if biomass offset is acocunted for. Have attempted to contact corresponding author several times.",2015,0.0871,38.4,131.55,"Mk37_2",-22.9,14.8,"They do not report the lipid--biomass offset, and they calculate d13C_CO2aq without accounting for the intermediate step to CO2(g), so it is unclear if these steps are included in the calculation of Ep.",165
"phytoplankton_bae_2015.xlsx",36,37,"phytoplankton_Bae_2015_33",,,,"F","Unclear if biomass offset is acocunted for. Have attempted to contact corresponding author several times.",2015,0.0903,38.4,131.55,"Mk37_2",-21.9,15.2,"They do not report the lipid--biomass offset, and they calculate d13C_CO2aq without accounting for the intermediate step to CO2(g), so it is unclear if these steps are included in the calculation of Ep.",166
"phytoplankton_bae_2015.xlsx",37,38,"phytoplankton_Bae_2015_34",,,,"F","Unclear if biomass offset is acocunted for. Have attempted to contact corresponding author several times.",2015,0.0916,38.4,131.55,"Mk37_2",-23,15.2,"They do not report the lipid--biomass offset, and they calculate d13C_CO2aq without accounting for the intermediate step to CO2(g), so it is unclear if these steps are included in the calculation of Ep.",167
"phytoplankton_bae_2015.xlsx",38,39,"phytoplankton_Bae_2015_35",,,,"F","Unclear if biomass offset is acocunted for. Have attempted to contact corresponding author several times.",2015,0.093,38.4,131.55,"Mk37_2",-22.5,15.6,"They do not report the lipid--biomass offset, and they calculate d13C_CO2aq without accounting for the intermediate step to CO2(g), so it is unclear if these steps are included in the calculation of Ep.",168
"phytoplankton_bae_2015.xlsx",39,40,"phytoplankton_Bae_2015_36",,,,"F","Unclear if biomass offset is acocunted for. Have attempted to contact corresponding author several times.",2015,0.0943,38.4,131.55,"Mk37_2",-22.9,16,"They do not report the lipid--biomass offset, and they calculate d13C_CO2aq without accounting for the intermediate step to CO2(g), so it is unclear if these steps are included in the calculation of Ep.",169
"phytoplankton_bae_2015.xlsx",40,41,"phytoplankton_Bae_2015_37",,,,"F","Unclear if biomass offset is acocunted for. Have attempted to contact corresponding author several times.",2015,0.0956,38.4,131.55,"Mk37_2",-22.1,16.6,"They do not report the lipid--biomass offset, and they calculate d13C_CO2aq without accounting for the intermediate step to CO2(g), so it is unclear if these steps are included in the calculation of Ep.",170
"phytoplankton_bae_2015.xlsx",41,42,"phytoplankton_Bae_2015_38",,,,"F","Unclear if biomass offset is acocunted for. Have attempted to contact corresponding author several times.",2015,0.0969,38.4,131.55,"Mk37_2",-22.6,17.3,"They do not report the lipid--biomass offset, and they calculate d13C_CO2aq without accounting for the intermediate step to CO2(g), so it is unclear if these steps are included in the calculation of Ep.",171
"phytoplankton_bae_2015.xlsx",42,43,"phytoplankton_Bae_2015_39",,,,"F","Unclear if biomass offset is acocunted for. Have attempted to contact corresponding author several times.",2015,0.0982,38.4,131.55,"Mk37_2",-22.6,17.7,"They do not report the lipid--biomass offset, and they calculate d13C_CO2aq without accounting for the intermediate step to CO2(g), so it is unclear if these steps are included in the calculation of Ep.",172
"phytoplankton_bae_2015.xlsx",43,44,"phytoplankton_Bae_2015_40",,,,"F","Unclear if biomass offset is acocunted for. Have attempted to contact corresponding author several times.",2015,0.0996,38.4,131.55,"Mk37_2",-22.5,18.2,"They do not report the lipid--biomass offset, and they calculate d13C_CO2aq without accounting for the intermediate step to CO2(g), so it is unclear if these steps are included in the calculation of Ep.",173
"phytoplankton_bae_2015.xlsx",44,45,"phytoplankton_Bae_2015_41",,,,"F","Unclear if biomass offset is acocunted for. Have attempted to contact corresponding author several times.",2015,0.1009,38.4,131.55,"Mk37_2",-22.2,18,"They do not report the lipid--biomass offset, and they calculate d13C_CO2aq without accounting for the intermediate step to CO2(g), so it is unclear if these steps are included in the calculation of Ep.",174
"phytoplankton_bae_2015.xlsx",45,46,"phytoplankton_Bae_2015_42",,,,"F","Unclear if biomass offset is acocunted for. Have attempted to contact corresponding author several times.",2015,0.1022,38.4,131.55,"Mk37_2",-21.6,18.8,"They do not report the lipid--biomass offset, and they calculate d13C_CO2aq without accounting for the intermediate step to CO2(g), so it is unclear if these steps are included in the calculation of Ep.",175
"phytoplankton_bae_2015.xlsx",46,47,"phytoplankton_Bae_2015_43",,,,"F","Unclear if biomass offset is acocunted for. Have attempted to contact corresponding author several times.",2015,0.1035,38.4,131.55,"Mk37_2",-21.8,18.3,"They do not report the lipid--biomass offset, and they calculate d13C_CO2aq without accounting for the intermediate step to CO2(g), so it is unclear if these steps are included in the calculation of Ep.",176
"phytoplankton_bae_2015.xlsx",47,48,"phytoplankton_Bae_2015_44",,,,"F","Unclear if biomass offset is acocunted for. Have attempted to contact corresponding author several times.",2015,0.1048,38.4,131.55,"Mk37_2",-22.3,18.4,"They do not report the lipid--biomass offset, and they calculate d13C_CO2aq without accounting for the intermediate step to CO2(g), so it is unclear if these steps are included in the calculation of Ep.",177
"phytoplankton_bae_2015.xlsx",48,49,"phytoplankton_Bae_2015_45",,,,"F","Unclear if biomass offset is acocunted for. Have attempted to contact corresponding author several times.",2015,0.1062,38.4,131.55,"Mk37_2",-21.8,18.3,"They do not report the lipid--biomass offset, and they calculate d13C_CO2aq without accounting for the intermediate step to CO2(g), so it is unclear if these steps are included in the calculation of Ep.",178
"phytoplankton_bae_2015.xlsx",49,50,"phytoplankton_Bae_2015_46",,,,"F","Unclear if biomass offset is acocunted for. Have attempted to contact corresponding author several times.",2015,0.1088,38.4,131.55,"Mk37_2",-21.6,15.5,"They do not report the lipid--biomass offset, and they calculate d13C_CO2aq without accounting for the intermediate step to CO2(g), so it is unclear if these steps are included in the calculation of Ep.",179
"phytoplankton_bae_2015.xlsx",50,51,"phytoplankton_Bae_2015_47",,,,"F","Unclear if biomass offset is acocunted for. Have attempted to contact corresponding author several times.",2015,0.1095,38.4,131.55,"Mk37_2",-21.9,17.5,"They do not report the lipid--biomass offset, and they calculate d13C_CO2aq without accounting for the intermediate step to CO2(g), so it is unclear if these steps are included in the calculation of Ep.",180
"phytoplankton_bae_2015.xlsx",51,52,"phytoplankton_Bae_2015_48",,,,"F","Unclear if biomass offset is acocunted for. Have attempted to contact corresponding author several times.",2015,0.1101,38.4,131.55,"Mk37_2",-21.6,16.5,"They do not report the lipid--biomass offset, and they calculate d13C_CO2aq without accounting for the intermediate step to CO2(g), so it is unclear if these steps are included in the calculation of Ep.",181
"phytoplankton_bae_2015.xlsx",52,53,"phytoplankton_Bae_2015_49",,,,"F","Unclear if biomass offset is acocunted for. Have attempted to contact corresponding author several times.",2015,0.1107,38.4,131.55,"Mk37_2",-21.8,15.4,"They do not report the lipid--biomass offset, and they calculate d13C_CO2aq without accounting for the intermediate step to CO2(g), so it is unclear if these steps are included in the calculation of Ep.",182
"phytoplankton_bae_2015.xlsx",53,54,"phytoplankton_Bae_2015_50",,,,"F","Unclear if biomass offset is acocunted for. Have attempted to contact corresponding author several times.",2015,0.1125,38.4,131.55,"Mk37_2",-22.3,15.9,"They do not report the lipid--biomass offset, and they calculate d13C_CO2aq without accounting for the intermediate step to CO2(g), so it is unclear if these steps are included in the calculation of Ep.",183
"phytoplankton_bae_2015.xlsx",54,55,"phytoplankton_Bae_2015_51",,,,"F","Unclear if biomass offset is acocunted for. Have attempted to contact corresponding author several times.",2015,0.1131,38.4,131.55,"Mk37_2",-22.5,14.6,"They do not report the lipid--biomass offset, and they calculate d13C_CO2aq without accounting for the intermediate step to CO2(g), so it is unclear if these steps are included in the calculation of Ep.",184
"phytoplankton_bae_2015.xlsx",55,56,"phytoplankton_Bae_2015_52",,,,"F","Unclear if biomass offset is acocunted for. Have attempted to contact corresponding author several times.",2015,0.1137,38.4,131.55,"Mk37_2",-22.4,14.4,"They do not report the lipid--biomass offset, and they calculate d13C_CO2aq without accounting for the intermediate step to CO2(g), so it is unclear if these steps are included in the calculation of Ep.",185
"phytoplankton_bae_2015.xlsx",56,57,"phytoplankton_Bae_2015_53",,,,"F","Unclear if biomass offset is acocunted for. Have attempted to contact corresponding author several times.",2015,0.1143,38.4,131.55,"Mk37_2",-22.7,16.4,"They do not report the lipid--biomass offset, and they calculate d13C_CO2aq without accounting for the intermediate step to CO2(g), so it is unclear if these steps are included in the calculation of Ep.",186
"phytoplankton_bae_2015.xlsx",57,58,"phytoplankton_Bae_2015_54",,,,"F","Unclear if biomass offset is acocunted for. Have attempted to contact corresponding author several times.",2015,0.1149,38.4,131.55,"Mk37_2",-21.8,16.9,"They do not report the lipid--biomass offset, and they calculate d13C_CO2aq without accounting for the intermediate step to CO2(g), so it is unclear if these steps are included in the calculation of Ep.",187
"phytoplankton_bae_2015.xlsx",58,59,"phytoplankton_Bae_2015_55",,,,"F","Unclear if biomass offset is acocunted for. Have attempted to contact corresponding author several times.",2015,0.1155,38.4,131.55,"Mk37_2",-22.9,14.2,"They do not report the lipid--biomass offset, and they calculate d13C_CO2aq without accounting for the intermediate step to CO2(g), so it is unclear if these steps are included in the calculation of Ep.",188
"phytoplankton_bae_2015.xlsx",59,60,"phytoplankton_Bae_2015_56",,,,"F","Unclear if biomass offset is acocunted for. Have attempted to contact corresponding author several times.",2015,0.1161,38.4,131.55,"Mk37_2",-22.1,17,"They do not report the lipid--biomass offset, and they calculate d13C_CO2aq without accounting for the intermediate step to CO2(g), so it is unclear if these steps are included in the calculation of Ep.",189
"phytoplankton_bae_2015.xlsx",60,61,"phytoplankton_Bae_2015_57",,,,"F","Unclear if biomass offset is acocunted for. Have attempted to contact corresponding author several times.",2015,0.1165,38.4,131.55,"Mk37_2",-23,20.3,"They do not report the lipid--biomass offset, and they calculate d13C_CO2aq without accounting for the intermediate step to CO2(g), so it is unclear if these steps are included in the calculation of Ep.",190
"phytoplankton_bae_2015.xlsx",61,62,"phytoplankton_Bae_2015_58",,,,"F","Unclear if biomass offset is acocunted for. Have attempted to contact corresponding author several times.",2015,0.1174,38.4,131.55,"Mk37_2",-21.2,18,"They do not report the lipid--biomass offset, and they calculate d13C_CO2aq without accounting for the intermediate step to CO2(g), so it is unclear if these steps are included in the calculation of Ep.",191
"phytoplankton_bae_2015.xlsx",62,63,"phytoplankton_Bae_2015_59",,,,"F","Unclear if biomass offset is acocunted for. Have attempted to contact corresponding author several times.",2015,0.1183,38.4,131.55,"Mk37_2",-22.1,17.5,"They do not report the lipid--biomass offset, and they calculate d13C_CO2aq without accounting for the intermediate step to CO2(g), so it is unclear if these steps are included in the calculation of Ep.",192
"phytoplankton_bae_2015.xlsx",63,64,"phytoplankton_Bae_2015_60",,,,"F","Unclear if biomass offset is acocunted for. Have attempted to contact corresponding author several times.",2015,0.1191,38.4,131.55,"Mk37_2",-21.7,19.5,"They do not report the lipid--biomass offset, and they calculate d13C_CO2aq without accounting for the intermediate step to CO2(g), so it is unclear if these steps are included in the calculation of Ep.",193
"phytoplankton_bae_2015.xlsx",64,65,"phytoplankton_Bae_2015_61",,,,"F","Unclear if biomass offset is acocunted for. Have attempted to contact corresponding author several times.",2015,0.12,38.4,131.55,"Mk37_2",-21.7,19.1,"They do not report the lipid--biomass offset, and they calculate d13C_CO2aq without accounting for the intermediate step to CO2(g), so it is unclear if these steps are included in the calculation of Ep.",194
"phytoplankton_bae_2015.xlsx",65,66,"phytoplankton_Bae_2015_62",,,,"F","Unclear if biomass offset is acocunted for. Have attempted to contact corresponding author several times.",2015,0.1209,38.4,131.55,"Mk37_2",-21.3,19.7,"They do not report the lipid--biomass offset, and they calculate d13C_CO2aq without accounting for the intermediate step to CO2(g), so it is unclear if these steps are included in the calculation of Ep.",195
"phytoplankton_bae_2015.xlsx",66,67,"phytoplankton_Bae_2015_63",,,,"F","Unclear if biomass offset is acocunted for. Have attempted to contact corresponding author several times.",2015,0.1218,38.4,131.55,"Mk37_2",-22,19.4,"They do not report the lipid--biomass offset, and they calculate d13C_CO2aq without accounting for the intermediate step to CO2(g), so it is unclear if these steps are included in the calculation of Ep.",196
"phytoplankton_bae_2015.xlsx",67,68,"phytoplankton_Bae_2015_64",,,,"F","Unclear if biomass offset is acocunted for. Have attempted to contact corresponding author several times.",2015,0.1227,38.4,131.55,"Mk37_2",-22.3,19.8,"They do not report the lipid--biomass offset, and they calculate d13C_CO2aq without accounting for the intermediate step to CO2(g), so it is unclear if these steps are included in the calculation of Ep.",197
"phytoplankton_bae_2015.xlsx",68,69,"phytoplankton_Bae_2015_65",,,,"F","Unclear if biomass offset is acocunted for. Have attempted to contact corresponding author several times.",2015,0.1235,38.4,131.55,"Mk37_2",-22,19.6,"They do not report the lipid--biomass offset, and they calculate d13C_CO2aq without accounting for the intermediate step to CO2(g), so it is unclear if these steps are included in the calculation of Ep.",198
"phytoplankton_bae_2015.xlsx",69,70,"phytoplankton_Bae_2015_66",,,,"F","Unclear if biomass offset is acocunted for. Have attempted to contact corresponding author several times.",2015,0.1244,38.4,131.55,"Mk37_2",-22.4,19.5,"They do not report the lipid--biomass offset, and they calculate d13C_CO2aq without accounting for the intermediate step to CO2(g), so it is unclear if these steps are included in the calculation of Ep.",199
"phytoplankton_bae_2015.xlsx",70,71,"phytoplankton_Bae_2015_67",,,,"F","Unclear if biomass offset is acocunted for. Have attempted to contact corresponding author several times.",2015,0.1253,38.4,131.55,"Mk37_2",-22.4,19.5,"They do not report the lipid--biomass offset, and they calculate d13C_CO2aq without accounting for the intermediate step to CO2(g), so it is unclear if these steps are included in the calculation of Ep.",200
"phytoplankton_bae_2015.xlsx",71,72,"phytoplankton_Bae_2015_68",,,,"F","Unclear if biomass offset is acocunted for. Have attempted to contact corresponding author several times.",2015,0.1262,38.4,131.55,"Mk37_2",-22,19.6,"They do not report the lipid--biomass offset, and they calculate d13C_CO2aq without accounting for the intermediate step to CO2(g), so it is unclear if these steps are included in the calculation of Ep.",201
"phytoplankton_bae_2015.xlsx",72,73,"phytoplankton_Bae_2015_69",,,,"F","Unclear if biomass offset is acocunted for. Have attempted to contact corresponding author several times.",2015,0.1271,38.4,131.55,"Mk37_2",-22.1,20,"They do not report the lipid--biomass offset, and they calculate d13C_CO2aq without accounting for the intermediate step to CO2(g), so it is unclear if these steps are included in the calculation of Ep.",202
"phytoplankton_bae_2015.xlsx",73,74,"phytoplankton_Bae_2015_70",,,,"F","Unclear if biomass offset is acocunted for. Have attempted to contact corresponding author several times.",2015,0.1279,38.4,131.55,"Mk37_2",-22.1,20.4,"They do not report the lipid--biomass offset, and they calculate d13C_CO2aq without accounting for the intermediate step to CO2(g), so it is unclear if these steps are included in the calculation of Ep.",203
"phytoplankton_bae_2015.xlsx",74,75,"phytoplankton_Bae_2015_71",,,,"F","Unclear if biomass offset is acocunted for. Have attempted to contact corresponding author several times.",2015,0.1288,38.4,131.55,"Mk37_2",-22.3,20.7,"They do not report the lipid--biomass offset, and they calculate d13C_CO2aq without accounting for the intermediate step to CO2(g), so it is unclear if these steps are included in the calculation of Ep.",204
"phytoplankton_bae_2015.xlsx",75,76,"phytoplankton_Bae_2015_72",,,,"F","Unclear if biomass offset is acocunted for. Have attempted to contact corresponding author several times.",2015,0.1304,38.4,131.55,"Mk37_2",-22.5,21.3,"They do not report the lipid--biomass offset, and they calculate d13C_CO2aq without accounting for the intermediate step to CO2(g), so it is unclear if these steps are included in the calculation of Ep.",205
"phytoplankton_bae_2015.xlsx",76,77,"phytoplankton_Bae_2015_73",,,,"F","Unclear if biomass offset is acocunted for. Have attempted to contact corresponding author several times.",2015,0.1335,38.4,131.55,"Mk37_2",-24.3,8.1,"They do not report the lipid--biomass offset, and they calculate d13C_CO2aq without accounting for the intermediate step to CO2(g), so it is unclear if these steps are included in the calculation of Ep.",206
"phytoplankton_bae_2015.xlsx",77,78,"phytoplankton_Bae_2015_74",,,,"F","Unclear if biomass offset is acocunted for. Have attempted to contact corresponding author several times.",2015,0.1384,38.4,131.55,"Mk37_2",-24.3,7.4,"They do not report the lipid--biomass offset, and they calculate d13C_CO2aq without accounting for the intermediate step to CO2(g), so it is unclear if these steps are included in the calculation of Ep.",207
"phytoplankton_bae_2015.xlsx",78,79,"phytoplankton_Bae_2015_75",,,,"F","Unclear if biomass offset is acocunted for. Have attempted to contact corresponding author several times.",2015,0.1402,38.4,131.55,"Mk37_2",-23.9,8.5,"They do not report the lipid--biomass offset, and they calculate d13C_CO2aq without accounting for the intermediate step to CO2(g), so it is unclear if these steps are included in the calculation of Ep.",208
"phytoplankton_bae_2015.xlsx",79,80,"phytoplankton_Bae_2015_76",,,,"F","Unclear if biomass offset is acocunted for. Have attempted to contact corresponding author several times.",2015,0.1481,38.4,131.55,"Mk37_2",-22.7,8.6,"They do not report the lipid--biomass offset, and they calculate d13C_CO2aq without accounting for the intermediate step to CO2(g), so it is unclear if these steps are included in the calculation of Ep.",209
"phytoplankton_bae_2015.xlsx",80,81,"phytoplankton_Bae_2015_77",,,,"F","Unclear if biomass offset is acocunted for. Have attempted to contact corresponding author several times.",2015,0.149,38.4,131.55,"Mk37_2",-24.8,9.2,"They do not report the lipid--biomass offset, and they calculate d13C_CO2aq without accounting for the intermediate step to CO2(g), so it is unclear if these steps are included in the calculation of Ep.",210
"phytoplankton_bae_2015.xlsx",81,82,"phytoplankton_Bae_2015_78",,,,"F","Unclear if biomass offset is acocunted for. Have attempted to contact corresponding author several times.",2015,0.1496,38.4,131.55,"Mk37_2",-25.2,9.3,"They do not report the lipid--biomass offset, and they calculate d13C_CO2aq without accounting for the intermediate step to CO2(g), so it is unclear if these steps are included in the calculation of Ep.",211
"phytoplankton_bae_2015.xlsx",82,83,"phytoplankton_Bae_2015_79",,,,"F","Unclear if biomass offset is acocunted for. Have attempted to contact corresponding author several times.",2015,0.1513,38.4,131.55,"Mk37_2",-25,7.6,"They do not report the lipid--biomass offset, and they calculate d13C_CO2aq without accounting for the intermediate step to CO2(g), so it is unclear if these steps are included in the calculation of Ep.",212
"phytoplankton_bae_2015.xlsx",83,84,"phytoplankton_Bae_2015_80",,,,"F","Unclear if biomass offset is acocunted for. Have attempted to contact corresponding author several times.",2015,0.1522,38.4,131.55,"Mk37_2",-23.7,11.4,"They do not report the lipid--biomass offset, and they calculate d13C_CO2aq without accounting for the intermediate step to CO2(g), so it is unclear if these steps are included in the calculation of Ep.",213
"phytoplankton_bae_2015.xlsx",84,85,"phytoplankton_Bae_2015_81",,,,"F","Unclear if biomass offset is acocunted for. Have attempted to contact corresponding author several times.",2015,0.1531,38.4,131.55,"Mk37_2",-24.9,8.8,"They do not report the lipid--biomass offset, and they calculate d13C_CO2aq without accounting for the intermediate step to CO2(g), so it is unclear if these steps are included in the calculation of Ep.",214
"phytoplankton_bae_2015.xlsx",85,86,"phytoplankton_Bae_2015_82",,,,"F","Unclear if biomass offset is acocunted for. Have attempted to contact corresponding author several times.",2015,0.154,38.4,131.55,"Mk37_2",-24.2,9.1,"They do not report the lipid--biomass offset, and they calculate d13C_CO2aq without accounting for the intermediate step to CO2(g), so it is unclear if these steps are included in the calculation of Ep.",215
"phytoplankton_bae_2015.xlsx",86,87,"phytoplankton_Bae_2015_83",,,,"F","Unclear if biomass offset is acocunted for. Have attempted to contact corresponding author several times.",2015,0.1548,38.4,131.55,"Mk37_2",-24.7,7.6,"They do not report the lipid--biomass offset, and they calculate d13C_CO2aq without accounting for the intermediate step to CO2(g), so it is unclear if these steps are included in the calculation of Ep.",216
"phytoplankton_bae_2015.xlsx",87,88,"phytoplankton_Bae_2015_84",,,,"F","Unclear if biomass offset is acocunted for. Have attempted to contact corresponding author several times.",2015,0.1557,38.4,131.55,"Mk37_2",-25.4,7.4,"They do not report the lipid--biomass offset, and they calculate d13C_CO2aq without accounting for the intermediate step to CO2(g), so it is unclear if these steps are included in the calculation of Ep.",217
"phytoplankton_bae_2015.xlsx",88,89,"phytoplankton_Bae_2015_85",,,,"F","Unclear if biomass offset is acocunted for. Have attempted to contact corresponding author several times.",2015,0.1566,38.4,131.55,"Mk37_2",-24.6,8.4,"They do not report the lipid--biomass offset, and they calculate d13C_CO2aq without accounting for the intermediate step to CO2(g), so it is unclear if these steps are included in the calculation of Ep.",218
"phytoplankton_bae_2015.xlsx",89,90,"phytoplankton_Bae_2015_86",,,,"F","Unclear if biomass offset is acocunted for. Have attempted to contact corresponding author several times.",2015,0.1575,38.4,131.55,"Mk37_2",-24.4,8.6,"They do not report the lipid--biomass offset, and they calculate d13C_CO2aq without accounting for the intermediate step to CO2(g), so it is unclear if these steps are included in the calculation of Ep.",219
"phytoplankton_bae_2015.xlsx",90,91,"phytoplankton_Bae_2015_87",,,,"F","Unclear if biomass offset is acocunted for. Have attempted to contact corresponding author several times.",2015,0.1584,38.4,131.55,"Mk37_2",-24.7,10.6,"They do not report the lipid--biomass offset, and they calculate d13C_CO2aq without accounting for the intermediate step to CO2(g), so it is unclear if these steps are included in the calculation of Ep.",220
"phytoplankton_bae_2015.xlsx",91,92,"phytoplankton_Bae_2015_88",,,,"F","Unclear if biomass offset is acocunted for. Have attempted to contact corresponding author several times.",2015,0.1592,38.4,131.55,"Mk37_2",-24.1,9.1,"They do not report the lipid--biomass offset, and they calculate d13C_CO2aq without accounting for the intermediate step to CO2(g), so it is unclear if these steps are included in the calculation of Ep.",221
"phytoplankton_bae_2015.xlsx",92,93,"phytoplankton_Bae_2015_89",,,,"F","Unclear if biomass offset is acocunted for. Have attempted to contact corresponding author several times.",2015,0.1645,38.4,131.55,"Mk37_2",-22.9,10.1,"They do not report the lipid--biomass offset, and they calculate d13C_CO2aq without accounting for the intermediate step to CO2(g), so it is unclear if these steps are included in the calculation of Ep.",222
"phytoplankton_bae_2015.xlsx",93,94,"phytoplankton_Bae_2015_90",,,,"F","Unclear if biomass offset is acocunted for. Have attempted to contact corresponding author several times.",2015,0.168,38.4,131.55,"Mk37_2",-23,12.9,"They do not report the lipid--biomass offset, and they calculate d13C_CO2aq without accounting for the intermediate step to CO2(g), so it is unclear if these steps are included in the calculation of Ep.",223
"phytoplankton_bae_2015.xlsx",94,95,"phytoplankton_Bae_2015_91",,,,"F","Unclear if biomass offset is acocunted for. Have attempted to contact corresponding author several times.",2015,0.1698,38.4,131.55,"Mk37_2",-23.2,11.2,"They do not report the lipid--biomass offset, and they calculate d13C_CO2aq without accounting for the intermediate step to CO2(g), so it is unclear if these steps are included in the calculation of Ep.",224
"phytoplankton_bae_2015.xlsx",95,96,"phytoplankton_Bae_2015_92",,,,"F","Unclear if biomass offset is acocunted for. Have attempted to contact corresponding author several times.",2015,0.1716,38.4,131.55,"Mk37_2",-22.3,11.6,"They do not report the lipid--biomass offset, and they calculate d13C_CO2aq without accounting for the intermediate step to CO2(g), so it is unclear if these steps are included in the calculation of Ep.",225
"phytoplankton_bae_2015.xlsx",96,97,"phytoplankton_Bae_2015_93",,,,"F","Unclear if biomass offset is acocunted for. Have attempted to contact corresponding author several times.",2015,0.1733,38.4,131.55,"Mk37_2",-23.1,12.7,"They do not report the lipid--biomass offset, and they calculate d13C_CO2aq without accounting for the intermediate step to CO2(g), so it is unclear if these steps are included in the calculation of Ep.",226
"phytoplankton_bae_2015.xlsx",97,98,"phytoplankton_Bae_2015_94",,,,"F","Unclear if biomass offset is acocunted for. Have attempted to contact corresponding author several times.",2015,0.1751,38.4,131.55,"Mk37_2",-21.7,12.4,"They do not report the lipid--biomass offset, and they calculate d13C_CO2aq without accounting for the intermediate step to CO2(g), so it is unclear if these steps are included in the calculation of Ep.",227
"phytoplankton_bae_2015.xlsx",98,99,"phytoplankton_Bae_2015_95",,,,"F","Unclear if biomass offset is acocunted for. Have attempted to contact corresponding author several times.",2015,0.1768,38.4,131.55,"Mk37_2",-23,12.1,"They do not report the lipid--biomass offset, and they calculate d13C_CO2aq without accounting for the intermediate step to CO2(g), so it is unclear if these steps are included in the calculation of Ep.",228
"phytoplankton_bae_2015.xlsx",99,100,"phytoplankton_Bae_2015_96",,,,"F","Unclear if biomass offset is acocunted for. Have attempted to contact corresponding author several times.",2015,0.1786,38.4,131.55,"Mk37_2",-22.6,11.9,"They do not report the lipid--biomass offset, and they calculate d13C_CO2aq without accounting for the intermediate step to CO2(g), so it is unclear if these steps are included in the calculation of Ep.",229
"phytoplankton_bae_2015.xlsx",100,101,"phytoplankton_Bae_2015_97",,,,"F","Unclear if biomass offset is acocunted for. Have attempted to contact corresponding author several times.",2015,0.1804,38.4,131.55,"Mk37_2",-22.9,13.3,"They do not report the lipid--biomass offset, and they calculate d13C_CO2aq without accounting for the intermediate step to CO2(g), so it is unclear if these steps are included in the calculation of Ep.",230
"phytoplankton_bae_2015.xlsx",101,102,"phytoplankton_Bae_2015_98",,,,"F","Unclear if biomass offset is acocunted for. Have attempted to contact corresponding author several times.",2015,0.1821,38.4,131.55,"Mk37_2",-22.4,12.4,"They do not report the lipid--biomass offset, and they calculate d13C_CO2aq without accounting for the intermediate step to CO2(g), so it is unclear if these steps are included in the calculation of Ep.",231
"phytoplankton_bae_2015.xlsx",102,103,"phytoplankton_Bae_2015_99",,,,"F","Unclear if biomass offset is acocunted for. Have attempted to contact corresponding author several times.",2015,0.1856,38.4,131.55,"Mk37_2",-22,14.4,"They do not report the lipid--biomass offset, and they calculate d13C_CO2aq without accounting for the intermediate step to CO2(g), so it is unclear if these steps are included in the calculation of Ep.",232
"phytoplankton_bae_2015.xlsx",103,104,"phytoplankton_Bae_2015_100",,,,"F","Unclear if biomass offset is acocunted for. Have attempted to contact corresponding author several times.",2015,0.1865,38.4,131.55,"Mk37_2",-22.2,13.2,"They do not report the lipid--biomass offset, and they calculate d13C_CO2aq without accounting for the intermediate step to CO2(g), so it is unclear if these steps are included in the calculation of Ep.",233
"phytoplankton_bae_2015.xlsx",104,105,"phytoplankton_Bae_2015_101",,,,"F","Unclear if biomass offset is acocunted for. Have attempted to contact corresponding author several times.",2015,0.1875,38.4,131.55,"Mk37_2",-21.9,15.4,"They do not report the lipid--biomass offset, and they calculate d13C_CO2aq without accounting for the intermediate step to CO2(g), so it is unclear if these steps are included in the calculation of Ep.",234
"phytoplankton_bolton_2016.xlsx",4,5,"phytoplankton_Bolton_2016_1",,,,"T",,2016,4.0088701171875,12.7439833333333,-78.7393333333333,"Mk37_2",-24.285,29.8,"CO2aq and pCO2 and their uncertainties represent the averages of the maximum and minimum values based on maximum and minimum b values, as well as max and min Ep values.",235
"phytoplankton_bolton_2016.xlsx",5,6,"phytoplankton_Bolton_2016_2",,,,"T",,2016,5.0025537109375,12.7439833333333,-78.7393333333333,"Mk37_2",-24.0315,29.4,"CO2aq and pCO2 and their uncertainties represent the averages of the maximum and minimum values based on maximum and minimum b values, as well as max and min Ep values.",236
"phytoplankton_bolton_2016.xlsx",6,7,"phytoplankton_Bolton_2016_3",,,,"T",,2016,6.00348138809204,12.7439833333333,-78.7393333333333,"Mk37_2",-25.1603333333333,30.24951171875,"CO2aq and pCO2 and their uncertainties represent the averages of the maximum and minimum values based on maximum and minimum b values, as well as max and min Ep values.",237
"phytoplankton_bolton_2016.xlsx",7,8,"phytoplankton_Bolton_2016_4",,,,"T",,2016,7.00128412246704,12.7439833333333,-78.7393333333333,"Mk37_2",-24.8803333333333,30.8,"CO2aq and pCO2 and their uncertainties represent the averages of the maximum and minimum values based on maximum and minimum b values, as well as max and min Ep values.",238
"phytoplankton_bolton_2016.xlsx",8,9,"phytoplankton_Bolton_2016_5",,,,"T",,2016,8.00035667419434,12.7439833333333,-78.7393333333333,"Mk37_2",-22.3833333333333,31.3,"CO2aq and pCO2 and their uncertainties represent the averages of the maximum and minimum values based on maximum and minimum b values, as well as max and min Ep values.",239
"phytoplankton_bolton_2016.xlsx",9,10,"phytoplankton_Bolton_2016_6",,,,"T",,2016,9.30813598632812,12.7439833333333,-78.7393333333333,"Mk37_2",-23.556,31.5,"CO2aq and pCO2 and their uncertainties represent the averages of the maximum and minimum values based on maximum and minimum b values, as well as max and min Ep values.",240
"phytoplankton_bolton_2016.xlsx",10,11,"phytoplankton_Bolton_2016_7",,,,"T",,2016,9.3183622360229,12.7439833333333,-78.7393333333333,,,,"Used as foraminifera d13C value for preceding sample because no foraminifera were found in sample algae_Bolton_2016_6",241
"phytoplankton_bolton_2016.xlsx",11,12,"phytoplankton_Bolton_2016_8",,,,"T",,2016,10.3301115036011,12.7439833333333,-78.7393333333333,"Mk37_2",-22.2593333333333,31.8,"CO2aq and pCO2 and their uncertainties represent the averages of the maximum and minimum values based on maximum and minimum b values, as well as max and min Ep values.",242
"phytoplankton_bolton_2016.xlsx",12,13,"phytoplankton_Bolton_2016_9",,,,"T",,2016,11.2004766464233,12.7439833333333,-78.7393333333333,"Mk37_2",-22.8053333333333,32.1,"CO2aq and pCO2 and their uncertainties represent the averages of the maximum and minimum values based on maximum and minimum b values, as well as max and min Ep values.",243
"phytoplankton_bolton_2016.xlsx",13,14,"phytoplankton_Bolton_2016_10",,,,"T",,2016,12.4634809494019,12.7439833333333,-78.7393333333333,"Mk37_2",-23.8613333333333,32.3,"CO2aq and pCO2 and their uncertainties represent the averages of the maximum and minimum values based on maximum and minimum b values, as well as max and min Ep values.",244
"phytoplankton_bolton_2016.xlsx",14,15,"phytoplankton_Bolton_2016_11",,,,"T",,2016,13.1006994247437,12.7439833333333,-78.7393333333333,"Mk37_2",-23.0403333333333,32.3,"CO2aq and pCO2 and their uncertainties represent the averages of the maximum and minimum values based on maximum and minimum b values, as well as max and min Ep values.",245
"phytoplankton_bolton_2016.xlsx",15,16,"phytoplankton_Bolton_2016_12",,,,"T",,2016,14.3584442138672,12.7439833333333,-78.7393333333333,"Mk37_2",-24.4856666666667,32.5,"CO2aq and pCO2 and their uncertainties represent the averages of the maximum and minimum values based on maximum and minimum b values, as well as max and min Ep values.",246
"phytoplankton_bolton_2016.xlsx",16,17,"phytoplankton_Bolton_2016_13",,,,"T",,2016,15.7561550140381,12.7439833333333,-78.7393333333333,"Mk37_2",-25.1793333333333,32.7,"CO2aq and pCO2 and their uncertainties represent the averages of the maximum and minimum values based on maximum and minimum b values, as well as max and min Ep values.",247
"phytoplankton_jasper_1990.xlsx",4,5,"phytoplankton_Jasper_1990_1","96-619-1-1,58-63",,,"F","slump",1990,0.0018,27.1935,-91.409,"Mk37_2",-22.7316709410784,25,"d13C_foram was estimated graphically using WebPlotDigitizer. pCO2 was estimated graphically using WebPlotDigitizer. pCO2 uncertainty was approximated graphically using WebPlotDigitizer. Sample information obtained by comparison with Jasper and Gagosian (1989).",248
"phytoplankton_jasper_1990.xlsx",5,6,"phytoplankton_Jasper_1990_2","96-619-1-2,9-14","phytoplankton_Zhang_2019_59",,"F","superceded by Zhang et al. (2019)",1990,0.0029,27.1935,-91.409,"Mk37_2",-26.7514595618863,25,"d13C_foram was estimated graphically using WebPlotDigitizer. pCO2 was estimated graphically using WebPlotDigitizer. pCO2 uncertainty was approximated graphically using WebPlotDigitizer. Sample information obtained by comparison with Jasper and Gagosian (1989).",249
"phytoplankton_jasper_1990.xlsx",6,7,"phytoplankton_Jasper_1990_3","96-619-1-3,45-50",,,"F","slump",1990,0.00489,27.1935,-91.409,"Mk37_2",-23.9993710897299,25,"d13C_foram was estimated graphically using WebPlotDigitizer. pCO2 was estimated graphically using WebPlotDigitizer. pCO2 uncertainty was approximated graphically using WebPlotDigitizer. Sample information obtained by comparison with Jasper and Gagosian (1989).",250
"phytoplankton_jasper_1990.xlsx",7,8,"phytoplankton_Jasper_1990_4","96-619-1-4,45-50",,,"F","slump",1990,0.0065,27.1935,-91.409,"Mk37_2",-23.5933923583318,25,"d13C_foram was estimated graphically using WebPlotDigitizer. pCO2 was estimated graphically using WebPlotDigitizer. pCO2 uncertainty was approximated graphically using WebPlotDigitizer. Sample information obtained by comparison with Jasper and Gagosian (1989).",251
"phytoplankton_jasper_1990.xlsx",8,9,"phytoplankton_Jasper_1990_5","96-619-1-4,131-136",,,"F","slump",1990,0.0075,27.1935,-91.409,"Mk37_2",-23.3903458189718,25,"d13C_foram was estimated graphically using WebPlotDigitizer. pCO2 was estimated graphically using WebPlotDigitizer. pCO2 uncertainty was approximated graphically using WebPlotDigitizer. Sample information obtained by comparison with Jasper and Gagosian (1989).",252
"phytoplankton_jasper_1990.xlsx",9,10,"phytoplankton_Jasper_1990_6","96-619-1-5,76-81","phytoplankton_Zhang_2019_60",,"F","superceded by Zhang et al. (2019)",1990,0.0085,27.1935,-91.409,"Mk37_2",-25.9645212931048,25,"d13C_foram was estimated graphically using WebPlotDigitizer. pCO2 was estimated graphically using WebPlotDigitizer. pCO2 uncertainty was approximated graphically using WebPlotDigitizer. Sample information obtained by comparison with Jasper and Gagosian (1989).",253
"phytoplankton_jasper_1990.xlsx",10,11,"phytoplankton_Jasper_1990_7","96-619-4-1,10-15","phytoplankton_Zhang_2019_61",,"F","superceded by Zhang et al. (2019)",1990,0.0151,27.1935,-91.409,"Mk37_2",-26.4328879232892,23,"d13C_foram was estimated graphically using WebPlotDigitizer. pCO2 was estimated graphically using WebPlotDigitizer. pCO2 uncertainty was approximated graphically using WebPlotDigitizer. Sample information obtained by comparison with Jasper and Gagosian (1989).",254
"phytoplankton_jasper_1990.xlsx",11,12,"phytoplankton_Jasper_1990_8","96-619-4-2,130-135","phytoplankton_Zhang_2019_62",,"F","superceded by Zhang et al. (2019)",1990,0.016,27.1935,-91.409,"Mk37_2",-24.3657399088488,23,"d13C_foram was estimated graphically using WebPlotDigitizer. pCO2 was estimated graphically using WebPlotDigitizer. pCO2 uncertainty was approximated graphically using WebPlotDigitizer. Sample information obtained by comparison with Jasper and Gagosian (1989).",255
"phytoplankton_jasper_1990.xlsx",12,13,"phytoplankton_Jasper_1990_9","96-619-4-5,85-90","phytoplankton_Zhang_2019_63",,"F","superceded by Zhang et al. (2019)",1990,0.0174,27.1935,-91.409,"Mk37_2",-23.8836630347779,23,"d13C_foram was estimated graphically using WebPlotDigitizer. pCO2 was estimated graphically using WebPlotDigitizer. pCO2 uncertainty was approximated graphically using WebPlotDigitizer. Sample information obtained by comparison with Jasper and Gagosian (1989).",256
"phytoplankton_jasper_1990.xlsx",13,14,"phytoplankton_Jasper_1990_10","96-619-4CC,10-16","phytoplankton_Zhang_2019_64",,"F","superceded by Zhang et al. (2019)",1990,0.0178,27.1935,-91.409,"Mk37_2",-24.5684091020468,23,"d13C_foram was estimated graphically using WebPlotDigitizer. pCO2 was estimated graphically using WebPlotDigitizer. pCO2 uncertainty was approximated graphically using WebPlotDigitizer. Sample information obtained by comparison with Jasper and Gagosian (1989).",257
"phytoplankton_jasper_1990.xlsx",14,15,"phytoplankton_Jasper_1990_11","96-619-5-2,90-95","phytoplankton_Zhang_2019_65",,"F","superceded by Zhang et al. (2019)",1990,0.0191,27.1935,-91.409,"Mk37_2",-21.4106048973324,23,"d13C_foram was estimated graphically using WebPlotDigitizer. pCO2 was estimated graphically using WebPlotDigitizer. pCO2 uncertainty was approximated graphically using WebPlotDigitizer. Sample information obtained by comparison with Jasper and Gagosian (1989).",258
"phytoplankton_jasper_1990.xlsx",15,16,"phytoplankton_Jasper_1990_12","96-619-5CC,5-12",,,"F","slump",1990,0.0206,27.1935,-91.409,"Mk37_2",-25.93761536828,23,"d13C_foram was estimated graphically using WebPlotDigitizer. pCO2 was estimated graphically using WebPlotDigitizer. pCO2 uncertainty was approximated graphically using WebPlotDigitizer. Sample information obtained by comparison with Jasper and Gagosian (1989).",259
"phytoplankton_jasper_1990.xlsx",16,17,"phytoplankton_Jasper_1990_13","96-619-7-2,113-118","phytoplankton_Zhang_2019_66",,"F","superceded by Zhang et al. (2019)",1990,0.0267,27.1935,-91.409,"Mk37_2",-23.4640083636898,23,"d13C_foram was estimated graphically using WebPlotDigitizer. pCO2 was estimated graphically using WebPlotDigitizer. pCO2 uncertainty was approximated graphically using WebPlotDigitizer. Sample information obtained by comparison with Jasper and Gagosian (1989).",260
"phytoplankton_jasper_1990.xlsx",17,18,"phytoplankton_Jasper_1990_14","96-619-8CC,2-8","phytoplankton_Zhang_2019_67",,"F","superceded by Zhang et al. (2019)",1990,0.0339,27.1935,-91.409,"Mk37_2",-23.9576571867291,23,"d13C_foram was estimated graphically using WebPlotDigitizer. pCO2 was estimated graphically using WebPlotDigitizer. pCO2 uncertainty was approximated graphically using WebPlotDigitizer. Sample information obtained by comparison with Jasper and Gagosian (1989).",261
"phytoplankton_jasper_1990.xlsx",18,19,"phytoplankton_Jasper_1990_15","96-619-11-2,5-10","phytoplankton_Zhang_2019_68",,"F","superceded by Zhang et al. (2019)",1990,0.0462,27.1935,-91.409,"Mk37_2",-23.4615498962706,23,"d13C_foram was estimated graphically using WebPlotDigitizer. pCO2 was estimated graphically using WebPlotDigitizer. pCO2 uncertainty was approximated graphically using WebPlotDigitizer. Sample information obtained by comparison with Jasper and Gagosian (1989).",262
"phytoplankton_jasper_1990.xlsx",19,20,"phytoplankton_Jasper_1990_16","96-619-13-2,5-10","phytoplankton_Zhang_2019_69",,"F","superceded by Zhang et al. (2019)",1990,0.0573,27.1935,-91.409,"Mk37_2",-24.3604913667771,23,"d13C_foram was estimated graphically using WebPlotDigitizer. pCO2 was estimated graphically using WebPlotDigitizer. pCO2 uncertainty was approximated graphically using WebPlotDigitizer. Sample information obtained by comparison with Jasper and Gagosian (1989).",263
"phytoplankton_jasper_1990.xlsx",20,21,"phytoplankton_Jasper_1990_17","96-619-13-4,123-128","phytoplankton_Zhang_2019_70",,"F","superceded by Zhang et al. (2019)",1990,0.0601,27.1935,-91.409,"Mk37_2",-22.8637649672476,23,"d13C_foram was estimated graphically using WebPlotDigitizer. pCO2 was estimated graphically using WebPlotDigitizer. pCO2 uncertainty was approximated graphically using WebPlotDigitizer. Sample information obtained by comparison with Jasper and Gagosian (1989).",264
"phytoplankton_jasper_1990.xlsx",21,22,"phytoplankton_Jasper_1990_18","96-619-14-2,5-10","phytoplankton_Zhang_2019_71",,"F","superceded by Zhang et al. (2019)",1990,0.0618,27.1935,-91.409,"Mk37_2",-24.8925380204844,23,"d13C_foram was estimated graphically using WebPlotDigitizer. pCO2 was estimated graphically using WebPlotDigitizer. pCO2 uncertainty was approximated graphically using WebPlotDigitizer. Sample information obtained by comparison with Jasper and Gagosian (1989).",265
"phytoplankton_jasper_1990.xlsx",22,23,"phytoplankton_Jasper_1990_19","96-619-15-2,5-10","phytoplankton_Zhang_2019_72",,"F","superceded by Zhang et al. (2019)",1990,0.0659,27.1935,-91.409,"Mk37_2",-24.7652122776352,23,"d13C_foram was estimated graphically using WebPlotDigitizer. pCO2 was estimated graphically using WebPlotDigitizer. pCO2 uncertainty was approximated graphically using WebPlotDigitizer. Sample information obtained by comparison with Jasper and Gagosian (1989).",266
"phytoplankton_jasper_1990.xlsx",23,24,"phytoplankton_Jasper_1990_20","96-619-16-2,5-10","phytoplankton_Zhang_2019_73",,"F","superceded by Zhang et al. (2019)",1990,0.072,27.1935,-91.409,"Mk37_2",-23.3060947122531,23,"d13C_foram was estimated graphically using WebPlotDigitizer. pCO2 was estimated graphically using WebPlotDigitizer. pCO2 uncertainty was approximated graphically using WebPlotDigitizer. Sample information obtained by comparison with Jasper and Gagosian (1989).",267
"phytoplankton_jasper_1990.xlsx",24,25,"phytoplankton_Jasper_1990_21","96-619-17-2,8-13","phytoplankton_Zhang_2019_74",,"F","superceded by Zhang et al. (2019)",1990,0.0802,27.1935,-91.409,"Mk37_2",-24.8394579936945,23,"d13C_foram was estimated graphically using WebPlotDigitizer. pCO2 was estimated graphically using WebPlotDigitizer. pCO2 uncertainty was approximated graphically using WebPlotDigitizer. Sample information obtained by comparison with Jasper and Gagosian (1989).",268
"phytoplankton_jasper_1990.xlsx",25,26,"phytoplankton_Jasper_1990_22","96-619-17-2,116-121","phytoplankton_Zhang_2019_75",,"F","superceded by Zhang et al. (2019)",1990,0.0815,27.1935,-91.409,"Mk37_2",-24.1418364179884,23,"d13C_foram was estimated graphically using WebPlotDigitizer. pCO2 was estimated graphically using WebPlotDigitizer. pCO2 uncertainty was approximated graphically using WebPlotDigitizer. Sample information obtained by comparison with Jasper and Gagosian (1989).",269
"phytoplankton_jasper_1990.xlsx",26,27,"phytoplankton_Jasper_1990_23","96-619-17-3,76-81","phytoplankton_Zhang_2019_76",,"F","superceded by Zhang et al. (2019)",1990,0.0829,27.1935,-91.409,"Mk37_2",-24.0655667543329,23,"d13C_foram was estimated graphically using WebPlotDigitizer. pCO2 was estimated graphically using WebPlotDigitizer. pCO2 uncertainty was approximated graphically using WebPlotDigitizer. Sample information obtained by comparison with Jasper and Gagosian (1989).",270
"phytoplankton_jasper_1990.xlsx",27,28,"phytoplankton_Jasper_1990_24","96-619-17-4,12-17","phytoplankton_Zhang_2019_77",,"F","superceded by Zhang et al. (2019)",1990,0.0918,27.1935,-91.409,"Mk37_2",-23.4303673816096,23,"d13C_foram was estimated graphically using WebPlotDigitizer. pCO2 was estimated graphically using WebPlotDigitizer. pCO2 uncertainty was approximated graphically using WebPlotDigitizer. Sample information obtained by comparison with Jasper and Gagosian (1989).",271
"phytoplankton_jasper_1990.xlsx",28,29,"phytoplankton_Jasper_1990_25","96-619-18-1,45-50","phytoplankton_Zhang_2019_78",,"F","superceded by Zhang et al. (2019)",1990,0.09311,27.1935,-91.409,"Mk37_2",-24.3686328960909,23,"d13C_foram was estimated graphically using WebPlotDigitizer. pCO2 was estimated graphically using WebPlotDigitizer. pCO2 uncertainty was approximated graphically using WebPlotDigitizer. Sample information obtained by comparison with Jasper and Gagosian (1989).",272
"phytoplankton_jasper_1990.xlsx",29,30,"phytoplankton_Jasper_1990_26","96-619-18CC,0-5",,,"F","slump",1990,0.0932,27.1935,-91.409,"Mk37_2",-24.1910629400329,23,"d13C_foram was estimated graphically using WebPlotDigitizer. pCO2 was estimated graphically using WebPlotDigitizer. pCO2 uncertainty was approximated graphically using WebPlotDigitizer. Sample information obtained by comparison with Jasper and Gagosian (1989).",273
"phytoplankton_jasper_1990.xlsx",30,31,"phytoplankton_Jasper_1990_27","96-619-19-1,47-53","phytoplankton_Zhang_2019_79",,"F","superceded by Zhang et al. (2019)",1990,0.0939,27.1935,-91.409,"Mk37_2",-25.7888151983925,23,"d13C_foram was estimated graphically using WebPlotDigitizer. pCO2 was estimated graphically using WebPlotDigitizer. pCO2 uncertainty was approximated graphically using WebPlotDigitizer. Sample information obtained by comparison with Jasper and Gagosian (1989).",274
"phytoplankton_jasper_1990.xlsx",31,32,"phytoplankton_Jasper_1990_28","96-619-22-1,50-55","phytoplankton_Zhang_2019_80",,"F","superceded by Zhang et al. (2019)",1990,0.096,27.1935,-91.409,"Mk37_2",-25.7631899635722,23,"d13C_foram was estimated graphically using WebPlotDigitizer. pCO2 was estimated graphically using WebPlotDigitizer. pCO2 uncertainty was approximated graphically using WebPlotDigitizer. Sample information obtained by comparison with Jasper and Gagosian (1989).",275
"phytoplankton_jasper_1994.xlsx",4,5,"phytoplankton_jasper_1994_1",,,,"F","Upwelling location",1994,8e-04,0.953,-138.955,"Mk37_2",-26.1,27,"Foraminfera vital effect is discussed but not reported. pCO2 error bars are included graphically, but data is not reported. The site is in the Equatorial Pacific upwelling region, so it is not used as an atmospheric CO2 record.",276
"phytoplankton_jasper_1994.xlsx",5,6,"phytoplankton_jasper_1994_2",,,,"F","Upwelling location",1994,0.0042,0.953,-138.955,"Mk37_2",-25.4,27.1,"Foraminfera vital effect is discussed but not reported. pCO2 error bars are included graphically, but data is not reported. The site is in the Equatorial Pacific upwelling region, so it is not used as an atmospheric CO2 record.",277
"phytoplankton_jasper_1994.xlsx",6,7,"phytoplankton_jasper_1994_3",,,,"F","Upwelling location",1994,0.0069,0.953,-138.955,"Mk37_2",-24.3,26.5,"Foraminfera vital effect is discussed but not reported. pCO2 error bars are included graphically, but data is not reported. The site is in the Equatorial Pacific upwelling region, so it is not used as an atmospheric CO2 record.",278
"phytoplankton_jasper_1994.xlsx",7,8,"phytoplankton_jasper_1994_4",,,,"F","Upwelling location",1994,0.0107,0.953,-138.955,"Mk37_2",-24.3,26.6,"Foraminfera vital effect is discussed but not reported. pCO2 error bars are included graphically, but data is not reported. The site is in the Equatorial Pacific upwelling region, so it is not used as an atmospheric CO2 record.",279
"phytoplankton_jasper_1994.xlsx",8,9,"phytoplankton_jasper_1994_5",,,,"F","Upwelling location",1994,0.0121,0.953,-138.955,"Mk37_2",-24.6,26.7,"Foraminfera vital effect is discussed but not reported. pCO2 error bars are included graphically, but data is not reported. The site is in the Equatorial Pacific upwelling region, so it is not used as an atmospheric CO2 record.",280
"phytoplankton_jasper_1994.xlsx",9,10,"phytoplankton_jasper_1994_6",,,,"F","Upwelling location",1994,0.0135,0.953,-138.955,"Mk37_2",-24.5,26.7,"Foraminfera vital effect is discussed but not reported. pCO2 error bars are included graphically, but data is not reported. The site is in the Equatorial Pacific upwelling region, so it is not used as an atmospheric CO2 record.",281
"phytoplankton_jasper_1994.xlsx",10,11,"phytoplankton_jasper_1994_7",,,,"F","Upwelling location",1994,0.0163,0.953,-138.955,"Mk37_2",-25.3,26.4,"Foraminfera vital effect is discussed but not reported. pCO2 error bars are included graphically, but data is not reported. The site is in the Equatorial Pacific upwelling region, so it is not used as an atmospheric CO2 record.",282
"phytoplankton_jasper_1994.xlsx",11,12,"phytoplankton_jasper_1994_8",,,,"F","Upwelling location",1994,0.0177,0.953,-138.955,"Mk37_2",-24.6,26,"Foraminfera vital effect is discussed but not reported. pCO2 error bars are included graphically, but data is not reported. The site is in the Equatorial Pacific upwelling region, so it is not used as an atmospheric CO2 record.",283
"phytoplankton_jasper_1994.xlsx",12,13,"phytoplankton_jasper_1994_9",,,,"F","Upwelling location",1994,0.0191,0.953,-138.955,"Mk37_2",-24.6,25.8,"Foraminfera vital effect is discussed but not reported. pCO2 error bars are included graphically, but data is not reported. The site is in the Equatorial Pacific upwelling region, so it is not used as an atmospheric CO2 record.",284
"phytoplankton_jasper_1994.xlsx",13,14,"phytoplankton_jasper_1994_10",,,,"F","Upwelling location",1994,0.0224,0.953,-138.955,"Mk37_2",-25.6,25.6,"Foraminfera vital effect is discussed but not reported. pCO2 error bars are included graphically, but data is not reported. The site is in the Equatorial Pacific upwelling region, so it is not used as an atmospheric CO2 record.",285
"phytoplankton_jasper_1994.xlsx",14,15,"phytoplankton_jasper_1994_11",,,,"F","Upwelling location",1994,0.0255,0.953,-138.955,"Mk37_2",-25.4,25.3,"Foraminfera vital effect is discussed but not reported. pCO2 error bars are included graphically, but data is not reported. The site is in the Equatorial Pacific upwelling region, so it is not used as an atmospheric CO2 record.",286
"phytoplankton_jasper_1994.xlsx",15,16,"phytoplankton_jasper_1994_12",,,,"F","Upwelling location",1994,0.0284,0.953,-138.955,"Mk37_2",-24.8,25.3,"Foraminfera vital effect is discussed but not reported. pCO2 error bars are included graphically, but data is not reported. The site is in the Equatorial Pacific upwelling region, so it is not used as an atmospheric CO2 record.",287
"phytoplankton_jasper_1994.xlsx",16,17,"phytoplankton_jasper_1994_13",,,,"F","Upwelling location",1994,0.0313,0.953,-138.955,"Mk37_2",-24.5,25,"Foraminfera vital effect is discussed but not reported. pCO2 error bars are included graphically, but data is not reported. The site is in the Equatorial Pacific upwelling region, so it is not used as an atmospheric CO2 record.",288
"phytoplankton_jasper_1994.xlsx",17,18,"phytoplankton_jasper_1994_14",,,,"F","Upwelling location",1994,0.0336,0.953,-138.955,"Mk37_2",-25.1,25.3,"Foraminfera vital effect is discussed but not reported. pCO2 error bars are included graphically, but data is not reported. The site is in the Equatorial Pacific upwelling region, so it is not used as an atmospheric CO2 record.",289
"phytoplankton_jasper_1994.xlsx",18,19,"phytoplankton_jasper_1994_15",,,,"F","Upwelling location",1994,0.0372,0.953,-138.955,"Mk37_2",-25.5,24.7,"Foraminfera vital effect is discussed but not reported. pCO2 error bars are included graphically, but data is not reported. The site is in the Equatorial Pacific upwelling region, so it is not used as an atmospheric CO2 record.",290
"phytoplankton_jasper_1994.xlsx",19,20,"phytoplankton_jasper_1994_16",,,,"F","Upwelling location",1994,0.0489,0.953,-138.955,"Mk37_2",-24.3,25.7,"Foraminfera vital effect is discussed but not reported. pCO2 error bars are included graphically, but data is not reported. The site is in the Equatorial Pacific upwelling region, so it is not used as an atmospheric CO2 record.",291
"phytoplankton_jasper_1994.xlsx",20,21,"phytoplankton_jasper_1994_17",,,,"F","Upwelling location",1994,0.0547,0.953,-138.955,"Mk37_2",-24.4,25.9,"Foraminfera vital effect is discussed but not reported. pCO2 error bars are included graphically, but data is not reported. The site is in the Equatorial Pacific upwelling region, so it is not used as an atmospheric CO2 record.",292
"phytoplankton_jasper_1994.xlsx",21,22,"phytoplankton_jasper_1994_18",,,,"F","Upwelling location",1994,0.0553,0.953,-138.955,"Mk37_2",-24.6,25.8,"Foraminfera vital effect is discussed but not reported. pCO2 error bars are included graphically, but data is not reported. The site is in the Equatorial Pacific upwelling region, so it is not used as an atmospheric CO2 record.",293
"phytoplankton_jasper_1994.xlsx",22,23,"phytoplankton_jasper_1994_19",,,,"F","Upwelling location",1994,0.0576,0.953,-138.955,"Mk37_2",-25.6,25.6,"Foraminfera vital effect is discussed but not reported. pCO2 error bars are included graphically, but data is not reported. The site is in the Equatorial Pacific upwelling region, so it is not used as an atmospheric CO2 record.",294
"phytoplankton_jasper_1994.xlsx",23,24,"phytoplankton_jasper_1994_20",,,,"F","Upwelling location",1994,0.0611,0.953,-138.955,"Mk37_2",-25.4,26,"Foraminfera vital effect is discussed but not reported. pCO2 error bars are included graphically, but data is not reported. The site is in the Equatorial Pacific upwelling region, so it is not used as an atmospheric CO2 record.",295
"phytoplankton_jasper_1994.xlsx",24,25,"phytoplankton_jasper_1994_21",,,,"F","Upwelling location",1994,0.0635,0.953,-138.955,"Mk37_2",-25.1,26.2,"Foraminfera vital effect is discussed but not reported. pCO2 error bars are included graphically, but data is not reported. The site is in the Equatorial Pacific upwelling region, so it is not used as an atmospheric CO2 record.",296
"phytoplankton_jasper_1994.xlsx",25,26,"phytoplankton_jasper_1994_22",,,,"F","Upwelling location",1994,0.0641,0.953,-138.955,"Mk37_2",-24.4,26.1,"Foraminfera vital effect is discussed but not reported. pCO2 error bars are included graphically, but data is not reported. The site is in the Equatorial Pacific upwelling region, so it is not used as an atmospheric CO2 record.",297
"phytoplankton_jasper_1994.xlsx",26,27,"phytoplankton_jasper_1994_23",,,,"F","Upwelling location",1994,0.0665,0.953,-138.955,"Mk37_2",-24.9,25,"Foraminfera vital effect is discussed but not reported. pCO2 error bars are included graphically, but data is not reported. The site is in the Equatorial Pacific upwelling region, so it is not used as an atmospheric CO2 record.",298
"phytoplankton_jasper_1994.xlsx",27,28,"phytoplankton_jasper_1994_24",,,,"F","Upwelling location",1994,0.0684,0.953,-138.955,"Mk37_2",-24.3,25.7,"Foraminfera vital effect is discussed but not reported. pCO2 error bars are included graphically, but data is not reported. The site is in the Equatorial Pacific upwelling region, so it is not used as an atmospheric CO2 record.",299
"phytoplankton_jasper_1994.xlsx",28,29,"phytoplankton_jasper_1994_25",,,,"F","Upwelling location",1994,0.0703,0.953,-138.955,"Mk37_2",-23.9,25.9,"Foraminfera vital effect is discussed but not reported. pCO2 error bars are included graphically, but data is not reported. The site is in the Equatorial Pacific upwelling region, so it is not used as an atmospheric CO2 record.",300
"phytoplankton_jasper_1994.xlsx",29,30,"phytoplankton_jasper_1994_26",,,,"F","Upwelling location",1994,0.0729,0.953,-138.955,"Mk37_2",-25.7,25.2,"Foraminfera vital effect is discussed but not reported. pCO2 error bars are included graphically, but data is not reported. The site is in the Equatorial Pacific upwelling region, so it is not used as an atmospheric CO2 record.",301
"phytoplankton_jasper_1994.xlsx",30,31,"phytoplankton_jasper_1994_27",,,,"F","Upwelling location",1994,0.0746,0.953,-138.955,"Mk37_2",-25.3,25.6,"Foraminfera vital effect is discussed but not reported. pCO2 error bars are included graphically, but data is not reported. The site is in the Equatorial Pacific upwelling region, so it is not used as an atmospheric CO2 record.",302
"phytoplankton_jasper_1994.xlsx",31,32,"phytoplankton_jasper_1994_28",,,,"F","Upwelling location",1994,0.0758,0.953,-138.955,"Mk37_2",-24.9,26,"Foraminfera vital effect is discussed but not reported. pCO2 error bars are included graphically, but data is not reported. The site is in the Equatorial Pacific upwelling region, so it is not used as an atmospheric CO2 record.",303
"phytoplankton_jasper_1994.xlsx",32,33,"phytoplankton_jasper_1994_29",,,,"F","Upwelling location",1994,0.0789,0.953,-138.955,"Mk37_2",-25.2,25.6,"Foraminfera vital effect is discussed but not reported. pCO2 error bars are included graphically, but data is not reported. The site is in the Equatorial Pacific upwelling region, so it is not used as an atmospheric CO2 record.",304
"phytoplankton_jasper_1994.xlsx",33,34,"phytoplankton_jasper_1994_30",,,,"F","Upwelling location",1994,0.0812,0.953,-138.955,"Mk37_2",-26.6,25.7,"Foraminfera vital effect is discussed but not reported. pCO2 error bars are included graphically, but data is not reported. The site is in the Equatorial Pacific upwelling region, so it is not used as an atmospheric CO2 record.",305
"phytoplankton_jasper_1994.xlsx",34,35,"phytoplankton_jasper_1994_31",,,,"F","Upwelling location",1994,0.0858,0.953,-138.955,"Mk37_2",-26.4,26.2,"Foraminfera vital effect is discussed but not reported. pCO2 error bars are included graphically, but data is not reported. The site is in the Equatorial Pacific upwelling region, so it is not used as an atmospheric CO2 record.",306
"phytoplankton_jasper_1994.xlsx",35,36,"phytoplankton_jasper_1994_32",,,,"F","Upwelling location",1994,0.0919,0.953,-138.955,"Mk37_2",-25.7,25.9,"Foraminfera vital effect is discussed but not reported. pCO2 error bars are included graphically, but data is not reported. The site is in the Equatorial Pacific upwelling region, so it is not used as an atmospheric CO2 record.",307
"phytoplankton_jasper_1994.xlsx",36,37,"phytoplankton_jasper_1994_33",,,,"F","Upwelling location",1994,0.1081,0.953,-138.955,"Mk37_2",-25.1,26.5,"Foraminfera vital effect is discussed but not reported. pCO2 error bars are included graphically, but data is not reported. The site is in the Equatorial Pacific upwelling region, so it is not used as an atmospheric CO2 record.",308
"phytoplankton_jasper_1994.xlsx",37,38,"phytoplankton_jasper_1994_34",,,,"F","Upwelling location",1994,0.1229,0.953,-138.955,"Mk37_2",-25.1,27.2,"Foraminfera vital effect is discussed but not reported. pCO2 error bars are included graphically, but data is not reported. The site is in the Equatorial Pacific upwelling region, so it is not used as an atmospheric CO2 record.",309
"phytoplankton_jasper_1994.xlsx",38,39,"phytoplankton_jasper_1994_35",,,,"F","Upwelling location",1994,0.1297,0.953,-138.955,"Mk37_2",-25.9,26.8,"Foraminfera vital effect is discussed but not reported. pCO2 error bars are included graphically, but data is not reported. The site is in the Equatorial Pacific upwelling region, so it is not used as an atmospheric CO2 record.",310
"phytoplankton_jasper_1994.xlsx",39,40,"phytoplankton_jasper_1994_36",,,,"F","Upwelling location",1994,0.1398,0.953,-138.955,"Mk37_2",-25.2,26.5,"Foraminfera vital effect is discussed but not reported. pCO2 error bars are included graphically, but data is not reported. The site is in the Equatorial Pacific upwelling region, so it is not used as an atmospheric CO2 record.",311
"phytoplankton_jasper_1994.xlsx",40,41,"phytoplankton_jasper_1994_37",,,,"F","Upwelling location",1994,0.1437,0.953,-138.955,"Mk37_2",-24.8,25.3,"Foraminfera vital effect is discussed but not reported. pCO2 error bars are included graphically, but data is not reported. The site is in the Equatorial Pacific upwelling region, so it is not used as an atmospheric CO2 record.",312
"phytoplankton_jasper_1994.xlsx",41,42,"phytoplankton_jasper_1994_38",,,,"F","Upwelling location",1994,0.1443,0.953,-138.955,"Mk37_2",-25.1,26,"Foraminfera vital effect is discussed but not reported. pCO2 error bars are included graphically, but data is not reported. The site is in the Equatorial Pacific upwelling region, so it is not used as an atmospheric CO2 record.",313
"phytoplankton_jasper_1994.xlsx",42,43,"phytoplankton_jasper_1994_39",,,,"F","Upwelling location",1994,0.1462,0.953,-138.955,"Mk37_2",-23.5,25.6,"Foraminfera vital effect is discussed but not reported. pCO2 error bars are included graphically, but data is not reported. The site is in the Equatorial Pacific upwelling region, so it is not used as an atmospheric CO2 record.",314
"phytoplankton_jasper_1994.xlsx",43,44,"phytoplankton_jasper_1994_40",,,,"F","Upwelling location",1994,0.1501,0.953,-138.955,"Mk37_2",-24.1,25.9,"Foraminfera vital effect is discussed but not reported. pCO2 error bars are included graphically, but data is not reported. The site is in the Equatorial Pacific upwelling region, so it is not used as an atmospheric CO2 record.",315
"phytoplankton_jasper_1994.xlsx",44,45,"phytoplankton_jasper_1994_41",,,,"F","Upwelling location",1994,0.1523,0.953,-138.955,"Mk37_2",-24.2,25.8,"Foraminfera vital effect is discussed but not reported. pCO2 error bars are included graphically, but data is not reported. The site is in the Equatorial Pacific upwelling region, so it is not used as an atmospheric CO2 record.",316
"phytoplankton_jasper_1994.xlsx",45,46,"phytoplankton_jasper_1994_42",,,,"F","Upwelling location",1994,0.1558,0.953,-138.955,"Mk37_2",-24.4,25.6,"Foraminfera vital effect is discussed but not reported. pCO2 error bars are included graphically, but data is not reported. The site is in the Equatorial Pacific upwelling region, so it is not used as an atmospheric CO2 record.",317
"phytoplankton_jasper_1994.xlsx",46,47,"phytoplankton_jasper_1994_43",,,,"F","Upwelling location",1994,0.1601,0.953,-138.955,"Mk37_2",-24.3,25.8,"Foraminfera vital effect is discussed but not reported. pCO2 error bars are included graphically, but data is not reported. The site is in the Equatorial Pacific upwelling region, so it is not used as an atmospheric CO2 record.",318
"phytoplankton_jasper_1994.xlsx",47,48,"phytoplankton_jasper_1994_44",,,,"F","Upwelling location",1994,0.161,0.953,-138.955,"Mk37_2",-24.6,25.3,"Foraminfera vital effect is discussed but not reported. pCO2 error bars are included graphically, but data is not reported. The site is in the Equatorial Pacific upwelling region, so it is not used as an atmospheric CO2 record.",319
"phytoplankton_jasper_1994.xlsx",48,49,"phytoplankton_jasper_1994_45",,,,"F","Upwelling location",1994,0.1653,0.953,-138.955,"Mk37_2",-24.5,25.6,"Foraminfera vital effect is discussed but not reported. pCO2 error bars are included graphically, but data is not reported. The site is in the Equatorial Pacific upwelling region, so it is not used as an atmospheric CO2 record.",320
"phytoplankton_jasper_1994.xlsx",49,50,"phytoplankton_jasper_1994_46",,,,"F","Upwelling location",1994,0.1665,0.953,-138.955,"Mk37_2",-25.3,25.6,"Foraminfera vital effect is discussed but not reported. pCO2 error bars are included graphically, but data is not reported. The site is in the Equatorial Pacific upwelling region, so it is not used as an atmospheric CO2 record.",321
"phytoplankton_jasper_1994.xlsx",50,51,"phytoplankton_jasper_1994_47",,,,"F","Upwelling location",1994,0.1701,0.953,-138.955,"Mk37_2",-24.9,25.3,"Foraminfera vital effect is discussed but not reported. pCO2 error bars are included graphically, but data is not reported. The site is in the Equatorial Pacific upwelling region, so it is not used as an atmospheric CO2 record.",322
"phytoplankton_jasper_1994.xlsx",51,52,"phytoplankton_jasper_1994_48",,,,"F","Upwelling location",1994,0.1737,0.953,-138.955,"Mk37_2",-24.5,26.2,"Foraminfera vital effect is discussed but not reported. pCO2 error bars are included graphically, but data is not reported. The site is in the Equatorial Pacific upwelling region, so it is not used as an atmospheric CO2 record.",323
"phytoplankton_jasper_1994.xlsx",52,53,"phytoplankton_jasper_1994_49",,,,"F","Upwelling location",1994,0.176,0.953,-138.955,"Mk37_2",-25.9,26.3,"Foraminfera vital effect is discussed but not reported. pCO2 error bars are included graphically, but data is not reported. The site is in the Equatorial Pacific upwelling region, so it is not used as an atmospheric CO2 record.",324
"phytoplankton_jasper_1994.xlsx",53,54,"phytoplankton_jasper_1994_50",,,,"F","Upwelling location",1994,0.1767,0.953,-138.955,"Mk37_2",-25.2,25.6,"Foraminfera vital effect is discussed but not reported. pCO2 error bars are included graphically, but data is not reported. The site is in the Equatorial Pacific upwelling region, so it is not used as an atmospheric CO2 record.",325
"phytoplankton_jasper_1994.xlsx",54,55,"phytoplankton_jasper_1994_51",,,,"F","Upwelling location",1994,0.1797,0.953,-138.955,"Mk37_2",-24.9,25.6,"Foraminfera vital effect is discussed but not reported. pCO2 error bars are included graphically, but data is not reported. The site is in the Equatorial Pacific upwelling region, so it is not used as an atmospheric CO2 record.",326
"phytoplankton_jasper_1994.xlsx",55,56,"phytoplankton_jasper_1994_52",,,,"F","Upwelling location",1994,0.182,0.953,-138.955,"Mk37_2",-24.2,25.8,"Foraminfera vital effect is discussed but not reported. pCO2 error bars are included graphically, but data is not reported. The site is in the Equatorial Pacific upwelling region, so it is not used as an atmospheric CO2 record.",327
"phytoplankton_jasper_1994.xlsx",56,57,"phytoplankton_jasper_1994_53",,,,"F","Upwelling location",1994,0.1839,0.953,-138.955,"Mk37_2",-24.3,25.9,"Foraminfera vital effect is discussed but not reported. pCO2 error bars are included graphically, but data is not reported. The site is in the Equatorial Pacific upwelling region, so it is not used as an atmospheric CO2 record.",328
"phytoplankton_jasper_1994.xlsx",57,58,"phytoplankton_jasper_1994_54",,,,"F","Upwelling location",1994,0.1945,0.953,-138.955,"Mk37_2",-25.4,25.9,"Foraminfera vital effect is discussed but not reported. pCO2 error bars are included graphically, but data is not reported. The site is in the Equatorial Pacific upwelling region, so it is not used as an atmospheric CO2 record.",329
"phytoplankton_jasper_1994.xlsx",58,59,"phytoplankton_jasper_1994_55",,,,"F","Upwelling location",1994,0.1985,0.953,-138.955,"Mk37_2",-25.6,26.2,"Foraminfera vital effect is discussed but not reported. pCO2 error bars are included graphically, but data is not reported. The site is in the Equatorial Pacific upwelling region, so it is not used as an atmospheric CO2 record.",330
"phytoplankton_jasper_1994.xlsx",59,60,"phytoplankton_jasper_1994_56",,,,"F","Upwelling location",1994,0.2,0.953,-138.955,"Mk37_2",-24.1,25.9,"Foraminfera vital effect is discussed but not reported. pCO2 error bars are included graphically, but data is not reported. The site is in the Equatorial Pacific upwelling region, so it is not used as an atmospheric CO2 record.",331
"phytoplankton_jasper_1994.xlsx",60,61,"phytoplankton_jasper_1994_57",,,,"F","Upwelling location",1994,0.2035,0.953,-138.955,"Mk37_2",-25.2,25.3,"Foraminfera vital effect is discussed but not reported. pCO2 error bars are included graphically, but data is not reported. The site is in the Equatorial Pacific upwelling region, so it is not used as an atmospheric CO2 record.",332
"phytoplankton_jasper_1994.xlsx",61,62,"phytoplankton_jasper_1994_58",,,,"F","Upwelling location",1994,0.2085,0.953,-138.955,"Mk37_2",-25.8,26.6,"Foraminfera vital effect is discussed but not reported. pCO2 error bars are included graphically, but data is not reported. The site is in the Equatorial Pacific upwelling region, so it is not used as an atmospheric CO2 record.",333
"phytoplankton_jasper_1994.xlsx",62,63,"phytoplankton_jasper_1994_59",,,,"F","Upwelling location",1994,0.2135,0.953,-138.955,"Mk37_2",-25.8,26.2,"Foraminfera vital effect is discussed but not reported. pCO2 error bars are included graphically, but data is not reported. The site is in the Equatorial Pacific upwelling region, so it is not used as an atmospheric CO2 record.",334
"phytoplankton_jasper_1994.xlsx",63,64,"phytoplankton_jasper_1994_60",,,,"F","Upwelling location",1994,0.2196,0.953,-138.955,"Mk37_2",-26.5,26.6,"Foraminfera vital effect is discussed but not reported. pCO2 error bars are included graphically, but data is not reported. The site is in the Equatorial Pacific upwelling region, so it is not used as an atmospheric CO2 record.",335
"phytoplankton_jasper_1994.xlsx",64,65,"phytoplankton_jasper_1994_61",,,,"F","Upwelling location",1994,0.2236,0.953,-138.955,"Mk37_2",-25.8,26.8,"Foraminfera vital effect is discussed but not reported. pCO2 error bars are included graphically, but data is not reported. The site is in the Equatorial Pacific upwelling region, so it is not used as an atmospheric CO2 record.",336
"phytoplankton_jasper_1994.xlsx",65,66,"phytoplankton_jasper_1994_62",,,,"F","Upwelling location",1994,0.2276,0.953,-138.955,"Mk37_2",-25.7,26.7,"Foraminfera vital effect is discussed but not reported. pCO2 error bars are included graphically, but data is not reported. The site is in the Equatorial Pacific upwelling region, so it is not used as an atmospheric CO2 record.",337
"phytoplankton_jasper_1994.xlsx",66,67,"phytoplankton_jasper_1994_63",,,,"F","Upwelling location",1994,0.2313,0.953,-138.955,"Mk37_2",-26.2,26.2,"Foraminfera vital effect is discussed but not reported. pCO2 error bars are included graphically, but data is not reported. The site is in the Equatorial Pacific upwelling region, so it is not used as an atmospheric CO2 record.",338
"phytoplankton_jasper_1994.xlsx",67,68,"phytoplankton_jasper_1994_64",,,,"F","Upwelling location",1994,0.2343,0.953,-138.955,"Mk37_2",-26.5,26.5,"Foraminfera vital effect is discussed but not reported. pCO2 error bars are included graphically, but data is not reported. The site is in the Equatorial Pacific upwelling region, so it is not used as an atmospheric CO2 record.",339
"phytoplankton_jasper_1994.xlsx",68,69,"phytoplankton_jasper_1994_65",,,,"F","Upwelling location",1994,0.249,0.953,-138.955,"Mk37_2",-25.9,25.4,"Foraminfera vital effect is discussed but not reported. pCO2 error bars are included graphically, but data is not reported. The site is in the Equatorial Pacific upwelling region, so it is not used as an atmospheric CO2 record.",340
"phytoplankton_jasper_1994.xlsx",69,70,"phytoplankton_jasper_1994_66",,,,"F","Upwelling location",1994,0.2528,0.953,-138.955,"Mk37_2",-24.9,26.3,"Foraminfera vital effect is discussed but not reported. pCO2 error bars are included graphically, but data is not reported. The site is in the Equatorial Pacific upwelling region, so it is not used as an atmospheric CO2 record.",341
"phytoplankton_mejia_2017.xlsx",4,5,"phytoplankton_Mejia_2017_1","138-846B-4H-1,103-105",,,"F","This site is in the Eastern Equatorial Pacific upwelling region.",2017,0.82,-3.09493,-90.81796,"pennate_diatom_frustule_bound_OM",-20.49,22.62,"Several pCO2 estimates are provided, and absolute values are dependent on the choice of b or assumptions about HCO3 uptake. Because this site is in an upwelling region (EEP), we do not select a pCO2 history, and instead report only the geochemical data.",342
"phytoplankton_mejia_2017.xlsx",5,6,"phytoplankton_Mejia_2017_2","138-846B-15H-4,103-105",,,"F","This site is in the Eastern Equatorial Pacific upwelling region.",2017,3.99,-3.09493,-90.81796,"pennate_diatom_frustule_bound_OM",-20.02,26.02,"Several pCO2 estimates are provided, and absolute values are dependent on the choice of b or assumptions about HCO3 uptake. Because this site is in an upwelling region (EEP), we do not select a pCO2 history, and instead report only the geochemical data.",343
"phytoplankton_mejia_2017.xlsx",6,7,"phytoplankton_Mejia_2017_3","138-846B-22H-5,103-105",,,"F","This site is in the Eastern Equatorial Pacific upwelling region.",2017,5.81,-3.09493,-90.81796,"pennate_diatom_frustule_bound_OM",-21.58,26.57,"Several pCO2 estimates are provided, and absolute values are dependent on the choice of b or assumptions about HCO3 uptake. Because this site is in an upwelling region (EEP), we do not select a pCO2 history, and instead report only the geochemical data.",344
"phytoplankton_mejia_2017.xlsx",7,8,"phytoplankton_Mejia_2017_4","138-846B-29X-1,103-105",,,"F","This site is in the Eastern Equatorial Pacific upwelling region.",2017,7.66,-3.09493,-90.81796,"pennate_diatom_frustule_bound_OM",-22.57,28.33,"Several pCO2 estimates are provided, and absolute values are dependent on the choice of b or assumptions about HCO3 uptake. Because this site is in an upwelling region (EEP), we do not select a pCO2 history, and instead report only the geochemical data.",345
"phytoplankton_mejia_2017.xlsx",8,9,"phytoplankton_Mejia_2017_5","138-846B-31X-1,79-81",,,"F","This site is in the Eastern Equatorial Pacific upwelling region.",2017,8.86,-3.09493,-90.81796,"pennate_diatom_frustule_bound_OM",-24.49,28.69,"Several pCO2 estimates are provided, and absolute values are dependent on the choice of b or assumptions about HCO3 uptake. Because this site is in an upwelling region (EEP), we do not select a pCO2 history, and instead report only the geochemical data.",346
"phytoplankton_mejia_2017.xlsx",9,10,"phytoplankton_Mejia_2017_6","138-846B-34X-2,125-127",,,"F","This site is in the Eastern Equatorial Pacific upwelling region.",2017,10.85,-3.09493,-90.81796,"pennate_diatom_frustule_bound_OM",-23.92,28.73,"Several pCO2 estimates are provided, and absolute values are dependent on the choice of b or assumptions about HCO3 uptake. Because this site is in an upwelling region (EEP), we do not select a pCO2 history, and instead report only the geochemical data.",347
"phytoplankton_mejia_2017.xlsx",10,11,"phytoplankton_Mejia_2017_7","138-846B-38X-1,98-100",,,"F","This site is in the Eastern Equatorial Pacific upwelling region.",2017,12.89,-3.09493,-90.81796,"pennate_diatom_frustule_bound_OM",-19.91,28.74,"Several pCO2 estimates are provided, and absolute values are dependent on the choice of b or assumptions about HCO3 uptake. Because this site is in an upwelling region (EEP), we do not select a pCO2 history, and instead report only the geochemical data.",348
"phytoplankton_pagani_1999a.xlsx",4,5,"phytoplankton_Pagani_1999a_1",,,,"T",,1999,9.0896487804878,-26.1116666666667,161.226666666667,"Mk37_2",-22.225,,"pCO2, epsilon_p, and SST are reported graphically, but it is not feasible to extract the data because there are so many overlapping data points.",349
"phytoplankton_pagani_1999a.xlsx",5,6,"phytoplankton_Pagani_1999a_2",,,,"T",,1999,9.39191956521739,-26.1116666666667,161.226666666667,"Mk37_2",-17.665,,"pCO2, epsilon_p, and SST are reported graphically, but it is not feasible to extract the data because there are so many overlapping data points.",350
"phytoplankton_pagani_1999a.xlsx",6,7,"phytoplankton_Pagani_1999a_3",,,,"T",,1999,9.48289416666667,-26.1116666666667,161.226666666667,"NA",,,"pCO2, epsilon_p, and SST are reported graphically, but it is not feasible to extract the data because there are so many overlapping data points.",351
"phytoplankton_pagani_1999a.xlsx",7,8,"phytoplankton_Pagani_1999a_4",,,,"T",,1999,9.65701666666667,-26.1116666666667,161.226666666667,"Mk37_2",-23.34,,"pCO2, epsilon_p, and SST are reported graphically, but it is not feasible to extract the data because there are so many overlapping data points.",352
"phytoplankton_pagani_1999a.xlsx",8,9,"phytoplankton_Pagani_1999a_5",,,,"T",,1999,9.68432142857143,-26.1116666666667,161.226666666667,"Mk37_2",-22.22,,"pCO2, epsilon_p, and SST are reported graphically, but it is not feasible to extract the data because there are so many overlapping data points.",353
"phytoplankton_pagani_1999a.xlsx",9,10,"phytoplankton_Pagani_1999a_6",,,,"T",,1999,9.70494523809524,-26.1116666666667,161.226666666667,"Mk37_2",-22.135,,"pCO2, epsilon_p, and SST are reported graphically, but it is not feasible to extract the data because there are so many overlapping data points.",354
"phytoplankton_pagani_1999a.xlsx",10,11,"phytoplankton_Pagani_1999a_7",,,,"T",,1999,9.74324666666667,-26.1116666666667,161.226666666667,"NA",,,"pCO2, epsilon_p, and SST are reported graphically, but it is not feasible to extract the data because there are so many overlapping data points.",355
"phytoplankton_pagani_1999a.xlsx",11,12,"phytoplankton_Pagani_1999a_8",,,,"T",,1999,9.84342377622378,-26.1116666666667,161.226666666667,"Mk37_2",-23.36,,"pCO2, epsilon_p, and SST are reported graphically, but it is not feasible to extract the data because there are so many overlapping data points.",356
"phytoplankton_pagani_1999a.xlsx",12,13,"phytoplankton_Pagani_1999a_9",,,,"T",,1999,9.93167552447552,-26.1116666666667,161.226666666667,"Mk37_2",-22.205,,"pCO2, epsilon_p, and SST are reported graphically, but it is not feasible to extract the data because there are so many overlapping data points.",357
"phytoplankton_pagani_1999a.xlsx",13,14,"phytoplankton_Pagani_1999a_10",,,,"T",,1999,10.0240456876457,-26.1116666666667,161.226666666667,"Mk37_2",-22.87,,"pCO2, epsilon_p, and SST are reported graphically, but it is not feasible to extract the data because there are so many overlapping data points.",358
"phytoplankton_pagani_1999a.xlsx",14,15,"phytoplankton_Pagani_1999a_11",,,,"T",,1999,10.108179020979,-26.1116666666667,161.226666666667,"Mk37_2",-23.4466666666667,,"pCO2, epsilon_p, and SST are reported graphically, but it is not feasible to extract the data because there are so many overlapping data points.",359
"phytoplankton_pagani_1999a.xlsx",15,16,"phytoplankton_Pagani_1999a_12",,,,"T",,1999,10.193489044289,-26.1116666666667,161.226666666667,"NA",,,"pCO2, epsilon_p, and SST are reported graphically, but it is not feasible to extract the data because there are so many overlapping data points.",360
"phytoplankton_pagani_1999a.xlsx",16,17,"phytoplankton_Pagani_1999a_13",,,,"T",,1999,10.2340848484848,-26.1116666666667,161.226666666667,"Mk37_2",-22.42,,"pCO2, epsilon_p, and SST are reported graphically, but it is not feasible to extract the data because there are so many overlapping data points.",361
"phytoplankton_pagani_1999a.xlsx",17,18,"phytoplankton_Pagani_1999a_14",,,,"T",,1999,10.3223365967366,-26.1116666666667,161.226666666667,"Mk37_2",-23.255,,"pCO2, epsilon_p, and SST are reported graphically, but it is not feasible to extract the data because there are so many overlapping data points.",362
"phytoplankton_pagani_1999a.xlsx",18,19,"phytoplankton_Pagani_1999a_15",,,,"T",,1999,10.4094116550117,-26.1116666666667,161.226666666667,"Mk37_2",-21.0633333333333,,"pCO2, epsilon_p, and SST are reported graphically, but it is not feasible to extract the data because there are so many overlapping data points.",363
"phytoplankton_pagani_1999a.xlsx",19,20,"phytoplankton_Pagani_1999a_16",,,,"T",,1999,10.4994284382284,-26.1116666666667,161.226666666667,"Mk37_2",-22.98,,"pCO2, epsilon_p, and SST are reported graphically, but it is not feasible to extract the data because there are so many overlapping data points.",364
"phytoplankton_pagani_1999a.xlsx",20,21,"phytoplankton_Pagani_1999a_17",,,,"T",,1999,10.7618303030303,-26.1116666666667,161.226666666667,"Mk37_2",-21.5,,"pCO2, epsilon_p, and SST are reported graphically, but it is not feasible to extract the data because there are so many overlapping data points.",365
"phytoplankton_pagani_1999a.xlsx",21,22,"phytoplankton_Pagani_1999a_18",,,,"T",,1999,10.8880303030303,-26.1116666666667,161.226666666667,"Mk37_2",-22.17,,"pCO2, epsilon_p, and SST are reported graphically, but it is not feasible to extract the data because there are so many overlapping data points.",366
"phytoplankton_pagani_1999a.xlsx",22,23,"phytoplankton_Pagani_1999a_19",,,,"T",,1999,11.058553125,-26.1116666666667,161.226666666667,"Mk37_2",-25.21,,"pCO2, epsilon_p, and SST are reported graphically, but it is not feasible to extract the data because there are so many overlapping data points.",367
"phytoplankton_pagani_1999a.xlsx",23,24,"phytoplankton_Pagani_1999a_20",,,,"T",,1999,11.204971875,-26.1116666666667,161.226666666667,"Mk37_2",-21.56,,"pCO2, epsilon_p, and SST are reported graphically, but it is not feasible to extract the data because there are so many overlapping data points.",368
"phytoplankton_pagani_1999a.xlsx",24,25,"phytoplankton_Pagani_1999a_21",,,,"T",,1999,11.333409375,-26.1116666666667,161.226666666667,"Mk37_2",-22.395,,"pCO2, epsilon_p, and SST are reported graphically, but it is not feasible to extract the data because there are so many overlapping data points.",369
"phytoplankton_pagani_1999a.xlsx",25,26,"phytoplankton_Pagani_1999a_22",,,,"T",,1999,11.462703125,-26.1116666666667,161.226666666667,"Mk37_2",-21.72,,"pCO2, epsilon_p, and SST are reported graphically, but it is not feasible to extract the data because there are so many overlapping data points.",370
"phytoplankton_pagani_1999a.xlsx",26,27,"phytoplankton_Pagani_1999a_23",,,,"T",,1999,11.522640625,-26.1116666666667,161.226666666667,"Mk37_2",-19.19,,"pCO2, epsilon_p, and SST are reported graphically, but it is not feasible to extract the data because there are so many overlapping data points.",371
"phytoplankton_pagani_1999a.xlsx",27,28,"phytoplankton_Pagani_1999a_24",,,,"T",,1999,11.651078125,-26.1116666666667,161.226666666667,"Mk37_2",-21.715,,"pCO2, epsilon_p, and SST are reported graphically, but it is not feasible to extract the data because there are so many overlapping data points.",372
"phytoplankton_pagani_1999a.xlsx",28,29,"phytoplankton_Pagani_1999a_25",,,,"T",,1999,11.985208,-26.1116666666667,161.226666666667,"Mk37_2",-22.55,,"pCO2, epsilon_p, and SST are reported graphically, but it is not feasible to extract the data because there are so many overlapping data points.",373
"phytoplankton_pagani_1999a.xlsx",29,30,"phytoplankton_Pagani_1999a_26",,,,"T",,1999,12.0650933333333,-26.1116666666667,161.226666666667,"NA",,,"pCO2, epsilon_p, and SST are reported graphically, but it is not feasible to extract the data because there are so many overlapping data points.",374
"phytoplankton_pagani_1999a.xlsx",30,31,"phytoplankton_Pagani_1999a_27",,,,"T",,1999,12.12922,-26.1116666666667,161.226666666667,"Mk37_2",-21.605,,"pCO2, epsilon_p, and SST are reported graphically, but it is not feasible to extract the data because there are so many overlapping data points.",375
"phytoplankton_pagani_1999a.xlsx",31,32,"phytoplankton_Pagani_1999a_28",,,,"T",,1999,12.20358,-26.1116666666667,161.226666666667,"Mk37_2",-20.45,,"pCO2, epsilon_p, and SST are reported graphically, but it is not feasible to extract the data because there are so many overlapping data points.",376
"phytoplankton_pagani_1999a.xlsx",32,33,"phytoplankton_Pagani_1999a_29",,,,"T",,1999,12.2405,-26.1116666666667,161.226666666667,"Mk37_2",-21.1,,"pCO2, epsilon_p, and SST are reported graphically, but it is not feasible to extract the data because there are so many overlapping data points.",377
"phytoplankton_pagani_1999a.xlsx",33,34,"phytoplankton_Pagani_1999a_30",,,,"T",,1999,12.3185,-26.1116666666667,161.226666666667,"NA",,,"pCO2, epsilon_p, and SST are reported graphically, but it is not feasible to extract the data because there are so many overlapping data points.",378
"phytoplankton_pagani_1999a.xlsx",34,35,"phytoplankton_Pagani_1999a_31",,,,"T",,1999,12.3393,-26.1116666666667,161.226666666667,"Mk37_2",-21.415,,"pCO2, epsilon_p, and SST are reported graphically, but it is not feasible to extract the data because there are so many overlapping data points.",379
"phytoplankton_pagani_1999a.xlsx",35,36,"phytoplankton_Pagani_1999a_32",,,,"T",,1999,12.39806,-26.1116666666667,161.226666666667,"NA",,,"pCO2, epsilon_p, and SST are reported graphically, but it is not feasible to extract the data because there are so many overlapping data points.",380
"phytoplankton_pagani_1999a.xlsx",36,37,"phytoplankton_Pagani_1999a_33",,,,"T",,1999,12.4704864864865,-26.1116666666667,161.226666666667,"NA",,,"pCO2, epsilon_p, and SST are reported graphically, but it is not feasible to extract the data because there are so many overlapping data points.",381
"phytoplankton_pagani_1999a.xlsx",37,38,"phytoplankton_Pagani_1999a_34",,,,"T",,1999,12.5214054054054,-26.1116666666667,161.226666666667,"Mk37_2",-22.9,,"pCO2, epsilon_p, and SST are reported graphically, but it is not feasible to extract the data because there are so many overlapping data points.",382
"phytoplankton_pagani_1999a.xlsx",38,39,"phytoplankton_Pagani_1999a_35",,,,"T",,1999,12.7153513513513,-26.1116666666667,161.226666666667,"Mk37_2",-21.46,,"pCO2, epsilon_p, and SST are reported graphically, but it is not feasible to extract the data because there are so many overlapping data points.",383
"phytoplankton_pagani_1999a.xlsx",39,40,"phytoplankton_Pagani_1999a_36",,,,"T",,1999,12.7484324324324,-26.1116666666667,161.226666666667,"Mk37_2",-21.28,,"pCO2, epsilon_p, and SST are reported graphically, but it is not feasible to extract the data because there are so many overlapping data points.",384
"phytoplankton_pagani_1999a.xlsx",40,41,"phytoplankton_Pagani_1999a_37",,,,"T",,1999,12.8450810810811,-26.1116666666667,161.226666666667,"Mk37_2",-21.755,,"pCO2, epsilon_p, and SST are reported graphically, but it is not feasible to extract the data because there are so many overlapping data points.",385
"phytoplankton_pagani_1999a.xlsx",41,42,"phytoplankton_Pagani_1999a_38",,,,"T",,1999,12.8898378378378,-26.1116666666667,161.226666666667,"Mk37_2",-20.36,,"pCO2, epsilon_p, and SST are reported graphically, but it is not feasible to extract the data because there are so many overlapping data points.",386
"phytoplankton_pagani_1999a.xlsx",42,43,"phytoplankton_Pagani_1999a_39",,,,"T",,1999,12.9417297297297,-26.1116666666667,161.226666666667,"Mk37_2",-21.67,,"pCO2, epsilon_p, and SST are reported graphically, but it is not feasible to extract the data because there are so many overlapping data points.",387
"phytoplankton_pagani_1999a.xlsx",43,44,"phytoplankton_Pagani_1999a_40",,,,"T",,1999,13.04582,-26.1116666666667,161.226666666667,"NA",,,"pCO2, epsilon_p, and SST are reported graphically, but it is not feasible to extract the data because there are so many overlapping data points.",388
"phytoplankton_pagani_1999a.xlsx",44,45,"phytoplankton_Pagani_1999a_41",,,,"T",,1999,13.15922,-26.1116666666667,161.226666666667,"Mk37_2",-20.74,,"pCO2, epsilon_p, and SST are reported graphically, but it is not feasible to extract the data because there are so many overlapping data points.",389
"phytoplankton_pagani_1999a.xlsx",45,46,"phytoplankton_Pagani_1999a_42",,,,"T",,1999,13.197516,-26.1116666666667,161.226666666667,"NA",,,"pCO2, epsilon_p, and SST are reported graphically, but it is not feasible to extract the data because there are so many overlapping data points.",390
"phytoplankton_pagani_1999a.xlsx",46,47,"phytoplankton_Pagani_1999a_43",,,,"T",,1999,13.229756,-26.1116666666667,161.226666666667,"Mk37_2",-21.215,,"pCO2, epsilon_p, and SST are reported graphically, but it is not feasible to extract the data because there are so many overlapping data points.",391
"phytoplankton_pagani_1999a.xlsx",47,48,"phytoplankton_Pagani_1999a_44",,,,"T",,1999,13.244636,-26.1116666666667,161.226666666667,"Mk37_2",-21.71,,"pCO2, epsilon_p, and SST are reported graphically, but it is not feasible to extract the data because there are so many overlapping data points.",392
"phytoplankton_pagani_1999a.xlsx",48,49,"phytoplankton_Pagani_1999a_45",,,,"T",,1999,13.267452,-26.1116666666667,161.226666666667,"Mk37_2",-21.695,,"pCO2, epsilon_p, and SST are reported graphically, but it is not feasible to extract the data because there are so many overlapping data points.",393
"phytoplankton_pagani_1999a.xlsx",49,50,"phytoplankton_Pagani_1999a_46",,,,"T",,1999,13.304652,-26.1116666666667,161.226666666667,"Mk37_2",-20.67,,"pCO2, epsilon_p, and SST are reported graphically, but it is not feasible to extract the data because there are so many overlapping data points.",394
"phytoplankton_pagani_1999a.xlsx",50,51,"phytoplankton_Pagani_1999a_47",,,,"T",,1999,13.321516,-26.1116666666667,161.226666666667,"Mk37_2",-20.825,,"pCO2, epsilon_p, and SST are reported graphically, but it is not feasible to extract the data because there are so many overlapping data points.",395
"phytoplankton_pagani_1999a.xlsx",51,52,"phytoplankton_Pagani_1999a_48",,,,"T",,1999,13.358468,-26.1116666666667,161.226666666667,"Mk37_2",-20.88,,"pCO2, epsilon_p, and SST are reported graphically, but it is not feasible to extract the data because there are so many overlapping data points.",396
"phytoplankton_pagani_1999a.xlsx",52,53,"phytoplankton_Pagani_1999a_49",,,,"T",,1999,13.395916,-26.1116666666667,161.226666666667,"Mk37_2",-19.05,,"pCO2, epsilon_p, and SST are reported graphically, but it is not feasible to extract the data because there are so many overlapping data points.",397
"phytoplankton_pagani_1999a.xlsx",53,54,"phytoplankton_Pagani_1999a_50",,,,"T",,1999,13.427908,-26.1116666666667,161.226666666667,"Mk37_2",-19.06,,"pCO2, epsilon_p, and SST are reported graphically, but it is not feasible to extract the data because there are so many overlapping data points.",398
"phytoplankton_pagani_1999a.xlsx",54,55,"phytoplankton_Pagani_1999a_51",,,,"T",,1999,13.4759658707188,-26.1116666666667,161.226666666667,"Mk37_2",-21.31,,"pCO2, epsilon_p, and SST are reported graphically, but it is not feasible to extract the data because there are so many overlapping data points.",399
"phytoplankton_pagani_1999a.xlsx",55,56,"phytoplankton_Pagani_1999a_52",,,,"T",,1999,13.6363119874578,-26.1116666666667,161.226666666667,"NA",,,"pCO2, epsilon_p, and SST are reported graphically, but it is not feasible to extract the data because there are so many overlapping data points.",400
"phytoplankton_pagani_1999a.xlsx",56,57,"phytoplankton_Pagani_1999a_53",,,,"T",,1999,13.8152789435601,-26.1116666666667,161.226666666667,"Mk37_2",-22.09,,"pCO2, epsilon_p, and SST are reported graphically, but it is not feasible to extract the data because there are so many overlapping data points.",401
"phytoplankton_pagani_1999a.xlsx",57,58,"phytoplankton_Pagani_1999a_54",,,,"T",,1999,13.9166590689822,-26.1116666666667,161.226666666667,"Mk37_2",-21.86,,"pCO2, epsilon_p, and SST are reported graphically, but it is not feasible to extract the data because there are so many overlapping data points.",402
"phytoplankton_pagani_1999a.xlsx",58,59,"phytoplankton_Pagani_1999a_55",,,,"T",,1999,14.140109141341,-26.1116666666667,161.226666666667,"Mk37_2",-20.115,,"pCO2, epsilon_p, and SST are reported graphically, but it is not feasible to extract the data because there are so many overlapping data points.",403
"phytoplankton_pagani_1999a.xlsx",59,60,"phytoplankton_Pagani_1999a_56",,,,"T",,1999,14.3004552580801,-26.1116666666667,161.226666666667,"NA",,,"pCO2, epsilon_p, and SST are reported graphically, but it is not feasible to extract the data because there are so many overlapping data points.",404
"phytoplankton_pagani_1999a.xlsx",60,61,"phytoplankton_Pagani_1999a_57",,,,"T",,1999,14.4556289194404,-26.1116666666667,161.226666666667,"Mk37_2",-22.595,,"pCO2, epsilon_p, and SST are reported graphically, but it is not feasible to extract the data because there are so many overlapping data points.",405
"phytoplankton_pagani_1999a.xlsx",61,62,"phytoplankton_Pagani_1999a_58",,,,"T",,1999,14.5218363482875,-26.1116666666667,161.226666666667,"NA",,,"pCO2, epsilon_p, and SST are reported graphically, but it is not feasible to extract the data because there are so many overlapping data points.",406
"phytoplankton_pagani_1999a.xlsx",62,63,"phytoplankton_Pagani_1999a_59",,,,"T",,1999,14.6790789917993,-26.1116666666667,161.226666666667,"Mk37_2",-21.61,,"pCO2, epsilon_p, and SST are reported graphically, but it is not feasible to extract the data because there are so many overlapping data points.",407
"phytoplankton_pagani_1999a.xlsx",63,64,"phytoplankton_Pagani_1999a_60",,,,"T",,1999,14.8590804389773,-26.1116666666667,161.226666666667,"Mk37_2",-21.295,,"pCO2, epsilon_p, and SST are reported graphically, but it is not feasible to extract the data because there are so many overlapping data points.",408
"phytoplankton_pagani_1999a.xlsx",64,65,"phytoplankton_Pagani_1999a_61",,,,"T",,1999,14.8921841534009,-26.1116666666667,161.226666666667,"Mk37_2",-21.5,,"pCO2, epsilon_p, and SST are reported graphically, but it is not feasible to extract the data because there are so many overlapping data points.",409
"phytoplankton_pagani_1999a.xlsx",65,66,"phytoplankton_Pagani_1999a_62",,,,"T",,1999,15.0183920646406,-26.1116666666667,161.226666666667,"Mk37_2",-19.235,,"pCO2, epsilon_p, and SST are reported graphically, but it is not feasible to extract the data because there are so many overlapping data points.",410
"phytoplankton_pagani_1999a.xlsx",66,67,"phytoplankton_Pagani_1999a_63",,,,"T",,1999,15.1787381813796,-26.1116666666667,161.226666666667,"Mk37_2",-19.61,,"pCO2, epsilon_p, and SST are reported graphically, but it is not feasible to extract the data because there are so many overlapping data points.",411
"phytoplankton_pagani_1999a.xlsx",67,68,"phytoplankton_Pagani_1999a_64",,,,"T",,1999,15.2552905209841,-26.1116666666667,161.226666666667,"NA",,,"pCO2, epsilon_p, and SST are reported graphically, but it is not feasible to extract the data because there are so many overlapping data points.",412
"phytoplankton_pagani_1999a.xlsx",68,69,"phytoplankton_Pagani_1999a_65",,,,"T",,1999,15.3359808248915,-26.1116666666667,161.226666666667,"Mk37_2",-19.52,,"pCO2, epsilon_p, and SST are reported graphically, but it is not feasible to extract the data because there are so many overlapping data points.",413
"phytoplankton_pagani_1999a.xlsx",69,70,"phytoplankton_Pagani_1999a_66",,,,"T",,1999,15.4792578388808,-26.1116666666667,161.226666666667,"Mk37_2",-19.215,,"pCO2, epsilon_p, and SST are reported graphically, but it is not feasible to extract the data because there are so many overlapping data points.",414
"phytoplankton_pagani_1999a.xlsx",70,71,"phytoplankton_Pagani_1999a_67",,,,"T",,1999,15.5459825132658,-26.1116666666667,161.226666666667,"NA",,,"pCO2, epsilon_p, and SST are reported graphically, but it is not feasible to extract the data because there are so many overlapping data points.",415
"phytoplankton_pagani_1999a.xlsx",71,72,"phytoplankton_Pagani_1999a_68",,,,"T",,1999,15.6059829956585,-26.1116666666667,161.226666666667,"NA",,,"pCO2, epsilon_p, and SST are reported graphically, but it is not feasible to extract the data because there are so many overlapping data points.",416
"phytoplankton_pagani_1999a.xlsx",72,73,"phytoplankton_Pagani_1999a_69",,,,"T",,1999,16.4750075503356,-26.1116666666667,161.226666666667,"Mk37_2",-19.855,,"pCO2, epsilon_p, and SST are reported graphically, but it is not feasible to extract the data because there are so many overlapping data points.",417
"phytoplankton_pagani_1999a.xlsx",73,74,"phytoplankton_Pagani_1999a_70",,,,"T",,1999,16.7320025167785,-26.1116666666667,161.226666666667,"Mk37_2",-18.0133333333333,,"pCO2, epsilon_p, and SST are reported graphically, but it is not feasible to extract the data because there are so many overlapping data points.",418
"phytoplankton_pagani_1999a.xlsx",74,75,"phytoplankton_Pagani_1999a_71",,,,"T",,1999,16.9543464765101,-26.1116666666667,161.226666666667,"Mk37_2",-17.08,,"pCO2, epsilon_p, and SST are reported graphically, but it is not feasible to extract the data because there are so many overlapping data points.",419
"phytoplankton_pagani_1999a.xlsx",75,76,"phytoplankton_Pagani_1999a_72",,,,"T",,1999,17.173802852349,-26.1116666666667,161.226666666667,"Mk37_2",-21.58,,"pCO2, epsilon_p, and SST are reported graphically, but it is not feasible to extract the data because there are so many overlapping data points.",420
"phytoplankton_pagani_1999a.xlsx",76,77,"phytoplankton_Pagani_1999a_73",,,,"T",,1999,17.3990343959732,-26.1116666666667,161.226666666667,"Mk37_2",-20.56,,"pCO2, epsilon_p, and SST are reported graphically, but it is not feasible to extract the data because there are so many overlapping data points.",421
"phytoplankton_pagani_1999a.xlsx",77,78,"phytoplankton_Pagani_1999a_74",,,,"T",,1999,17.6213783557047,-26.1116666666667,161.226666666667,"NA",,,"pCO2, epsilon_p, and SST are reported graphically, but it is not feasible to extract the data because there are so many overlapping data points.",422
"phytoplankton_pagani_1999a.xlsx",78,79,"phytoplankton_Pagani_1999a_75",,,,"T",,1999,18.0371904362416,-26.1116666666667,161.226666666667,"NA",,,"pCO2, epsilon_p, and SST are reported graphically, but it is not feasible to extract the data because there are so many overlapping data points.",423
"phytoplankton_pagani_1999a.xlsx",79,80,"phytoplankton_Pagani_1999a_76",,,,"T",,1999,18.2277709731544,-26.1116666666667,161.226666666667,"Mk37_2",-22.2,,"pCO2, epsilon_p, and SST are reported graphically, but it is not feasible to extract the data because there are so many overlapping data points.",424
"phytoplankton_pagani_1999a.xlsx",80,81,"phytoplankton_Pagani_1999a_77",,,,"T",,1999,18.637807885906,-26.1116666666667,161.226666666667,"NA",,,"pCO2, epsilon_p, and SST are reported graphically, but it is not feasible to extract the data because there are so many overlapping data points.",425
"phytoplankton_pagani_1999a.xlsx",81,82,"phytoplankton_Pagani_1999a_78",,,,"T",,1999,18.8139505033557,-26.1116666666667,161.226666666667,"NA",,,"pCO2, epsilon_p, and SST are reported graphically, but it is not feasible to extract the data because there are so many overlapping data points.",426
"phytoplankton_pagani_1999a.xlsx",82,83,"phytoplankton_Pagani_1999a_79",,,,"T",,1999,19.0565075503356,-26.1116666666667,161.226666666667,"NA",,,"pCO2, epsilon_p, and SST are reported graphically, but it is not feasible to extract the data because there are so many overlapping data points.",427
"phytoplankton_pagani_1999a.xlsx",83,84,"phytoplankton_Pagani_1999a_80",,,,"T",,1999,19.5185209731544,-26.1116666666667,161.226666666667,"NA",,,"pCO2, epsilon_p, and SST are reported graphically, but it is not feasible to extract the data because there are so many overlapping data points.",428
"phytoplankton_pagani_1999a.xlsx",84,85,"phytoplankton_Pagani_1999a_81",,,,"T",,1999,19.7293145973154,-26.1116666666667,161.226666666667,"NA",,,"pCO2, epsilon_p, and SST are reported graphically, but it is not feasible to extract the data because there are so many overlapping data points.",429
"phytoplankton_pagani_1999a.xlsx",85,86,"phytoplankton_Pagani_1999a_82",,,,"T",,1999,19.9863095637584,-26.1116666666667,161.226666666667,"NA",,,"pCO2, epsilon_p, and SST are reported graphically, but it is not feasible to extract the data because there are so many overlapping data points.",430
"phytoplankton_pagani_1999a.xlsx",86,87,"phytoplankton_Pagani_1999a_83",,,,"T",,1999,20.3963464765101,-26.1116666666667,161.226666666667,"Mk37_2",-22.105,,"pCO2, epsilon_p, and SST are reported graphically, but it is not feasible to extract the data because there are so many overlapping data points.",431
"phytoplankton_pagani_1999a.xlsx",87,88,"phytoplankton_Pagani_1999a_84",,,,"T",,1999,20.6215780201342,-26.1116666666667,161.226666666667,"NA",,,"pCO2, epsilon_p, and SST are reported graphically, but it is not feasible to extract the data because there are so many overlapping data points.",432
"phytoplankton_pagani_1999a.xlsx",88,89,"phytoplankton_Pagani_1999a_85",,,,"T",,1999,20.812158557047,-26.1116666666667,161.226666666667,"NA",,,"pCO2, epsilon_p, and SST are reported graphically, but it is not feasible to extract the data because there are so many overlapping data points.",433
"phytoplankton_pagani_1999a.xlsx",89,90,"phytoplankton_Pagani_1999a_86",,,,"T",,1999,21.0489404362416,-26.1116666666667,161.226666666667,"NA",,,"pCO2, epsilon_p, and SST are reported graphically, but it is not feasible to extract the data because there are so many overlapping data points.",434
"phytoplankton_pagani_1999a.xlsx",90,91,"phytoplankton_Pagani_1999a_87",,,,"T",,1999,21.4127760067114,-26.1116666666667,161.226666666667,"Mk37_2",-22.495,,"pCO2, epsilon_p, and SST are reported graphically, but it is not feasible to extract the data because there are so many overlapping data points.",435
"phytoplankton_pagani_1999a.xlsx",91,92,"phytoplankton_Pagani_1999a_88",,,,"T",,1999,21.6048003355705,-26.1116666666667,161.226666666667,"NA",,,"pCO2, epsilon_p, and SST are reported graphically, but it is not feasible to extract the data because there are so many overlapping data points.",436
"phytoplankton_pagani_1999a.xlsx",92,93,"phytoplankton_Pagani_1999a_89",,,,"T",,1999,21.8488011744967,-26.1116666666667,161.226666666667,"NA",,,"pCO2, epsilon_p, and SST are reported graphically, but it is not feasible to extract the data because there are so many overlapping data points.",437
"phytoplankton_pagani_1999a.xlsx",93,94,"phytoplankton_Pagani_1999a_90",,,,"T",,1999,22.0292751677853,-26.1116666666667,161.226666666667,"NA",,,"pCO2, epsilon_p, and SST are reported graphically, but it is not feasible to extract the data because there are so many overlapping data points.",438
"phytoplankton_pagani_1999a.xlsx",94,95,"phytoplankton_Pagani_1999a_91",,,,"T",,1999,18.9742708270902,-26.1116666666667,161.226666666667,"NA",,,"pCO2, epsilon_p, and SST are reported graphically, but it is not feasible to extract the data because there are so many overlapping data points.",439
"phytoplankton_pagani_1999a.xlsx",95,96,"phytoplankton_Pagani_1999a_92",,,,"T",,1999,19.031545025472,-26.1116666666667,161.226666666667,"NA",,,"pCO2, epsilon_p, and SST are reported graphically, but it is not feasible to extract the data because there are so many overlapping data points.",440
"phytoplankton_pagani_1999a.xlsx",96,97,"phytoplankton_Pagani_1999a_93",,,,"T",,1999,19.0991603985616,-26.1116666666667,161.226666666667,"NA",,,"pCO2, epsilon_p, and SST are reported graphically, but it is not feasible to extract the data because there are so many overlapping data points.",441
"phytoplankton_pagani_1999a.xlsx",97,98,"phytoplankton_Pagani_1999a_94",,,,"T",,1999,19.1492753221456,-26.1116666666667,161.226666666667,"Mk37_2",-22.565,,"pCO2, epsilon_p, and SST are reported graphically, but it is not feasible to extract the data because there are so many overlapping data points.",442
"phytoplankton_pagani_1999a.xlsx",98,99,"phytoplankton_Pagani_1999a_95",,,,"T",,1999,19.193821920887,-26.1116666666667,161.226666666667,"NA",,,"pCO2, epsilon_p, and SST are reported graphically, but it is not feasible to extract the data because there are so many overlapping data points.",443
"phytoplankton_pagani_1999a.xlsx",99,100,"phytoplankton_Pagani_1999a_96",,,,"T",,1999,19.2152997452802,-26.1116666666667,161.226666666667,"Mk37_2",-23.07,,"pCO2, epsilon_p, and SST are reported graphically, but it is not feasible to extract the data because there are so many overlapping data points.",444
"phytoplankton_pagani_1999a.xlsx",100,101,"phytoplankton_Pagani_1999a_97",,,,"T",,1999,19.2662101438418,-26.1116666666667,161.226666666667,"NA",,,"pCO2, epsilon_p, and SST are reported graphically, but it is not feasible to extract the data because there are so many overlapping data points.",445
"phytoplankton_pagani_1999a.xlsx",101,102,"phytoplankton_Pagani_1999a_98",,,,"T",,1999,19.3401893167516,-26.1116666666667,161.226666666667,"Mk37_2",-21.4,,"pCO2, epsilon_p, and SST are reported graphically, but it is not feasible to extract the data because there are so many overlapping data points.",446
"phytoplankton_pagani_1999a.xlsx",102,103,"phytoplankton_Pagani_1999a_99",,,,"T",,1999,19.3815540155829,-26.1116666666667,161.226666666667,"Mk37_2",-22.4166666666667,,"pCO2, epsilon_p, and SST are reported graphically, but it is not feasible to extract the data because there are so many overlapping data points.",447
"phytoplankton_pagani_1999a.xlsx",103,104,"phytoplankton_Pagani_1999a_100",,,,"T",,1999,19.4074069523524,-26.1116666666667,161.226666666667,"Mk37_2",-21.5,,"pCO2, epsilon_p, and SST are reported graphically, but it is not feasible to extract the data because there are so many overlapping data points.",448
"phytoplankton_pagani_1999a.xlsx",104,105,"phytoplankton_Pagani_1999a_101",,,,"T",,1999,19.5016707371891,-26.1116666666667,161.226666666667,"NA",,,"pCO2, epsilon_p, and SST are reported graphically, but it is not feasible to extract the data because there are so many overlapping data points.",449
"phytoplankton_pagani_1999a.xlsx",105,106,"phytoplankton_Pagani_1999a_102",,,,"T",,1999,19.5509901857956,-26.1116666666667,161.226666666667,"NA",,,"pCO2, epsilon_p, and SST are reported graphically, but it is not feasible to extract the data because there are so many overlapping data points.",450
"phytoplankton_pagani_1999a.xlsx",106,107,"phytoplankton_Pagani_1999a_103",,,,"T",,1999,19.6170146089302,-26.1116666666667,161.226666666667,"Mk37_2",-22.4,,"pCO2, epsilon_p, and SST are reported graphically, but it is not feasible to extract the data because there are so many overlapping data points.",451
"phytoplankton_pagani_1999a.xlsx",107,108,"phytoplankton_Pagani_1999a_104",,,,"T",,1999,19.6699136949356,-26.1116666666667,161.226666666667,"Mk37_2",-22.18,,"pCO2, epsilon_p, and SST are reported graphically, but it is not feasible to extract the data because there are so many overlapping data points.",452
"phytoplankton_pagani_1999a.xlsx",108,109,"phytoplankton_Pagani_1999a_105",,,,"T",,1999,19.7212218309859,-26.1116666666667,161.226666666667,"NA",,,"pCO2, epsilon_p, and SST are reported graphically, but it is not feasible to extract the data because there are so many overlapping data points.",453
"phytoplankton_pagani_1999a.xlsx",109,110,"phytoplankton_Pagani_1999a_106",,,,"T",,1999,19.7641774797723,-26.1116666666667,161.226666666667,"NA",,,"pCO2, epsilon_p, and SST are reported graphically, but it is not feasible to extract the data because there are so many overlapping data points.",454
"phytoplankton_pagani_1999a.xlsx",110,111,"phytoplankton_Pagani_1999a_107",,,,"T",,1999,19.8238381030866,-26.1116666666667,161.226666666667,"NA",,,"pCO2, epsilon_p, and SST are reported graphically, but it is not feasible to extract the data because there are so many overlapping data points.",455
"phytoplankton_pagani_1999a.xlsx",111,112,"phytoplankton_Pagani_1999a_108",,,,"T",,1999,19.8580435271202,-26.1116666666667,161.226666666667,"NA",,,"pCO2, epsilon_p, and SST are reported graphically, but it is not feasible to extract the data because there are so many overlapping data points.",456
"phytoplankton_pagani_1999a.xlsx",112,113,"phytoplankton_Pagani_1999a_109",,,,"T",,1999,19.9129313005694,-26.1116666666667,161.226666666667,"NA",,,"pCO2, epsilon_p, and SST are reported graphically, but it is not feasible to extract the data because there are so many overlapping data points.",457
"phytoplankton_pagani_1999a.xlsx",113,114,"phytoplankton_Pagani_1999a_110",,,,"T",,1999,19.9733873988613,-26.1116666666667,161.226666666667,"NA",,,"pCO2, epsilon_p, and SST are reported graphically, but it is not feasible to extract the data because there are so many overlapping data points.",458
"phytoplankton_pagani_1999a.xlsx",114,115,"phytoplankton_Pagani_1999a_111",,,,"T",,1999,20.0513439466587,-26.1116666666667,161.226666666667,"NA",,,"pCO2, epsilon_p, and SST are reported graphically, but it is not feasible to extract the data because there are so many overlapping data points.",459
"phytoplankton_pagani_1999a.xlsx",115,116,"phytoplankton_Pagani_1999a_112",,,,"T",,1999,20.1006633952652,-26.1116666666667,161.226666666667,"Mk37_2",-23.535,,"pCO2, epsilon_p, and SST are reported graphically, but it is not feasible to extract the data because there are so many overlapping data points.",460
"phytoplankton_pagani_1999a.xlsx",116,117,"phytoplankton_Pagani_1999a_113",,,,"T",,1999,20.1658923434222,-26.1116666666667,161.226666666667,"NA",,,"pCO2, epsilon_p, and SST are reported graphically, but it is not feasible to extract the data because there are so many overlapping data points.",461
"phytoplankton_pagani_1999a.xlsx",117,118,"phytoplankton_Pagani_1999a_114",,,,"T",,1999,20.1877679053042,-26.1116666666667,161.226666666667,"Mk37_2",-21.81,,"pCO2, epsilon_p, and SST are reported graphically, but it is not feasible to extract the data because there are so many overlapping data points.",462
"phytoplankton_pagani_1999a.xlsx",118,119,"phytoplankton_Pagani_1999a_115",,,,"T",,1999,20.2653267156128,-26.1116666666667,161.226666666667,"NA",,,"pCO2, epsilon_p, and SST are reported graphically, but it is not feasible to extract the data because there are so many overlapping data points.",463
"phytoplankton_pagani_1999a.xlsx",119,120,"phytoplankton_Pagani_1999a_116",,,,"T",,1999,20.3393058885226,-26.1116666666667,161.226666666667,"NA",,,"pCO2, epsilon_p, and SST are reported graphically, but it is not feasible to extract the data because there are so many overlapping data points.",464
"phytoplankton_pagani_1999a.xlsx",120,121,"phytoplankton_Pagani_1999a_117",,,,"T",,1999,20.382261537309,-26.1116666666667,161.226666666667,"Mk37_2",-21.84,,"pCO2, epsilon_p, and SST are reported graphically, but it is not feasible to extract the data because there are so many overlapping data points.",465
"phytoplankton_pagani_1999a.xlsx",121,122,"phytoplankton_Pagani_1999a_118",,,,"T",,1999,20.4554452352412,-26.1116666666667,161.226666666667,"NA",,,"pCO2, epsilon_p, and SST are reported graphically, but it is not feasible to extract the data because there are so many overlapping data points.",466
"phytoplankton_pagani_1999a.xlsx",122,123,"phytoplankton_Pagani_1999a_119",,,,"T",,1999,20.496014459095,-26.1116666666667,161.226666666667,"Mk37_2",-21.705,,"pCO2, epsilon_p, and SST are reported graphically, but it is not feasible to extract the data because there are so many overlapping data points.",467
"phytoplankton_pagani_1999a.xlsx",123,124,"phytoplankton_Pagani_1999a_120",,,,"T",,1999,20.5334017830387,-26.1116666666667,161.226666666667,"Mk37_2",-20.085,,"pCO2, epsilon_p, and SST are reported graphically, but it is not feasible to extract the data because there are so many overlapping data points.",468
"phytoplankton_pagani_1999a.xlsx",124,125,"phytoplankton_Pagani_1999a_121",,,,"T",,1999,20.5739710068924,-26.1116666666667,161.226666666667,"Mk37_2",-23.585,,"pCO2, epsilon_p, and SST are reported graphically, but it is not feasible to extract the data because there are so many overlapping data points.",469
"phytoplankton_pagani_1999a.xlsx",125,126,"phytoplankton_Pagani_1999a_122",,,,"T",,1999,20.6169266556788,-26.1116666666667,161.226666666667,"NA",,,"pCO2, epsilon_p, and SST are reported graphically, but it is not feasible to extract the data because there are so many overlapping data points.",470
"phytoplankton_pagani_1999a.xlsx",126,127,"phytoplankton_Pagani_1999a_123",,,,"T",,1999,20.6662461042853,-26.1116666666667,161.226666666667,"Mk37_2",-25.525,,"pCO2, epsilon_p, and SST are reported graphically, but it is not feasible to extract the data because there are so many overlapping data points.",471
"phytoplankton_pagani_1999a.xlsx",127,128,"phytoplankton_Pagani_1999a_124",,,,"T",,1999,20.7354524273299,-26.1116666666667,161.226666666667,"NA",,,"pCO2, epsilon_p, and SST are reported graphically, but it is not feasible to extract the data because there are so many overlapping data points.",472
"phytoplankton_pagani_1999a.xlsx",128,129,"phytoplankton_Pagani_1999a_125",,,,"T",,1999,20.8531827240036,-26.1116666666667,161.226666666667,"NA",,,"pCO2, epsilon_p, and SST are reported graphically, but it is not feasible to extract the data because there are so many overlapping data points.",473
"phytoplankton_pagani_1999a.xlsx",129,130,"phytoplankton_Pagani_1999a_126",,,,"T",,1999,20.9772768204975,-26.1116666666667,161.226666666667,"NA",,,"pCO2, epsilon_p, and SST are reported graphically, but it is not feasible to extract the data because there are so many overlapping data points.",474
"phytoplankton_pagani_1999a.xlsx",130,131,"phytoplankton_Pagani_1999a_127",,,,"T",,1999,21.0273917440815,-26.1116666666667,161.226666666667,"NA",,,"pCO2, epsilon_p, and SST are reported graphically, but it is not feasible to extract the data because there are so many overlapping data points.",475
"phytoplankton_pagani_1999a.xlsx",131,132,"phytoplankton_Pagani_1999a_128",,,,"T",,1999,21.1435310908001,-26.1116666666667,161.226666666667,"NA",,,"pCO2, epsilon_p, and SST are reported graphically, but it is not feasible to extract the data because there are so many overlapping data points.",476
"phytoplankton_pagani_1999a.xlsx",132,133,"phytoplankton_Pagani_1999a_129",,,,"T",,1999,21.2628523374288,-26.1116666666667,161.226666666667,"NA",,,"pCO2, epsilon_p, and SST are reported graphically, but it is not feasible to extract the data because there are so many overlapping data points.",477
"phytoplankton_pagani_1999a.xlsx",133,134,"phytoplankton_Pagani_1999a_130",,,,"T",,1999,21.3694459844171,-26.1116666666667,161.226666666667,"NA",,,"pCO2, epsilon_p, and SST are reported graphically, but it is not feasible to extract the data because there are so many overlapping data points.",478
"phytoplankton_pagani_1999a.xlsx",134,135,"phytoplankton_Pagani_1999a_131",,,,"T",,1999,21.4513799071022,-26.1116666666667,161.226666666667,"NA",,,"pCO2, epsilon_p, and SST are reported graphically, but it is not feasible to extract the data because there are so many overlapping data points.",479
"phytoplankton_pagani_1999a.xlsx",135,136,"phytoplankton_Pagani_1999a_132",,,,"T",,1999,21.8220712466287,-26.1116666666667,161.226666666667,"NA",,,"pCO2, epsilon_p, and SST are reported graphically, but it is not feasible to extract the data because there are so many overlapping data points.",480
"phytoplankton_pagani_1999a.xlsx",136,137,"phytoplankton_Pagani_1999a_133",,,,"T",,1999,21.9048006442913,-26.1116666666667,161.226666666667,"NA",,,"pCO2, epsilon_p, and SST are reported graphically, but it is not feasible to extract the data because there are so many overlapping data points.",481
"phytoplankton_pagani_1999a.xlsx",137,138,"phytoplankton_Pagani_1999a_134",,,,"T",,1999,22.0965101138747,-26.1116666666667,161.226666666667,"NA",,,"pCO2, epsilon_p, and SST are reported graphically, but it is not feasible to extract the data because there are so many overlapping data points.",482
"phytoplankton_pagani_1999a.xlsx",138,139,"phytoplankton_Pagani_1999a_135",,,,"T",,1999,22.1760576116272,-26.1116666666667,161.226666666667,"NA",,,"pCO2, epsilon_p, and SST are reported graphically, but it is not feasible to extract the data because there are so many overlapping data points.",483
"phytoplankton_pagani_1999a.xlsx",139,140,"phytoplankton_Pagani_1999a_136",,,,"T",,1999,22.2850376835481,-26.1116666666667,161.226666666667,"Mk37_2",-21.54,,"pCO2, epsilon_p, and SST are reported graphically, but it is not feasible to extract the data because there are so many overlapping data points.",484
"phytoplankton_pagani_1999a.xlsx",140,141,"phytoplankton_Pagani_1999a_137",,,,"T",,1999,22.4051544051543,-26.1116666666667,161.226666666667,"NA",,,"pCO2, epsilon_p, and SST are reported graphically, but it is not feasible to extract the data because there are so many overlapping data points.",485
"phytoplankton_pagani_1999a.xlsx",141,142,"phytoplankton_Pagani_1999a_138",,,,"T",,1999,22.6278873988613,-26.1116666666667,161.226666666667,"NA",,,"pCO2, epsilon_p, and SST are reported graphically, but it is not feasible to extract the data because there are so many overlapping data points.",486
"phytoplankton_pagani_1999a.xlsx",142,143,"phytoplankton_Pagani_1999a_139",,,,"T",,1999,22.7114122715013,-26.1116666666667,161.226666666667,"NA",,,"pCO2, epsilon_p, and SST are reported graphically, but it is not feasible to extract the data because there are so many overlapping data points.",487
"phytoplankton_pagani_1999a.xlsx",143,144,"phytoplankton_Pagani_1999a_140",,,,"T",,1999,22.7965280940965,-26.1116666666667,161.226666666667,"NA",,,"pCO2, epsilon_p, and SST are reported graphically, but it is not feasible to extract the data because there are so many overlapping data points.",488
"phytoplankton_pagani_1999a.xlsx",144,145,"phytoplankton_Pagani_1999a_141",,,,"T",,1999,22.8657344171411,-26.1116666666667,161.226666666667,"NA",,,"pCO2, epsilon_p, and SST are reported graphically, but it is not feasible to extract the data because there are so many overlapping data points.",489
"phytoplankton_pagani_1999a.xlsx",145,146,"phytoplankton_Pagani_1999a_142",,,,"T",,1999,22.9492592897812,-26.1116666666667,161.226666666667,"Mk37_2",-23.655,,"pCO2, epsilon_p, and SST are reported graphically, but it is not feasible to extract the data because there are so many overlapping data points.",490
"phytoplankton_pagani_1999a.xlsx",146,147,"phytoplankton_Pagani_1999a_143",,,,"T",,1999,23.0208520377585,-26.1116666666667,161.226666666667,"Mk37_2",-23.61,,"pCO2, epsilon_p, and SST are reported graphically, but it is not feasible to extract the data because there are so many overlapping data points.",491
"phytoplankton_pagani_1999a.xlsx",147,148,"phytoplankton_Pagani_1999a_144",,,,"T",,1999,23.0684245810056,-26.1116666666667,161.226666666667,"Mk37_2",-23.27,,"pCO2, epsilon_p, and SST are reported graphically, but it is not feasible to extract the data because there are so many overlapping data points.",492
"phytoplankton_pagani_1999a.xlsx",148,149,"phytoplankton_Pagani_1999a_145",,,,"T",,1999,23.1113072625698,-26.1116666666667,161.226666666667,"Mk37_2",-25.12,,"pCO2, epsilon_p, and SST are reported graphically, but it is not feasible to extract the data because there are so many overlapping data points.",493
"phytoplankton_pagani_1999a.xlsx",149,150,"phytoplankton_Pagani_1999a_146",,,,"T",,1999,23.1822122905028,-26.1116666666667,161.226666666667,"Mk37_2",-24.06,,"pCO2, epsilon_p, and SST are reported graphically, but it is not feasible to extract the data because there are so many overlapping data points.",494
"phytoplankton_pagani_1999a.xlsx",150,151,"phytoplankton_Pagani_1999a_147",,,,"T",,1999,23.2225474860335,-26.1116666666667,161.226666666667,"Mk37_2",-22.435,,"pCO2, epsilon_p, and SST are reported graphically, but it is not feasible to extract the data because there are so many overlapping data points.",495
"phytoplankton_pagani_1999a.xlsx",151,152,"phytoplankton_Pagani_1999a_148",,,,"T",,1999,23.2645810055866,-26.1116666666667,161.226666666667,"NA",,,"pCO2, epsilon_p, and SST are reported graphically, but it is not feasible to extract the data because there are so many overlapping data points.",496
"phytoplankton_pagani_1999a.xlsx",152,153,"phytoplankton_Pagani_1999a_149",,,,"T",,1999,23.3066145251397,-26.1116666666667,161.226666666667,"NA",,,"pCO2, epsilon_p, and SST are reported graphically, but it is not feasible to extract the data because there are so many overlapping data points.",497
"phytoplankton_pagani_1999a.xlsx",153,154,"phytoplankton_Pagani_1999a_150",,,,"T",,1999,23.3494972067039,-26.1116666666667,161.226666666667,"NA",,,"pCO2, epsilon_p, and SST are reported graphically, but it is not feasible to extract the data because there are so many overlapping data points.",498
"phytoplankton_pagani_1999a.xlsx",154,155,"phytoplankton_Pagani_1999a_151",,,,"T",,1999,23.391530726257,-26.1116666666667,161.226666666667,"NA",,,"pCO2, epsilon_p, and SST are reported graphically, but it is not feasible to extract the data because there are so many overlapping data points.",499
"phytoplankton_pagani_1999a.xlsx",155,156,"phytoplankton_Pagani_1999a_152",,,,"T",,1999,23.4390837988827,-26.1116666666667,161.226666666667,"NA",,,"pCO2, epsilon_p, and SST are reported graphically, but it is not feasible to extract the data because there are so many overlapping data points.",500
"phytoplankton_pagani_1999a.xlsx",156,157,"phytoplankton_Pagani_1999a_153",,,,"T",,1999,23.4713519553073,-26.1116666666667,161.226666666667,"NA",,,"pCO2, epsilon_p, and SST are reported graphically, but it is not feasible to extract the data because there are so many overlapping data points.",501
"phytoplankton_pagani_1999a.xlsx",157,158,"phytoplankton_Pagani_1999a_154",,,,"T",,1999,23.5838659217877,-26.1116666666667,161.226666666667,"NA",,,"pCO2, epsilon_p, and SST are reported graphically, but it is not feasible to extract the data because there are so many overlapping data points.",502
"phytoplankton_pagani_1999a.xlsx",158,159,"phytoplankton_Pagani_1999a_155",,,,"T",,1999,23.6263240223464,-26.1116666666667,161.226666666667,"Mk37_2",-26.41,,"pCO2, epsilon_p, and SST are reported graphically, but it is not feasible to extract the data because there are so many overlapping data points.",503
"phytoplankton_pagani_1999a.xlsx",159,160,"phytoplankton_Pagani_1999a_156",,,,"T",,1999,23.6726033519553,-26.1116666666667,161.226666666667,"Mk37_2",-26.855,,"pCO2, epsilon_p, and SST are reported graphically, but it is not feasible to extract the data because there are so many overlapping data points.",504
"phytoplankton_pagani_1999a.xlsx",160,161,"phytoplankton_Pagani_1999a_157",,,,"T",,1999,23.7125139664804,-26.1116666666667,161.226666666667,"Mk37_2",-26.675,,"pCO2, epsilon_p, and SST are reported graphically, but it is not feasible to extract the data because there are so many overlapping data points.",505
"phytoplankton_pagani_1999a.xlsx",161,162,"phytoplankton_Pagani_1999a_158",,,,"T",,1999,23.7534860335196,-26.1116666666667,161.226666666667,"Mk37_2",-25.835,,"pCO2, epsilon_p, and SST are reported graphically, but it is not feasible to extract the data because there are so many overlapping data points.",506
"phytoplankton_pagani_1999a.xlsx",162,163,"phytoplankton_Pagani_1999a_159",,,,"F","Superceded by Super et al. (2018)",1999,8.6998345323741,42.83675,-23.0875333333333,"NA",,,"pCO2, epsilon_p, and SST are reported graphically, but it is not feasible to extract the data because there are so many overlapping data points.",507
"phytoplankton_pagani_1999a.xlsx",163,164,"phytoplankton_Pagani_1999a_160",,,,"F","Superceded by Super et al. (2018)",1999,8.75035971223021,42.83675,-23.0875333333333,"Mk37_2",-23.935,,"pCO2, epsilon_p, and SST are reported graphically, but it is not feasible to extract the data because there are so many overlapping data points.",508
"phytoplankton_pagani_1999a.xlsx",164,165,"phytoplankton_Pagani_1999a_161",,,,"F","Superceded by Super et al. (2018)",1999,8.87410071942446,42.83675,-23.0875333333333,"Mk37_2",-23.165,,"pCO2, epsilon_p, and SST are reported graphically, but it is not feasible to extract the data because there are so many overlapping data points.",509
"phytoplankton_pagani_1999a.xlsx",165,166,"phytoplankton_Pagani_1999a_162",,,,"F","Superceded by Super et al. (2018)",1999,8.93005595523581,42.83675,-23.0875333333333,"Mk37_2",-23.565,,"pCO2, epsilon_p, and SST are reported graphically, but it is not feasible to extract the data because there are so many overlapping data points.",510
"phytoplankton_pagani_1999a.xlsx",166,167,"phytoplankton_Pagani_1999a_163",,,,"F","Superceded by Super et al. (2018)",1999,8.97833733013589,42.83675,-23.0875333333333,"Mk37_2",-23.445,,"pCO2, epsilon_p, and SST are reported graphically, but it is not feasible to extract the data because there are so many overlapping data points.",511
"phytoplankton_pagani_1999a.xlsx",167,168,"phytoplankton_Pagani_1999a_164",,,,"F","Superceded by Super et al. (2018)",1999,9.01031175059952,42.83675,-23.0875333333333,"Mk37_2",-22.195,,"pCO2, epsilon_p, and SST are reported graphically, but it is not feasible to extract the data because there are so many overlapping data points.",512
"phytoplankton_pagani_1999a.xlsx",168,169,"phytoplankton_Pagani_1999a_165",,,,"F","Superceded by Super et al. (2018)",1999,9.05987210231814,42.83675,-23.0875333333333,"NA",,,"pCO2, epsilon_p, and SST are reported graphically, but it is not feasible to extract the data because there are so many overlapping data points.",513
"phytoplankton_pagani_1999a.xlsx",169,170,"phytoplankton_Pagani_1999a_166",,,,"F","Superceded by Super et al. (2018)",1999,9.46094339622642,42.83675,-23.0875333333333,"Mk37_2",-24.51,,"pCO2, epsilon_p, and SST are reported graphically, but it is not feasible to extract the data because there are so many overlapping data points.",514
"phytoplankton_pagani_1999a.xlsx",170,171,"phytoplankton_Pagani_1999a_167",,,,"F","Superceded by Super et al. (2018)",1999,9.53989840348331,42.83675,-23.0875333333333,"Mk37_2",-23.635,,"pCO2, epsilon_p, and SST are reported graphically, but it is not feasible to extract the data because there are so many overlapping data points.",515
"phytoplankton_pagani_1999a.xlsx",171,172,"phytoplankton_Pagani_1999a_168",,,,"F","Superceded by Super et al. (2018)",1999,9.5877648766328,42.83675,-23.0875333333333,"Mk37_2",-23.295,,"pCO2, epsilon_p, and SST are reported graphically, but it is not feasible to extract the data because there are so many overlapping data points.",516
"phytoplankton_pagani_1999a.xlsx",172,173,"phytoplankton_Pagani_1999a_169",,,,"F","Superceded by Super et al. (2018)",1999,9.61638606676343,42.83675,-23.0875333333333,"Mk37_2",-20.2,,"pCO2, epsilon_p, and SST are reported graphically, but it is not feasible to extract the data because there are so many overlapping data points.",517
"phytoplankton_pagani_1999a.xlsx",173,174,"phytoplankton_Pagani_1999a_170",,,,"F","Superceded by Super et al. (2018)",1999,9.69040638606676,42.83675,-23.0875333333333,"Mk37_2",-23.2,,"pCO2, epsilon_p, and SST are reported graphically, but it is not feasible to extract the data because there are so many overlapping data points.",518
"phytoplankton_pagani_1999a.xlsx",174,175,"phytoplankton_Pagani_1999a_171",,,,"F","Superceded by Super et al. (2018)",1999,9.75988253126184,42.83675,-23.0875333333333,"Mk37_2",-22.99,,"pCO2, epsilon_p, and SST are reported graphically, but it is not feasible to extract the data because there are so many overlapping data points.",519
"phytoplankton_pagani_1999a.xlsx",175,176,"phytoplankton_Pagani_1999a_172",,,,"F","Superceded by Super et al. (2018)",1999,9.82013262599469,42.83675,-23.0875333333333,"NA",,,"pCO2, epsilon_p, and SST are reported graphically, but it is not feasible to extract the data because there are so many overlapping data points.",520
"phytoplankton_pagani_1999a.xlsx",176,177,"phytoplankton_Pagani_1999a_173",,,,"F","Superceded by Super et al. (2018)",1999,9.85106100795756,42.83675,-23.0875333333333,"Mk37_2",-25.62,,"pCO2, epsilon_p, and SST are reported graphically, but it is not feasible to extract the data because there are so many overlapping data points.",521
"phytoplankton_pagani_1999a.xlsx",177,178,"phytoplankton_Pagani_1999a_174",,,,"F","Superceded by Super et al. (2018)",1999,9.91171276998863,42.83675,-23.0875333333333,"Mk37_2",-21.75,,"pCO2, epsilon_p, and SST are reported graphically, but it is not feasible to extract the data because there are so many overlapping data points.",522
"phytoplankton_pagani_1999a.xlsx",178,179,"phytoplankton_Pagani_1999a_175",,,,"F","Superceded by Super et al. (2018)",1999,9.97356953391436,42.83675,-23.0875333333333,"Mk37_2",-23.01,,"pCO2, epsilon_p, and SST are reported graphically, but it is not feasible to extract the data because there are so many overlapping data points.",523
"phytoplankton_pagani_1999a.xlsx",179,180,"phytoplankton_Pagani_1999a_176",,,,"F","Superceded by Super et al. (2018)",1999,10.0330162940508,42.83675,-23.0875333333333,"Mk37_2",-23.035,,"pCO2, epsilon_p, and SST are reported graphically, but it is not feasible to extract the data because there are so many overlapping data points.",524
"phytoplankton_pagani_1999a.xlsx",180,181,"phytoplankton_Pagani_1999a_177",,,,"F","Superceded by Super et al. (2018)",1999,10.0924630541872,42.83675,-23.0875333333333,"Mk37_2",-21.425,,"pCO2, epsilon_p, and SST are reported graphically, but it is not feasible to extract the data because there are so many overlapping data points.",525
"phytoplankton_pagani_1999a.xlsx",181,182,"phytoplankton_Pagani_1999a_178",,,,"F","Superceded by Super et al. (2018)",1999,10.15271314892,42.83675,-23.0875333333333,"Mk37_2",-20.26,,"pCO2, epsilon_p, and SST are reported graphically, but it is not feasible to extract the data because there are so many overlapping data points.",526
"phytoplankton_pagani_1999a.xlsx",182,183,"phytoplankton_Pagani_1999a_179",,,,"F","Superceded by Super et al. (2018)",1999,10.2029215611974,42.83675,-23.0875333333333,"Mk37_2",-25.025,,"pCO2, epsilon_p, and SST are reported graphically, but it is not feasible to extract the data because there are so many overlapping data points.",527
"phytoplankton_pagani_1999a.xlsx",183,184,"phytoplankton_Pagani_1999a_180",,,,"F","Superceded by Super et al. (2018)",1999,10.2463016294051,42.83675,-23.0875333333333,"Mk37_2",-21.17,,"pCO2, epsilon_p, and SST are reported graphically, but it is not feasible to extract the data because there are so many overlapping data points.",528
"phytoplankton_pagani_1999a.xlsx",184,185,"phytoplankton_Pagani_1999a_181",,,,"F","Superceded by Super et al. (2018)",1999,10.3073550587344,42.83675,-23.0875333333333,"NA",,,"pCO2, epsilon_p, and SST are reported graphically, but it is not feasible to extract the data because there are so many overlapping data points.",529
"phytoplankton_pagani_1999a.xlsx",185,186,"phytoplankton_Pagani_1999a_182",,,,"F","Superceded by Super et al. (2018)",1999,10.3668018188708,42.83675,-23.0875333333333,"NA",,,"pCO2, epsilon_p, and SST are reported graphically, but it is not feasible to extract the data because there are so many overlapping data points.",530
"phytoplankton_pagani_1999a.xlsx",186,187,"phytoplankton_Pagani_1999a_183",,,,"F","Superceded by Super et al. (2018)",1999,10.4234369079197,42.83675,-23.0875333333333,"Mk37_2",-23.025,,"pCO2, epsilon_p, and SST are reported graphically, but it is not feasible to extract the data because there are so many overlapping data points.",531
"phytoplankton_pagani_1999a.xlsx",187,188,"phytoplankton_Pagani_1999a_184",,,,"F","Superceded by Super et al. (2018)",1999,10.4836870026525,42.83675,-23.0875333333333,"NA",,,"pCO2, epsilon_p, and SST are reported graphically, but it is not feasible to extract the data because there are so many overlapping data points.",532
"phytoplankton_pagani_1999a.xlsx",188,189,"phytoplankton_Pagani_1999a_185",,,,"F","Superceded by Super et al. (2018)",1999,10.5479537703676,42.83675,-23.0875333333333,"Mk37_2",-21.355,,"pCO2, epsilon_p, and SST are reported graphically, but it is not feasible to extract the data because there are so many overlapping data points.",533
"phytoplankton_pagani_1999a.xlsx",189,190,"phytoplankton_Pagani_1999a_186",,,,"F","Superceded by Super et al. (2018)",1999,10.6234672224327,42.83675,-23.0875333333333,"Mk37_2",-23.385,,"pCO2, epsilon_p, and SST are reported graphically, but it is not feasible to extract the data because there are so many overlapping data points.",534
"phytoplankton_pagani_1999a.xlsx",190,191,"phytoplankton_Pagani_1999a_187",,,,"F","Superceded by Super et al. (2018)",1999,10.6817089806745,42.83675,-23.0875333333333,"NA",,,"pCO2, epsilon_p, and SST are reported graphically, but it is not feasible to extract the data because there are so many overlapping data points.",535
"phytoplankton_pagani_1999a.xlsx",191,192,"phytoplankton_Pagani_1999a_188",,,,"F","Superceded by Super et al. (2018)",1999,10.7419590754074,42.83675,-23.0875333333333,"Mk37_2",-24.55,,"pCO2, epsilon_p, and SST are reported graphically, but it is not feasible to extract the data because there are so many overlapping data points.",536
"phytoplankton_pagani_1999a.xlsx",192,193,"phytoplankton_Pagani_1999a_189",,,,"F","Superceded by Super et al. (2018)",1999,10.805990990991,42.83675,-23.0875333333333,"Mk37_2",-23.105,,"pCO2, epsilon_p, and SST are reported graphically, but it is not feasible to extract the data because there are so many overlapping data points.",537
"phytoplankton_pagani_1999a.xlsx",193,194,"phytoplankton_Pagani_1999a_190",,,,"F","Superceded by Super et al. (2018)",1999,10.899954954955,42.83675,-23.0875333333333,"Mk37_2",-22.06,,"pCO2, epsilon_p, and SST are reported graphically, but it is not feasible to extract the data because there are so many overlapping data points.",538
"phytoplankton_pagani_1999a.xlsx",194,195,"phytoplankton_Pagani_1999a_191",,,,"F","Superceded by Super et al. (2018)",1999,11.1254054054054,42.83675,-23.0875333333333,"Mk37_2",-21.335,,"pCO2, epsilon_p, and SST are reported graphically, but it is not feasible to extract the data because there are so many overlapping data points.",539
"phytoplankton_pagani_1999a.xlsx",195,196,"phytoplankton_Pagani_1999a_192",,,,"F","Superceded by Super et al. (2018)",1999,11.2171621621622,42.83675,-23.0875333333333,"Mk37_2",-23.955,,"pCO2, epsilon_p, and SST are reported graphically, but it is not feasible to extract the data because there are so many overlapping data points.",540
"phytoplankton_pagani_1999a.xlsx",196,197,"phytoplankton_Pagani_1999a_193",,,,"F","Superceded by Super et al. (2018)",1999,11.3168018018018,42.83675,-23.0875333333333,"Mk37_2",-22.5,,"pCO2, epsilon_p, and SST are reported graphically, but it is not feasible to extract the data because there are so many overlapping data points.",541
"phytoplankton_pagani_1999a.xlsx",197,198,"phytoplankton_Pagani_1999a_194",,,,"F","Superceded by Super et al. (2018)",1999,11.4107657657658,42.83675,-23.0875333333333,"Mk37_2",-23.07,,"pCO2, epsilon_p, and SST are reported graphically, but it is not feasible to extract the data because there are so many overlapping data points.",542
"phytoplankton_pagani_1999a.xlsx",198,199,"phytoplankton_Pagani_1999a_195",,,,"F","Superceded by Super et al. (2018)",1999,11.5052215189873,42.83675,-23.0875333333333,"Mk37_2",-25.035,,"pCO2, epsilon_p, and SST are reported graphically, but it is not feasible to extract the data because there are so many overlapping data points.",543
"phytoplankton_pagani_1999a.xlsx",199,200,"phytoplankton_Pagani_1999a_196",,,,"F","Superceded by Super et al. (2018)",1999,11.6533227848101,42.83675,-23.0875333333333,"Mk37_2",-23.36,,"pCO2, epsilon_p, and SST are reported graphically, but it is not feasible to extract the data because there are so many overlapping data points.",544
"phytoplankton_pagani_1999a.xlsx",200,201,"phytoplankton_Pagani_1999a_197",,,,"F","Superceded by Super et al. (2018)",1999,11.8063394454383,42.83675,-23.0875333333333,"NA",,,"pCO2, epsilon_p, and SST are reported graphically, but it is not feasible to extract the data because there are so many overlapping data points.",545
"phytoplankton_pagani_1999a.xlsx",201,202,"phytoplankton_Pagani_1999a_198",,,,"F","Superceded by Super et al. (2018)",1999,11.8237276386404,42.83675,-23.0875333333333,"Mk37_2",-23.09,,"pCO2, epsilon_p, and SST are reported graphically, but it is not feasible to extract the data because there are so many overlapping data points.",546
"phytoplankton_pagani_1999a.xlsx",202,203,"phytoplankton_Pagani_1999a_199",,,,"F","Superceded by Super et al. (2018)",1999,11.8425648479428,42.83675,-23.0875333333333,"Mk37_2",-25.3,,"pCO2, epsilon_p, and SST are reported graphically, but it is not feasible to extract the data because there are so many overlapping data points.",547
"phytoplankton_pagani_1999a.xlsx",203,204,"phytoplankton_Pagani_1999a_200",,,,"F","Superceded by Super et al. (2018)",1999,11.8603152951699,42.83675,-23.0875333333333,"Mk37_2",-24.555,,"pCO2, epsilon_p, and SST are reported graphically, but it is not feasible to extract the data because there are so many overlapping data points.",548
"phytoplankton_pagani_1999a.xlsx",204,205,"phytoplankton_Pagani_1999a_201",,,,"F","Superceded by Super et al. (2018)",1999,11.8784279964222,42.83675,-23.0875333333333,"Mk37_2",-21.92,,"pCO2, epsilon_p, and SST are reported graphically, but it is not feasible to extract the data because there are so many overlapping data points.",549
"phytoplankton_pagani_1999a.xlsx",205,206,"phytoplankton_Pagani_1999a_202",,,,"F","Superceded by Super et al. (2018)",1999,11.8973859570662,42.83675,-23.0875333333333,"Mk37_2",-22.635,,"pCO2, epsilon_p, and SST are reported graphically, but it is not feasible to extract the data because there are so many overlapping data points.",550
"phytoplankton_pagani_1999a.xlsx",206,207,"phytoplankton_Pagani_1999a_203",,,,"F","Superceded by Super et al. (2018)",1999,11.9218984794275,42.83675,-23.0875333333333,"Mk37_2",-23.595,,"pCO2, epsilon_p, and SST are reported graphically, but it is not feasible to extract the data because there are so many overlapping data points.",551
"phytoplankton_pagani_1999a.xlsx",207,208,"phytoplankton_Pagani_1999a_204",,,,"F","Superceded by Super et al. (2018)",1999,11.9549646602827,42.83675,-23.0875333333333,"Mk37_2",-22.78,,"pCO2, epsilon_p, and SST are reported graphically, but it is not feasible to extract the data because there are so many overlapping data points.",552
"phytoplankton_pagani_1999a.xlsx",208,209,"phytoplankton_Pagani_1999a_205",,,,"F","Superceded by Super et al. (2018)",1999,12.0290503875969,42.83675,-23.0875333333333,"NA",,,"pCO2, epsilon_p, and SST are reported graphically, but it is not feasible to extract the data because there are so many overlapping data points.",553
"phytoplankton_pagani_1999a.xlsx",209,210,"phytoplankton_Pagani_1999a_206",,,,"F","Superceded by Super et al. (2018)",1999,12.0992875057,42.83675,-23.0875333333333,"Mk37_2",-23.125,,"pCO2, epsilon_p, and SST are reported graphically, but it is not feasible to extract the data because there are so many overlapping data points.",554
"phytoplankton_pagani_1999a.xlsx",210,211,"phytoplankton_Pagani_1999a_207",,,,"F","Superceded by Super et al. (2018)",1999,12.1743353853169,42.83675,-23.0875333333333,"Mk37_2",-24.66,,"pCO2, epsilon_p, and SST are reported graphically, but it is not feasible to extract the data because there are so many overlapping data points.",555
"phytoplankton_pagani_1999a.xlsx",211,212,"phytoplankton_Pagani_1999a_208",,,,"F","Superceded by Super et al. (2018)",1999,12.2450535795714,42.83675,-23.0875333333333,"Mk37_2",-22.205,,"pCO2, epsilon_p, and SST are reported graphically, but it is not feasible to extract the data because there are so many overlapping data points.",556
"phytoplankton_pagani_1999a.xlsx",212,213,"phytoplankton_Pagani_1999a_209",,,,"F","Superceded by Super et al. (2018)",1999,12.3465606475148,42.83675,-23.0875333333333,"Mk37_2",-22.45,,"pCO2, epsilon_p, and SST are reported graphically, but it is not feasible to extract the data because there are so many overlapping data points.",557
"phytoplankton_pagani_1999a.xlsx",213,214,"phytoplankton_Pagani_1999a_210",,,,"F","Superceded by Super et al. (2018)",1999,12.4201652986776,42.83675,-23.0875333333333,"Mk37_2",-22.46,,"pCO2, epsilon_p, and SST are reported graphically, but it is not feasible to extract the data because there are so many overlapping data points.",558
"phytoplankton_pagani_1999a.xlsx",214,215,"phytoplankton_Pagani_1999a_211",,,,"F","Superceded by Super et al. (2018)",1999,12.4947321021432,42.83675,-23.0875333333333,"Mk37_2",-23.24,,"pCO2, epsilon_p, and SST are reported graphically, but it is not feasible to extract the data because there are so many overlapping data points.",559
"phytoplankton_pagani_1999a.xlsx",215,216,"phytoplankton_Pagani_1999a_212",,,,"F","Superceded by Super et al. (2018)",1999,12.5611206110351,42.83675,-23.0875333333333,"NA",,,"pCO2, epsilon_p, and SST are reported graphically, but it is not feasible to extract the data because there are so many overlapping data points.",560
"phytoplankton_pagani_1999a.xlsx",216,217,"phytoplankton_Pagani_1999a_213",,,,"F","Superceded by Super et al. (2018)",1999,12.6332820337437,42.83675,-23.0875333333333,"Mk37_2",-23.48,,"pCO2, epsilon_p, and SST are reported graphically, but it is not feasible to extract the data because there are so many overlapping data points.",561
"phytoplankton_pagani_1999a.xlsx",217,218,"phytoplankton_Pagani_1999a_214",,,,"F","Superceded by Super et al. (2018)",1999,12.8074316005472,42.83675,-23.0875333333333,"Mk37_2",-23.015,,"pCO2, epsilon_p, and SST are reported graphically, but it is not feasible to extract the data because there are so many overlapping data points.",562
"phytoplankton_pagani_1999a.xlsx",218,219,"phytoplankton_Pagani_1999a_215",,,,"F","Superceded by Super et al. (2018)",1999,12.8882523939808,42.83675,-23.0875333333333,"Mk37_2",-23.705,,"pCO2, epsilon_p, and SST are reported graphically, but it is not feasible to extract the data because there are so many overlapping data points.",563
"phytoplankton_pagani_1999a.xlsx",219,220,"phytoplankton_Pagani_1999a_216",,,,"F","Superceded by Super et al. (2018)",1999,12.9527165982672,42.83675,-23.0875333333333,"Mk37_2",-22.82,,"pCO2, epsilon_p, and SST are reported graphically, but it is not feasible to extract the data because there are so many overlapping data points.",564
"phytoplankton_pagani_1999a.xlsx",220,221,"phytoplankton_Pagani_1999a_217",,,,"F","Superceded by Super et al. (2018)",1999,13.0595070422535,42.83675,-23.0875333333333,"Mk37_2",-23.235,,"pCO2, epsilon_p, and SST are reported graphically, but it is not feasible to extract the data because there are so many overlapping data points.",565
"phytoplankton_pagani_1999a.xlsx",221,222,"phytoplankton_Pagani_1999a_218",,,,"F","Superceded by Super et al. (2018)",1999,13.2118309859155,42.83675,-23.0875333333333,"Mk37_2",-24.865,,"pCO2, epsilon_p, and SST are reported graphically, but it is not feasible to extract the data because there are so many overlapping data points.",566
"phytoplankton_pagani_1999a.xlsx",222,223,"phytoplankton_Pagani_1999a_219",,,,"F","Superceded by Super et al. (2018)",1999,13.2571184995737,42.83675,-23.0875333333333,"Mk37_2",-23.17,,"pCO2, epsilon_p, and SST are reported graphically, but it is not feasible to extract the data because there are so many overlapping data points.",567
"phytoplankton_pagani_1999a.xlsx",223,224,"phytoplankton_Pagani_1999a_220",,,,"F","Superceded by Super et al. (2018)",1999,13.3253196930946,42.83675,-23.0875333333333,"Mk37_2",-25.27,,"pCO2, epsilon_p, and SST are reported graphically, but it is not feasible to extract the data because there are so many overlapping data points.",568
"phytoplankton_pagani_1999a.xlsx",224,225,"phytoplankton_Pagani_1999a_221",,,,"F","Superceded by Super et al. (2018)",1999,13.3761295822677,42.83675,-23.0875333333333,"Mk37_2",-24.04,,"pCO2, epsilon_p, and SST are reported graphically, but it is not feasible to extract the data because there are so many overlapping data points.",569
"phytoplankton_pagani_1999a.xlsx",225,226,"phytoplankton_Pagani_1999a_222",,,,"F","Superceded by Super et al. (2018)",1999,13.4286445012788,42.83675,-23.0875333333333,"Mk37_2",-22.47,,"pCO2, epsilon_p, and SST are reported graphically, but it is not feasible to extract the data because there are so many overlapping data points.",570
"phytoplankton_pagani_1999a.xlsx",226,227,"phytoplankton_Pagani_1999a_223",,,,"F","Superceded by Super et al. (2018)",1999,13.4787723785166,42.83675,-23.0875333333333,"NA",,,"pCO2, epsilon_p, and SST are reported graphically, but it is not feasible to extract the data because there are so many overlapping data points.",571
"phytoplankton_pagani_1999a.xlsx",227,228,"phytoplankton_Pagani_1999a_224",,,,"F","Superceded by Super et al. (2018)",1999,13.5282182438193,42.83675,-23.0875333333333,"Mk37_2",-23.32,,"pCO2, epsilon_p, and SST are reported graphically, but it is not feasible to extract the data because there are so many overlapping data points.",572
"phytoplankton_pagani_1999a.xlsx",228,229,"phytoplankton_Pagani_1999a_225",,,,"F","Superceded by Super et al. (2018)",1999,13.7027071369975,42.83675,-23.0875333333333,"Mk37_2",-24.07,,"pCO2, epsilon_p, and SST are reported graphically, but it is not feasible to extract the data because there are so many overlapping data points.",573
"phytoplankton_pagani_1999a.xlsx",229,230,"phytoplankton_Pagani_1999a_226",,,,"F","Superceded by Super et al. (2018)",1999,13.7223954060706,42.83675,-23.0875333333333,"Mk37_2",-23.65,,"pCO2, epsilon_p, and SST are reported graphically, but it is not feasible to extract the data because there are so many overlapping data points.",574
"phytoplankton_pagani_1999a.xlsx",230,231,"phytoplankton_Pagani_1999a_227",,,,"F","Superceded by Super et al. (2018)",1999,13.7853978671042,42.83675,-23.0875333333333,"Mk37_2",-21.365,,"pCO2, epsilon_p, and SST are reported graphically, but it is not feasible to extract the data because there are so many overlapping data points.",575
"phytoplankton_pagani_1999a.xlsx",231,232,"phytoplankton_Pagani_1999a_228",,,,"F","Superceded by Super et al. (2018)",1999,13.7985233798195,42.83675,-23.0875333333333,"Mk37_2",-25.12,,"pCO2, epsilon_p, and SST are reported graphically, but it is not feasible to extract the data because there are so many overlapping data points.",576
"phytoplankton_pagani_1999a.xlsx",232,233,"phytoplankton_Pagani_1999a_229",,,,"F","Superceded by Super et al. (2018)",1999,13.8812141099262,42.83675,-23.0875333333333,"Mk37_2",-23.06,,"pCO2, epsilon_p, and SST are reported graphically, but it is not feasible to extract the data because there are so many overlapping data points.",577
"phytoplankton_pagani_1999a.xlsx",233,234,"phytoplankton_Pagani_1999a_230",,,,"F","Superceded by Super et al. (2018)",1999,14.3655455291222,42.83675,-23.0875333333333,"NA",,,"pCO2, epsilon_p, and SST are reported graphically, but it is not feasible to extract the data because there are so many overlapping data points.",578
"phytoplankton_pagani_1999a.xlsx",234,235,"phytoplankton_Pagani_1999a_231",,,,"F","Superceded by Super et al. (2018)",1999,14.4127973748975,42.83675,-23.0875333333333,"NA",,,"pCO2, epsilon_p, and SST are reported graphically, but it is not feasible to extract the data because there are so many overlapping data points.",579
"phytoplankton_pagani_1999a.xlsx",235,236,"phytoplankton_Pagani_1999a_232",,,,"F","Superceded by Super et al. (2018)",1999,14.4626743232158,42.83675,-23.0875333333333,"Mk37_2",-21.21,,"pCO2, epsilon_p, and SST are reported graphically, but it is not feasible to extract the data because there are so many overlapping data points.",580
"phytoplankton_pagani_1999a.xlsx",236,237,"phytoplankton_Pagani_1999a_233",,,,"F","Superceded by Super et al. (2018)",1999,14.5105824446267,42.83675,-23.0875333333333,"NA",,,"pCO2, epsilon_p, and SST are reported graphically, but it is not feasible to extract the data because there are so many overlapping data points.",581
"phytoplankton_pagani_1999a.xlsx",237,238,"phytoplankton_Pagani_1999a_234",,,,"F","Superceded by Super et al. (2018)",1999,14.5630844954881,42.83675,-23.0875333333333,"Mk37_2",-21.215,,"pCO2, epsilon_p, and SST are reported graphically, but it is not feasible to extract the data because there are so many overlapping data points.",582
"phytoplankton_pagani_1999a.xlsx",238,239,"phytoplankton_Pagani_1999a_235",,,,"F","Superceded by Super et al. (2018)",1999,14.6077112387203,42.83675,-23.0875333333333,"Mk37_2",-22.36,,"pCO2, epsilon_p, and SST are reported graphically, but it is not feasible to extract the data because there are so many overlapping data points.",583
"phytoplankton_pagani_1999a.xlsx",239,240,"phytoplankton_Pagani_1999a_236",,,,"F","Superceded by Super et al. (2018)",1999,14.6589007383101,42.83675,-23.0875333333333,"Mk37_2",-25.05,,"pCO2, epsilon_p, and SST are reported graphically, but it is not feasible to extract the data because there are so many overlapping data points.",584
"phytoplankton_pagani_1999a.xlsx",240,241,"phytoplankton_Pagani_1999a_237",,,,"F","Superceded by Super et al. (2018)",1999,14.7094339622642,42.83675,-23.0875333333333,"Mk37_2",-22.68,,"pCO2, epsilon_p, and SST are reported graphically, but it is not feasible to extract the data because there are so many overlapping data points.",585
"phytoplankton_pagani_1999a.xlsx",241,242,"phytoplankton_Pagani_1999a_238",,,,"F","Superceded by Super et al. (2018)",1999,14.7566858080394,42.83675,-23.0875333333333,"NA",,,"pCO2, epsilon_p, and SST are reported graphically, but it is not feasible to extract the data because there are so many overlapping data points.",586
"phytoplankton_pagani_1999a.xlsx",242,243,"phytoplankton_Pagani_1999a_239",,,,"F","Superceded by Super et al. (2018)",1999,14.8040465351543,42.83675,-23.0875333333333,"Mk37_2",-25.7166666666667,,"pCO2, epsilon_p, and SST are reported graphically, but it is not feasible to extract the data because there are so many overlapping data points.",587
"phytoplankton_pagani_1999a.xlsx",243,244,"phytoplankton_Pagani_1999a_240",,,,"F","Superceded by Super et al. (2018)",1999,14.861507334345,42.83675,-23.0875333333333,"NA",,,"pCO2, epsilon_p, and SST are reported graphically, but it is not feasible to extract the data because there are so many overlapping data points.",588
"phytoplankton_pagani_1999a.xlsx",244,245,"phytoplankton_Pagani_1999a_241",,,,"F","Superceded by Super et al. (2018)",1999,15.0460293373799,42.83675,-23.0875333333333,"Mk37_2",-25.29,,"pCO2, epsilon_p, and SST are reported graphically, but it is not feasible to extract the data because there are so many overlapping data points.",589
"phytoplankton_pagani_1999a.xlsx",245,246,"phytoplankton_Pagani_1999a_242",,,,"F","Superceded by Super et al. (2018)",1999,15.1281740010116,42.83675,-23.0875333333333,"NA",,,"pCO2, epsilon_p, and SST are reported graphically, but it is not feasible to extract the data because there are so many overlapping data points.",590
"phytoplankton_pagani_1999a.xlsx",246,247,"phytoplankton_Pagani_1999a_243",,,,"F","Superceded by Super et al. (2018)",1999,15.2091047040971,42.83675,-23.0875333333333,"Mk37_2",-26.35,,"pCO2, epsilon_p, and SST are reported graphically, but it is not feasible to extract the data because there are so many overlapping data points.",591
"phytoplankton_pagani_1999a.xlsx",247,248,"phytoplankton_Pagani_1999a_244",,,,"F","Superceded by Super et al. (2018)",1999,15.2900354071826,42.83675,-23.0875333333333,"NA",,,"pCO2, epsilon_p, and SST are reported graphically, but it is not feasible to extract the data because there are so many overlapping data points.",592
"phytoplankton_pagani_1999a.xlsx",248,249,"phytoplankton_Pagani_1999a_245",,,,"F","Superceded by Super et al. (2018)",1999,15.3709661102681,42.83675,-23.0875333333333,"NA",,,"pCO2, epsilon_p, and SST are reported graphically, but it is not feasible to extract the data because there are so many overlapping data points.",593
"phytoplankton_pagani_1999a.xlsx",249,250,"phytoplankton_Pagani_1999a_246",,,,"F","Superceded by Super et al. (2018)",1999,15.4899342438037,42.83675,-23.0875333333333,"NA",,,"pCO2, epsilon_p, and SST are reported graphically, but it is not feasible to extract the data because there are so many overlapping data points.",594
"phytoplankton_pagani_1999a.xlsx",250,251,"phytoplankton_Pagani_1999a_247",,,,"F","Superceded by Super et al. (2018)",1999,15.5708649468892,42.83675,-23.0875333333333,"Mk37_2",-24.41,,"pCO2, epsilon_p, and SST are reported graphically, but it is not feasible to extract the data because there are so many overlapping data points.",595
"phytoplankton_pagani_1999a.xlsx",251,252,"phytoplankton_Pagani_1999a_248",,,,"F","Superceded by Super et al. (2018)",1999,15.6579781181619,42.83675,-23.0875333333333,"NA",,,"pCO2, epsilon_p, and SST are reported graphically, but it is not feasible to extract the data because there are so many overlapping data points.",596
"phytoplankton_pagani_1999a.xlsx",252,253,"phytoplankton_Pagani_1999a_249",,,,"F","Superceded by Super et al. (2018)",1999,15.6797199124726,42.83675,-23.0875333333333,"Mk37_2",-25.435,,"pCO2, epsilon_p, and SST are reported graphically, but it is not feasible to extract the data because there are so many overlapping data points.",597
"phytoplankton_pagani_1999a.xlsx",253,254,"phytoplankton_Pagani_1999a_250",,,,"F","Superceded by Super et al. (2018)",1999,15.8618074398249,42.83675,-23.0875333333333,"Mk37_2",-26.04,,"pCO2, epsilon_p, and SST are reported graphically, but it is not feasible to extract the data because there are so many overlapping data points.",598
"phytoplankton_pagani_1999a.xlsx",254,255,"phytoplankton_Pagani_1999a_251",,,,"F","Superceded by Super et al. (2018)",1999,16.0026987951807,42.83675,-23.0875333333333,"Mk37_2",-24.45,,"pCO2, epsilon_p, and SST are reported graphically, but it is not feasible to extract the data because there are so many overlapping data points.",599
"phytoplankton_pagani_1999a.xlsx",255,256,"phytoplankton_Pagani_1999a_252",,,,"F","Superceded by Super et al. (2018)",1999,16.115871187801,42.83675,-23.0875333333333,"Mk37_2",-24.73,,"pCO2, epsilon_p, and SST are reported graphically, but it is not feasible to extract the data because there are so many overlapping data points.",600
"phytoplankton_pagani_1999a.xlsx",256,257,"phytoplankton_Pagani_1999a_253",,,,"F","Superceded by Super et al. (2018)",1999,16.1457736757624,42.83675,-23.0875333333333,"Mk37_2",-24.455,,"pCO2, epsilon_p, and SST are reported graphically, but it is not feasible to extract the data because there are so many overlapping data points.",601
"phytoplankton_pagani_1999a.xlsx",257,258,"phytoplankton_Pagani_1999a_254",,,,"F","Superceded by Super et al. (2018)",1999,16.2552471910112,42.83675,-23.0875333333333,"Mk37_2",-21.31,,"pCO2, epsilon_p, and SST are reported graphically, but it is not feasible to extract the data because there are so many overlapping data points.",602
"phytoplankton_pagani_1999a.xlsx",258,259,"phytoplankton_Pagani_1999a_255",,,,"F","Superceded by Super et al. (2018)",1999,16.3414069020867,42.83675,-23.0875333333333,"NA",,,"pCO2, epsilon_p, and SST are reported graphically, but it is not feasible to extract the data because there are so many overlapping data points.",603
"phytoplankton_pagani_1999a.xlsx",259,260,"phytoplankton_Pagani_1999a_256",,,,"F","Superceded by Super et al. (2018)",1999,16.4498667736758,42.83675,-23.0875333333333,"NA",,,"pCO2, epsilon_p, and SST are reported graphically, but it is not feasible to extract the data because there are so many overlapping data points.",604
"phytoplankton_pagani_1999a.xlsx",260,261,"phytoplankton_Pagani_1999a_257",,,,"F","Superceded by Super et al. (2018)",1999,16.7174686998395,42.83675,-23.0875333333333,"Mk37_2",-20.46,,"pCO2, epsilon_p, and SST are reported graphically, but it is not feasible to extract the data because there are so many overlapping data points.",605
"phytoplankton_pagani_1999a.xlsx",261,262,"phytoplankton_Pagani_1999a_258",,,,"F","Superceded by Super et al. (2018)",1999,16.8178194221509,42.83675,-23.0875333333333,"NA",,,"pCO2, epsilon_p, and SST are reported graphically, but it is not feasible to extract the data because there are so many overlapping data points.",606
"phytoplankton_pagani_1999a.xlsx",262,263,"phytoplankton_Pagani_1999a_259",,,,"F","Superceded by Super et al. (2018)",1999,16.9212110754414,42.83675,-23.0875333333333,"Mk37_2",-17.4,,"pCO2, epsilon_p, and SST are reported graphically, but it is not feasible to extract the data because there are so many overlapping data points.",607
"phytoplankton_pagani_1999a.xlsx",263,264,"phytoplankton_Pagani_1999a_260",,,,"F","Superceded by Super et al. (2018)",1999,17.0215617977528,42.83675,-23.0875333333333,"NA",,,"pCO2, epsilon_p, and SST are reported graphically, but it is not feasible to extract the data because there are so many overlapping data points.",608
"phytoplankton_pagani_1999a.xlsx",264,265,"phytoplankton_Pagani_1999a_261",,,,"F","Superceded by Super et al. (2018)",1999,17.1229261637239,42.83675,-23.0875333333333,"NA",,,"pCO2, epsilon_p, and SST are reported graphically, but it is not feasible to extract the data because there are so many overlapping data points.",609
"phytoplankton_pagani_1999a.xlsx",265,266,"phytoplankton_Pagani_1999a_262",,,,"F","Superceded by Super et al. (2018)",1999,17.2334133226324,42.83675,-23.0875333333333,"NA",,,"pCO2, epsilon_p, and SST are reported graphically, but it is not feasible to extract the data because there are so many overlapping data points.",610
"phytoplankton_pagani_1999a.xlsx",266,267,"phytoplankton_Pagani_1999a_263",,,,"F","Superceded by Super et al. (2018)",1999,17.4267628635347,42.83675,-23.0875333333333,"Mk37_2",-18.35,,"pCO2, epsilon_p, and SST are reported graphically, but it is not feasible to extract the data because there are so many overlapping data points.",611
"phytoplankton_pagani_1999a.xlsx",267,268,"phytoplankton_Pagani_1999a_264",,,,"F","Superceded by Super et al. (2018)",1999,17.4408031319911,42.83675,-23.0875333333333,"NA",,,"pCO2, epsilon_p, and SST are reported graphically, but it is not feasible to extract the data because there are so many overlapping data points.",612
"phytoplankton_pagani_1999a.xlsx",268,269,"phytoplankton_Pagani_1999a_265",,,,"F","Superceded by Super et al. (2018)",1999,17.5601454138703,42.83675,-23.0875333333333,"Mk37_2",-19.97,,"pCO2, epsilon_p, and SST are reported graphically, but it is not feasible to extract the data because there are so many overlapping data points.",613
"phytoplankton_pagani_1999a.xlsx",269,270,"phytoplankton_Pagani_1999a_266",,,,"F","Superceded by Super et al. (2018)",1999,17.7567091722595,42.83675,-23.0875333333333,"NA",,,"pCO2, epsilon_p, and SST are reported graphically, but it is not feasible to extract the data because there are so many overlapping data points.",614
"phytoplankton_pagani_1999a.xlsx",270,271,"phytoplankton_Pagani_1999a_267",,,,"F","Superceded by Super et al. (2018)",1999,17.8644016736402,42.83675,-23.0875333333333,"NA",,,"pCO2, epsilon_p, and SST are reported graphically, but it is not feasible to extract the data because there are so many overlapping data points.",615
"phytoplankton_pagani_1999a.xlsx",271,272,"phytoplankton_Pagani_1999a_268",,,,"F","Superceded by Super et al. (2018)",1999,17.9630167364017,42.83675,-23.0875333333333,"Mk37_2",-21.37,,"pCO2, epsilon_p, and SST are reported graphically, but it is not feasible to extract the data because there are so many overlapping data points.",616
"phytoplankton_pagani_1999a.xlsx",272,273,"phytoplankton_Pagani_1999a_269",,,,"F","Superceded by Super et al. (2018)",1999,18.1079205020921,42.83675,-23.0875333333333,"Mk37_2",-21.68,,"pCO2, epsilon_p, and SST are reported graphically, but it is not feasible to extract the data because there are so many overlapping data points.",617
"phytoplankton_pagani_1999a.xlsx",273,274,"phytoplankton_Pagani_1999a_270",,,,"F","Superceded by Super et al. (2018)",1999,18.2782058823529,42.83675,-23.0875333333333,"NA",,,"pCO2, epsilon_p, and SST are reported graphically, but it is not feasible to extract the data because there are so many overlapping data points.",618
"phytoplankton_pagani_1999a.xlsx",274,275,"phytoplankton_Pagani_1999a_271",,,,"F","Superceded by Super et al. (2018)",1999,18.2972058823529,42.83675,-23.0875333333333,"NA",,,"pCO2, epsilon_p, and SST are reported graphically, but it is not feasible to extract the data because there are so many overlapping data points.",619
"phytoplankton_pagani_1999a.xlsx",275,276,"phytoplankton_Pagani_1999a_272",,,,"F","Superceded by Super et al. (2018)",1999,18.3797994858612,42.83675,-23.0875333333333,"NA",,,"pCO2, epsilon_p, and SST are reported graphically, but it is not feasible to extract the data because there are so many overlapping data points.",620
"phytoplankton_pagani_1999a.xlsx",276,277,"phytoplankton_Pagani_1999a_273",,,,"F","Superceded by Super et al. (2018)",1999,18.4759434447301,42.83675,-23.0875333333333,"NA",,,"pCO2, epsilon_p, and SST are reported graphically, but it is not feasible to extract the data because there are so many overlapping data points.",621
"phytoplankton_pagani_1999a.xlsx",277,278,"phytoplankton_Pagani_1999a_274",,,,"F","Superceded by Super et al. (2018)",1999,18.6211208226221,42.83675,-23.0875333333333,"NA",,,"pCO2, epsilon_p, and SST are reported graphically, but it is not feasible to extract the data because there are so many overlapping data points.",622
"phytoplankton_pagani_1999a.xlsx",278,279,"phytoplankton_Pagani_1999a_275",,,,"F","Superceded by Super et al. (2018)",1999,18.7259177377892,42.83675,-23.0875333333333,"Mk37_2",-28.18,,"pCO2, epsilon_p, and SST are reported graphically, but it is not feasible to extract the data because there are so many overlapping data points.",623
"phytoplankton_pagani_1999a.xlsx",279,280,"phytoplankton_Pagani_1999a_276",,,,"F","Superceded by Super et al. (2018)",1999,18.8230231362468,42.83675,-23.0875333333333,"Mk37_2",-22.99,,"pCO2, epsilon_p, and SST are reported graphically, but it is not feasible to extract the data because there are so many overlapping data points.",624
"phytoplankton_pagani_1999a.xlsx",280,281,"phytoplankton_Pagani_1999a_277",,,,"F","Superceded by Super et al. (2018)",1999,18.9133984575835,42.83675,-23.0875333333333,"Mk37_2",-23.075,,"pCO2, epsilon_p, and SST are reported graphically, but it is not feasible to extract the data because there are so many overlapping data points.",625
"phytoplankton_pagani_1999a.xlsx",281,282,"phytoplankton_Pagani_1999a_278",,,,"F","Superceded by Super et al. (2018)",1999,19.0133881748072,42.83675,-23.0875333333333,"Mk37_2",-23.12,,"pCO2, epsilon_p, and SST are reported graphically, but it is not feasible to extract the data because there are so many overlapping data points.",626
"phytoplankton_pagani_1999a.xlsx",282,283,"phytoplankton_Pagani_1999a_279",,,,"F","Superceded by Super et al. (2018)",1999,19.1043294117647,42.83675,-23.0875333333333,"Mk37_2",-28.55,,"pCO2, epsilon_p, and SST are reported graphically, but it is not feasible to extract the data because there are so many overlapping data points.",627
"phytoplankton_pagani_1999a.xlsx",283,284,"phytoplankton_Pagani_1999a_280",,,,"F","Superceded by Super et al. (2018)",1999,19.5009808219178,42.83675,-23.0875333333333,"Mk37_2",-22.705,,"pCO2, epsilon_p, and SST are reported graphically, but it is not feasible to extract the data because there are so many overlapping data points.",628
"phytoplankton_pagani_1999a.xlsx",284,285,"phytoplankton_Pagani_1999a_281",,,,"F","Superceded by Super et al. (2018)",1999,19.5928054794521,42.83675,-23.0875333333333,"Mk37_2",-22.945,,"pCO2, epsilon_p, and SST are reported graphically, but it is not feasible to extract the data because there are so many overlapping data points.",629
"phytoplankton_pagani_1999a.xlsx",285,286,"phytoplankton_Pagani_1999a_282",,,,"F","Superceded by Super et al. (2018)",1999,19.6735771689498,42.83675,-23.0875333333333,"Mk37_2",-25.62,,"pCO2, epsilon_p, and SST are reported graphically, but it is not feasible to extract the data because there are so many overlapping data points.",630
"phytoplankton_pagani_1999a.xlsx",286,287,"phytoplankton_Pagani_1999a_283",,,,"F","Superceded by Super et al. (2018)",1999,19.7560493150685,42.83675,-23.0875333333333,"NA",,,"pCO2, epsilon_p, and SST are reported graphically, but it is not feasible to extract the data because there are so many overlapping data points.",631
"phytoplankton_pagani_1999a.xlsx",287,288,"phytoplankton_Pagani_1999a_284",,,,"F","Superceded by Super et al. (2018)",1999,19.8444730593607,42.83675,-23.0875333333333,"NA",,,"pCO2, epsilon_p, and SST are reported graphically, but it is not feasible to extract the data because there are so many overlapping data points.",632
"phytoplankton_pagani_1999a.xlsx",288,289,"phytoplankton_Pagani_1999a_285",,,,"F","Superceded by Super et al. (2018)",1999,19.9269452054795,42.83675,-23.0875333333333,"NA",,,"pCO2, epsilon_p, and SST are reported graphically, but it is not feasible to extract the data because there are so many overlapping data points.",633
"phytoplankton_pagani_1999a.xlsx",289,290,"phytoplankton_Pagani_1999a_286",,,,"F","Superceded by Super et al. (2018)",1999,19.9596789954338,42.83675,-23.0875333333333,"NA",,,"pCO2, epsilon_p, and SST are reported graphically, but it is not feasible to extract the data because there are so many overlapping data points.",634
"phytoplankton_pagani_1999a.xlsx",290,291,"phytoplankton_Pagani_1999a_287",,,,"F","Superceded by Super et al. (2018)",1999,20.0111178082192,42.83675,-23.0875333333333,"NA",,,"pCO2, epsilon_p, and SST are reported graphically, but it is not feasible to extract the data because there are so many overlapping data points.",635
"phytoplankton_pagani_1999a.xlsx",291,292,"phytoplankton_Pagani_1999a_288",,,,"F","Superceded by Super et al. (2018)",1999,20.0935899543379,42.83675,-23.0875333333333,"NA",,,"pCO2, epsilon_p, and SST are reported graphically, but it is not feasible to extract the data because there are so many overlapping data points.",636
"phytoplankton_pagani_1999a.xlsx",292,293,"phytoplankton_Pagani_1999a_289",,,,"F","Superceded by Super et al. (2018)",1999,20.1496704505144,42.83675,-23.0875333333333,"NA",,,"pCO2, epsilon_p, and SST are reported graphically, but it is not feasible to extract the data because there are so many overlapping data points.",637
"phytoplankton_pagani_1999a.xlsx",293,294,"phytoplankton_Pagani_1999a_290",,,,"F","Superceded by Super et al. (2018)",1999,20.2185863781483,42.83675,-23.0875333333333,"NA",,,"pCO2, epsilon_p, and SST are reported graphically, but it is not feasible to extract the data because there are so many overlapping data points.",638
"phytoplankton_pagani_1999a.xlsx",294,295,"phytoplankton_Pagani_1999a_291",,,,"F","Superceded by Super et al. (2018)",1999,20.2463174884711,42.83675,-23.0875333333333,"Mk37_2",-22.39,,"pCO2, epsilon_p, and SST are reported graphically, but it is not feasible to extract the data because there are so many overlapping data points.",639
"phytoplankton_pagani_1999a.xlsx",295,296,"phytoplankton_Pagani_1999a_292",,,,"F","Superceded by Super et al. (2018)",1999,20.2734994678964,42.83675,-23.0875333333333,"Mk37_2",-24.31,,"pCO2, epsilon_p, and SST are reported graphically, but it is not feasible to extract the data because there are so many overlapping data points.",640
"phytoplankton_pagani_1999a.xlsx",296,297,"phytoplankton_Pagani_1999a_293",,,,"F","Superceded by Super et al. (2018)",1999,20.300406881873,42.83675,-23.0875333333333,"Mk37_2",-24.01,,"pCO2, epsilon_p, and SST are reported graphically, but it is not feasible to extract the data because there are so many overlapping data points.",641
"phytoplankton_pagani_1999a.xlsx",297,298,"phytoplankton_Pagani_1999a_294",,,,"F","Superceded by Super et al. (2018)",1999,20.3293735367151,42.83675,-23.0875333333333,"NA",,,"pCO2, epsilon_p, and SST are reported graphically, but it is not feasible to extract the data because there are so many overlapping data points.",642
"phytoplankton_pagani_1999a.xlsx",298,299,"phytoplankton_Pagani_1999a_295",,,,"F","Superceded by Super et al. (2018)",1999,20.3561436679674,42.83675,-23.0875333333333,"NA",,,"pCO2, epsilon_p, and SST are reported graphically, but it is not feasible to extract the data because there are so many overlapping data points.",643
"phytoplankton_pagani_1999a.xlsx",299,300,"phytoplankton_Pagani_1999a_296",,,,"F","Superceded by Super et al. (2018)",1999,20.383051081944,42.83675,-23.0875333333333,"Mk37_2",-25.91,,"pCO2, epsilon_p, and SST are reported graphically, but it is not feasible to extract the data because there are so many overlapping data points.",644
"phytoplankton_pagani_1999a.xlsx",300,301,"phytoplankton_Pagani_1999a_297",,,,"F","Superceded by Super et al. (2018)",1999,20.4110567577155,42.83675,-23.0875333333333,"Mk37_2",-28.31,,"pCO2, epsilon_p, and SST are reported graphically, but it is not feasible to extract the data because there are so many overlapping data points.",645
"phytoplankton_pagani_1999a.xlsx",301,302,"phytoplankton_Pagani_1999a_298",,,,"F","Superceded by Super et al. (2018)",1999,20.4379641716921,42.83675,-23.0875333333333,"NA",,,"pCO2, epsilon_p, and SST are reported graphically, but it is not feasible to extract the data because there are so many overlapping data points.",646
"phytoplankton_pagani_1999a.xlsx",302,303,"phytoplankton_Pagani_1999a_299",,,,"F","Superceded by Super et al. (2018)",1999,20.4547126640653,42.83675,-23.0875333333333,"NA",,,"pCO2, epsilon_p, and SST are reported graphically, but it is not feasible to extract the data because there are so many overlapping data points.",647
"phytoplankton_pagani_1999a.xlsx",303,304,"phytoplankton_Pagani_1999a_300",,,,"F","Superceded by Super et al. (2018)",1999,20.4832674707343,42.83675,-23.0875333333333,"Mk37_2",-23.17,,"pCO2, epsilon_p, and SST are reported graphically, but it is not feasible to extract the data because there are so many overlapping data points.",648
"phytoplankton_pagani_1999a.xlsx",304,305,"phytoplankton_Pagani_1999a_301",,,,"F","Superceded by Super et al. (2018)",1999,20.5074292302235,42.83675,-23.0875333333333,"Mk37_2",-23.83,,"pCO2, epsilon_p, and SST are reported graphically, but it is not feasible to extract the data because there are so many overlapping data points.",649
"phytoplankton_pagani_1999a.xlsx",305,306,"phytoplankton_Pagani_1999a_302",,,,"F","Superceded by Super et al. (2018)",1999,20.8989523809524,42.83675,-23.0875333333333,"Mk37_2",-27.165,,"pCO2, epsilon_p, and SST are reported graphically, but it is not feasible to extract the data because there are so many overlapping data points.",650
"phytoplankton_pagani_1999a.xlsx",306,307,"phytoplankton_Pagani_1999a_303",,,,"F","Superceded by Super et al. (2018)",1999,20.9095343915344,42.83675,-23.0875333333333,"NA",,,"pCO2, epsilon_p, and SST are reported graphically, but it is not feasible to extract the data because there are so many overlapping data points.",651
"phytoplankton_pagani_1999a.xlsx",307,308,"phytoplankton_Pagani_1999a_304",,,,"F","Superceded by Super et al. (2018)",1999,21.241544973545,42.83675,-23.0875333333333,"NA",,,"pCO2, epsilon_p, and SST are reported graphically, but it is not feasible to extract the data because there are so many overlapping data points.",652
"phytoplankton_pagani_1999a.xlsx",308,309,"phytoplankton_Pagani_1999a_305",,,,"F","Superceded by Super et al. (2018)",1999,21.4981587301587,42.83675,-23.0875333333333,"Mk37_2",-24.6,,"pCO2, epsilon_p, and SST are reported graphically, but it is not feasible to extract the data because there are so many overlapping data points.",653
"phytoplankton_pagani_1999a.xlsx",309,310,"phytoplankton_Pagani_1999a_306",,,,"F","Superceded by Super et al. (2018)",1999,21.9183138373752,42.83675,-23.0875333333333,"NA",,,"pCO2, epsilon_p, and SST are reported graphically, but it is not feasible to extract the data because there are so many overlapping data points.",654
"phytoplankton_pagani_1999a.xlsx",310,311,"phytoplankton_Pagani_1999a_307",,,,"F","Superceded by Super et al. (2018)",1999,21.9768017118402,42.83675,-23.0875333333333,"Mk37_2",-24.3,,"pCO2, epsilon_p, and SST are reported graphically, but it is not feasible to extract the data because there are so many overlapping data points.",655
"phytoplankton_pagani_1999a.xlsx",311,312,"phytoplankton_Pagani_1999a_308",,,,"F","Superceded by Super et al. (2018)",1999,22.0329500713267,42.83675,-23.0875333333333,"Mk37_2",-25.485,,"pCO2, epsilon_p, and SST are reported graphically, but it is not feasible to extract the data because there are so many overlapping data points.",656
"phytoplankton_pagani_1999a.xlsx",312,313,"phytoplankton_Pagani_1999a_309",,,,"F","Superceded by Super et al. (2018)",1999,22.0937774607703,42.83675,-23.0875333333333,"NA",,,"pCO2, epsilon_p, and SST are reported graphically, but it is not feasible to extract the data because there are so many overlapping data points.",657
"phytoplankton_pagani_1999a.xlsx",313,314,"phytoplankton_Pagani_1999a_310",,,,"F","Superceded by Super et al. (2018)",1999,22.1525577746077,42.83675,-23.0875333333333,"NA",,,"pCO2, epsilon_p, and SST are reported graphically, but it is not feasible to extract the data because there are so many overlapping data points.",658
"phytoplankton_pagani_1999a.xlsx",314,315,"phytoplankton_Pagani_1999a_311",,,,"F","Superceded by Super et al. (2018)",1999,22.2054893009986,42.83675,-23.0875333333333,"Mk37_2",-24.015,,"pCO2, epsilon_p, and SST are reported graphically, but it is not feasible to extract the data because there are so many overlapping data points.",659
"phytoplankton_pagani_1999a.xlsx",315,316,"phytoplankton_Pagani_1999a_312",,,,"F","Superceded by Super et al. (2018)",1999,22.2721654778887,42.83675,-23.0875333333333,"Mk37_2",-23.22,,"pCO2, epsilon_p, and SST are reported graphically, but it is not feasible to extract the data because there are so many overlapping data points.",660
"phytoplankton_pagani_1999a.xlsx",316,317,"phytoplankton_Pagani_1999a_313",,,,"F","Superceded by Super et al. (2018)",1999,22.3318231098431,42.83675,-23.0875333333333,"NA",,,"pCO2, epsilon_p, and SST are reported graphically, but it is not feasible to extract the data because there are so many overlapping data points.",661
"phytoplankton_pagani_1999a.xlsx",317,318,"phytoplankton_Pagani_1999a_314",,,,"F","Superceded by Super et al. (2018)",1999,22.5572938659058,42.83675,-23.0875333333333,"Mk37_2",-25.885,,"pCO2, epsilon_p, and SST are reported graphically, but it is not feasible to extract the data because there are so many overlapping data points.",662
"phytoplankton_pagani_1999a.xlsx",318,319,"phytoplankton_Pagani_1999a_315",,,,"F","Superceded by Super et al. (2018)",1999,22.5613880171184,42.83675,-23.0875333333333,"NA",,,"pCO2, epsilon_p, and SST are reported graphically, but it is not feasible to extract the data because there are so many overlapping data points.",663
"phytoplankton_pagani_1999a.xlsx",319,320,"phytoplankton_Pagani_1999a_316",,,,"F","Superceded by Super et al. (2018)",1999,23.0239361022364,42.83675,-23.0875333333333,"NA",,,"pCO2, epsilon_p, and SST are reported graphically, but it is not feasible to extract the data because there are so many overlapping data points.",664
"phytoplankton_pagani_1999a.xlsx",320,321,"phytoplankton_Pagani_1999a_317",,,,"F","Superceded by Super et al. (2018)",1999,23.4598722044728,42.83675,-23.0875333333333,"NA",,,"pCO2, epsilon_p, and SST are reported graphically, but it is not feasible to extract the data because there are so many overlapping data points.",665
"phytoplankton_pagani_1999a.xlsx",321,322,"phytoplankton_Pagani_1999a_318",,,,"F","Superceded by Super et al. (2018)",1999,23.8538913738019,42.83675,-23.0875333333333,"Mk37_2",-28.29,,"pCO2, epsilon_p, and SST are reported graphically, but it is not feasible to extract the data because there are so many overlapping data points.",666
"phytoplankton_pagani_1999a.xlsx",322,323,"phytoplankton_Pagani_1999a_319",,,,"F","Superceded by Super et al. (2018)",1999,24.3182403343783,42.83675,-23.0875333333333,"Mk37_2",-24.52,,"pCO2, epsilon_p, and SST are reported graphically, but it is not feasible to extract the data because there are so many overlapping data points.",667
"phytoplankton_pagani_1999a.xlsx",323,324,"phytoplankton_Pagani_1999a_320",,,,"F","Superceded by Super et al. (2018)",1999,24.4007447753396,42.83675,-23.0875333333333,"NA",,,"pCO2, epsilon_p, and SST are reported graphically, but it is not feasible to extract the data because there are so many overlapping data points.",668
"phytoplankton_pagani_1999a.xlsx",324,325,"phytoplankton_Pagani_1999a_321",,,,"F","Superceded by Super et al. (2018)",1999,24.4807985893417,42.83675,-23.0875333333333,"NA",,,"pCO2, epsilon_p, and SST are reported graphically, but it is not feasible to extract the data because there are so many overlapping data points.",669
"phytoplankton_pagani_1999a.xlsx",325,326,"phytoplankton_Pagani_1999a_322",,,,"F","Superceded by Super et al. (2018)",1999,24.5673874085684,42.83675,-23.0875333333333,"NA",,,"pCO2, epsilon_p, and SST are reported graphically, but it is not feasible to extract the data because there are so many overlapping data points.",670
"phytoplankton_pagani_1999a.xlsx",326,327,"phytoplankton_Pagani_1999a_323",,,,"F","Superceded by Super et al. (2018)",1999,24.6490749738767,42.83675,-23.0875333333333,"NA",,,"pCO2, epsilon_p, and SST are reported graphically, but it is not feasible to extract the data because there are so many overlapping data points.",671
"phytoplankton_pagani_1999a.xlsx",327,328,"phytoplankton_Pagani_1999a_324",,,,"F","Superceded by Super et al. (2018)",1999,24.7185094043887,42.83675,-23.0875333333333,"NA",,,"pCO2, epsilon_p, and SST are reported graphically, but it is not feasible to extract the data because there are so many overlapping data points.",672
"phytoplankton_pagani_1999a.xlsx",328,329,"phytoplankton_Pagani_1999a_325",,,,"F","Superceded by Super et al. (2018)",1999,24.809999477534,42.83675,-23.0875333333333,"NA",,,"pCO2, epsilon_p, and SST are reported graphically, but it is not feasible to extract the data because there are so many overlapping data points.",673
"phytoplankton_pagani_1999a.xlsx",329,330,"phytoplankton_Pagani_1999a_326",,,,"F","Superceded by Super et al. (2018)",1999,24.8916870428422,42.83675,-23.0875333333333,"NA",,,"pCO2, epsilon_p, and SST are reported graphically, but it is not feasible to extract the data because there are so many overlapping data points.",674
"phytoplankton_pagani_1999a.xlsx",330,331,"phytoplankton_Pagani_1999a_327",,,,"F","Superceded by Super et al. (2018)",1999,24.9758252351097,42.83675,-23.0875333333333,"NA",,,"pCO2, epsilon_p, and SST are reported graphically, but it is not feasible to extract the data because there are so many overlapping data points.",675
"phytoplankton_pagani_1999a.xlsx",331,332,"phytoplankton_Pagani_1999a_328",,,,"F","Superceded by Super et al. (2018)",1999,27.0400700104493,42.83675,-23.0875333333333,"NA",,,"pCO2, epsilon_p, and SST are reported graphically, but it is not feasible to extract the data because there are so many overlapping data points.",676
"phytoplankton_pagani_1999a.xlsx",332,333,"phytoplankton_Pagani_1999a_329",,,,"F","Superceded by Super et al. (2018)",1999,,42.83675,-23.0875333333333,"NA",,,"pCO2, epsilon_p, and SST are reported graphically, but it is not feasible to extract the data because there are so many overlapping data points.",677
"phytoplankton_pagani_1999a.xlsx",333,334,"phytoplankton_Pagani_1999a_330",,,,"F","Upwelling location",1999,11.8054107883817,17.7314166666667,57.6919833333333,"Mk37_2",-20.925,26.589572,"pCO2, epsilon_p, and SST are reported graphically, but it is not feasible to extract the data because there are so many overlapping data points.",678
"phytoplankton_pagani_1999a.xlsx",334,335,"phytoplankton_Pagani_1999a_331",,,,"F","Upwelling location",1999,11.819020746888,17.7314166666667,57.6919833333333,"Mk37_2",-20.54,24.706852,"pCO2, epsilon_p, and SST are reported graphically, but it is not feasible to extract the data because there are so many overlapping data points.",679
"phytoplankton_pagani_1999a.xlsx",335,336,"phytoplankton_Pagani_1999a_332",,,,"F","Upwelling location",1999,11.8303070539419,17.7314166666667,57.6919833333333,"Mk37_2",-20.485,,"pCO2, epsilon_p, and SST are reported graphically, but it is not feasible to extract the data because there are so many overlapping data points.",680
"phytoplankton_pagani_1999a.xlsx",336,337,"phytoplankton_Pagani_1999a_333",,,,"F","Upwelling location",1999,11.8412614107884,17.7314166666667,57.6919833333333,"Mk37_2",-20.425,,"pCO2, epsilon_p, and SST are reported graphically, but it is not feasible to extract the data because there are so many overlapping data points.",681
"phytoplankton_pagani_1999a.xlsx",337,338,"phytoplankton_Pagani_1999a_334",,,,"F","Upwelling location",1999,11.8521493775934,17.7314166666667,57.6919833333333,"Mk37_2",-20.915,23.827133,"pCO2, epsilon_p, and SST are reported graphically, but it is not feasible to extract the data because there are so many overlapping data points.",682
"phytoplankton_pagani_1999a.xlsx",338,339,"phytoplankton_Pagani_1999a_335",,,,"F","Upwelling location",1999,11.8720663900415,17.7314166666667,57.6919833333333,"Mk37_2",-21.375,23.4095346528926,"pCO2, epsilon_p, and SST are reported graphically, but it is not feasible to extract the data because there are so many overlapping data points.",683
"phytoplankton_pagani_1999a.xlsx",339,340,"phytoplankton_Pagani_1999a_336",,,,"F","Upwelling location",1999,11.8939751037344,17.7314166666667,57.6919833333333,"Mk37_2",-20.33,23.459533,"pCO2, epsilon_p, and SST are reported graphically, but it is not feasible to extract the data because there are so many overlapping data points.",684
"phytoplankton_pagani_1999a.xlsx",340,341,"phytoplankton_Pagani_1999a_337",,,,"F","Upwelling location",1999,11.9062572614108,17.7314166666667,57.6919833333333,"NA",,23.322112,"pCO2, epsilon_p, and SST are reported graphically, but it is not feasible to extract the data because there are so many overlapping data points.",685
"phytoplankton_pagani_1999a.xlsx",341,342,"phytoplankton_Pagani_1999a_338",,,,"F","Upwelling location",1999,11.9128962655602,17.7314166666667,57.6919833333333,"Mk37_2",-20.92,22.729325,"pCO2, epsilon_p, and SST are reported graphically, but it is not feasible to extract the data because there are so many overlapping data points.",686
"phytoplankton_pagani_1999a.xlsx",342,343,"phytoplankton_Pagani_1999a_339",,,,"F","Upwelling location",1999,11.9334771784232,17.7314166666667,57.6919833333333,"Mk37_2",-21.63,24.057728,"pCO2, epsilon_p, and SST are reported graphically, but it is not feasible to extract the data because there are so many overlapping data points.",687
"phytoplankton_pagani_1999a.xlsx",343,344,"phytoplankton_Pagani_1999a_340",,,,"F","Upwelling location",1999,11.9447634854772,17.7314166666667,57.6919833333333,"Mk37_2",-21.215,24.150148,"pCO2, epsilon_p, and SST are reported graphically, but it is not feasible to extract the data because there are so many overlapping data points.",688
"phytoplankton_pagani_1999a.xlsx",344,345,"phytoplankton_Pagani_1999a_341",,,,"F","Upwelling location",1999,11.9547219917012,17.7314166666667,57.6919833333333,"Mk37_2",-20.66,23.965412,"pCO2, epsilon_p, and SST are reported graphically, but it is not feasible to extract the data because there are so many overlapping data points.",689
"phytoplankton_pagani_1999a.xlsx",345,346,"phytoplankton_Pagani_1999a_342",,,,"F","Upwelling location",1999,11.9812780082988,17.7314166666667,57.6919833333333,"Mk37_2",-23.05,23.139248,"pCO2, epsilon_p, and SST are reported graphically, but it is not feasible to extract the data because there are so many overlapping data points.",690
"phytoplankton_pagani_1999a.xlsx",346,347,"phytoplankton_Pagani_1999a_343",,,,"F","Upwelling location",1999,12,17.7314166666667,57.6919833333333,"Mk37_2",-21.475,23.827133,"pCO2, epsilon_p, and SST are reported graphically, but it is not feasible to extract the data because there are so many overlapping data points.",691
"phytoplankton_pagani_1999a.xlsx",347,348,"phytoplankton_Pagani_1999a_344",,,,"F","Upwelling location",1999,12.0241426611797,17.7314166666667,57.6919833333333,"Mk37_2",-20.67,24.057728,"pCO2, epsilon_p, and SST are reported graphically, but it is not feasible to extract the data because there are so many overlapping data points.",692
"phytoplankton_pagani_1999a.xlsx",348,349,"phytoplankton_Pagani_1999a_345",,,,"F","Upwelling location",1999,12.0984727937814,17.7314166666667,57.6919833333333,"Mk37_2",-20.62,22.638517,"pCO2, epsilon_p, and SST are reported graphically, but it is not feasible to extract the data because there are so many overlapping data points.",693
"phytoplankton_pagani_1999a.xlsx",349,350,"phytoplankton_Pagani_1999a_346",,,,"F","Upwelling location",1999,12.1452949245542,17.7314166666667,57.6919833333333,"Mk37_2",-20.895,24.011557,"pCO2, epsilon_p, and SST are reported graphically, but it is not feasible to extract the data because there are so many overlapping data points.",694
"phytoplankton_pagani_1999a.xlsx",350,351,"phytoplankton_Pagani_1999a_347",,,,"F","Upwelling location",1999,12.1641700960219,17.7314166666667,57.6919833333333,"NA",,22.5025,"pCO2, epsilon_p, and SST are reported graphically, but it is not feasible to extract the data because there are so many overlapping data points.",695
"phytoplankton_pagani_1999a.xlsx",351,352,"phytoplankton_Pagani_1999a_348",,,,"F","Upwelling location",1999,12.2411339734797,17.7314166666667,57.6919833333333,"Mk37_2",-22.295,20.7113,"pCO2, epsilon_p, and SST are reported graphically, but it is not feasible to extract the data because there are so many overlapping data points.",696
"phytoplankton_pagani_1999a.xlsx",352,353,"phytoplankton_Pagani_1999a_349",,,,"F","Upwelling location",1999,12.2791769547325,17.7314166666667,57.6919833333333,"Mk37_2",-22.57,21.288877,"pCO2, epsilon_p, and SST are reported graphically, but it is not feasible to extract the data because there are so many overlapping data points.",697
"phytoplankton_pagani_1999a.xlsx",353,354,"phytoplankton_Pagani_1999a_350",,,,"F","Upwelling location",1999,12.3003932327389,17.7314166666667,57.6919833333333,"Mk37_2",-21.45,21.915797,"pCO2, epsilon_p, and SST are reported graphically, but it is not feasible to extract the data because there are so many overlapping data points.",698
"phytoplankton_pagani_1999a.xlsx",354,355,"phytoplankton_Pagani_1999a_351",,,,"F","Upwelling location",1999,12.3276085962506,17.7314166666667,57.6919833333333,"Mk37_2",-22.63,19.918832,"pCO2, epsilon_p, and SST are reported graphically, but it is not feasible to extract the data because there are so many overlapping data points.",699
"phytoplankton_pagani_1999a.xlsx",355,356,"phytoplankton_Pagani_1999a_352",,,,"F","Upwelling location",1999,12.377210791038,17.7314166666667,57.6919833333333,"Mk37_2",-22.49,20.446208,"pCO2, epsilon_p, and SST are reported graphically, but it is not feasible to extract the data because there are so many overlapping data points.",700
"phytoplankton_pagani_1999a.xlsx",356,357,"phytoplankton_Pagani_1999a_353",,,,"F","Upwelling location",1999,12.3952080475537,17.7314166666667,57.6919833333333,"NA",,21.915797,"pCO2, epsilon_p, and SST are reported graphically, but it is not feasible to extract the data because there are so many overlapping data points.",701
"phytoplankton_pagani_1999a.xlsx",357,358,"phytoplankton_Pagani_1999a_354",,,,"F","Upwelling location",1999,12.4525651577503,17.7314166666667,57.6919833333333,"Mk37_2",-21.45,,"pCO2, epsilon_p, and SST are reported graphically, but it is not feasible to extract the data because there are so many overlapping data points.",702
"phytoplankton_pagani_1999a.xlsx",358,359,"phytoplankton_Pagani_1999a_355",,,,"F","Upwelling location",1999,12.4876817558299,17.7314166666667,57.6919833333333,"Mk37_2",-21.9,22.411952,"pCO2, epsilon_p, and SST are reported graphically, but it is not feasible to extract the data because there are so many overlapping data points.",703
"phytoplankton_pagani_1999a.xlsx",359,360,"phytoplankton_Pagani_1999a_356",,,,"F","Upwelling location",1999,12.5154823959762,17.7314166666667,57.6919833333333,"Mk37_2",-22.235,20.006468,"pCO2, epsilon_p, and SST are reported graphically, but it is not feasible to extract the data because there are so many overlapping data points.",704
"phytoplankton_pagani_1999a.xlsx",360,361,"phytoplankton_Pagani_1999a_357",,,,"F","Upwelling location",1999,12.5681572930956,17.7314166666667,57.6919833333333,"Mk37_2",-20.895,,"pCO2, epsilon_p, and SST are reported graphically, but it is not feasible to extract the data because there are so many overlapping data points.",705
"phytoplankton_pagani_1999a.xlsx",361,362,"phytoplankton_Pagani_1999a_358",,,,"F","Upwelling location",1999,12.589373571102,17.7314166666667,57.6919833333333,"Mk37_2",-22.38,19.134788,"pCO2, epsilon_p, and SST are reported graphically, but it is not feasible to extract the data because there are so many overlapping data points.",706
"phytoplankton_pagani_1999a.xlsx",362,363,"phytoplankton_Pagani_1999a_359",,,,"F","Upwelling location",1999,12.6405852766347,17.7314166666667,57.6919833333333,"NA",,20.446208,"pCO2, epsilon_p, and SST are reported graphically, but it is not feasible to extract the data because there are so many overlapping data points.",707
"phytoplankton_pagani_1999a.xlsx",363,364,"phytoplankton_Pagani_1999a_360",,,,"F","Upwelling location",1999,12.8002550760127,17.7314166666667,57.6919833333333,"Mk37_2",-22.43,20.050325,"pCO2, epsilon_p, and SST are reported graphically, but it is not feasible to extract the data because there are so many overlapping data points.",708
"phytoplankton_pagani_1999a.xlsx",364,365,"phytoplankton_Pagani_1999a_361",,,,"F","Upwelling location",1999,12.8997347209468,17.7314166666667,57.6919833333333,"Mk37_2",-21.78,20.27,"pCO2, epsilon_p, and SST are reported graphically, but it is not feasible to extract the data because there are so many overlapping data points.",709
"phytoplankton_pagani_1999a.xlsx",365,366,"phytoplankton_Pagani_1999a_362",,,,"F","Upwelling location",1999,13.0578818487909,17.7314166666667,57.6919833333333,"NA",,18.487853,"pCO2, epsilon_p, and SST are reported graphically, but it is not feasible to extract the data because there are so many overlapping data points.",710
"phytoplankton_pagani_1999a.xlsx",366,367,"phytoplankton_Pagani_1999a_363",,,,"F","Upwelling location",1999,13.0946127946128,17.7314166666667,57.6919833333333,"Mk37_2",-21.25,20.226013,"pCO2, epsilon_p, and SST are reported graphically, but it is not feasible to extract the data because there are so many overlapping data points.",711
"phytoplankton_pagani_1999a.xlsx",367,368,"phytoplankton_Pagani_1999a_364",,,,"F","Upwelling location",1999,13.313468013468,17.7314166666667,57.6919833333333,"NA",,16.665728,"pCO2, epsilon_p, and SST are reported graphically, but it is not feasible to extract the data because there are so many overlapping data points.",712
"phytoplankton_pagani_1999a.xlsx",368,369,"phytoplankton_Pagani_1999a_365",,,,"F","Upwelling location",1999,13.3461177430874,17.7314166666667,57.6919833333333,"Mk37_2",-21.575,18.702848,"pCO2, epsilon_p, and SST are reported graphically, but it is not feasible to extract the data because there are so many overlapping data points.",713
"phytoplankton_pagani_1999a.xlsx",369,370,"phytoplankton_Pagani_1999a_366",,,,"F","Upwelling location",1999,13.3614223038465,17.7314166666667,57.6919833333333,"Mk37_2",-21.5,18.875312,"pCO2, epsilon_p, and SST are reported graphically, but it is not feasible to extract the data because there are so many overlapping data points.",714
"phytoplankton_pagani_1999a.xlsx",370,371,"phytoplankton_Pagani_1999a_367",,,,"F","Upwelling location",1999,13.821069278645,17.7314166666667,57.6919833333333,"Mk37_2",-23.695,19.962637,"pCO2, epsilon_p, and SST are reported graphically, but it is not feasible to extract the data because there are so many overlapping data points.",715
"phytoplankton_pagani_1999a.xlsx",371,372,"phytoplankton_Pagani_1999a_368",,,,"F","Upwelling location",1999,13.8404550556066,17.7314166666667,57.6919833333333,"Mk37_2",-21.61,20.932925,"pCO2, epsilon_p, and SST are reported graphically, but it is not feasible to extract the data because there are so many overlapping data points.",716
"phytoplankton_pagani_1999a.xlsx",372,373,"phytoplankton_Pagani_1999a_369",,,,"F","Upwelling location",1999,14.2842873176207,17.7314166666667,57.6919833333333,"Mk37_2",-20.26,19.091477,"pCO2, epsilon_p, and SST are reported graphically, but it is not feasible to extract the data because there are so many overlapping data points.",717
"phytoplankton_pagani_1999a.xlsx",373,374,"phytoplankton_Pagani_1999a_370",,,,"F","Upwelling location",1999,14.8281093765942,17.7314166666667,57.6919833333333,"Mk37_2",-22.56,20.799872,"pCO2, epsilon_p, and SST are reported graphically, but it is not feasible to extract the data because there are so many overlapping data points.",718
"phytoplankton_pagani_1999a.xlsx",374,375,"phytoplankton_Pagani_1999a_371",,,,"F","Upwelling location",1999,14.8434139373533,17.7314166666667,57.6919833333333,"NA",,20.226013,"pCO2, epsilon_p, and SST are reported graphically, but it is not feasible to extract the data because there are so many overlapping data points.",719
"phytoplankton_pagani_1999a.xlsx",375,376,"phytoplankton_Pagani_1999a_372",,,,"F","Upwelling location",1999,14.8760636669728,17.7314166666667,57.6919833333333,"Mk37_2",-21.45,21.288877,"pCO2, epsilon_p, and SST are reported graphically, but it is not feasible to extract the data because there are so many overlapping data points.",720
"phytoplankton_pagani_1999a.xlsx",376,377,"phytoplankton_Pagani_1999a_373",,,,"F","Upwelling location",1999,14.945444342414,17.7314166666667,57.6919833333333,"Mk37_2",-22.09,19.875053,"pCO2, epsilon_p, and SST are reported graphically, but it is not feasible to extract the data because there are so many overlapping data points.",721
"phytoplankton_pagani_1999a.xlsx",377,378,"phytoplankton_Pagani_1999a_374",,,,"F","Upwelling location",1999,15.3,17.7314166666667,57.6919833333333,"Mk37_2",-21.71,,"pCO2, epsilon_p, and SST are reported graphically, but it is not feasible to extract the data because there are so many overlapping data points.",722
"phytoplankton_pagani_1999a.xlsx",378,379,"phytoplankton_Pagani_1999a_375",,,,"F","Upwelling location",1999,15.3116788321168,17.7314166666667,57.6919833333333,"NA",,21.512192,"pCO2, epsilon_p, and SST are reported graphically, but it is not feasible to extract the data because there are so many overlapping data points.",723
"phytoplankton_pagani_1999a.xlsx",379,380,"phytoplankton_Pagani_1999a_376",,,,"F","Upwelling location",1999,15.4341605839416,17.7314166666667,57.6919833333333,"Mk37_2",-21.395,20.490325,"pCO2, epsilon_p, and SST are reported graphically, but it is not feasible to extract the data because there are so many overlapping data points.",724
"phytoplankton_pagani_1999a.xlsx",380,381,"phytoplankton_Pagani_1999a_377",,,,"F","Upwelling location",1999,15.4525547445255,17.7314166666667,57.6919833333333,"Mk37_2",-21.45,,"pCO2, epsilon_p, and SST are reported graphically, but it is not feasible to extract the data because there are so many overlapping data points.",725
"phytoplankton_pagani_1999a.xlsx",381,382,"phytoplankton_Pagani_1999a_378",,,,"F","Upwelling location",1999,15.4621897810219,17.7314166666667,57.6919833333333,"Mk37_2",-22.08,21.288877,"pCO2, epsilon_p, and SST are reported graphically, but it is not feasible to extract the data because there are so many overlapping data points.",726
"phytoplankton_pagani_1999a.xlsx",382,383,"phytoplankton_Pagani_1999a_379",,,,"F","Upwelling location",1999,15.5690510948905,17.7314166666667,57.6919833333333,"Mk37_2",-22.08,21.110693,"pCO2, epsilon_p, and SST are reported graphically, but it is not feasible to extract the data because there are so many overlapping data points.",727
"phytoplankton_pagani_1999a.xlsx",383,384,"phytoplankton_Pagani_1999a_380",,,,"F","Upwelling location",1999,15.585401459854,17.7314166666667,57.6919833333333,"Mk37_2",-21.58,21.646493,"pCO2, epsilon_p, and SST are reported graphically, but it is not feasible to extract the data because there are so many overlapping data points.",728
"phytoplankton_pagani_1999a.xlsx",384,385,"phytoplankton_Pagani_1999a_381",,,,"F","Upwelling location",1999,15.6023357664234,17.7314166666667,57.6919833333333,"NA",,22.186037,"pCO2, epsilon_p, and SST are reported graphically, but it is not feasible to extract the data because there are so many overlapping data points.",729
"phytoplankton_pagani_1999a.xlsx",385,386,"phytoplankton_Pagani_1999a_382",,,,"F","Upwelling location",1999,15.6233576642336,17.7314166666667,57.6919833333333,"Mk37_2",-20.805,19.264877,"pCO2, epsilon_p, and SST are reported graphically, but it is not feasible to extract the data because there are so many overlapping data points.",730
"phytoplankton_pagani_1999a.xlsx",386,387,"phytoplankton_Pagani_1999a_383",,,,"F","Upwelling location",1999,15.6401459854015,17.7314166666667,57.6919833333333,"Mk37_2",-22.43,24.613808,"pCO2, epsilon_p, and SST are reported graphically, but it is not feasible to extract the data because there are so many overlapping data points.",731
"phytoplankton_pagani_1999a.xlsx",387,388,"phytoplankton_Pagani_1999a_384",,,,"F","Upwelling location",1999,15.6620437956204,17.7314166666667,57.6919833333333,"Mk37_2",-20.86,20.534468,"pCO2, epsilon_p, and SST are reported graphically, but it is not feasible to extract the data because there are so many overlapping data points.",732
"phytoplankton_pagani_1999a.xlsx",388,389,"phytoplankton_Pagani_1999a_385",,,,"F","Upwelling location",1999,15.7,17.7314166666667,57.6919833333333,"Mk37_2",-21.72,20.182052,"pCO2, epsilon_p, and SST are reported graphically, but it is not feasible to extract the data because there are so many overlapping data points.",733
"phytoplankton_pagani_1999a.xlsx",389,390,"phytoplankton_Pagani_1999a_386",,,,"F","Upwelling location",1999,15.7220183486239,17.7314166666667,57.6919833333333,"Mk37_2",-20.705,20.314013,"pCO2, epsilon_p, and SST are reported graphically, but it is not feasible to extract the data because there are so many overlapping data points.",734
"phytoplankton_pagani_1999a.xlsx",390,391,"phytoplankton_Pagani_1999a_387",,,,"F","Upwelling location",1999,15.7302752293578,17.7314166666667,57.6919833333333,"Mk37_2",-20.335,21.021757,"pCO2, epsilon_p, and SST are reported graphically, but it is not feasible to extract the data because there are so many overlapping data points.",735
"phytoplankton_pagani_1999a.xlsx",391,392,"phytoplankton_Pagani_1999a_388",,,,"F","Upwelling location",1999,16,17.7314166666667,57.6919833333333,"Mk37_2",-20.35,18.745925,"pCO2, epsilon_p, and SST are reported graphically, but it is not feasible to extract the data because there are so many overlapping data points.",736
"phytoplankton_pagani_1999a.xlsx",392,393,"phytoplankton_Pagani_1999a_389",,,,"F","Upwelling location",1999,16.0288990825688,17.7314166666667,57.6919833333333,"Mk37_2",-20.515,21.915797,"pCO2, epsilon_p, and SST are reported graphically, but it is not feasible to extract the data because there are so many overlapping data points.",737
"phytoplankton_pagani_1999a.xlsx",393,394,"phytoplankton_Pagani_1999a_390",,,,"F","Upwelling location",1999,16.0489908256881,17.7314166666667,57.6919833333333,"NA",,,"pCO2, epsilon_p, and SST are reported graphically, but it is not feasible to extract the data because there are so many overlapping data points.",738
"phytoplankton_pagani_1999a.xlsx",394,395,"phytoplankton_Pagani_1999a_391",,,,"F","Upwelling location",1999,16.121376146789,17.7314166666667,57.6919833333333,"Mk37_2",-20.445,19.962637,"pCO2, epsilon_p, and SST are reported graphically, but it is not feasible to extract the data because there are so many overlapping data points.",739
"phytoplankton_pagani_1999b.xlsx",4,5,"phytoplankton_Pagani_1999b_1",,,,"T",,1999,5.37388920570265,-26.1116666666667,161.226666666667,"Mk37_2",-23.735,23.1037585801805,,740
"phytoplankton_pagani_1999b.xlsx",5,6,"phytoplankton_Pagani_1999b_2",,,,"T",,1999,5.80528635437882,-26.1116666666667,161.226666666667,"Mk37_2",-22.955,22.141304510863,,741
"phytoplankton_pagani_1999b.xlsx",6,7,"phytoplankton_Pagani_1999b_3",,,,"T",,1999,6.088724,-26.1116666666667,161.226666666667,"Mk37_2",-22.7955555555556,23.0046992697512,,742
"phytoplankton_pagani_1999b.xlsx",7,8,"phytoplankton_Pagani_1999b_4",,,,"T",,1999,6.3656395480226,-26.1116666666667,161.226666666667,"Mk37_2",-23.1161111111111,23.0362152717947,,743
"phytoplankton_pagani_1999b.xlsx",8,9,"phytoplankton_Pagani_1999b_5",,,,"T",,1999,6.78079047619048,-26.1116666666667,161.226666666667,"Mk37_2",-24.62875,21.786638610922,,744
"phytoplankton_pagani_1999b.xlsx",9,10,"phytoplankton_Pagani_1999b_6",,,,"T",,1999,7.18963067846608,-26.1116666666667,161.226666666667,"Mk37_2",-22.7405555555556,22.734671968578,,745
"phytoplankton_pagani_1999b.xlsx",10,11,"phytoplankton_Pagani_1999b_7",,,,"T",,1999,7.33894749262537,-26.1116666666667,161.226666666667,"Mk37_2",-23.1205555555556,23.5949426551835,,746
"phytoplankton_pagani_1999b.xlsx",11,12,"phytoplankton_Pagani_1999b_8",,,,"T",,1999,7.61773333333333,-26.1116666666667,161.226666666667,"Mk37_2",-22.2122222222222,21.5623427889784,,747
"phytoplankton_pagani_1999b.xlsx",12,13,"phytoplankton_Pagani_1999b_9",,,,"T",,1999,8.33591502145923,-26.1116666666667,161.226666666667,"Mk37_2",-22.5555555555556,21.791125921097,,748
"phytoplankton_pagani_1999b.xlsx",13,14,"phytoplankton_Pagani_1999b_10",,,,"T",,1999,8.65574849785408,-26.1116666666667,161.226666666667,"Mk37_2",-22.7902777777778,23.2073488711832,,749
"phytoplankton_pagani_1999b.xlsx",14,15,"phytoplankton_Pagani_1999b_11",,"phytoplankton_Pagani_1999a_1",,"T","Supercedes Pagani et al. (1999a)",1999,9.0695,-26.1116666666667,161.226666666667,"Mk37_2",-22.225,22.3198447648052,"Originally reported by Pagani et al. (1999a). Some data (such as alkenone concentrations and foraminifera isotope data) were not reported in the datatable of Pagani et al. (1999b), so we populate those columns with the entries from Pagani et al. (1999a).",750
"phytoplankton_pagani_1999b.xlsx",15,16,"phytoplankton_Pagani_1999b_12",,,,"T",,1999,9.096,-26.1116666666667,161.226666666667,"Mk37_2",-24.65375,21.979642303102,,751
"phytoplankton_pagani_1999b.xlsx",16,17,"phytoplankton_Pagani_1999b_13",,,,"T",,1999,9.57456,-26.1116666666667,161.226666666667,"Mk37_2",-23.76375,23.0767397811056,,752
"phytoplankton_pagani_1999b.xlsx",17,18,"phytoplankton_Pagani_1999b_14",,"phytoplankton_Pagani_1999a_4",,"T","Supercedes Pagani et al. (1999a)",1999,9.58103333333333,-26.1116666666667,161.226666666667,"Mk37_2",-23.34,23.8296411251497,"Originally reported by Pagani et al. (1999a). Some data (such as alkenone concentrations and foraminifera isotope data) were not reported in the datatable of Pagani et al. (1999b), so we populate those columns with the entries from Pagani et al. (1999a).",753
"phytoplankton_pagani_1999b.xlsx",18,19,"phytoplankton_Pagani_1999b_15",,"phytoplankton_Pagani_1999a_5",,"T","Supercedes Pagani et al. (1999a)",1999,9.60878571428571,-26.1116666666667,161.226666666667,"Mk37_2",-22.22,22.9978681161091,"Originally reported by Pagani et al. (1999a). Some data (such as alkenone concentrations and foraminifera isotope data) were not reported in the datatable of Pagani et al. (1999b), so we populate those columns with the entries from Pagani et al. (1999a).",754
"phytoplankton_pagani_1999b.xlsx",19,20,"phytoplankton_Pagani_1999b_16",,"phytoplankton_Pagani_1999a_6",,"T","Supercedes Pagani et al. (1999a)",1999,9.62974761904762,-26.1116666666667,161.226666666667,"Mk37_2",-22.135,19.8922419092525,"Originally reported by Pagani et al. (1999a). Some data (such as alkenone concentrations and foraminifera isotope data) were not reported in the datatable of Pagani et al. (1999b), so we populate those columns with the entries from Pagani et al. (1999a).",755
"phytoplankton_pagani_1999b.xlsx",20,21,"phytoplankton_Pagani_1999b_17",,"phytoplankton_Pagani_1999a_8",,"T","Supercedes Pagani et al. (1999a)",1999,9.82547779273217,-26.1116666666667,161.226666666667,"Mk37_2",-23.36,22.7521824500721,"Originally reported by Pagani et al. (1999a). Some data (such as alkenone concentrations and foraminifera isotope data) were not reported in the datatable of Pagani et al. (1999b), so we populate those columns with the entries from Pagani et al. (1999a).",756
"phytoplankton_pagani_1999b.xlsx",21,22,"phytoplankton_Pagani_1999b_18",,"phytoplankton_Pagani_1999a_9",,"T","Supercedes Pagani et al. (1999a)",1999,9.94257065948856,-26.1116666666667,161.226666666667,"Mk37_2",-22.205,23.26645916828,"Originally reported by Pagani et al. (1999a). Some data (such as alkenone concentrations and foraminifera isotope data) were not reported in the datatable of Pagani et al. (1999b), so we populate those columns with the entries from Pagani et al. (1999a).",757
"phytoplankton_pagani_1999b.xlsx",22,23,"phytoplankton_Pagani_1999b_19",,"phytoplankton_Pagani_1999a_10",,"T","Supercedes Pagani et al. (1999a)",1999,10.0651278600269,-26.1116666666667,161.226666666667,"Mk37_2",-22.87,23.1386391432326,"Originally reported by Pagani et al. (1999a). Some data (such as alkenone concentrations and foraminifera isotope data) were not reported in the datatable of Pagani et al. (1999b), so we populate those columns with the entries from Pagani et al. (1999a).",758
"phytoplankton_pagani_1999b.xlsx",23,24,"phytoplankton_Pagani_1999b_20",,"phytoplankton_Pagani_1999a_11",,"T","Supercedes Pagani et al. (1999a)",1999,10.1767563930013,-26.1116666666667,161.226666666667,"Mk37_2",-23.4466666666667,23.1434386204964,"Originally reported by Pagani et al. (1999a). Some data (such as alkenone concentrations and foraminifera isotope data) were not reported in the datatable of Pagani et al. (1999b), so we populate those columns with the entries from Pagani et al. (1999a).",759
"phytoplankton_pagani_1999b.xlsx",24,25,"phytoplankton_Pagani_1999b_21",,,,"T",,1999,10.2021265141319,-26.1116666666667,161.226666666667,"Mk37_2",-22.9872222222222,22.4153938413981,,760
"phytoplankton_pagani_1999b.xlsx",25,26,"phytoplankton_Pagani_1999b_22",,"phytoplankton_Pagani_1999a_13",,"T","Supercedes Pagani et al. (1999a)",1999,10.3438088829071,-26.1116666666667,161.226666666667,"Mk37_2",-22.42,23.6646145338388,"Originally reported by Pagani et al. (1999a). Some data (such as alkenone concentrations and foraminifera isotope data) were not reported in the datatable of Pagani et al. (1999b), so we populate those columns with the entries from Pagani et al. (1999a).",761
"phytoplankton_pagani_1999b.xlsx",26,27,"phytoplankton_Pagani_1999b_23",,"phytoplankton_Pagani_1999a_14",,"T","Supercedes Pagani et al. (1999a)",1999,10.4609017496635,-26.1116666666667,161.226666666667,"Mk37_2",-23.255,22.9718047294042,"Originally reported by Pagani et al. (1999a). Some data (such as alkenone concentrations and foraminifera isotope data) were not reported in the datatable of Pagani et al. (1999b), so we populate those columns with the entries from Pagani et al. (1999a).",762
"phytoplankton_pagani_1999b.xlsx",27,28,"phytoplankton_Pagani_1999b_24",,"phytoplankton_Pagani_1999a_15",,"T","Supercedes Pagani et al. (1999a)",1999,10.5764333781965,-26.1116666666667,161.226666666667,"Mk37_2",-21.0633333333333,24.1085581133151,"Originally reported by Pagani et al. (1999a). Some data (such as alkenone concentrations and foraminifera isotope data) were not reported in the datatable of Pagani et al. (1999b), so we populate those columns with the entries from Pagani et al. (1999a).",763
"phytoplankton_pagani_1999b.xlsx",28,29,"phytoplankton_Pagani_1999b_25",,"phytoplankton_Pagani_1999a_16",,"T","Supercedes Pagani et al. (1999a)",1999,10.695868102288,-26.1116666666667,161.226666666667,"Mk37_2",-22.98,23.2009186418345,"Originally reported by Pagani et al. (1999a). Some data (such as alkenone concentrations and foraminifera isotope data) were not reported in the datatable of Pagani et al. (1999b), so we populate those columns with the entries from Pagani et al. (1999a).",764
"phytoplankton_pagani_1999b.xlsx",29,30,"phytoplankton_Pagani_1999b_26",,"phytoplankton_Pagani_1999a_17",,"T","Supercedes Pagani et al. (1999a)",1999,10.9137185128983,-26.1116666666667,161.226666666667,"Mk37_2",-21.5,23.5795270887827,"Originally reported by Pagani et al. (1999a). Some data (such as alkenone concentrations and foraminifera isotope data) were not reported in the datatable of Pagani et al. (1999b), so we populate those columns with the entries from Pagani et al. (1999a).",765
"phytoplankton_pagani_1999b.xlsx",30,31,"phytoplankton_Pagani_1999b_27",,"phytoplankton_Pagani_1999a_18",,"T","Supercedes Pagani et al. (1999a)",1999,10.9296676783005,-26.1116666666667,161.226666666667,"Mk37_2",-22.17,23.3466728148843,"Originally reported by Pagani et al. (1999a). Some data (such as alkenone concentrations and foraminifera isotope data) were not reported in the datatable of Pagani et al. (1999b), so we populate those columns with the entries from Pagani et al. (1999a).",766
"phytoplankton_pagani_1999b.xlsx",31,32,"phytoplankton_Pagani_1999b_28",,"phytoplankton_Pagani_1999a_20",,"T","Supercedes Pagani et al. (1999a)",1999,11.1410471428571,-26.1116666666667,161.226666666667,"Mk37_2",-21.56,22.1457447744455,"Originally reported by Pagani et al. (1999a). Some data (such as alkenone concentrations and foraminifera isotope data) were not reported in the datatable of Pagani et al. (1999b), so we populate those columns with the entries from Pagani et al. (1999a).",767
"phytoplankton_pagani_1999b.xlsx",32,33,"phytoplankton_Pagani_1999b_29",,"phytoplankton_Pagani_1999a_21",,"T","Supercedes Pagani et al. (1999a)",1999,11.2914757142857,-26.1116666666667,161.226666666667,"Mk37_2",-22.395,22.3192288746885,"Originally reported by Pagani et al. (1999a). Some data (such as alkenone concentrations and foraminifera isotope data) were not reported in the datatable of Pagani et al. (1999b), so we populate those columns with the entries from Pagani et al. (1999a).",768
"phytoplankton_pagani_1999b.xlsx",33,34,"phytoplankton_Pagani_1999b_30",,"phytoplankton_Pagani_1999a_22",,"T","Supercedes Pagani et al. (1999a)",1999,11.4168032786885,-26.1116666666667,161.226666666667,"Mk37_2",-21.72,21.0927888793255,"Originally reported by Pagani et al. (1999a). Some data (such as alkenone concentrations and foraminifera isotope data) were not reported in the datatable of Pagani et al. (1999b), so we populate those columns with the entries from Pagani et al. (1999a).",769
"phytoplankton_pagani_1999b.xlsx",34,35,"phytoplankton_Pagani_1999b_31",,"phytoplankton_Pagani_1999a_23",,"T","Supercedes Pagani et al. (1999a)",1999,11.4741803278689,-26.1116666666667,161.226666666667,"Mk37_2",-19.19,23.5904666216328,"Originally reported by Pagani et al. (1999a). Some data (such as alkenone concentrations and foraminifera isotope data) were not reported in the datatable of Pagani et al. (1999b), so we populate those columns with the entries from Pagani et al. (1999a).",770
"phytoplankton_pagani_1999b.xlsx",35,36,"phytoplankton_Pagani_1999b_32",,"phytoplankton_Pagani_1999a_24",,"T","Supercedes Pagani et al. (1999a)",1999,11.597131147541,-26.1116666666667,161.226666666667,"Mk37_2",-21.715,22.4717207544387,"Originally reported by Pagani et al. (1999a). Some data (such as alkenone concentrations and foraminifera isotope data) were not reported in the datatable of Pagani et al. (1999b), so we populate those columns with the entries from Pagani et al. (1999a).",771
"phytoplankton_pagani_1999b.xlsx",36,37,"phytoplankton_Pagani_1999b_33",,"phytoplankton_Pagani_1999a_25",,"T","Supercedes Pagani et al. (1999a)",1999,11.90854,-26.1116666666667,161.226666666667,"Mk37_2",-22.55,23.4467082745096,"Originally reported by Pagani et al. (1999a). Some data (such as alkenone concentrations and foraminifera isotope data) were not reported in the datatable of Pagani et al. (1999b), so we populate those columns with the entries from Pagani et al. (1999a).",772
"phytoplankton_pagani_1999b.xlsx",37,38,"phytoplankton_Pagani_1999b_34",,"phytoplankton_Pagani_1999a_27",,"T","Supercedes Pagani et al. (1999a)",1999,12.0912008695652,-26.1116666666667,161.226666666667,"Mk37_2",-21.605,21.2592693215801,"Originally reported by Pagani et al. (1999a). Some data (such as alkenone concentrations and foraminifera isotope data) were not reported in the datatable of Pagani et al. (1999b), so we populate those columns with the entries from Pagani et al. (1999a).",773
"phytoplankton_pagani_1999b.xlsx",38,39,"phytoplankton_Pagani_1999b_35",,"phytoplankton_Pagani_1999a_28",,"T","Supercedes Pagani et al. (1999a)",1999,12.1715295652174,-26.1116666666667,161.226666666667,"Mk37_2",-20.45,21.3385855598181,"Originally reported by Pagani et al. (1999a). Some data (such as alkenone concentrations and foraminifera isotope data) were not reported in the datatable of Pagani et al. (1999b), so we populate those columns with the entries from Pagani et al. (1999a).",774
"phytoplankton_pagani_1999b.xlsx",39,40,"phytoplankton_Pagani_1999b_36",,"phytoplankton_Pagani_1999a_29",,"T","Supercedes Pagani et al. (1999a)",1999,12.2114130434783,-26.1116666666667,161.226666666667,"Mk37_2",-21.1,21.8005777010672,"Originally reported by Pagani et al. (1999a). Some data (such as alkenone concentrations and foraminifera isotope data) were not reported in the datatable of Pagani et al. (1999b), so we populate those columns with the entries from Pagani et al. (1999a).",775
"phytoplankton_pagani_1999b.xlsx",40,41,"phytoplankton_Pagani_1999b_37",,"phytoplankton_Pagani_1999a_31",,"T","Supercedes Pagani et al. (1999a)",1999,12.3181434782609,-26.1116666666667,161.226666666667,"Mk37_2",-21.415,21.4941886556376,"Originally reported by Pagani et al. (1999a). Some data (such as alkenone concentrations and foraminifera isotope data) were not reported in the datatable of Pagani et al. (1999b), so we populate those columns with the entries from Pagani et al. (1999a).",776
"phytoplankton_pagani_1999b.xlsx",41,42,"phytoplankton_Pagani_1999b_38",,"phytoplankton_Pagani_1999a_34",,"T","Supercedes Pagani et al. (1999a)",1999,12.5046486486486,-26.1116666666667,161.226666666667,"Mk37_2",-22.9,19.9474265138001,"Originally reported by Pagani et al. (1999a). Some data (such as alkenone concentrations and foraminifera isotope data) were not reported in the datatable of Pagani et al. (1999b), so we populate those columns with the entries from Pagani et al. (1999a).",777
"phytoplankton_pagani_1999b.xlsx",42,43,"phytoplankton_Pagani_1999b_39",,"phytoplankton_Pagani_1999a_35",,"T","Supercedes Pagani et al. (1999a)",1999,12.6953621621622,-26.1116666666667,161.226666666667,"Mk37_2",-21.46,21.2829717681291,"Originally reported by Pagani et al. (1999a). Some data (such as alkenone concentrations and foraminifera isotope data) were not reported in the datatable of Pagani et al. (1999b), so we populate those columns with the entries from Pagani et al. (1999a).",778
"phytoplankton_pagani_1999b.xlsx",43,44,"phytoplankton_Pagani_1999b_40",,"phytoplankton_Pagani_1999a_36",,"T","Supercedes Pagani et al. (1999a)",1999,12.7278918918919,-26.1116666666667,161.226666666667,"Mk37_2",-21.28,20.7202089331657,"Originally reported by Pagani et al. (1999a). Some data (such as alkenone concentrations and foraminifera isotope data) were not reported in the datatable of Pagani et al. (1999b), so we populate those columns with the entries from Pagani et al. (1999a).",779
"phytoplankton_pagani_1999b.xlsx",44,45,"phytoplankton_Pagani_1999b_41",,"phytoplankton_Pagani_1999a_37",,"T","Supercedes Pagani et al. (1999a)",1999,12.8229297297297,-26.1116666666667,161.226666666667,"Mk37_2",-21.755,22.0075729134247,"Originally reported by Pagani et al. (1999a). Some data (such as alkenone concentrations and foraminifera isotope data) were not reported in the datatable of Pagani et al. (1999b), so we populate those columns with the entries from Pagani et al. (1999a).",780
"phytoplankton_pagani_1999b.xlsx",45,46,"phytoplankton_Pagani_1999b_42",,"phytoplankton_Pagani_1999a_38",,"T","Supercedes Pagani et al. (1999a)",1999,12.8669405405405,-26.1116666666667,161.226666666667,"Mk37_2",-20.36,22.6585113404455,"Originally reported by Pagani et al. (1999a). Some data (such as alkenone concentrations and foraminifera isotope data) were not reported in the datatable of Pagani et al. (1999b), so we populate those columns with the entries from Pagani et al. (1999a).",781
"phytoplankton_pagani_1999b.xlsx",46,47,"phytoplankton_Pagani_1999b_43",,"phytoplankton_Pagani_1999a_39",,"T","Supercedes Pagani et al. (1999a)",1999,12.9179675675676,-26.1116666666667,161.226666666667,"Mk37_2",-21.67,22.7816206422468,"Originally reported by Pagani et al. (1999a). Some data (such as alkenone concentrations and foraminifera isotope data) were not reported in the datatable of Pagani et al. (1999b), so we populate those columns with the entries from Pagani et al. (1999a).",782
"phytoplankton_pagani_1999b.xlsx",47,48,"phytoplankton_Pagani_1999b_44",,"phytoplankton_Pagani_1999a_41",,"T","Supercedes Pagani et al. (1999a)",1999,13.11717,-26.1116666666667,161.226666666667,"Mk37_2",-20.74,22.2981204756115,"Originally reported by Pagani et al. (1999a). Some data (such as alkenone concentrations and foraminifera isotope data) were not reported in the datatable of Pagani et al. (1999b), so we populate those columns with the entries from Pagani et al. (1999a).",783
"phytoplankton_pagani_1999b.xlsx",48,49,"phytoplankton_Pagani_1999b_45",,"phytoplankton_Pagani_1999a_43",,"T","Supercedes Pagani et al. (1999a)",1999,13.2240545,-26.1116666666667,161.226666666667,"Mk37_2",-21.215,24.2279862010536,"Originally reported by Pagani et al. (1999a). Some data (such as alkenone concentrations and foraminifera isotope data) were not reported in the datatable of Pagani et al. (1999b), so we populate those columns with the entries from Pagani et al. (1999a).",784
"phytoplankton_pagani_1999b.xlsx",49,50,"phytoplankton_Pagani_1999b_46",,"phytoplankton_Pagani_1999a_44",,"T","Supercedes Pagani et al. (1999a)",1999,13.2517145,-26.1116666666667,161.226666666667,"Mk37_2",-21.71,22.5881857073052,"Originally reported by Pagani et al. (1999a). Some data (such as alkenone concentrations and foraminifera isotope data) were not reported in the datatable of Pagani et al. (1999b), so we populate those columns with the entries from Pagani et al. (1999a).",785
"phytoplankton_pagani_1999b.xlsx",50,51,"phytoplankton_Pagani_1999b_47",,"phytoplankton_Pagani_1999a_45",,"T","Supercedes Pagani et al. (1999a)",1999,13.2941265,-26.1116666666667,161.226666666667,"Mk37_2",-21.695,22.5001136026696,"Originally reported by Pagani et al. (1999a). Some data (such as alkenone concentrations and foraminifera isotope data) were not reported in the datatable of Pagani et al. (1999b), so we populate those columns with the entries from Pagani et al. (1999a).",786
"phytoplankton_pagani_1999b.xlsx",51,52,"phytoplankton_Pagani_1999b_48",,"phytoplankton_Pagani_1999a_46",,"T","Supercedes Pagani et al. (1999a)",1999,13.3632765,-26.1116666666667,161.226666666667,"Mk37_2",-20.67,23.3227048724551,"Originally reported by Pagani et al. (1999a). Some data (such as alkenone concentrations and foraminifera isotope data) were not reported in the datatable of Pagani et al. (1999b), so we populate those columns with the entries from Pagani et al. (1999a).",787
"phytoplankton_pagani_1999b.xlsx",52,53,"phytoplankton_Pagani_1999b_49",,"phytoplankton_Pagani_1999a_47",,"T","Supercedes Pagani et al. (1999a)",1999,13.3946245,-26.1116666666667,161.226666666667,"Mk37_2",-20.825,23.7801539632469,"Originally reported by Pagani et al. (1999a). Some data (such as alkenone concentrations and foraminifera isotope data) were not reported in the datatable of Pagani et al. (1999b), so we populate those columns with the entries from Pagani et al. (1999a).",788
"phytoplankton_pagani_1999b.xlsx",53,54,"phytoplankton_Pagani_1999b_50",,"phytoplankton_Pagani_1999a_48",,"T","Supercedes Pagani et al. (1999a)",1999,13.4633135,-26.1116666666667,161.226666666667,"Mk37_2",-20.88,23.906433225137,"Originally reported by Pagani et al. (1999a). Some data (such as alkenone concentrations and foraminifera isotope data) were not reported in the datatable of Pagani et al. (1999b), so we populate those columns with the entries from Pagani et al. (1999a).",789
"phytoplankton_pagani_1999b.xlsx",54,55,"phytoplankton_Pagani_1999b_51",,"phytoplankton_Pagani_1999a_49",,"T","Supercedes Pagani et al. (1999a)",1999,13.5329245,-26.1116666666667,161.226666666667,"Mk37_2",-19.05,23.1401052383656,"Originally reported by Pagani et al. (1999a). Some data (such as alkenone concentrations and foraminifera isotope data) were not reported in the datatable of Pagani et al. (1999b), so we populate those columns with the entries from Pagani et al. (1999a).",790
"phytoplankton_pagani_1999b.xlsx",55,56,"phytoplankton_Pagani_1999b_52",,"phytoplankton_Pagani_1999a_50",,"T","Supercedes Pagani et al. (1999a)",1999,13.5923935,-26.1116666666667,161.226666666667,"Mk37_2",-19.06,21.1281259247926,"Originally reported by Pagani et al. (1999a). Some data (such as alkenone concentrations and foraminifera isotope data) were not reported in the datatable of Pagani et al. (1999b), so we populate those columns with the entries from Pagani et al. (1999a).",791
"phytoplankton_pagani_1999b.xlsx",56,57,"phytoplankton_Pagani_1999b_53",,"phytoplankton_Pagani_1999a_51",,"T","Supercedes Pagani et al. (1999a)",1999,13.6558080808081,-26.1116666666667,161.226666666667,"Mk37_2",-21.31,21.2103171376531,"Originally reported by Pagani et al. (1999a). Some data (such as alkenone concentrations and foraminifera isotope data) were not reported in the datatable of Pagani et al. (1999b), so we populate those columns with the entries from Pagani et al. (1999a).",792
"phytoplankton_pagani_1999b.xlsx",57,58,"phytoplankton_Pagani_1999b_54",,"phytoplankton_Pagani_1999a_53",,"T","Supercedes Pagani et al. (1999a)",1999,14.0865151515152,-26.1116666666667,161.226666666667,"Mk37_2",-22.09,22.4299186288614,"Originally reported by Pagani et al. (1999a). Some data (such as alkenone concentrations and foraminifera isotope data) were not reported in the datatable of Pagani et al. (1999b), so we populate those columns with the entries from Pagani et al. (1999a).",793
"phytoplankton_pagani_1999b.xlsx",58,59,"phytoplankton_Pagani_1999b_55",,"phytoplankton_Pagani_1999a_54",,"T","Supercedes Pagani et al. (1999a)",1999,14.215202020202,-26.1116666666667,161.226666666667,"Mk37_2",-21.86,21.2853318003512,"Originally reported by Pagani et al. (1999a). Some data (such as alkenone concentrations and foraminifera isotope data) were not reported in the datatable of Pagani et al. (1999b), so we populate those columns with the entries from Pagani et al. (1999a).",794
"phytoplankton_pagani_1999b.xlsx",59,60,"phytoplankton_Pagani_1999b_56",,"phytoplankton_Pagani_1999a_55",,"T","Supercedes Pagani et al. (1999a)",1999,14.4988383838384,-26.1116666666667,161.226666666667,"Mk37_2",-20.115,22.3950210894213,"Originally reported by Pagani et al. (1999a). Some data (such as alkenone concentrations and foraminifera isotope data) were not reported in the datatable of Pagani et al. (1999b), so we populate those columns with the entries from Pagani et al. (1999a).",795
"phytoplankton_pagani_1999b.xlsx",60,61,"phytoplankton_Pagani_1999b_57",,"phytoplankton_Pagani_1999a_57",,"T","Supercedes Pagani et al. (1999a)",1999,14.89975,-26.1116666666667,161.226666666667,"Mk37_2",-22.595,22.1052151273295,"Originally reported by Pagani et al. (1999a). Some data (such as alkenone concentrations and foraminifera isotope data) were not reported in the datatable of Pagani et al. (1999b), so we populate those columns with the entries from Pagani et al. (1999a).",796
"phytoplankton_pagani_1999b.xlsx",61,62,"phytoplankton_Pagani_1999b_58",,"phytoplankton_Pagani_1999a_59",,"T","Supercedes Pagani et al. (1999a)",1999,15.00775,-26.1116666666667,161.226666666667,"Mk37_2",-21.61,23.0813055076666,"Originally reported by Pagani et al. (1999a). Some data (such as alkenone concentrations and foraminifera isotope data) were not reported in the datatable of Pagani et al. (1999b), so we populate those columns with the entries from Pagani et al. (1999a).",797
"phytoplankton_pagani_1999b.xlsx",62,63,"phytoplankton_Pagani_1999b_59",,"phytoplankton_Pagani_1999a_60",,"T","Supercedes Pagani et al. (1999a)",1999,15.09475,-26.1116666666667,161.226666666667,"Mk37_2",-21.295,22.2164742088082,"Originally reported by Pagani et al. (1999a). Some data (such as alkenone concentrations and foraminifera isotope data) were not reported in the datatable of Pagani et al. (1999b), so we populate those columns with the entries from Pagani et al. (1999a).",798
"phytoplankton_pagani_1999b.xlsx",63,64,"phytoplankton_Pagani_1999b_60",,"phytoplankton_Pagani_1999a_61",,"T","Supercedes Pagani et al. (1999a)",1999,15.1151764705882,-26.1116666666667,161.226666666667,"Mk37_2",-21.5,21.1750928,"Originally reported by Pagani et al. (1999a). Some data (such as alkenone concentrations and foraminifera isotope data) were not reported in the datatable of Pagani et al. (1999b), so we populate those columns with the entries from Pagani et al. (1999a).",799
"phytoplankton_pagani_1999b.xlsx",64,65,"phytoplankton_Pagani_1999b_61",,"phytoplankton_Pagani_1999a_62",,"T","Supercedes Pagani et al. (1999a)",1999,15.2012941176471,-26.1116666666667,161.226666666667,"Mk37_2",-19.235,20.9452104669345,"Originally reported by Pagani et al. (1999a). Some data (such as alkenone concentrations and foraminifera isotope data) were not reported in the datatable of Pagani et al. (1999b), so we populate those columns with the entries from Pagani et al. (1999a).",800
"phytoplankton_pagani_1999b.xlsx",65,66,"phytoplankton_Pagani_1999b_62",,"phytoplankton_Pagani_1999a_63",,"T","Supercedes Pagani et al. (1999a)",1999,15.3107058823529,-26.1116666666667,161.226666666667,"Mk37_2",-19.61,22.5834972,"Originally reported by Pagani et al. (1999a). Some data (such as alkenone concentrations and foraminifera isotope data) were not reported in the datatable of Pagani et al. (1999b), so we populate those columns with the entries from Pagani et al. (1999a).",801
"phytoplankton_pagani_1999b.xlsx",66,67,"phytoplankton_Pagani_1999b_63",,"phytoplankton_Pagani_1999a_65",,"T","Supercedes Pagani et al. (1999a)",1999,15.418,-26.1116666666667,161.226666666667,"Mk37_2",-19.52,23.2669152,"Originally reported by Pagani et al. (1999a). Some data (such as alkenone concentrations and foraminifera isotope data) were not reported in the datatable of Pagani et al. (1999b), so we populate those columns with the entries from Pagani et al. (1999a).",802
"phytoplankton_pagani_1999b.xlsx",67,68,"phytoplankton_Pagani_1999b_64",,"phytoplankton_Pagani_1999a_66",,"T","Supercedes Pagani et al. (1999a)",1999,15.5157647058824,-26.1116666666667,161.226666666667,"Mk37_2",-19.215,23.42462356096,"Originally reported by Pagani et al. (1999a). Some data (such as alkenone concentrations and foraminifera isotope data) were not reported in the datatable of Pagani et al. (1999b), so we populate those columns with the entries from Pagani et al. (1999a).",803
"phytoplankton_pagani_2000.xlsx",4,5,"phytoplankton_Pagani_2000_1",,,,"F","pCO2 not reported; no SSTs reported.",2000,14.7345454545455,-30.2765,-35.285,,,,"CO2aq and pCO2 and their uncertainties represent the averages of the maximum and minimum values based on maximum and minimum b values, as well as max and min Ep values.",804
"phytoplankton_pagani_2000.xlsx",5,6,"phytoplankton_Pagani_2000_2",,,,"F","pCO2 not reported; no SSTs reported.",2000,14.940900621118,-30.2765,-35.285,,,,"CO2aq and pCO2 and their uncertainties represent the averages of the maximum and minimum values based on maximum and minimum b values, as well as max and min Ep values.",805
"phytoplankton_pagani_2000.xlsx",6,7,"phytoplankton_Pagani_2000_3",,,,"F","pCO2 not reported; no SSTs reported.",2000,15.0402173913043,-30.2765,-35.285,,,,"CO2aq and pCO2 and their uncertainties represent the averages of the maximum and minimum values based on maximum and minimum b values, as well as max and min Ep values.",806
"phytoplankton_pagani_2000.xlsx",7,8,"phytoplankton_Pagani_2000_4",,,,"F","pCO2 not reported; no SSTs reported.",2000,15.6304658385093,-30.2765,-35.285,,,,"CO2aq and pCO2 and their uncertainties represent the averages of the maximum and minimum values based on maximum and minimum b values, as well as max and min Ep values.",807
"phytoplankton_pagani_2000.xlsx",8,9,"phytoplankton_Pagani_2000_5",,,,"F","pCO2 not reported; no SSTs reported.",2000,15.7108074534161,-30.2765,-35.285,,,,"CO2aq and pCO2 and their uncertainties represent the averages of the maximum and minimum values based on maximum and minimum b values, as well as max and min Ep values.",808
"phytoplankton_pagani_2000.xlsx",9,10,"phytoplankton_Pagani_2000_6",,,,"F","pCO2 not reported; no SSTs reported.",2000,15.7915527950311,-30.2765,-35.285,,,,"CO2aq and pCO2 and their uncertainties represent the averages of the maximum and minimum values based on maximum and minimum b values, as well as max and min Ep values.",809
"phytoplankton_pagani_2000.xlsx",10,11,"phytoplankton_Pagani_2000_7",,,,"F","pCO2 not reported; no SSTs reported.",2000,15.8319254658385,-30.2765,-35.285,,,,"CO2aq and pCO2 and their uncertainties represent the averages of the maximum and minimum values based on maximum and minimum b values, as well as max and min Ep values.",810
"phytoplankton_pagani_2000.xlsx",11,12,"phytoplankton_Pagani_2000_8",,,,"F","pCO2 not reported; no SSTs reported.",2000,16.0337888198758,-30.2765,-35.285,,,,"CO2aq and pCO2 and their uncertainties represent the averages of the maximum and minimum values based on maximum and minimum b values, as well as max and min Ep values.",811
"phytoplankton_pagani_2000.xlsx",12,13,"phytoplankton_Pagani_2000_9",,,,"F","pCO2 not reported; no SSTs reported.",2000,16.0660869565217,-30.2765,-35.285,,,,"CO2aq and pCO2 and their uncertainties represent the averages of the maximum and minimum values based on maximum and minimum b values, as well as max and min Ep values.",812
"phytoplankton_pagani_2000.xlsx",13,14,"phytoplankton_Pagani_2000_10",,,,"F","pCO2 not reported; no SSTs reported.",2000,16.13625,-30.2765,-35.285,,,,"CO2aq and pCO2 and their uncertainties represent the averages of the maximum and minimum values based on maximum and minimum b values, as well as max and min Ep values.",813
"phytoplankton_pagani_2000.xlsx",14,15,"phytoplankton_Pagani_2000_11",,,,"F","pCO2 not reported; no SSTs reported.",2000,16.19125,-30.2765,-35.285,,,,"CO2aq and pCO2 and their uncertainties represent the averages of the maximum and minimum values based on maximum and minimum b values, as well as max and min Ep values.",814
"phytoplankton_pagani_2000.xlsx",15,16,"phytoplankton_Pagani_2000_12",,,,"F","pCO2 not reported; no SSTs reported.",2000,16.285,-30.2765,-35.285,,,,"CO2aq and pCO2 and their uncertainties represent the averages of the maximum and minimum values based on maximum and minimum b values, as well as max and min Ep values.",815
"phytoplankton_pagani_2000.xlsx",16,17,"phytoplankton_Pagani_2000_13",,,,"F","pCO2 not reported; no SSTs reported.",2000,16.34875,-30.2765,-35.285,,,,"CO2aq and pCO2 and their uncertainties represent the averages of the maximum and minimum values based on maximum and minimum b values, as well as max and min Ep values.",816
"phytoplankton_pagani_2000.xlsx",17,18,"phytoplankton_Pagani_2000_14",,,,"F","pCO2 not reported; no SSTs reported.",2000,16.406835443038,-30.2765,-35.285,,,,"CO2aq and pCO2 and their uncertainties represent the averages of the maximum and minimum values based on maximum and minimum b values, as well as max and min Ep values.",817
"phytoplankton_pagani_2000.xlsx",18,19,"phytoplankton_Pagani_2000_15",,,,"F","pCO2 not reported; no SSTs reported.",2000,16.6783544303797,-30.2765,-35.285,,,,"CO2aq and pCO2 and their uncertainties represent the averages of the maximum and minimum values based on maximum and minimum b values, as well as max and min Ep values.",818
"phytoplankton_pagani_2000.xlsx",19,20,"phytoplankton_Pagani_2000_16",,,,"F","pCO2 not reported; no SSTs reported.",2000,17.4526086956522,-30.2765,-35.285,,,,"CO2aq and pCO2 and their uncertainties represent the averages of the maximum and minimum values based on maximum and minimum b values, as well as max and min Ep values.",819
"phytoplankton_pagani_2000.xlsx",20,21,"phytoplankton_Pagani_2000_17",,,,"F","pCO2 not reported; no SSTs reported.",2000,17.7460869565217,-30.2765,-35.285,,,,"CO2aq and pCO2 and their uncertainties represent the averages of the maximum and minimum values based on maximum and minimum b values, as well as max and min Ep values.",820
"phytoplankton_pagani_2000.xlsx",21,22,"phytoplankton_Pagani_2000_18",,,,"F","pCO2 not reported; no SSTs reported.",2000,17.9251086956522,-30.2765,-35.285,"Mk37_2",-23.66,,"CO2aq and pCO2 and their uncertainties represent the averages of the maximum and minimum values based on maximum and minimum b values, as well as max and min Ep values.",821
"phytoplankton_pagani_2000.xlsx",22,23,"phytoplankton_Pagani_2000_19",,,,"F","pCO2 not reported; no SSTs reported.",2000,18.2057142857143,-30.2765,-35.285,,,,"CO2aq and pCO2 and their uncertainties represent the averages of the maximum and minimum values based on maximum and minimum b values, as well as max and min Ep values.",822
"phytoplankton_pagani_2000.xlsx",23,24,"phytoplankton_Pagani_2000_20",,,,"F","pCO2 not reported; no SSTs reported.",2000,18.3427338129496,-30.2765,-35.285,,,,"CO2aq and pCO2 and their uncertainties represent the averages of the maximum and minimum values based on maximum and minimum b values, as well as max and min Ep values.",823
"phytoplankton_pagani_2000.xlsx",24,25,"phytoplankton_Pagani_2000_21",,,,"F","pCO2 not reported; no SSTs reported.",2000,18.3725179856115,-30.2765,-35.285,"Mk37_2",-22.52,,"CO2aq and pCO2 and their uncertainties represent the averages of the maximum and minimum values based on maximum and minimum b values, as well as max and min Ep values.",824
"phytoplankton_pagani_2000.xlsx",25,26,"phytoplankton_Pagani_2000_22",,,,"F","pCO2 not reported; no SSTs reported.",2000,18.4372661870504,-30.2765,-35.285,"Mk37_2",-23.04,,"CO2aq and pCO2 and their uncertainties represent the averages of the maximum and minimum values based on maximum and minimum b values, as well as max and min Ep values.",825
"phytoplankton_pagani_2000.xlsx",26,27,"phytoplankton_Pagani_2000_23",,,,"F","pCO2 not reported; no SSTs reported.",2000,18.4897122302158,-30.2765,-35.285,,,,"CO2aq and pCO2 and their uncertainties represent the averages of the maximum and minimum values based on maximum and minimum b values, as well as max and min Ep values.",826
"phytoplankton_pagani_2000.xlsx",27,28,"phytoplankton_Pagani_2000_24",,,,"F","pCO2 not reported; no SSTs reported.",2000,18.6127338129496,-30.2765,-35.285,"Mk37_2",-24.2,,"CO2aq and pCO2 and their uncertainties represent the averages of the maximum and minimum values based on maximum and minimum b values, as well as max and min Ep values.",827
"phytoplankton_pagani_2000.xlsx",28,29,"phytoplankton_Pagani_2000_25",,,,"F","pCO2 not reported; no SSTs reported.",2000,18.7253956834532,-30.2765,-35.285,"Mk37_2",-23.05,,"CO2aq and pCO2 and their uncertainties represent the averages of the maximum and minimum values based on maximum and minimum b values, as well as max and min Ep values.",828
"phytoplankton_pagani_2000.xlsx",29,30,"phytoplankton_Pagani_2000_26",,,,"F","pCO2 not reported; no SSTs reported.",2000,18.7953237410072,-30.2765,-35.285,"Mk37_2",-24.335,,"CO2aq and pCO2 and their uncertainties represent the averages of the maximum and minimum values based on maximum and minimum b values, as well as max and min Ep values.",829
"phytoplankton_pagani_2000.xlsx",30,31,"phytoplankton_Pagani_2000_27",,,,"F","pCO2 not reported; no SSTs reported.",2000,18.874964028777,-30.2765,-35.285,"Mk37_2",-23.08,,"CO2aq and pCO2 and their uncertainties represent the averages of the maximum and minimum values based on maximum and minimum b values, as well as max and min Ep values.",830
"phytoplankton_pagani_2000.xlsx",31,32,"phytoplankton_Pagani_2000_28",,,,"F","pCO2 not reported; no SSTs reported.",2000,19.0122302158273,-30.2765,-35.285,"Mk37_2",-23.24,,"CO2aq and pCO2 and their uncertainties represent the averages of the maximum and minimum values based on maximum and minimum b values, as well as max and min Ep values.",831
"phytoplankton_pagani_2000.xlsx",32,33,"phytoplankton_Pagani_2000_29",,,,"F","pCO2 not reported; no SSTs reported.",2000,19.0446043165468,-30.2765,-35.285,"Mk37_2",-22.59,,"CO2aq and pCO2 and their uncertainties represent the averages of the maximum and minimum values based on maximum and minimum b values, as well as max and min Ep values.",832
"phytoplankton_pagani_2000.xlsx",33,34,"phytoplankton_Pagani_2000_30",,,,"F","pCO2 not reported; no SSTs reported.",2000,19.1834892086331,-30.2765,-35.285,,,,"CO2aq and pCO2 and their uncertainties represent the averages of the maximum and minimum values based on maximum and minimum b values, as well as max and min Ep values.",833
"phytoplankton_pagani_2000.xlsx",34,35,"phytoplankton_Pagani_2000_31",,,,"F","pCO2 not reported; no SSTs reported.",2000,19.2156329113924,-30.2765,-35.285,"Mk37_2",-22.91,,"CO2aq and pCO2 and their uncertainties represent the averages of the maximum and minimum values based on maximum and minimum b values, as well as max and min Ep values.",834
"phytoplankton_pagani_2000.xlsx",35,36,"phytoplankton_Pagani_2000_32",,,,"F","pCO2 not reported; no SSTs reported.",2000,19.2419620253165,-30.2765,-35.285,"Mk37_2",-22.62,,"CO2aq and pCO2 and their uncertainties represent the averages of the maximum and minimum values based on maximum and minimum b values, as well as max and min Ep values.",835
"phytoplankton_pagani_2000.xlsx",36,37,"phytoplankton_Pagani_2000_33",,,,"F","pCO2 not reported; no SSTs reported.",2000,19.2680168776371,-30.2765,-35.285,"Mk37_2",-22.48,,"CO2aq and pCO2 and their uncertainties represent the averages of the maximum and minimum values based on maximum and minimum b values, as well as max and min Ep values.",836
"phytoplankton_pagani_2000.xlsx",37,38,"phytoplankton_Pagani_2000_34",,,,"F","pCO2 not reported; no SSTs reported.",2000,19.2927004219409,-30.2765,-35.285,"Mk37_2",-22.675,,"CO2aq and pCO2 and their uncertainties represent the averages of the maximum and minimum values based on maximum and minimum b values, as well as max and min Ep values.",837
"phytoplankton_pagani_2000.xlsx",38,39,"phytoplankton_Pagani_2000_35",,,,"F","pCO2 not reported; no SSTs reported.",2000,19.3149156118143,-30.2765,-35.285,"Mk37_2",-23.18,,"CO2aq and pCO2 and their uncertainties represent the averages of the maximum and minimum values based on maximum and minimum b values, as well as max and min Ep values.",838
"phytoplankton_pagani_2000.xlsx",39,40,"phytoplankton_Pagani_2000_36",,,,"F","pCO2 not reported; no SSTs reported.",2000,19.3486497890295,-30.2765,-35.285,"Mk37_2",-22.29,,"CO2aq and pCO2 and their uncertainties represent the averages of the maximum and minimum values based on maximum and minimum b values, as well as max and min Ep values.",839
"phytoplankton_pagani_2000.xlsx",40,41,"phytoplankton_Pagani_2000_37",,,,"F","pCO2 not reported; no SSTs reported.",2000,19.3751160337553,-30.2765,-35.285,"Mk37_2",-22.335,,"CO2aq and pCO2 and their uncertainties represent the averages of the maximum and minimum values based on maximum and minimum b values, as well as max and min Ep values.",840
"phytoplankton_pagani_2000.xlsx",41,42,"phytoplankton_Pagani_2000_38",,,,"F","pCO2 not reported; no SSTs reported.",2000,19.5477637130802,-30.2765,-35.285,"Mk37_2",-21.735,,"CO2aq and pCO2 and their uncertainties represent the averages of the maximum and minimum values based on maximum and minimum b values, as well as max and min Ep values.",841
"phytoplankton_pagani_2000.xlsx",42,43,"phytoplankton_Pagani_2000_39",,,,"F","pCO2 not reported; no SSTs reported.",2000,19.6026160337553,-30.2765,-35.285,"Mk37_2",-22.675,,"CO2aq and pCO2 and their uncertainties represent the averages of the maximum and minimum values based on maximum and minimum b values, as well as max and min Ep values.",842
"phytoplankton_pagani_2000.xlsx",43,44,"phytoplankton_Pagani_2000_40",,,,"F","pCO2 not reported; no SSTs reported.",2000,19.6300421940928,-30.2765,-35.285,"Mk37_2",-22.675,,"CO2aq and pCO2 and their uncertainties represent the averages of the maximum and minimum values based on maximum and minimum b values, as well as max and min Ep values.",843
"phytoplankton_pagani_2000.xlsx",44,45,"phytoplankton_Pagani_2000_41",,,,"F","pCO2 not reported; no SSTs reported.",2000,19.6979219409283,-30.2765,-35.285,,,,"CO2aq and pCO2 and their uncertainties represent the averages of the maximum and minimum values based on maximum and minimum b values, as well as max and min Ep values.",844
"phytoplankton_pagani_2000.xlsx",45,46,"phytoplankton_Pagani_2000_42",,,,"F","pCO2 not reported; no SSTs reported.",2000,19.8031012658228,-30.2765,-35.285,"Mk37_2",-23.3,,"CO2aq and pCO2 and their uncertainties represent the averages of the maximum and minimum values based on maximum and minimum b values, as well as max and min Ep values.",845
"phytoplankton_pagani_2000.xlsx",46,47,"phytoplankton_Pagani_2000_43",,,,"F","pCO2 not reported; no SSTs reported.",2000,19.9163713080169,-30.2765,-35.285,"Mk37_2",-21.54,,"CO2aq and pCO2 and their uncertainties represent the averages of the maximum and minimum values based on maximum and minimum b values, as well as max and min Ep values.",846
"phytoplankton_pagani_2000.xlsx",47,48,"phytoplankton_Pagani_2000_44",,,,"F","pCO2 not reported; no SSTs reported.",2000,19.9372151898734,-30.2765,-35.285,"Mk37_2",-23.56,,"CO2aq and pCO2 and their uncertainties represent the averages of the maximum and minimum values based on maximum and minimum b values, as well as max and min Ep values.",847
"phytoplankton_pagani_2000.xlsx",48,49,"phytoplankton_Pagani_2000_45",,,,"F","pCO2 not reported; no SSTs reported.",2000,20.0386919831224,-30.2765,-35.285,"Mk37_2",-22.79,,"CO2aq and pCO2 and their uncertainties represent the averages of the maximum and minimum values based on maximum and minimum b values, as well as max and min Ep values.",848
"phytoplankton_pagani_2000.xlsx",49,50,"phytoplankton_Pagani_2000_46",,,,"F","pCO2 not reported; no SSTs reported.",2000,20.0587130801688,-30.2765,-35.285,"Mk37_2",-22.535,,"CO2aq and pCO2 and their uncertainties represent the averages of the maximum and minimum values based on maximum and minimum b values, as well as max and min Ep values.",849
"phytoplankton_pagani_2000.xlsx",50,51,"phytoplankton_Pagani_2000_47",,,,"F","pCO2 not reported; no SSTs reported.",2000,20.1571729957806,-30.2765,-35.285,"Mk37_2",-23.245,,"CO2aq and pCO2 and their uncertainties represent the averages of the maximum and minimum values based on maximum and minimum b values, as well as max and min Ep values.",850
"phytoplankton_pagani_2000.xlsx",51,52,"phytoplankton_Pagani_2000_48",,,,"F","pCO2 not reported; no SSTs reported.",2000,20.2675632911392,-30.2765,-35.285,"Mk37_2",-25.13,,"CO2aq and pCO2 and their uncertainties represent the averages of the maximum and minimum values based on maximum and minimum b values, as well as max and min Ep values.",851
"phytoplankton_pagani_2000.xlsx",52,53,"phytoplankton_Pagani_2000_49",,,,"F","pCO2 not reported; no SSTs reported.",2000,20.3993459915612,-30.2765,-35.285,"Mk37_2",-27.22,,"CO2aq and pCO2 and their uncertainties represent the averages of the maximum and minimum values based on maximum and minimum b values, as well as max and min Ep values.",852
"phytoplankton_pagani_2000.xlsx",53,54,"phytoplankton_Pagani_2000_50",,,,"F","pCO2 not reported; no SSTs reported.",2000,20.4421308016878,-30.2765,-35.285,"Mk37_2",-26.61,,"CO2aq and pCO2 and their uncertainties represent the averages of the maximum and minimum values based on maximum and minimum b values, as well as max and min Ep values.",853
"phytoplankton_pagani_2000.xlsx",54,55,"phytoplankton_Pagani_2000_51",,,,"F","pCO2 not reported; no SSTs reported.",2000,20.497805907173,-30.2765,-35.285,"Mk37_2",-27.74,,"CO2aq and pCO2 and their uncertainties represent the averages of the maximum and minimum values based on maximum and minimum b values, as well as max and min Ep values.",854
"phytoplankton_pagani_2000.xlsx",55,56,"phytoplankton_Pagani_2000_52",,,,"F","pCO2 not reported; no SSTs reported.",2000,20.750625,-30.2765,-35.285,"Mk37_2",-25.475,,"CO2aq and pCO2 and their uncertainties represent the averages of the maximum and minimum values based on maximum and minimum b values, as well as max and min Ep values.",855
"phytoplankton_pagani_2000.xlsx",56,57,"phytoplankton_Pagani_2000_53",,,,"F","pCO2 not reported; no SSTs reported.",2000,20.84375,-30.2765,-35.285,"Mk37_2",-26.63,,"CO2aq and pCO2 and their uncertainties represent the averages of the maximum and minimum values based on maximum and minimum b values, as well as max and min Ep values.",856
"phytoplankton_pagani_2000.xlsx",57,58,"phytoplankton_Pagani_2000_54",,,,"F","pCO2 not reported; no SSTs reported.",2000,21.49625,-30.2765,-35.285,"Mk37_2",-26.355,,"CO2aq and pCO2 and their uncertainties represent the averages of the maximum and minimum values based on maximum and minimum b values, as well as max and min Ep values.",857
"phytoplankton_pagani_2000.xlsx",58,59,"phytoplankton_Pagani_2000_55",,,,"F","pCO2 not reported; no SSTs reported.",2000,22.2373333333333,-30.2765,-35.285,"Mk37_2",-27.055,,"CO2aq and pCO2 and their uncertainties represent the averages of the maximum and minimum values based on maximum and minimum b values, as well as max and min Ep values.",858
"phytoplankton_pagani_2000.xlsx",59,60,"phytoplankton_Pagani_2000_56",,,,"F","pCO2 not reported; no SSTs reported.",2000,22.8593333333333,-30.2765,-35.285,"Mk37_2",-25.06,,"CO2aq and pCO2 and their uncertainties represent the averages of the maximum and minimum values based on maximum and minimum b values, as well as max and min Ep values.",859
"phytoplankton_pagani_2000.xlsx",60,61,"phytoplankton_Pagani_2000_57",,,,"F","pCO2 not reported; no SSTs reported.",2000,23.535,-30.2765,-35.285,,,,"CO2aq and pCO2 and their uncertainties represent the averages of the maximum and minimum values based on maximum and minimum b values, as well as max and min Ep values.",860
"phytoplankton_pagani_2000.xlsx",61,62,"phytoplankton_Pagani_2000_58",,,,"F","pCO2 not reported; no SSTs reported.",2000,23.8261375661376,-30.2765,-35.285,"Mk37_2",-25.36,,"CO2aq and pCO2 and their uncertainties represent the averages of the maximum and minimum values based on maximum and minimum b values, as well as max and min Ep values.",861
"phytoplankton_pagani_2000.xlsx",62,63,"phytoplankton_Pagani_2000_59",,,,"F","pCO2 not reported; no SSTs reported.",2000,23.8289021164021,-30.2765,-35.285,"Mk37_2",-27.06,,"CO2aq and pCO2 and their uncertainties represent the averages of the maximum and minimum values based on maximum and minimum b values, as well as max and min Ep values.",862
"phytoplankton_pagani_2000.xlsx",63,64,"phytoplankton_Pagani_2000_60",,,,"F","pCO2 not reported; no SSTs reported.",2000,24.3446164021164,-30.2765,-35.285,"Mk37_2",-26.5,,"CO2aq and pCO2 and their uncertainties represent the averages of the maximum and minimum values based on maximum and minimum b values, as well as max and min Ep values.",863
"phytoplankton_pagani_2000.xlsx",64,65,"phytoplankton_Pagani_2000_61",,,,"F","pCO2 not reported; no SSTs reported.",2000,24.5089814814815,-30.2765,-35.285,"Mk37_2",-27.465,,"CO2aq and pCO2 and their uncertainties represent the averages of the maximum and minimum values based on maximum and minimum b values, as well as max and min Ep values.",864
"phytoplankton_pagani_2000.xlsx",65,66,"phytoplankton_Pagani_2000_62",,,,"F","pCO2 not reported; no SSTs reported.",2000,24.5765873015873,-30.2765,-35.285,"Mk37_2",-27.78,,"CO2aq and pCO2 and their uncertainties represent the averages of the maximum and minimum values based on maximum and minimum b values, as well as max and min Ep values.",865
"phytoplankton_pagani_2000.xlsx",66,67,"phytoplankton_Pagani_2000_63",,,,"F","pCO2 not reported; no SSTs reported.",2000,24.6517328042328,-30.2765,-35.285,,,,"CO2aq and pCO2 and their uncertainties represent the averages of the maximum and minimum values based on maximum and minimum b values, as well as max and min Ep values.",866
"phytoplankton_pagani_2000.xlsx",67,68,"phytoplankton_Pagani_2000_64",,,,"F","pCO2 not reported; no SSTs reported.",2000,25.02421875,-30.2765,-35.285,"Mk37_2",-28.985,,"CO2aq and pCO2 and their uncertainties represent the averages of the maximum and minimum values based on maximum and minimum b values, as well as max and min Ep values.",867
"phytoplankton_pagani_2010.xlsx",4,5,"phytoplankton_Pagani_2010_1",,,"phytoplankton_Zhang_2017_45","F","use new temperatures and calculations of Zhang et al., 2017",2010,0.47,0.3185,159.361,"Mk37_2",,27.55,"epsilon_p is shown in Figure S2, but it is generally too dense and low-precision to confidently extract graphically. We back-calculated epsilon_p and CO2 from the reported pCO2, PO4, and SST.",868
"phytoplankton_pagani_2010.xlsx",5,6,"phytoplankton_Pagani_2010_2",,,"phytoplankton_Zhang_2017_46","F","use new temperatures and calculations of Zhang et al., 2017",2010,0.66,0.3185,159.361,"Mk37_2",,28.24,"epsilon_p is shown in Figure S2, but it is generally too dense and low-precision to confidently extract graphically. We back-calculated epsilon_p and CO2 from the reported pCO2, PO4, and SST.",869
"phytoplankton_pagani_2010.xlsx",6,7,"phytoplankton_Pagani_2010_3",,,"phytoplankton_Zhang_2017_47","F","use new temperatures and calculations of Zhang et al., 2017",2010,0.73,0.3185,159.361,"Mk37_2",,28.14,"epsilon_p is shown in Figure S2, but it is generally too dense and low-precision to confidently extract graphically. We back-calculated epsilon_p and CO2 from the reported pCO2, PO4, and SST.",870
"phytoplankton_pagani_2010.xlsx",7,8,"phytoplankton_Pagani_2010_4",,,"phytoplankton_Zhang_2017_48","F","use new temperatures and calculations of Zhang et al., 2017",2010,0.79,0.3185,159.361,"Mk37_2",,28.24,"epsilon_p is shown in Figure S2, but it is generally too dense and low-precision to confidently extract graphically. We back-calculated epsilon_p and CO2 from the reported pCO2, PO4, and SST.",871
"phytoplankton_pagani_2010.xlsx",8,9,"phytoplankton_Pagani_2010_5",,,"phytoplankton_Zhang_2017_49","F","use new temperatures and calculations of Zhang et al., 2017",2010,0.84,0.3185,159.361,"Mk37_2",,26.56,"epsilon_p is shown in Figure S2, but it is generally too dense and low-precision to confidently extract graphically. We back-calculated epsilon_p and CO2 from the reported pCO2, PO4, and SST.",872
"phytoplankton_pagani_2010.xlsx",9,10,"phytoplankton_Pagani_2010_6",,,"phytoplankton_Zhang_2017_50","F","use new temperatures and calculations of Zhang et al., 2017",2010,0.89,0.3185,159.361,"Mk37_2",,28.04,"epsilon_p is shown in Figure S2, but it is generally too dense and low-precision to confidently extract graphically. We back-calculated epsilon_p and CO2 from the reported pCO2, PO4, and SST.",873
"phytoplankton_pagani_2010.xlsx",10,11,"phytoplankton_Pagani_2010_7",,,"phytoplankton_Zhang_2017_51","F","use new temperatures and calculations of Zhang et al., 2017",2010,0.96,0.3185,159.361,"Mk37_2",,27.77,"epsilon_p is shown in Figure S2, but it is generally too dense and low-precision to confidently extract graphically. We back-calculated epsilon_p and CO2 from the reported pCO2, PO4, and SST.",874
"phytoplankton_pagani_2010.xlsx",11,12,"phytoplankton_Pagani_2010_8",,,"phytoplankton_Zhang_2017_52","F","use new temperatures and calculations of Zhang et al., 2017",2010,1.03,0.3185,159.361,"Mk37_2",,28.07,"epsilon_p is shown in Figure S2, but it is generally too dense and low-precision to confidently extract graphically. We back-calculated epsilon_p and CO2 from the reported pCO2, PO4, and SST.",875
"phytoplankton_pagani_2010.xlsx",12,13,"phytoplankton_Pagani_2010_9",,,"phytoplankton_Zhang_2017_53","F","use new temperatures and calculations of Zhang et al., 2017",2010,1.08,0.3185,159.361,"Mk37_2",,28.14,"epsilon_p is shown in Figure S2, but it is generally too dense and low-precision to confidently extract graphically. We back-calculated epsilon_p and CO2 from the reported pCO2, PO4, and SST.",876
"phytoplankton_pagani_2010.xlsx",13,14,"phytoplankton_Pagani_2010_10",,,"phytoplankton_Zhang_2017_54","F","use new temperatures and calculations of Zhang et al., 2017",2010,1.15,0.3185,159.361,"Mk37_2",,28.33,"epsilon_p is shown in Figure S2, but it is generally too dense and low-precision to confidently extract graphically. We back-calculated epsilon_p and CO2 from the reported pCO2, PO4, and SST.",877
"phytoplankton_pagani_2010.xlsx",14,15,"phytoplankton_Pagani_2010_11",,,"phytoplankton_Zhang_2017_55","F","use new temperatures and calculations of Zhang et al., 2017",2010,1.21,0.3185,159.361,"Mk37_2",,27.03,"epsilon_p is shown in Figure S2, but it is generally too dense and low-precision to confidently extract graphically. We back-calculated epsilon_p and CO2 from the reported pCO2, PO4, and SST.",878
"phytoplankton_pagani_2010.xlsx",15,16,"phytoplankton_Pagani_2010_12",,,"phytoplankton_Zhang_2017_56","F","use new temperatures and calculations of Zhang et al., 2017",2010,1.23,0.3185,159.361,"Mk37_2",,28.54,"epsilon_p is shown in Figure S2, but it is generally too dense and low-precision to confidently extract graphically. We back-calculated epsilon_p and CO2 from the reported pCO2, PO4, and SST.",879
"phytoplankton_pagani_2010.xlsx",16,17,"phytoplankton_Pagani_2010_13",,,"phytoplankton_Zhang_2017_57","F","use new temperatures and calculations of Zhang et al., 2017",2010,1.25,0.3185,159.361,"Mk37_2",,27.99,"epsilon_p is shown in Figure S2, but it is generally too dense and low-precision to confidently extract graphically. We back-calculated epsilon_p and CO2 from the reported pCO2, PO4, and SST.",880
"phytoplankton_pagani_2010.xlsx",17,18,"phytoplankton_Pagani_2010_14",,,"phytoplankton_Zhang_2017_58","F","use new temperatures and calculations of Zhang et al., 2017",2010,1.26,0.3185,159.361,"Mk37_2",,28.43,"epsilon_p is shown in Figure S2, but it is generally too dense and low-precision to confidently extract graphically. We back-calculated epsilon_p and CO2 from the reported pCO2, PO4, and SST.",881
"phytoplankton_pagani_2010.xlsx",18,19,"phytoplankton_Pagani_2010_15",,,"phytoplankton_Zhang_2017_59","F","use new temperatures and calculations of Zhang et al., 2017",2010,1.28,0.3185,159.361,"Mk37_2",,26.9,"epsilon_p is shown in Figure S2, but it is generally too dense and low-precision to confidently extract graphically. We back-calculated epsilon_p and CO2 from the reported pCO2, PO4, and SST.",882
"phytoplankton_pagani_2010.xlsx",19,20,"phytoplankton_Pagani_2010_16",,,"phytoplankton_Zhang_2017_60","F","use new temperatures and calculations of Zhang et al., 2017",2010,1.3,0.3185,159.361,"Mk37_2",,28.28,"epsilon_p is shown in Figure S2, but it is generally too dense and low-precision to confidently extract graphically. We back-calculated epsilon_p and CO2 from the reported pCO2, PO4, and SST.",883
"phytoplankton_pagani_2010.xlsx",20,21,"phytoplankton_Pagani_2010_17",,,"phytoplankton_Zhang_2017_61","F","use new temperatures and calculations of Zhang et al., 2017",2010,1.29,0.3185,159.361,"Mk37_2",,28.24,"epsilon_p is shown in Figure S2, but it is generally too dense and low-precision to confidently extract graphically. We back-calculated epsilon_p and CO2 from the reported pCO2, PO4, and SST.",884
"phytoplankton_pagani_2010.xlsx",21,22,"phytoplankton_Pagani_2010_18",,,"phytoplankton_Zhang_2017_62","F","use new temperatures and calculations of Zhang et al., 2017",2010,1.31,0.3185,159.361,"Mk37_2",,26.3,"epsilon_p is shown in Figure S2, but it is generally too dense and low-precision to confidently extract graphically. We back-calculated epsilon_p and CO2 from the reported pCO2, PO4, and SST.",885
"phytoplankton_pagani_2010.xlsx",22,23,"phytoplankton_Pagani_2010_19",,,"phytoplankton_Zhang_2017_63","F","use new temperatures and calculations of Zhang et al., 2017",2010,1.47,0.3185,159.361,"Mk37_2",,26.15,"epsilon_p is shown in Figure S2, but it is generally too dense and low-precision to confidently extract graphically. We back-calculated epsilon_p and CO2 from the reported pCO2, PO4, and SST.",886
"phytoplankton_pagani_2010.xlsx",23,24,"phytoplankton_Pagani_2010_20",,,"phytoplankton_Zhang_2017_64","F","use new temperatures and calculations of Zhang et al., 2017",2010,1.75,0.3185,159.361,"Mk37_2",,28.2,"epsilon_p is shown in Figure S2, but it is generally too dense and low-precision to confidently extract graphically. We back-calculated epsilon_p and CO2 from the reported pCO2, PO4, and SST.",887
"phytoplankton_pagani_2010.xlsx",24,25,"phytoplankton_Pagani_2010_21",,,"phytoplankton_Zhang_2017_65","F","use new temperatures and calculations of Zhang et al., 2017",2010,1.81,0.3185,159.361,"Mk37_2",,26.64,"epsilon_p is shown in Figure S2, but it is generally too dense and low-precision to confidently extract graphically. We back-calculated epsilon_p and CO2 from the reported pCO2, PO4, and SST.",888
"phytoplankton_pagani_2010.xlsx",25,26,"phytoplankton_Pagani_2010_22",,,"phytoplankton_Zhang_2017_66","F","use new temperatures and calculations of Zhang et al., 2017",2010,1.86,0.3185,159.361,"Mk37_2",,28.27,"epsilon_p is shown in Figure S2, but it is generally too dense and low-precision to confidently extract graphically. We back-calculated epsilon_p and CO2 from the reported pCO2, PO4, and SST.",889
"phytoplankton_pagani_2010.xlsx",26,27,"phytoplankton_Pagani_2010_23",,,"phytoplankton_Zhang_2017_67","F","use new temperatures and calculations of Zhang et al., 2017",2010,1.91,0.3185,159.361,"Mk37_2",,27.63,"epsilon_p is shown in Figure S2, but it is generally too dense and low-precision to confidently extract graphically. We back-calculated epsilon_p and CO2 from the reported pCO2, PO4, and SST.",890
"phytoplankton_pagani_2010.xlsx",27,28,"phytoplankton_Pagani_2010_24",,,"phytoplankton_Zhang_2017_68","F","use new temperatures and calculations of Zhang et al., 2017",2010,2.02,0.3185,159.361,"Mk37_2",,28.14,"epsilon_p is shown in Figure S2, but it is generally too dense and low-precision to confidently extract graphically. We back-calculated epsilon_p and CO2 from the reported pCO2, PO4, and SST.",891
"phytoplankton_pagani_2010.xlsx",28,29,"phytoplankton_Pagani_2010_25",,,"phytoplankton_Zhang_2017_69","F","use new temperatures and calculations of Zhang et al., 2017",2010,2.15,0.3185,159.361,"Mk37_2",,28.06,"epsilon_p is shown in Figure S2, but it is generally too dense and low-precision to confidently extract graphically. We back-calculated epsilon_p and CO2 from the reported pCO2, PO4, and SST.",892
"phytoplankton_pagani_2010.xlsx",29,30,"phytoplankton_Pagani_2010_26",,,"phytoplankton_Zhang_2017_70","F","use new temperatures and calculations of Zhang et al., 2017",2010,2.25,0.3185,159.361,"Mk37_2",,28.2,"epsilon_p is shown in Figure S2, but it is generally too dense and low-precision to confidently extract graphically. We back-calculated epsilon_p and CO2 from the reported pCO2, PO4, and SST.",893
"phytoplankton_pagani_2010.xlsx",30,31,"phytoplankton_Pagani_2010_27",,,"phytoplankton_Zhang_2017_71","F","use new temperatures and calculations of Zhang et al., 2017",2010,2.33,0.3185,159.361,"Mk37_2",,27.89,"epsilon_p is shown in Figure S2, but it is generally too dense and low-precision to confidently extract graphically. We back-calculated epsilon_p and CO2 from the reported pCO2, PO4, and SST.",894
"phytoplankton_pagani_2010.xlsx",31,32,"phytoplankton_Pagani_2010_28",,,"phytoplankton_Zhang_2017_72","F","use new temperatures and calculations of Zhang et al., 2017",2010,2.38,0.3185,159.361,"Mk37_2",,28.4,"epsilon_p is shown in Figure S2, but it is generally too dense and low-precision to confidently extract graphically. We back-calculated epsilon_p and CO2 from the reported pCO2, PO4, and SST.",895
"phytoplankton_pagani_2010.xlsx",32,33,"phytoplankton_Pagani_2010_29",,,"phytoplankton_Zhang_2017_73","F","use new temperatures and calculations of Zhang et al., 2017",2010,2.44,0.3185,159.361,"Mk37_2",,28.38,"epsilon_p is shown in Figure S2, but it is generally too dense and low-precision to confidently extract graphically. We back-calculated epsilon_p and CO2 from the reported pCO2, PO4, and SST.",896
"phytoplankton_pagani_2010.xlsx",33,34,"phytoplankton_Pagani_2010_30",,,"phytoplankton_Zhang_2017_74","F","use new temperatures and calculations of Zhang et al., 2017",2010,2.49,0.3185,159.361,"Mk37_2",,28.4,"epsilon_p is shown in Figure S2, but it is generally too dense and low-precision to confidently extract graphically. We back-calculated epsilon_p and CO2 from the reported pCO2, PO4, and SST.",897
"phytoplankton_pagani_2010.xlsx",34,35,"phytoplankton_Pagani_2010_31",,,"phytoplankton_Zhang_2017_75","F","use new temperatures and calculations of Zhang et al., 2017",2010,2.52,0.3185,159.361,"Mk37_2",,28.48,"epsilon_p is shown in Figure S2, but it is generally too dense and low-precision to confidently extract graphically. We back-calculated epsilon_p and CO2 from the reported pCO2, PO4, and SST.",898
"phytoplankton_pagani_2010.xlsx",35,36,"phytoplankton_Pagani_2010_32",,,"phytoplankton_Zhang_2017_76","F","use new temperatures and calculations of Zhang et al., 2017",2010,2.53,0.3185,159.361,"Mk37_2",,27.96,"epsilon_p is shown in Figure S2, but it is generally too dense and low-precision to confidently extract graphically. We back-calculated epsilon_p and CO2 from the reported pCO2, PO4, and SST.",899
"phytoplankton_pagani_2010.xlsx",36,37,"phytoplankton_Pagani_2010_33",,,"phytoplankton_Zhang_2017_77","F","use new temperatures and calculations of Zhang et al., 2017",2010,2.61,0.3185,159.361,"Mk37_2",,27.56,"epsilon_p is shown in Figure S2, but it is generally too dense and low-precision to confidently extract graphically. We back-calculated epsilon_p and CO2 from the reported pCO2, PO4, and SST.",900
"phytoplankton_pagani_2010.xlsx",37,38,"phytoplankton_Pagani_2010_34",,,"phytoplankton_Zhang_2017_78","F","use new temperatures and calculations of Zhang et al., 2017",2010,2.7,0.3185,159.361,"Mk37_2",,28.33,"epsilon_p is shown in Figure S2, but it is generally too dense and low-precision to confidently extract graphically. We back-calculated epsilon_p and CO2 from the reported pCO2, PO4, and SST.",901
"phytoplankton_pagani_2010.xlsx",38,39,"phytoplankton_Pagani_2010_35",,,"phytoplankton_Zhang_2017_79","F","use new temperatures and calculations of Zhang et al., 2017",2010,2.81,0.3185,159.361,"Mk37_2",,27.5,"epsilon_p is shown in Figure S2, but it is generally too dense and low-precision to confidently extract graphically. We back-calculated epsilon_p and CO2 from the reported pCO2, PO4, and SST.",902
"phytoplankton_pagani_2010.xlsx",39,40,"phytoplankton_Pagani_2010_36",,,"phytoplankton_Zhang_2017_80","F","use new temperatures and calculations of Zhang et al., 2017",2010,2.9,0.3185,159.361,"Mk37_2",,28.38,"epsilon_p is shown in Figure S2, but it is generally too dense and low-precision to confidently extract graphically. We back-calculated epsilon_p and CO2 from the reported pCO2, PO4, and SST.",903
"phytoplankton_pagani_2010.xlsx",40,41,"phytoplankton_Pagani_2010_37",,,"phytoplankton_Zhang_2017_81","F","use new temperatures and calculations of Zhang et al., 2017",2010,3,0.3185,159.361,"Mk37_2",,28.27,"epsilon_p is shown in Figure S2, but it is generally too dense and low-precision to confidently extract graphically. We back-calculated epsilon_p and CO2 from the reported pCO2, PO4, and SST.",904
"phytoplankton_pagani_2010.xlsx",41,42,"phytoplankton_Pagani_2010_38",,,"phytoplankton_Zhang_2017_82","F","use new temperatures and calculations of Zhang et al., 2017",2010,3.07,0.3185,159.361,"Mk37_2",,27.54,"epsilon_p is shown in Figure S2, but it is generally too dense and low-precision to confidently extract graphically. We back-calculated epsilon_p and CO2 from the reported pCO2, PO4, and SST.",905
"phytoplankton_pagani_2010.xlsx",42,43,"phytoplankton_Pagani_2010_39",,,"phytoplankton_Zhang_2017_83","F","use new temperatures and calculations of Zhang et al., 2017",2010,3.17,0.3185,159.361,"Mk37_2",,28.33,"epsilon_p is shown in Figure S2, but it is generally too dense and low-precision to confidently extract graphically. We back-calculated epsilon_p and CO2 from the reported pCO2, PO4, and SST.",906
"phytoplankton_pagani_2010.xlsx",43,44,"phytoplankton_Pagani_2010_40",,,"phytoplankton_Zhang_2017_84","F","use new temperatures and calculations of Zhang et al., 2017",2010,3.25,0.3185,159.361,"Mk37_2",,28.39,"epsilon_p is shown in Figure S2, but it is generally too dense and low-precision to confidently extract graphically. We back-calculated epsilon_p and CO2 from the reported pCO2, PO4, and SST.",907
"phytoplankton_pagani_2010.xlsx",44,45,"phytoplankton_Pagani_2010_41",,,"phytoplankton_Zhang_2017_85","F","use new temperatures and calculations of Zhang et al., 2017",2010,3.46,0.3185,159.361,"Mk37_2",,28.43,"epsilon_p is shown in Figure S2, but it is generally too dense and low-precision to confidently extract graphically. We back-calculated epsilon_p and CO2 from the reported pCO2, PO4, and SST.",908
"phytoplankton_pagani_2010.xlsx",45,46,"phytoplankton_Pagani_2010_42",,,"phytoplankton_Zhang_2017_86","F","use new temperatures and calculations of Zhang et al., 2017",2010,3.54,0.3185,159.361,"Mk37_2",,28.23,"epsilon_p is shown in Figure S2, but it is generally too dense and low-precision to confidently extract graphically. We back-calculated epsilon_p and CO2 from the reported pCO2, PO4, and SST.",909
"phytoplankton_pagani_2010.xlsx",46,47,"phytoplankton_Pagani_2010_43",,,"phytoplankton_Zhang_2017_87","F","use new temperatures and calculations of Zhang et al., 2017",2010,3.75,0.3185,159.361,"Mk37_2",,28.36,"epsilon_p is shown in Figure S2, but it is generally too dense and low-precision to confidently extract graphically. We back-calculated epsilon_p and CO2 from the reported pCO2, PO4, and SST.",910
"phytoplankton_pagani_2010.xlsx",47,48,"phytoplankton_Pagani_2010_44",,,"phytoplankton_Zhang_2017_88","F","use new temperatures and calculations of Zhang et al., 2017",2010,3.95,0.3185,159.361,"Mk37_2",,27.69,"epsilon_p is shown in Figure S2, but it is generally too dense and low-precision to confidently extract graphically. We back-calculated epsilon_p and CO2 from the reported pCO2, PO4, and SST.",911
"phytoplankton_pagani_2010.xlsx",48,49,"phytoplankton_Pagani_2010_45",,,"phytoplankton_Zhang_2017_89","F","use new temperatures and calculations of Zhang et al., 2017",2010,4.11,0.3185,159.361,"Mk37_2",,28.4,"epsilon_p is shown in Figure S2, but it is generally too dense and low-precision to confidently extract graphically. We back-calculated epsilon_p and CO2 from the reported pCO2, PO4, and SST.",912
"phytoplankton_pagani_2010.xlsx",49,50,"phytoplankton_Pagani_2010_46",,,"phytoplankton_Zhang_2017_90","F","use new temperatures and calculations of Zhang et al., 2017",2010,4.26,0.3185,159.361,"Mk37_2",,28.11,"epsilon_p is shown in Figure S2, but it is generally too dense and low-precision to confidently extract graphically. We back-calculated epsilon_p and CO2 from the reported pCO2, PO4, and SST.",913
"phytoplankton_pagani_2010.xlsx",50,51,"phytoplankton_Pagani_2010_47",,,"phytoplankton_Zhang_2017_91","F","use new temperatures and calculations of Zhang et al., 2017",2010,4.44,0.3185,159.361,"Mk37_2",,28.26,"epsilon_p is shown in Figure S2, but it is generally too dense and low-precision to confidently extract graphically. We back-calculated epsilon_p and CO2 from the reported pCO2, PO4, and SST.",914
"phytoplankton_pagani_2010.xlsx",51,52,"phytoplankton_Pagani_2010_48",,,"phytoplankton_Zhang_2017_92","F","use new temperatures and calculations of Zhang et al., 2017",2010,4.59,0.3185,159.361,"Mk37_2",,28.41,"epsilon_p is shown in Figure S2, but it is generally too dense and low-precision to confidently extract graphically. We back-calculated epsilon_p and CO2 from the reported pCO2, PO4, and SST.",915
"phytoplankton_pagani_2010.xlsx",52,53,"phytoplankton_Pagani_2010_49",,,"phytoplankton_Zhang_2017_93","F","use new temperatures and calculations of Zhang et al., 2017",2010,4.75,0.3185,159.361,"Mk37_2",,28.32,"epsilon_p is shown in Figure S2, but it is generally too dense and low-precision to confidently extract graphically. We back-calculated epsilon_p and CO2 from the reported pCO2, PO4, and SST.",916
"phytoplankton_pagani_2010.xlsx",53,54,"phytoplankton_Pagani_2010_50",,,"phytoplankton_Zhang_2017_94","F","use new temperatures and calculations of Zhang et al., 2017",2010,4.94,0.3185,159.361,"Mk37_2",,27.66,"epsilon_p is shown in Figure S2, but it is generally too dense and low-precision to confidently extract graphically. We back-calculated epsilon_p and CO2 from the reported pCO2, PO4, and SST.",917
"phytoplankton_pagani_2010.xlsx",54,55,"phytoplankton_Pagani_2010_51",,,,"T",,2010,2.8,50.3632833333333,167.599983333333,"Mk37_2",,7.04,"epsilon_p is shown in Figure S2, but it is generally too dense and low-precision to confidently extract graphically. We back-calculated epsilon_p and CO2 from the reported pCO2, PO4, and SST.",918
"phytoplankton_pagani_2010.xlsx",55,56,"phytoplankton_Pagani_2010_52",,,,"T",,2010,2.96,50.3632833333333,167.599983333333,"Mk37_2",,9.09,"epsilon_p is shown in Figure S2, but it is generally too dense and low-precision to confidently extract graphically. We back-calculated epsilon_p and CO2 from the reported pCO2, PO4, and SST.",919
"phytoplankton_pagani_2010.xlsx",56,57,"phytoplankton_Pagani_2010_53",,,,"T",,2010,3.02,50.3632833333333,167.599983333333,"Mk37_2",,9.65,"epsilon_p is shown in Figure S2, but it is generally too dense and low-precision to confidently extract graphically. We back-calculated epsilon_p and CO2 from the reported pCO2, PO4, and SST.",920
"phytoplankton_pagani_2010.xlsx",57,58,"phytoplankton_Pagani_2010_54",,,,"T",,2010,3.26,50.3632833333333,167.599983333333,"Mk37_2",,10.98,"epsilon_p is shown in Figure S2, but it is generally too dense and low-precision to confidently extract graphically. We back-calculated epsilon_p and CO2 from the reported pCO2, PO4, and SST.",921
"phytoplankton_pagani_2010.xlsx",58,59,"phytoplankton_Pagani_2010_55",,,,"T",,2010,3.9,50.3632833333333,167.599983333333,"Mk37_2",,9.51,"epsilon_p is shown in Figure S2, but it is generally too dense and low-precision to confidently extract graphically. We back-calculated epsilon_p and CO2 from the reported pCO2, PO4, and SST.",922
"phytoplankton_pagani_2010.xlsx",59,60,"phytoplankton_Pagani_2010_56",,,,"T",,2010,4.07,50.3632833333333,167.599983333333,"Mk37_2",,11.59,"epsilon_p is shown in Figure S2, but it is generally too dense and low-precision to confidently extract graphically. We back-calculated epsilon_p and CO2 from the reported pCO2, PO4, and SST.",923
"phytoplankton_pagani_2010.xlsx",60,61,"phytoplankton_Pagani_2010_57",,,,"T",,2010,4.24,50.3632833333333,167.599983333333,"Mk37_2",,11.5,"epsilon_p is shown in Figure S2, but it is generally too dense and low-precision to confidently extract graphically. We back-calculated epsilon_p and CO2 from the reported pCO2, PO4, and SST.",924
"phytoplankton_pagani_2010.xlsx",61,62,"phytoplankton_Pagani_2010_58",,,,"T",,2010,4.82,50.3632833333333,167.599983333333,"Mk37_2",,11.27,"epsilon_p is shown in Figure S2, but it is generally too dense and low-precision to confidently extract graphically. We back-calculated epsilon_p and CO2 from the reported pCO2, PO4, and SST.",925
"phytoplankton_pagani_2010.xlsx",62,63,"phytoplankton_Pagani_2010_59",,,"phytoplankton_Zhang_2013_4","F","use new temperatures and calculations of Zhang et al., 2013",2010,0.04,4.20426666666667,-43.4891,"Mk37_2",,26.52,"epsilon_p is shown in Figure S2, but it is generally too dense and low-precision to confidently extract graphically. We back-calculated epsilon_p and CO2 from the reported pCO2, PO4, and SST.",926
"phytoplankton_pagani_2010.xlsx",63,64,"phytoplankton_Pagani_2010_60",,,"phytoplankton_Zhang_2013_5","F","use new temperatures and calculations of Zhang et al., 2013",2010,0.06,4.20426666666667,-43.4891,"Mk37_2",,27.01,"epsilon_p is shown in Figure S2, but it is generally too dense and low-precision to confidently extract graphically. We back-calculated epsilon_p and CO2 from the reported pCO2, PO4, and SST.",927
"phytoplankton_pagani_2010.xlsx",64,65,"phytoplankton_Pagani_2010_61",,,"phytoplankton_Zhang_2013_6","F","use new temperatures and calculations of Zhang et al., 2013",2010,0.07,4.20426666666667,-43.4891,"Mk37_2",,27.57,"epsilon_p is shown in Figure S2, but it is generally too dense and low-precision to confidently extract graphically. We back-calculated epsilon_p and CO2 from the reported pCO2, PO4, and SST.",928
"phytoplankton_pagani_2010.xlsx",65,66,"phytoplankton_Pagani_2010_62",,,"phytoplankton_Zhang_2013_7","F","use new temperatures and calculations of Zhang et al., 2013",2010,0.09,4.20426666666667,-43.4891,"Mk37_2",,27.64,"epsilon_p is shown in Figure S2, but it is generally too dense and low-precision to confidently extract graphically. We back-calculated epsilon_p and CO2 from the reported pCO2, PO4, and SST.",929
"phytoplankton_pagani_2010.xlsx",66,67,"phytoplankton_Pagani_2010_63",,,"phytoplankton_Zhang_2013_8","F","use new temperatures and calculations of Zhang et al., 2013",2010,0.11,4.20426666666667,-43.4891,"Mk37_2",,27.72,"epsilon_p is shown in Figure S2, but it is generally too dense and low-precision to confidently extract graphically. We back-calculated epsilon_p and CO2 from the reported pCO2, PO4, and SST.",930
"phytoplankton_pagani_2010.xlsx",67,68,"phytoplankton_Pagani_2010_64",,,"phytoplankton_Zhang_2013_9","F","use new temperatures and calculations of Zhang et al., 2013",2010,0.11,4.20426666666667,-43.4891,"Mk37_2",,27.77,"epsilon_p is shown in Figure S2, but it is generally too dense and low-precision to confidently extract graphically. We back-calculated epsilon_p and CO2 from the reported pCO2, PO4, and SST.",931
"phytoplankton_pagani_2010.xlsx",68,69,"phytoplankton_Pagani_2010_65",,,"phytoplankton_Zhang_2013_10","F","use new temperatures and calculations of Zhang et al., 2013",2010,0.13,4.20426666666667,-43.4891,"Mk37_2",,27.85,"epsilon_p is shown in Figure S2, but it is generally too dense and low-precision to confidently extract graphically. We back-calculated epsilon_p and CO2 from the reported pCO2, PO4, and SST.",932
"phytoplankton_pagani_2010.xlsx",69,70,"phytoplankton_Pagani_2010_66",,,"phytoplankton_Zhang_2013_11","F","use new temperatures and calculations of Zhang et al., 2013",2010,0.15,4.20426666666667,-43.4891,"Mk37_2",,27.59,"epsilon_p is shown in Figure S2, but it is generally too dense and low-precision to confidently extract graphically. We back-calculated epsilon_p and CO2 from the reported pCO2, PO4, and SST.",933
"phytoplankton_pagani_2010.xlsx",70,71,"phytoplankton_Pagani_2010_67",,,"phytoplankton_Zhang_2013_12","F","use new temperatures and calculations of Zhang et al., 2013",2010,0.16,4.20426666666667,-43.4891,"Mk37_2",,27.22,"epsilon_p is shown in Figure S2, but it is generally too dense and low-precision to confidently extract graphically. We back-calculated epsilon_p and CO2 from the reported pCO2, PO4, and SST.",934
"phytoplankton_pagani_2010.xlsx",71,72,"phytoplankton_Pagani_2010_68",,,"phytoplankton_Zhang_2013_13","F","use new temperatures and calculations of Zhang et al., 2013",2010,0.17,4.20426666666667,-43.4891,"Mk37_2",,27.08,"epsilon_p is shown in Figure S2, but it is generally too dense and low-precision to confidently extract graphically. We back-calculated epsilon_p and CO2 from the reported pCO2, PO4, and SST.",935
"phytoplankton_pagani_2010.xlsx",72,73,"phytoplankton_Pagani_2010_69",,,"phytoplankton_Zhang_2013_14","F","use new temperatures and calculations of Zhang et al., 2013",2010,0.31,4.20426666666667,-43.4891,"Mk37_2",,27.42,"epsilon_p is shown in Figure S2, but it is generally too dense and low-precision to confidently extract graphically. We back-calculated epsilon_p and CO2 from the reported pCO2, PO4, and SST.",936
"phytoplankton_pagani_2010.xlsx",73,74,"phytoplankton_Pagani_2010_70",,,"phytoplankton_Zhang_2013_15","F","use new temperatures and calculations of Zhang et al., 2013",2010,0.43,4.20426666666667,-43.4891,"Mk37_2",,26.86,"epsilon_p is shown in Figure S2, but it is generally too dense and low-precision to confidently extract graphically. We back-calculated epsilon_p and CO2 from the reported pCO2, PO4, and SST.",937
"phytoplankton_pagani_2010.xlsx",74,75,"phytoplankton_Pagani_2010_71",,,"phytoplankton_Zhang_2013_16","F","use new temperatures and calculations of Zhang et al., 2013",2010,0.58,4.20426666666667,-43.4891,"Mk37_2",,27.75,"epsilon_p is shown in Figure S2, but it is generally too dense and low-precision to confidently extract graphically. We back-calculated epsilon_p and CO2 from the reported pCO2, PO4, and SST.",938
"phytoplankton_pagani_2010.xlsx",75,76,"phytoplankton_Pagani_2010_72",,,"phytoplankton_Zhang_2013_17","F","use new temperatures and calculations of Zhang et al., 2013",2010,0.93,4.20426666666667,-43.4891,"Mk37_2",,26.85,"epsilon_p is shown in Figure S2, but it is generally too dense and low-precision to confidently extract graphically. We back-calculated epsilon_p and CO2 from the reported pCO2, PO4, and SST.",939
"phytoplankton_pagani_2010.xlsx",76,77,"phytoplankton_Pagani_2010_73",,,"phytoplankton_Zhang_2013_18","F","use new temperatures and calculations of Zhang et al., 2013",2010,1.05,4.20426666666667,-43.4891,"Mk37_2",,27.3,"epsilon_p is shown in Figure S2, but it is generally too dense and low-precision to confidently extract graphically. We back-calculated epsilon_p and CO2 from the reported pCO2, PO4, and SST.",940
"phytoplankton_pagani_2010.xlsx",77,78,"phytoplankton_Pagani_2010_74",,,"phytoplankton_Zhang_2013_19","F","use new temperatures and calculations of Zhang et al., 2013",2010,1.19,4.20426666666667,-43.4891,"Mk37_2",,27.52,"epsilon_p is shown in Figure S2, but it is generally too dense and low-precision to confidently extract graphically. We back-calculated epsilon_p and CO2 from the reported pCO2, PO4, and SST.",941
"phytoplankton_pagani_2010.xlsx",78,79,"phytoplankton_Pagani_2010_75",,,"phytoplankton_Zhang_2013_20","F","use new temperatures and calculations of Zhang et al., 2013",2010,1.21,4.20426666666667,-43.4891,"Mk37_2",,27.74,"epsilon_p is shown in Figure S2, but it is generally too dense and low-precision to confidently extract graphically. We back-calculated epsilon_p and CO2 from the reported pCO2, PO4, and SST.",942
"phytoplankton_pagani_2010.xlsx",79,80,"phytoplankton_Pagani_2010_76",,,"phytoplankton_Zhang_2013_21","F","use new temperatures and calculations of Zhang et al., 2013",2010,1.22,4.20426666666667,-43.4891,"Mk37_2",,27.7,"epsilon_p is shown in Figure S2, but it is generally too dense and low-precision to confidently extract graphically. We back-calculated epsilon_p and CO2 from the reported pCO2, PO4, and SST.",943
"phytoplankton_pagani_2010.xlsx",80,81,"phytoplankton_Pagani_2010_77",,,"phytoplankton_Zhang_2013_22","F","use new temperatures and calculations of Zhang et al., 2013",2010,1.23,4.20426666666667,-43.4891,"Mk37_2",,27.88,"epsilon_p is shown in Figure S2, but it is generally too dense and low-precision to confidently extract graphically. We back-calculated epsilon_p and CO2 from the reported pCO2, PO4, and SST.",944
"phytoplankton_pagani_2010.xlsx",81,82,"phytoplankton_Pagani_2010_78",,,"phytoplankton_Zhang_2013_23","F","use new temperatures and calculations of Zhang et al., 2013",2010,1.25,4.20426666666667,-43.4891,"Mk37_2",,26.89,"epsilon_p is shown in Figure S2, but it is generally too dense and low-precision to confidently extract graphically. We back-calculated epsilon_p and CO2 from the reported pCO2, PO4, and SST.",945
"phytoplankton_pagani_2010.xlsx",82,83,"phytoplankton_Pagani_2010_79",,,"phytoplankton_Zhang_2013_24","F","use new temperatures and calculations of Zhang et al., 2013",2010,1.27,4.20426666666667,-43.4891,"Mk37_2",,27.59,"epsilon_p is shown in Figure S2, but it is generally too dense and low-precision to confidently extract graphically. We back-calculated epsilon_p and CO2 from the reported pCO2, PO4, and SST.",946
"phytoplankton_pagani_2010.xlsx",83,84,"phytoplankton_Pagani_2010_80",,,"phytoplankton_Zhang_2013_25","F","use new temperatures and calculations of Zhang et al., 2013",2010,1.28,4.20426666666667,-43.4891,"Mk37_2",,27.38,"epsilon_p is shown in Figure S2, but it is generally too dense and low-precision to confidently extract graphically. We back-calculated epsilon_p and CO2 from the reported pCO2, PO4, and SST.",947
"phytoplankton_pagani_2010.xlsx",84,85,"phytoplankton_Pagani_2010_81",,,"phytoplankton_Zhang_2013_26","F","use new temperatures and calculations of Zhang et al., 2013",2010,1.35,4.20426666666667,-43.4891,"Mk37_2",,27.67,"epsilon_p is shown in Figure S2, but it is generally too dense and low-precision to confidently extract graphically. We back-calculated epsilon_p and CO2 from the reported pCO2, PO4, and SST.",948
"phytoplankton_pagani_2010.xlsx",85,86,"phytoplankton_Pagani_2010_82",,,"phytoplankton_Zhang_2013_27","F","use new temperatures and calculations of Zhang et al., 2013",2010,1.64,4.20426666666667,-43.4891,"Mk37_2",,26.38,"epsilon_p is shown in Figure S2, but it is generally too dense and low-precision to confidently extract graphically. We back-calculated epsilon_p and CO2 from the reported pCO2, PO4, and SST.",949
"phytoplankton_pagani_2010.xlsx",86,87,"phytoplankton_Pagani_2010_83",,,"phytoplankton_Zhang_2013_28","F","use new temperatures and calculations of Zhang et al., 2013",2010,1.73,4.20426666666667,-43.4891,"Mk37_2",,27.74,"epsilon_p is shown in Figure S2, but it is generally too dense and low-precision to confidently extract graphically. We back-calculated epsilon_p and CO2 from the reported pCO2, PO4, and SST.",950
"phytoplankton_pagani_2010.xlsx",87,88,"phytoplankton_Pagani_2010_84",,,"phytoplankton_Zhang_2013_29","F","use new temperatures and calculations of Zhang et al., 2013",2010,1.97,4.20426666666667,-43.4891,"Mk37_2",,27.84,"epsilon_p is shown in Figure S2, but it is generally too dense and low-precision to confidently extract graphically. We back-calculated epsilon_p and CO2 from the reported pCO2, PO4, and SST.",951
"phytoplankton_pagani_2010.xlsx",88,89,"phytoplankton_Pagani_2010_85",,,"phytoplankton_Zhang_2013_30","F","use new temperatures and calculations of Zhang et al., 2013",2010,2.09,4.20426666666667,-43.4891,"Mk37_2",,27.84,"epsilon_p is shown in Figure S2, but it is generally too dense and low-precision to confidently extract graphically. We back-calculated epsilon_p and CO2 from the reported pCO2, PO4, and SST.",952
"phytoplankton_pagani_2010.xlsx",89,90,"phytoplankton_Pagani_2010_86",,,"phytoplankton_Zhang_2013_31","F","use new temperatures and calculations of Zhang et al., 2013",2010,2.19,4.20426666666667,-43.4891,"Mk37_2",,28.26,"epsilon_p is shown in Figure S2, but it is generally too dense and low-precision to confidently extract graphically. We back-calculated epsilon_p and CO2 from the reported pCO2, PO4, and SST.",953
"phytoplankton_pagani_2010.xlsx",90,91,"phytoplankton_Pagani_2010_87",,,"phytoplankton_Zhang_2013_32","F","use new temperatures and calculations of Zhang et al., 2013",2010,2.3,4.20426666666667,-43.4891,"Mk37_2",,27.82,"epsilon_p is shown in Figure S2, but it is generally too dense and low-precision to confidently extract graphically. We back-calculated epsilon_p and CO2 from the reported pCO2, PO4, and SST.",954
"phytoplankton_pagani_2010.xlsx",91,92,"phytoplankton_Pagani_2010_88",,,"phytoplankton_Zhang_2013_33","F","use new temperatures and calculations of Zhang et al., 2013",2010,2.4,4.20426666666667,-43.4891,"Mk37_2",,27.96,"epsilon_p is shown in Figure S2, but it is generally too dense and low-precision to confidently extract graphically. We back-calculated epsilon_p and CO2 from the reported pCO2, PO4, and SST.",955
"phytoplankton_pagani_2010.xlsx",92,93,"phytoplankton_Pagani_2010_89",,,,"T",,2010,2.47,4.20426666666667,-43.4891,"Mk37_2",,27.4,"epsilon_p is shown in Figure S2, but it is generally too dense and low-precision to confidently extract graphically. We back-calculated epsilon_p and CO2 from the reported pCO2, PO4, and SST.",956
"phytoplankton_pagani_2010.xlsx",93,94,"phytoplankton_Pagani_2010_90",,,"phytoplankton_Zhang_2013_34","F","use new temperatures and calculations of Zhang et al., 2013",2010,2.59,4.20426666666667,-43.4891,"Mk37_2",,27.88,"epsilon_p is shown in Figure S2, but it is generally too dense and low-precision to confidently extract graphically. We back-calculated epsilon_p and CO2 from the reported pCO2, PO4, and SST.",957
"phytoplankton_pagani_2010.xlsx",94,95,"phytoplankton_Pagani_2010_91",,,"phytoplankton_Zhang_2013_35","F","use new temperatures and calculations of Zhang et al., 2013",2010,2.6,4.20426666666667,-43.4891,"Mk37_2",,27.55,"epsilon_p is shown in Figure S2, but it is generally too dense and low-precision to confidently extract graphically. We back-calculated epsilon_p and CO2 from the reported pCO2, PO4, and SST.",958
"phytoplankton_pagani_2010.xlsx",95,96,"phytoplankton_Pagani_2010_92",,,,"T",,2010,2.6,4.20426666666667,-43.4891,"Mk37_2",,27.49,"epsilon_p is shown in Figure S2, but it is generally too dense and low-precision to confidently extract graphically. We back-calculated epsilon_p and CO2 from the reported pCO2, PO4, and SST.",959
"phytoplankton_pagani_2010.xlsx",96,97,"phytoplankton_Pagani_2010_93",,,"phytoplankton_Zhang_2013_36","F","use new temperatures and calculations of Zhang et al., 2013",2010,2.72,4.20426666666667,-43.4891,"Mk37_2",,27.86,"epsilon_p is shown in Figure S2, but it is generally too dense and low-precision to confidently extract graphically. We back-calculated epsilon_p and CO2 from the reported pCO2, PO4, and SST.",960
"phytoplankton_pagani_2010.xlsx",97,98,"phytoplankton_Pagani_2010_94",,,"phytoplankton_Zhang_2013_37","F","use new temperatures and calculations of Zhang et al., 2013",2010,2.94,4.20426666666667,-43.4891,"Mk37_2",,27.96,"epsilon_p is shown in Figure S2, but it is generally too dense and low-precision to confidently extract graphically. We back-calculated epsilon_p and CO2 from the reported pCO2, PO4, and SST.",961
"phytoplankton_pagani_2010.xlsx",98,99,"phytoplankton_Pagani_2010_95",,,"phytoplankton_Zhang_2013_38","F","use new temperatures and calculations of Zhang et al., 2013",2010,3.08,4.20426666666667,-43.4891,"Mk37_2",,27.96,"epsilon_p is shown in Figure S2, but it is generally too dense and low-precision to confidently extract graphically. We back-calculated epsilon_p and CO2 from the reported pCO2, PO4, and SST.",962
"phytoplankton_pagani_2010.xlsx",99,100,"phytoplankton_Pagani_2010_96",,,"phytoplankton_Zhang_2013_39","F","use new temperatures and calculations of Zhang et al., 2013",2010,3.13,4.20426666666667,-43.4891,"Mk37_2",,27.98,"epsilon_p is shown in Figure S2, but it is generally too dense and low-precision to confidently extract graphically. We back-calculated epsilon_p and CO2 from the reported pCO2, PO4, and SST.",963
"phytoplankton_pagani_2010.xlsx",100,101,"phytoplankton_Pagani_2010_97",,,"phytoplankton_Zhang_2013_40","F","use new temperatures and calculations of Zhang et al., 2013",2010,3.32,4.20426666666667,-43.4891,"Mk37_2",,28.04,"epsilon_p is shown in Figure S2, but it is generally too dense and low-precision to confidently extract graphically. We back-calculated epsilon_p and CO2 from the reported pCO2, PO4, and SST.",964
"phytoplankton_pagani_2010.xlsx",101,102,"phytoplankton_Pagani_2010_98",,,"phytoplankton_Zhang_2013_41","F","use new temperatures and calculations of Zhang et al., 2013",2010,3.36,4.20426666666667,-43.4891,"Mk37_2",,27.51,"epsilon_p is shown in Figure S2, but it is generally too dense and low-precision to confidently extract graphically. We back-calculated epsilon_p and CO2 from the reported pCO2, PO4, and SST.",965
"phytoplankton_pagani_2010.xlsx",102,103,"phytoplankton_Pagani_2010_99",,,"phytoplankton_Zhang_2013_42","F","use new temperatures and calculations of Zhang et al., 2013",2010,3.46,4.20426666666667,-43.4891,"Mk37_2",,28.05,"epsilon_p is shown in Figure S2, but it is generally too dense and low-precision to confidently extract graphically. We back-calculated epsilon_p and CO2 from the reported pCO2, PO4, and SST.",966
"phytoplankton_pagani_2010.xlsx",103,104,"phytoplankton_Pagani_2010_100",,,"phytoplankton_Zhang_2013_44","F","use new temperatures and calculations of Zhang et al., 2013",2010,3.52,4.20426666666667,-43.4891,"Mk37_2",,28.01,"epsilon_p is shown in Figure S2, but it is generally too dense and low-precision to confidently extract graphically. We back-calculated epsilon_p and CO2 from the reported pCO2, PO4, and SST.",967
"phytoplankton_pagani_2010.xlsx",104,105,"phytoplankton_Pagani_2010_101",,,"phytoplankton_Zhang_2013_45","F","use new temperatures and calculations of Zhang et al., 2013",2010,3.67,4.20426666666667,-43.4891,"Mk37_2",,27.82,"epsilon_p is shown in Figure S2, but it is generally too dense and low-precision to confidently extract graphically. We back-calculated epsilon_p and CO2 from the reported pCO2, PO4, and SST.",968
"phytoplankton_pagani_2010.xlsx",105,106,"phytoplankton_Pagani_2010_102",,,"phytoplankton_Zhang_2013_46","F","use new temperatures and calculations of Zhang et al., 2013",2010,3.85,4.20426666666667,-43.4891,"Mk37_2",,28.05,"epsilon_p is shown in Figure S2, but it is generally too dense and low-precision to confidently extract graphically. We back-calculated epsilon_p and CO2 from the reported pCO2, PO4, and SST.",969
"phytoplankton_pagani_2010.xlsx",106,107,"phytoplankton_Pagani_2010_103",,,"phytoplankton_Zhang_2013_47","F","use new temperatures and calculations of Zhang et al., 2013",2010,3.99,4.20426666666667,-43.4891,"Mk37_2",,28.02,"epsilon_p is shown in Figure S2, but it is generally too dense and low-precision to confidently extract graphically. We back-calculated epsilon_p and CO2 from the reported pCO2, PO4, and SST.",970
"phytoplankton_pagani_2010.xlsx",107,108,"phytoplankton_Pagani_2010_104",,,"phytoplankton_Zhang_2013_48","F","use new temperatures and calculations of Zhang et al., 2013",2010,4.11,4.20426666666667,-43.4891,"Mk37_2",,28.07,"epsilon_p is shown in Figure S2, but it is generally too dense and low-precision to confidently extract graphically. We back-calculated epsilon_p and CO2 from the reported pCO2, PO4, and SST.",971
"phytoplankton_pagani_2010.xlsx",108,109,"phytoplankton_Pagani_2010_105",,,"phytoplankton_Zhang_2013_49","F","use new temperatures and calculations of Zhang et al., 2013",2010,4.45,4.20426666666667,-43.4891,"Mk37_2",,28.26,"epsilon_p is shown in Figure S2, but it is generally too dense and low-precision to confidently extract graphically. We back-calculated epsilon_p and CO2 from the reported pCO2, PO4, and SST.",972
"phytoplankton_pagani_2010.xlsx",109,110,"phytoplankton_Pagani_2010_106",,,"phytoplankton_Zhang_2013_50","F","use new temperatures and calculations of Zhang et al., 2013",2010,4.78,4.20426666666667,-43.4891,"Mk37_2",,28.09,"epsilon_p is shown in Figure S2, but it is generally too dense and low-precision to confidently extract graphically. We back-calculated epsilon_p and CO2 from the reported pCO2, PO4, and SST.",973
"phytoplankton_pagani_2010.xlsx",110,111,"phytoplankton_Pagani_2010_107",,,,"T",,2010,0.41,57.5167,-15.86655,"Mk37_2",,17.86,"epsilon_p is shown in Figure S2, but it is generally too dense and low-precision to confidently extract graphically. We back-calculated epsilon_p and CO2 from the reported pCO2, PO4, and SST.",974
"phytoplankton_pagani_2010.xlsx",111,112,"phytoplankton_Pagani_2010_108",,,,"T",,2010,0.56,57.5167,-15.86655,"Mk37_2",,13.65,"epsilon_p is shown in Figure S2, but it is generally too dense and low-precision to confidently extract graphically. We back-calculated epsilon_p and CO2 from the reported pCO2, PO4, and SST.",975
"phytoplankton_pagani_2010.xlsx",112,113,"phytoplankton_Pagani_2010_109",,,,"T",,2010,0.76,57.5167,-15.86655,"Mk37_2",,14.79,"epsilon_p is shown in Figure S2, but it is generally too dense and low-precision to confidently extract graphically. We back-calculated epsilon_p and CO2 from the reported pCO2, PO4, and SST.",976
"phytoplankton_pagani_2010.xlsx",113,114,"phytoplankton_Pagani_2010_110",,,,"T",,2010,2.86,57.5167,-15.86655,"Mk37_2",,17.75,"epsilon_p is shown in Figure S2, but it is generally too dense and low-precision to confidently extract graphically. We back-calculated epsilon_p and CO2 from the reported pCO2, PO4, and SST.",977
"phytoplankton_pagani_2010.xlsx",114,115,"phytoplankton_Pagani_2010_111",,,,"T",,2010,3.28,57.5167,-15.86655,"Mk37_2",,19.54,"epsilon_p is shown in Figure S2, but it is generally too dense and low-precision to confidently extract graphically. We back-calculated epsilon_p and CO2 from the reported pCO2, PO4, and SST.",978
"phytoplankton_pagani_2010.xlsx",115,116,"phytoplankton_Pagani_2010_112",,,,"T",,2010,3.69,57.5167,-15.86655,"Mk37_2",,19.4,"epsilon_p is shown in Figure S2, but it is generally too dense and low-precision to confidently extract graphically. We back-calculated epsilon_p and CO2 from the reported pCO2, PO4, and SST.",979
"phytoplankton_pagani_2010.xlsx",116,117,"phytoplankton_Pagani_2010_113",,,,"T",,2010,3.82,57.5167,-15.86655,"Mk37_2",,15.96,"epsilon_p is shown in Figure S2, but it is generally too dense and low-precision to confidently extract graphically. We back-calculated epsilon_p and CO2 from the reported pCO2, PO4, and SST.",980
"phytoplankton_pagani_2010.xlsx",117,118,"phytoplankton_Pagani_2010_114",,,,"T",,2010,3.91,57.5167,-15.86655,"Mk37_2",,19.5,"epsilon_p is shown in Figure S2, but it is generally too dense and low-precision to confidently extract graphically. We back-calculated epsilon_p and CO2 from the reported pCO2, PO4, and SST.",981
"phytoplankton_pagani_2010.xlsx",118,119,"phytoplankton_Pagani_2010_115",,,,"T",,2010,4.02,57.5167,-15.86655,"Mk37_2",,21.63,"epsilon_p is shown in Figure S2, but it is generally too dense and low-precision to confidently extract graphically. We back-calculated epsilon_p and CO2 from the reported pCO2, PO4, and SST.",982
"phytoplankton_pagani_2010.xlsx",119,120,"phytoplankton_Pagani_2010_116",,,,"T",,2010,4.11,57.5167,-15.86655,"Mk37_2",,21.3,"epsilon_p is shown in Figure S2, but it is generally too dense and low-precision to confidently extract graphically. We back-calculated epsilon_p and CO2 from the reported pCO2, PO4, and SST.",983
"phytoplankton_pagani_2010.xlsx",120,121,"phytoplankton_Pagani_2010_117",,,,"T",,2010,4.21,57.5167,-15.86655,"Mk37_2",,20.96,"epsilon_p is shown in Figure S2, but it is generally too dense and low-precision to confidently extract graphically. We back-calculated epsilon_p and CO2 from the reported pCO2, PO4, and SST.",984
"phytoplankton_pagani_2010.xlsx",121,122,"phytoplankton_Pagani_2010_118",,,,"T",,2010,4.3,57.5167,-15.86655,"Mk37_2",,20.74,"epsilon_p is shown in Figure S2, but it is generally too dense and low-precision to confidently extract graphically. We back-calculated epsilon_p and CO2 from the reported pCO2, PO4, and SST.",985
"phytoplankton_pagani_2010.xlsx",122,123,"phytoplankton_Pagani_2010_119",,,,"T",,2010,0.58,32.2828,-118.383,"Mk37_2",,15.9,"epsilon_p is shown in Figure S2, but it is generally too dense and low-precision to confidently extract graphically. We back-calculated epsilon_p and CO2 from the reported pCO2, PO4, and SST.",986
"phytoplankton_pagani_2010.xlsx",123,124,"phytoplankton_Pagani_2010_120",,,,"T",,2010,0.61,32.2828,-118.383,"Mk37_2",,18.8,"epsilon_p is shown in Figure S2, but it is generally too dense and low-precision to confidently extract graphically. We back-calculated epsilon_p and CO2 from the reported pCO2, PO4, and SST.",987
"phytoplankton_pagani_2010.xlsx",124,125,"phytoplankton_Pagani_2010_121",,,,"T",,2010,0.63,32.2828,-118.383,"Mk37_2",,19.3,"epsilon_p is shown in Figure S2, but it is generally too dense and low-precision to confidently extract graphically. We back-calculated epsilon_p and CO2 from the reported pCO2, PO4, and SST.",988
"phytoplankton_pagani_2010.xlsx",125,126,"phytoplankton_Pagani_2010_122",,,,"T",,2010,0.7,32.2828,-118.383,"Mk37_2",,18.2,"epsilon_p is shown in Figure S2, but it is generally too dense and low-precision to confidently extract graphically. We back-calculated epsilon_p and CO2 from the reported pCO2, PO4, and SST.",989
"phytoplankton_pagani_2010.xlsx",126,127,"phytoplankton_Pagani_2010_123",,,,"T",,2010,0.84,32.2828,-118.383,"Mk37_2",,15.3,"epsilon_p is shown in Figure S2, but it is generally too dense and low-precision to confidently extract graphically. We back-calculated epsilon_p and CO2 from the reported pCO2, PO4, and SST.",990
"phytoplankton_pagani_2010.xlsx",127,128,"phytoplankton_Pagani_2010_124",,,,"T",,2010,1.11,32.2828,-118.383,"Mk37_2",,17.6,"epsilon_p is shown in Figure S2, but it is generally too dense and low-precision to confidently extract graphically. We back-calculated epsilon_p and CO2 from the reported pCO2, PO4, and SST.",991
"phytoplankton_pagani_2010.xlsx",128,129,"phytoplankton_Pagani_2010_125",,,,"T",,2010,1.39,32.2828,-118.383,"Mk37_2",,18.6,"epsilon_p is shown in Figure S2, but it is generally too dense and low-precision to confidently extract graphically. We back-calculated epsilon_p and CO2 from the reported pCO2, PO4, and SST.",992
"phytoplankton_pagani_2010.xlsx",129,130,"phytoplankton_Pagani_2010_126",,,,"T",,2010,1.4,32.2828,-118.383,"Mk37_2",,18.8,"epsilon_p is shown in Figure S2, but it is generally too dense and low-precision to confidently extract graphically. We back-calculated epsilon_p and CO2 from the reported pCO2, PO4, and SST.",993
"phytoplankton_pagani_2010.xlsx",130,131,"phytoplankton_Pagani_2010_127",,,,"T",,2010,1.4,32.2828,-118.383,"Mk37_2",,18.4,"epsilon_p is shown in Figure S2, but it is generally too dense and low-precision to confidently extract graphically. We back-calculated epsilon_p and CO2 from the reported pCO2, PO4, and SST.",994
"phytoplankton_pagani_2010.xlsx",131,132,"phytoplankton_Pagani_2010_128",,,,"T",,2010,1.4,32.2828,-118.383,"Mk37_2",,17.6,"epsilon_p is shown in Figure S2, but it is generally too dense and low-precision to confidently extract graphically. We back-calculated epsilon_p and CO2 from the reported pCO2, PO4, and SST.",995
"phytoplankton_pagani_2010.xlsx",132,133,"phytoplankton_Pagani_2010_129",,,,"T",,2010,1.41,32.2828,-118.383,"Mk37_2",,16.6,"epsilon_p is shown in Figure S2, but it is generally too dense and low-precision to confidently extract graphically. We back-calculated epsilon_p and CO2 from the reported pCO2, PO4, and SST.",996
"phytoplankton_pagani_2010.xlsx",133,134,"phytoplankton_Pagani_2010_130",,,,"T",,2010,1.41,32.2828,-118.383,"Mk37_2",,15.4,"epsilon_p is shown in Figure S2, but it is generally too dense and low-precision to confidently extract graphically. We back-calculated epsilon_p and CO2 from the reported pCO2, PO4, and SST.",997
"phytoplankton_pagani_2010.xlsx",134,135,"phytoplankton_Pagani_2010_131",,,,"T",,2010,1.41,32.2828,-118.383,"Mk37_2",,15.5,"epsilon_p is shown in Figure S2, but it is generally too dense and low-precision to confidently extract graphically. We back-calculated epsilon_p and CO2 from the reported pCO2, PO4, and SST.",998
"phytoplankton_pagani_2010.xlsx",135,136,"phytoplankton_Pagani_2010_132",,,,"T",,2010,1.42,32.2828,-118.383,"Mk37_2",,17.8,"epsilon_p is shown in Figure S2, but it is generally too dense and low-precision to confidently extract graphically. We back-calculated epsilon_p and CO2 from the reported pCO2, PO4, and SST.",999
"phytoplankton_pagani_2010.xlsx",136,137,"phytoplankton_Pagani_2010_133",,,,"T",,2010,1.43,32.2828,-118.383,"Mk37_2",,19.1,"epsilon_p is shown in Figure S2, but it is generally too dense and low-precision to confidently extract graphically. We back-calculated epsilon_p and CO2 from the reported pCO2, PO4, and SST.",1000
"phytoplankton_pagani_2010.xlsx",137,138,"phytoplankton_Pagani_2010_134",,,,"T",,2010,1.43,32.2828,-118.383,"Mk37_2",,20.4,"epsilon_p is shown in Figure S2, but it is generally too dense and low-precision to confidently extract graphically. We back-calculated epsilon_p and CO2 from the reported pCO2, PO4, and SST.",1001
"phytoplankton_pagani_2010.xlsx",138,139,"phytoplankton_Pagani_2010_135",,,,"T",,2010,1.43,32.2828,-118.383,"Mk37_2",,20,"epsilon_p is shown in Figure S2, but it is generally too dense and low-precision to confidently extract graphically. We back-calculated epsilon_p and CO2 from the reported pCO2, PO4, and SST.",1002
"phytoplankton_pagani_2010.xlsx",139,140,"phytoplankton_Pagani_2010_136",,,,"T",,2010,1.44,32.2828,-118.383,"Mk37_2",,19.6,"epsilon_p is shown in Figure S2, but it is generally too dense and low-precision to confidently extract graphically. We back-calculated epsilon_p and CO2 from the reported pCO2, PO4, and SST.",1003
"phytoplankton_pagani_2010.xlsx",140,141,"phytoplankton_Pagani_2010_137",,,,"T",,2010,1.44,32.2828,-118.383,"Mk37_2",,19.8,"epsilon_p is shown in Figure S2, but it is generally too dense and low-precision to confidently extract graphically. We back-calculated epsilon_p and CO2 from the reported pCO2, PO4, and SST.",1004
"phytoplankton_pagani_2010.xlsx",141,142,"phytoplankton_Pagani_2010_138",,,,"T",,2010,1.45,32.2828,-118.383,"Mk37_2",,20.1,"epsilon_p is shown in Figure S2, but it is generally too dense and low-precision to confidently extract graphically. We back-calculated epsilon_p and CO2 from the reported pCO2, PO4, and SST.",1005
"phytoplankton_pagani_2010.xlsx",142,143,"phytoplankton_Pagani_2010_139",,,,"T",,2010,1.45,32.2828,-118.383,"Mk37_2",,17.05,"epsilon_p is shown in Figure S2, but it is generally too dense and low-precision to confidently extract graphically. We back-calculated epsilon_p and CO2 from the reported pCO2, PO4, and SST.",1006
"phytoplankton_pagani_2010.xlsx",143,144,"phytoplankton_Pagani_2010_140",,,,"T",,2010,1.46,32.2828,-118.383,"Mk37_2",,16.65,"epsilon_p is shown in Figure S2, but it is generally too dense and low-precision to confidently extract graphically. We back-calculated epsilon_p and CO2 from the reported pCO2, PO4, and SST.",1007
"phytoplankton_pagani_2010.xlsx",144,145,"phytoplankton_Pagani_2010_141",,,,"T",,2010,1.46,32.2828,-118.383,"Mk37_2",,16.8,"epsilon_p is shown in Figure S2, but it is generally too dense and low-precision to confidently extract graphically. We back-calculated epsilon_p and CO2 from the reported pCO2, PO4, and SST.",1008
"phytoplankton_pagani_2010.xlsx",145,146,"phytoplankton_Pagani_2010_142",,,,"T",,2010,1.5,32.2828,-118.383,"Mk37_2",,15.8,"epsilon_p is shown in Figure S2, but it is generally too dense and low-precision to confidently extract graphically. We back-calculated epsilon_p and CO2 from the reported pCO2, PO4, and SST.",1009
"phytoplankton_pagani_2010.xlsx",146,147,"phytoplankton_Pagani_2010_143",,,,"T",,2010,1.62,32.2828,-118.383,"Mk37_2",,16.9,"epsilon_p is shown in Figure S2, but it is generally too dense and low-precision to confidently extract graphically. We back-calculated epsilon_p and CO2 from the reported pCO2, PO4, and SST.",1010
"phytoplankton_pagani_2010.xlsx",147,148,"phytoplankton_Pagani_2010_144",,,,"T",,2010,1.78,32.2828,-118.383,"Mk37_2",,17.6,"epsilon_p is shown in Figure S2, but it is generally too dense and low-precision to confidently extract graphically. We back-calculated epsilon_p and CO2 from the reported pCO2, PO4, and SST.",1011
"phytoplankton_pagani_2010.xlsx",148,149,"phytoplankton_Pagani_2010_145",,,,"T",,2010,1.8,32.2828,-118.383,"Mk37_2",,16.1,"epsilon_p is shown in Figure S2, but it is generally too dense and low-precision to confidently extract graphically. We back-calculated epsilon_p and CO2 from the reported pCO2, PO4, and SST.",1012
"phytoplankton_pagani_2010.xlsx",149,150,"phytoplankton_Pagani_2010_146",,,,"T",,2010,1.81,32.2828,-118.383,"Mk37_2",,18.2,"epsilon_p is shown in Figure S2, but it is generally too dense and low-precision to confidently extract graphically. We back-calculated epsilon_p and CO2 from the reported pCO2, PO4, and SST.",1013
"phytoplankton_pagani_2010.xlsx",150,151,"phytoplankton_Pagani_2010_147",,,,"T",,2010,2.73,32.2828,-118.383,"Mk37_2",,21.61,"epsilon_p is shown in Figure S2, but it is generally too dense and low-precision to confidently extract graphically. We back-calculated epsilon_p and CO2 from the reported pCO2, PO4, and SST.",1014
"phytoplankton_pagani_2010.xlsx",151,152,"phytoplankton_Pagani_2010_148",,,,"T",,2010,2.74,32.2828,-118.383,"Mk37_2",,22.2,"epsilon_p is shown in Figure S2, but it is generally too dense and low-precision to confidently extract graphically. We back-calculated epsilon_p and CO2 from the reported pCO2, PO4, and SST.",1015
"phytoplankton_pagani_2010.xlsx",152,153,"phytoplankton_Pagani_2010_149",,,,"T",,2010,2.76,32.2828,-118.383,"Mk37_2",,21.85,"epsilon_p is shown in Figure S2, but it is generally too dense and low-precision to confidently extract graphically. We back-calculated epsilon_p and CO2 from the reported pCO2, PO4, and SST.",1016
"phytoplankton_pagani_2010.xlsx",153,154,"phytoplankton_Pagani_2010_150",,,,"T",,2010,2.77,32.2828,-118.383,"Mk37_2",,20.74,"epsilon_p is shown in Figure S2, but it is generally too dense and low-precision to confidently extract graphically. We back-calculated epsilon_p and CO2 from the reported pCO2, PO4, and SST.",1017
"phytoplankton_pagani_2010.xlsx",154,155,"phytoplankton_Pagani_2010_151",,,,"T",,2010,2.78,32.2828,-118.383,"Mk37_2",,21.52,"epsilon_p is shown in Figure S2, but it is generally too dense and low-precision to confidently extract graphically. We back-calculated epsilon_p and CO2 from the reported pCO2, PO4, and SST.",1018
"phytoplankton_pagani_2010.xlsx",155,156,"phytoplankton_Pagani_2010_152",,,,"T",,2010,2.8,32.2828,-118.383,"Mk37_2",,22.99,"epsilon_p is shown in Figure S2, but it is generally too dense and low-precision to confidently extract graphically. We back-calculated epsilon_p and CO2 from the reported pCO2, PO4, and SST.",1019
"phytoplankton_pagani_2010.xlsx",156,157,"phytoplankton_Pagani_2010_153",,,,"T",,2010,2.81,32.2828,-118.383,"Mk37_2",,20.92,"epsilon_p is shown in Figure S2, but it is generally too dense and low-precision to confidently extract graphically. We back-calculated epsilon_p and CO2 from the reported pCO2, PO4, and SST.",1020
"phytoplankton_pagani_2010.xlsx",157,158,"phytoplankton_Pagani_2010_154",,,,"T",,2010,2.82,32.2828,-118.383,"Mk37_2",,20.22,"epsilon_p is shown in Figure S2, but it is generally too dense and low-precision to confidently extract graphically. We back-calculated epsilon_p and CO2 from the reported pCO2, PO4, and SST.",1021
"phytoplankton_pagani_2010.xlsx",158,159,"phytoplankton_Pagani_2010_155",,,,"T",,2010,2.82,32.2828,-118.383,"Mk37_2",,20.06,"epsilon_p is shown in Figure S2, but it is generally too dense and low-precision to confidently extract graphically. We back-calculated epsilon_p and CO2 from the reported pCO2, PO4, and SST.",1022
"phytoplankton_pagani_2010.xlsx",159,160,"phytoplankton_Pagani_2010_156",,,,"T",,2010,2.84,32.2828,-118.383,"Mk37_2",,21.09,"epsilon_p is shown in Figure S2, but it is generally too dense and low-precision to confidently extract graphically. We back-calculated epsilon_p and CO2 from the reported pCO2, PO4, and SST.",1023
"phytoplankton_pagani_2010.xlsx",160,161,"phytoplankton_Pagani_2010_157",,,,"T",,2010,2.85,32.2828,-118.383,"Mk37_2",,21.47,"epsilon_p is shown in Figure S2, but it is generally too dense and low-precision to confidently extract graphically. We back-calculated epsilon_p and CO2 from the reported pCO2, PO4, and SST.",1024
"phytoplankton_pagani_2010.xlsx",161,162,"phytoplankton_Pagani_2010_158",,,,"T",,2010,2.85,32.2828,-118.383,"Mk37_2",,21.16,"epsilon_p is shown in Figure S2, but it is generally too dense and low-precision to confidently extract graphically. We back-calculated epsilon_p and CO2 from the reported pCO2, PO4, and SST.",1025
"phytoplankton_pagani_2010.xlsx",162,163,"phytoplankton_Pagani_2010_159",,,,"T",,2010,3.96,32.2828,-118.383,"Mk37_2",,25.01,"epsilon_p is shown in Figure S2, but it is generally too dense and low-precision to confidently extract graphically. We back-calculated epsilon_p and CO2 from the reported pCO2, PO4, and SST.",1026
"phytoplankton_pagani_2010.xlsx",163,164,"phytoplankton_Pagani_2010_160",,,,"T",,2010,3.99,32.2828,-118.383,"Mk37_2",,22.93,"epsilon_p is shown in Figure S2, but it is generally too dense and low-precision to confidently extract graphically. We back-calculated epsilon_p and CO2 from the reported pCO2, PO4, and SST.",1027
"phytoplankton_pagani_2010.xlsx",164,165,"phytoplankton_Pagani_2010_161",,,,"T",,2010,4.02,32.2828,-118.383,"Mk37_2",,24.61,"epsilon_p is shown in Figure S2, but it is generally too dense and low-precision to confidently extract graphically. We back-calculated epsilon_p and CO2 from the reported pCO2, PO4, and SST.",1028
"phytoplankton_pagani_2010.xlsx",165,166,"phytoplankton_Pagani_2010_162",,,,"T",,2010,4.07,32.2828,-118.383,"Mk37_2",,24.67,"epsilon_p is shown in Figure S2, but it is generally too dense and low-precision to confidently extract graphically. We back-calculated epsilon_p and CO2 from the reported pCO2, PO4, and SST.",1029
"phytoplankton_pagani_2010.xlsx",166,167,"phytoplankton_Pagani_2010_163",,,,"T",,2010,4.1,32.2828,-118.383,"Mk37_2",,23.09,"epsilon_p is shown in Figure S2, but it is generally too dense and low-precision to confidently extract graphically. We back-calculated epsilon_p and CO2 from the reported pCO2, PO4, and SST.",1030
"phytoplankton_pagani_2010.xlsx",167,168,"phytoplankton_Pagani_2010_164",,,,"T",,2010,4.11,32.2828,-118.383,"Mk37_2",,24,"epsilon_p is shown in Figure S2, but it is generally too dense and low-precision to confidently extract graphically. We back-calculated epsilon_p and CO2 from the reported pCO2, PO4, and SST.",1031
"phytoplankton_pagani_2010.xlsx",168,169,"phytoplankton_Pagani_2010_165",,,,"T",,2010,0.4,36.1271666666667,158.201583333333,"Mk37_2",,16.57,"epsilon_p is shown in Figure S2, but it is generally too dense and low-precision to confidently extract graphically. We back-calculated epsilon_p and CO2 from the reported pCO2, PO4, and SST.",1032
"phytoplankton_pagani_2010.xlsx",169,170,"phytoplankton_Pagani_2010_166",,,,"T",,2010,0.65,36.1271666666667,158.201583333333,"Mk37_2",,17.4,"epsilon_p is shown in Figure S2, but it is generally too dense and low-precision to confidently extract graphically. We back-calculated epsilon_p and CO2 from the reported pCO2, PO4, and SST.",1033
"phytoplankton_pagani_2010.xlsx",170,171,"phytoplankton_Pagani_2010_167",,,,"T",,2010,0.89,36.1271666666667,158.201583333333,"Mk37_2",,19.01,"epsilon_p is shown in Figure S2, but it is generally too dense and low-precision to confidently extract graphically. We back-calculated epsilon_p and CO2 from the reported pCO2, PO4, and SST.",1034
"phytoplankton_pagani_2010.xlsx",171,172,"phytoplankton_Pagani_2010_168",,,,"T",,2010,1.13,36.1271666666667,158.201583333333,"Mk37_2",,18.69,"epsilon_p is shown in Figure S2, but it is generally too dense and low-precision to confidently extract graphically. We back-calculated epsilon_p and CO2 from the reported pCO2, PO4, and SST.",1035
"phytoplankton_pagani_2010.xlsx",172,173,"phytoplankton_Pagani_2010_169",,,,"T",,2010,1.37,36.1271666666667,158.201583333333,"Mk37_2",,17.5,"epsilon_p is shown in Figure S2, but it is generally too dense and low-precision to confidently extract graphically. We back-calculated epsilon_p and CO2 from the reported pCO2, PO4, and SST.",1036
"phytoplankton_pagani_2010.xlsx",173,174,"phytoplankton_Pagani_2010_170",,,,"T",,2010,1.62,36.1271666666667,158.201583333333,"Mk37_2",,20.92,"epsilon_p is shown in Figure S2, but it is generally too dense and low-precision to confidently extract graphically. We back-calculated epsilon_p and CO2 from the reported pCO2, PO4, and SST.",1037
"phytoplankton_pagani_2010.xlsx",174,175,"phytoplankton_Pagani_2010_171",,,,"T",,2010,1.86,36.1271666666667,158.201583333333,"Mk37_2",,19.29,"epsilon_p is shown in Figure S2, but it is generally too dense and low-precision to confidently extract graphically. We back-calculated epsilon_p and CO2 from the reported pCO2, PO4, and SST.",1038
"phytoplankton_pagani_2010.xlsx",175,176,"phytoplankton_Pagani_2010_172",,,,"T",,2010,2.11,36.1271666666667,158.201583333333,"Mk37_2",,16.23,"epsilon_p is shown in Figure S2, but it is generally too dense and low-precision to confidently extract graphically. We back-calculated epsilon_p and CO2 from the reported pCO2, PO4, and SST.",1039
"phytoplankton_pagani_2010.xlsx",176,177,"phytoplankton_Pagani_2010_173",,,,"T",,2010,2.35,36.1271666666667,158.201583333333,"Mk37_2",,19.74,"epsilon_p is shown in Figure S2, but it is generally too dense and low-precision to confidently extract graphically. We back-calculated epsilon_p and CO2 from the reported pCO2, PO4, and SST.",1040
"phytoplankton_pagani_2010.xlsx",177,178,"phytoplankton_Pagani_2010_174",,,,"T",,2010,2.59,36.1271666666667,158.201583333333,"Mk37_2",,21,"epsilon_p is shown in Figure S2, but it is generally too dense and low-precision to confidently extract graphically. We back-calculated epsilon_p and CO2 from the reported pCO2, PO4, and SST.",1041
"phytoplankton_pagani_2010.xlsx",178,179,"phytoplankton_Pagani_2010_175",,,,"T",,2010,2.83,36.1271666666667,158.201583333333,"Mk37_2",,20.88,"epsilon_p is shown in Figure S2, but it is generally too dense and low-precision to confidently extract graphically. We back-calculated epsilon_p and CO2 from the reported pCO2, PO4, and SST.",1042
"phytoplankton_pagani_2010.xlsx",179,180,"phytoplankton_Pagani_2010_176",,,,"T",,2010,3.08,36.1271666666667,158.201583333333,"Mk37_2",,23.04,"epsilon_p is shown in Figure S2, but it is generally too dense and low-precision to confidently extract graphically. We back-calculated epsilon_p and CO2 from the reported pCO2, PO4, and SST.",1043
"phytoplankton_pagani_2010.xlsx",180,181,"phytoplankton_Pagani_2010_177",,,,"T",,2010,3.32,36.1271666666667,158.201583333333,"Mk37_2",,21.95,"epsilon_p is shown in Figure S2, but it is generally too dense and low-precision to confidently extract graphically. We back-calculated epsilon_p and CO2 from the reported pCO2, PO4, and SST.",1044
"phytoplankton_pagani_2010.xlsx",181,182,"phytoplankton_Pagani_2010_178",,,,"T",,2010,3.56,36.1271666666667,158.201583333333,"Mk37_2",,22.26,"epsilon_p is shown in Figure S2, but it is generally too dense and low-precision to confidently extract graphically. We back-calculated epsilon_p and CO2 from the reported pCO2, PO4, and SST.",1045
"phytoplankton_pagani_2010.xlsx",182,183,"phytoplankton_Pagani_2010_179",,,,"T",,2010,3.81,36.1271666666667,158.201583333333,"Mk37_2",,21.92,"epsilon_p is shown in Figure S2, but it is generally too dense and low-precision to confidently extract graphically. We back-calculated epsilon_p and CO2 from the reported pCO2, PO4, and SST.",1046
"phytoplankton_pagani_2010.xlsx",183,184,"phytoplankton_Pagani_2010_180",,,,"T",,2010,4.05,36.1271666666667,158.201583333333,"Mk37_2",,22.75,"epsilon_p is shown in Figure S2, but it is generally too dense and low-precision to confidently extract graphically. We back-calculated epsilon_p and CO2 from the reported pCO2, PO4, and SST.",1047
"phytoplankton_pagani_2010.xlsx",184,185,"phytoplankton_Pagani_2010_181",,,,"T",,2010,4.29,36.1271666666667,158.201583333333,"Mk37_2",,23.04,"epsilon_p is shown in Figure S2, but it is generally too dense and low-precision to confidently extract graphically. We back-calculated epsilon_p and CO2 from the reported pCO2, PO4, and SST.",1048
"phytoplankton_pagani_2010.xlsx",185,186,"phytoplankton_Pagani_2010_182",,,,"T",,2010,4.54,36.1271666666667,158.201583333333,"Mk37_2",,21.33,"epsilon_p is shown in Figure S2, but it is generally too dense and low-precision to confidently extract graphically. We back-calculated epsilon_p and CO2 from the reported pCO2, PO4, and SST.",1049
"phytoplankton_pagani_2010.xlsx",186,187,"phytoplankton_Pagani_2010_183",,,,"T",,2010,4.67,36.1271666666667,158.201583333333,"Mk37_2",,22.34,"epsilon_p is shown in Figure S2, but it is generally too dense and low-precision to confidently extract graphically. We back-calculated epsilon_p and CO2 from the reported pCO2, PO4, and SST.",1050
"phytoplankton_pagani_2010.xlsx",187,188,"phytoplankton_Pagani_2010_184",,,,"T",,2010,4.29,36.1271666666667,158.201583333333,"Mk37_2",,23.04,"epsilon_p is shown in Figure S2, but it is generally too dense and low-precision to confidently extract graphically. We back-calculated epsilon_p and CO2 from the reported pCO2, PO4, and SST.",1051
"phytoplankton_pagani_2010.xlsx",188,189,"phytoplankton_Pagani_2010_185",,,,"T",,2010,4.54,36.1271666666667,158.201583333333,"Mk37_2",,21.33,"epsilon_p is shown in Figure S2, but it is generally too dense and low-precision to confidently extract graphically. We back-calculated epsilon_p and CO2 from the reported pCO2, PO4, and SST.",1052
"phytoplankton_pagani_2010.xlsx",189,190,"phytoplankton_Pagani_2010_186",,,,"T",,2010,4.67,36.1271666666667,158.201583333333,"Mk37_2",,22.34,"epsilon_p is shown in Figure S2, but it is generally too dense and low-precision to confidently extract graphically. We back-calculated epsilon_p and CO2 from the reported pCO2, PO4, and SST.",1053
"phytoplankton_pagani_2011.xlsx",4,5,"phytoplankton_Pagani_2011_1","53-59.5","phytoplankton_Pagani_2005_12",,"T",,2011,24.737606048584,-30.2,-35.2,"Mk37_2",-29.6075,30.2107436350674,"pCO2 reported uses modern PO4 at the paleolocation. Some coccolith length data could be extracted from Figure S5.",1054
"phytoplankton_pagani_2011.xlsx",5,6,"phytoplankton_Pagani_2011_2","124-130","phytoplankton_Pagani_2005_13",,"T",,2011,24.7453155517578,-30.2,-35.2,"Mk37_2",-32.24,28.6235709701749,"pCO2 reported uses modern PO4 at the paleolocation. Some coccolith length data could be extracted from Figure S5.",1055
"phytoplankton_pagani_2011.xlsx",6,7,"phytoplankton_Pagani_2011_3","25.5-31","phytoplankton_Pagani_2005_14",,"T",,2011,25.1344413757324,-30.2,-35.2,"Mk37_2",-31.24,31.4672026560419,"pCO2 reported uses modern PO4 at the paleolocation. Some coccolith length data could be extracted from Figure S5.",1056
"phytoplankton_pagani_2011.xlsx",7,8,"phytoplankton_Pagani_2011_4","6-11","phytoplankton_Pagani_2005_15",,"T",,2011,25.196117401123,-30.2,-35.2,"Mk37_2",-27.072,28.9725434886133,"pCO2 reported uses modern PO4 at the paleolocation. Some coccolith length data could be extracted from Figure S5.",1057
"phytoplankton_pagani_2011.xlsx",8,9,"phytoplankton_Pagani_2011_5","46-51","phytoplankton_Pagani_2005_16",,"T",,2011,25.286434173584,-30.2,-35.2,"Mk37_2",-27.218,31.8028147707721,"pCO2 reported uses modern PO4 at the paleolocation. Some coccolith length data could be extracted from Figure S5.",1058
"phytoplankton_pagani_2011.xlsx",9,10,"phytoplankton_Pagani_2011_6","47-53","phytoplankton_Pagani_2005_17",,"T",,2011,26.0477104187012,-30.2,-35.2,"Mk37_2",-29.51,31.1490585880924,"pCO2 reported uses modern PO4 at the paleolocation. Some coccolith length data could be extracted from Figure S5.",1059
"phytoplankton_pagani_2011.xlsx",10,11,"phytoplankton_Pagani_2011_7","25-31","phytoplankton_Pagani_2005_18",,"T",,2011,26.1029644012451,-30.2,-35.2,"Mk37_2",-28.905,29.439931535225,"pCO2 reported uses modern PO4 at the paleolocation. Some coccolith length data could be extracted from Figure S5.",1060
"phytoplankton_pagani_2011.xlsx",11,12,"phytoplankton_Pagani_2011_8","27-33","phytoplankton_Pagani_2005_19",,"T",,2011,26.1279907226563,-30.2,-35.2,"Mk37_2",-29.07,29.5902605020012,"pCO2 reported uses modern PO4 at the paleolocation. Some coccolith length data could be extracted from Figure S5.",1061
"phytoplankton_pagani_2011.xlsx",12,13,"phytoplankton_Pagani_2011_9","22-28","phytoplankton_Pagani_2005_20",,"T",,2011,26.5141048431396,-30.2,-35.2,"Mk37_2",-27.9285,32.7641726895549,"pCO2 reported uses modern PO4 at the paleolocation. Some coccolith length data could be extracted from Figure S5.",1062
"phytoplankton_pagani_2011.xlsx",13,14,"phytoplankton_Pagani_2011_10","26-32","phytoplankton_Pagani_2005_21",,"T",,2011,28.563383102417,-30.2,-35.2,"Mk37_2",-29.6955,28.3199454088601,"pCO2 reported uses modern PO4 at the paleolocation. Some coccolith length data could be extracted from Figure S5.",1063
"phytoplankton_pagani_2011.xlsx",14,15,"phytoplankton_Pagani_2011_11","27-32","phytoplankton_Pagani_2005_22",,"T",,2011,28.9364204406738,-30.2,-35.2,"Mk37_2",-30.825,30.8428224406897,"pCO2 reported uses modern PO4 at the paleolocation. Some coccolith length data could be extracted from Figure S5.",1064
"phytoplankton_pagani_2011.xlsx",15,16,"phytoplankton_Pagani_2011_12","25-31","phytoplankton_Pagani_2005_23",,"T",,2011,30.0332317352295,-30.2,-35.2,"Mk37_2",-29.9275,32.4287962135814,"pCO2 reported uses modern PO4 at the paleolocation. Some coccolith length data could be extracted from Figure S5.",1065
"phytoplankton_pagani_2011.xlsx",16,17,"phytoplankton_Pagani_2011_13","6-11","phytoplankton_Pagani_2005_24",,"T",,2011,30.0645446777344,-30.2,-35.2,"Mk37_2",-27.7045,31.0519740426378,"pCO2 reported uses modern PO4 at the paleolocation. Some coccolith length data could be extracted from Figure S5.",1066
"phytoplankton_pagani_2011.xlsx",17,18,"phytoplankton_Pagani_2011_14","125-131","phytoplankton_Pagani_2005_25",,"T",,2011,30.1651992797852,-30.2,-35.2,"Mk37_2",-30.1635,31.4535008249039,"pCO2 reported uses modern PO4 at the paleolocation. Some coccolith length data could be extracted from Figure S5.",1067
"phytoplankton_pagani_2011.xlsx",18,19,"phytoplankton_Pagani_2011_15","25-31","phytoplankton_Pagani_2005_26",,"T",,2011,30.1771965026856,-30.2,-35.2,"Mk37_2",-30.4745,33.1553619030561,"pCO2 reported uses modern PO4 at the paleolocation. Some coccolith length data could be extracted from Figure S5.",1068
"phytoplankton_pagani_2011.xlsx",19,20,"phytoplankton_Pagani_2011_16","99-105","phytoplankton_Pagani_2005_27",,"T",,2011,30.6063461303711,-30.2,-35.2,"Mk37_2",-30.154,31.7414433623076,"pCO2 reported uses modern PO4 at the paleolocation. Some coccolith length data could be extracted from Figure S5.",1069
"phytoplankton_pagani_2011.xlsx",20,21,"phytoplankton_Pagani_2011_17","72-78","phytoplankton_Pagani_2005_28",,"T",,2011,32.7083015441895,-30.2,-35.2,"Mk37_2",-32.4062,28.6969966039886,"pCO2 reported uses modern PO4 at the paleolocation. Some coccolith length data could be extracted from Figure S5.",1070
"phytoplankton_pagani_2011.xlsx",21,22,"phytoplankton_Pagani_2011_18","23-29","phytoplankton_Pagani_2005_29",,"T",,2011,34.6666588,38.8,-72.8,"Mk37_2",-31.803,28.236392391865,"pCO2 reported uses modern PO4 at the paleolocation. Some coccolith length data could be extracted from Figure S5.",1071
"phytoplankton_pagani_2011.xlsx",22,23,"phytoplankton_Pagani_2011_19","24-29","phytoplankton_Pagani_2005_30",,"T",,2011,34.7447502,38.8,-72.8,"Mk37_2",-31.5155,27.628638643421,"pCO2 reported uses modern PO4 at the paleolocation. Some coccolith length data could be extracted from Figure S5.",1072
"phytoplankton_pagani_2011.xlsx",23,24,"phytoplankton_Pagani_2011_20","24-30","phytoplankton_Pagani_2005_31",,"T",,2011,34.8785416,38.8,-72.8,"Mk37_2",-31.4855,27.818339367332,"pCO2 reported uses modern PO4 at the paleolocation. Some coccolith length data could be extracted from Figure S5.",1073
"phytoplankton_pagani_2011.xlsx",24,25,"phytoplankton_Pagani_2011_21","23-28","phytoplankton_Pagani_2005_32",,"T",,2011,34.9896074,38.8,-72.8,"Mk37_2",-30.032,28.1583744822113,"pCO2 reported uses modern PO4 at the paleolocation. Some coccolith length data could be extracted from Figure S5.",1074
"phytoplankton_pagani_2011.xlsx",25,26,"phytoplankton_Pagani_2011_22","23-28","phytoplankton_Pagani_2005_33",,"T",,2011,35.0564474,38.8,-72.8,"Mk37_2",-31.2875,26.8233172080216,"pCO2 reported uses modern PO4 at the paleolocation. Some coccolith length data could be extracted from Figure S5.",1075
"phytoplankton_pagani_2011.xlsx",26,27,"phytoplankton_Pagani_2011_23","33-38","phytoplankton_Pagani_2005_34",,"T",,2011,35.1700754,38.8,-72.8,"Mk37_2",-31.1825,28.5785865554569,"pCO2 reported uses modern PO4 at the paleolocation. Some coccolith length data could be extracted from Figure S5.",1076
"phytoplankton_pagani_2011.xlsx",27,28,"phytoplankton_Pagani_2011_24","20-25","phytoplankton_Pagani_2005_35",,"T",,2011,35.234019,38.8,-72.8,"Mk37_2",-31.79,27.5867802799133,"pCO2 reported uses modern PO4 at the paleolocation. Some coccolith length data could be extracted from Figure S5.",1077
"phytoplankton_pagani_2011.xlsx",28,29,"phytoplankton_Pagani_2011_25","24-29","phytoplankton_Pagani_2005_36",,"T",,2011,42.8113355,38.8,-72.8,"Mk37_2",-31.3745,30.0433334989321,"pCO2 reported uses modern PO4 at the paleolocation. Some coccolith length data could be extracted from Figure S5.",1078
"phytoplankton_pagani_2011.xlsx",29,30,"phytoplankton_Pagani_2011_26","14-20","phytoplankton_Pagani_2005_37",,"T",,2011,42.928949,38.8,-72.8,"Mk37_2",-32.4985,30.3587678298718,"pCO2 reported uses modern PO4 at the paleolocation. Some coccolith length data could be extracted from Figure S5.",1079
"phytoplankton_pagani_2011.xlsx",30,31,"phytoplankton_Pagani_2011_27","125-130","phytoplankton_Pagani_2005_38",,"T",,2011,43.4203625,38.8,-72.8,"Mk37_2",-32.982,31.5137232957773,"pCO2 reported uses modern PO4 at the paleolocation. Some coccolith length data could be extracted from Figure S5.",1080
"phytoplankton_pagani_2011.xlsx",31,32,"phytoplankton_Pagani_2011_28","130-135","phytoplankton_Pagani_2005_39",,"T",,2011,44.7032975,38.8,-72.8,"Mk37_2",-31.911,30.4006650159839,"pCO2 reported uses modern PO4 at the paleolocation. Some coccolith length data could be extracted from Figure S5.",1081
"phytoplankton_pagani_2011.xlsx",32,33,"phytoplankton_Pagani_2011_29","49-53",,,"T",,2011,31.5621490478516,-51,-46.9,"Mk37_2",-33.53225,14.6963908750818,"pCO2 reported uses modern PO4 at the paleolocation. Some coccolith length data could be extracted from Figure S5.",1082
"phytoplankton_pagani_2011.xlsx",33,34,"phytoplankton_Pagani_2011_30","50-54",,,"T",,2011,31.7622661590576,-51,-46.9,"Mk37_2",-33.815,10.2999271274769,"pCO2 reported uses modern PO4 at the paleolocation. Some coccolith length data could be extracted from Figure S5.",1083
"phytoplankton_pagani_2011.xlsx",34,35,"phytoplankton_Pagani_2011_31","62-66",,,"T",,2011,31.9619598388672,-51,-46.9,"Mk37_2",-34.59025,12.8918598995247,"pCO2 reported uses modern PO4 at the paleolocation. Some coccolith length data could be extracted from Figure S5.",1084
"phytoplankton_pagani_2011.xlsx",35,36,"phytoplankton_Pagani_2011_32","52-56",,,"T",,2011,32.1624946594238,-51,-46.9,"Mk37_2",-35.7165,11.9782498345743,"pCO2 reported uses modern PO4 at the paleolocation. Some coccolith length data could be extracted from Figure S5.",1085
"phytoplankton_pagani_2011.xlsx",36,37,"phytoplankton_Pagani_2011_33","50-56",,,"T",,2011,32.3621864318848,-51,-46.9,"Mk37_2",-34.78575,12.1675601400297,"pCO2 reported uses modern PO4 at the paleolocation. Some coccolith length data could be extracted from Figure S5.",1086
"phytoplankton_pagani_2011.xlsx",37,38,"phytoplankton_Pagani_2011_34","60-63.5","phytoplankton_Pagani_2005_6",,"T",,2011,32.7322731018066,-51,-46.9,"Mk37_2",-34.80425,9.48185297460371,"pCO2 reported uses modern PO4 at the paleolocation. Some coccolith length data could be extracted from Figure S5.",1087
"phytoplankton_pagani_2011.xlsx",38,39,"phytoplankton_Pagani_2011_35","56.5-60","phytoplankton_Pagani_2005_7",,"T",,2011,32.912467956543,-51,-46.9,"Mk37_2",-33.881,12.8049284683785,"pCO2 reported uses modern PO4 at the paleolocation. Some coccolith length data could be extracted from Figure S5.",1088
"phytoplankton_pagani_2011.xlsx",39,40,"phytoplankton_Pagani_2011_36","63.-66.5",,,"T",,2011,33.223331451416,-51,-46.9,"Mk37_2",-34.7185,12.1472622510814,"pCO2 reported uses modern PO4 at the paleolocation. Some coccolith length data could be extracted from Figure S5.",1089
"phytoplankton_pagani_2011.xlsx",40,41,"phytoplankton_Pagani_2011_37","63.5-67.5",,,"T",,2011,33.309211730957,-51,-46.9,"Mk37_2",-34.70525,11.3300113284754,"pCO2 reported uses modern PO4 at the paleolocation. Some coccolith length data could be extracted from Figure S5.",1090
"phytoplankton_pagani_2011.xlsx",41,42,"phytoplankton_Pagani_2011_38","42-46",,,"T",,2011,33.488826751709,-51,-46.9,"Mk37_2",-34.66275,10.3722192803345,"pCO2 reported uses modern PO4 at the paleolocation. Some coccolith length data could be extracted from Figure S5.",1091
"phytoplankton_pagani_2011.xlsx",42,43,"phytoplankton_Pagani_2011_39","46-49.5",,,"T",,2011,33.5326957702637,-51,-46.9,"Mk37_2",-34.05025,10.1314499609798,"pCO2 reported uses modern PO4 at the paleolocation. Some coccolith length data could be extracted from Figure S5.",1092
"phytoplankton_pagani_2011.xlsx",43,44,"phytoplankton_Pagani_2011_40","55-58.5",,,"T",,2011,36.3888053894043,-51,-46.9,"Mk37_2",-33.997,21.3896403498605,"pCO2 reported uses modern PO4 at the paleolocation. Some coccolith length data could be extracted from Figure S5.",1093
"phytoplankton_pagani_2011.xlsx",44,45,"phytoplankton_Pagani_2011_41","51-57","phytoplankton_Pagani_2005_8",,"T",,2011,37.0602684020996,-51,-46.9,"Mk37_2",-33.65725,19.8008504526172,"pCO2 reported uses modern PO4 at the paleolocation. Some coccolith length data could be extracted from Figure S5.",1094
"phytoplankton_pagani_2011.xlsx",45,46,"phytoplankton_Pagani_2011_42","55-59",,,"T",,2011,33.3617095947266,-42.9,8.9,"Mk37_2",-34.62475,22.4189376627439,"pCO2 reported uses modern PO4 at the paleolocation. Some coccolith length data could be extracted from Figure S5.",1095
"phytoplankton_pagani_2011.xlsx",46,47,"phytoplankton_Pagani_2011_43","48.5-52.5",,,"T",,2011,33.4323654174805,-42.9,8.9,"Mk37_2",-32.964,19.6171479980503,"pCO2 reported uses modern PO4 at the paleolocation. Some coccolith length data could be extracted from Figure S5.",1096
"phytoplankton_pagani_2011.xlsx",47,48,"phytoplankton_Pagani_2011_44","87.5-95.5",,,"T",,2011,33.6140975952148,-42.9,8.9,"Mk37_2",-32.979,20.9964532914111,"pCO2 reported uses modern PO4 at the paleolocation. Some coccolith length data could be extracted from Figure S5.",1097
"phytoplankton_pagani_2011.xlsx",48,49,"phytoplankton_Pagani_2011_45","41.5-50.5",,,"T",,2011,33.667366027832,-42.9,8.9,"Mk37_2",-33.1575,21.0639200626732,"pCO2 reported uses modern PO4 at the paleolocation. Some coccolith length data could be extracted from Figure S5.",1098
"phytoplankton_pagani_2011.xlsx",49,50,"phytoplankton_Pagani_2011_46","62-66",,,"T",,2011,34.4772071838379,-42.9,8.9,"Mk37_2",-33.214,25.339341257078,"pCO2 reported uses modern PO4 at the paleolocation. Some coccolith length data could be extracted from Figure S5.",1099
"phytoplankton_pagani_2011.xlsx",50,51,"phytoplankton_Pagani_2011_47","50-54",,,"T",,2011,32.5897445678711,6,-43.7,"Mk37_2",-30.0755,26.7867295167192,"pCO2 reported uses modern PO4 at the paleolocation. Some coccolith length data could be extracted from Figure S5.",1100
"phytoplankton_pagani_2011.xlsx",51,52,"phytoplankton_Pagani_2011_48","52-56",,,"T",,2011,33.0903625488281,6,-43.7,"Mk37_2",-28.88425,25.4020810832687,"pCO2 reported uses modern PO4 at the paleolocation. Some coccolith length data could be extracted from Figure S5.",1101
"phytoplankton_pagani_2011.xlsx",52,53,"phytoplankton_Pagani_2011_49","50-53.5",,,"T",,2011,33.381664276123,6,-43.7,"Mk37_2",-29.74525,26.2274164088069,"pCO2 reported uses modern PO4 at the paleolocation. Some coccolith length data could be extracted from Figure S5.",1102
"phytoplankton_pagani_2011.xlsx",53,54,"phytoplankton_Pagani_2011_50","51-54.5",,,"T",,2011,34.0679092407227,6,-43.7,"Mk37_2",-30.9115,25.9510358698489,"pCO2 reported uses modern PO4 at the paleolocation. Some coccolith length data could be extracted from Figure S5.",1103
"phytoplankton_pagani_2011.xlsx",54,55,"phytoplankton_Pagani_2011_51","50-53.5",,,"T",,2011,34.613109588623,6,-43.7,"Mk37_2",-31.5175,28.027021954612,"pCO2 reported uses modern PO4 at the paleolocation. Some coccolith length data could be extracted from Figure S5.",1104
"phytoplankton_pagani_2011.xlsx",55,56,"phytoplankton_Pagani_2011_52","53-57",,,"T",,2011,35.116024017334,6,-43.7,"Mk37_2",-31.26975,28.293425152435,"pCO2 reported uses modern PO4 at the paleolocation. Some coccolith length data could be extracted from Figure S5.",1105
"phytoplankton_pagani_2011.xlsx",56,57,"phytoplankton_Pagani_2011_53","50.5-54",,,"T",,2011,35.6001396179199,6,-43.7,"Mk37_2",-31.2215,28.2283967273373,"pCO2 reported uses modern PO4 at the paleolocation. Some coccolith length data could be extracted from Figure S5.",1106
"phytoplankton_pagani_2011.xlsx",57,58,"phytoplankton_Pagani_2011_54","55-60",,,"T",,2011,36.109317779541,6,-43.7,"Mk37_2",-30.59275,27.614927176049,"pCO2 reported uses modern PO4 at the paleolocation. Some coccolith length data could be extracted from Figure S5.",1107
"phytoplankton_pagani_2011.xlsx",58,59,"phytoplankton_Pagani_2011_55","51.5-55.5",,,"T",,2011,36.6084442138672,6,-43.7,"Mk37_2",-31.636,27.8301904317193,"pCO2 reported uses modern PO4 at the paleolocation. Some coccolith length data could be extracted from Figure S5.",1108
"phytoplankton_pagani_2011.xlsx",59,60,"phytoplankton_Pagani_2011_56","58-63",,,"T",,2011,37.1607666015625,6,-43.7,"Mk37_2",-32.27275,28.0189824675001,"pCO2 reported uses modern PO4 at the paleolocation. Some coccolith length data could be extracted from Figure S5.",1109
"phytoplankton_pagani_2011.xlsx",60,61,"phytoplankton_Pagani_2011_57","50-54","phytoplankton_Zhang_2013_58",,"T",,2011,20.1603186646434,4.2,-43.4,"Mk37_2",-23.635,27.9495162233249,"pCO2 reported uses modern PO4 at the paleolocation. Some coccolith length data could be extracted from Figure S5.",1110
"phytoplankton_pagani_2011.xlsx",61,62,"phytoplankton_Pagani_2011_58","50-56","phytoplankton_Zhang_2013_59",,"T",,2011,22.0344429016113,4.2,-43.4,"Mk37_2",-26.19675,28.0400547698009,"pCO2 reported uses modern PO4 at the paleolocation. Some coccolith length data could be extracted from Figure S5.",1111
"phytoplankton_pagani_2011.xlsx",62,63,"phytoplankton_Pagani_2011_59","56-60","phytoplankton_Zhang_2013_60",,"T",,2011,23.0214996337891,4.2,-43.4,"Mk37_2",-25.412,27.9768473804355,"pCO2 reported uses modern PO4 at the paleolocation. Some coccolith length data could be extracted from Figure S5.",1112
"phytoplankton_pagani_2011.xlsx",63,64,"phytoplankton_Pagani_2011_60","53-56.5","phytoplankton_Zhang_2013_61",,"T",,2011,25.2480850219727,4.2,-43.4,"Mk37_2",-25.90525,27.9897128058767,"pCO2 reported uses modern PO4 at the paleolocation. Some coccolith length data could be extracted from Figure S5.",1113
"phytoplankton_pagani_2011.xlsx",64,65,"phytoplankton_Pagani_2011_61","60-65","phytoplankton_Zhang_2013_62",,"T",,2011,26.4416389465332,4.2,-43.4,"Mk37_2",-29.43075,27.2507422249935,"pCO2 reported uses modern PO4 at the paleolocation. Some coccolith length data could be extracted from Figure S5.",1114
"phytoplankton_pagani_2011.xlsx",65,66,"phytoplankton_Pagani_2011_62","50-54","phytoplankton_Zhang_2013_63",,"T",,2011,27.9823322296143,4.2,-43.4,"Mk37_2",-29.67025,26.5220065083536,"pCO2 reported uses modern PO4 at the paleolocation. Some coccolith length data could be extracted from Figure S5.",1115
"phytoplankton_pagani_2011.xlsx",66,67,"phytoplankton_Pagani_2011_63","52-56","phytoplankton_Zhang_2013_64",,"T",,2011,28.8130493164062,4.2,-43.4,"Mk37_2",-30.326,27.4899080749552,"pCO2 reported uses modern PO4 at the paleolocation. Some coccolith length data could be extracted from Figure S5.",1116
"phytoplankton_pagani_2011.xlsx",67,68,"phytoplankton_Pagani_2011_64","49-53","phytoplankton_Zhang_2013_65",,"T",,2011,29.4374465942383,4.2,-43.4,"Mk37_2",-30.78325,27.9782015699383,"pCO2 reported uses modern PO4 at the paleolocation. Some coccolith length data could be extracted from Figure S5.",1117
"phytoplankton_pagani_2011.xlsx",68,69,"phytoplankton_Pagani_2011_65","9","phytoplankton_Zhang_2013_66",,"T",,2011,29.5702972412109,4.2,-43.4,"Mk37_2",-31.58175,28.0824280839146,"pCO2 reported uses modern PO4 at the paleolocation. Some coccolith length data could be extracted from Figure S5.",1118
"phytoplankton_pagani_2011.xlsx",69,70,"phytoplankton_Pagani_2011_66","50-53","phytoplankton_Zhang_2013_67",,"T",,2011,30.0631370544434,4.2,-43.4,"Mk37_2",-31.09325,28.4015925256277,"pCO2 reported uses modern PO4 at the paleolocation. Some coccolith length data could be extracted from Figure S5.",1119
"phytoplankton_pagani_2011.xlsx",70,71,"phytoplankton_Pagani_2011_67","52-56","phytoplankton_Zhang_2013_68",,"T",,2011,30.6120376586914,4.2,-43.4,"Mk37_2",-30.4305,28.2610811313408,"pCO2 reported uses modern PO4 at the paleolocation. Some coccolith length data could be extracted from Figure S5.",1120
"phytoplankton_pagani_2011.xlsx",71,72,"phytoplankton_Pagani_2011_68","50-53","phytoplankton_Zhang_2013_69",,"T",,2011,31.0952777862549,4.2,-43.4,"Mk37_2",-29.84925,28.3571366313802,"pCO2 reported uses modern PO4 at the paleolocation. Some coccolith length data could be extracted from Figure S5.",1121
"phytoplankton_pagani_2011.xlsx",72,73,"phytoplankton_Pagani_2011_69","56-60","phytoplankton_Zhang_2013_70",,"T",,2011,31.6584453582764,4.2,-43.4,"Mk37_2",-30.00225,28.0280122478593,"pCO2 reported uses modern PO4 at the paleolocation. Some coccolith length data could be extracted from Figure S5.",1122
"phytoplankton_pagani_2011.xlsx",73,74,"phytoplankton_Pagani_2011_70","50-55","phytoplankton_Zhang_2013_71",,"T",,2011,32.0759391784668,4.2,-43.4,"Mk37_2",-29.7665,28.3536516692954,"pCO2 reported uses modern PO4 at the paleolocation. Some coccolith length data could be extracted from Figure S5.",1123
"phytoplankton_pagani_2011.xlsx",74,75,"phytoplankton_Pagani_2011_71","56-60","phytoplankton_Zhang_2013_72",,"T",,2011,32.3223762512207,4.2,-43.4,"Mk37_2",-29.613,28.3549782397048,"pCO2 reported uses modern PO4 at the paleolocation. Some coccolith length data could be extracted from Figure S5.",1124
"phytoplankton_pagani_2011.xlsx",75,76,"phytoplankton_Pagani_2011_72","50-55","phytoplankton_Zhang_2013_73",,"T",,2011,32.4226531982422,4.2,-43.4,"Mk37_2",-29.45975,28.0685815425354,"pCO2 reported uses modern PO4 at the paleolocation. Some coccolith length data could be extracted from Figure S5.",1125
"phytoplankton_pagani_2011.xlsx",76,77,"phytoplankton_Pagani_2011_73","48-5.5","phytoplankton_Zhang_2013_74",,"T",,2011,32.5073776245117,4.2,-43.4,"Mk37_2",-29.244,28.1855803288575,"pCO2 reported uses modern PO4 at the paleolocation. Some coccolith length data could be extracted from Figure S5.",1126
"phytoplankton_pagani_2011.xlsx",77,78,"phytoplankton_Pagani_2011_74","50","phytoplankton_Zhang_2013_75",,"T",,2011,33.210578918457,4.2,-43.4,"Mk37_2",-29.59825,28.1814830257868,"pCO2 reported uses modern PO4 at the paleolocation. Some coccolith length data could be extracted from Figure S5.",1127
"phytoplankton_pagani_2011.xlsx",78,79,"phytoplankton_Pagani_2011_75","57-60","phytoplankton_Zhang_2013_76",,"T",,2011,33.4151382446289,4.2,-43.4,"Mk37_2",-28.50725,28.5292054043483,"pCO2 reported uses modern PO4 at the paleolocation. Some coccolith length data could be extracted from Figure S5.",1128
"phytoplankton_pagani_2011.xlsx",79,80,"phytoplankton_Pagani_2011_76","49-53","phytoplankton_Zhang_2013_77",,"T",,2011,33.5992813110352,4.2,-43.4,"Mk37_2",-30.676,25.9740927076895,"pCO2 reported uses modern PO4 at the paleolocation. Some coccolith length data could be extracted from Figure S5.",1129
"phytoplankton_pagani_2011.xlsx",80,81,"phytoplankton_Pagani_2011_77","55.5-59","phytoplankton_Zhang_2013_78",,"T",,2011,33.9171524047852,4.2,-43.4,"Mk37_2",-31.327,28.1644631674527,"pCO2 reported uses modern PO4 at the paleolocation. Some coccolith length data could be extracted from Figure S5.",1130
"phytoplankton_pagani_2011.xlsx",81,82,"phytoplankton_Pagani_2011_78","53-57","phytoplankton_Zhang_2013_79",,"T",,2011,34.1201591491699,4.2,-43.4,"Mk37_2",-30.5805,27.620305791085,"pCO2 reported uses modern PO4 at the paleolocation. Some coccolith length data could be extracted from Figure S5.",1131
"phytoplankton_pagani_2011.xlsx",82,83,"phytoplankton_Pagani_2011_79","54-58","phytoplankton_Zhang_2013_80",,"T",,2011,34.6349868774414,4.2,-43.4,"Mk37_2",-30.65975,28.5522442592166,"pCO2 reported uses modern PO4 at the paleolocation. Some coccolith length data could be extracted from Figure S5.",1132
"phytoplankton_pagani_2011.xlsx",83,84,"phytoplankton_Pagani_2011_80","57-61","phytoplankton_Zhang_2013_81",,"T",,2011,35.0923728942871,4.2,-43.4,"Mk37_2",-30.83675,28.139052141618,"pCO2 reported uses modern PO4 at the paleolocation. Some coccolith length data could be extracted from Figure S5.",1133
"phytoplankton_pagani_2011.xlsx",84,85,"phytoplankton_Pagani_2011_81","52-56","phytoplankton_Zhang_2013_82",,"T",,2011,35.2929382324219,4.2,-43.4,"Mk37_2",-31.2705,28.4525960909292,"pCO2 reported uses modern PO4 at the paleolocation. Some coccolith length data could be extracted from Figure S5.",1134
"phytoplankton_pagani_2011.xlsx",85,86,"phytoplankton_Pagani_2011_82","56-61","phytoplankton_Zhang_2013_83",,"T",,2011,35.5222396850586,4.2,-43.4,"Mk37_2",-33.27375,27.9871942482791,"pCO2 reported uses modern PO4 at the paleolocation. Some coccolith length data could be extracted from Figure S5.",1135
"phytoplankton_pagani_2011.xlsx",86,87,"phytoplankton_Pagani_2011_83","54-57","phytoplankton_Zhang_2013_84",,"T",,2011,35.6722030639648,4.2,-43.4,"Mk37_2",-31.252,29.1359029066406,"pCO2 reported uses modern PO4 at the paleolocation. Some coccolith length data could be extracted from Figure S5.",1136
"phytoplankton_pagani_2011.xlsx",87,88,"phytoplankton_Pagani_2011_84","54-58","phytoplankton_Zhang_2013_85",,"T",,2011,35.8047637939453,4.2,-43.4,"Mk37_2",-30.558,28.0012512564709,"pCO2 reported uses modern PO4 at the paleolocation. Some coccolith length data could be extracted from Figure S5.",1137
"phytoplankton_pagani_2011.xlsx",88,89,"phytoplankton_Pagani_2011_85","50-54","phytoplankton_Zhang_2013_86",,"T",,2011,35.953987121582,4.2,-43.4,"Mk37_2",-30.868,28.2344857837052,"pCO2 reported uses modern PO4 at the paleolocation. Some coccolith length data could be extracted from Figure S5.",1138
"phytoplankton_pagani_2011.xlsx",89,90,"phytoplankton_Pagani_2011_86","50-53","phytoplankton_Zhang_2013_87",,"T",,2011,36.8092193603516,4.2,-43.4,"Mk37_2",-30.64725,28.8364669559192,"pCO2 reported uses modern PO4 at the paleolocation. Some coccolith length data could be extracted from Figure S5.",1139
"phytoplankton_pagani_2011.xlsx",90,91,"phytoplankton_Pagani_2011_87","53-58","phytoplankton_Zhang_2013_88",,"T",,2011,37.0961647033691,4.2,-43.4,"Mk37_2",-30.22775,28.0197218747647,"pCO2 reported uses modern PO4 at the paleolocation. Some coccolith length data could be extracted from Figure S5.",1140
"phytoplankton_pagani_2011.xlsx",91,92,"phytoplankton_Pagani_2011_88","50-53","phytoplankton_Zhang_2013_89",,"T",,2011,38.4942474365234,4.2,-43.4,"Mk37_2",-30.128,29.3516067410424,"pCO2 reported uses modern PO4 at the paleolocation. Some coccolith length data could be extracted from Figure S5.",1141
"phytoplankton_pagani_2011.xlsx",92,93,"phytoplankton_Pagani_2011_89","42-49",,,"T",,2011,33.371883392334,-52.2,166.1,"Mk37_2",-33.55175,22.5986079675919,"pCO2 reported uses modern PO4 at the paleolocation. Some coccolith length data could be extracted from Figure S5.",1142
"phytoplankton_pagani_2011.xlsx",93,94,"phytoplankton_Pagani_2011_90","4-10",,,"T",,2011,33.6882476806641,-52.2,166.1,"Mk37_2",-33.5245,23.8549050076993,"pCO2 reported uses modern PO4 at the paleolocation. Some coccolith length data could be extracted from Figure S5.",1143
"phytoplankton_pagani_2011.xlsx",94,95,"phytoplankton_Pagani_2011_91","76-81",,,"T",,2011,33.7332611083984,-52.2,166.1,"Mk37_2",-34.388,25.3915945598326,"pCO2 reported uses modern PO4 at the paleolocation. Some coccolith length data could be extracted from Figure S5.",1144
"phytoplankton_pagani_2011.xlsx",95,96,"phytoplankton_Pagani_2011_92","98-104",,,"T",,2011,35.9020309448242,-52.2,166.1,"Mk37_2",-32.5585,26.0432458016674,"pCO2 reported uses modern PO4 at the paleolocation. Some coccolith length data could be extracted from Figure S5.",1145
"phytoplankton_palmer_2010.xlsx",4,5,"phytoplankton_Palmer_2010_1","X3",,,"F","This site is in the Arabian Sea, an upwelling region, so it is not in equilibrium with the atmosphere.",2010,0.0078,22.15,63.35,"Mk37_2",-22.55,,,1146
"phytoplankton_palmer_2010.xlsx",5,6,"phytoplankton_Palmer_2010_2","X10",,,"F","This site is in the Arabian Sea, an upwelling region, so it is not in equilibrium with the atmosphere.",2010,0.0086,22.15,63.35,"Mk37_2",-22.87,,,1147
"phytoplankton_palmer_2010.xlsx",6,7,"phytoplankton_Palmer_2010_3","X11",,,"F","This site is in the Arabian Sea, an upwelling region, so it is not in equilibrium with the atmosphere.",2010,0.0087,22.15,63.35,"Mk37_2",-24.05,,,1148
"phytoplankton_palmer_2010.xlsx",7,8,"phytoplankton_Palmer_2010_4","X14",,,"F","This site is in the Arabian Sea, an upwelling region, so it is not in equilibrium with the atmosphere.",2010,0.0091,22.15,63.35,"Mk37_2",-22.25,,,1149
"phytoplankton_palmer_2010.xlsx",8,9,"phytoplankton_Palmer_2010_5","X18",,,"F","This site is in the Arabian Sea, an upwelling region, so it is not in equilibrium with the atmosphere.",2010,0.0095,22.15,63.35,"Mk37_2",-22.28,,,1150
"phytoplankton_palmer_2010.xlsx",9,10,"phytoplankton_Palmer_2010_6","X27",,,"F","This site is in the Arabian Sea, an upwelling region, so it is not in equilibrium with the atmosphere.",2010,0.0105,22.15,63.35,"Mk37_2",-23.44,,,1151
"phytoplankton_palmer_2010.xlsx",10,11,"phytoplankton_Palmer_2010_7","X32",,,"F","This site is in the Arabian Sea, an upwelling region, so it is not in equilibrium with the atmosphere.",2010,0.0111,22.15,63.35,"Mk37_2",-23.03,,,1152
"phytoplankton_palmer_2010.xlsx",11,12,"phytoplankton_Palmer_2010_8","X40",,,"F","This site is in the Arabian Sea, an upwelling region, so it is not in equilibrium with the atmosphere.",2010,0.012,22.15,63.35,"Mk37_2",-24.17,,,1153
"phytoplankton_palmer_2010.xlsx",12,13,"phytoplankton_Palmer_2010_9","X45",,,"F","This site is in the Arabian Sea, an upwelling region, so it is not in equilibrium with the atmosphere.",2010,0.0125,22.15,63.35,"Mk37_2",-21.88,,,1154
"phytoplankton_palmer_2010.xlsx",13,14,"phytoplankton_Palmer_2010_10","5b",,,"F","This site is in the Arabian Sea, an upwelling region, so it is not in equilibrium with the atmosphere.",2010,0.0135,22.15,63.35,"Mk37_2",-22.96,,,1155
"phytoplankton_palmer_2010.xlsx",14,15,"phytoplankton_Palmer_2010_11","9",,,"F","This site is in the Arabian Sea, an upwelling region, so it is not in equilibrium with the atmosphere.",2010,0.014,22.15,63.35,"Mk37_2",-23.31,,,1156
"phytoplankton_palmer_2010.xlsx",15,16,"phytoplankton_Palmer_2010_12","14b",,,"F","This site is in the Arabian Sea, an upwelling region, so it is not in equilibrium with the atmosphere.",2010,0.0145,22.15,63.35,"Mk37_2",-22.86,,,1157
"phytoplankton_palmer_2010.xlsx",16,17,"phytoplankton_Palmer_2010_13","23b",,,"F","This site is in the Arabian Sea, an upwelling region, so it is not in equilibrium with the atmosphere.",2010,0.0156,22.15,63.35,"Mk37_2",-23.67,,,1158
"phytoplankton_palmer_2010.xlsx",17,18,"phytoplankton_Palmer_2010_14","27b",,,"F","This site is in the Arabian Sea, an upwelling region, so it is not in equilibrium with the atmosphere.",2010,0.016,22.15,63.35,"Mk37_2",-23.49,,,1159
"phytoplankton_palmer_2010.xlsx",18,19,"phytoplankton_Palmer_2010_15","30b",,,"F","This site is in the Arabian Sea, an upwelling region, so it is not in equilibrium with the atmosphere.",2010,0.0164,22.15,63.35,"Mk37_2",-23.72,,,1160
"phytoplankton_palmer_2010.xlsx",19,20,"phytoplankton_Palmer_2010_16","36",,,"F","This site is in the Arabian Sea, an upwelling region, so it is not in equilibrium with the atmosphere.",2010,0.017,22.15,63.35,"Mk37_2",-24.04,,,1161
"phytoplankton_palmer_2010.xlsx",20,21,"phytoplankton_Palmer_2010_17","40b",,,"F","This site is in the Arabian Sea, an upwelling region, so it is not in equilibrium with the atmosphere.",2010,0.0175,22.15,63.35,"Mk37_2",-23.74,,,1162
"phytoplankton_palmer_2010.xlsx",21,22,"phytoplankton_Palmer_2010_18","51",,,"F","This site is in the Arabian Sea, an upwelling region, so it is not in equilibrium with the atmosphere.",2010,0.0187,22.15,63.35,"Mk37_2",-23.63,,,1163
"phytoplankton_palmer_2010.xlsx",22,23,"phytoplankton_Palmer_2010_19","75",,,"F","This site is in the Arabian Sea, an upwelling region, so it is not in equilibrium with the atmosphere.",2010,0.0215,22.15,63.35,"Mk37_2",-22.01,,,1164
"phytoplankton_palmer_2010.xlsx",23,24,"phytoplankton_Palmer_2010_20","80",,,"F","This site is in the Arabian Sea, an upwelling region, so it is not in equilibrium with the atmosphere.",2010,0.0221,22.15,63.35,"Mk37_2",-22.34,,,1165
"phytoplankton_palmer_2010.xlsx",24,25,"phytoplankton_Palmer_2010_21","84",,,"F","This site is in the Arabian Sea, an upwelling region, so it is not in equilibrium with the atmosphere.",2010,0.0225,22.15,63.35,"Mk37_2",-22.37,,,1166
"phytoplankton_palmer_2010.xlsx",25,26,"phytoplankton_Palmer_2010_22","93",,,"F","This site is in the Arabian Sea, an upwelling region, so it is not in equilibrium with the atmosphere.",2010,0.0236,22.15,63.35,"Mk37_2",-21.75,,,1167
"phytoplankton_palmer_2010.xlsx",26,27,"phytoplankton_Palmer_2010_23","97",,,"F","This site is in the Arabian Sea, an upwelling region, so it is not in equilibrium with the atmosphere.",2010,0.024,22.15,63.35,"Mk37_2",-21.79,,,1168
"phytoplankton_palmer_2010.xlsx",27,28,"phytoplankton_Palmer_2010_24","106",,,"F","This site is in the Arabian Sea, an upwelling region, so it is not in equilibrium with the atmosphere.",2010,0.0251,22.15,63.35,"Mk37_2",-21.32,,,1169
"phytoplankton_palmer_2010.xlsx",28,29,"phytoplankton_Palmer_2010_25","107",,,"F","This site is in the Arabian Sea, an upwelling region, so it is not in equilibrium with the atmosphere.",2010,0.0252,22.15,63.35,"Mk37_2",-23.13,,,1170
"phytoplankton_palmer_2010.xlsx",29,30,"phytoplankton_Palmer_2010_26","114",,,"F","This site is in the Arabian Sea, an upwelling region, so it is not in equilibrium with the atmosphere.",2010,0.026,22.15,63.35,"Mk37_2",-21.5,,,1171
"phytoplankton_palmer_2010.xlsx",30,31,"phytoplankton_Palmer_2010_27","116",,,"F","This site is in the Arabian Sea, an upwelling region, so it is not in equilibrium with the atmosphere.",2010,0.0262,22.15,63.35,"Mk37_2",-22.37,,,1172
"phytoplankton_palmer_2010.xlsx",31,32,"phytoplankton_Palmer_2010_28","119",,,"F","This site is in the Arabian Sea, an upwelling region, so it is not in equilibrium with the atmosphere.",2010,0.0266,22.15,63.35,"Mk37_2",-22.18,,,1173
"phytoplankton_palmer_2010.xlsx",32,33,"phytoplankton_Palmer_2010_29","122",,,"F","This site is in the Arabian Sea, an upwelling region, so it is not in equilibrium with the atmosphere.",2010,0.0269,22.15,63.35,"Mk37_2",-22.81,,,1174
"phytoplankton_palmer_2010.xlsx",33,34,"phytoplankton_Palmer_2010_30","127",,,"F","This site is in the Arabian Sea, an upwelling region, so it is not in equilibrium with the atmosphere.",2010,0.0275,22.15,63.35,"Mk37_2",-22.91,,,1175
"phytoplankton_palmer_2010.xlsx",34,35,"phytoplankton_Palmer_2010_31","131",,,"F","This site is in the Arabian Sea, an upwelling region, so it is not in equilibrium with the atmosphere.",2010,0.028,22.15,63.35,"Mk37_2",-21.72,,,1176
"phytoplankton_palmer_2010.xlsx",35,36,"phytoplankton_Palmer_2010_32","140",,,"F","This site is in the Arabian Sea, an upwelling region, so it is not in equilibrium with the atmosphere.",2010,0.029,22.15,63.35,"Mk37_2",-22.03,,,1177
"phytoplankton_rae_2021.xlsx",4,5,"algae_Rae_2021_1","130-806A-1H-2, 32-34","algae_Zhang_2017_43",,"T",,2021,0.09557,0.3185,159.361,"Mk37_2",-24.38,27.0697431582199,"Reference for the original data: Zhang, Y.G., Pagani, M., Henderiks, J. and Ren, H., 2017. A long history of equatorial deep-water upwelling in the Pacific Ocean. Earth and Planetary Science Letters, 467, pp.1-9.",1178
"phytoplankton_rae_2021.xlsx",5,6,"algae_Rae_2021_2","130-806A-1H-2, 105-110","algae_Zhang_2017_44",,"T",,2021,0.21529,0.3185,159.361,"Mk37_2",-24.5685,28.7196313533881,"Reference for the original data: Zhang, Y.G., Pagani, M., Henderiks, J. and Ren, H., 2017. A long history of equatorial deep-water upwelling in the Pacific Ocean. Earth and Planetary Science Letters, 467, pp.1-9.",1179
"phytoplankton_rae_2021.xlsx",6,7,"algae_Rae_2021_3","130-806A-2H-1, 85-90","algae_Zhang_2017_45",,"T",,2021,0.44877,0.3185,159.361,"Mk37_2",-24.919,26.516686015108,"Reference for the original data: Zhang, Y.G., Pagani, M., Henderiks, J. and Ren, H., 2017. A long history of equatorial deep-water upwelling in the Pacific Ocean. Earth and Planetary Science Letters, 467, pp.1-9.",1180
"phytoplankton_rae_2021.xlsx",7,8,"algae_Rae_2021_4","130-806A-2H-4, 70-75","algae_Zhang_2017_46",,"T",,2021,0.64506,0.3185,159.361,"Mk37_2",-25.007,28.5200684293038,"Reference for the original data: Zhang, Y.G., Pagani, M., Henderiks, J. and Ren, H., 2017. A long history of equatorial deep-water upwelling in the Pacific Ocean. Earth and Planetary Science Letters, 467, pp.1-9.",1181
"phytoplankton_rae_2021.xlsx",8,9,"algae_Rae_2021_5","130-806A-2H-5, 88-90","algae_Zhang_2017_47",,"T",,2021,0.72015,0.3185,159.361,"Mk37_2",-24.533,26.8498586806183,"Reference for the original data: Zhang, Y.G., Pagani, M., Henderiks, J. and Ren, H., 2017. A long history of equatorial deep-water upwelling in the Pacific Ocean. Earth and Planetary Science Letters, 467, pp.1-9.",1182
"phytoplankton_rae_2021.xlsx",9,10,"algae_Rae_2021_6","130-806A-2H-6, 65-70","algae_Zhang_2017_48",,"T",,2021,0.77692,0.3185,159.361,"Mk37_2",-24.562,26.1532750990359,"Reference for the original data: Zhang, Y.G., Pagani, M., Henderiks, J. and Ren, H., 2017. A long history of equatorial deep-water upwelling in the Pacific Ocean. Earth and Planetary Science Letters, 467, pp.1-9.",1183
"phytoplankton_rae_2021.xlsx",10,11,"algae_Rae_2021_7","130-806A-2H-7, 20-25","algae_Zhang_2017_49",,"T",,2021,0.82386,0.3185,159.361,"Mk37_2",-25.511,28.7268511032042,"Reference for the original data: Zhang, Y.G., Pagani, M., Henderiks, J. and Ren, H., 2017. A long history of equatorial deep-water upwelling in the Pacific Ocean. Earth and Planetary Science Letters, 467, pp.1-9.",1184
"phytoplankton_rae_2021.xlsx",11,12,"algae_Rae_2021_8","130-806A-3H-1, 40-45","algae_Zhang_2017_50",,"T",,2021,0.85515,0.3185,159.361,"Mk37_2",-24.712,26.9199576931461,"Reference for the original data: Zhang, Y.G., Pagani, M., Henderiks, J. and Ren, H., 2017. A long history of equatorial deep-water upwelling in the Pacific Ocean. Earth and Planetary Science Letters, 467, pp.1-9.",1185
"phytoplankton_rae_2021.xlsx",12,13,"algae_Rae_2021_9","130-806A-3H-2, 50-55","algae_Zhang_2017_51",,"T",,2021,0.92667,0.3185,159.361,"Mk37_2",-25.463,26.3258540586798,"Reference for the original data: Zhang, Y.G., Pagani, M., Henderiks, J. and Ren, H., 2017. A long history of equatorial deep-water upwelling in the Pacific Ocean. Earth and Planetary Science Letters, 467, pp.1-9.",1186
"phytoplankton_rae_2021.xlsx",13,14,"algae_Rae_2021_10","130-806A-3H-3, 60-65","algae_Zhang_2017_52",,"T",,2021,0.99819,0.3185,159.361,"Mk37_2",-25.136,26.874392549978,"Reference for the original data: Zhang, Y.G., Pagani, M., Henderiks, J. and Ren, H., 2017. A long history of equatorial deep-water upwelling in the Pacific Ocean. Earth and Planetary Science Letters, 467, pp.1-9.",1187
"phytoplankton_rae_2021.xlsx",14,15,"algae_Rae_2021_11","130-806A-3H-4, 30-35","algae_Zhang_2017_53",,"T",,2021,1.05183,0.3185,159.361,"Mk37_2",-25.0215,27.0990432917666,"Reference for the original data: Zhang, Y.G., Pagani, M., Henderiks, J. and Ren, H., 2017. A long history of equatorial deep-water upwelling in the Pacific Ocean. Earth and Planetary Science Letters, 467, pp.1-9.",1188
"phytoplankton_rae_2021.xlsx",15,16,"algae_Rae_2021_12","130-806A-3H-5, 40-45","algae_Zhang_2017_54",,"T",,2021,1.12335,0.3185,159.361,"Mk37_2",-24.756,25.7796502021717,"Reference for the original data: Zhang, Y.G., Pagani, M., Henderiks, J. and Ren, H., 2017. A long history of equatorial deep-water upwelling in the Pacific Ocean. Earth and Planetary Science Letters, 467, pp.1-9.",1189
"phytoplankton_rae_2021.xlsx",16,17,"algae_Rae_2021_13","130-806A-3H-6, 15-20","algae_Zhang_2017_55",,"T",,2021,1.17922,0.3185,159.361,"Mk37_2",-25.258,26.3948029134531,"Reference for the original data: Zhang, Y.G., Pagani, M., Henderiks, J. and Ren, H., 2017. A long history of equatorial deep-water upwelling in the Pacific Ocean. Earth and Planetary Science Letters, 467, pp.1-9.",1190
"phytoplankton_rae_2021.xlsx",17,18,"algae_Rae_2021_14","130-806A-3H-6, 40-45","algae_Zhang_2017_56",,"T",,2021,1.1904,0.3185,159.361,"Mk37_2",-25.001,27.9381593060771,"Reference for the original data: Zhang, Y.G., Pagani, M., Henderiks, J. and Ren, H., 2017. A long history of equatorial deep-water upwelling in the Pacific Ocean. Earth and Planetary Science Letters, 467, pp.1-9.",1191
"phytoplankton_rae_2021.xlsx",18,19,"algae_Rae_2021_15","130-806A-3H-6, 105-110","algae_Zhang_2017_57",,"T",,2021,1.21945,0.3185,159.361,"Mk37_2",-25.296,29.2928917985643,"Reference for the original data: Zhang, Y.G., Pagani, M., Henderiks, J. and Ren, H., 2017. A long history of equatorial deep-water upwelling in the Pacific Ocean. Earth and Planetary Science Letters, 467, pp.1-9.",1192
"phytoplankton_rae_2021.xlsx",19,20,"algae_Rae_2021_16","130-806A-3H-6, 138-140","algae_Zhang_2017_58",,"T",,2021,1.2342,0.3185,159.361,"Mk37_2",-24.9045,28.9183255764499,"Reference for the original data: Zhang, Y.G., Pagani, M., Henderiks, J. and Ren, H., 2017. A long history of equatorial deep-water upwelling in the Pacific Ocean. Earth and Planetary Science Letters, 467, pp.1-9.",1193
"phytoplankton_rae_2021.xlsx",20,21,"algae_Rae_2021_17","130-806A-3H-7, 25-30","algae_Zhang_2017_59",,"T",,2021,1.25074,0.3185,159.361,"Mk37_2",-25.1955,28.7872691208743,"Reference for the original data: Zhang, Y.G., Pagani, M., Henderiks, J. and Ren, H., 2017. A long history of equatorial deep-water upwelling in the Pacific Ocean. Earth and Planetary Science Letters, 467, pp.1-9.",1194
"phytoplankton_rae_2021.xlsx",21,22,"algae_Rae_2021_18","130-806A-3H-7, 65-70","algae_Zhang_2017_60",,"T",,2021,1.26862,0.3185,159.361,"Mk37_2",-25.3945,26.1202293225738,"Reference for the original data: Zhang, Y.G., Pagani, M., Henderiks, J. and Ren, H., 2017. A long history of equatorial deep-water upwelling in the Pacific Ocean. Earth and Planetary Science Letters, 467, pp.1-9.",1195
"phytoplankton_rae_2021.xlsx",22,23,"algae_Rae_2021_19","130-806A-4H-1, 125-130","algae_Zhang_2017_62",,"T",,2021,1.31779,0.3185,159.361,"Mk37_2",-24.89,29.4303473874705,"Reference for the original data: Zhang, Y.G., Pagani, M., Henderiks, J. and Ren, H., 2017. A long history of equatorial deep-water upwelling in the Pacific Ocean. Earth and Planetary Science Letters, 467, pp.1-9.",1196
"phytoplankton_rae_2021.xlsx",23,24,"algae_Rae_2021_20","130-806A-4H-4, 30-35","algae_Zhang_2017_63",,"T",,2021,1.65528,0.3185,159.361,"Mk37_2",-24.98,26.5969326204158,"Reference for the original data: Zhang, Y.G., Pagani, M., Henderiks, J. and Ren, H., 2017. A long history of equatorial deep-water upwelling in the Pacific Ocean. Earth and Planetary Science Letters, 467, pp.1-9.",1197
"phytoplankton_rae_2021.xlsx",24,25,"algae_Rae_2021_21","130-806A-5H-2, 98-100","algae_Zhang_2017_64",,"T",,2021,1.74925,0.3185,159.361,"Mk37_2",-24.876,29.172320481193,"Reference for the original data: Zhang, Y.G., Pagani, M., Henderiks, J. and Ren, H., 2017. A long history of equatorial deep-water upwelling in the Pacific Ocean. Earth and Planetary Science Letters, 467, pp.1-9.",1198
"phytoplankton_rae_2021.xlsx",25,26,"algae_Rae_2021_22","130-806A-5H-3, 100-105","algae_Zhang_2017_65",,"T",,2021,1.80035,0.3185,159.361,"Mk37_2",-25.193,27.376656887908,"Reference for the original data: Zhang, Y.G., Pagani, M., Henderiks, J. and Ren, H., 2017. A long history of equatorial deep-water upwelling in the Pacific Ocean. Earth and Planetary Science Letters, 467, pp.1-9.",1199
"phytoplankton_rae_2021.xlsx",26,27,"algae_Rae_2021_23","130-806A-5H-4, 110-115","algae_Zhang_2017_66",,"T",,2021,1.85414,0.3185,159.361,"Mk37_2",-24.9625,28.285233359816,"Reference for the original data: Zhang, Y.G., Pagani, M., Henderiks, J. and Ren, H., 2017. A long history of equatorial deep-water upwelling in the Pacific Ocean. Earth and Planetary Science Letters, 467, pp.1-9.",1200
"phytoplankton_rae_2021.xlsx",27,28,"algae_Rae_2021_24","130-806A-5H-5, 120-125","algae_Zhang_2017_67",,"T",,2021,1.90793,0.3185,159.361,"Mk37_2",-25.121,29.4800257146421,"Reference for the original data: Zhang, Y.G., Pagani, M., Henderiks, J. and Ren, H., 2017. A long history of equatorial deep-water upwelling in the Pacific Ocean. Earth and Planetary Science Letters, 467, pp.1-9.",1201
"phytoplankton_rae_2021.xlsx",28,29,"algae_Rae_2021_25","130-806A-5H-6, 130-135","algae_Zhang_2017_68",,"T",,2021,1.99269,0.3185,159.361,"Mk37_2",-25.318,28.8632070126742,"Reference for the original data: Zhang, Y.G., Pagani, M., Henderiks, J. and Ren, H., 2017. A long history of equatorial deep-water upwelling in the Pacific Ocean. Earth and Planetary Science Letters, 467, pp.1-9.",1202
"phytoplankton_rae_2021.xlsx",29,30,"algae_Rae_2021_26","130-806A-6H-1, 80-85","algae_Zhang_2017_69",,"T",,2021,2.22691,0.3185,159.361,"Mk37_2",-25.5005,28.4711129425788,"Reference for the original data: Zhang, Y.G., Pagani, M., Henderiks, J. and Ren, H., 2017. A long history of equatorial deep-water upwelling in the Pacific Ocean. Earth and Planetary Science Letters, 467, pp.1-9.",1203
"phytoplankton_rae_2021.xlsx",30,31,"algae_Rae_2021_27","130-806A-6H-2, 98-100","algae_Zhang_2017_70",,"T",,2021,2.27981,0.3185,159.361,"Mk37_2",-25.0395,27.4528798384592,"Reference for the original data: Zhang, Y.G., Pagani, M., Henderiks, J. and Ren, H., 2017. A long history of equatorial deep-water upwelling in the Pacific Ocean. Earth and Planetary Science Letters, 467, pp.1-9.",1204
"phytoplankton_rae_2021.xlsx",31,32,"algae_Rae_2021_28","130-806A-6H-3, 140-145","algae_Zhang_2017_71",,"T",,2021,2.35758,0.3185,159.361,"Mk37_2",-25.382,30.1097963496073,"Reference for the original data: Zhang, Y.G., Pagani, M., Henderiks, J. and Ren, H., 2017. A long history of equatorial deep-water upwelling in the Pacific Ocean. Earth and Planetary Science Letters, 467, pp.1-9.",1205
"phytoplankton_rae_2021.xlsx",32,33,"algae_Rae_2021_29","130-806A-6H-4, 110-115","algae_Zhang_2017_72",,"T",,2021,2.40496,0.3185,159.361,"Mk37_2",-26.369,29.9796379238415,"Reference for the original data: Zhang, Y.G., Pagani, M., Henderiks, J. and Ren, H., 2017. A long history of equatorial deep-water upwelling in the Pacific Ocean. Earth and Planetary Science Letters, 467, pp.1-9.",1206
"phytoplankton_rae_2021.xlsx",33,34,"algae_Rae_2021_30","130-806A-6H-5, 120-125","algae_Zhang_2017_73",,"T",,2021,2.45798,0.3185,159.361,"Mk37_2",-26.2265,26.9957958895388,"Reference for the original data: Zhang, Y.G., Pagani, M., Henderiks, J. and Ren, H., 2017. A long history of equatorial deep-water upwelling in the Pacific Ocean. Earth and Planetary Science Letters, 467, pp.1-9.",1207
"phytoplankton_rae_2021.xlsx",34,35,"algae_Rae_2021_31","130-806A-6H-6, 100-105","algae_Zhang_2017_74",,"T",,2021,2.5016,0.3185,159.361,"Mk37_2",-26.323,29.408378110136,"Reference for the original data: Zhang, Y.G., Pagani, M., Henderiks, J. and Ren, H., 2017. A long history of equatorial deep-water upwelling in the Pacific Ocean. Earth and Planetary Science Letters, 467, pp.1-9.",1208
"phytoplankton_rae_2021.xlsx",35,36,"algae_Rae_2021_32","130-806A-6H-7, 50-55","algae_Zhang_2017_75",,"T",,2021,2.5322,0.3185,159.361,"Mk37_2",-26.004,30.2340368745942,"Reference for the original data: Zhang, Y.G., Pagani, M., Henderiks, J. and Ren, H., 2017. A long history of equatorial deep-water upwelling in the Pacific Ocean. Earth and Planetary Science Letters, 467, pp.1-9.",1209
"phytoplankton_rae_2021.xlsx",36,37,"algae_Rae_2021_33","130-806B-7H-1, 80-85","algae_Zhang_2017_76",,"T",,2021,2.52358,0.3185,159.361,"Mk37_2",-25.719,28.696627389606,"Reference for the original data: Zhang, Y.G., Pagani, M., Henderiks, J. and Ren, H., 2017. A long history of equatorial deep-water upwelling in the Pacific Ocean. Earth and Planetary Science Letters, 467, pp.1-9.",1210
"phytoplankton_rae_2021.xlsx",37,38,"algae_Rae_2021_34","130-806B-7H-3, 53-58","algae_Zhang_2017_77",,"T",,2021,2.60847,0.3185,159.361,"Mk37_2",-25.34,27.6024560334132,"Reference for the original data: Zhang, Y.G., Pagani, M., Henderiks, J. and Ren, H., 2017. A long history of equatorial deep-water upwelling in the Pacific Ocean. Earth and Planetary Science Letters, 467, pp.1-9.",1211
"phytoplankton_rae_2021.xlsx",38,39,"algae_Rae_2021_35","130-806B-7H-5, 7-9","algae_Zhang_2017_78",,"T",,2021,2.70496,0.3185,159.361,"Mk37_2",-25.5105,28.4864495179639,"Reference for the original data: Zhang, Y.G., Pagani, M., Henderiks, J. and Ren, H., 2017. A long history of equatorial deep-water upwelling in the Pacific Ocean. Earth and Planetary Science Letters, 467, pp.1-9.",1212
"phytoplankton_rae_2021.xlsx",39,40,"algae_Rae_2021_36","130-806B-7H-6, 120-125","algae_Zhang_2017_79",,"T",,2021,2.80498,0.3185,159.361,"Mk37_2",-25.515,31.4353879272564,"Reference for the original data: Zhang, Y.G., Pagani, M., Henderiks, J. and Ren, H., 2017. A long history of equatorial deep-water upwelling in the Pacific Ocean. Earth and Planetary Science Letters, 467, pp.1-9.",1213
"phytoplankton_rae_2021.xlsx",40,41,"algae_Rae_2021_37","130-806B-8H-2, 40-45","algae_Zhang_2017_80",,"T",,2021,2.89839,0.3185,159.361,"Mk37_2",-25.6665,29.069251536214,"Reference for the original data: Zhang, Y.G., Pagani, M., Henderiks, J. and Ren, H., 2017. A long history of equatorial deep-water upwelling in the Pacific Ocean. Earth and Planetary Science Letters, 467, pp.1-9.",1214
"phytoplankton_rae_2021.xlsx",41,42,"algae_Rae_2021_38","130-806B-8H-4, 87-92","algae_Zhang_2017_81",,"T",,2021,2.99791,0.3185,159.361,"Mk37_2",-25.976,29.6258527072463,"Reference for the original data: Zhang, Y.G., Pagani, M., Henderiks, J. and Ren, H., 2017. A long history of equatorial deep-water upwelling in the Pacific Ocean. Earth and Planetary Science Letters, 467, pp.1-9.",1215
"phytoplankton_rae_2021.xlsx",42,43,"algae_Rae_2021_39","130-806B-8H-6, 43-48","algae_Zhang_2017_82",,"T",,2021,3.07133,0.3185,159.361,"Mk37_2",-24.71,32.3025070646618,"Reference for the original data: Zhang, Y.G., Pagani, M., Henderiks, J. and Ren, H., 2017. A long history of equatorial deep-water upwelling in the Pacific Ocean. Earth and Planetary Science Letters, 467, pp.1-9.",1216
"phytoplankton_rae_2021.xlsx",43,44,"algae_Rae_2021_40","130-806B-9H-2, 42-47","algae_Zhang_2017_83",,"T",,2021,3.17143,0.3185,159.361,"Mk37_2",-24.133,29.2990873431237,"Reference for the original data: Zhang, Y.G., Pagani, M., Henderiks, J. and Ren, H., 2017. A long history of equatorial deep-water upwelling in the Pacific Ocean. Earth and Planetary Science Letters, 467, pp.1-9.",1217
"phytoplankton_rae_2021.xlsx",44,45,"algae_Rae_2021_41","130-806B-9H-4, 0-2","algae_Zhang_2017_84",,"T",,2021,3.24542,0.3185,159.361,"Mk37_2",-24.4895,29.9617618949825,"Reference for the original data: Zhang, Y.G., Pagani, M., Henderiks, J. and Ren, H., 2017. A long history of equatorial deep-water upwelling in the Pacific Ocean. Earth and Planetary Science Letters, 467, pp.1-9.",1218
"phytoplankton_rae_2021.xlsx",45,46,"algae_Rae_2021_42","130-806B-10H-2, 80-85","algae_Zhang_2017_85",,"T",,2021,3.45479,0.3185,159.361,"Mk37_2",-25.543,31.6257093676011,"Reference for the original data: Zhang, Y.G., Pagani, M., Henderiks, J. and Ren, H., 2017. A long history of equatorial deep-water upwelling in the Pacific Ocean. Earth and Planetary Science Letters, 467, pp.1-9.",1219
"phytoplankton_rae_2021.xlsx",46,47,"algae_Rae_2021_43","130-806B-10H-4, 80-85","algae_Zhang_2017_86",,"T",,2021,3.54083,0.3185,159.361,"Mk37_2",-24.8995,27.8795235804477,"Reference for the original data: Zhang, Y.G., Pagani, M., Henderiks, J. and Ren, H., 2017. A long history of equatorial deep-water upwelling in the Pacific Ocean. Earth and Planetary Science Letters, 467, pp.1-9.",1220
"phytoplankton_rae_2021.xlsx",47,48,"algae_Rae_2021_44","130-806B-11H-3, 7-9","algae_Zhang_2017_87",,"T",,2021,3.74655,0.3185,159.361,"Mk37_2",-25.8035,31.0774121635376,"Reference for the original data: Zhang, Y.G., Pagani, M., Henderiks, J. and Ren, H., 2017. A long history of equatorial deep-water upwelling in the Pacific Ocean. Earth and Planetary Science Letters, 467, pp.1-9.",1221
"phytoplankton_rae_2021.xlsx",48,49,"algae_Rae_2021_45","130-806B-12H-3, 40-45","algae_Zhang_2017_88",,"T",,2021,3.94777,0.3185,159.361,"Mk37_2",-25.623,31.6789944253704,"Reference for the original data: Zhang, Y.G., Pagani, M., Henderiks, J. and Ren, H., 2017. A long history of equatorial deep-water upwelling in the Pacific Ocean. Earth and Planetary Science Letters, 467, pp.1-9.",1222
"phytoplankton_rae_2021.xlsx",49,50,"algae_Rae_2021_46","130-806B-13H-2, 10-15","algae_Zhang_2017_89",,"T",,2021,4.10539,0.3185,159.361,"Mk37_2",-24.958,28.8766695709663,"Reference for the original data: Zhang, Y.G., Pagani, M., Henderiks, J. and Ren, H., 2017. A long history of equatorial deep-water upwelling in the Pacific Ocean. Earth and Planetary Science Letters, 467, pp.1-9.",1223
"phytoplankton_rae_2021.xlsx",50,51,"algae_Rae_2021_47","130-806B-13H-6, 143-145","algae_Zhang_2017_90",,"T",,2021,4.25543,0.3185,159.361,"Mk37_2",-24.876,29.9600894789261,"Reference for the original data: Zhang, Y.G., Pagani, M., Henderiks, J. and Ren, H., 2017. A long history of equatorial deep-water upwelling in the Pacific Ocean. Earth and Planetary Science Letters, 467, pp.1-9.",1224
"phytoplankton_rae_2021.xlsx",51,52,"algae_Rae_2021_48","130-806B-14H-6, 80-85","algae_Zhang_2017_91",,"T",,2021,4.437,0.3185,159.361,"Mk37_2",-25.424,30.8034077948181,"Reference for the original data: Zhang, Y.G., Pagani, M., Henderiks, J. and Ren, H., 2017. A long history of equatorial deep-water upwelling in the Pacific Ocean. Earth and Planetary Science Letters, 467, pp.1-9.",1225
"phytoplankton_rae_2021.xlsx",52,53,"algae_Rae_2021_49","130-806B-15H-5, 40-45","algae_Zhang_2017_92",,"T",,2021,4.59258,0.3185,159.361,"Mk37_2",-25.255,29.9059192310285,"Reference for the original data: Zhang, Y.G., Pagani, M., Henderiks, J. and Ren, H., 2017. A long history of equatorial deep-water upwelling in the Pacific Ocean. Earth and Planetary Science Letters, 467, pp.1-9.",1226
"phytoplankton_rae_2021.xlsx",53,54,"algae_Rae_2021_50","130-806B-16H-4, 23-25","algae_Zhang_2017_93",,"T",,2021,4.75286,0.3185,159.361,"Mk37_2",-26.236,33.7056813140937,"Reference for the original data: Zhang, Y.G., Pagani, M., Henderiks, J. and Ren, H., 2017. A long history of equatorial deep-water upwelling in the Pacific Ocean. Earth and Planetary Science Letters, 467, pp.1-9.",1227
"phytoplankton_rae_2021.xlsx",54,55,"algae_Rae_2021_51","130-806B-17H-2, 130-135","algae_Zhang_2017_94",,"T",,2021,5.2937052631579,0.3185,159.361,"Mk37_2",-25.8125,28.6288584192972,"Reference for the original data: Zhang, Y.G., Pagani, M., Henderiks, J. and Ren, H., 2017. A long history of equatorial deep-water upwelling in the Pacific Ocean. Earth and Planetary Science Letters, 467, pp.1-9.",1228
"phytoplankton_rae_2021.xlsx",55,56,"algae_Rae_2021_52","154-925C-2H-3, 63-67","algae_Zhang_2013_14",,"T",,2021,0.31,4.20426,-43.4891,"Mk37_2",-23.767,28.0923106827949,"Reference for the original data: Zhang, Y.G., Pagani, M., Liu, Z., Bohaty, S.M. and DeConto, R., 2013. A 40-million-year history of atmospheric CO2. Philosophical Transactions of the Royal Society A: Mathematical, Physical and Engineering Sciences, 371(2001), p.20130096.",1229
"phytoplankton_rae_2021.xlsx",56,57,"algae_Rae_2021_53","154-925C-2H-6, 63-67","algae_Zhang_2013_15",,"T",,2021,0.431,4.20426,-43.4891,"Mk37_2",-22.9245,27.8261882040226,"Reference for the original data: Zhang, Y.G., Pagani, M., Liu, Z., Bohaty, S.M. and DeConto, R., 2013. A 40-million-year history of atmospheric CO2. Philosophical Transactions of the Royal Society A: Mathematical, Physical and Engineering Sciences, 371(2001), p.20130096.",1230
"phytoplankton_rae_2021.xlsx",57,58,"algae_Rae_2021_54","154-925C-3H-4, 20-27","algae_Zhang_2013_16",,"T",,2021,0.5753,4.20426,-43.4891,"Mk37_2",-22.9975,28.5676942730959,"Reference for the original data: Zhang, Y.G., Pagani, M., Liu, Z., Bohaty, S.M. and DeConto, R., 2013. A 40-million-year history of atmospheric CO2. Philosophical Transactions of the Royal Society A: Mathematical, Physical and Engineering Sciences, 371(2001), p.20130096.",1231
"phytoplankton_rae_2021.xlsx",58,59,"algae_Rae_2021_55","154-925C-4H-3, 112-118","algae_Zhang_2013_17",,"T",,2021,0.9287,4.20426,-43.4891,"Mk37_2",-23.5185,27.7279352151659,"Reference for the original data: Zhang, Y.G., Pagani, M., Liu, Z., Bohaty, S.M. and DeConto, R., 2013. A 40-million-year history of atmospheric CO2. Philosophical Transactions of the Royal Society A: Mathematical, Physical and Engineering Sciences, 371(2001), p.20130096.",1232
"phytoplankton_rae_2021.xlsx",59,60,"algae_Rae_2021_56","154-925C-4H-6, 14-20","algae_Zhang_2013_18",,"T",,2021,1.046,4.20426,-43.4891,"Mk37_2",-23.7335,27.9368651088289,"Reference for the original data: Zhang, Y.G., Pagani, M., Liu, Z., Bohaty, S.M. and DeConto, R., 2013. A 40-million-year history of atmospheric CO2. Philosophical Transactions of the Royal Society A: Mathematical, Physical and Engineering Sciences, 371(2001), p.20130096.",1233
"phytoplankton_rae_2021.xlsx",60,61,"algae_Rae_2021_57","154-925C-5H-2, 24-30","algae_Zhang_2013_19",,"T",,2021,1.191,4.20426,-43.4891,"Mk37_2",-23.9325,28.2582634648986,"Reference for the original data: Zhang, Y.G., Pagani, M., Liu, Z., Bohaty, S.M. and DeConto, R., 2013. A 40-million-year history of atmospheric CO2. Philosophical Transactions of the Royal Society A: Mathematical, Physical and Engineering Sciences, 371(2001), p.20130096.",1234
"phytoplankton_rae_2021.xlsx",61,62,"algae_Rae_2021_58","154-925C-5H-2, 61-68","algae_Zhang_2013_20",,"T",,2021,1.206,4.20426,-43.4891,"Mk37_2",-23.446,28.5355249702972,"Reference for the original data: Zhang, Y.G., Pagani, M., Liu, Z., Bohaty, S.M. and DeConto, R., 2013. A 40-million-year history of atmospheric CO2. Philosophical Transactions of the Royal Society A: Mathematical, Physical and Engineering Sciences, 371(2001), p.20130096.",1235
"phytoplankton_rae_2021.xlsx",62,63,"algae_Rae_2021_59","154-925C-5H-2, 111-117","algae_Zhang_2013_21",,"T",,2021,1.2188,4.20426,-43.4891,"Mk37_2",-23.6415,28.4856249880305,"Reference for the original data: Zhang, Y.G., Pagani, M., Liu, Z., Bohaty, S.M. and DeConto, R., 2013. A 40-million-year history of atmospheric CO2. Philosophical Transactions of the Royal Society A: Mathematical, Physical and Engineering Sciences, 371(2001), p.20130096.",1236
"phytoplankton_rae_2021.xlsx",63,64,"algae_Rae_2021_60","154-925C-5H-3, 12-18","algae_Zhang_2013_22",,"T",,2021,1.2322,4.20426,-43.4891,"Mk37_2",-23.718,28.7571320435644,"Reference for the original data: Zhang, Y.G., Pagani, M., Liu, Z., Bohaty, S.M. and DeConto, R., 2013. A 40-million-year history of atmospheric CO2. Philosophical Transactions of the Royal Society A: Mathematical, Physical and Engineering Sciences, 371(2001), p.20130096.",1237
"phytoplankton_rae_2021.xlsx",64,65,"algae_Rae_2021_61","154-925C-5H-3, 56-62","algae_Zhang_2013_23",,"T",,2021,1.25,4.20426,-43.4891,"Mk37_2",-23.072,27.8357419305092,"Reference for the original data: Zhang, Y.G., Pagani, M., Liu, Z., Bohaty, S.M. and DeConto, R., 2013. A 40-million-year history of atmospheric CO2. Philosophical Transactions of the Royal Society A: Mathematical, Physical and Engineering Sciences, 371(2001), p.20130096.",1238
"phytoplankton_rae_2021.xlsx",65,66,"algae_Rae_2021_62","154-925C-5H-3, 106-112","algae_Zhang_2013_24",,"T",,2021,1.272,4.20426,-43.4891,"Mk37_2",-22.991,28.3455815816211,"Reference for the original data: Zhang, Y.G., Pagani, M., Liu, Z., Bohaty, S.M. and DeConto, R., 2013. A 40-million-year history of atmospheric CO2. Philosophical Transactions of the Royal Society A: Mathematical, Physical and Engineering Sciences, 371(2001), p.20130096.",1239
"phytoplankton_rae_2021.xlsx",66,67,"algae_Rae_2021_63","154-925C-5H-4, 15-19","algae_Zhang_2013_25",,"T",,2021,1.2846,4.20426,-43.4891,"Mk37_2",-23.3085,28.0564588062431,"Reference for the original data: Zhang, Y.G., Pagani, M., Liu, Z., Bohaty, S.M. and DeConto, R., 2013. A 40-million-year history of atmospheric CO2. Philosophical Transactions of the Royal Society A: Mathematical, Physical and Engineering Sciences, 371(2001), p.20130096.",1240
"phytoplankton_rae_2021.xlsx",67,68,"algae_Rae_2021_64","154-925C-5H-5, 64-70","algae_Zhang_2013_26",,"T",,2021,1.3512,4.20426,-43.4891,"Mk37_2",-23.4775,28.4518529270363,"Reference for the original data: Zhang, Y.G., Pagani, M., Liu, Z., Bohaty, S.M. and DeConto, R., 2013. A 40-million-year history of atmospheric CO2. Philosophical Transactions of the Royal Society A: Mathematical, Physical and Engineering Sciences, 371(2001), p.20130096.",1241
"phytoplankton_rae_2021.xlsx",68,69,"algae_Rae_2021_65","154-925C-6H-4, 113-120","algae_Zhang_2013_27",,"T",,2021,1.65183561643836,4.20426,-43.4891,"Mk37_2",-23.8455,27.0533349762645,"Reference for the original data: Zhang, Y.G., Pagani, M., Liu, Z., Bohaty, S.M. and DeConto, R., 2013. A 40-million-year history of atmospheric CO2. Philosophical Transactions of the Royal Society A: Mathematical, Physical and Engineering Sciences, 371(2001), p.20130096.",1242
"phytoplankton_rae_2021.xlsx",69,70,"algae_Rae_2021_66","154-925C-6H-6, 65-71","algae_Zhang_2013_28",,"T",,2021,1.73468493150685,4.20426,-43.4891,"Mk37_2",-23.7515,28.5572599447519,"Reference for the original data: Zhang, Y.G., Pagani, M., Liu, Z., Bohaty, S.M. and DeConto, R., 2013. A 40-million-year history of atmospheric CO2. Philosophical Transactions of the Royal Society A: Mathematical, Physical and Engineering Sciences, 371(2001), p.20130096.",1243
"phytoplankton_rae_2021.xlsx",70,71,"algae_Rae_2021_67","154-925C-7H-4, 60-65","algae_Zhang_2013_29",,"T",,2021,1.95913907284768,4.20426,-43.4891,"Mk37_2",-23.699,28.6762213025307,"Reference for the original data: Zhang, Y.G., Pagani, M., Liu, Z., Bohaty, S.M. and DeConto, R., 2013. A 40-million-year history of atmospheric CO2. Philosophical Transactions of the Royal Society A: Mathematical, Physical and Engineering Sciences, 371(2001), p.20130096.",1244
"phytoplankton_rae_2021.xlsx",71,72,"algae_Rae_2021_68","154-925C-7H-7, 12-18","algae_Zhang_2013_30",,"T",,2021,2.09481666666667,4.20426,-43.4891,"Mk37_2",-24.1195,28.7035298101531,"Reference for the original data: Zhang, Y.G., Pagani, M., Liu, Z., Bohaty, S.M. and DeConto, R., 2013. A 40-million-year history of atmospheric CO2. Philosophical Transactions of the Royal Society A: Mathematical, Physical and Engineering Sciences, 371(2001), p.20130096.",1245
"phytoplankton_rae_2021.xlsx",72,73,"algae_Rae_2021_69","154-925D-7H-4, 114-120","algae_Zhang_2013_31",,"T",,2021,2.19823333333333,4.20426,-43.4891,"Mk37_2",-23.736,29.2569416682199,"Reference for the original data: Zhang, Y.G., Pagani, M., Liu, Z., Bohaty, S.M. and DeConto, R., 2013. A 40-million-year history of atmospheric CO2. Philosophical Transactions of the Royal Society A: Mathematical, Physical and Engineering Sciences, 371(2001), p.20130096.",1246
"phytoplankton_rae_2021.xlsx",73,74,"algae_Rae_2021_70","154-925C-8H-4, 5-9","algae_Zhang_2013_32",,"T",,2021,2.29806896551724,4.20426,-43.4891,"Mk37_2",-24.363,28.6420495875497,"Reference for the original data: Zhang, Y.G., Pagani, M., Liu, Z., Bohaty, S.M. and DeConto, R., 2013. A 40-million-year history of atmospheric CO2. Philosophical Transactions of the Royal Society A: Mathematical, Physical and Engineering Sciences, 371(2001), p.20130096.",1247
"phytoplankton_rae_2021.xlsx",74,75,"algae_Rae_2021_71","154-925D-8H-2, 65-70","algae_Zhang_2013_33",,"T",,2021,2.4213611615245,4.20426,-43.4891,"Mk37_2",-24.401,28.8658443937139,"Reference for the original data: Zhang, Y.G., Pagani, M., Liu, Z., Bohaty, S.M. and DeConto, R., 2013. A 40-million-year history of atmospheric CO2. Philosophical Transactions of the Royal Society A: Mathematical, Physical and Engineering Sciences, 371(2001), p.20130096.",1248
"phytoplankton_rae_2021.xlsx",75,76,"algae_Rae_2021_72","154-925D-8H-6, 17-22","algae_Zhang_2013_34",,"T",,2021,2.60168784029038,4.20426,-43.4891,"Mk37_2",-24.413,28.7384979438976,"Reference for the original data: Zhang, Y.G., Pagani, M., Liu, Z., Bohaty, S.M. and DeConto, R., 2013. A 40-million-year history of atmospheric CO2. Philosophical Transactions of the Royal Society A: Mathematical, Physical and Engineering Sciences, 371(2001), p.20130096.",1249
"phytoplankton_rae_2021.xlsx",76,77,"algae_Rae_2021_73","154-925C-9H-3, 112-116","algae_Zhang_2013_35",,"T",,2021,2.61965517241379,4.20426,-43.4891,"Mk37_2",-23.5705,28.3060631001197,"Reference for the original data: Zhang, Y.G., Pagani, M., Liu, Z., Bohaty, S.M. and DeConto, R., 2013. A 40-million-year history of atmospheric CO2. Philosophical Transactions of the Royal Society A: Mathematical, Physical and Engineering Sciences, 371(2001), p.20130096.",1250
"phytoplankton_rae_2021.xlsx",77,78,"algae_Rae_2021_74","154-925C-9H-5, 115-120","algae_Zhang_2013_36",,"T",,2021,2.7186388384755,4.20426,-43.4891,"Mk37_2",-24.0765,28.7038871811862,"Reference for the original data: Zhang, Y.G., Pagani, M., Liu, Z., Bohaty, S.M. and DeConto, R., 2013. A 40-million-year history of atmospheric CO2. Philosophical Transactions of the Royal Society A: Mathematical, Physical and Engineering Sciences, 371(2001), p.20130096.",1251
"phytoplankton_rae_2021.xlsx",78,79,"algae_Rae_2021_75","154-925C-10H-3, 65-70","algae_Zhang_2013_37",,"T",,2021,2.93812583668005,4.20426,-43.4891,"Mk37_2",-23.67,28.841885800812,"Reference for the original data: Zhang, Y.G., Pagani, M., Liu, Z., Bohaty, S.M. and DeConto, R., 2013. A 40-million-year history of atmospheric CO2. Philosophical Transactions of the Royal Society A: Mathematical, Physical and Engineering Sciences, 371(2001), p.20130096.",1252
"phytoplankton_rae_2021.xlsx",79,80,"algae_Rae_2021_76","154-925C-10H-6, 67-74","algae_Zhang_2013_38",,"T",,2021,3.08345982142857,4.20426,-43.4891,"Mk37_2",-24.2505,28.8323624034822,"Reference for the original data: Zhang, Y.G., Pagani, M., Liu, Z., Bohaty, S.M. and DeConto, R., 2013. A 40-million-year history of atmospheric CO2. Philosophical Transactions of the Royal Society A: Mathematical, Physical and Engineering Sciences, 371(2001), p.20130096.",1253
"phytoplankton_rae_2021.xlsx",80,81,"algae_Rae_2021_77","154-925D-10H-2, 68-72","algae_Zhang_2013_39",,"T",,2021,3.12598214285714,4.20426,-43.4891,"Mk37_2",-23.8645,28.8757962864434,"Reference for the original data: Zhang, Y.G., Pagani, M., Liu, Z., Bohaty, S.M. and DeConto, R., 2013. A 40-million-year history of atmospheric CO2. Philosophical Transactions of the Royal Society A: Mathematical, Physical and Engineering Sciences, 371(2001), p.20130096.",1254
"phytoplankton_rae_2021.xlsx",81,82,"algae_Rae_2021_78","154-925D-10H-6, 120-125","algae_Zhang_2013_40",,"T",,2021,3.25703071672355,4.20426,-43.4891,"Mk37_2",-24.33,28.9676765352786,"Reference for the original data: Zhang, Y.G., Pagani, M., Liu, Z., Bohaty, S.M. and DeConto, R., 2013. A 40-million-year history of atmospheric CO2. Philosophical Transactions of the Royal Society A: Mathematical, Physical and Engineering Sciences, 371(2001), p.20130096.",1255
"phytoplankton_rae_2021.xlsx",82,83,"algae_Rae_2021_79","154-925C-11H-3, 11-16","algae_Zhang_2013_41",,"T",,2021,3.30003412969283,4.20426,-43.4891,"Mk37_2",-24.2885,28.2646966296829,"Reference for the original data: Zhang, Y.G., Pagani, M., Liu, Z., Bohaty, S.M. and DeConto, R., 2013. A 40-million-year history of atmospheric CO2. Philosophical Transactions of the Royal Society A: Mathematical, Physical and Engineering Sciences, 371(2001), p.20130096.",1256
"phytoplankton_rae_2021.xlsx",83,84,"algae_Rae_2021_80","154-925C-12H-4, 105-110","algae_Zhang_2013_42",,"T",,2021,3.71534412955466,4.20426,-43.4891,"Mk37_2",-24.2095,28.9819303145016,"Reference for the original data: Zhang, Y.G., Pagani, M., Liu, Z., Bohaty, S.M. and DeConto, R., 2013. A 40-million-year history of atmospheric CO2. Philosophical Transactions of the Royal Society A: Mathematical, Physical and Engineering Sciences, 371(2001), p.20130096.",1257
"phytoplankton_rae_2021.xlsx",84,85,"algae_Rae_2021_81","154-925A-1R-3, 53-56.5","algae_Zhang_2013_43",,"T",,2021,3.50634228187919,4.20426,-43.4891,"Mk37_2",-25.08375,28.6871276962151,"Reference for the original data: Zhang, Y.G., Pagani, M., Liu, Z., Bohaty, S.M. and DeConto, R., 2013. A 40-million-year history of atmospheric CO2. Philosophical Transactions of the Royal Society A: Mathematical, Physical and Engineering Sciences, 371(2001), p.20130096.",1258
"phytoplankton_rae_2021.xlsx",85,86,"algae_Rae_2021_82","154-925D-11H-4, 27-31","algae_Zhang_2013_44",,"T",,2021,3.46573825503356,4.20426,-43.4891,"Mk37_2",-24.4115,28.8870475084216,"Reference for the original data: Zhang, Y.G., Pagani, M., Liu, Z., Bohaty, S.M. and DeConto, R., 2013. A 40-million-year history of atmospheric CO2. Philosophical Transactions of the Royal Society A: Mathematical, Physical and Engineering Sciences, 371(2001), p.20130096.",1259
"phytoplankton_rae_2021.xlsx",86,87,"algae_Rae_2021_83","154-925C-12H-3, 60-65","algae_Zhang_2013_45",,"T",,2021,3.64955465587045,4.20426,-43.4891,"Mk37_2",-24.59,28.68191370265,"Reference for the original data: Zhang, Y.G., Pagani, M., Liu, Z., Bohaty, S.M. and DeConto, R., 2013. A 40-million-year history of atmospheric CO2. Philosophical Transactions of the Royal Society A: Mathematical, Physical and Engineering Sciences, 371(2001), p.20130096.",1260
"phytoplankton_rae_2021.xlsx",87,88,"algae_Rae_2021_84","154-925D-12H-4, 90-95","algae_Zhang_2013_46",,"T",,2021,3.82888,4.20426,-43.4891,"Mk37_2",-23.8875,28.9657778850875,"Reference for the original data: Zhang, Y.G., Pagani, M., Liu, Z., Bohaty, S.M. and DeConto, R., 2013. A 40-million-year history of atmospheric CO2. Philosophical Transactions of the Royal Society A: Mathematical, Physical and Engineering Sciences, 371(2001), p.20130096.",1261
"phytoplankton_rae_2021.xlsx",88,89,"algae_Rae_2021_85","154-925C-13H-2, 10-15","algae_Zhang_2013_47",,"T",,2021,3.97009695290859,4.20426,-43.4891,"Mk37_2",-24.1325,28.9474234907105,"Reference for the original data: Zhang, Y.G., Pagani, M., Liu, Z., Bohaty, S.M. and DeConto, R., 2013. A 40-million-year history of atmospheric CO2. Philosophical Transactions of the Royal Society A: Mathematical, Physical and Engineering Sciences, 371(2001), p.20130096.",1262
"phytoplankton_rae_2021.xlsx",89,90,"algae_Rae_2021_86","154-925D-13H-2, 80-85","algae_Zhang_2013_48",,"T",,2021,4.08097733711048,4.20426,-43.4891,"Mk37_2",-24.67,28.9735587254971,"Reference for the original data: Zhang, Y.G., Pagani, M., Liu, Z., Bohaty, S.M. and DeConto, R., 2013. A 40-million-year history of atmospheric CO2. Philosophical Transactions of the Royal Society A: Mathematical, Physical and Engineering Sciences, 371(2001), p.20130096.",1263
"phytoplankton_rae_2021.xlsx",90,91,"algae_Rae_2021_87","154-925C-14H-2, 110-115","algae_Zhang_2013_49",,"T",,2021,4.32105802047782,4.20426,-43.4891,"Mk37_2",-25.547,29.2399003452308,"Reference for the original data: Zhang, Y.G., Pagani, M., Liu, Z., Bohaty, S.M. and DeConto, R., 2013. A 40-million-year history of atmospheric CO2. Philosophical Transactions of the Royal Society A: Mathematical, Physical and Engineering Sciences, 371(2001), p.20130096.",1264
"phytoplankton_rae_2021.xlsx",91,92,"algae_Rae_2021_88","154-925D-14H-6, 42-47.5","algae_Zhang_2013_50",,"T",,2021,4.59081001472754,4.20426,-43.4891,"Mk37_2",-25.074,29.0246233040582,"Reference for the original data: Zhang, Y.G., Pagani, M., Liu, Z., Bohaty, S.M. and DeConto, R., 2013. A 40-million-year history of atmospheric CO2. Philosophical Transactions of the Royal Society A: Mathematical, Physical and Engineering Sciences, 371(2001), p.20130096.",1265
"phytoplankton_rae_2021.xlsx",92,93,"algae_Rae_2021_89","154-925A-2R-3, 53-56.5","algae_Zhang_2013_51",,"T",,2021,7.14028498871332,4.20426,-43.4891,"Mk37_2",-24.264,28.6820359608725,"Reference for the original data: Zhang, Y.G., Pagani, M., Liu, Z., Bohaty, S.M. and DeConto, R., 2013. A 40-million-year history of atmospheric CO2. Philosophical Transactions of the Royal Society A: Mathematical, Physical and Engineering Sciences, 371(2001), p.20130096.",1266
"phytoplankton_rae_2021.xlsx",93,94,"algae_Rae_2021_90","154-925A-3R-3, 52.5-56","algae_Zhang_2013_52",,"T",,2021,13.7771394230769,4.20426,-43.4891,"Mk37_2",-23.00275,28.1154528891258,"Reference for the original data: Zhang, Y.G., Pagani, M., Liu, Z., Bohaty, S.M. and DeConto, R., 2013. A 40-million-year history of atmospheric CO2. Philosophical Transactions of the Royal Society A: Mathematical, Physical and Engineering Sciences, 371(2001), p.20130096.",1267
"phytoplankton_rae_2021.xlsx",94,95,"algae_Rae_2021_91","72-516F-10R-1, 53-59.5","algae_Pagani_2011_1",,"T",,2021,24.4043855932203,-30.2765,-35.285,"Mk37_2",-29.6075,31.533466852196,"Reference for the original data: Pagani, M., Huber, M., Liu, Z., Bohaty, S.M., Henderiks, J., Sijp, W., Krishnan, S. and DeConto, R.M., 2011. The role of carbon dioxide during the onset of Antarctic glaciation. science, 334(6060), pp.1261-1264.",1268
"phytoplankton_rae_2021.xlsx",95,96,"algae_Rae_2021_92","72-516F-11R-1, 25.5-31","algae_Pagani_2011_3",,"T",,2021,24.7174410211268,-30.2765,-35.285,"Mk37_2",-31.24,33.6966402970537,"Reference for the original data: Pagani, M., Huber, M., Liu, Z., Bohaty, S.M., Henderiks, J., Sijp, W., Krishnan, S. and DeConto, R.M., 2011. The role of carbon dioxide during the onset of Antarctic glaciation. science, 334(6060), pp.1261-1264.",1269
"phytoplankton_rae_2021.xlsx",96,97,"algae_Rae_2021_93","72-516F-15R-6, 22-28","algae_Pagani_2011_9",,"T",,2021,25.8777797513322,-30.2765,-35.285,"Mk37_2",-27.9285,37.8110291341589,"Reference for the original data: Pagani, M., Huber, M., Liu, Z., Bohaty, S.M., Henderiks, J., Sijp, W., Krishnan, S. and DeConto, R.M., 2011. The role of carbon dioxide during the onset of Antarctic glaciation. science, 334(6060), pp.1261-1264.",1270
"phytoplankton_rae_2021.xlsx",97,98,"algae_Rae_2021_94","72-516F-23R-1, 26-32","algae_Pagani_2011_10",,"T",,2021,28.1160596546311,-30.2765,-35.285,"Mk37_2",-29.6955,27.3689932988593,"Reference for the original data: Pagani, M., Huber, M., Liu, Z., Bohaty, S.M., Henderiks, J., Sijp, W., Krishnan, S. and DeConto, R.M., 2011. The role of carbon dioxide during the onset of Antarctic glaciation. science, 334(6060), pp.1261-1264.",1271
"phytoplankton_rae_2021.xlsx",98,99,"algae_Rae_2021_95","72-516F-24R-1, 27-32","algae_Pagani_2011_11",,"T",,2021,28.563704866562,-30.2765,-35.285,"Mk37_2",-30.825,32.5341282998836,"Reference for the original data: Pagani, M., Huber, M., Liu, Z., Bohaty, S.M., Henderiks, J., Sijp, W., Krishnan, S. and DeConto, R.M., 2011. The role of carbon dioxide during the onset of Antarctic glaciation. science, 334(6060), pp.1261-1264.",1272
"phytoplankton_rae_2021.xlsx",99,100,"algae_Rae_2021_96","72-516F-27R-4, 125-131","algae_Pagani_2011_14",,"T",,2021,30.0984671332167,-30.2765,-35.285,"Mk37_2",-30.1635,33.5416363690273,"Reference for the original data: Pagani, M., Huber, M., Liu, Z., Bohaty, S.M., Henderiks, J., Sijp, W., Krishnan, S. and DeConto, R.M., 2011. The role of carbon dioxide during the onset of Antarctic glaciation. science, 334(6060), pp.1261-1264.",1273
"phytoplankton_rae_2021.xlsx",100,101,"algae_Rae_2021_97","72-516F-29R-3, 99-105","algae_Pagani_2011_16",,"T",,2021,30.7126773333333,-30.2765,-35.285,"Mk37_2",-30.154,34.8417212214823,"Reference for the original data: Pagani, M., Huber, M., Liu, Z., Bohaty, S.M., Henderiks, J., Sijp, W., Krishnan, S. and DeConto, R.M., 2011. The role of carbon dioxide during the onset of Antarctic glaciation. science, 334(6060), pp.1261-1264.",1274
"phytoplankton_rae_2021.xlsx",101,102,"algae_Rae_2021_98","72-516F-34R-1, 72-78","algae_Pagani_2011_17",,"T",,2021,32.3207914597815,-30.2765,-35.285,"Mk37_2",-32.4062,28.9860049194006,"Reference for the original data: Pagani, M., Huber, M., Liu, Z., Bohaty, S.M., Henderiks, J., Sijp, W., Krishnan, S. and DeConto, R.M., 2011. The role of carbon dioxide during the onset of Antarctic glaciation. science, 334(6060), pp.1261-1264.",1275
"phytoplankton_rae_2021.xlsx",102,103,"algae_Rae_2021_99","95-612-17X-6, 23-29","algae_Pagani_2011_18",,"T",,2021,35.018748,38.82,-72.7738,"Mk37_2",-31.803,28.8549819605848,"Reference for the original data: Pagani, M., Huber, M., Liu, Z., Bohaty, S.M., Henderiks, J., Sijp, W., Krishnan, S. and DeConto, R.M., 2011. The role of carbon dioxide during the onset of Antarctic glaciation. science, 334(6060), pp.1261-1264.",1276
"phytoplankton_rae_2021.xlsx",103,104,"algae_Rae_2021_100","95-612-18X-2, 24-29","algae_Pagani_2011_19",,"T",,2021,35.2336045,38.82,-72.7738,"Mk37_2",-31.5155,27.9104039882061,"Reference for the original data: Pagani, M., Huber, M., Liu, Z., Bohaty, S.M., Henderiks, J., Sijp, W., Krishnan, S. and DeConto, R.M., 2011. The role of carbon dioxide during the onset of Antarctic glaciation. science, 334(6060), pp.1261-1264.",1277
"phytoplankton_rae_2021.xlsx",104,105,"algae_Rae_2021_101","95-612-18X-6, 24-30","algae_Pagani_2011_20",,"T",,2021,35.601711,38.82,-72.7738,"Mk37_2",-31.4855,28.4745072650166,"Reference for the original data: Pagani, M., Huber, M., Liu, Z., Bohaty, S.M., Henderiks, J., Sijp, W., Krishnan, S. and DeConto, R.M., 2011. The role of carbon dioxide during the onset of Antarctic glaciation. science, 334(6060), pp.1261-1264.",1278
"phytoplankton_rae_2021.xlsx",105,106,"algae_Rae_2021_102","95-612-19X-3, 23-28","algae_Pagani_2011_21",,"T",,2021,35.9072915,38.82,-72.7738,"Mk37_2",-30.032,28.894437648504,"Reference for the original data: Pagani, M., Huber, M., Liu, Z., Bohaty, S.M., Henderiks, J., Sijp, W., Krishnan, S. and DeConto, R.M., 2011. The role of carbon dioxide during the onset of Antarctic glaciation. science, 334(6060), pp.1261-1264.",1279
"phytoplankton_rae_2021.xlsx",106,107,"algae_Rae_2021_103","95-612-19X-5, 23-28","algae_Pagani_2011_22",,"T",,2021,36.1142485,38.82,-72.7738,"Mk37_2",-31.2875,26.7884461958092,"Reference for the original data: Pagani, M., Huber, M., Liu, Z., Bohaty, S.M., Henderiks, J., Sijp, W., Krishnan, S. and DeConto, R.M., 2011. The role of carbon dioxide during the onset of Antarctic glaciation. science, 334(6060), pp.1261-1264.",1280
"phytoplankton_rae_2021.xlsx",107,108,"algae_Rae_2021_104","95-612-20X-2, 33-38","algae_Pagani_2011_23",,"T",,2021,36.6584185,38.82,-72.7738,"Mk37_2",-31.1825,29.3586417144376,"Reference for the original data: Pagani, M., Huber, M., Liu, Z., Bohaty, S.M., Henderiks, J., Sijp, W., Krishnan, S. and DeConto, R.M., 2011. The role of carbon dioxide during the onset of Antarctic glaciation. science, 334(6060), pp.1261-1264.",1281
"phytoplankton_rae_2021.xlsx",108,109,"algae_Rae_2021_105","95-612-20X-4, 20-25","algae_Pagani_2011_24",,"T",,2021,36.9646475,38.82,-72.7738,"Mk37_2",-31.79,27.5255770426386,"Reference for the original data: Pagani, M., Huber, M., Liu, Z., Bohaty, S.M., Henderiks, J., Sijp, W., Krishnan, S. and DeConto, R.M., 2011. The role of carbon dioxide during the onset of Antarctic glaciation. science, 334(6060), pp.1261-1264.",1282
"phytoplankton_rae_2021.xlsx",109,110,"algae_Rae_2021_106","95-612-23X-3, 24-29","algae_Pagani_2011_25",,"T",,2021,39.8711555,38.82,-72.7738,"Mk37_2",-31.3745,32.4268260894549,"Reference for the original data: Pagani, M., Huber, M., Liu, Z., Bohaty, S.M., Henderiks, J., Sijp, W., Krishnan, S. and DeConto, R.M., 2011. The role of carbon dioxide during the onset of Antarctic glaciation. science, 334(6060), pp.1261-1264.",1283
"phytoplankton_rae_2021.xlsx",110,111,"algae_Rae_2021_107","95-612-25X-5, 125-130","algae_Pagani_2011_27",,"T",,2021,42.3476625,38.82,-72.7738,"Mk37_2",-32.982,35.7360847954316,"Reference for the original data: Pagani, M., Huber, M., Liu, Z., Bohaty, S.M., Henderiks, J., Sijp, W., Krishnan, S. and DeConto, R.M., 2011. The role of carbon dioxide during the onset of Antarctic glaciation. science, 334(6060), pp.1261-1264.",1284
"phytoplankton_rae_2021.xlsx",111,112,"algae_Rae_2021_108","95-612-30X-5, 130-135","algae_Pagani_2011_28",,"T",,2021,45.1282225,38.82,-72.7738,"Mk37_2",-31.911,33.1366541968372,"Reference for the original data: Pagani, M., Huber, M., Liu, Z., Bohaty, S.M., Henderiks, J., Sijp, W., Krishnan, S. and DeConto, R.M., 2011. The role of carbon dioxide during the onset of Antarctic glaciation. science, 334(6060), pp.1261-1264.",1285
"phytoplankton_rae_2021.xlsx",112,113,"algae_Rae_2021_109","29-277-19R-2, 42-49","algae_zhang_2020_50",,"T",,2021,33.2572601256227,-52.2238,166.1913,"Mk37_2",-33.55175,21.8146207584419,"Reference for the original data: Pagani, M., Huber, M., Liu, Z., Bohaty, S.M., Henderiks, J., Sijp, W., Krishnan, S. and DeConto, R.M., 2011. The role of carbon dioxide during the onset of Antarctic glaciation. science, 334(6060), pp.1261-1264.",1286
"phytoplankton_rae_2021.xlsx",113,114,"algae_Rae_2021_110","29-277-20R-5, 76-81","algae_zhang_2020_51",,"T",,2021,34.0987720111214,-52.2238,166.1913,"Mk37_2",-34.388,25.107643691821,"Reference for the original data: Pagani, M., Huber, M., Liu, Z., Bohaty, S.M., Henderiks, J., Sijp, W., Krishnan, S. and DeConto, R.M., 2011. The role of carbon dioxide during the onset of Antarctic glaciation. science, 334(6060), pp.1261-1264.",1287
"phytoplankton_rae_2021.xlsx",114,115,"algae_Rae_2021_111","29-277-23R-1, 98-104","algae_zhang_2020_52",,"T",,2021,35.7183548387097,-52.2238,166.1913,"Mk37_2",-32.5585,25.0008041481619,"Reference for the original data: Pagani, M., Huber, M., Liu, Z., Bohaty, S.M., Henderiks, J., Sijp, W., Krishnan, S. and DeConto, R.M., 2011. The role of carbon dioxide during the onset of Antarctic glaciation. science, 334(6060), pp.1261-1264.",1288
"phytoplankton_rae_2021.xlsx",115,116,"algae_Rae_2021_112","71-511-9R-1, 60-63.5","algae_zhang_2020_30",,"T",,2021,33.1729494614747,-51.0047,-46.9717,"Mk37_2",-34.80425,9.43964655565767,"Reference for the original data: Pagani, M., Huber, M., Liu, Z., Bohaty, S.M., Henderiks, J., Sijp, W., Krishnan, S. and DeConto, R.M., 2011. The role of carbon dioxide during the onset of Antarctic glaciation. science, 334(6060), pp.1261-1264.",1289
"phytoplankton_rae_2021.xlsx",116,117,"algae_Rae_2021_113","71-511-11R-3, 63.5-67.5","algae_zhang_2020_31",,"T",,2021,33.476618061309,-51.0047,-46.9717,"Mk37_2",-34.70525,12.2446132582512,"Reference for the original data: Pagani, M., Huber, M., Liu, Z., Bohaty, S.M., Henderiks, J., Sijp, W., Krishnan, S. and DeConto, R.M., 2011. The role of carbon dioxide during the onset of Antarctic glaciation. science, 334(6060), pp.1261-1264.",1290
"phytoplankton_rae_2021.xlsx",117,118,"algae_Rae_2021_114","71-511-12R-2, 46-49.5","algae_zhang_2020_32",,"T",,2021,33.6133603976802,-51.0047,-46.9717,"Mk37_2",-34.05025,9.98416574935819,"Reference for the original data: Pagani, M., Huber, M., Liu, Z., Bohaty, S.M., Henderiks, J., Sijp, W., Krishnan, S. and DeConto, R.M., 2011. The role of carbon dioxide during the onset of Antarctic glaciation. science, 334(6060), pp.1261-1264.",1291
"phytoplankton_rae_2021.xlsx",118,119,"algae_Rae_2021_115","71-511-18R-2, 55-58.5","algae_zhang_2020_33",,"T",,2021,35.3624295302013,-51.0047,-46.9717,"Mk37_2",-33.997,21.7334984863641,"Reference for the original data: Pagani, M., Huber, M., Liu, Z., Bohaty, S.M., Henderiks, J., Sijp, W., Krishnan, S. and DeConto, R.M., 2011. The role of carbon dioxide during the onset of Antarctic glaciation. science, 334(6060), pp.1261-1264.",1292
"phytoplankton_rae_2021.xlsx",119,120,"algae_Rae_2021_116","71-511-20R-2, 51-57","algae_zhang_2020_34",,"T",,2021,37.2502137232846,-51.0047,-46.9717,"Mk37_2",-33.65725,20.1203832343391,"Reference for the original data: Pagani, M., Huber, M., Liu, Z., Bohaty, S.M., Henderiks, J., Sijp, W., Krishnan, S. and DeConto, R.M., 2011. The role of carbon dioxide during the onset of Antarctic glaciation. science, 334(6060), pp.1261-1264.",1293
"phytoplankton_rae_2021.xlsx",120,121,"algae_Rae_2021_117","154-925A-40R-3, 52-56","algae_zhang_2020_41",,"T",,2021,30.7191219329834,4.20426,-43.4891,"Mk37_2",-30.4305,34.616944192036,"Reference for the original data: Pagani, M., Huber, M., Liu, Z., Bohaty, S.M., Henderiks, J., Sijp, W., Krishnan, S. and DeConto, R.M., 2011. The role of carbon dioxide during the onset of Antarctic glaciation. science, 334(6060), pp.1261-1264.",1294
"phytoplankton_rae_2021.xlsx",121,122,"algae_Rae_2021_118","154-925A-49R-5, 50-55","algae_zhang_2020_42",,"T",,2021,32.5204544067383,4.20426,-43.4891,"Mk37_2",-29.45975,35.4461352262789,"Reference for the original data: Pagani, M., Huber, M., Liu, Z., Bohaty, S.M., Henderiks, J., Sijp, W., Krishnan, S. and DeConto, R.M., 2011. The role of carbon dioxide during the onset of Antarctic glaciation. science, 334(6060), pp.1261-1264.",1295
"phytoplankton_rae_2021.xlsx",122,123,"algae_Rae_2021_119","154-925A-50R-1, 48-51.5","algae_zhang_2020_43",,"T",,2021,32.605339050293,4.20426,-43.4891,"Mk37_2",-29.244,35.6265119485304,"Reference for the original data: Pagani, M., Huber, M., Liu, Z., Bohaty, S.M., Henderiks, J., Sijp, W., Krishnan, S. and DeConto, R.M., 2011. The role of carbon dioxide during the onset of Antarctic glaciation. science, 334(6060), pp.1261-1264.",1296
"phytoplankton_rae_2021.xlsx",123,124,"algae_Rae_2021_120","154-925A-52R-6, 50-54","algae_zhang_2020_44",,"T",,2021,33.3286895751953,4.20426,-43.4891,"Mk37_2",-29.59825,34.9429535009919,"Reference for the original data: Pagani, M., Huber, M., Liu, Z., Bohaty, S.M., Henderiks, J., Sijp, W., Krishnan, S. and DeConto, R.M., 2011. The role of carbon dioxide during the onset of Antarctic glaciation. science, 334(6060), pp.1261-1264.",1297
"phytoplankton_rae_2021.xlsx",124,125,"algae_Rae_2021_121","154-925A-53R-6, 49-53","algae_zhang_2020_45",,"T",,2021,33.7683296203613,4.20426,-43.4891,"Mk37_2",-30.676,27.9261912479,"Reference for the original data: Pagani, M., Huber, M., Liu, Z., Bohaty, S.M., Henderiks, J., Sijp, W., Krishnan, S. and DeConto, R.M., 2011. The role of carbon dioxide during the onset of Antarctic glaciation. science, 334(6060), pp.1261-1264.",1298
"phytoplankton_rae_2021.xlsx",125,126,"algae_Rae_2021_122","154-925A-54R-3, 55.5-59","algae_zhang_2020_46",,"T",,2021,34.1391792297363,4.20426,-43.4891,"Mk37_2",-31.327,34.830106374696,"Reference for the original data: Pagani, M., Huber, M., Liu, Z., Bohaty, S.M., Henderiks, J., Sijp, W., Krishnan, S. and DeConto, R.M., 2011. The role of carbon dioxide during the onset of Antarctic glaciation. science, 334(6060), pp.1261-1264.",1299
"phytoplankton_rae_2021.xlsx",126,127,"algae_Rae_2021_123","154-925A-55R-6, 57-61","algae_zhang_2020_47",,"T",,2021,35.448802947998,4.20426,-43.4891,"Mk37_2",-30.83675,34.2053980370755,"Reference for the original data: Pagani, M., Huber, M., Liu, Z., Bohaty, S.M., Henderiks, J., Sijp, W., Krishnan, S. and DeConto, R.M., 2011. The role of carbon dioxide during the onset of Antarctic glaciation. science, 334(6060), pp.1261-1264.",1300
"phytoplankton_rae_2021.xlsx",127,128,"algae_Rae_2021_124","154-925A-56R-6, 56-61","algae_zhang_2020_48",,"T",,2021,35.8862991333008,4.20426,-43.4891,"Mk37_2",-33.27375,33.4814800725394,"Reference for the original data: Pagani, M., Huber, M., Liu, Z., Bohaty, S.M., Henderiks, J., Sijp, W., Krishnan, S. and DeConto, R.M., 2011. The role of carbon dioxide during the onset of Antarctic glaciation. science, 334(6060), pp.1261-1264.",1301
"phytoplankton_rae_2021.xlsx",128,129,"algae_Rae_2021_125","154-925A-57R-6, 54-58","algae_zhang_2020_49",,"T",,2021,36.1686668395996,4.20426,-43.4891,"Mk37_2",-30.558,34.013686928431,"Reference for the original data: Pagani, M., Huber, M., Liu, Z., Bohaty, S.M., Henderiks, J., Sijp, W., Krishnan, S. and DeConto, R.M., 2011. The role of carbon dioxide during the onset of Antarctic glaciation. science, 334(6060), pp.1261-1264.",1302
"phytoplankton_rae_2021.xlsx",129,130,"algae_Rae_2021_126","154-929E-1R-3, 50-54","algae_zhang_2020_35",,"T",,2021,32.8197577092511,5.97613,-43.74,"Mk37_2",-30.0755,29.7833038995423,"Reference for the original data: Pagani, M., Huber, M., Liu, Z., Bohaty, S.M., Henderiks, J., Sijp, W., Krishnan, S. and DeConto, R.M., 2011. The role of carbon dioxide during the onset of Antarctic glaciation. science, 334(6060), pp.1261-1264.",1303
"phytoplankton_rae_2021.xlsx",130,131,"algae_Rae_2021_127","154-929E-2R-3, 52-56","algae_zhang_2020_36",,"T",,2021,33.2561784140969,5.97613,-43.74,"Mk37_2",-28.88425,26.3393995013186,"Reference for the original data: Pagani, M., Huber, M., Liu, Z., Bohaty, S.M., Henderiks, J., Sijp, W., Krishnan, S. and DeConto, R.M., 2011. The role of carbon dioxide during the onset of Antarctic glaciation. science, 334(6060), pp.1261-1264.",1304
"phytoplankton_rae_2021.xlsx",131,132,"algae_Rae_2021_128","154-929E-3R-3, 50-53.5","algae_zhang_2020_37",,"T",,2021,33.650627753304,5.97613,-43.74,"Mk37_2",-29.74525,28.0636062848367,"Reference for the original data: Pagani, M., Huber, M., Liu, Z., Bohaty, S.M., Henderiks, J., Sijp, W., Krishnan, S. and DeConto, R.M., 2011. The role of carbon dioxide during the onset of Antarctic glaciation. science, 334(6060), pp.1261-1264.",1305
"phytoplankton_rae_2021.xlsx",132,133,"algae_Rae_2021_129","154-929E-4R-3, 51-54.5","algae_zhang_2020_38",,"T",,2021,34.1240366972477,5.97613,-43.74,"Mk37_2",-30.9115,28.0843947313704,"Reference for the original data: Pagani, M., Huber, M., Liu, Z., Bohaty, S.M., Henderiks, J., Sijp, W., Krishnan, S. and DeConto, R.M., 2011. The role of carbon dioxide during the onset of Antarctic glaciation. science, 334(6060), pp.1261-1264.",1306
"phytoplankton_rae_2021.xlsx",133,134,"algae_Rae_2021_130","154-929E-5R-3, 50-53.5","algae_zhang_2020_39",,"T",,2021,34.9441663665826,5.97613,-43.74,"Mk37_2",-31.5175,34.2697531776774,"Reference for the original data: Pagani, M., Huber, M., Liu, Z., Bohaty, S.M., Henderiks, J., Sijp, W., Krishnan, S. and DeConto, R.M., 2011. The role of carbon dioxide during the onset of Antarctic glaciation. science, 334(6060), pp.1261-1264.",1307
"phytoplankton_rae_2021.xlsx",134,135,"algae_Rae_2021_131","154-929E-6R-3, 53-57","algae_zhang_2020_40",,"T",,2021,35.5579618293122,5.97613,-43.74,"Mk37_2",-31.26975,35.0654014917404,"Reference for the original data: Pagani, M., Huber, M., Liu, Z., Bohaty, S.M., Henderiks, J., Sijp, W., Krishnan, S. and DeConto, R.M., 2011. The role of carbon dioxide during the onset of Antarctic glaciation. science, 334(6060), pp.1261-1264.",1308
"phytoplankton_seki_2010.xlsx",4,5,"phytoplankton_Seki_2010_1","165-999A-2H-1,13-14.5",,,"T",,2010,0.2,12.744,-78.7393,"Mk37_2",-24.2,27.4,"Size and growth rate corrections exist in paper, but no data are available, so do not include them here. Reported pCO2 uses the mean of the b-value range reported.",1309
"phytoplankton_seki_2010.xlsx",5,6,"phytoplankton_Seki_2010_2","165-999A-2H-2,39-40.5",,,"T",,2010,0.25,12.744,-78.7393,"Mk37_2",-23.9,24.6,"Size and growth rate corrections exist in paper, but no data are available, so do not include them here. Reported pCO2 uses the mean of the b-value range reported.",1310
"phytoplankton_seki_2010.xlsx",6,7,"phytoplankton_Seki_2010_3","165-999A-3H-2,33-34.5",,,"T",,2010,0.46,12.744,-78.7393,"Mk37_2",-23.4,25.9,"Size and growth rate corrections exist in paper, but no data are available, so do not include them here. Reported pCO2 uses the mean of the b-value range reported.",1311
"phytoplankton_seki_2010.xlsx",7,8,"phytoplankton_Seki_2010_4","165-999A-4H-4,33-35",,,"T",,2010,0.9,12.744,-78.7393,"Mk37_2",-23.5,25.3,"Size and growth rate corrections exist in paper, but no data are available, so do not include them here. Reported pCO2 uses the mean of the b-value range reported.",1312
"phytoplankton_seki_2010.xlsx",8,9,"phytoplankton_Seki_2010_5","165-999A-4H-5,136-138",,,"T",,2010,1,12.744,-78.7393,"Mk37_2",-22.6,27.4,"Size and growth rate corrections exist in paper, but no data are available, so do not include them here. Reported pCO2 uses the mean of the b-value range reported.",1313
"phytoplankton_seki_2010.xlsx",9,10,"phytoplankton_Seki_2010_6","165-999A-5H-3,71-73,0-2",,,"T",,2010,1.2,12.744,-78.7393,"Mk37_2",-23.7,26.9,"Size and growth rate corrections exist in paper, but no data are available, so do not include them here. Reported pCO2 uses the mean of the b-value range reported.",1314
"phytoplankton_seki_2010.xlsx",10,11,"phytoplankton_Seki_2010_7","165-999A-5H-6,69-71",,,"T",,2010,1.3,12.744,-78.7393,"Mk37_2",-23.3,28.3,"Size and growth rate corrections exist in paper, but no data are available, so do not include them here. Reported pCO2 uses the mean of the b-value range reported.",1315
"phytoplankton_seki_2010.xlsx",11,12,"phytoplankton_Seki_2010_8","165-999A-6H-3,108-110",,,"T",,2010,1.5,12.744,-78.7393,"Mk37_2",-23.4,28,"Size and growth rate corrections exist in paper, but no data are available, so do not include them here. Reported pCO2 uses the mean of the b-value range reported.",1316
"phytoplankton_seki_2010.xlsx",12,13,"phytoplankton_Seki_2010_9","165-999A-7H-2,148-150",,,"T",,2010,1.75,12.744,-78.7393,"Mk37_2",-23.8,27.7,"Size and growth rate corrections exist in paper, but no data are available, so do not include them here. Reported pCO2 uses the mean of the b-value range reported.",1317
"phytoplankton_seki_2010.xlsx",13,14,"phytoplankton_Seki_2010_10","165-999A-8H-4,51-53",,,"T",,2010,2.11,12.744,-78.7393,"Mk37_2",-23.4,27.3,"Size and growth rate corrections exist in paper, but no data are available, so do not include them here. Reported pCO2 uses the mean of the b-value range reported.",1318
"phytoplankton_seki_2010.xlsx",14,15,"phytoplankton_Seki_2010_11","165-999A-9H-1,145-147",,,"T",,2010,2.31,12.744,-78.7393,"Mk37_2",-23.4,28.4,"Size and growth rate corrections exist in paper, but no data are available, so do not include them here. Reported pCO2 uses the mean of the b-value range reported.",1319
"phytoplankton_seki_2010.xlsx",15,16,"phytoplankton_Seki_2010_12","165-999A-10H-1,89-91",,,"T",,2010,2.59,12.744,-78.7393,"Mk37_2",-23.2,28.2,"Size and growth rate corrections exist in paper, but no data are available, so do not include them here. Reported pCO2 uses the mean of the b-value range reported.",1320
"phytoplankton_seki_2010.xlsx",16,17,"phytoplankton_Seki_2010_13","165-999A-10H-5,89-91",,,"T",,2010,2.79,12.744,-78.7393,"Mk37_2",-23.4,28.4,"Size and growth rate corrections exist in paper, but no data are available, so do not include them here. Reported pCO2 uses the mean of the b-value range reported.",1321
"phytoplankton_seki_2010.xlsx",17,18,"phytoplankton_Seki_2010_14","165-999A-10H-6,95-97",,,"T",,2010,2.82,12.744,-78.7393,"Mk37_2",-23.2,29.5,"Size and growth rate corrections exist in paper, but no data are available, so do not include them here. Reported pCO2 uses the mean of the b-value range reported.",1322
"phytoplankton_seki_2010.xlsx",18,19,"phytoplankton_Seki_2010_15","165-999A-10H-CC,31.5-33",,,"T",,2010,2.89,12.744,-78.7393,"Mk37_2",-23.3,28.7,"Size and growth rate corrections exist in paper, but no data are available, so do not include them here. Reported pCO2 uses the mean of the b-value range reported.",1323
"phytoplankton_seki_2010.xlsx",19,20,"phytoplankton_Seki_2010_16","165-999A-11H-2,6-8",,,"T",,2010,2.94,12.744,-78.7393,"Mk37_2",-23.4,28.3,"Size and growth rate corrections exist in paper, but no data are available, so do not include them here. Reported pCO2 uses the mean of the b-value range reported.",1324
"phytoplankton_seki_2010.xlsx",20,21,"phytoplankton_Seki_2010_17","165-999A-11H-3,13-15",,,"T",,2010,2.99,12.744,-78.7393,"Mk37_2",-23.8,28.9,"Size and growth rate corrections exist in paper, but no data are available, so do not include them here. Reported pCO2 uses the mean of the b-value range reported.",1325
"phytoplankton_seki_2010.xlsx",21,22,"phytoplankton_Seki_2010_18","165-999A-11H-5,22-24",,,"T",,2010,3.07,12.744,-78.7393,"Mk37_2",-23.9,28.6,"Size and growth rate corrections exist in paper, but no data are available, so do not include them here. Reported pCO2 uses the mean of the b-value range reported.",1326
"phytoplankton_seki_2010.xlsx",22,23,"phytoplankton_Seki_2010_19","165-999A-11H-6,25-27",,,"T",,2010,3.12,12.744,-78.7393,"Mk37_2",-23.7,29.5,"Size and growth rate corrections exist in paper, but no data are available, so do not include them here. Reported pCO2 uses the mean of the b-value range reported.",1327
"phytoplankton_seki_2010.xlsx",23,24,"phytoplankton_Seki_2010_20","165-999A-11H-7,29-31",,,"T",,2010,3.17,12.744,-78.7393,"Mk37_2",-23.9,28.5,"Size and growth rate corrections exist in paper, but no data are available, so do not include them here. Reported pCO2 uses the mean of the b-value range reported.",1328
"phytoplankton_seki_2010.xlsx",24,25,"phytoplankton_Seki_2010_21","165-999A-12H-1,81-83",,,"T",,2010,3.23,12.744,-78.7393,"Mk37_2",-23.6,28.4,"Size and growth rate corrections exist in paper, but no data are available, so do not include them here. Reported pCO2 uses the mean of the b-value range reported.",1329
"phytoplankton_seki_2010.xlsx",25,26,"phytoplankton_Seki_2010_22","165-999A-13H-3,138-140",,,"T",,2010,3.62,12.744,-78.7393,"Mk37_2",-23.8,28.9,"Size and growth rate corrections exist in paper, but no data are available, so do not include them here. Reported pCO2 uses the mean of the b-value range reported.",1330
"phytoplankton_seki_2010.xlsx",26,27,"phytoplankton_Seki_2010_23","165-999A-13H-7,17-19",,,"T",,2010,3.85,12.744,-78.7393,"Mk37_2",-24.2,29,"Size and growth rate corrections exist in paper, but no data are available, so do not include them here. Reported pCO2 uses the mean of the b-value range reported.",1331
"phytoplankton_seki_2010.xlsx",27,28,"phytoplankton_Seki_2010_24","165-999A-14H-2,70-72",,,"T",,2010,3.93,12.744,-78.7393,"Mk37_2",-23.9,29,"Size and growth rate corrections exist in paper, but no data are available, so do not include them here. Reported pCO2 uses the mean of the b-value range reported.",1332
"phytoplankton_seki_2010.xlsx",28,29,"phytoplankton_Seki_2010_25","165-999A-14H-4,52-54",,,"T",,2010,4.03,12.744,-78.7393,"Mk37_2",-23.5,29.8,"Size and growth rate corrections exist in paper, but no data are available, so do not include them here. Reported pCO2 uses the mean of the b-value range reported.",1333
"phytoplankton_seki_2010.xlsx",29,30,"phytoplankton_Seki_2010_26","165-999A-14H-6,35-37",,,"T",,2010,4.11,12.744,-78.7393,"Mk37_2",-24.1,30,"Size and growth rate corrections exist in paper, but no data are available, so do not include them here. Reported pCO2 uses the mean of the b-value range reported.",1334
"phytoplankton_seki_2010.xlsx",30,31,"phytoplankton_Seki_2010_27","165-999A-15H-3,53-55",,,"T",,2010,4.34,12.744,-78.7393,"Mk37_2",-24.1,30.1,"Size and growth rate corrections exist in paper, but no data are available, so do not include them here. Reported pCO2 uses the mean of the b-value range reported.",1335
"phytoplankton_seki_2010.xlsx",31,32,"phytoplankton_Seki_2010_28","165-999A-15H-5,38-40",,,"T",,2010,4.43,12.744,-78.7393,"Mk37_2",-23.6,29.4,"Size and growth rate corrections exist in paper, but no data are available, so do not include them here. Reported pCO2 uses the mean of the b-value range reported.",1336
"phytoplankton_seki_2010.xlsx",32,33,"phytoplankton_Seki_2010_29","165-999A-16H-1,54-56",,,"T",,2010,4.58,12.744,-78.7393,"Mk37_2",-24.2,29.5,"Size and growth rate corrections exist in paper, but no data are available, so do not include them here. Reported pCO2 uses the mean of the b-value range reported.",1337
"phytoplankton_seki_2010.xlsx",33,34,"phytoplankton_Seki_2010_30","165-999A-16H-6,15-17",,,"T",,2010,4.78,12.744,-78.7393,"Mk37_2",-23.9,28.9,"Size and growth rate corrections exist in paper, but no data are available, so do not include them here. Reported pCO2 uses the mean of the b-value range reported.",1338
"phytoplankton_seki_2010.xlsx",34,35,"phytoplankton_Seki_2010_31","165-999A-16H-7,13.5-15.5",,,"T",,2010,4.86,12.744,-78.7393,"Mk37_2",-23.4,28.8,"Size and growth rate corrections exist in paper, but no data are available, so do not include them here. Reported pCO2 uses the mean of the b-value range reported.",1339
"phytoplankton_seki_2010.xlsx",35,36,"phytoplankton_Seki_2010_32","165-999A-17H-1,143-145",,,"T",,2010,4.94,12.744,-78.7393,"Mk37_2",-23.3,28.9,"Size and growth rate corrections exist in paper, but no data are available, so do not include them here. Reported pCO2 uses the mean of the b-value range reported.",1340
"phytoplankton_seki_2010.xlsx",36,37,"phytoplankton_Seki_2010_33","165-999A-17H-3,26-28",,,"T",,2010,5.04,12.744,-78.7393,"Mk37_2",-23.5,29.4,"Size and growth rate corrections exist in paper, but no data are available, so do not include them here. Reported pCO2 uses the mean of the b-value range reported.",1341
"phytoplankton_seki_2010.xlsx",37,38,"phytoplankton_Seki_2010_34","165-999A-17H-5,92-94",,,"T",,2010,5.19,12.744,-78.7393,"Mk37_2",-23.7,29.9,"Size and growth rate corrections exist in paper, but no data are available, so do not include them here. Reported pCO2 uses the mean of the b-value range reported.",1342
"phytoplankton_seki_2010.xlsx",38,39,"phytoplankton_Seki_2010_35","202-1241A-2H-1,10-12",,,"T",,2010,0.21,5.84283,-86.4445,"Mk37_2",-24.3,27.4,"Size and growth rate corrections exist in paper, but no data are available, so do not include them here. Reported pCO2 uses the mean of the b-value range reported.",1343
"phytoplankton_seki_2010.xlsx",39,40,"phytoplankton_Seki_2010_36","202-1241A-2H-4,10-12",,,"T",,2010,0.45,5.84283,-86.4445,"Mk37_2",-24.1,26,"Size and growth rate corrections exist in paper, but no data are available, so do not include them here. Reported pCO2 uses the mean of the b-value range reported.",1344
"phytoplankton_seki_2010.xlsx",40,41,"phytoplankton_Seki_2010_37","202-1241A-2H-CC,10-12",,,"T",,2010,0.68,5.84283,-86.4445,"Mk37_2",-23.5,28.1,"Size and growth rate corrections exist in paper, but no data are available, so do not include them here. Reported pCO2 uses the mean of the b-value range reported.",1345
"phytoplankton_seki_2010.xlsx",41,42,"phytoplankton_Seki_2010_38","202-1241A-3H-3,10-12",,,"T",,2010,0.82,5.84283,-86.4445,"Mk37_2",-24,25.4,"Size and growth rate corrections exist in paper, but no data are available, so do not include them here. Reported pCO2 uses the mean of the b-value range reported.",1346
"phytoplankton_seki_2010.xlsx",42,43,"phytoplankton_Seki_2010_39","202-1241A-3H-6,10-12",,,"T",,2010,1.08,5.84283,-86.4445,"Mk37_2",-23.9,26.2,"Size and growth rate corrections exist in paper, but no data are available, so do not include them here. Reported pCO2 uses the mean of the b-value range reported.",1347
"phytoplankton_seki_2010.xlsx",43,44,"phytoplankton_Seki_2010_40","202-1241A-4H-2,10-12",,,"T",,2010,1.25,5.84283,-86.4445,"Mk37_2",-23.9,28.1,"Size and growth rate corrections exist in paper, but no data are available, so do not include them here. Reported pCO2 uses the mean of the b-value range reported.",1348
"phytoplankton_seki_2010.xlsx",44,45,"phytoplankton_Seki_2010_41","202-1241A-4H-6,10-12",,,"T",,2010,1.56,5.84283,-86.4445,"Mk37_2",-23.2,28.6,"Size and growth rate corrections exist in paper, but no data are available, so do not include them here. Reported pCO2 uses the mean of the b-value range reported.",1349
"phytoplankton_seki_2010.xlsx",45,46,"phytoplankton_Seki_2010_42","202-1241A-5H-1,10-12",,,"T",,2010,1.6,5.84283,-86.4445,"Mk37_2",-23.4,28.4,"Size and growth rate corrections exist in paper, but no data are available, so do not include them here. Reported pCO2 uses the mean of the b-value range reported.",1350
"phytoplankton_seki_2010.xlsx",46,47,"phytoplankton_Seki_2010_43","202-1241A-5H-3,10-12",,,"T",,2010,1.72,5.84283,-86.4445,"Mk37_2",-23.6,27.3,"Size and growth rate corrections exist in paper, but no data are available, so do not include them here. Reported pCO2 uses the mean of the b-value range reported.",1351
"phytoplankton_seki_2010.xlsx",47,48,"phytoplankton_Seki_2010_44","202-1241A-5H-5,10-12",,,"T",,2010,1.83,5.84283,-86.4445,"Mk37_2",-23.6,27.9,"Size and growth rate corrections exist in paper, but no data are available, so do not include them here. Reported pCO2 uses the mean of the b-value range reported.",1352
"phytoplankton_seki_2010.xlsx",48,49,"phytoplankton_Seki_2010_45","202-1241A-5H-7,10-12",,,"T",,2010,1.97,5.84283,-86.4445,"Mk37_2",-23.6,28.3,"Size and growth rate corrections exist in paper, but no data are available, so do not include them here. Reported pCO2 uses the mean of the b-value range reported.",1353
"phytoplankton_seki_2010.xlsx",49,50,"phytoplankton_Seki_2010_46","202-1241A-6H-1,10-12",,,"T",,2010,2,5.84283,-86.4445,"Mk37_2",-23.2,27.2,"Size and growth rate corrections exist in paper, but no data are available, so do not include them here. Reported pCO2 uses the mean of the b-value range reported.",1354
"phytoplankton_seki_2010.xlsx",50,51,"phytoplankton_Seki_2010_47","202-1241A-6H-3,10-12",,,"T",,2010,2.07,5.84283,-86.4445,"Mk37_2",-23.4,28.9,"Size and growth rate corrections exist in paper, but no data are available, so do not include them here. Reported pCO2 uses the mean of the b-value range reported.",1355
"phytoplankton_seki_2010.xlsx",51,52,"phytoplankton_Seki_2010_48","202-1241A-6H-5,10-12",,,"T",,2010,2.21,5.84283,-86.4445,"Mk37_2",-23.8,28.5,"Size and growth rate corrections exist in paper, but no data are available, so do not include them here. Reported pCO2 uses the mean of the b-value range reported.",1356
"phytoplankton_seki_2010.xlsx",52,53,"phytoplankton_Seki_2010_49","202-1241A-6H-6,10-12",,,"T",,2010,2.3,5.84283,-86.4445,"Mk37_2",-23.1,28.6,"Size and growth rate corrections exist in paper, but no data are available, so do not include them here. Reported pCO2 uses the mean of the b-value range reported.",1357
"phytoplankton_seki_2010.xlsx",53,54,"phytoplankton_Seki_2010_50","202-1241A-7H-2,10-12",,,"T",,2010,2.49,5.84283,-86.4445,"Mk37_2",-23.6,28.8,"Size and growth rate corrections exist in paper, but no data are available, so do not include them here. Reported pCO2 uses the mean of the b-value range reported.",1358
"phytoplankton_seki_2010.xlsx",54,55,"phytoplankton_Seki_2010_51","202-1241A-7H-4,10-12",,,"T",,2010,2.62,5.84283,-86.4445,"Mk37_2",-23.7,28.1,"Size and growth rate corrections exist in paper, but no data are available, so do not include them here. Reported pCO2 uses the mean of the b-value range reported.",1359
"phytoplankton_seki_2010.xlsx",55,56,"phytoplankton_Seki_2010_52","202-1241A-7H-5,10-12",,,"T",,2010,2.68,5.84283,-86.4445,"Mk37_2",-23.5,29,"Size and growth rate corrections exist in paper, but no data are available, so do not include them here. Reported pCO2 uses the mean of the b-value range reported.",1360
"phytoplankton_seki_2010.xlsx",56,57,"phytoplankton_Seki_2010_53","202-1241A-8H-1,10-12",,,"T",,2010,2.81,5.84283,-86.4445,"Mk37_2",-23.6,29.1,"Size and growth rate corrections exist in paper, but no data are available, so do not include them here. Reported pCO2 uses the mean of the b-value range reported.",1361
"phytoplankton_seki_2010.xlsx",57,58,"phytoplankton_Seki_2010_54","202-1241A-8H-4,10-12",,,"T",,2010,3.02,5.84283,-86.4445,"Mk37_2",-24,28.8,"Size and growth rate corrections exist in paper, but no data are available, so do not include them here. Reported pCO2 uses the mean of the b-value range reported.",1362
"phytoplankton_seki_2010.xlsx",58,59,"phytoplankton_Seki_2010_55","202-1241A-8H-7,10-12",,,"T",,2010,3.16,5.84283,-86.4445,"Mk37_2",-24.1,28.8,"Size and growth rate corrections exist in paper, but no data are available, so do not include them here. Reported pCO2 uses the mean of the b-value range reported.",1363
"phytoplankton_seki_2010.xlsx",59,60,"phytoplankton_Seki_2010_56","202-1241A-9H-2,10-12",,,"T",,2010,3.25,5.84283,-86.4445,"Mk37_2",-24.2,28,"Size and growth rate corrections exist in paper, but no data are available, so do not include them here. Reported pCO2 uses the mean of the b-value range reported.",1364
"phytoplankton_seki_2010.xlsx",60,61,"phytoplankton_Seki_2010_57","202-1241A-9H-5,10-12",,,"T",,2010,3.38,5.84283,-86.4445,"Mk37_2",-23.9,28.2,"Size and growth rate corrections exist in paper, but no data are available, so do not include them here. Reported pCO2 uses the mean of the b-value range reported.",1365
"phytoplankton_seki_2010.xlsx",61,62,"phytoplankton_Seki_2010_58","202-1241A-9H-7,10-12",,,"T",,2010,3.46,5.84283,-86.4445,"Mk37_2",-23.5,28.1,"Size and growth rate corrections exist in paper, but no data are available, so do not include them here. Reported pCO2 uses the mean of the b-value range reported.",1366
"phytoplankton_seki_2010.xlsx",62,63,"phytoplankton_Seki_2010_59","202-1241A-10H-2,10-12",,,"T",,2010,3.54,5.84283,-86.4445,"Mk37_2",-23.6,29,"Size and growth rate corrections exist in paper, but no data are available, so do not include them here. Reported pCO2 uses the mean of the b-value range reported.",1367
"phytoplankton_seki_2010.xlsx",63,64,"phytoplankton_Seki_2010_60","202-1241A-10H-5,10-12",,,"T",,2010,3.69,5.84283,-86.4445,"Mk37_2",-23.7,29.4,"Size and growth rate corrections exist in paper, but no data are available, so do not include them here. Reported pCO2 uses the mean of the b-value range reported.",1368
"phytoplankton_seki_2010.xlsx",64,65,"phytoplankton_Seki_2010_61","202-1241A-10H-CC,10-12",,,"T",,2010,3.81,5.84283,-86.4445,"Mk37_2",-24.1,29.3,"Size and growth rate corrections exist in paper, but no data are available, so do not include them here. Reported pCO2 uses the mean of the b-value range reported.",1369
"phytoplankton_seki_2010.xlsx",65,66,"phytoplankton_Seki_2010_62","202-1241A-11H-3,10-12",,,"T",,2010,3.9,5.84283,-86.4445,"Mk37_2",-24.1,29,"Size and growth rate corrections exist in paper, but no data are available, so do not include them here. Reported pCO2 uses the mean of the b-value range reported.",1370
"phytoplankton_seki_2010.xlsx",66,67,"phytoplankton_Seki_2010_63","202-1241A-11H-5,10-12",,,"T",,2010,4,5.84283,-86.4445,"Mk37_2",-23.8,28.7,"Size and growth rate corrections exist in paper, but no data are available, so do not include them here. Reported pCO2 uses the mean of the b-value range reported.",1371
"phytoplankton_seki_2010.xlsx",67,68,"phytoplankton_Seki_2010_64","202-1241A-12H-1,10-12",,,"T",,2010,4.11,5.84283,-86.4445,"Mk37_2",-24,29.4,"Size and growth rate corrections exist in paper, but no data are available, so do not include them here. Reported pCO2 uses the mean of the b-value range reported.",1372
"phytoplankton_seki_2010.xlsx",68,69,"phytoplankton_Seki_2010_65","202-1241A-12H-3,10-12",,,"T",,2010,4.21,5.84283,-86.4445,"Mk37_2",-24.5,28.9,"Size and growth rate corrections exist in paper, but no data are available, so do not include them here. Reported pCO2 uses the mean of the b-value range reported.",1373
"phytoplankton_seki_2010.xlsx",69,70,"phytoplankton_Seki_2010_66","202-1241A-12H-5,10-12",,,"T",,2010,4.3,5.84283,-86.4445,"Mk37_2",-24.3,29.6,"Size and growth rate corrections exist in paper, but no data are available, so do not include them here. Reported pCO2 uses the mean of the b-value range reported.",1374
"phytoplankton_seki_2010.xlsx",70,71,"phytoplankton_Seki_2010_67","202-1241A-13H-1,10-12",,,"T",,2010,4.39,5.84283,-86.4445,"Mk37_2",-23.7,28.7,"Size and growth rate corrections exist in paper, but no data are available, so do not include them here. Reported pCO2 uses the mean of the b-value range reported.",1375
"phytoplankton_seki_2010.xlsx",71,72,"phytoplankton_Seki_2010_68","202-1241A-13H-4,10-12",,,"T",,2010,4.54,5.84283,-86.4445,"Mk37_2",-24.2,29.1,"Size and growth rate corrections exist in paper, but no data are available, so do not include them here. Reported pCO2 uses the mean of the b-value range reported.",1376
"phytoplankton_seki_2010.xlsx",72,73,"phytoplankton_Seki_2010_69","202-1241A-13H-5,10-12",,,"T",,2010,4.58,5.84283,-86.4445,"Mk37_2",-24.1,29.3,"Size and growth rate corrections exist in paper, but no data are available, so do not include them here. Reported pCO2 uses the mean of the b-value range reported.",1377
"phytoplankton_seki_2010.xlsx",73,74,"phytoplankton_Seki_2010_70","202-1241A-13H-6,10-12",,,"T",,2010,4.62,5.84283,-86.4445,"Mk37_2",-24.4,28.7,"Size and growth rate corrections exist in paper, but no data are available, so do not include them here. Reported pCO2 uses the mean of the b-value range reported.",1378
"phytoplankton_seki_2010.xlsx",74,75,"phytoplankton_Seki_2010_71","202-1241A-13H-CC,10-12",,,"T",,2010,4.69,5.84283,-86.4445,"Mk37_2",-24.1,28.8,"Size and growth rate corrections exist in paper, but no data are available, so do not include them here. Reported pCO2 uses the mean of the b-value range reported.",1379
"phytoplankton_super_2018.xlsx",4,5,"phytoplankton_Super_2018_1","94-608-21-5,79-82",,,"T",,2018,8.924,42.83675,-23.0875333333333,"Mk37_2",-23.94,22.8,,1380
"phytoplankton_super_2018.xlsx",5,6,"phytoplankton_Super_2018_2","94-608-22-1,104-107",,,"T",,2018,9.205,42.83675,-23.0875333333333,"Mk37_2",-23.17,22.9,,1381
"phytoplankton_super_2018.xlsx",6,7,"phytoplankton_Super_2018_3","94-608-22-2,105-108",,,"T",,2018,9.293,42.83675,-23.0875333333333,"Mk37_2",-23.57,21.6,,1382
"phytoplankton_super_2018.xlsx",7,8,"phytoplankton_Super_2018_4","94-608-22-3,55-58",,,"T",,2018,9.37,42.83675,-23.0875333333333,"Mk37_2",-23.45,22.9,,1383
"phytoplankton_super_2018.xlsx",8,9,"phytoplankton_Super_2018_5","94-608-22-4,60-63",,,"T",,2018,9.421,42.83675,-23.0875333333333,"Mk37_2",-22.2,20.9,,1384
"phytoplankton_super_2018.xlsx",9,10,"phytoplankton_Super_2018_6","94-608-23-2,30-33",,,"T",,2018,9.718,42.83675,-23.0875333333333,"Mk37_2",-24.51,26.7,,1385
"phytoplankton_super_2018.xlsx",10,11,"phytoplankton_Super_2018_7","94-608-23-3,35-38",,,"T",,2018,9.836,42.83675,-23.0875333333333,"Mk37_2",-23.3,24.8,,1386
"phytoplankton_super_2018.xlsx",11,12,"phytoplankton_Super_2018_8","94-608-23-4,35-38",,,"T",,2018,9.865,42.83675,-23.0875333333333,"Mk37_2",-20.2,22.2,,1387
"phytoplankton_super_2018.xlsx",12,13,"phytoplankton_Super_2018_9","94-608-23-5,35-38",,,"T",,2018,9.941,42.83675,-23.0875333333333,"Mk37_2",-23.2,20.9,,1388
"phytoplankton_super_2018.xlsx",13,14,"phytoplankton_Super_2018_10","94-608-23-6,52-55",,,"T",,2018,10.02,42.83675,-23.0875333333333,"Mk37_2",-22.99,22.8,,1389
"phytoplankton_super_2018.xlsx",14,15,"phytoplankton_Super_2018_11","94-608-24-1,53-56",,,"T",,2018,10.114,42.83675,-23.0875333333333,"Mk37_2",-25.62,20.9,,1390
"phytoplankton_super_2018.xlsx",15,16,"phytoplankton_Super_2018_12","94-608-24-2,57-60",,,"T",,2018,10.177,42.83675,-23.0875333333333,"Mk37_2",-21.75,26.8,,1391
"phytoplankton_super_2018.xlsx",16,17,"phytoplankton_Super_2018_13","94-608-24-3,55-58",,,"T",,2018,10.241,42.83675,-23.0875333333333,"Mk37_2",-23.01,24.8,,1392
"phytoplankton_super_2018.xlsx",17,18,"phytoplankton_Super_2018_14","94-608-24-4,53-56",,,"T",,2018,10.302,42.83675,-23.0875333333333,"Mk37_2",-23.04,24.2,,1393
"phytoplankton_super_2018.xlsx",18,19,"phytoplankton_Super_2018_15","94-608-24-5,53-56",,,"T",,2018,10.364,42.83675,-23.0875333333333,"Mk37_2",-21.43,22.2,,1394
"phytoplankton_super_2018.xlsx",19,20,"phytoplankton_Super_2018_16","94-608-24-6,28-31",,,"T",,2018,10.426,42.83675,-23.0875333333333,"Mk37_2",-20.26,21.6,,1395
"phytoplankton_super_2018.xlsx",20,21,"phytoplankton_Super_2018_17","94-608-24-7,76-79",,,"T",,2018,10.478,42.83675,-23.0875333333333,"Mk37_2",-25.03,24.2,,1396
"phytoplankton_super_2018.xlsx",21,22,"phytoplankton_Super_2018_18","94-608-25-1,78-81",,,"T",,2018,10.523,42.83675,-23.0875333333333,"Mk37_2",-21.17,24.8,,1397
"phytoplankton_super_2018.xlsx",22,23,"phytoplankton_Super_2018_19","94-608-25-4,77-80",,,"T",,2018,10.706,42.83675,-23.0875333333333,"Mk37_2",-23.03,26.1,,1398
"phytoplankton_super_2018.xlsx",23,24,"phytoplankton_Super_2018_20","94-608-25-6,50-53",,,"T",,2018,10.835,42.83675,-23.0875333333333,"Mk37_2",-21.36,22.8,,1399
"phytoplankton_super_2018.xlsx",24,25,"phytoplankton_Super_2018_21","94-608-26-4,54-57",,,"T",,2018,11.189,42.83675,-23.0875333333333,"Mk37_2",-23.11,18.9,,1400
"phytoplankton_super_2018.xlsx",25,26,"phytoplankton_Super_2018_22","94-608-27-3,54-57",,,"T",,2018,11.518,42.83675,-23.0875333333333,"Mk37_2",-22.5,24.8,,1401
"phytoplankton_super_2018.xlsx",26,27,"phytoplankton_Super_2018_23","94-608-27-4,53-56",,,"T",,2018,11.579,42.83675,-23.0875333333333,"Mk37_2",-23.07,23.5,,1402
"phytoplankton_super_2018.xlsx",27,28,"phytoplankton_Super_2018_24","94-608-27-6,56-59",,,"T",,2018,11.733,42.83675,-23.0875333333333,"Mk37_2",-23.36,22.2,,1403
"phytoplankton_super_2018.xlsx",28,29,"phytoplankton_Super_2018_25","94-608-28-2,47-50",,,"T",,2018,11.965,42.83675,-23.0875333333333,"Mk37_2",-23.09,23.5,,1404
"phytoplankton_super_2018.xlsx",29,30,"phytoplankton_Super_2018_26","94-608-28-4,50-53",,,"T",,2018,12.037,42.83675,-23.0875333333333,"Mk37_2",-24.56,24.8,,1405
"phytoplankton_super_2018.xlsx",30,31,"phytoplankton_Super_2018_27","94-608-28-5,50-53",,,"T",,2018,12.108,42.83675,-23.0875333333333,"Mk37_2",-21.92,25.5,,1406
"phytoplankton_super_2018.xlsx",31,32,"phytoplankton_Super_2018_28","94-608-28-6,42-46",,,"T",,2018,12.185,42.83675,-23.0875333333333,"Mk37_2",-22.64,25.5,,1407
"phytoplankton_super_2018.xlsx",32,33,"phytoplankton_Super_2018_29","94-608-29-1,50-53",,,"T",,2018,12.238,42.83675,-23.0875333333333,"Mk37_2",-23.6,25.5,,1408
"phytoplankton_super_2018.xlsx",33,34,"phytoplankton_Super_2018_30","94-608-29-2,54-57",,,"T",,2018,12.28,42.83675,-23.0875333333333,"Mk37_2",-22.78,26.7,,1409
"phytoplankton_super_2018.xlsx",34,35,"phytoplankton_Super_2018_31","94-608-29-5,54-57",,,"T",,2018,12.468,42.83675,-23.0875333333333,"Mk37_2",-24.66,24.8,,1410
"phytoplankton_super_2018.xlsx",35,36,"phytoplankton_Super_2018_32","94-608-29-6,57-60",,,"T",,2018,12.518,42.83675,-23.0875333333333,"Mk37_2",-22.21,23.5,,1411
"phytoplankton_super_2018.xlsx",36,37,"phytoplankton_Super_2018_33","94-608-30-1,30-33",,,"T",,2018,12.588,42.83675,-23.0875333333333,"Mk37_2",-22.45,25.5,,1412
"phytoplankton_super_2018.xlsx",37,38,"phytoplankton_Super_2018_34","94-608-30-2,50-53",,,"T",,2018,12.639,42.83675,-23.0875333333333,"Mk37_2",-22.46,25.5,,1413
"phytoplankton_super_2018.xlsx",38,39,"phytoplankton_Super_2018_35","94-608-30-3,50-53",,,"T",,2018,12.691,42.83675,-23.0875333333333,"Mk37_2",-23.24,20.9,,1414
"phytoplankton_super_2018.xlsx",39,40,"phytoplankton_Super_2018_36","94-608-30-5,54-57",,,"T",,2018,12.777,42.83675,-23.0875333333333,"Mk37_2",-23.48,22.9,,1415
"phytoplankton_super_2018.xlsx",40,41,"phytoplankton_Super_2018_37","94-608-31-1,52-55",,,"T",,2018,12.85,42.83675,-23.0875333333333,"Mk37_2",-23.02,22.9,,1416
"phytoplankton_super_2018.xlsx",41,42,"phytoplankton_Super_2018_38","94-608-31-2,62-65",,,"T",,2018,12.927,42.83675,-23.0875333333333,"Mk37_2",-23.71,20.9,,1417
"phytoplankton_super_2018.xlsx",42,43,"phytoplankton_Super_2018_39","94-608-31-3,52-55",,,"T",,2018,12.983,42.83675,-23.0875333333333,"Mk37_2",-22.82,18.9,,1418
"phytoplankton_super_2018.xlsx",43,44,"phytoplankton_Super_2018_40","94-608-31-4,51-54",,,"T",,2018,13.099,42.83675,-23.0875333333333,"Mk37_2",-23.24,24.1,,1419
"phytoplankton_super_2018.xlsx",44,45,"phytoplankton_Super_2018_41","94-608-31-5,55-58",,,"T",,2018,13.274,42.83675,-23.0875333333333,"Mk37_2",-24.87,20.2,,1420
"phytoplankton_super_2018.xlsx",45,46,"phytoplankton_Super_2018_42","94-608-31-6,52-55",,,"T",,2018,13.326,42.83675,-23.0875333333333,"Mk37_2",-23.17,16.3,,1421
"phytoplankton_super_2018.xlsx",46,47,"phytoplankton_Super_2018_43","94-608-32-1,47-50",,,"T",,2018,13.393,42.83675,-23.0875333333333,"Mk37_2",-25.27,19.6,,1422
"phytoplankton_super_2018.xlsx",47,48,"phytoplankton_Super_2018_44","94-608-32-2,54-57",,,"T",,2018,13.443,42.83675,-23.0875333333333,"Mk37_2",-24.04,18.3,,1423
"phytoplankton_super_2018.xlsx",48,49,"phytoplankton_Super_2018_45","94-608-32-3,84-87",,,"T",,2018,13.494,42.83675,-23.0875333333333,"Mk37_2",-22.47,26.1,,1424
"phytoplankton_super_2018.xlsx",49,50,"phytoplankton_Super_2018_46","94-608-32-5,50-55",,,"T",,2018,13.592,42.83675,-23.0875333333333,"Mk37_2",-23.32,24.2,,1425
"phytoplankton_super_2018.xlsx",50,51,"phytoplankton_Super_2018_47","94-608-33-1,100-104",,,"T",,2018,13.767,42.83675,-23.0875333333333,"Mk37_2",-24.07,20.3,,1426
"phytoplankton_super_2018.xlsx",51,52,"phytoplankton_Super_2018_48","94-608-33-1,145-149",,,"T",,2018,13.785,42.83675,-23.0875333333333,"Mk37_2",-23.65,23.5,,1427
"phytoplankton_super_2018.xlsx",52,53,"phytoplankton_Super_2018_49","94-608-33-2,26-29",,,"T",,2018,13.843,42.83675,-23.0875333333333,"Mk37_2",-21.37,24.8,,1428
"phytoplankton_super_2018.xlsx",53,54,"phytoplankton_Super_2018_50","94-608-33-2,6-10",,,"T",,2018,13.855,42.83675,-23.0875333333333,"Mk37_2",-25.12,22.8,,1429
"phytoplankton_super_2018.xlsx",54,55,"phytoplankton_Super_2018_51","94-608-34-2,25-28",,,"T",,2018,14.465,42.83675,-23.0875333333333,"Mk37_2",-21.21,29.3,,1430
"phytoplankton_super_2018.xlsx",55,56,"phytoplankton_Super_2018_52","94-608-34-3,23-26",,,"T",,2018,14.557,42.83675,-23.0875333333333,"Mk37_2",-21.22,28.7,,1431
"phytoplankton_super_2018.xlsx",56,57,"phytoplankton_Super_2018_53","94-608-34-4,100-105",,,"T",,2018,14.598,42.83675,-23.0875333333333,"Mk37_2",-22.36,22.9,,1432
"phytoplankton_super_2018.xlsx",57,58,"phytoplankton_Super_2018_54","94-608-34-4,28-31",,,"T",,2018,14.645,42.83675,-23.0875333333333,"Mk37_2",-25.05,32.6,,1433
"phytoplankton_super_2018.xlsx",58,59,"phytoplankton_Super_2018_55","94-608-34-5,100-103",,,"T",,2018,14.692,42.83675,-23.0875333333333,"Mk37_2",-22.68,30.6,,1434
"phytoplankton_super_2018.xlsx",59,60,"phytoplankton_Super_2018_56","94-608-34-6,92-95",,,"T",,2018,14.779,42.83675,-23.0875333333333,"Mk37_2",-25.72,31.3,,1435
"phytoplankton_super_2018.xlsx",60,61,"phytoplankton_Super_2018_57","94-608-35-1,131-135",,,"T",,2018,15.03,42.83675,-23.0875333333333,"Mk37_2",-25.29,31.3,,1436
"phytoplankton_super_2018.xlsx",61,62,"phytoplankton_Super_2018_58","94-608-35-6,10-16",,,"T",,2018,15.749,42.83675,-23.0875333333333,"Mk37_2",-24.41,28.7,,1437
"phytoplankton_super_2018.xlsx",62,63,"phytoplankton_Super_2018_59","94-608-35-cc,73-79",,,"T",,2018,16.066,42.83675,-23.0875333333333,"Mk37_2",-25.44,28.7,,1438
"phytoplankton_super_2018.xlsx",63,64,"phytoplankton_Super_2018_60","94-608-36-1,91-96",,,"T",,2018,16.111,42.83675,-23.0875333333333,"Mk37_2",-26.04,30,,1439
"phytoplankton_super_2018.xlsx",64,65,"phytoplankton_Super_2018_61","94-608-36-2,120-126",,,"T",,2018,16.132,42.83675,-23.0875333333333,"Mk37_2",-24.45,28.7,,1440
"phytoplankton_super_2018.xlsx",65,66,"phytoplankton_Super_2018_62","94-608-36-3,78-84",,,"T",,2018,16.316,42.83675,-23.0875333333333,"Mk37_2",-24.73,30,,1441
"phytoplankton_super_2018.xlsx",66,67,"phytoplankton_Super_2018_63","94-608-36-3,120-126",,,"T",,2018,16.428,42.83675,-23.0875333333333,"Mk37_2",-24.46,31.2,,1442
"phytoplankton_super_2018.xlsx",67,68,"phytoplankton_Super_2018_64","94-608-36-4,24-30",,,"T",,2018,16.655,42.83675,-23.0875333333333,"Mk37_2",-21.31,32.6,,1443
"phytoplankton_super_2018.xlsx",68,69,"phytoplankton_Super_2018_65","94-608-37-1,24-30",,,"T",,2018,16.844,42.83675,-23.0875333333333,"Mk37_2",-20.46,32.6,,1444
"phytoplankton_super_2018.xlsx",69,70,"phytoplankton_Super_2018_66","94-608-37-2,116-122",,,"T",,2018,17.014,42.83675,-23.0875333333333,"Mk37_2",-17.4,34.5,,1445
"phytoplankton_super_2018.xlsx",70,71,"phytoplankton_Super_2018_67","94-608-37-5,75-81",,,"T",,2018,17.376,42.83675,-23.0875333333333,"Mk37_2",-18.35,32.6,,1446
"phytoplankton_super_2018.xlsx",71,72,"phytoplankton_Super_2018_68","94-608-37-6,76-82",,,"T",,2018,17.484,42.83675,-23.0875333333333,"Mk37_2",-19.97,32,,1447
"phytoplankton_super_2018.xlsx",72,73,"phytoplankton_Super_2018_69","94-608-38-2,76-82",,,"T",,2018,17.796,42.83675,-23.0875333333333,"Mk37_2",-21.37,31.3,,1448
"phytoplankton_super_2018.xlsx",73,74,"phytoplankton_Super_2018_70","94-608-38-3,17-23",,,"T",,2018,17.902,42.83675,-23.0875333333333,"Mk37_2",-21.68,32.6,,1449
"phytoplankton_super_2018.xlsx",74,75,"phytoplankton_Super_2018_71","94-608-39-1,31-35",,,"T",,2018,18.435,42.83675,-23.0875333333333,"Mk37_2",-28.18,30.6,,1450
"phytoplankton_super_2018.xlsx",75,76,"phytoplankton_Super_2018_72","94-608-39-2,25-31",,,"T",,2018,18.517,42.83675,-23.0875333333333,"Mk37_2",-22.99,31.3,,1451
"phytoplankton_super_2018.xlsx",76,77,"phytoplankton_Super_2018_73","94-608-39-3,133-139",,,"T",,2018,18.594,42.83675,-23.0875333333333,"Mk37_2",-23.08,28.1,,1452
"phytoplankton_super_2018.xlsx",77,78,"phytoplankton_Super_2018_74","94-608-39-3,78-84",,,"T",,2018,18.679,42.83675,-23.0875333333333,"Mk37_2",-23.12,28.7,,1453
"phytoplankton_super_2018.xlsx",78,79,"phytoplankton_Super_2018_75","94-608-39-4,25-31",,,"T",,2018,18.774,42.83675,-23.0875333333333,"Mk37_2",-28.55,,,1454
"phytoplankton_super_2018.xlsx",79,80,"phytoplankton_Super_2018_76","94-608-40-1,129-135",,,"T",,2018,19.146,42.83675,-23.0875333333333,"Mk37_2",-22.71,,,1455
"phytoplankton_super_2018.xlsx",80,81,"phytoplankton_Super_2018_77","94-608-40-1,76-82",,,"T",,2018,19.226,42.83675,-23.0875333333333,"Mk37_2",-22.95,35.2,,1456
"phytoplankton_super_2018.xlsx",81,82,"phytoplankton_Super_2018_78","94-608-40-2,115-120",,,"T",,2018,19.296,42.83675,-23.0875333333333,"Mk37_2",-25.62,35.2,,1457
"phytoplankton_super_2018.xlsx",82,83,"phytoplankton_Super_2018_79","94-608-41-3,124-130",,,"T",,2018,19.816,42.83675,-23.0875333333333,"Mk37_2",-24.31,29.3,,1458
"phytoplankton_super_2018.xlsx",83,84,"phytoplankton_Super_2018_80","94-608-41-6,129-135",,,"T",,2018,19.934,42.83675,-23.0875333333333,"Mk37_2",-28.31,24.8,,1459
"phytoplankton_super_2018.xlsx",84,85,"phytoplankton_Super_2018_81","94-608-42-5,25-31",,,"T",,2018,20.876,42.83675,-23.0875333333333,"Mk37_2",-24.6,31.9,,1460
"phytoplankton_super_2018.xlsx",85,86,"phytoplankton_Super_2018_82","94-608-43-1,66-72",,,"T",,2018,21.281,42.83675,-23.0875333333333,"Mk37_2",-24.3,29.4,,1461
"phytoplankton_super_2018.xlsx",86,87,"phytoplankton_Super_2018_83","94-608-43-2,30-36",,,"T",,2018,21.326,42.83675,-23.0875333333333,"Mk37_2",-25.49,30,,1462
"phytoplankton_super_2018.xlsx",87,88,"phytoplankton_Super_2018_84","94-608-43-4,16-19",,,"T",,2018,21.468,42.83675,-23.0875333333333,"Mk37_2",-24.02,28,,1463
"phytoplankton_super_2018.xlsx",88,89,"phytoplankton_Super_2018_85","94-608-44-2,62-68",,,"T",,2018,21.755,42.83675,-23.0875333333333,"Mk37_2",-25.89,27.4,,1464
"phytoplankton_super_2018.xlsx",89,90,"phytoplankton_Super_2018_86","94-608-44-4,26-32",,,"T",,2018,23.084,42.83675,-23.0875333333333,"Mk37_2",-28.29,28.7,,1465
"phytoplankton_super_2018.xlsx",90,91,"phytoplankton_Super_2018_87","94-608-45-1,80-86",,,"T",,2018,23.568,42.83675,-23.0875333333333,"Mk37_2",-24.52,29.4,,1466
"phytoplankton_super_2018.xlsx",91,92,"phytoplankton_Super_2018_88","94-608-22-5,60-63",,,"F",,2018,9.514,42.83675,-23.0875333333333,,,,"no pCO2 data, only SST",1467
"phytoplankton_super_2018.xlsx",92,93,"phytoplankton_Super_2018_89","94-608-23-3,30-33",,,"F",,2018,9.787,42.83675,-23.0875333333333,,,,"no pCO2 data, only SST",1468
"phytoplankton_super_2018.xlsx",93,94,"phytoplankton_Super_2018_90","94-608-23-7,35-38",,,"F",,2018,10.082,42.83675,-23.0875333333333,,,,"no pCO2 data, only SST",1469
"phytoplankton_super_2018.xlsx",94,95,"phytoplankton_Super_2018_91","94-608-24-1,93-97",,,"F",,2018,10.131,42.83675,-23.0875333333333,,,,"no pCO2 data, only SST",1470
"phytoplankton_super_2018.xlsx",95,96,"phytoplankton_Super_2018_92","94-608-25-2,78-81",,,"F",,2018,10.586,42.83675,-23.0875333333333,,,,"no pCO2 data, only SST",1471
"phytoplankton_super_2018.xlsx",96,97,"phytoplankton_Super_2018_93","94-608-25-3,76-79",,,"F",,2018,10.648,42.83675,-23.0875333333333,,,,"no pCO2 data, only SST",1472
"phytoplankton_super_2018.xlsx",97,98,"phytoplankton_Super_2018_94","94-608-25-5,67-70",,,"F",,2018,10.768,42.83675,-23.0875333333333,,,,"no pCO2 data, only SST",1473
"phytoplankton_super_2018.xlsx",98,99,"phytoplankton_Super_2018_95","94-608-26-1,55-58",,,"F",,2018,10.913,42.83675,-23.0875333333333,,,,"no pCO2 data, only SST",1474
"phytoplankton_super_2018.xlsx",99,100,"phytoplankton_Super_2018_96","94-608-26-2,50-53",,,"F",,2018,10.973,42.83675,-23.0875333333333,,,,"no pCO2 data, only SST",1475
"phytoplankton_super_2018.xlsx",100,101,"phytoplankton_Super_2018_97","94-608-26-2,53-57",,,"F",,2018,10.974,42.83675,-23.0875333333333,,,,"no pCO2 data, only SST",1476
"phytoplankton_super_2018.xlsx",101,102,"phytoplankton_Super_2018_98","94-608-26-3,50-53",,,"F",,2018,11.035,42.83675,-23.0875333333333,,,,"no pCO2 data, only SST",1477
"phytoplankton_super_2018.xlsx",102,103,"phytoplankton_Super_2018_99","94-608-26-4,21-25",,,"F",,2018,11.17,42.83675,-23.0875333333333,,,,"no pCO2 data, only SST",1478
"phytoplankton_super_2018.xlsx",103,104,"phytoplankton_Super_2018_100","94-608-26-5,53-56",,,"F",,2018,11.249,42.83675,-23.0875333333333,,,,"no pCO2 data, only SST",1479
"phytoplankton_super_2018.xlsx",104,105,"phytoplankton_Super_2018_101","94-608-27-1,51-53",,,"F",,2018,11.395,42.83675,-23.0875333333333,,,,"no pCO2 data, only SST",1480
"phytoplankton_super_2018.xlsx",105,106,"phytoplankton_Super_2018_102","94-608-27-2,46-49",,,"F",,2018,11.454,42.83675,-23.0875333333333,,,,"no pCO2 data, only SST",1481
"phytoplankton_super_2018.xlsx",106,107,"phytoplankton_Super_2018_103","94-608-27-5,50-53",,,"F",,2018,11.622,42.83675,-23.0875333333333,,,,"no pCO2 data, only SST",1482
"phytoplankton_super_2018.xlsx",107,108,"phytoplankton_Super_2018_104","94-608-28-1,53-56",,,"F",,2018,11.931,42.83675,-23.0875333333333,,,,"no pCO2 data, only SST",1483
"phytoplankton_super_2018.xlsx",108,109,"phytoplankton_Super_2018_105","94-608-28-3,53-56",,,"F",,2018,12.002,42.83675,-23.0875333333333,,,,"no pCO2 data, only SST",1484
"phytoplankton_super_2018.xlsx",109,110,"phytoplankton_Super_2018_106","94-608-29-2,42-46",,,"F",,2018,12.277,42.83675,-23.0875333333333,,,,"no pCO2 data, only SST",1485
"phytoplankton_super_2018.xlsx",110,111,"phytoplankton_Super_2018_107","94-608-29-3,54-57",,,"F",,2018,12.344,42.83675,-23.0875333333333,,,,"no pCO2 data, only SST",1486
"phytoplankton_super_2018.xlsx",111,112,"phytoplankton_Super_2018_108","94-608-30-3,30",,,"F",,2018,12.68,42.83675,-23.0875333333333,,,,"no pCO2 data, only SST",1487
"phytoplankton_super_2018.xlsx",112,113,"phytoplankton_Super_2018_109","94-608-30-4,50-53",,,"F",,2018,12.736,42.83675,-23.0875333333333,,,,"no pCO2 data, only SST",1488
"phytoplankton_super_2018.xlsx",113,114,"phytoplankton_Super_2018_110","94-608-31-2,20",,,"F",,2018,12.907,42.83675,-23.0875333333333,,,,"no pCO2 data, only SST",1489
"phytoplankton_super_2018.xlsx",114,115,"phytoplankton_Super_2018_111","94-608-32-4,52-55",,,"F",,2018,13.543,42.83675,-23.0875333333333,,,,"no pCO2 data, only SST",1490
"phytoplankton_super_2018.xlsx",115,116,"phytoplankton_Super_2018_112","94-608-33-2,100-104",,,"F",,2018,13.885,42.83675,-23.0875333333333,,,,"no pCO2 data, only SST",1491
"phytoplankton_super_2018.xlsx",116,117,"phytoplankton_Super_2018_113","94-608-33-2,145-149",,,"F",,2018,13.912,42.83675,-23.0875333333333,,,,"no pCO2 data, only SST",1492
"phytoplankton_super_2018.xlsx",117,118,"phytoplankton_Super_2018_114","94-608-33-3,26-29",,,"F",,2018,13.931,42.83675,-23.0875333333333,,,,"no pCO2 data, only SST",1493
"phytoplankton_super_2018.xlsx",118,119,"phytoplankton_Super_2018_115","94-608-33-3,26-29",,,"F",,2018,13.931,42.83675,-23.0875333333333,,,,"no pCO2 data, only SST",1494
"phytoplankton_super_2018.xlsx",119,120,"phytoplankton_Super_2018_116","94-608-34-1,6-10",,,"F",,2018,14.317,42.83675,-23.0875333333333,,,,"no pCO2 data, only SST",1495
"phytoplankton_super_2018.xlsx",120,121,"phytoplankton_Super_2018_117","94-608-34-1,27-31",,,"F",,2018,14.329,42.83675,-23.0875333333333,,,,"no pCO2 data, only SST",1496
"phytoplankton_super_2018.xlsx",121,122,"phytoplankton_Super_2018_118","94-608-34-1,77-81",,,"F",,2018,14.36,42.83675,-23.0875333333333,,,,"no pCO2 data, only SST",1497
"phytoplankton_super_2018.xlsx",122,123,"phytoplankton_Super_2018_119","94-608-34-3,25-28",,,"F",,2018,14.509,42.83675,-23.0875333333333,,,,"no pCO2 data, only SST",1498
"phytoplankton_super_2018.xlsx",123,124,"phytoplankton_Super_2018_120","94-608-34-5,100-103",,,"F",,2018,14.735,42.83675,-23.0875333333333,,,,"no pCO2 data, only SST",1499
"phytoplankton_super_2018.xlsx",124,125,"phytoplankton_Super_2018_121","94-608-34-6,92-95",,,"F",,2018,14.839,42.83675,-23.0875333333333,,,,"no pCO2 data, only SST",1500
"phytoplankton_super_2018.xlsx",125,126,"phytoplankton_Super_2018_122","94-608-35-1,131-135",,,"F",,2018,15.049,42.83675,-23.0875333333333,,,,"no pCO2 data, only SST",1501
"phytoplankton_super_2018.xlsx",126,127,"phytoplankton_Super_2018_123","94-608-35-3,110-116",,,"F",,2018,15.443,42.83675,-23.0875333333333,,,,"no pCO2 data, only SST",1502
"phytoplankton_super_2018.xlsx",127,128,"phytoplankton_Super_2018_124","94-608-35-4,60-66",,,"F",,2018,15.569,42.83675,-23.0875333333333,,,,"no pCO2 data, only SST",1503
"phytoplankton_super_2018.xlsx",128,129,"phytoplankton_Super_2018_125","94-608-35-6,80-84",,,"F",,2018,16.055,42.83675,-23.0875333333333,,,,"no pCO2 data, only SST",1504
"phytoplankton_super_2018.xlsx",129,130,"phytoplankton_Super_2018_126","94-608-35-6,110-116",,,"F",,2018,16.061,42.83675,-23.0875333333333,,,,"no pCO2 data, only SST",1505
"phytoplankton_super_2018.xlsx",130,131,"phytoplankton_Super_2018_127","94-608-36-5,120-126",,,"F",,2018,16.759,42.83675,-23.0875333333333,,,,"no pCO2 data, only SST",1506
"phytoplankton_super_2018.xlsx",131,132,"phytoplankton_Super_2018_128","94-608-37-1,123-129",,,"F",,2018,16.965,42.83675,-23.0875333333333,,,,"no pCO2 data, only SST",1507
"phytoplankton_super_2018.xlsx",132,133,"phytoplankton_Super_2018_129","94-608-37-3,24-30",,,"F",,2018,17.112,42.83675,-23.0875333333333,,,,"no pCO2 data, only SST",1508
"phytoplankton_super_2018.xlsx",133,134,"phytoplankton_Super_2018_130","94-608-37-3,111-114",,,"F",,2018,17.112,42.83675,-23.0875333333333,,,,"no pCO2 data, only SST",1509
"phytoplankton_super_2018.xlsx",134,135,"phytoplankton_Super_2018_131","94-608-37-5,116-122",,,"F",,2018,17.387,42.83675,-23.0875333333333,,,,"no pCO2 data, only SST",1510
"phytoplankton_super_2018.xlsx",135,136,"phytoplankton_Super_2018_132","94-608-37-6,110-114",,,"F",,2018,17.524,42.83675,-23.0875333333333,,,,"no pCO2 data, only SST",1511
"phytoplankton_super_2018.xlsx",136,137,"phytoplankton_Super_2018_133","94-608-37-6,113-117",,,"F",,2018,17.527,42.83675,-23.0875333333333,,,,"no pCO2 data, only SST",1512
"phytoplankton_super_2018.xlsx",137,138,"phytoplankton_Super_2018_134","94-608-38-1,26-32",,,"F",,2018,17.643,42.83675,-23.0875333333333,,,,"no pCO2 data, only SST",1513
"phytoplankton_super_2018.xlsx",138,139,"phytoplankton_Super_2018_135","94-608-38-4,76-82",,,"F",,2018,18.048,42.83675,-23.0875333333333,,,,"no pCO2 data, only SST",1514
"phytoplankton_super_2018.xlsx",139,140,"phytoplankton_Super_2018_136","94-608-38-5,28-34",,,"F",,2018,18.074,42.83675,-23.0875333333333,,,,"no pCO2 data, only SST",1515
"phytoplankton_super_2018.xlsx",140,141,"phytoplankton_Super_2018_137","94-608-38-5,126-132",,,"F",,2018,18.142,42.83675,-23.0875333333333,,,,"no pCO2 data, only SST",1516
"phytoplankton_super_2018.xlsx",141,142,"phytoplankton_Super_2018_138","94-608-38-6,76-82",,,"F",,2018,18.223,42.83675,-23.0875333333333,,,,"no pCO2 data, only SST",1517
"phytoplankton_super_2018.xlsx",142,143,"phytoplankton_Super_2018_139","94-608-39-1,17-23",,,"F",,2018,18.346,42.83675,-23.0875333333333,,,,"no pCO2 data, only SST",1518
"phytoplankton_super_2018.xlsx",143,144,"phytoplankton_Super_2018_140","94-608-39-CC,31-33",,,"F",,2018,18.871,42.83675,-23.0875333333333,,,,"no pCO2 data, only SST",1519
"phytoplankton_super_2018.xlsx",144,145,"phytoplankton_Super_2018_141","94-608-40-3,25-31",,,"F",,2018,19.368,42.83675,-23.0875333333333,,,,"no pCO2 data, only SST",1520
"phytoplankton_super_2018.xlsx",145,146,"phytoplankton_Super_2018_142","94-608-40-3,129-135",,,"F",,2018,19.445,42.83675,-23.0875333333333,,,,"no pCO2 data, only SST",1521
"phytoplankton_super_2018.xlsx",146,147,"phytoplankton_Super_2018_143","94-608-40-4,76-82",,,"F",,2018,19.517,42.83675,-23.0875333333333,,,,"no pCO2 data, only SST",1522
"phytoplankton_super_2018.xlsx",147,148,"phytoplankton_Super_2018_144","94-608-40-4,115-120",,,"F",,2018,19.545,42.83675,-23.0875333333333,,,,"no pCO2 data, only SST",1523
"phytoplankton_super_2018.xlsx",148,149,"phytoplankton_Super_2018_145","94-608-40-5,25-31",,,"F",,2018,19.59,42.83675,-23.0875333333333,,,,"no pCO2 data, only SST",1524
"phytoplankton_super_2018.xlsx",149,150,"phytoplankton_Super_2018_146","94-608-40-cc,8-14",,,"F",,2018,19.71,42.83675,-23.0875333333333,,,,"no pCO2 data, only SST",1525
"phytoplankton_super_2018.xlsx",150,151,"phytoplankton_Super_2018_147","94-608-41-4,120-124",,,"F",,2018,19.849,42.83675,-23.0875333333333,,,,"no pCO2 data, only SST",1526
"phytoplankton_super_2018.xlsx",151,152,"phytoplankton_Super_2018_148","94-608-41-4,79-84",,,"F",,2018,19.864,42.83675,-23.0875333333333,,,,"no pCO2 data, only SST",1527
"phytoplankton_super_2018.xlsx",152,153,"phytoplankton_Super_2018_149","94-608-41-5,26-32",,,"F",,2018,19.887,42.83675,-23.0875333333333,,,,"no pCO2 data, only SST",1528
"phytoplankton_super_2018.xlsx",153,154,"phytoplankton_Super_2018_150","94-608-41-5,70-74",,,"F",,2018,19.897,42.83675,-23.0875333333333,,,,"no pCO2 data, only SST",1529
"phytoplankton_super_2018.xlsx",154,155,"phytoplankton_Super_2018_151","94-608-41-5,124-130",,,"F",,2018,19.91,42.83675,-23.0875333333333,,,,"no pCO2 data, only SST",1530
"phytoplankton_super_2018.xlsx",155,156,"phytoplankton_Super_2018_152","94-608-41-6,120-124",,,"F",,2018,19.944,42.83675,-23.0875333333333,,,,"no pCO2 data, only SST",1531
"phytoplankton_super_2018.xlsx",156,157,"phytoplankton_Super_2018_153","94-608-41-7,24-30",,,"F",,2018,19.957,42.83675,-23.0875333333333,,,,"no pCO2 data, only SST",1532
"phytoplankton_super_2018.xlsx",157,158,"phytoplankton_Super_2018_154","94-608-42-1,25-31",,,"F",,2018,19.971,42.83675,-23.0875333333333,,,,"no pCO2 data, only SST",1533
"phytoplankton_super_2018.xlsx",158,159,"phytoplankton_Super_2018_155","94-608-42-1,129-135",,,"F",,2018,19.995,42.83675,-23.0875333333333,,,,"no pCO2 data, only SST",1534
"phytoplankton_super_2018.xlsx",159,160,"phytoplankton_Super_2018_156","94-608-42-2,67-73",,,"F",,2018,20.016,42.83675,-23.0875333333333,,,,"no pCO2 data, only SST",1535
"phytoplankton_super_2018.xlsx",160,161,"phytoplankton_Super_2018_157","94-608-42-3,100-105",,,"F",,2018,20.356,42.83675,-23.0875333333333,,,,"no pCO2 data, only SST",1536
"phytoplankton_super_2018.xlsx",161,162,"phytoplankton_Super_2018_158","94-608-42-4,79-85",,,"F",,2018,20.653,42.83675,-23.0875333333333,,,,"no pCO2 data, only SST",1537
"phytoplankton_super_2018.xlsx",162,163,"phytoplankton_Super_2018_159","94-608-43-1,25-31",,,"F",,2018,21.233,42.83675,-23.0875333333333,,,,"no pCO2 data, only SST",1538
"phytoplankton_super_2018.xlsx",163,164,"phytoplankton_Super_2018_160","94-608-43-3,25-31",,,"F",,2018,21.376,42.83675,-23.0875333333333,,,,"no pCO2 data, only SST",1539
"phytoplankton_super_2018.xlsx",164,165,"phytoplankton_Super_2018_161","94-608-43-3,126-131",,,"F",,2018,21.424,42.83675,-23.0875333333333,,,,"no pCO2 data, only SST",1540
"phytoplankton_super_2018.xlsx",165,166,"phytoplankton_Super_2018_162","94-608-43-5,30-36",,,"F",,2018,21.522,42.83675,-23.0875333333333,,,,"no pCO2 data, only SST",1541
"phytoplankton_super_2018.xlsx",166,167,"phytoplankton_Super_2018_163","94-608-43-cc,10-16",,,"F",,2018,21.571,42.83675,-23.0875333333333,,,,"no pCO2 data, only SST",1542
"phytoplankton_super_2018.xlsx",167,168,"phytoplankton_Super_2018_164","94-608-44-2,16-19",,,"F",,2018,21.758,42.83675,-23.0875333333333,,,,"no pCO2 data, only SST",1543
"phytoplankton_super_2018.xlsx",168,169,"phytoplankton_Super_2018_165","94-608-44-3,14-20",,,"F",,2018,22.229,42.83675,-23.0875333333333,,,,"no pCO2 data, only SST",1544
"phytoplankton_super_2018.xlsx",169,170,"phytoplankton_Super_2018_166","94-608-44-3,118-124",,,"F",,2018,22.678,42.83675,-23.0875333333333,,,,"no pCO2 data, only SST",1545
"phytoplankton_super_2018.xlsx",170,171,"phytoplankton_Super_2018_167","94-608-45-1,5-9",,,"F",,2018,23.509,42.83675,-23.0875333333333,,,,"no pCO2 data, only SST",1546
"phytoplankton_super_2018.xlsx",171,172,"phytoplankton_Super_2018_168","94-608-45-1,8-12",,,"F",,2018,23.511,42.83675,-23.0875333333333,,,,"no pCO2 data, only SST",1547
"phytoplankton_super_2018.xlsx",172,173,"phytoplankton_Super_2018_169","94-608-45-2,26-32",,,"F",,2018,23.655,42.83675,-23.0875333333333,,,,"no pCO2 data, only SST",1548
"phytoplankton_super_2018.xlsx",173,174,"phytoplankton_Super_2018_170","94-608-45-3,80-86",,,"F",,2018,23.828,42.83675,-23.0875333333333,,,,"no pCO2 data, only SST",1549
"phytoplankton_super_2018.xlsx",174,175,"phytoplankton_Super_2018_171","94-608-45-4,115-121",,,"F",,2018,23.986,42.83675,-23.0875333333333,,,,"no pCO2 data, only SST",1550
"phytoplankton_super_2018.xlsx",175,176,"phytoplankton_Super_2018_172","94-608-45-5,77-83",,,"F",,2018,24.082,42.83675,-23.0875333333333,,,,"no pCO2 data, only SST",1551
"phytoplankton_super_2018.xlsx",176,177,"phytoplankton_Super_2018_173","94-608-45-6,27-33",,,"F",,2018,24.167,42.83675,-23.0875333333333,,,,"no pCO2 data, only SST",1552
"phytoplankton_super_2018.xlsx",177,178,"phytoplankton_Super_2018_174","94-608-45-6,130-136",,,"F",,2018,24.255,42.83675,-23.0875333333333,,,,"no pCO2 data, only SST",1553
"phytoplankton_super_2018.xlsx",178,179,"phytoplankton_Super_2018_175","94-608-48-1,3-7",,,"F",,2018,25.959,42.83675,-23.0875333333333,,,,"no pCO2 data, only SST",1554
"phytoplankton_super_2018.xlsx",179,180,"phytoplankton_Super_2018_176","94-608-48-2,10-14",,,"F",,2018,26.093,42.83675,-23.0875333333333,,,,"no pCO2 data, only SST",1555
"phytoplankton_super_2018.xlsx",180,181,"phytoplankton_Super_2018_177","94-608-48-4,10-14",,,"F",,2018,26.349,42.83675,-23.0875333333333,,,,"no pCO2 data, only SST",1556
"phytoplankton_super_2018.xlsx",181,182,"phytoplankton_Super_2018_178","94-608-48-6,103-107",,,"F",,2018,26.684,42.83675,-23.0875333333333,,,,"no pCO2 data, only SST",1557
"phytoplankton_witkowski_2018.xlsx",4,5,"phytoplankton_Witkowski_1","IODP 002R02W 77-79",,,"T",,2018,0.1,34.43,-120.757833,"phytane",-25.26,19.8,,1558
"phytoplankton_witkowski_2018.xlsx",5,6,"phytoplankton_Witkowski_2","IODP 005R04W 77-79",,,"T",,2018,0.5,34.3,-120.757833,"phytane",-24.38,11.88,,1559
"phytoplankton_witkowski_2018.xlsx",6,7,"phytoplankton_Witkowski_3","IODP 008R04W 102-104",,,"T",,2018,0.8,34.2,-120.757834,"phytane",-25.73,12.83,,1560
"phytoplankton_witkowski_2018.xlsx",7,8,"phytoplankton_Witkowski_4","IODP 011R05W 127-129",,,"T",,2018,1.8,33.86,-120.757835,"phytane",-24.1,14.415,,1561
"phytoplankton_witkowski_2018.xlsx",8,9,"phytoplankton_Witkowski_5","IODP 016R03W 127-129",,,"T",,2018,2.1,33.76,-120.757836,"phytane",-24.3,16.11,,1562
"phytoplankton_witkowski_2018.xlsx",9,10,"phytoplankton_Witkowski_6","IODP 020R01W 52-54",,,"T",,2018,2.3,33.69,-120.757837,"phytane",-25.35,16.8367,,1563
"phytoplankton_witkowski_2018.xlsx",10,11,"phytoplankton_Witkowski_7","IODP 025R01W 27-29",,,"T",,2018,2.7,33.56,-120.757838,"phytane",-23.7,16.2208,,1564
"phytoplankton_witkowski_2018.xlsx",11,12,"phytoplankton_Witkowski_8","IODP 030R02W 82-84",,,"T",,2018,3.2,33.39,-120.757839,"phytane",-23.65,19.8623,,1565
"phytoplankton_witkowski_2018.xlsx",12,13,"phytoplankton_Witkowski_9","IODP 030R02W 82-84",,,"T",,2018,3.8,33.19,-120.75784,"phytane",-24.79,19.2957,,1566
"phytoplankton_witkowski_2018.xlsx",13,14,"phytoplankton_Witkowski_10","IODP 032R02W 52-54",,,"T",,2018,4,33.12,-120.757841,"phytane",-25.54,18.7144,,1567
"phytoplankton_witkowski_2018.xlsx",14,15,"phytoplankton_Witkowski_11","IODP 045R03W 100-104",,,"T",,2018,5,32.79,-120.757842,"phytane",-24.37,20.2516666666667,,1568
"phytoplankton_witkowski_2018.xlsx",15,16,"phytoplankton_Witkowski_12","IODP 047R01W 50-54",,,"T",,2018,5.5,32.62,-120.757843,"phytane",-24.87,20.2366666666667,,1569
"phytoplankton_witkowski_2018.xlsx",16,17,"phytoplankton_Witkowski_13","IODP 051R01W 101-105",,,"T",,2018,6,32.45,-120.757844,"phytane",-24.8,20.2216666666667,,1570
"phytoplankton_witkowski_2018.xlsx",17,18,"phytoplankton_Witkowski_14","IODP 054R02W 25-29",,,"T",,2018,6.25,32.37,-120.757845,"phytane",-24.86,20.2066666666666,,1571
"phytoplankton_witkowski_2018.xlsx",18,19,"phytoplankton_Witkowski_15","IODP 058R03W 75-79",,,"T",,2018,7.25,32.03,-120.757846,"phytane",-23.83,20.1116666666667,,1572
"phytoplankton_witkowski_2018.xlsx",19,20,"phytoplankton_Witkowski_16","IODP 062R01W 50-54",,,"T",,2018,7.75,31.86,-120.757858,"phytane",-24.964,20.3,,1573
"phytoplankton_witkowski_2018.xlsx",20,21,"phytoplankton_Witkowski_17","2329, Zone 3",,,"T",,2018,8,31.78,-120.757861,"phytane",-25,16.4,,1574
"phytoplankton_witkowski_2018.xlsx",21,22,"phytoplankton_Witkowski_18","IODP 065R02W 50-54",,,"T",,2018,8.25,31.7,-120.757859,"phytane",-24.609,20.35,,1575
"phytoplankton_witkowski_2018.xlsx",22,23,"phytoplankton_Witkowski_19","IODP 069R02W 50-54",,,"T",,2018,9.25,31.36,-120.757847,"phytane",-23.67,20.0966666666667,,1576
"phytoplankton_witkowski_2018.xlsx",23,24,"phytoplankton_Witkowski_20","IODP 070R03W 30-32",,,"T",,2018,9.3,31.34,-120.75786,"phytane",-24.776,20.27,,1577
"phytoplankton_witkowski_2018.xlsx",24,25,"phytoplankton_Witkowski_21","IODP 077R01W 33-35",,,"T",,2018,10.5,31.01,-120.757848,"phytane",-24.45,20.0816666666666,,1578
"phytoplankton_witkowski_2018.xlsx",25,26,"phytoplankton_Witkowski_22","322050",,,"T",,2018,11,,,"phytane",-23.923125,22.6,,1579
"phytoplankton_witkowski_2018.xlsx",26,27,"phytoplankton_Witkowski_23","322107",,,"T",,2018,11,,,"phytane",-24.4459166666667,22.6,,1580
"phytoplankton_witkowski_2018.xlsx",27,28,"phytoplankton_Witkowski_24","SB-18",,,"T",,2018,11.1,36.6177,-121.9166,"phytane",-24.1,17.4,,1581
"phytoplankton_witkowski_2018.xlsx",28,29,"phytoplankton_Witkowski_25","SB-13",,,"T",,2018,11.3,36.6177,-121.9166,"phytane",-24.2,17.21,,1582
"phytoplankton_witkowski_2018.xlsx",29,30,"phytoplankton_Witkowski_26","IODP 085R01W 50-52",,,"T",,2018,12,30.73,-120.757849,"phytane",-25.56,20.0666666666667,,1583
"phytoplankton_witkowski_2018.xlsx",30,31,"phytoplankton_Witkowski_27","IODP 088R02W 125-127",,,"T",,2018,12.5,30.63,-120.75785,"phytane",-25.25,20.0516666666667,,1584
"phytoplankton_witkowski_2018.xlsx",31,32,"phytoplankton_Witkowski_28","IODP 091R01W 20-24",,,"T",,2018,13,30.54,-120.757851,"phytane",-25.78,20.0366666666667,,1585
"phytoplankton_witkowski_2018.xlsx",32,33,"phytoplankton_Witkowski_29","SB-6",,,"T",,2018,13.1,36.6177,-121.9166,"phytane",-24.8,17.67,,1586
"phytoplankton_witkowski_2018.xlsx",33,34,"phytoplankton_Witkowski_30","Site 608, King's Trough",,,"T",,2018,13.5,,,"phytane",-29.1,15.7,,1587
"phytoplankton_witkowski_2018.xlsx",34,35,"phytoplankton_Witkowski_31","IODP 096R01W 65-69",,,"T",,2018,13.9,30.36,-120.757852,"phytane",-26.07,20.0216666666666,,1588
"phytoplankton_witkowski_2018.xlsx",35,36,"phytoplankton_Witkowski_32","52970",,,"T",,2018,14,,,"phytane",-23.2385,22.6,,1589
"phytoplankton_witkowski_2018.xlsx",36,37,"phytoplankton_Witkowski_33","Site 608, King's Trough",,,"T",,2018,14.3,,,"phytane",-30.2,15.5,,1590
"phytoplankton_witkowski_2018.xlsx",37,38,"phytoplankton_Witkowski_34","Site 608, King's Trough",,,"T",,2018,14.5,,,"phytane",-29.9,14,,1591
"phytoplankton_witkowski_2018.xlsx",38,39,"phytoplankton_Witkowski_35","Site 608, King's Trough",,,"T",,2018,14.5,,,"phytane",-30,14,,1592
"phytoplankton_witkowski_2018.xlsx",39,40,"phytoplankton_Witkowski_36","SB-3",,,"T",,2018,14.6,36.6177,-121.9166,"phytane",-25.2,19.4,,1593
"phytoplankton_witkowski_2018.xlsx",40,41,"phytoplankton_Witkowski_37","SB-2",,,"T",,2018,14.7,36.6177,-121.9166,"phytane",-25.8,19.69,,1594
"phytoplankton_witkowski_2018.xlsx",41,42,"phytoplankton_Witkowski_38","IODP 100R02W 27-29",,,"T",,2018,14.8,30.19,-120.757853,"phytane",-24.32,20.0066666666667,,1595
"phytoplankton_witkowski_2018.xlsx",42,43,"phytoplankton_Witkowski_39","Site 608, King's Trough",,,"T",,2018,14.8,,,"phytane",-29.4,13.5,,1596
"phytoplankton_witkowski_2018.xlsx",43,44,"phytoplankton_Witkowski_40","IODP 103R01W 135-139",,,"T",,2018,15,30.15,-120.757854,"phytane",-26.75,19.9916666666667,,1597
"phytoplankton_witkowski_2018.xlsx",44,45,"phytoplankton_Witkowski_41","SB-1",,,"T",,2018,15,36.6177,-121.9166,"phytane",-26.3,19.55,,1598
"phytoplankton_witkowski_2018.xlsx",45,46,"phytoplankton_Witkowski_42","1507",,,"T",,2018,15,36.6177,-121.9166,"phytane",-26.1,19.42,,1599
"phytoplankton_witkowski_2018.xlsx",46,47,"phytoplankton_Witkowski_43","502",,,"T",,2018,15,42.9078,-9.265,"phytane",-26.6,21.93,,1600
"phytoplankton_witkowski_2018.xlsx",47,48,"phytoplankton_Witkowski_44","Site 608, King's Trough",,,"T",,2018,15.1,,,"phytane",-29.5,14,,1601
"phytoplankton_witkowski_2018.xlsx",48,49,"phytoplankton_Witkowski_45","Site 608, King's Trough",,,"T",,2018,15.2,,,"phytane",-30.4,13.1,,1602
"phytoplankton_witkowski_2018.xlsx",49,50,"phytoplankton_Witkowski_46","Site 608, King's Trough",,,"T",,2018,15.25,,,"phytane",-29.5,12.9,,1603
"phytoplankton_witkowski_2018.xlsx",50,51,"phytoplankton_Witkowski_47","IODP 106R01W 137-139",,,"T",,2018,15.6,30.04,-120.757855,"phytane",-25.69,19.9766666666667,,1604
"phytoplankton_witkowski_2018.xlsx",51,52,"phytoplankton_Witkowski_48","Site 608, King's Trough",,,"T",,2018,15.7,,,"phytane",-30.8,15.8,,1605
"phytoplankton_witkowski_2018.xlsx",52,53,"phytoplankton_Witkowski_49","Site 608, King's Trough",,,"T",,2018,15.9,,,"phytane",-31,14,,1606
"phytoplankton_witkowski_2018.xlsx",53,54,"phytoplankton_Witkowski_50","IODP 109R02W 22-24",,,"T",,2018,16.1,29.94,-120.757856,"phytane",-26.07,19.9616666666666,,1607
"phytoplankton_witkowski_2018.xlsx",54,55,"phytoplankton_Witkowski_51","Site 608, King's Trough",,,"T",,2018,16.1,,,"phytane",-29.2,14.3,,1608
"phytoplankton_witkowski_2018.xlsx",55,56,"phytoplankton_Witkowski_52","Site 608, King's Trough",,,"T",,2018,16.25,,,"phytane",-29.7,14.3,,1609
"phytoplankton_witkowski_2018.xlsx",56,57,"phytoplankton_Witkowski_53","Site 608, King's Trough",,,"T",,2018,16.3,,,"phytane",-30.8,14.3,,1610
"phytoplankton_witkowski_2018.xlsx",57,58,"phytoplankton_Witkowski_54","IODP 110R04W 98-100",,,"T",,2018,16.4,29.89,-120.7578857,"phytane",-25.89,19.9466666666667,,1611
"phytoplankton_witkowski_2018.xlsx",58,59,"phytoplankton_Witkowski_55","Site 608, King's Trough",,,"T",,2018,16.7,,,"phytane",-30.3,13.8,,1612
"phytoplankton_witkowski_2018.xlsx",59,60,"phytoplankton_Witkowski_56","Site 608, King's Trough",,,"T",,2018,17,,,"phytane",-30.1,13.2,,1613
"phytoplankton_witkowski_2018.xlsx",60,61,"phytoplankton_Witkowski_57","Site 608, King's Trough",,,"T",,2018,17.2,,,"phytane",-29.4,13.1,,1614
"phytoplankton_witkowski_2018.xlsx",61,62,"phytoplankton_Witkowski_58","Site 608, King's Trough",,,"T",,2018,17.6,,,"phytane",-29.6,15.3,,1615
"phytoplankton_witkowski_2018.xlsx",62,63,"phytoplankton_Witkowski_59","Site 608, King's Trough",,,"T",,2018,17.9,,,"phytane",-30,13.5,,1616
"phytoplankton_witkowski_2018.xlsx",63,64,"phytoplankton_Witkowski_60","927-3, Onnagawa Form",,,"T",,2018,18,39.4636,140.5192,"phytane",-23.3,26.99,,1617
"phytoplankton_witkowski_2018.xlsx",64,65,"phytoplankton_Witkowski_61","Site 608, King's Trough",,,"T",,2018,18.2,,,"phytane",-29.3,13,,1618
"phytoplankton_witkowski_2018.xlsx",65,66,"phytoplankton_Witkowski_62","Site 608, King's Trough",,,"T",,2018,18.3,,,"phytane",-29,12.5,,1619
"phytoplankton_witkowski_2018.xlsx",66,67,"phytoplankton_Witkowski_63","Site 608, King's Trough",,,"T",,2018,18.6,,,"phytane",-30.3,12.3,,1620
"phytoplankton_witkowski_2018.xlsx",67,68,"phytoplankton_Witkowski_64","Site 608, King's Trough",,,"T",,2018,18.75,,,"phytane",-29.5,12,,1621
"phytoplankton_witkowski_2018.xlsx",68,69,"phytoplankton_Witkowski_65","Site 608, King's Trough",,,"T",,2018,18.9,,,"phytane",-30,15,,1622
"phytoplankton_witkowski_2018.xlsx",69,70,"phytoplankton_Witkowski_66","Site 608, King's Trough",,,"T",,2018,19.2,,,"phytane",-30.3,15,,1623
"phytoplankton_witkowski_2018.xlsx",70,71,"phytoplankton_Witkowski_67","Site 516, Rio Grande Rise",,,"T",,2018,19.2,,,"phytane",-29.7,21.5,,1624
"phytoplankton_witkowski_2018.xlsx",71,72,"phytoplankton_Witkowski_68","Site 516, Rio Grande Rise",,,"T",,2018,19.4,,,"phytane",-29.8,21.5,,1625
"phytoplankton_witkowski_2018.xlsx",72,73,"phytoplankton_Witkowski_69","Site 516, Rio Grande Rise",,,"T",,2018,19.6,,,"phytane",-29.1,21.5,,1626
"phytoplankton_witkowski_2018.xlsx",73,74,"phytoplankton_Witkowski_70","Site 516, Rio Grande Rise",,,"T",,2018,20.25,,,"phytane",-29.8,21.5,,1627
"phytoplankton_witkowski_2018.xlsx",74,75,"phytoplankton_Witkowski_71","Site 516, Rio Grande Rise",,,"T",,2018,20.45,,,"phytane",-29.5,21.5,,1628
"phytoplankton_witkowski_2018.xlsx",75,76,"phytoplankton_Witkowski_72","Site 516, Rio Grande Rise",,,"T",,2018,20.8,,,"phytane",-29.4,21.5,,1629
"phytoplankton_witkowski_2018.xlsx",76,77,"phytoplankton_Witkowski_73","Site 516, Rio Grande Rise",,,"T",,2018,21.5,,,"phytane",-30,21.5,,1630
"phytoplankton_witkowski_2018.xlsx",77,78,"phytoplankton_Witkowski_74","Ang 27, 10, 437m",,,"T",,2018,24,,,"phytane",-28.9,20.62,,1631
"phytoplankton_witkowski_2018.xlsx",78,79,"phytoplankton_Witkowski_75","Ang 26, 10, 377m",,,"T",,2018,24,,,"phytane",-29.8,20.62,,1632
"phytoplankton_witkowski_2018.xlsx",79,80,"phytoplankton_Witkowski_76","Ang 24, 9, 357m",,,"T",,2018,25,,,"phytane",-30.2,19.83,,1633
"phytoplankton_witkowski_2018.xlsx",80,81,"phytoplankton_Witkowski_77","Ang 21, 9, 317m",,,"T",,2018,25,,,"phytane",-30.1,19.83,,1634
"phytoplankton_witkowski_2018.xlsx",81,82,"phytoplankton_Witkowski_78","Ang 19, 9, 297m, Maikop",,,"T",,2018,27,,,"phytane",-31.8,18.22,,1635
"phytoplankton_witkowski_2018.xlsx",82,83,"phytoplankton_Witkowski_79","Ang 18, 9, 287m, Maikop",,,"T",,2018,27,,,"phytane",-31.2,18.22,,1636
"phytoplankton_witkowski_2018.xlsx",83,84,"phytoplankton_Witkowski_80","17035",,,"T",,2018,28,,,"phytane",-30.234,21.99,,1637
"phytoplankton_witkowski_2018.xlsx",84,85,"phytoplankton_Witkowski_81","Ang 15, 7, 157m, Maikop",,,"T",,2018,30,,,"phytane",-32.3,17.82,,1638
"phytoplankton_witkowski_2018.xlsx",85,86,"phytoplankton_Witkowski_82","Ang 14, 7, 147m, Maikop",,,"T",,2018,30,,,"phytane",-33,17.82,,1639
"phytoplankton_witkowski_2018.xlsx",86,87,"phytoplankton_Witkowski_83","Ang 13b, 7, 138m, Maikop",,,"T",,2018,30,,,"phytane",-32.9,17.82,,1640
"phytoplankton_witkowski_2018.xlsx",87,88,"phytoplankton_Witkowski_84","16985",,,"T",,2018,31,,,"phytane",-28.94,22.15,,1641
"phytoplankton_witkowski_2018.xlsx",88,89,"phytoplankton_Witkowski_85","Ang 12, 7, 127m, Maikop",,,"T",,2018,31,,,"phytane",-32,18.15,,1642
"phytoplankton_witkowski_2018.xlsx",89,90,"phytoplankton_Witkowski_86","Ang 11, 6, 123m, Maikop",,,"T",,2018,31,,,"phytane",-32.2,18.15,,1643
"phytoplankton_witkowski_2018.xlsx",90,91,"phytoplankton_Witkowski_87","Ang 9, 5, 112.5 m, Maikop",,,"T",,2018,31,,,"phytane",-31.8,18.15,,1644
"phytoplankton_witkowski_2018.xlsx",91,92,"phytoplankton_Witkowski_88","Ang 8, 5, 103m, Maikop",,,"T",,2018,32,,,"phytane",-31.7,17.94,,1645
"phytoplankton_witkowski_2018.xlsx",92,93,"phytoplankton_Witkowski_89","Ang 6, 5, 83m, Maikop",,,"T",,2018,32,,,"phytane",-32.1,17.94,,1646
"phytoplankton_witkowski_2018.xlsx",93,94,"phytoplankton_Witkowski_90","302‐4‐27X1‐30‐31 367.70",,,"T",,2018,51,,,"phytane",-34.2,17.5,,1647
"phytoplankton_witkowski_2018.xlsx",94,95,"phytoplankton_Witkowski_91","302‐4‐27X1‐40‐41 367.80",,,"T",,2018,51,,,"phytane",-33.3,17.5,,1648
"phytoplankton_witkowski_2018.xlsx",95,96,"phytoplankton_Witkowski_92","302‐4‐27X1‐50‐51 367.90",,,"T",,2018,52,,,"phytane",-32.9,17.5,,1649
"phytoplankton_witkowski_2018.xlsx",96,97,"phytoplankton_Witkowski_93","302‐4‐27X1‐55‐57 367.95",,,"T",,2018,52,,,"phytane",-32.6,17.5,,1650
"phytoplankton_witkowski_2018.xlsx",97,98,"phytoplankton_Witkowski_94","302‐4‐27X1‐59‐61 367.99",,,"T",,2018,52,,,"phytane",-33.5,17.5,,1651
"phytoplankton_witkowski_2018.xlsx",98,99,"phytoplankton_Witkowski_95","302‐4‐27X1‐64‐66 368.04",,,"T",,2018,52,,,"phytane",-33.8,17.5,,1652
"phytoplankton_witkowski_2018.xlsx",99,100,"phytoplankton_Witkowski_96","302‐4‐27X1‐68‐70 368.08",,,"T",,2018,53,,,"phytane",-33.8,17.5,,1653
"phytoplankton_witkowski_2018.xlsx",100,101,"phytoplankton_Witkowski_97","302‐4‐27X1‐72‐74 368.12",,,"T",,2018,53,,,"phytane",-33.3,17.5,,1654
"phytoplankton_witkowski_2018.xlsx",101,102,"phytoplankton_Witkowski_98","302‐4‐27X1‐80‐82 368.20",,,"T",,2018,53,,,"phytane",-33.4,17.5,,1655
"phytoplankton_witkowski_2018.xlsx",102,103,"phytoplankton_Witkowski_99","302‐4‐27X2‐0‐2 368.90",,,"T",,2018,54,,,"phytane",-34.7,18.5,,1656
"phytoplankton_witkowski_2018.xlsx",103,104,"phytoplankton_Witkowski_100","302‐4‐27X2‐4‐6 368.94",,,"T",,2018,54,,,"phytane",-33,18.5,,1657
"phytoplankton_witkowski_2018.xlsx",104,105,"phytoplankton_Witkowski_101","302‐4‐27X2‐12‐14 369.00",,,"T",,2018,54,,,"phytane",-32.6,18.5,,1658
"phytoplankton_witkowski_2018.xlsx",105,106,"phytoplankton_Witkowski_102","302‐4‐27X2‐14‐16 369.04",,,"T",,2018,54,,,"phytane",-34.6,18.5,,1659
"phytoplankton_witkowski_2018.xlsx",106,107,"phytoplankton_Witkowski_103","302‐4‐27X2‐19‐21 369.09",,,"T",,2018,54,,,"phytane",-34.5,18.5,,1660
"phytoplankton_witkowski_2018.xlsx",107,108,"phytoplankton_Witkowski_104","302‐4‐27X2‐23‐25 369.13",,,"T",,2018,55,,,"phytane",-34.4,18.5,,1661
"phytoplankton_witkowski_2018.xlsx",108,109,"phytoplankton_Witkowski_105","302‐4‐27X2‐28‐30 369.18",,,"T",,2018,55,,,"phytane",-34.5,18.5,,1662
"phytoplankton_witkowski_2018.xlsx",109,110,"phytoplankton_Witkowski_106","302‐4‐27X2‐31‐33 369.21",,,"T",,2018,55,,,"phytane",-32.7,18.5,,1663
"phytoplankton_witkowski_2018.xlsx",110,111,"phytoplankton_Witkowski_107","302‐4‐27X2‐44‐45 369.34",,,"T",,2018,55,,,"phytane",-33.6,18.5,,1664
"phytoplankton_witkowski_2018.xlsx",111,112,"phytoplankton_Witkowski_108","302‐4‐27X2‐50‐51 369.40",,,"T",,2018,56,,,"phytane",-34.4,18.5,,1665
"phytoplankton_witkowski_2018.xlsx",112,113,"phytoplankton_Witkowski_109","302‐4‐27X2‐60‐61 369.50",,,"T",,2018,56,,,"phytane",-34.5,18.5,,1666
"phytoplankton_witkowski_2018.xlsx",113,114,"phytoplankton_Witkowski_110","A-3 Gurpi",,,"T",,2018,78,28.9234,50.8203,"phytane",-30.7,29.175,,1667
"phytoplankton_witkowski_2018.xlsx",114,115,"phytoplankton_Witkowski_111","285978",,,"T",,2018,81,,,"phytane",-29.031,25.5,,1668
"phytoplankton_witkowski_2018.xlsx",115,116,"phytoplankton_Witkowski_112","B-3 Ilam",,,"T",,2018,85,28.9234,50.8203,"phytane",-28.6,29.225,,1669
"phytoplankton_witkowski_2018.xlsx",116,117,"phytoplankton_Witkowski_113","207-1257C-11R-1, 84-89",,,"T",,2018,86,,,"phytane",-26.8,33.7666666666667,,1670
"phytoplankton_witkowski_2018.xlsx",117,118,"phytoplankton_Witkowski_114","207-1257C-13R-2, 120-140",,,"T",,2018,88,,,"phytane",-29.7,34.2666666666667,,1671
"phytoplankton_witkowski_2018.xlsx",118,119,"phytoplankton_Witkowski_115","207-1257C-14R-1, 76-82",,,"T",,2018,89.5,,,"phytane",-31.4,34.7666666666667,,1672
"phytoplankton_witkowski_2018.xlsx",119,120,"phytoplankton_Witkowski_116","207-1260B-34R-2, 10-17",,,"T",,2018,91,,,"phytane",-27.4,36.95,,1673
"phytoplankton_witkowski_2018.xlsx",120,121,"phytoplankton_Witkowski_117","55001",,,"T",,2018,94,,,"phytane",-27.4233333333333,25.2,,1674
"phytoplankton_witkowski_2018.xlsx",121,122,"phytoplankton_Witkowski_118","36925",,,"T",,2018,94,,,"phytane",-29.9966666666667,27,,1675
"phytoplankton_witkowski_2018.xlsx",122,123,"phytoplankton_Witkowski_119","C-5 Sarvak",,,"T",,2018,94,28.9234,50.8203,"phytane",-28.7,30.075,,1676
"phytoplankton_witkowski_2018.xlsx",123,124,"phytoplankton_Witkowski_120","C-6 Sarvak",,,"T",,2018,94,28.9234,50.8203,"phytane",-29.7,30.075,,1677
"phytoplankton_witkowski_2018.xlsx",124,125,"phytoplankton_Witkowski_121","1276 A 31 31-2 52/53",,,"T",,2018,94,,,"phytane",-30.7,32.5,,1678
"phytoplankton_witkowski_2018.xlsx",125,126,"phytoplankton_Witkowski_122","1276 A 31 31-2 77/78",,,"T",,2018,94,,,"phytane",-31.6,32.5,,1679
"phytoplankton_witkowski_2018.xlsx",126,127,"phytoplankton_Witkowski_123","Site 1260, 1",,,"T",,2018,94,,,"phytane",-29.3,32,,1680
"phytoplankton_witkowski_2018.xlsx",127,128,"phytoplankton_Witkowski_124","Site 1260, 2",,,"T",,2018,94,,,"phytane",-30.5,32,,1681
"phytoplankton_witkowski_2018.xlsx",128,129,"phytoplankton_Witkowski_125","Site 1260, 3",,,"T",,2018,94,,,"phytane",-30.8,32,,1682
"phytoplankton_witkowski_2018.xlsx",129,130,"phytoplankton_Witkowski_126","Site 367 643 cm",,,"T",,2018,94,,,"phytane",-30.5,33.5,,1683
"phytoplankton_witkowski_2018.xlsx",130,131,"phytoplankton_Witkowski_127","Site 367 643,37 cm",,,"T",,2018,94,,,"phytane",-31.1,33.5,,1684
"phytoplankton_witkowski_2018.xlsx",131,132,"phytoplankton_Witkowski_128","S57 core",,,"T",,2018,94,,,"phytane",-30.8,26,,1685
"phytoplankton_witkowski_2018.xlsx",132,133,"phytoplankton_Witkowski_129","S57 core",,,"T",,2018,94,,,"phytane",-29.7,26,,1686
"phytoplankton_witkowski_2018.xlsx",133,134,"phytoplankton_Witkowski_130","S57 core",,,"T",,2018,94,,,"phytane",-30,26,,1687
"phytoplankton_witkowski_2018.xlsx",134,135,"phytoplankton_Witkowski_131","326487",,,"T",,2018,94,,,"phytane",-27.078,31,,1688
"phytoplankton_witkowski_2018.xlsx",135,136,"phytoplankton_Witkowski_132","326476",,,"T",,2018,94,,,"phytane",-29.189,31,,1689
"phytoplankton_witkowski_2018.xlsx",136,137,"phytoplankton_Witkowski_133","207-1260B-37R-1, 10-16",,,"T",,2018,95,,,"phytane",-30,30.6,,1690
"phytoplankton_witkowski_2018.xlsx",137,138,"phytoplankton_Witkowski_134","Site 603B, 1133.5m",,,"T",,2018,95,,,"phytane",-31.5,33,,1691
"phytoplankton_witkowski_2018.xlsx",138,139,"phytoplankton_Witkowski_135","Site 144",,,"T",,2018,95,5.668,-53.779,"phytane",-33,31.93,,1692
"phytoplankton_witkowski_2018.xlsx",139,140,"phytoplankton_Witkowski_136","Site 144",,,"T",,2018,95,5.668,-53.779,"phytane",-32.5,31.93,,1693
"phytoplankton_witkowski_2018.xlsx",140,141,"phytoplankton_Witkowski_137","1276 A 31-2-126/127",,,"T",,2018,95,,,"phytane",-31.1,32.5,,1694
"phytoplankton_witkowski_2018.xlsx",141,142,"phytoplankton_Witkowski_138","1276 A 31 31-2 134/135",,,"T",,2018,95,,,"phytane",-30,32.5,,1695
"phytoplankton_witkowski_2018.xlsx",142,143,"phytoplankton_Witkowski_139","Site 1260, 4",,,"T",,2018,95,,,"phytane",-30,32,,1696
"phytoplankton_witkowski_2018.xlsx",143,144,"phytoplankton_Witkowski_140","Site 1260, 5",,,"T",,2018,95,,,"phytane",-30.1,32,,1697
"phytoplankton_witkowski_2018.xlsx",144,145,"phytoplankton_Witkowski_141","Site 1260, 6",,,"T",,2018,95,,,"phytane",-29.5,32,,1698
"phytoplankton_witkowski_2018.xlsx",145,146,"phytoplankton_Witkowski_142","Site 367 645,93 cm",,,"T",,2018,95,,,"phytane",-30.1,33.5,,1699
"phytoplankton_witkowski_2018.xlsx",146,147,"phytoplankton_Witkowski_143","Site 367 646,14 cm",,,"T",,2018,95,,,"phytane",-30.4,33.5,,1700
"phytoplankton_witkowski_2018.xlsx",147,148,"phytoplankton_Witkowski_144","Site 530A, 1041m",,,"T",,2018,95,-12.3757,13.561,"phytane",-31.6,28.9333333333333,,1701
"phytoplankton_witkowski_2018.xlsx",148,149,"phytoplankton_Witkowski_145","Site 530A, 1040m",,,"T",,2018,95,-12.3757,13.561,"phytane",-32.5,28.9333333333333,,1702
"phytoplankton_witkowski_2018.xlsx",149,150,"phytoplankton_Witkowski_146","1276 A 31 31-3 4/5",,,"T",,2018,95.5,,,"phytane",-30.9,32.5,,1703
"phytoplankton_witkowski_2018.xlsx",150,151,"phytoplankton_Witkowski_147","1276 A 31 31-3 29/30",,,"T",,2018,95.9,,,"phytane",-30.3,32.5,,1704
"phytoplankton_witkowski_2018.xlsx",151,152,"phytoplankton_Witkowski_148","207-1258B-51R-2, 10-20",,,"T",,2018,96,,,"phytane",-29.1,33,,1705
"phytoplankton_witkowski_2018.xlsx",152,153,"phytoplankton_Witkowski_149","207-1258B-54R-3, 10-30",,,"T",,2018,96,,,"phytane",-30.9,32.9,,1706
"phytoplankton_witkowski_2018.xlsx",153,154,"phytoplankton_Witkowski_150","207-1260B-38R-1, 84-86",,,"T",,2018,96,,,"phytane",-30.3,32.1,,1707
"phytoplankton_witkowski_2018.xlsx",154,155,"phytoplankton_Witkowski_151","Site  603B, 1134.0m",,,"T",,2018,96,,,"phytane",-31.5,33,,1708
"phytoplankton_witkowski_2018.xlsx",155,156,"phytoplankton_Witkowski_152","7 Gehrweiler, Rehborn",,,"T",,2018,95.45,,,"phytane",-29.4,32,,1709
"phytoplankton_witkowski_2018.xlsx",156,157,"phytoplankton_Witkowski_153","Site 144",,,"T",,2018,96,5.668,-53.779,"phytane",-32,31.93,,1710
"phytoplankton_witkowski_2018.xlsx",157,158,"phytoplankton_Witkowski_154","Site 144",,,"T",,2018,96,5.668,-53.779,"phytane",-32.3,31.93,,1711
"phytoplankton_witkowski_2018.xlsx",158,159,"phytoplankton_Witkowski_155","Site 1260, 7",,,"T",,2018,96,,,"phytane",-29.2,32,,1712
"phytoplankton_witkowski_2018.xlsx",159,160,"phytoplankton_Witkowski_156","Site 1260, 9",,,"T",,2018,96,,,"phytane",-30.5,32,,1713
"phytoplankton_witkowski_2018.xlsx",160,161,"phytoplankton_Witkowski_157","Site 1260, 8",,,"T",,2018,96,,,"phytane",-29.9,32,,1714
"phytoplankton_witkowski_2018.xlsx",161,162,"phytoplankton_Witkowski_158","Site 367 646,89 cm",,,"T",,2018,96,,,"phytane",-31.2,33.5,,1715
"phytoplankton_witkowski_2018.xlsx",162,163,"phytoplankton_Witkowski_159","Site 367 647,93 cm",,,"T",,2018,96,,,"phytane",-30.1,33.5,,1716
"phytoplankton_witkowski_2018.xlsx",163,164,"phytoplankton_Witkowski_160","Site 530A, 1051m",,,"T",,2018,96,-12.3757,13.561,"phytane",-32.25,28.9333333333333,,1717
"phytoplankton_witkowski_2018.xlsx",164,165,"phytoplankton_Witkowski_161","Site 530A, 1049m",,,"T",,2018,96,-12.3757,13.561,"phytane",-31.5,28.9333333333333,,1718
"phytoplankton_witkowski_2018.xlsx",165,166,"phytoplankton_Witkowski_162","1276 A 31 31-3 61/62",,,"T",,2018,96.3,,,"phytane",-30.6,32.5,,1719
"phytoplankton_witkowski_2018.xlsx",166,167,"phytoplankton_Witkowski_163","1276 A 31 31-3 110/111",,,"T",,2018,96.7,,,"phytane",-31.3,32.5,,1720
"phytoplankton_witkowski_2018.xlsx",167,168,"phytoplankton_Witkowski_164","207-1260B-39R-1, 115-122",,,"T",,2018,97,,,"phytane",-31.9,34.8,,1721
"phytoplankton_witkowski_2018.xlsx",168,169,"phytoplankton_Witkowski_165","207-1260B-41R-1, 114-120",,,"T",,2018,97,,,"phytane",-29.8,34.8,,1722
"phytoplankton_witkowski_2018.xlsx",169,170,"phytoplankton_Witkowski_166","Site  603B, 1134.8m",,,"T",,2018,97,,,"phytane",-31,33,,1723
"phytoplankton_witkowski_2018.xlsx",170,171,"phytoplankton_Witkowski_167","Site 144",,,"T",,2018,97,5.668,-53.779,"phytane",-32.4,31.93,,1724
"phytoplankton_witkowski_2018.xlsx",171,172,"phytoplankton_Witkowski_168","Site 1260, 13",,,"T",,2018,97,,,"phytane",-30,32,,1725
"phytoplankton_witkowski_2018.xlsx",172,173,"phytoplankton_Witkowski_169","Site 1260, 10",,,"T",,2018,97,,,"phytane",-30.1,32,,1726
"phytoplankton_witkowski_2018.xlsx",173,174,"phytoplankton_Witkowski_170","Site 1260, 11",,,"T",,2018,97,,,"phytane",-31.3,32,,1727
"phytoplankton_witkowski_2018.xlsx",174,175,"phytoplankton_Witkowski_171","Site 1260, 12",,,"T",,2018,97,,,"phytane",-31.7,32,,1728
"phytoplankton_witkowski_2018.xlsx",175,176,"phytoplankton_Witkowski_172","Site 367  649,62 cm",,,"T",,2018,97,,,"phytane",-30.2,33.5,,1729
"phytoplankton_witkowski_2018.xlsx",176,177,"phytoplankton_Witkowski_173","Site 530A, 1044m",,,"T",,2018,97,15.1386,-23.2067,"phytane",-31.75,28.9333333333333,,1730
"phytoplankton_witkowski_2018.xlsx",177,178,"phytoplankton_Witkowski_174","Site 530A, 1040m",,,"T",,2018,97,-12.3757,13.561,"phytane",-31.75,28.9333333333333,,1731
"phytoplankton_witkowski_2018.xlsx",178,179,"phytoplankton_Witkowski_175","2098",,,"T",,2018,97,,,"phytane",-28.33,32.3,,1732
"phytoplankton_witkowski_2018.xlsx",179,180,"phytoplankton_Witkowski_176","207-1258B-55R-3, 68-88",,,"T",,2018,99,,,"phytane",-30.1,32.85,,1733
"phytoplankton_witkowski_2018.xlsx",180,181,"phytoplankton_Witkowski_177","D-4 Kazhdumi",,,"T",,2018,102,28.9234,50.8203,"phytane",-30.1,31.25,,1734
"phytoplankton_witkowski_2018.xlsx",181,182,"phytoplankton_Witkowski_178","D-5 Kazhdumi",,,"T",,2018,102,28.9234,50.8203,"phytane",-28.9,31.25,,1735
"phytoplankton_witkowski_2018.xlsx",182,183,"phytoplankton_Witkowski_179","142,7m ODP 1049C",,,"T",,2018,111,,,"phytane",-29.8,32,,1736
"phytoplankton_witkowski_2018.xlsx",183,184,"phytoplankton_Witkowski_180","143,1m ODP 1049C",,,"T",,2018,115,,,"phytane",-28.2,32,,1737
"phytoplankton_witkowski_2018.xlsx",184,185,"phytoplankton_Witkowski_181","C41, 1.15m",,,"T",,2018,115,39.6242,19.9217,"phytane",-32,22.4616666666666,,1738
"phytoplankton_witkowski_2018.xlsx",185,186,"phytoplankton_Witkowski_182","V13, -1.6m",,,"T",,2018,116,39.6243,19.9217,"phytane",-32.8,22.4616666666666,,1739
"phytoplankton_witkowski_2018.xlsx",186,187,"phytoplankton_Witkowski_183","V23b, -2.75m",,,"T",,2018,116,39.6243,19.9217,"phytane",-33,23.0676666666666,,1740
"phytoplankton_witkowski_2018.xlsx",187,188,"phytoplankton_Witkowski_184","V29b, -3.8m",,,"T",,2018,116,39.6243,19.9217,"phytane",-32.5,22.4616666666666,,1741
"phytoplankton_witkowski_2018.xlsx",188,189,"phytoplankton_Witkowski_185","143,2m ODP 1049C",,,"T",,2018,117,,,"phytane",-27.5,32,,1742
"phytoplankton_witkowski_2018.xlsx",189,190,"phytoplankton_Witkowski_186","V38, -5.34m",,,"T",,2018,117,39.6243,19.9217,"phytane",-33,22.4616666666666,,1743
"phytoplankton_witkowski_2018.xlsx",190,191,"phytoplankton_Witkowski_187","V41b, -5.69m",,,"T",,2018,117,39.6243,19.9217,"phytane",-33.4,22.4616666666666,,1744
"phytoplankton_witkowski_2018.xlsx",191,192,"phytoplankton_Witkowski_188","143,35m ODP 1049C",,,"T",,2018,118,,,"phytane",-29.9,32,,1745
"phytoplankton_witkowski_2018.xlsx",192,193,"phytoplankton_Witkowski_189","V47, -7.29m",,,"T",,2018,120,39.6243,19.9217,"phytane",-32.2,22.4616666666666,,1746
"phytoplankton_witkowski_2018.xlsx",193,194,"phytoplankton_Witkowski_190","E-5 Gadvan",,,"T",,2018,122,28.9234,50.8203,"phytane",-29.6,30.07,,1747
"phytoplankton_witkowski_2018.xlsx",194,195,"phytoplankton_Witkowski_191","E-6 Gadvan",,,"T",,2018,122,28.9234,50.8203,"phytane",-29.1,30.07,,1748
"phytoplankton_witkowski_2018.xlsx",195,196,"phytoplankton_Witkowski_192","V54, -10.05m",,,"T",,2018,122,39.6243,19.9217,"phytane",-31.5,22.4616666666666,,1749
"phytoplankton_witkowski_2018.xlsx",196,197,"phytoplankton_Witkowski_193","V60, -12.47m",,,"T",,2018,124,39.6243,19.9217,"phytane",-31.3,22.4616666666666,,1750
"phytoplankton_witkowski_2018.xlsx",197,198,"phytoplankton_Witkowski_194","F-4 Fahliyan",,,"T",,2018,140,28.9234,50.8203,"phytane",-29.9,30.27,,1751
"phytoplankton_witkowski_2018.xlsx",198,199,"phytoplankton_Witkowski_195","F-6 Fahliyan",,,"T",,2018,140,28.9234,50.8203,"phytane",-30.3,30.27,,1752
"phytoplankton_witkowski_2018.xlsx",199,200,"phytoplankton_Witkowski_196","7120/9-2 (1)  1943m",,,"T",,2018,144,70.5072,20.241,"phytane",-31.8,14.9,,1753
"phytoplankton_witkowski_2018.xlsx",200,201,"phytoplankton_Witkowski_197","307729",,,"T",,2018,145,,,"phytane",-32.66625,26.4,,1754
"phytoplankton_witkowski_2018.xlsx",201,202,"phytoplankton_Witkowski_198","267702",,,"T",,2018,145,,,"phytane",-30.22,28.2,,1755
"phytoplankton_witkowski_2018.xlsx",202,203,"phytoplankton_Witkowski_199","267707",,,"T",,2018,145,,,"phytane",-29.73,28.2,,1756
"phytoplankton_witkowski_2018.xlsx",203,204,"phytoplankton_Witkowski_200","1",,,"T",,2018,145,,,"phytane",-31.2,19,,1757
"phytoplankton_witkowski_2018.xlsx",204,205,"phytoplankton_Witkowski_201","2",,,"T",,2018,145,,,"phytane",-30.9,19,,1758
"phytoplankton_witkowski_2018.xlsx",205,206,"phytoplankton_Witkowski_202","3",,,"T",,2018,146,,,"phytane",-30.1,19,,1759
"phytoplankton_witkowski_2018.xlsx",206,207,"phytoplankton_Witkowski_203","UK7",,,"T",,2018,146,,,"phytane",-32,19,,1760
"phytoplankton_witkowski_2018.xlsx",207,208,"phytoplankton_Witkowski_204","7120/8-2 (1)  1974m",,,"T",,2018,146,70.5072,20.241,"phytane",-32.1,14.9,,1761
"phytoplankton_witkowski_2018.xlsx",208,209,"phytoplankton_Witkowski_205","UK8",,,"T",,2018,147,,,"phytane",-32.1,19,,1762
"phytoplankton_witkowski_2018.xlsx",209,210,"phytoplankton_Witkowski_206","UK9",,,"T",,2018,148,,,"phytane",-32.5,19,,1763
"phytoplankton_witkowski_2018.xlsx",210,211,"phytoplankton_Witkowski_207","Calcaires en Plaquettes",,,"T",,2018,148,,,"phytane",-30.5,19,,1764
"phytoplankton_witkowski_2018.xlsx",211,212,"phytoplankton_Witkowski_208","7120/8-2 (2)  1995m",,,"T",,2018,148,70.5072,20.241,"phytane",-31.6,14.7,,1765
"phytoplankton_witkowski_2018.xlsx",212,213,"phytoplankton_Witkowski_209","UK11",,,"T",,2018,149,,,"phytane",-32,19,,1766
"phytoplankton_witkowski_2018.xlsx",213,214,"phytoplankton_Witkowski_210","Kimmeridge",,,"T",,2018,149,,,"phytane",-31.2,19,,1767
"phytoplankton_witkowski_2018.xlsx",214,215,"phytoplankton_Witkowski_211","UK12",,,"T",,2018,150,,,"phytane",-31.7,19,,1768
"phytoplankton_witkowski_2018.xlsx",215,216,"phytoplankton_Witkowski_212","UK13",,,"T",,2018,150,,,"phytane",-32.2,19,,1769
"phytoplankton_witkowski_2018.xlsx",216,217,"phytoplankton_Witkowski_213","7120/8-2 (3)   2055m",,,"T",,2018,150,70.5072,20.241,"phytane",-31.5,14.44,,1770
"phytoplankton_witkowski_2018.xlsx",217,218,"phytoplankton_Witkowski_214","62311",,,"T",,2018,154.7,,,"phytane",-29.8,22,,1771
"phytoplankton_witkowski_2018.xlsx",218,219,"phytoplankton_Witkowski_215","320005",,,"T",,2018,154.7,,,"phytane",-30.141,22,,1772
"phytoplankton_witkowski_2018.xlsx",219,220,"phytoplankton_Witkowski_216","320036",,,"T",,2018,154.7,,,"phytane",-30.5233333333333,22,,1773
"phytoplankton_witkowski_2018.xlsx",220,221,"phytoplankton_Witkowski_217","320102",,,"T",,2018,154.7,,,"phytane",-29.64275,22,,1774
"phytoplankton_witkowski_2018.xlsx",221,222,"phytoplankton_Witkowski_218","912255",,,"T",,2018,154.7,,,"phytane",-30.8575,22,,1775
"phytoplankton_witkowski_2018.xlsx",222,223,"phytoplankton_Witkowski_219","912256",,,"T",,2018,154.7,,,"phytane",-29.552,22,,1776
"phytoplankton_witkowski_2018.xlsx",223,224,"phytoplankton_Witkowski_220","912263",,,"T",,2018,154.7,,,"phytane",-29.954,22,,1777
"phytoplankton_witkowski_2018.xlsx",224,225,"phytoplankton_Witkowski_221","60050",,,"T",,2018,154.7,,,"phytane",-30.866125,22,,1778
"phytoplankton_witkowski_2018.xlsx",225,226,"phytoplankton_Witkowski_222","32588",,,"T",,2018,154.7,,,"phytane",-27.9645,21.66,,1779
"phytoplankton_witkowski_2018.xlsx",226,227,"phytoplankton_Witkowski_223","Allgau, Marlstone",,,"T",,2018,155,,,"phytane",-33.5,19,,1780
"phytoplankton_witkowski_2018.xlsx",227,228,"phytoplankton_Witkowski_224","327712",,,"T",,2018,155,,,"phytane",-31.0255,30.17,,1781
"phytoplankton_witkowski_2018.xlsx",228,229,"phytoplankton_Witkowski_225","51676",,,"T",,2018,159,,,"phytane",-30.0555,30.17,,1782
"phytoplankton_witkowski_2018.xlsx",229,230,"phytoplankton_Witkowski_226","2787",,,"T",,2018,159,,,"phytane",-29.4875,30.17,,1783
"phytoplankton_witkowski_2018.xlsx",230,231,"phytoplankton_Witkowski_227","ENR005 7,28 m",,,"T",,2018,177,,,"phytane",-32.28,21,,1784
"phytoplankton_witkowski_2018.xlsx",231,232,"phytoplankton_Witkowski_228","ENR015 6,48m",,,"T",,2018,177,,,"phytane",-32.54,21,,1785
"phytoplankton_witkowski_2018.xlsx",232,233,"phytoplankton_Witkowski_229","283124",,,"T",,2018,178,,,"phytane",-29.85575,22,,1786
"phytoplankton_witkowski_2018.xlsx",233,234,"phytoplankton_Witkowski_230","23339",,,"T",,2018,178,,,"phytane",-32.358625,22,,1787
"phytoplankton_witkowski_2018.xlsx",234,235,"phytoplankton_Witkowski_231","ENR004 5,98m",,,"T",,2018,178,,,"phytane",-32.48,21,,1788
"phytoplankton_witkowski_2018.xlsx",235,236,"phytoplankton_Witkowski_232","ENR014 5,68m",,,"T",,2018,178,,,"phytane",-32.71,21,,1789
"phytoplankton_witkowski_2018.xlsx",236,237,"phytoplankton_Witkowski_233","T6",,,"T",,2018,178,,,"phytane",-32.4,21,,1790
"phytoplankton_witkowski_2018.xlsx",237,238,"phytoplankton_Witkowski_234","T41",,,"T",,2018,178,,,"phytane",-31.1,21,,1791
"phytoplankton_witkowski_2018.xlsx",238,239,"phytoplankton_Witkowski_235","T45",,,"T",,2018,178,,,"phytane",-31.4,21,,1792
"phytoplankton_witkowski_2018.xlsx",239,240,"phytoplankton_Witkowski_236","ENR003 5,18m",,,"T",,2018,179,,,"phytane",-32.43,21,,1793
"phytoplankton_witkowski_2018.xlsx",240,241,"phytoplankton_Witkowski_237","ENR001 3,28m",,,"T",,2018,179,,,"phytane",-32.78,21,,1794
"phytoplankton_witkowski_2018.xlsx",241,242,"phytoplankton_Witkowski_238","ENR007 1,28m",,,"T",,2018,180,,,"phytane",-32.67,21,,1795
"phytoplankton_witkowski_2018.xlsx",242,243,"phytoplankton_Witkowski_239","ENR008 0,48m",,,"T",,2018,180,,,"phytane",-32.38,21,,1796
"phytoplankton_witkowski_2018.xlsx",243,244,"phytoplankton_Witkowski_240","ENR012 -0,42m",,,"T",,2018,181,,,"phytane",-32.52,21,,1797
"phytoplankton_witkowski_2018.xlsx",244,245,"phytoplankton_Witkowski_241","ENR011 -0,86m",,,"T",,2018,181,,,"phytane",-32.58,21,,1798
"phytoplankton_witkowski_2018.xlsx",245,246,"phytoplankton_Witkowski_242","309018",,,"T",,2018,182,,,"phytane",-30.946,22,,1799
"phytoplankton_witkowski_2018.xlsx",246,247,"phytoplankton_Witkowski_243","ENR017 -2,4m",,,"T",,2018,182,,,"phytane",-32.5,21,,1800
"phytoplankton_witkowski_2018.xlsx",247,248,"phytoplankton_Witkowski_244","7120/12-2   DST2, 1985-1991",,,"T",,2018,184,70.5072,20.241,"phytane",-30.2,20,,1801
"phytoplankton_witkowski_2018.xlsx",248,249,"phytoplankton_Witkowski_245","317350",,,"T",,2018,200,,,"phytane",-31.49625,22,,1802
"phytoplankton_witkowski_2018.xlsx",249,250,"phytoplankton_Witkowski_246","26694",,,"T",,2018,205,,,"phytane",-30.677,25,,1803
"phytoplankton_witkowski_2018.xlsx",250,251,"phytoplankton_Witkowski_247","7122/7-3   DST1B, 1195m",,,"T",,2018,226,70.5072,20.241,"phytane",-30.3,27.08,,1804
"phytoplankton_witkowski_2018.xlsx",251,252,"phytoplankton_Witkowski_248","7122/6-1   DST2, 2424-2434",,,"T",,2018,226,70.5072,20.241,"phytane",-30.2,27.08,,1805
"phytoplankton_witkowski_2018.xlsx",252,253,"phytoplankton_Witkowski_249","7120/9-2 (2)  2708m",,,"T",,2018,226,70.5072,20.241,"phytane",-32.8,27.08,,1806
"phytoplankton_witkowski_2018.xlsx",253,254,"phytoplankton_Witkowski_250","7122/7-3(2)   DST3C, 1812",,,"T",,2018,237,75.77,33.83,"phytane",-31.5,19.9,,1807
"phytoplankton_witkowski_2018.xlsx",254,255,"phytoplankton_Witkowski_251","272030",,,"T",,2018,242,,,"phytane",-33.193,18,,1808
"phytoplankton_witkowski_2018.xlsx",255,256,"phytoplankton_Witkowski_252","15.4m",,,"T",,2018,246,77.875,20.9752,"phytane",-31,28.86,,1809
"phytoplankton_witkowski_2018.xlsx",256,257,"phytoplankton_Witkowski_253","16.4m",,,"T",,2018,247,77.875,20.9752,"phytane",-30,28.76,,1810
"phytoplankton_witkowski_2018.xlsx",257,258,"phytoplankton_Witkowski_254","16.5m",,,"T",,2018,247,77.875,20.9752,"phytane",-32,28.76,,1811
"phytoplankton_witkowski_2018.xlsx",258,259,"phytoplankton_Witkowski_255","2281, Zone 3",,,"T",,2018,248,77.875,20.9752,"phytane",-30,8.14999999999998,,1812
"phytoplankton_witkowski_2018.xlsx",259,260,"phytoplankton_Witkowski_256","16.39",,,"T",,2018,253,77.875,20.9752,"phytane",-28.3,27.36,,1813
"phytoplankton_witkowski_2018.xlsx",260,261,"phytoplankton_Witkowski_257","15.37",,,"T",,2018,253,77.875,20.9752,"phytane",-30.6,27.36,,1814
"phytoplankton_witkowski_2018.xlsx",261,262,"phytoplankton_Witkowski_258","Kupferschiefer",,,"T",,2018,256,51.2277,6.7735,"phytane",-31.3,14.25,,1815
"phytoplankton_witkowski_2018.xlsx",262,263,"phytoplankton_Witkowski_259","283111",,,"T",,2018,262,,,"phytane",-28.359,19.2,,1816
"phytoplankton_witkowski_2018.xlsx",263,264,"phytoplankton_Witkowski_260","26489",,,"T",,2018,262,,,"phytane",-26.3606666666667,19.2,,1817
"phytoplankton_witkowski_2018.xlsx",264,265,"phytoplankton_Witkowski_261","1281, Zone 1A",,,"T",,2018,343,46.1831,-103.3949,"phytane",-30.5,8.44999999999999,,1818
"phytoplankton_witkowski_2018.xlsx",265,266,"phytoplankton_Witkowski_262","272129",,,"T",,2018,355,,,"phytane",-28.7133333333333,0.600000000000023,,1819
"phytoplankton_witkowski_2018.xlsx",266,267,"phytoplankton_Witkowski_263","272494",,,"T",,2018,355,,,"phytane",-33.0085,0.600000000000023,,1820
"phytoplankton_witkowski_2018.xlsx",267,268,"phytoplankton_Witkowski_264","271871",,,"T",,2018,372,,,"phytane",-29.92875,30,,1821
"phytoplankton_witkowski_2018.xlsx",268,269,"phytoplankton_Witkowski_265","2477, Zone 3",,,"T",,2018,372,,,"phytane",-31,30,,1822
"phytoplankton_witkowski_2018.xlsx",269,270,"phytoplankton_Witkowski_266","Kowala",,,"T",,2018,377,,,"phytane",-31.1,30,,1823
"phytoplankton_witkowski_2018.xlsx",270,271,"phytoplankton_Witkowski_267","Kowala",,,"T",,2018,377,,,"phytane",-32.3,30,,1824
"phytoplankton_witkowski_2018.xlsx",271,272,"phytoplankton_Witkowski_268","29",,,"T",,2018,377,,,"phytane",-31.7,28,,1825
"phytoplankton_witkowski_2018.xlsx",272,273,"phytoplankton_Witkowski_269","Kowala",,,"T",,2018,378,,,"phytane",-32.9,30,,1826
"phytoplankton_witkowski_2018.xlsx",273,274,"phytoplankton_Witkowski_270","Kowala",,,"T",,2018,378,,,"phytane",-32.8,25,,1827
"phytoplankton_witkowski_2018.xlsx",274,275,"phytoplankton_Witkowski_271","30.9",,,"T",,2018,378,,,"phytane",-31.2,28,,1828
"phytoplankton_witkowski_2018.xlsx",275,276,"phytoplankton_Witkowski_272","Kowala",,,"T",,2018,379,,,"phytane",-33.1,25,,1829
"phytoplankton_witkowski_2018.xlsx",276,277,"phytoplankton_Witkowski_273","Kowala",,,"T",,2018,379,,,"phytane",-32.5,25,,1830
"phytoplankton_witkowski_2018.xlsx",277,278,"phytoplankton_Witkowski_274","Kowala",,,"T",,2018,379,,,"phytane",-32.5,25,,1831
"phytoplankton_witkowski_2018.xlsx",278,279,"phytoplankton_Witkowski_275","285014",,,"T",,2018,379,,,"phytane",-30.0616666666667,30,,1832
"phytoplankton_witkowski_2018.xlsx",279,280,"phytoplankton_Witkowski_276","31.9",,,"T",,2018,379,,,"phytane",-31.7,28,,1833
"phytoplankton_witkowski_2018.xlsx",280,281,"phytoplankton_Witkowski_277","33.200000000000003",,,"T",,2018,379,,,"phytane",-32,28,,1834
"phytoplankton_witkowski_2018.xlsx",281,282,"phytoplankton_Witkowski_278","33.4",,,"T",,2018,380,,,"phytane",-31.4,25,,1835
"phytoplankton_witkowski_2018.xlsx",282,283,"phytoplankton_Witkowski_279","40.200000000000003",,,"T",,2018,383,,,"phytane",-33.5,23,,1836
"phytoplankton_witkowski_2018.xlsx",283,284,"phytoplankton_Witkowski_280","40.299999999999997",,,"T",,2018,383,,,"phytane",-33.6,23,,1837
"phytoplankton_witkowski_2018.xlsx",284,285,"phytoplankton_Witkowski_281","40.700000000000003",,,"T",,2018,383,,,"phytane",-32.9,23,,1838
"phytoplankton_witkowski_2018.xlsx",285,286,"phytoplankton_Witkowski_282","41.2",,,"T",,2018,383,,,"phytane",-32.6,23,,1839
"phytoplankton_witkowski_2018.xlsx",286,287,"phytoplankton_Witkowski_283","41.9",,,"T",,2018,383,,,"phytane",-33.9,23,,1840
"phytoplankton_witkowski_2018.xlsx",287,288,"phytoplankton_Witkowski_284","271806",,,"T",,2018,388,,,"phytane",-31.3635,22,,1841
"phytoplankton_witkowski_2018.xlsx",288,289,"phytoplankton_Witkowski_285","312307",,,"T",,2018,431.5,,,"phytane",-31.6906666666667,11.6,,1842
"phytoplankton_witkowski_2018.xlsx",289,290,"phytoplankton_Witkowski_286","757868",,,"T",,2018,438,,,"phytane",-28.9675,27,,1843
"phytoplankton_witkowski_2018.xlsx",290,291,"phytoplankton_Witkowski_287","90-10",,,"T",,2018,450,41.9779,-91.6656,"phytane",-33.9,12.32,,1844
"phytoplankton_witkowski_2018.xlsx",291,292,"phytoplankton_Witkowski_288","90-13",,,"T",,2018,450,41.9779,-91.6656,"phytane",-33.7,12.32,,1845
"phytoplankton_witkowski_2018.xlsx",292,293,"phytoplankton_Witkowski_289","90-15",,,"T",,2018,450,41.9779,-91.6656,"phytane",-33.7,12.32,,1846
"phytoplankton_witkowski_2018.xlsx",293,294,"phytoplankton_Witkowski_290","90-16",,,"T",,2018,450,41.9779,-91.6656,"phytane",-34.2,12.32,,1847
"phytoplankton_witkowski_2018.xlsx",294,295,"phytoplankton_Witkowski_291","90-16-2",,,"T",,2018,450,41.9779,-91.6656,"phytane",-32.8,12.32,,1848
"phytoplankton_witkowski_2018.xlsx",295,296,"phytoplankton_Witkowski_292","90-71",,,"T",,2018,450,41.9779,-91.6656,"phytane",-34.2,12.32,,1849
"phytoplankton_witkowski_2018.xlsx",296,297,"phytoplankton_Witkowski_293","90-72",,,"T",,2018,450,41.9779,-91.6656,"phytane",-34,12.32,,1850
"phytoplankton_witkowski_2018.xlsx",297,298,"phytoplankton_Witkowski_294","91-16",,,"T",,2018,450,42.0689,-90.6657,"phytane",-33.4,10.32,,1851
"phytoplankton_witkowski_2018.xlsx",298,299,"phytoplankton_Witkowski_295","91-18",,,"T",,2018,450,42.0689,-90.6657,"phytane",-33.8,10.32,,1852
"phytoplankton_witkowski_2018.xlsx",299,300,"phytoplankton_Witkowski_296","91-23-1",,,"T",,2018,450,42.0689,-90.6657,"phytane",-33.4,10.32,,1853
"phytoplankton_witkowski_2018.xlsx",300,301,"phytoplankton_Witkowski_297","89-52",,,"T",,2018,450,42.0689,-90.6657,"phytane",-33.1,10.32,,1854
"phytoplankton_witkowski_2018.xlsx",301,302,"phytoplankton_Witkowski_298","201",,,"T",,2018,452,42.0689,-90.6657,"phytane",-30,10.65,,1855
"phytoplankton_witkowski_2018.xlsx",302,303,"phytoplankton_Witkowski_299","214.8",,,"T",,2018,455,42.0689,-90.6657,"phytane",-30,10.65,,1856
"phytoplankton_witkowski_2018.xlsx",303,304,"phytoplankton_Witkowski_300","216.1",,,"T",,2018,455,42.0689,-90.6657,"phytane",-30.5,10.65,,1857
"phytoplankton_witkowski_2018.xlsx",304,305,"phytoplankton_Witkowski_301","216.6",,,"T",,2018,455,42.0689,-90.6657,"phytane",-30,10.65,,1858
"phytoplankton_witkowski_2018.xlsx",305,306,"phytoplankton_Witkowski_302","217.7",,,"T",,2018,455,42.0689,-90.6657,"phytane",-28.7,10.65,,1859
"phytoplankton_witkowski_2018.xlsx",306,307,"phytoplankton_Witkowski_303","219.1",,,"T",,2018,455,42.0689,-90.6657,"phytane",-29.6,10.65,,1860
"phytoplankton_witkowski_2018.xlsx",307,308,"phytoplankton_Witkowski_304","220.6",,,"T",,2018,455,42.0689,-90.6657,"phytane",-28.3,10.65,,1861
"phytoplankton_witkowski_2018.xlsx",308,309,"phytoplankton_Witkowski_305","221.5",,,"T",,2018,455,42.0689,-90.6657,"phytane",-29.7,10.65,,1862
"phytoplankton_witkowski_2018.xlsx",309,310,"phytoplankton_Witkowski_306","223.4",,,"T",,2018,455,42.0689,-90.6657,"phytane",-29.8,10.65,,1863
"phytoplankton_zhang_2013.xlsx",4,5,"phytoplankton_Zhang_2013_1",,,"phytoplankton_Zhang_2019_1","F","superceded by Zhang et al. (2019)",2013,0.02,4.20416666666667,-43.4888333333333,"Mk37_2",-23.871,27.3609307904087,,1864
"phytoplankton_zhang_2013.xlsx",5,6,"phytoplankton_Zhang_2013_2",,,"phytoplankton_Zhang_2019_2","F","superceded by Zhang et al. (2019)",2013,0.028,4.20416666666667,-43.4888333333333,"Mk37_2",-23.543,27.0868678285204,,1865
"phytoplankton_zhang_2013.xlsx",6,7,"phytoplankton_Zhang_2013_3",,,"phytoplankton_Zhang_2019_3","F","superceded by Zhang et al. (2019)",2013,0.0335,4.20416666666667,-43.4888333333333,"Mk37_2",-24.05,27.2979276226908,,1866
"phytoplankton_zhang_2013.xlsx",7,8,"phytoplankton_Zhang_2013_4",,"phytoplankton_Pagani_2010_59","phytoplankton_Zhang_2019_4","F","superceded by Zhang et al. (2019)",2013,0.0412,4.20416666666667,-43.4888333333333,"Mk37_2",-23.8055,26.5197796133824,"alkenone, d13Ccarb, d13C alkenones from Pagani 2010",1867
"phytoplankton_zhang_2013.xlsx",8,9,"phytoplankton_Zhang_2013_5",,"phytoplankton_Pagani_2010_60","phytoplankton_Zhang_2019_5","F","superceded by Zhang et al. (2019)",2013,0.0583,4.20416666666667,-43.4888333333333,"Mk37_2",-23.969,27.0108617900447,"alkenone, d13Ccarb, d13C alkenones from Pagani 2010",1868
"phytoplankton_zhang_2013.xlsx",9,10,"phytoplankton_Zhang_2013_6",,"phytoplankton_Pagani_2010_61","phytoplankton_Zhang_2019_6","F","superceded by Zhang et al. (2019)",2013,0.0736,4.20416666666667,-43.4888333333333,"Mk37_2",-24.34,27.5714296899851,"alkenone, d13Ccarb, d13C alkenones from Pagani 2010",1869
"phytoplankton_zhang_2013.xlsx",10,11,"phytoplankton_Zhang_2013_7",,"phytoplankton_Pagani_2010_62","phytoplankton_Zhang_2019_7","F","superceded by Zhang et al. (2019)",2013,0.0893,4.20416666666667,-43.4888333333333,"Mk37_2",-24.2365,27.6391486612016,"alkenone, d13Ccarb, d13C alkenones from Pagani 2010",1870
"phytoplankton_zhang_2013.xlsx",11,12,"phytoplankton_Zhang_2013_8",,"phytoplankton_Pagani_2010_63","phytoplankton_Zhang_2019_8","F","superceded by Zhang et al. (2019)",2013,0.1054,4.20416666666667,-43.4888333333333,"Mk37_2",-23.994,27.7245663249025,"alkenone, d13Ccarb, d13C alkenones from Pagani 2010",1871
"phytoplankton_zhang_2013.xlsx",12,13,"phytoplankton_Zhang_2013_9",,"phytoplankton_Pagani_2010_64","phytoplankton_Zhang_2019_9","F","superceded by Zhang et al. (2019)",2013,0.1132,4.20416666666667,-43.4888333333333,"Mk37_2",-24.3845,27.7676957516199,"alkenone, d13Ccarb, d13C alkenones from Pagani 2010",1872
"phytoplankton_zhang_2013.xlsx",13,14,"phytoplankton_Zhang_2013_10",,"phytoplankton_Pagani_2010_65","phytoplankton_Zhang_2019_10","F","superceded by Zhang et al. (2019)",2013,0.1336,4.20416666666667,-43.4888333333333,"Mk37_2",-24.6465,27.8451059508084,"alkenone, d13Ccarb, d13C alkenones from Pagani 2010",1873
"phytoplankton_zhang_2013.xlsx",14,15,"phytoplankton_Zhang_2013_11",,"phytoplankton_Pagani_2010_66","phytoplankton_Zhang_2019_11","F","superceded by Zhang et al. (2019)",2013,0.1465,4.20416666666667,-43.4888333333333,"Mk37_2",-24.3855,27.5888920032959,"alkenone, d13Ccarb, d13C alkenones from Pagani 2010",1874
"phytoplankton_zhang_2013.xlsx",15,16,"phytoplankton_Zhang_2013_12",,"phytoplankton_Pagani_2010_67","phytoplankton_Zhang_2019_12","F","superceded by Zhang et al. (2019)",2013,0.1562,4.20416666666667,-43.4888333333333,"Mk37_2",-24.1665,27.2234360490266,"alkenone, d13Ccarb, d13C alkenones from Pagani 2010",1875
"phytoplankton_zhang_2013.xlsx",16,17,"phytoplankton_Zhang_2013_13",,"phytoplankton_Pagani_2010_68","phytoplankton_Zhang_2019_13","F","superceded by Zhang et al. (2019)",2013,0.1666,4.20416666666667,-43.4888333333333,"Mk37_2",-24.5575,27.084384263311,"alkenone, d13Ccarb, d13C alkenones from Pagani 2010",1876
"phytoplankton_zhang_2013.xlsx",17,18,"phytoplankton_Zhang_2013_14",,"phytoplankton_Pagani_2010_69",,"T",,2013,0.31,4.20416666666667,-43.4888333333333,"Mk37_2",-23.767,27.41856917476,"alkenone, d13Ccarb, d13C alkenones from Pagani 2010",1877
"phytoplankton_zhang_2013.xlsx",18,19,"phytoplankton_Zhang_2013_15",,"phytoplankton_Pagani_2010_70",,"T",,2013,0.431,4.20416666666667,-43.4888333333333,"Mk37_2",-22.9245,26.8564031451013,"alkenone, d13Ccarb, d13C alkenones from Pagani 2010",1878
"phytoplankton_zhang_2013.xlsx",19,20,"phytoplankton_Zhang_2013_16",,"phytoplankton_Pagani_2010_71",,"T",,2013,0.5753,4.20416666666667,-43.4888333333333,"Mk37_2",-22.9975,27.7522297695142,"alkenone, d13Ccarb, d13C alkenones from Pagani 2010",1879
"phytoplankton_zhang_2013.xlsx",20,21,"phytoplankton_Zhang_2013_17",,"phytoplankton_Pagani_2010_72",,"T",,2013,0.9287,4.20416666666667,-43.4888333333333,"Mk37_2",-23.5185,26.8474188031653,"alkenone, d13Ccarb, d13C alkenones from Pagani 2010",1880
"phytoplankton_zhang_2013.xlsx",21,22,"phytoplankton_Zhang_2013_18",,"phytoplankton_Pagani_2010_73",,"T",,2013,1.046,4.20416666666667,-43.4888333333333,"Mk37_2",-23.7335,27.2986076191685,"alkenone, d13Ccarb, d13C alkenones from Pagani 2010",1881
"phytoplankton_zhang_2013.xlsx",22,23,"phytoplankton_Zhang_2013_19",,"phytoplankton_Pagani_2010_74",,"T",,2013,1.191,4.20416666666667,-43.4888333333333,"Mk37_2",-23.9325,27.5222351262273,"alkenone, d13Ccarb, d13C alkenones from Pagani 2010",1882
"phytoplankton_zhang_2013.xlsx",23,24,"phytoplankton_Zhang_2013_20",,"phytoplankton_Pagani_2010_75",,"T",,2013,1.206,4.20416666666667,-43.4888333333333,"Mk37_2",-23.446,27.742472598525,"alkenone, d13Ccarb, d13C alkenones from Pagani 2010",1883
"phytoplankton_zhang_2013.xlsx",24,25,"phytoplankton_Zhang_2013_21",,"phytoplankton_Pagani_2010_76",,"T",,2013,1.2188,4.20416666666667,-43.4888333333333,"Mk37_2",-23.6415,27.7009080062643,"alkenone, d13Ccarb, d13C alkenones from Pagani 2010",1884
"phytoplankton_zhang_2013.xlsx",25,26,"phytoplankton_Zhang_2013_22",,"phytoplankton_Pagani_2010_77",,"T",,2013,1.2322,4.20416666666667,-43.4888333333333,"Mk37_2",-23.718,27.8823591559305,"alkenone, d13Ccarb, d13C alkenones from Pagani 2010",1885
"phytoplankton_zhang_2013.xlsx",26,27,"phytoplankton_Zhang_2013_23",,"phytoplankton_Pagani_2010_78",,"T",,2013,1.25,4.20416666666667,-43.4888333333333,"Mk37_2",-23.072,26.8897521988575,"alkenone, d13Ccarb, d13C alkenones from Pagani 2010",1886
"phytoplankton_zhang_2013.xlsx",27,28,"phytoplankton_Zhang_2013_24",,"phytoplankton_Pagani_2010_79",,"T",,2013,1.272,4.20416666666667,-43.4888333333333,"Mk37_2",-22.991,27.588231840995,"alkenone, d13Ccarb, d13C alkenones from Pagani 2010",1887
"phytoplankton_zhang_2013.xlsx",28,29,"phytoplankton_Zhang_2013_25",,"phytoplankton_Pagani_2010_80",,"T",,2013,1.2846,4.20416666666667,-43.4888333333333,"Mk37_2",-23.3085,27.3814044429103,"alkenone, d13Ccarb, d13C alkenones from Pagani 2010",1888
"phytoplankton_zhang_2013.xlsx",29,30,"phytoplankton_Zhang_2013_26",,"phytoplankton_Pagani_2010_81",,"T",,2013,1.3512,4.20416666666667,-43.4888333333333,"Mk37_2",-23.4775,27.6665316202811,"alkenone, d13Ccarb, d13C alkenones from Pagani 2010",1889
"phytoplankton_zhang_2013.xlsx",30,31,"phytoplankton_Zhang_2013_27",,"phytoplankton_Pagani_2010_82",,"T",,2013,1.6407,4.20416666666667,-43.4888333333333,"Mk37_2",-23.8455,26.3807039618973,"alkenone, d13Ccarb, d13C alkenones from Pagani 2010",1890
"phytoplankton_zhang_2013.xlsx",31,32,"phytoplankton_Zhang_2013_28",,"phytoplankton_Pagani_2010_83",,"T",,2013,1.7295,4.20416666666667,-43.4888333333333,"Mk37_2",-23.7515,27.7356215670018,"alkenone, d13Ccarb, d13C alkenones from Pagani 2010",1891
"phytoplankton_zhang_2013.xlsx",32,33,"phytoplankton_Zhang_2013_29",,"phytoplankton_Pagani_2010_84",,"T",,2013,1.965,4.20416666666667,-43.4888333333333,"Mk37_2",-23.699,27.839598329138,"alkenone, d13Ccarb, d13C alkenones from Pagani 2010",1892
"phytoplankton_zhang_2013.xlsx",33,34,"phytoplankton_Zhang_2013_30",,"phytoplankton_Pagani_2010_85",,"T",,2013,2.0926,4.20416666666667,-43.4888333333333,"Mk37_2",-24.1195,27.836764842377,"alkenone, d13Ccarb, d13C alkenones from Pagani 2010",1893
"phytoplankton_zhang_2013.xlsx",34,35,"phytoplankton_Zhang_2013_31",,"phytoplankton_Pagani_2010_86",,"T",,2013,2.1915,4.20416666666667,-43.4888333333333,"Mk37_2",-23.736,28.2647058823529,"alkenone, d13Ccarb, d13C alkenones from Pagani 2010",1894
"phytoplankton_zhang_2013.xlsx",35,36,"phytoplankton_Zhang_2013_32",,"phytoplankton_Pagani_2010_87",,"T",,2013,2.2968,4.20416666666667,-43.4888333333333,"Mk37_2",-24.363,27.8176403379106,"alkenone, d13Ccarb, d13C alkenones from Pagani 2010",1895
"phytoplankton_zhang_2013.xlsx",36,37,"phytoplankton_Zhang_2013_33",,"phytoplankton_Pagani_2010_88",,"T",,2013,2.402,4.20416666666667,-43.4888333333333,"Mk37_2",-24.401,27.9631956499446,"alkenone, d13Ccarb, d13C alkenones from Pagani 2010",1896
"phytoplankton_zhang_2013.xlsx",37,38,"phytoplankton_Zhang_2013_34",,"phytoplankton_Pagani_2010_90",,"T",,2013,2.587,4.20416666666667,-43.4888333333333,"Mk37_2",-24.413,27.8842636953312,"alkenone, d13Ccarb, d13C alkenones from Pagani 2010",1897
"phytoplankton_zhang_2013.xlsx",38,39,"phytoplankton_Zhang_2013_35",,"phytoplankton_Pagani_2010_91",,"T",,2013,2.6043,4.20416666666667,-43.4888333333333,"Mk37_2",-23.5705,27.5466047802869,"alkenone, d13Ccarb, d13C alkenones from Pagani 2010",1898
"phytoplankton_zhang_2013.xlsx",39,40,"phytoplankton_Zhang_2013_36",,"phytoplankton_Pagani_2010_93",,"T",,2013,2.718,4.20416666666667,-43.4888333333333,"Mk37_2",-24.0765,27.8590452188364,"alkenone, d13Ccarb, d13C alkenones from Pagani 2010",1899
"phytoplankton_zhang_2013.xlsx",40,41,"phytoplankton_Zhang_2013_37",,"phytoplankton_Pagani_2010_94",,"T",,2013,2.94,4.20416666666667,-43.4888333333333,"Mk37_2",-23.67,27.9582391479917,"alkenone, d13Ccarb, d13C alkenones from Pagani 2010",1900
"phytoplankton_zhang_2013.xlsx",41,42,"phytoplankton_Zhang_2013_38",,"phytoplankton_Pagani_2010_95",,"T",,2013,3.082,4.20416666666667,-43.4888333333333,"Mk37_2",-24.2505,27.959494062997,"alkenone, d13Ccarb, d13C alkenones from Pagani 2010",1901
"phytoplankton_zhang_2013.xlsx",42,43,"phytoplankton_Zhang_2013_39",,"phytoplankton_Pagani_2010_96",,"T",,2013,3.1313,4.20416666666667,-43.4888333333333,"Mk37_2",-23.8645,27.9788796459693,"alkenone, d13Ccarb, d13C alkenones from Pagani 2010",1902
"phytoplankton_zhang_2013.xlsx",43,44,"phytoplankton_Zhang_2013_40",,"phytoplankton_Pagani_2010_97",,"T",,2013,3.321,4.20416666666667,-43.4888333333333,"Mk37_2",-24.33,28.0367741010069,"alkenone, d13Ccarb, d13C alkenones from Pagani 2010",1903
"phytoplankton_zhang_2013.xlsx",44,45,"phytoplankton_Zhang_2013_41",,"phytoplankton_Pagani_2010_98",,"T",,2013,3.364,4.20416666666667,-43.4888333333333,"Mk37_2",-24.2885,27.5094092724905,"alkenone, d13Ccarb, d13C alkenones from Pagani 2010",1904
"phytoplankton_zhang_2013.xlsx",45,46,"phytoplankton_Zhang_2013_42",,"phytoplankton_Pagani_2010_99",,"T",,2013,3.457,4.20416666666667,-43.4888333333333,"Mk37_2",-24.2095,28.0486454971072,"alkenone, d13Ccarb, d13C alkenones from Pagani 2010",1905
"phytoplankton_zhang_2013.xlsx",46,47,"phytoplankton_Zhang_2013_43",,,,"T",,2013,3.51,4.20416666666667,-43.4888333333333,"Mk37_2",-25.08375,27.8118248104207,"original carbonate d13C data",1906
"phytoplankton_zhang_2013.xlsx",47,48,"phytoplankton_Zhang_2013_44",,"phytoplankton_Pagani_2010_100",,"T",,2013,3.522,4.20416666666667,-43.4888333333333,"Mk37_2",-24.4115,28.0147653286189,"alkenone, d13Ccarb, d13C alkenones from Pagani 2010",1907
"phytoplankton_zhang_2013.xlsx",48,49,"phytoplankton_Zhang_2013_45",,"phytoplankton_Pagani_2010_101",,"T",,2013,3.673,4.20416666666667,-43.4888333333333,"Mk37_2",-24.59,27.8211567922097,"alkenone, d13Ccarb, d13C alkenones from Pagani 2010",1908
"phytoplankton_zhang_2013.xlsx",49,50,"phytoplankton_Zhang_2013_46",,"phytoplankton_Pagani_2010_102",,"T",,2013,3.8485,4.20416666666667,-43.4888333333333,"Mk37_2",-23.8875,28.0477761264967,"alkenone, d13Ccarb, d13C alkenones from Pagani 2010",1909
"phytoplankton_zhang_2013.xlsx",50,51,"phytoplankton_Zhang_2013_47",,"phytoplankton_Pagani_2010_103",,"T",,2013,3.9855,4.20416666666667,-43.4888333333333,"Mk37_2",-24.1325,28.0165447664211,"alkenone, d13Ccarb, d13C alkenones from Pagani 2010",1910
"phytoplankton_zhang_2013.xlsx",51,52,"phytoplankton_Zhang_2013_48",,"phytoplankton_Pagani_2010_104",,"T",,2013,4.1062,4.20416666666667,-43.4888333333333,"Mk37_2",-24.67,28.0662709552077,"alkenone, d13Ccarb, d13C alkenones from Pagani 2010",1911
"phytoplankton_zhang_2013.xlsx",52,53,"phytoplankton_Zhang_2013_49",,"phytoplankton_Pagani_2010_105",,"T",,2013,4.4475,4.20416666666667,-43.4888333333333,"Mk37_2",-25.547,28.2647058823529,"alkenone, d13Ccarb, d13C alkenones from Pagani 2010",1912
"phytoplankton_zhang_2013.xlsx",53,54,"phytoplankton_Zhang_2013_50",,"phytoplankton_Pagani_2010_106",,"T",,2013,4.7762,4.20416666666667,-43.4888333333333,"Mk37_2",-25.074,28.089094513497,"alkenone, d13Ccarb, d13C alkenones from Pagani 2010",1913
"phytoplankton_zhang_2013.xlsx",54,55,"phytoplankton_Zhang_2013_51",,,,"T",,2013,7.15,4.20416666666667,-43.4888333333333,"Mk37_2",-24.264,27.8494779640157,"original carbonate d13C data",1914
"phytoplankton_zhang_2013.xlsx",55,56,"phytoplankton_Zhang_2013_52",,,,"T",,2013,14.1,4.20416666666667,-43.4888333333333,"Mk37_2",-23.00275,27.4265654150436,"original carbonate d13C data",1915
"phytoplankton_zhang_2013.xlsx",56,57,"phytoplankton_Zhang_2013_53",,,,"T",,2013,14.74,4.20416666666667,-43.4888333333333,"Mk37_2",-25.2965,28.0543395321161,"original carbonate d13C data",1916
"phytoplankton_zhang_2013.xlsx",57,58,"phytoplankton_Zhang_2013_54",,,,"F","Only carbonate data, no alkenone or CO2 estimate",2013,15.1,4.20416666666667,-43.4888333333333,,,,"original carbonate d13C data",1917
"phytoplankton_zhang_2013.xlsx",58,59,"phytoplankton_Zhang_2013_55",,,,"T",,2013,15.84,4.20416666666667,-43.4888333333333,"Mk37_2",-24.539,29.3399882523485,"original carbonate d13C data",1918
"phytoplankton_zhang_2013.xlsx",59,60,"phytoplankton_Zhang_2013_56",,,,"T",,2013,16.82,4.20416666666667,-43.4888333333333,"Mk37_2",-24.8525,28.4949364000287,"original carbonate d13C data",1919
"phytoplankton_zhang_2013.xlsx",60,61,"phytoplankton_Zhang_2013_57",,,,"T",,2013,18.26,4.20416666666667,-43.4888333333333,"Mk37_2",-24.9545,29.4973464705046,"original carbonate d13C data",1920
"phytoplankton_zhang_2013.xlsx",61,62,"phytoplankton_Zhang_2013_58",,"phytoplankton_pagani_2011_57",,"T",,2013,20.3,4.20416666666667,-43.4888333333333,"Mk37_2",-23.635,28.8455979661833,"alkenone, TEX, d13Ccarb, d13C alkenones from Pagani",1921
"phytoplankton_zhang_2013.xlsx",62,63,"phytoplankton_Zhang_2013_59",,"phytoplankton_pagani_2011_58",,"T",,2013,22.94,4.20416666666667,-43.4888333333333,"Mk37_2",-26.19675,29.0620382170888,"alkenone, TEX, d13Ccarb, d13C alkenones from Pagani",1922
"phytoplankton_zhang_2013.xlsx",63,64,"phytoplankton_Zhang_2013_60",,"phytoplankton_pagani_2011_59",,"T",,2013,23.48,4.20416666666667,-43.4888333333333,"Mk37_2",-25.412,29.1424926375768,"alkenone, TEX, d13Ccarb, d13C alkenones from Pagani",1923
"phytoplankton_zhang_2013.xlsx",64,65,"phytoplankton_Zhang_2013_61",,"phytoplankton_pagani_2011_60",,"T",,2013,25.3,4.20416666666667,-43.4888333333333,"Mk37_2",-25.90525,28.880824696072,"alkenone, TEX, d13Ccarb, d13C alkenones from Pagani",1924
"phytoplankton_zhang_2013.xlsx",65,66,"phytoplankton_Zhang_2013_62",,"phytoplankton_pagani_2011_61",,"T",,2013,26.57,4.20416666666667,-43.4888333333333,"Mk37_2",-29.43075,28.1677285172574,"alkenone, TEX, d13Ccarb, d13C alkenones from Pagani",1925
"phytoplankton_zhang_2013.xlsx",66,67,"phytoplankton_Zhang_2013_63",,"phytoplankton_pagani_2011_62",,"T",,2013,27.85,4.20416666666667,-43.4888333333333,"Mk37_2",-29.67025,27.8363860371722,"alkenone, TEX, d13Ccarb, d13C alkenones from Pagani",1926
"phytoplankton_zhang_2013.xlsx",67,68,"phytoplankton_Zhang_2013_64",,"phytoplankton_pagani_2011_63",,"T",,2013,28.78,4.20416666666667,-43.4888333333333,"Mk37_2",-30.326,28.1421679783127,"alkenone, TEX, d13Ccarb, d13C alkenones from Pagani",1927
"phytoplankton_zhang_2013.xlsx",68,69,"phytoplankton_Zhang_2013_65",,"phytoplankton_pagani_2011_64",,"T",,2013,29.21,4.20416666666667,-43.4888333333333,"Mk37_2",-30.78325,29.1413047016767,"alkenone, TEX, d13Ccarb, d13C alkenones from Pagani",1928
"phytoplankton_zhang_2013.xlsx",69,70,"phytoplankton_Zhang_2013_66",,"phytoplankton_pagani_2011_65",,"T",,2013,29.57,4.20416666666667,-43.4888333333333,"Mk37_2",-31.58175,28.8914014049871,"alkenone, TEX, d13Ccarb, d13C alkenones from Pagani",1929
"phytoplankton_zhang_2013.xlsx",70,71,"phytoplankton_Zhang_2013_67",,"phytoplankton_pagani_2011_66",,"T",,2013,29.64,4.20416666666667,-43.4888333333333,"Mk37_2",-31.09325,30.247738336922,"alkenone, TEX, d13Ccarb, d13C alkenones from Pagani",1930
"phytoplankton_zhang_2013.xlsx",71,72,"phytoplankton_Zhang_2013_68",,"phytoplankton_pagani_2011_67",,"T",,2013,30.62,4.20416666666667,-43.4888333333333,"Mk37_2",-30.4305,29.6902634067434,"alkenone, TEX, d13Ccarb, d13C alkenones from Pagani",1931
"phytoplankton_zhang_2013.xlsx",72,73,"phytoplankton_Zhang_2013_69",,"phytoplankton_pagani_2011_68",,"T",,2013,31.27,4.20416666666667,-43.4888333333333,"Mk37_2",-29.84925,29.3947612873024,"alkenone, TEX, d13Ccarb, d13C alkenones from Pagani",1932
"phytoplankton_zhang_2013.xlsx",73,74,"phytoplankton_Zhang_2013_70",,"phytoplankton_pagani_2011_69",,"T",,2013,32.04,4.20416666666667,-43.4888333333333,"Mk37_2",-30.00225,29.9310212261931,"alkenone, TEX, d13Ccarb, d13C alkenones from Pagani",1933
"phytoplankton_zhang_2013.xlsx",74,75,"phytoplankton_Zhang_2013_71",,"phytoplankton_pagani_2011_70",,"T",,2013,32.58,4.20416666666667,-43.4888333333333,"Mk37_2",-29.7665,30.4915219050581,"alkenone, TEX, d13Ccarb, d13C alkenones from Pagani",1934
"phytoplankton_zhang_2013.xlsx",75,76,"phytoplankton_Zhang_2013_72",,"phytoplankton_pagani_2011_71",,"T",,2013,32.83,4.20416666666667,-43.4888333333333,"Mk37_2",-29.613,30.1834927932905,"alkenone, TEX, d13Ccarb, d13C alkenones from Pagani",1935
"phytoplankton_zhang_2013.xlsx",76,77,"phytoplankton_Zhang_2013_73",,"phytoplankton_pagani_2011_72",,"T",,2013,32.91,4.20416666666667,-43.4888333333333,"Mk37_2",-29.45975,30.4991557361965,"alkenone, TEX, d13Ccarb, d13C alkenones from Pagani",1936
"phytoplankton_zhang_2013.xlsx",77,78,"phytoplankton_Zhang_2013_74",,"phytoplankton_pagani_2011_73",,"T",,2013,32.97,4.20416666666667,-43.4888333333333,"Mk37_2",-29.244,29.9145202919118,"alkenone, TEX, d13Ccarb, d13C alkenones from Pagani",1937
"phytoplankton_zhang_2013.xlsx",78,79,"phytoplankton_Zhang_2013_75",,"phytoplankton_pagani_2011_74",,"T",,2013,33.45,4.20416666666667,-43.4888333333333,"Mk37_2",-29.59825,30.0785111850745,"alkenone, TEX, d13Ccarb, d13C alkenones from Pagani",1938
"phytoplankton_zhang_2013.xlsx",79,80,"phytoplankton_Zhang_2013_76",,"phytoplankton_pagani_2011_75",,"T",,2013,33.57,4.20416666666667,-43.4888333333333,"Mk37_2",-28.50725,30.6128519669301,"alkenone, TEX, d13Ccarb, d13C alkenones from Pagani",1939
"phytoplankton_zhang_2013.xlsx",80,81,"phytoplankton_Zhang_2013_77",,"phytoplankton_pagani_2011_76",,"T",,2013,33.69,4.20416666666667,-43.4888333333333,"Mk37_2",-30.676,27.7374308380844,"alkenone, TEX, d13Ccarb, d13C alkenones from Pagani",1940
"phytoplankton_zhang_2013.xlsx",81,82,"phytoplankton_Zhang_2013_78",,"phytoplankton_pagani_2011_77",,"T",,2013,34.69,4.20416666666667,-43.4888333333333,"Mk37_2",-31.327,29.6988544503537,"alkenone, TEX, d13Ccarb, d13C alkenones from Pagani",1941
"phytoplankton_zhang_2013.xlsx",82,83,"phytoplankton_Zhang_2013_79",,"phytoplankton_pagani_2011_78",,"T",,2013,35.29,4.20416666666667,-43.4888333333333,"Mk37_2",-30.5805,28.3784639357056,"alkenone, TEX, d13Ccarb, d13C alkenones from Pagani",1942
"phytoplankton_zhang_2013.xlsx",83,84,"phytoplankton_Zhang_2013_80",,"phytoplankton_pagani_2011_79",,"T",,2013,35.56,4.20416666666667,-43.4888333333333,"Mk37_2",-30.65975,30.9279356068856,"alkenone, TEX, d13Ccarb, d13C alkenones from Pagani",1943
"phytoplankton_zhang_2013.xlsx",84,85,"phytoplankton_Zhang_2013_81",,"phytoplankton_pagani_2011_80",,"T",,2013,35.86,4.20416666666667,-43.4888333333333,"Mk37_2",-30.83675,29.4027227172107,"alkenone, TEX, d13Ccarb, d13C alkenones from Pagani",1944
"phytoplankton_zhang_2013.xlsx",85,86,"phytoplankton_Zhang_2013_82",,"phytoplankton_pagani_2011_81",,"T",,2013,36.09,4.20416666666667,-43.4888333333333,"Mk37_2",-31.2705,30.292487450296,"alkenone, TEX, d13Ccarb, d13C alkenones from Pagani",1945
"phytoplankton_zhang_2013.xlsx",86,87,"phytoplankton_Zhang_2013_83",,"phytoplankton_pagani_2011_82",,"T",,2013,36.48,4.20416666666667,-43.4888333333333,"Mk37_2",-33.27375,28.9328501674272,"alkenone, TEX, d13Ccarb, d13C alkenones from Pagani",1946
"phytoplankton_zhang_2013.xlsx",87,88,"phytoplankton_Zhang_2013_84",,"phytoplankton_pagani_2011_83",,"T",,2013,36.81,4.20416666666667,-43.4888333333333,"Mk37_2",-31.252,32.3441177948512,"alkenone, TEX, d13Ccarb, d13C alkenones from Pagani",1947
"phytoplankton_zhang_2013.xlsx",88,89,"phytoplankton_Zhang_2013_85",,"phytoplankton_pagani_2011_84",,"T",,2013,37.1,4.20416666666667,-43.4888333333333,"Mk37_2",-30.558,29.1111341036784,"alkenone, TEX, d13Ccarb, d13C alkenones from Pagani",1948
"phytoplankton_zhang_2013.xlsx",89,90,"phytoplankton_Zhang_2013_86",,"phytoplankton_pagani_2011_85",,"T",,2013,37.43,4.20416666666667,-43.4888333333333,"Mk37_2",-30.868,30.3596550599536,"alkenone, TEX, d13Ccarb, d13C alkenones from Pagani",1949
"phytoplankton_zhang_2013.xlsx",90,91,"phytoplankton_Zhang_2013_87",,"phytoplankton_pagani_2011_86",,"T",,2013,38.55,4.20416666666667,-43.4888333333333,"Mk37_2",-30.64725,31.5360556165405,"alkenone, TEX, d13Ccarb, d13C alkenones from Pagani",1950
"phytoplankton_zhang_2013.xlsx",91,92,"phytoplankton_Zhang_2013_88",,"phytoplankton_pagani_2011_87",,"T",,2013,38.25,4.20416666666667,-43.4888333333333,"Mk37_2",-30.22775,29.4382283838993,"alkenone, TEX, d13Ccarb, d13C alkenones from Pagani",1951
"phytoplankton_zhang_2013.xlsx",92,93,"phytoplankton_Zhang_2013_89",,"phytoplankton_pagani_2011_88",,"T",,2013,38.62,4.20416666666667,-43.4888333333333,"Mk37_2",-30.128,33.0180462516302,"alkenone, TEX, d13Ccarb, d13C alkenones from Pagani",1952
"phytoplankton_zhang_2017.xlsx",4,5,"phytoplankton_Zhang_2017_1",,,,"F","Site 850 is in the EEP upwelling region and is far from CO2 equilibrium with the atmosphere",2017,0,1.29716666666667,-110.5215,"Mk37_2",-22.0694098073555,25.2287432097058,"7.5% 1std error applied to CO2 estimates",1953
"phytoplankton_zhang_2017.xlsx",5,6,"phytoplankton_Zhang_2017_2",,,,"F","Site 850 is in the EEP upwelling region and is far from CO2 equilibrium with the atmosphere",2017,0,1.29716666666667,-110.5215,"Mk37_2",-25.6846852659111,21.9257002683426,"7.5% 1std error applied to CO2 estimates",1954
"phytoplankton_zhang_2017.xlsx",6,7,"phytoplankton_Zhang_2017_3",,,,"F","Site 850 is in the EEP upwelling region and is far from CO2 equilibrium with the atmosphere",2017,0.12043,1.29716666666667,-110.5215,"Mk37_2",-23.5617812991254,22.800505,"7.5% 1std error applied to CO2 estimates",1955
"phytoplankton_zhang_2017.xlsx",7,8,"phytoplankton_Zhang_2017_4",,,,"F","Site 850 is in the EEP upwelling region and is far from CO2 equilibrium with the atmosphere",2017,0.2728,1.29716666666667,-110.5215,"Mk37_2",-24.8677142195811,21.7707837153897,"7.5% 1std error applied to CO2 estimates",1956
"phytoplankton_zhang_2017.xlsx",8,9,"phytoplankton_Zhang_2017_5",,,,"F","Site 850 is in the EEP upwelling region and is far from CO2 equilibrium with the atmosphere",2017,0.57755,1.29716666666667,-110.5215,"Mk37_2",-25.1784764240801,22.81488,"7.5% 1std error applied to CO2 estimates",1957
"phytoplankton_zhang_2017.xlsx",9,10,"phytoplankton_Zhang_2017_6",,,,"F","Site 850 is in the EEP upwelling region and is far from CO2 equilibrium with the atmosphere",2017,0.72484,1.29716666666667,-110.5215,"Mk37_2",-24.5204890350243,22.338355,"7.5% 1std error applied to CO2 estimates",1958
"phytoplankton_zhang_2017.xlsx",10,11,"phytoplankton_Zhang_2017_7",,,,"F","Site 850 is in the EEP upwelling region and is far from CO2 equilibrium with the atmosphere",2017,0.87722,1.29716666666667,-110.5215,"Mk37_2",-24.1014443368829,21.35649,"7.5% 1std error applied to CO2 estimates",1959
"phytoplankton_zhang_2017.xlsx",11,12,"phytoplankton_Zhang_2017_8",,,,"F","Site 850 is in the EEP upwelling region and is far from CO2 equilibrium with the atmosphere",2017,1.02959,1.29716666666667,-110.5215,"Mk37_2",-25.4147843894157,21.5567561405261,"7.5% 1std error applied to CO2 estimates",1960
"phytoplankton_zhang_2017.xlsx",12,13,"phytoplankton_Zhang_2017_9",,,,"F","Site 850 is in the EEP upwelling region and is far from CO2 equilibrium with the atmosphere",2017,1.34772,1.29716666666667,-110.5215,"Mk37_2",-23.6735086619082,22.7357547858152,"7.5% 1std error applied to CO2 estimates",1961
"phytoplankton_zhang_2017.xlsx",13,14,"phytoplankton_Zhang_2017_10",,,,"F","Site 850 is in the EEP upwelling region and is far from CO2 equilibrium with the atmosphere",2017,1.50634,1.29716666666667,-110.5215,"Mk37_2",-23.6742670792371,21.9909102747839,"7.5% 1std error applied to CO2 estimates",1962
"phytoplankton_zhang_2017.xlsx",14,15,"phytoplankton_Zhang_2017_11",,,,"F","Site 850 is in the EEP upwelling region and is far from CO2 equilibrium with the atmosphere",2017,1.66275,1.29716666666667,-110.5215,"Mk37_2",-24.1077247869318,22.09749,"7.5% 1std error applied to CO2 estimates",1963
"phytoplankton_zhang_2017.xlsx",15,16,"phytoplankton_Zhang_2017_12",,,,"F","Site 850 is in the EEP upwelling region and is far from CO2 equilibrium with the atmosphere",2017,1.81543,1.29716666666667,-110.5215,"Mk37_2",-24.4250522291551,23.58122,"7.5% 1std error applied to CO2 estimates",1964
"phytoplankton_zhang_2017.xlsx",16,17,"phytoplankton_Zhang_2017_13",,,,"F","Site 850 is in the EEP upwelling region and is far from CO2 equilibrium with the atmosphere",2017,1.96812,1.29716666666667,-110.5215,"Mk37_2",-24.0043155281792,23.8210365085069,"7.5% 1std error applied to CO2 estimates",1965
"phytoplankton_zhang_2017.xlsx",17,18,"phytoplankton_Zhang_2017_14",,,,"F","Site 850 is in the EEP upwelling region and is far from CO2 equilibrium with the atmosphere",2017,2.12046,1.29716666666667,-110.5215,"Mk37_2",-23.7770292178235,23.947985,"7.5% 1std error applied to CO2 estimates",1966
"phytoplankton_zhang_2017.xlsx",18,19,"phytoplankton_Zhang_2017_15",,,,"F","Site 850 is in the EEP upwelling region and is far from CO2 equilibrium with the atmosphere",2017,2.25489,1.29716666666667,-110.5215,"Mk37_2",-24.7591351368794,24.010385,"7.5% 1std error applied to CO2 estimates",1967
"phytoplankton_zhang_2017.xlsx",19,20,"phytoplankton_Zhang_2017_16",,,,"F","Site 850 is in the EEP upwelling region and is far from CO2 equilibrium with the atmosphere",2017,2.38707,1.29716666666667,-110.5215,"Mk37_2",-24.1736492710857,24.8153073504532,"7.5% 1std error applied to CO2 estimates",1968
"phytoplankton_zhang_2017.xlsx",20,21,"phytoplankton_Zhang_2017_17",,,,"F","Site 850 is in the EEP upwelling region and is far from CO2 equilibrium with the atmosphere",2017,2.5215,1.29716666666667,-110.5215,"Mk37_2",-24.8986597040781,23.2043229427174,"7.5% 1std error applied to CO2 estimates",1969
"phytoplankton_zhang_2017.xlsx",21,22,"phytoplankton_Zhang_2017_18",,,,"F","Site 850 is in the EEP upwelling region and is far from CO2 equilibrium with the atmosphere",2017,2.65592,1.29716666666667,-110.5215,"Mk37_2",-23.5905818855295,24.04807,"7.5% 1std error applied to CO2 estimates",1970
"phytoplankton_zhang_2017.xlsx",22,23,"phytoplankton_Zhang_2017_19",,,,"F","Site 850 is in the EEP upwelling region and is far from CO2 equilibrium with the atmosphere",2017,2.79035,1.29716666666667,-110.5215,"Mk37_2",-24.2932877060052,24.96962,"7.5% 1std error applied to CO2 estimates",1971
"phytoplankton_zhang_2017.xlsx",23,24,"phytoplankton_Zhang_2017_20",,,,"F","Site 850 is in the EEP upwelling region and is far from CO2 equilibrium with the atmosphere",2017,2.92477,1.29716666666667,-110.5215,"Mk37_2",-23.8959067134705,25.245239780058,"7.5% 1std error applied to CO2 estimates",1972
"phytoplankton_zhang_2017.xlsx",24,25,"phytoplankton_Zhang_2017_21",,,,"F","Site 850 is in the EEP upwelling region and is far from CO2 equilibrium with the atmosphere",2017,3.17122,1.29716666666667,-110.5215,"Mk37_2",-24.1588324257272,25.466735,"7.5% 1std error applied to CO2 estimates",1973
"phytoplankton_zhang_2017.xlsx",25,26,"phytoplankton_Zhang_2017_22",,,,"F","Site 850 is in the EEP upwelling region and is far from CO2 equilibrium with the atmosphere",2017,3.44903,1.29716666666667,-110.5215,"Mk37_2",-24.1099923167367,24.106445,"7.5% 1std error applied to CO2 estimates",1974
"phytoplankton_zhang_2017.xlsx",26,27,"phytoplankton_Zhang_2017_23",,,,"F","Site 850 is in the EEP upwelling region and is far from CO2 equilibrium with the atmosphere",2017,3.46471,1.29716666666667,-110.5215,"Mk37_2",-24.3332157493039,26.169785,"7.5% 1std error applied to CO2 estimates",1975
"phytoplankton_zhang_2017.xlsx",27,28,"phytoplankton_Zhang_2017_24",,,,"F","Site 850 is in the EEP upwelling region and is far from CO2 equilibrium with the atmosphere",2017,3.70588,1.29716666666667,-110.5215,"Mk37_2",-24.2123431501305,26.5485249195332,"7.5% 1std error applied to CO2 estimates",1976
"phytoplankton_zhang_2017.xlsx",28,29,"phytoplankton_Zhang_2017_25",,,,"F","Site 850 is in the EEP upwelling region and is far from CO2 equilibrium with the atmosphere",2017,3.75885,1.29716666666667,-110.5215,"Mk37_2",-23.4377065813528,25.993225,"7.5% 1std error applied to CO2 estimates",1977
"phytoplankton_zhang_2017.xlsx",29,30,"phytoplankton_Zhang_2017_26",,,,"F","Site 850 is in the EEP upwelling region and is far from CO2 equilibrium with the atmosphere",2017,3.92063,1.29716666666667,-110.5215,"Mk37_2",-24.1401905982054,25.8424725511775,"7.5% 1std error applied to CO2 estimates",1978
"phytoplankton_zhang_2017.xlsx",30,31,"phytoplankton_Zhang_2017_27",,,,"F","Site 850 is in the EEP upwelling region and is far from CO2 equilibrium with the atmosphere",2017,4.07632,1.29716666666667,-110.5215,"Mk37_2",-23.704703016815,25.958095,"7.5% 1std error applied to CO2 estimates",1979
"phytoplankton_zhang_2017.xlsx",31,32,"phytoplankton_Zhang_2017_28",,,,"F","Site 850 is in the EEP upwelling region and is far from CO2 equilibrium with the atmosphere",2017,4.13537,1.29716666666667,-110.5215,"Mk37_2",-23.3402112740957,26.8647946757885,"7.5% 1std error applied to CO2 estimates",1980
"phytoplankton_zhang_2017.xlsx",32,33,"phytoplankton_Zhang_2017_29",,,,"F","Site 850 is in the EEP upwelling region and is far from CO2 equilibrium with the atmosphere",2017,4.36802,1.29716666666667,-110.5215,"Mk37_2",-24.4987796262014,26.30144,"7.5% 1std error applied to CO2 estimates",1981
"phytoplankton_zhang_2017.xlsx",33,34,"phytoplankton_Zhang_2017_30",,,,"F","Site 850 is in the EEP upwelling region and is far from CO2 equilibrium with the atmosphere",2017,4.39307,1.29716666666667,-110.5215,"Mk37_2",-23.5770758040366,25.291504725012,"7.5% 1std error applied to CO2 estimates",1982
"phytoplankton_zhang_2017.xlsx",34,35,"phytoplankton_Zhang_2017_31",,,,"F","Site 850 is in the EEP upwelling region and is far from CO2 equilibrium with the atmosphere",2017,4.56487,1.29716666666667,-110.5215,"Mk37_2",-24.7476441659384,26.606155,"7.5% 1std error applied to CO2 estimates",1983
"phytoplankton_zhang_2017.xlsx",35,36,"phytoplankton_Zhang_2017_32",,,,"F","Site 850 is in the EEP upwelling region and is far from CO2 equilibrium with the atmosphere",2017,4.70983,1.29716666666667,-110.5215,"Mk37_2",-24.9184055177627,24.693325,"7.5% 1std error applied to CO2 estimates",1984
"phytoplankton_zhang_2017.xlsx",36,37,"phytoplankton_Zhang_2017_33",,,,"F","Site 850 is in the EEP upwelling region and is far from CO2 equilibrium with the atmosphere",2017,4.77962,1.29716666666667,-110.5215,"Mk37_2",-24.7735641736355,24.7230576603767,"7.5% 1std error applied to CO2 estimates",1985
"phytoplankton_zhang_2017.xlsx",37,38,"phytoplankton_Zhang_2017_34",,,,"F","Site 850 is in the EEP upwelling region and is far from CO2 equilibrium with the atmosphere",2017,4.99079,1.29716666666667,-110.5215,"Mk37_2",-24.688086610682,25.1718187822798,"7.5% 1std error applied to CO2 estimates",1986
"phytoplankton_zhang_2017.xlsx",38,39,"phytoplankton_Zhang_2017_35",,,,"F","Site 850 is in the EEP upwelling region and is far from CO2 equilibrium with the atmosphere",2017,4.99437,1.29716666666667,-110.5215,"Mk37_2",-24.4764386142858,25.8068031679887,"7.5% 1std error applied to CO2 estimates",1987
"phytoplankton_zhang_2017.xlsx",39,40,"phytoplankton_Zhang_2017_36",,,,"F","Site 850 is in the EEP upwelling region and is far from CO2 equilibrium with the atmosphere",2017,5.21451,1.29716666666667,-110.5215,"Mk37_2",-25.541804430304,25.71957,"7.5% 1std error applied to CO2 estimates",1988
"phytoplankton_zhang_2017.xlsx",40,41,"phytoplankton_Zhang_2017_37",,,,"F","Site 850 is in the EEP upwelling region and is far from CO2 equilibrium with the atmosphere",2017,5.39674,1.29716666666667,-110.5215,"Mk37_2",-25.1740624765478,24.82147,"7.5% 1std error applied to CO2 estimates",1989
"phytoplankton_zhang_2017.xlsx",41,42,"phytoplankton_Zhang_2017_38",,,,"F","Site 850 is in the EEP upwelling region and is far from CO2 equilibrium with the atmosphere",2017,5.57897,1.29716666666667,-110.5215,"Mk37_2",-25.0091035302674,26.7287929568331,"7.5% 1std error applied to CO2 estimates",1990
"phytoplankton_zhang_2017.xlsx",42,43,"phytoplankton_Zhang_2017_39",,,,"F","Site 850 is in the EEP upwelling region and is far from CO2 equilibrium with the atmosphere",2017,5.76121,1.29716666666667,-110.5215,"Mk37_2",-25.2765261775975,26.8807579032824,"7.5% 1std error applied to CO2 estimates",1991
"phytoplankton_zhang_2017.xlsx",43,44,"phytoplankton_Zhang_2017_40",,,,"F","Site 850 is in the EEP upwelling region and is far from CO2 equilibrium with the atmosphere",2017,5.94344,1.29716666666667,-110.5215,"Mk37_2",-25.9081674972914,26.83013,"7.5% 1std error applied to CO2 estimates",1992
"phytoplankton_zhang_2017.xlsx",44,45,"phytoplankton_Zhang_2017_41",,,,"F","Site 850 is in the EEP upwelling region and is far from CO2 equilibrium with the atmosphere",2017,6.30322,1.29716666666667,-110.5215,"Mk37_2",-25.5959845498376,26.01915,"7.5% 1std error applied to CO2 estimates",1993
"phytoplankton_zhang_2017.xlsx",45,46,"phytoplankton_Zhang_2017_42",,,,"F","Site 850 is in the EEP upwelling region and is far from CO2 equilibrium with the atmosphere",2017,6.45471,1.29716666666667,-110.5215,"Mk37_2",-26.1995245561231,26.32472,"7.5% 1std error applied to CO2 estimates",1994
"phytoplankton_zhang_2017.xlsx",46,47,"phytoplankton_Zhang_2017_43",,,,"T",,2017,0.09557,0.3185,159.3615,"Mk37_2",-24.38,27.2790047322353,"7.5% 1std error applied to CO2 estimates",1995
"phytoplankton_zhang_2017.xlsx",47,48,"phytoplankton_Zhang_2017_44",,,,"T",,2017,0.21529,0.3185,159.3615,"Mk37_2",-24.5685,27.3755722852795,"7.5% 1std error applied to CO2 estimates",1996
"phytoplankton_zhang_2017.xlsx",48,49,"phytoplankton_Zhang_2017_45",,"phytoplankton_Pagani_2010_1",,"T",,2017,0.44877,0.3185,159.3615,"Mk37_2",-24.919,26.6922084165546,"alkenone d13C, alkenone Uk37, foraminifera d13C and d18O are from Pagani et al., 2010; 7.5% 1std error applied to CO2 estimates",1997
"phytoplankton_zhang_2017.xlsx",49,50,"phytoplankton_Zhang_2017_46",,"phytoplankton_Pagani_2010_2",,"T",,2017,0.64506,0.3185,159.3615,"Mk37_2",-25.007,27.9338340669149,"alkenone d13C, alkenone Uk37, foraminifera d13C and d18O are from Pagani et al., 2010; 7.5% 1std error applied to CO2 estimates",1998
"phytoplankton_zhang_2017.xlsx",50,51,"phytoplankton_Zhang_2017_47",,"phytoplankton_Pagani_2010_3",,"T",,2017,0.72015,0.3185,159.3615,"Mk37_2",-24.533,27.2756509543264,"alkenone d13C, alkenone Uk37, foraminifera d13C and d18O are from Pagani et al., 2010; 7.5% 1std error applied to CO2 estimates",1999
"phytoplankton_zhang_2017.xlsx",51,52,"phytoplankton_Zhang_2017_48",,"phytoplankton_Pagani_2010_4",,"T",,2017,0.77692,0.3185,159.3615,"Mk37_2",-24.562,26.9952326183993,"alkenone d13C, alkenone Uk37, foraminifera d13C and d18O are from Pagani et al., 2010; 7.5% 1std error applied to CO2 estimates",2000
"phytoplankton_zhang_2017.xlsx",52,53,"phytoplankton_Zhang_2017_49",,"phytoplankton_Pagani_2010_5",,"T",,2017,0.82386,0.3185,159.3615,"Mk37_2",-25.511,26.9558353268195,"alkenone d13C, alkenone Uk37, foraminifera d13C and d18O are from Pagani et al., 2010; 7.5% 1std error applied to CO2 estimates",2001
"phytoplankton_zhang_2017.xlsx",53,54,"phytoplankton_Zhang_2017_50",,"phytoplankton_Pagani_2010_6",,"T",,2017,0.85515,0.3185,159.3615,"Mk37_2",-24.712,27.3467539856108,"alkenone d13C, alkenone Uk37, foraminifera d13C and d18O are from Pagani et al., 2010; 7.5% 1std error applied to CO2 estimates",2002
"phytoplankton_zhang_2017.xlsx",54,55,"phytoplankton_Zhang_2017_51",,"phytoplankton_Pagani_2010_7",,"T",,2017,0.92667,0.3185,159.3615,"Mk37_2",-25.463,26.7374760964937,"alkenone d13C, alkenone Uk37, foraminifera d13C and d18O are from Pagani et al., 2010; 7.5% 1std error applied to CO2 estimates",2003
"phytoplankton_zhang_2017.xlsx",55,56,"phytoplankton_Zhang_2017_52",,"phytoplankton_Pagani_2010_8",,"T",,2017,0.99819,0.3185,159.3615,"Mk37_2",-25.136,27.0292485930296,"alkenone d13C, alkenone Uk37, foraminifera d13C and d18O are from Pagani et al., 2010; 7.5% 1std error applied to CO2 estimates",2004
"phytoplankton_zhang_2017.xlsx",56,57,"phytoplankton_Zhang_2017_53",,"phytoplankton_Pagani_2010_9",,"T",,2017,1.05183,0.3185,159.3615,"Mk37_2",-25.0215,27.0571345444707,"alkenone d13C, alkenone Uk37, foraminifera d13C and d18O are from Pagani et al., 2010; 7.5% 1std error applied to CO2 estimates",2005
"phytoplankton_zhang_2017.xlsx",57,58,"phytoplankton_Zhang_2017_54",,"phytoplankton_Pagani_2010_10",,"T",,2017,1.12335,0.3185,159.3615,"Mk37_2",-24.756,26.873469011854,"alkenone d13C, alkenone Uk37, foraminifera d13C and d18O are from Pagani et al., 2010; 7.5% 1std error applied to CO2 estimates",2006
"phytoplankton_zhang_2017.xlsx",58,59,"phytoplankton_Zhang_2017_55",,"phytoplankton_Pagani_2010_11",,"T",,2017,1.17922,0.3185,159.3615,"Mk37_2",-25.258,26.4008354559708,"alkenone d13C, alkenone Uk37, foraminifera d13C and d18O are from Pagani et al., 2010; 7.5% 1std error applied to CO2 estimates",2007
"phytoplankton_zhang_2017.xlsx",59,60,"phytoplankton_Zhang_2017_56",,"phytoplankton_Pagani_2010_12",,"T",,2017,1.1904,0.3185,159.3615,"Mk37_2",-25.001,27.6257438998218,"alkenone d13C, alkenone Uk37, foraminifera d13C and d18O are from Pagani et al., 2010; 7.5% 1std error applied to CO2 estimates",2008
"phytoplankton_zhang_2017.xlsx",60,61,"phytoplankton_Zhang_2017_57",,"phytoplankton_Pagani_2010_13",,"T",,2017,1.21945,0.3185,159.3615,"Mk37_2",-25.296,27.8730109662276,"alkenone d13C, alkenone Uk37, foraminifera d13C and d18O are from Pagani et al., 2010; 7.5% 1std error applied to CO2 estimates",2009
"phytoplankton_zhang_2017.xlsx",61,62,"phytoplankton_Zhang_2017_58",,"phytoplankton_Pagani_2010_14",,"T",,2017,1.2342,0.3185,159.3615,"Mk37_2",-24.9045,28.1411549259484,"alkenone d13C, alkenone Uk37, foraminifera d13C and d18O are from Pagani et al., 2010; 7.5% 1std error applied to CO2 estimates",2010
"phytoplankton_zhang_2017.xlsx",62,63,"phytoplankton_Zhang_2017_59",,"phytoplankton_Pagani_2010_15",,"T",,2017,1.25074,0.3185,159.3615,"Mk37_2",-25.1955,27.0699813866507,"alkenone d13C, alkenone Uk37, foraminifera d13C and d18O are from Pagani et al., 2010; 7.5% 1std error applied to CO2 estimates",2011
"phytoplankton_zhang_2017.xlsx",63,64,"phytoplankton_Zhang_2017_60",,"phytoplankton_Pagani_2010_16",,"T",,2017,1.26862,0.3185,159.3615,"Mk37_2",-25.3945,26.943859961454,"alkenone d13C, alkenone Uk37, foraminifera d13C and d18O are from Pagani et al., 2010; 7.5% 1std error applied to CO2 estimates",2012
"phytoplankton_zhang_2017.xlsx",64,65,"phytoplankton_Zhang_2017_61",,"phytoplankton_Pagani_2010_17",,"T",,2017,1.26415,0.3185,159.3615,"Mk37_2",-24.973,26.0132850105114,"alkenone d13C, alkenone Uk37, foraminifera d13C and d18O are from Pagani et al., 2010; 7.5% 1std error applied to CO2 estimates",2013
"phytoplankton_zhang_2017.xlsx",65,66,"phytoplankton_Zhang_2017_62",,"phytoplankton_Pagani_2010_18",,"T",,2017,1.31779,0.3185,159.3615,"Mk37_2",-24.89,27.0984238887493,"alkenone d13C, alkenone Uk37, foraminifera d13C and d18O are from Pagani et al., 2010; 7.5% 1std error applied to CO2 estimates",2014
"phytoplankton_zhang_2017.xlsx",66,67,"phytoplankton_Zhang_2017_63",,"phytoplankton_Pagani_2010_19",,"T",,2017,1.65528,0.3185,159.3615,"Mk37_2",-24.98,25.9375720203712,"alkenone d13C, alkenone Uk37, foraminifera d13C and d18O are from Pagani et al., 2010; 7.5% 1std error applied to CO2 estimates",2015
"phytoplankton_zhang_2017.xlsx",67,68,"phytoplankton_Zhang_2017_64",,"phytoplankton_Pagani_2010_20",,"T",,2017,1.74925,0.3185,159.3615,"Mk37_2",-24.876,27.9701626732851,"alkenone d13C, alkenone Uk37, foraminifera d13C and d18O are from Pagani et al., 2010; 7.5% 1std error applied to CO2 estimates",2016
"phytoplankton_zhang_2017.xlsx",68,69,"phytoplankton_Zhang_2017_65",,"phytoplankton_Pagani_2010_21",,"T",,2017,1.80035,0.3185,159.3615,"Mk37_2",-25.193,26.6474693476364,"alkenone d13C, alkenone Uk37, foraminifera d13C and d18O are from Pagani et al., 2010; 7.5% 1std error applied to CO2 estimates",2017
"phytoplankton_zhang_2017.xlsx",69,70,"phytoplankton_Zhang_2017_66",,"phytoplankton_Pagani_2010_22",,"T",,2017,1.85414,0.3185,159.3615,"Mk37_2",-24.9625,27.6213296230276,"alkenone d13C, alkenone Uk37, foraminifera d13C and d18O are from Pagani et al., 2010; 7.5% 1std error applied to CO2 estimates",2018
"phytoplankton_zhang_2017.xlsx",70,71,"phytoplankton_Zhang_2017_67",,"phytoplankton_Pagani_2010_23",,"T",,2017,1.90793,0.3185,159.3615,"Mk37_2",-25.121,27.7514884453142,"alkenone d13C, alkenone Uk37, foraminifera d13C and d18O are from Pagani et al., 2010; 7.5% 1std error applied to CO2 estimates",2019
"phytoplankton_zhang_2017.xlsx",71,72,"phytoplankton_Zhang_2017_68",,"phytoplankton_Pagani_2010_24",,"T",,2017,1.99269,0.3185,159.3615,"Mk37_2",-25.318,27.8188338315975,"alkenone d13C, alkenone Uk37, foraminifera d13C and d18O are from Pagani et al., 2010; 7.5% 1std error applied to CO2 estimates",2020
"phytoplankton_zhang_2017.xlsx",72,73,"phytoplankton_Zhang_2017_69",,"phytoplankton_Pagani_2010_25",,"T",,2017,2.22691,0.3185,159.3615,"Mk37_2",-25.5005,27.6882201471733,"alkenone d13C, alkenone Uk37, foraminifera d13C and d18O are from Pagani et al., 2010; 7.5% 1std error applied to CO2 estimates",2021
"phytoplankton_zhang_2017.xlsx",73,74,"phytoplankton_Zhang_2017_70",,"phytoplankton_Pagani_2010_26",,"T",,2017,2.27981,0.3185,159.3615,"Mk37_2",-25.0395,27.413244373799,"alkenone d13C, alkenone Uk37, foraminifera d13C and d18O are from Pagani et al., 2010; 7.5% 1std error applied to CO2 estimates",2022
"phytoplankton_zhang_2017.xlsx",74,75,"phytoplankton_Zhang_2017_71",,"phytoplankton_Pagani_2010_27",,"T",,2017,2.35758,0.3185,159.3615,"Mk37_2",-25.382,28.1610858620773,"alkenone d13C, alkenone Uk37, foraminifera d13C and d18O are from Pagani et al., 2010; 7.5% 1std error applied to CO2 estimates",2023
"phytoplankton_zhang_2017.xlsx",75,76,"phytoplankton_Zhang_2017_72",,"phytoplankton_Pagani_2010_28",,"T",,2017,2.40496,0.3185,159.3615,"Mk37_2",-26.369,28.3615823947404,"alkenone d13C, alkenone Uk37, foraminifera d13C and d18O are from Pagani et al., 2010; 7.5% 1std error applied to CO2 estimates",2024
"phytoplankton_zhang_2017.xlsx",76,77,"phytoplankton_Zhang_2017_73",,"phytoplankton_Pagani_2010_29",,"T",,2017,2.45798,0.3185,159.3615,"Mk37_2",-26.2265,27.4100585459141,"alkenone d13C, alkenone Uk37, foraminifera d13C and d18O are from Pagani et al., 2010; 7.5% 1std error applied to CO2 estimates",2025
"phytoplankton_zhang_2017.xlsx",77,78,"phytoplankton_Zhang_2017_74",,"phytoplankton_Pagani_2010_30",,"T",,2017,2.5016,0.3185,159.3615,"Mk37_2",-26.323,28.0668780954231,"alkenone d13C, alkenone Uk37, foraminifera d13C and d18O are from Pagani et al., 2010; 7.5% 1std error applied to CO2 estimates",2026
"phytoplankton_zhang_2017.xlsx",78,79,"phytoplankton_Zhang_2017_75",,"phytoplankton_Pagani_2010_31",,"T",,2017,2.5322,0.3185,159.3615,"Mk37_2",-26.004,28.5663099956772,"alkenone d13C, alkenone Uk37, foraminifera d13C and d18O are from Pagani et al., 2010; 7.5% 1std error applied to CO2 estimates",2027
"phytoplankton_zhang_2017.xlsx",79,80,"phytoplankton_Zhang_2017_76",,"phytoplankton_Pagani_2010_32",,"T",,2017,2.52358,0.3185,159.3615,"Mk37_2",-25.719,27.5302658913607,"alkenone d13C, alkenone Uk37, foraminifera d13C and d18O are from Pagani et al., 2010; 7.5% 1std error applied to CO2 estimates",2028
"phytoplankton_zhang_2017.xlsx",80,81,"phytoplankton_Zhang_2017_77",,"phytoplankton_Pagani_2010_33",,"T",,2017,2.60847,0.3185,159.3615,"Mk37_2",-25.34,27.199979150577,"alkenone d13C, alkenone Uk37, foraminifera d13C and d18O are from Pagani et al., 2010; 7.5% 1std error applied to CO2 estimates",2029
"phytoplankton_zhang_2017.xlsx",81,82,"phytoplankton_Zhang_2017_78",,"phytoplankton_Pagani_2010_34",,"T",,2017,2.70496,0.3185,159.3615,"Mk37_2",-25.5105,27.8895523062057,"alkenone d13C, alkenone Uk37, foraminifera d13C and d18O are from Pagani et al., 2010; 7.5% 1std error applied to CO2 estimates",2030
"phytoplankton_zhang_2017.xlsx",82,83,"phytoplankton_Zhang_2017_79",,"phytoplankton_Pagani_2010_35",,"T",,2017,2.80498,0.3185,159.3615,"Mk37_2",-25.515,28.4834344161218,"alkenone d13C, alkenone Uk37, foraminifera d13C and d18O are from Pagani et al., 2010; 7.5% 1std error applied to CO2 estimates",2031
"phytoplankton_zhang_2017.xlsx",83,84,"phytoplankton_Zhang_2017_80",,"phytoplankton_Pagani_2010_36",,"T",,2017,2.89839,0.3185,159.3615,"Mk37_2",-25.6665,28.0773106437613,"alkenone d13C, alkenone Uk37, foraminifera d13C and d18O are from Pagani et al., 2010; 7.5% 1std error applied to CO2 estimates",2032
"phytoplankton_zhang_2017.xlsx",84,85,"phytoplankton_Zhang_2017_81",,"phytoplankton_Pagani_2010_37",,"T",,2017,2.99791,0.3185,159.3615,"Mk37_2",-25.976,28.1418793947557,"alkenone d13C, alkenone Uk37, foraminifera d13C and d18O are from Pagani et al., 2010; 7.5% 1std error applied to CO2 estimates",2033
"phytoplankton_zhang_2017.xlsx",85,86,"phytoplankton_Zhang_2017_82",,"phytoplankton_Pagani_2010_38",,"T",,2017,3.07133,0.3185,159.3615,"Mk37_2",-24.71,28.7688187677859,"alkenone d13C, alkenone Uk37, foraminifera d13C and d18O are from Pagani et al., 2010; 7.5% 1std error applied to CO2 estimates",2034
"phytoplankton_zhang_2017.xlsx",86,87,"phytoplankton_Zhang_2017_83",,"phytoplankton_Pagani_2010_39",,"T",,2017,3.17143,0.3185,159.3615,"Mk37_2",-24.133,28.0063180717698,"alkenone d13C, alkenone Uk37, foraminifera d13C and d18O are from Pagani et al., 2010; 7.5% 1std error applied to CO2 estimates",2035
"phytoplankton_zhang_2017.xlsx",87,88,"phytoplankton_Zhang_2017_84",,"phytoplankton_Pagani_2010_40",,"T",,2017,3.24542,0.3185,159.3615,"Mk37_2",-24.4895,28.5509160098322,"alkenone d13C, alkenone Uk37, foraminifera d13C and d18O are from Pagani et al., 2010; 7.5% 1std error applied to CO2 estimates",2036
"phytoplankton_zhang_2017.xlsx",88,89,"phytoplankton_Zhang_2017_85",,"phytoplankton_Pagani_2010_41",,"T",,2017,3.45479,0.3185,159.3615,"Mk37_2",-25.543,29.0038540357787,"alkenone d13C, alkenone Uk37, foraminifera d13C and d18O are from Pagani et al., 2010; 7.5% 1std error applied to CO2 estimates",2037
"phytoplankton_zhang_2017.xlsx",89,90,"phytoplankton_Zhang_2017_86",,"phytoplankton_Pagani_2010_42",,"T",,2017,3.54083,0.3185,159.3615,"Mk37_2",-24.8995,27.5937177231206,"alkenone d13C, alkenone Uk37, foraminifera d13C and d18O are from Pagani et al., 2010; 7.5% 1std error applied to CO2 estimates",2038
"phytoplankton_zhang_2017.xlsx",90,91,"phytoplankton_Zhang_2017_87",,"phytoplankton_Pagani_2010_43",,"T",,2017,3.74655,0.3185,159.3615,"Mk37_2",-25.8035,28.7440684479273,"alkenone d13C, alkenone Uk37, foraminifera d13C and d18O are from Pagani et al., 2010; 7.5% 1std error applied to CO2 estimates",2039
"phytoplankton_zhang_2017.xlsx",91,92,"phytoplankton_Zhang_2017_88",,"phytoplankton_Pagani_2010_44",,"T",,2017,3.94777,0.3185,159.3615,"Mk37_2",-25.623,28.6446787880177,"alkenone d13C, alkenone Uk37, foraminifera d13C and d18O are from Pagani et al., 2010; 7.5% 1std error applied to CO2 estimates",2040
"phytoplankton_zhang_2017.xlsx",92,93,"phytoplankton_Zhang_2017_89",,"phytoplankton_Pagani_2010_45",,"T",,2017,4.10539,0.3185,159.3615,"Mk37_2",-24.958,27.8990241189723,"alkenone d13C, alkenone Uk37, foraminifera d13C and d18O are from Pagani et al., 2010; 7.5% 1std error applied to CO2 estimates",2041
"phytoplankton_zhang_2017.xlsx",93,94,"phytoplankton_Zhang_2017_90",,"phytoplankton_Pagani_2010_46",,"T",,2017,4.25543,0.3185,159.3615,"Mk37_2",-24.876,28.1901088940021,"alkenone d13C, alkenone Uk37, foraminifera d13C and d18O are from Pagani et al., 2010; 7.5% 1std error applied to CO2 estimates",2042
"phytoplankton_zhang_2017.xlsx",94,95,"phytoplankton_Zhang_2017_91",,"phytoplankton_Pagani_2010_47",,"T",,2017,4.437,0.3185,159.3615,"Mk37_2",-25.424,28.3997696193364,"alkenone d13C, alkenone Uk37, foraminifera d13C and d18O are from Pagani et al., 2010; 7.5% 1std error applied to CO2 estimates",2043
"phytoplankton_zhang_2017.xlsx",95,96,"phytoplankton_Zhang_2017_92",,"phytoplankton_Pagani_2010_48",,"T",,2017,4.59258,0.3185,159.3615,"Mk37_2",-25.255,28.4317751012084,"alkenone d13C, alkenone Uk37, foraminifera d13C and d18O are from Pagani et al., 2010; 7.5% 1std error applied to CO2 estimates",2044
"phytoplankton_zhang_2017.xlsx",96,97,"phytoplankton_Zhang_2017_93",,"phytoplankton_Pagani_2010_49",,"T",,2017,4.75286,0.3185,159.3615,"Mk37_2",-26.236,29.5784923065124,"alkenone d13C, alkenone Uk37, foraminifera d13C and d18O are from Pagani et al., 2010; 7.5% 1std error applied to CO2 estimates",2045
"phytoplankton_zhang_2017.xlsx",97,98,"phytoplankton_Zhang_2017_94",,"phytoplankton_Pagani_2010_50",,"T",,2017,4.94009,0.3185,159.3615,"Mk37_2",-25.8125,27.5821268613172,"alkenone d13C, alkenone Uk37, foraminifera d13C and d18O are from Pagani et al., 2010; 7.5% 1std error applied to CO2 estimates",2046
"phytoplankton_zhang_2017.xlsx",98,99,"phytoplankton_Zhang_2017_95",,,,"T",,2017,5.13346,0.3185,159.3615,"Mk37_2",-22.72025,28.7135780213146,"7.5% 1std error applied to CO2 estimates",2047
"phytoplankton_zhang_2017.xlsx",99,100,"phytoplankton_Zhang_2017_96",,,,"T",,2017,5.26212,0.3185,159.3615,"Mk37_2",-24.2170263105432,29.0191699138725,"7.5% 1std error applied to CO2 estimates",2048
"phytoplankton_zhang_2017.xlsx",100,101,"phytoplankton_Zhang_2017_97",,,,"T",,2017,5.56497,0.3185,159.3615,"Mk37_2",-23.3500988,28.9522095842923,"7.5% 1std error applied to CO2 estimates",2049
"phytoplankton_zhang_2017.xlsx",101,102,"phytoplankton_Zhang_2017_98",,,,"T",,2017,5.85539,0.3185,159.3615,"Mk37_2",-24.1701578,28.9922218234484,"7.5% 1std error applied to CO2 estimates",2050
"phytoplankton_zhang_2017.xlsx",102,103,"phytoplankton_Zhang_2017_99",,,,"T",,2017,6.03479,0.3185,159.3615,"Mk37_2",-23.4665106,28.8970895973634,"7.5% 1std error applied to CO2 estimates",2051
"phytoplankton_zhang_2017.xlsx",103,104,"phytoplankton_Zhang_2017_100",,,,"T",,2017,6.19027,0.3185,159.3615,"Mk37_2",-25.1751412835959,29.285397071826,"7.5% 1std error applied to CO2 estimates",2052
"phytoplankton_zhang_2017.xlsx",104,105,"phytoplankton_Zhang_2017_101",,,,"T",,2017,6.36967,0.3185,159.3615,"Mk37_2",-24.7956650588386,29.3742853906335,"7.5% 1std error applied to CO2 estimates",2053
"phytoplankton_zhang_2017.xlsx",105,106,"phytoplankton_Zhang_2017_102",,,,"T",,2017,6.52515,0.3185,159.3615,"Mk37_2",-22.1152818662819,29.2663369253315,"7.5% 1std error applied to CO2 estimates",2054
"phytoplankton_zhang_2017.xlsx",106,107,"phytoplankton_Zhang_2017_103",,,,"F","Site 850 is in the EEP upwelling region and is far from CO2 equilibrium with the atmosphere",2017,0.42517,1.29716666666667,-110.5215,,,,,2055
"phytoplankton_zhang_2017.xlsx",107,108,"phytoplankton_Zhang_2017_104",,,,"F","Coccolith size only",2017,1.47648,0.3185,159.3615,,,,,2056
"phytoplankton_zhang_2017.xlsx",108,109,"phytoplankton_Zhang_2017_105",,,,"F","Coccolith size only",2017,3.89045,0.3185,159.3615,,,,,2057
"phytoplankton_zhang_2017.xlsx",109,110,"phytoplankton_Zhang_2017_106",,,,"F","Coccolith size only",2017,4.04807,0.3185,159.3615,,,,,2058
"phytoplankton_zhang_2017.xlsx",110,111,"phytoplankton_Zhang_2017_107",,,,"F","Coccolith size only",2017,4.20569,0.3185,159.3615,,,,,2059
"phytoplankton_zhang_2017.xlsx",111,112,"phytoplankton_Zhang_2017_108",,,,"F","Coccolith size only",2017,4.35308,0.3185,159.3615,,,,,2060
"phytoplankton_zhang_2017.xlsx",112,113,"phytoplankton_Zhang_2017_109",,,,"F","Coccolith size only",2017,4.52093,0.3185,159.3615,,,,,2061
"phytoplankton_zhang_2017.xlsx",113,114,"phytoplankton_Zhang_2017_110",,,,"F","Coccolith size only",2017,4.67957,0.3185,159.3615,,,,,2062
"phytoplankton_zhang_2017.xlsx",114,115,"phytoplankton_Zhang_2017_111",,,,"F","Coccolith size only",2017,4.83784,0.3185,159.3615,,,,,2063
"phytoplankton_zhang_2017.xlsx",115,116,"phytoplankton_Zhang_2017_112",,,,"F","Coccolith size only",2017,5.06176,0.3185,159.3615,,,,,2064
"phytoplankton_zhang_2017.xlsx",116,117,"phytoplankton_Zhang_2017_113",,,,"F","Coccolith size only",2017,5.48253,0.3185,159.3615,,,,,2065
"phytoplankton_zhang_2017.xlsx",117,118,"phytoplankton_Zhang_2017_114",,,,"F","Coccolith size only",2017,5.84403,0.3185,159.3615,,,,,2066
"phytoplankton_zhang_2017.xlsx",118,119,"phytoplankton_Zhang_2017_115",,,,"F","Coccolith size only",2017,6.02821,0.3185,159.3615,,,,,2067
"phytoplankton_zhang_2017.xlsx",119,120,"phytoplankton_Zhang_2017_116",,,,"F","Coccolith size only",2017,6.2124,0.3185,159.3615,,,,,2068
"phytoplankton_zhang_2017.xlsx",120,121,"phytoplankton_Zhang_2017_117",,,,"F","Coccolith size only",2017,6.39658,0.3185,159.3615,,,,,2069
"phytoplankton_zhang_2019.xlsx",4,5,"phytoplankton_zhang_2019_1",,"phytoplankton_Zhang_2013_1",,"T","Replaces Zhang et al. (2013) and Pagani et al. (2010)",2019,0.01659048,4.20416666666667,-43.4888333333333,"Mk37_2",-23.871,27.36093,"The calculation of d13C_CO2aq is not described, but assume it follows Zhang et al. (2013)",2070
"phytoplankton_zhang_2019.xlsx",5,6,"phytoplankton_zhang_2019_2",,"phytoplankton_Zhang_2013_2",,"T","Replaces Zhang et al. (2013) and Pagani et al. (2010)",2019,0.02999447,4.20416666666667,-43.4888333333333,"Mk37_2",-23.543,27.08687,"The calculation of d13C_CO2aq is not described, but assume it follows Zhang et al. (2013)",2071
"phytoplankton_zhang_2019.xlsx",6,7,"phytoplankton_zhang_2019_3",,"phytoplankton_Zhang_2013_3",,"T","Replaces Zhang et al. (2013) and Pagani et al. (2010)",2019,0.03954827,4.20416666666667,-43.4888333333333,"Mk37_2",-24.05,27.29793,"The calculation of d13C_CO2aq is not described, but assume it follows Zhang et al. (2013)",2072
"phytoplankton_zhang_2019.xlsx",7,8,"phytoplankton_zhang_2019_4",,"phytoplankton_Zhang_2013_4",,"T","Replaces Zhang et al. (2013) and Pagani et al. (2010)",2019,0.04910211,4.20416666666667,-43.4888333333333,"Mk37_2",-23.8055,26.51978,"The calculation of d13C_CO2aq is not described, but assume it follows Zhang et al. (2013)",2073
"phytoplankton_zhang_2019.xlsx",8,9,"phytoplankton_zhang_2019_5",,"phytoplankton_Zhang_2013_5",,"T","Replaces Zhang et al. (2013) and Pagani et al. (2010)",2019,0.06147872,4.20416666666667,-43.4888333333333,"Mk37_2",-23.969,27.01086,"The calculation of d13C_CO2aq is not described, but assume it follows Zhang et al. (2013)",2074
"phytoplankton_zhang_2019.xlsx",9,10,"phytoplankton_zhang_2019_6",,"phytoplankton_Zhang_2013_6",,"T","Replaces Zhang et al. (2013) and Pagani et al. (2010)",2019,0.0746889,4.20416666666667,-43.4888333333333,"Mk37_2",-24.34,27.57143,"The calculation of d13C_CO2aq is not described, but assume it follows Zhang et al. (2013)",2075
"phytoplankton_zhang_2019.xlsx",10,11,"phytoplankton_zhang_2019_7",,"phytoplankton_Zhang_2013_7",,"T","Replaces Zhang et al. (2013) and Pagani et al. (2010)",2019,0.08938702,4.20416666666667,-43.4888333333333,"Mk37_2",-24.2365,27.63915,"The calculation of d13C_CO2aq is not described, but assume it follows Zhang et al. (2013)",2076
"phytoplankton_zhang_2019.xlsx",11,12,"phytoplankton_zhang_2019_8",,"phytoplankton_Zhang_2013_8",,"T","Replaces Zhang et al. (2013) and Pagani et al. (2010)",2019,0.1013744,4.20416666666667,-43.4888333333333,"Mk37_2",-23.994,27.72457,"The calculation of d13C_CO2aq is not described, but assume it follows Zhang et al. (2013)",2077
"phytoplankton_zhang_2019.xlsx",12,13,"phytoplankton_zhang_2019_9",,"phytoplankton_Zhang_2013_9",,"T","Replaces Zhang et al. (2013) and Pagani et al. (2010)",2019,0.1158935,4.20416666666667,-43.4888333333333,"Mk37_2",-24.3845,27.7677,"The calculation of d13C_CO2aq is not described, but assume it follows Zhang et al. (2013)",2078
"phytoplankton_zhang_2019.xlsx",13,14,"phytoplankton_zhang_2019_10",,"phytoplankton_Zhang_2013_10",,"T","Replaces Zhang et al. (2013) and Pagani et al. (2010)",2019,0.132497,4.20416666666667,-43.4888333333333,"Mk37_2",-24.6465,27.84511,"The calculation of d13C_CO2aq is not described, but assume it follows Zhang et al. (2013)",2079
"phytoplankton_zhang_2019.xlsx",14,15,"phytoplankton_zhang_2019_11",,"phytoplankton_Zhang_2013_11",,"T","Replaces Zhang et al. (2013) and Pagani et al. (2010)",2019,0.1432684,4.20416666666667,-43.4888333333333,"Mk37_2",-24.3855,27.58889,"The calculation of d13C_CO2aq is not described, but assume it follows Zhang et al. (2013)",2080
"phytoplankton_zhang_2019.xlsx",15,16,"phytoplankton_zhang_2019_12",,"phytoplankton_Zhang_2013_12",,"T","Replaces Zhang et al. (2013) and Pagani et al. (2010)",2019,0.15369086,4.20416666666667,-43.4888333333333,"Mk37_2",-24.1665,27.22344,"The calculation of d13C_CO2aq is not described, but assume it follows Zhang et al. (2013)",2081
"phytoplankton_zhang_2019.xlsx",16,17,"phytoplankton_zhang_2019_13",,"phytoplankton_Zhang_2013_13",,"T","Replaces Zhang et al. (2013) and Pagani et al. (2010)",2019,0.16553608,4.20416666666667,-43.4888333333333,"Mk37_2",-24.5575,27.08438,"The calculation of d13C_CO2aq is not described, but assume it follows Zhang et al. (2013)",2082
"phytoplankton_zhang_2019.xlsx",17,18,"phytoplankton_zhang_2019_14",,,,"T",,2019,0.03712489,9.85216666666667,110.210666666667,"Mk37_2",-24.44,24.6336722027576,"The calculation of d13C_CO2aq is not described, but assume it follows Zhang et al. (2013). Subtracted 0.5‰ from the d13C_CaCO3 value reported in the supplementary table of Zhang et al. (2019) to get back to actual measured foraminifera d13C, since the reported value in the table includes the vital effect.",2083
"phytoplankton_zhang_2019.xlsx",18,19,"phytoplankton_zhang_2019_15",,,,"T",,2019,0.037591,9.85216666666667,110.210666666667,"Mk37_2",-24.69,24.317326244402,"The calculation of d13C_CO2aq is not described, but assume it follows Zhang et al. (2013). Subtracted 0.5‰ from the d13C_CaCO3 value reported in the supplementary table of Zhang et al. (2019) to get back to actual measured foraminifera d13C, since the reported value in the table includes the vital effect.",2084
"phytoplankton_zhang_2019.xlsx",19,20,"phytoplankton_zhang_2019_16",,,,"T",,2019,0.09965047,9.85216666666667,110.210666666667,"Mk37_2",-24.8061967689132,26.8233929125304,"The calculation of d13C_CO2aq is not described, but assume it follows Zhang et al. (2013). Subtracted 0.5‰ from the d13C_CaCO3 value reported in the supplementary table of Zhang et al. (2019) to get back to actual measured foraminifera d13C, since the reported value in the table includes the vital effect.",2085
"phytoplankton_zhang_2019.xlsx",20,21,"phytoplankton_zhang_2019_17",,,,"T",,2019,0.10005369,9.85216666666667,110.210666666667,"Mk37_2",-25.1762340058953,26.8726395457918,"The calculation of d13C_CO2aq is not described, but assume it follows Zhang et al. (2013). Subtracted 0.5‰ from the d13C_CaCO3 value reported in the supplementary table of Zhang et al. (2019) to get back to actual measured foraminifera d13C, since the reported value in the table includes the vital effect.",2086
"phytoplankton_zhang_2019.xlsx",21,22,"phytoplankton_zhang_2019_18",,,,"T",,2019,0.10045691,9.85216666666667,110.210666666667,"Mk37_2",-25.29,26.9250121315814,"The calculation of d13C_CO2aq is not described, but assume it follows Zhang et al. (2013). Subtracted 0.5‰ from the d13C_CaCO3 value reported in the supplementary table of Zhang et al. (2019) to get back to actual measured foraminifera d13C, since the reported value in the table includes the vital effect.",2087
"phytoplankton_zhang_2019.xlsx",22,23,"phytoplankton_zhang_2019_19",,,,"T",,2019,0.12477635,9.85216666666667,110.210666666667,"Mk37_2",-24.51,29.8947813003059,"The calculation of d13C_CO2aq is not described, but assume it follows Zhang et al. (2013). Subtracted 0.5‰ from the d13C_CaCO3 value reported in the supplementary table of Zhang et al. (2019) to get back to actual measured foraminifera d13C, since the reported value in the table includes the vital effect.",2088
"phytoplankton_zhang_2019.xlsx",23,24,"phytoplankton_zhang_2019_20",,,,"T",,2019,0.13750922,9.85216666666667,110.210666666667,"Mk37_2",-24.98,26.0067065559531,"The calculation of d13C_CO2aq is not described, but assume it follows Zhang et al. (2013). Subtracted 0.5‰ from the d13C_CaCO3 value reported in the supplementary table of Zhang et al. (2019) to get back to actual measured foraminifera d13C, since the reported value in the table includes the vital effect.",2089
"phytoplankton_zhang_2019.xlsx",24,25,"phytoplankton_zhang_2019_21",,,,"T",,2019,0.15730934,9.85216666666667,110.210666666667,"Mk37_2",-23.3665787928722,24.8571625302204,"The calculation of d13C_CO2aq is not described, but assume it follows Zhang et al. (2013). Subtracted 0.5‰ from the d13C_CaCO3 value reported in the supplementary table of Zhang et al. (2019) to get back to actual measured foraminifera d13C, since the reported value in the table includes the vital effect.",2090
"phytoplankton_zhang_2019.xlsx",25,26,"phytoplankton_zhang_2019_22",,,,"T",,2019,0.15994936,9.85216666666667,110.210666666667,"Mk37_2",-23.8111118929164,26.1404428643064,"The calculation of d13C_CO2aq is not described, but assume it follows Zhang et al. (2013). Subtracted 0.5‰ from the d13C_CaCO3 value reported in the supplementary table of Zhang et al. (2019) to get back to actual measured foraminifera d13C, since the reported value in the table includes the vital effect.",2091
"phytoplankton_zhang_2019.xlsx",26,27,"phytoplankton_zhang_2019_23",,,,"T",,2019,0.18238949,9.85216666666667,110.210666666667,"Mk37_2",-24.75,27.5641874716509,"The calculation of d13C_CO2aq is not described, but assume it follows Zhang et al. (2013). Subtracted 0.5‰ from the d13C_CaCO3 value reported in the supplementary table of Zhang et al. (2019) to get back to actual measured foraminifera d13C, since the reported value in the table includes the vital effect.",2092
"phytoplankton_zhang_2019.xlsx",27,28,"phytoplankton_zhang_2019_24",,,,"T",,2019,0.1837095,9.85216666666667,110.210666666667,"Mk37_2",-25.45,26.6496698011663,"The calculation of d13C_CO2aq is not described, but assume it follows Zhang et al. (2013). Subtracted 0.5‰ from the d13C_CaCO3 value reported in the supplementary table of Zhang et al. (2019) to get back to actual measured foraminifera d13C, since the reported value in the table includes the vital effect.",2093
"phytoplankton_zhang_2019.xlsx",28,29,"phytoplankton_zhang_2019_25",,,,"T",,2019,0.21670969,9.85216666666667,110.210666666667,"Mk37_2",-25.93,27.7851282520203,"The calculation of d13C_CO2aq is not described, but assume it follows Zhang et al. (2013). Subtracted 0.5‰ from the d13C_CaCO3 value reported in the supplementary table of Zhang et al. (2019) to get back to actual measured foraminifera d13C, since the reported value in the table includes the vital effect.",2094
"phytoplankton_zhang_2019.xlsx",29,30,"phytoplankton_zhang_2019_26",,,,"T",,2019,0.2180297,9.85216666666667,110.210666666667,"Mk37_2",-25.33,27.3040182707569,"The calculation of d13C_CO2aq is not described, but assume it follows Zhang et al. (2013). Subtracted 0.5‰ from the d13C_CaCO3 value reported in the supplementary table of Zhang et al. (2019) to get back to actual measured foraminifera d13C, since the reported value in the table includes the vital effect.",2095
"phytoplankton_zhang_2019.xlsx",30,31,"phytoplankton_zhang_2019_27",,,,"T",,2019,0.24100451,9.85216666666667,110.210666666667,"Mk37_2",-24.44,26.7811881564485,"The calculation of d13C_CO2aq is not described, but assume it follows Zhang et al. (2013). Subtracted 0.5‰ from the d13C_CaCO3 value reported in the supplementary table of Zhang et al. (2019) to get back to actual measured foraminifera d13C, since the reported value in the table includes the vital effect.",2096
"phytoplankton_zhang_2019.xlsx",31,32,"phytoplankton_zhang_2019_28",,,,"T",,2019,0.24388653,9.85216666666667,110.210666666667,"Mk37_2",-24.67,27.4819586498228,"The calculation of d13C_CO2aq is not described, but assume it follows Zhang et al. (2013). Subtracted 0.5‰ from the d13C_CaCO3 value reported in the supplementary table of Zhang et al. (2019) to get back to actual measured foraminifera d13C, since the reported value in the table includes the vital effect.",2097
"phytoplankton_zhang_2019.xlsx",32,33,"phytoplankton_zhang_2019_29",,,,"T",,2019,0.25321004,9.85216666666667,110.210666666667,"Mk37_2",-24.98,24.8286570921282,"The calculation of d13C_CO2aq is not described, but assume it follows Zhang et al. (2013). Subtracted 0.5‰ from the d13C_CaCO3 value reported in the supplementary table of Zhang et al. (2019) to get back to actual measured foraminifera d13C, since the reported value in the table includes the vital effect.",2098
"phytoplankton_zhang_2019.xlsx",33,34,"phytoplankton_zhang_2019_30",,,,"T",,2019,0.25452784,9.85216666666667,110.210666666667,"Mk37_2",-25.3,24.6002063302755,"The calculation of d13C_CO2aq is not described, but assume it follows Zhang et al. (2013). Subtracted 0.5‰ from the d13C_CaCO3 value reported in the supplementary table of Zhang et al. (2019) to get back to actual measured foraminifera d13C, since the reported value in the table includes the vital effect.",2099
"phytoplankton_zhang_2019.xlsx",34,35,"phytoplankton_zhang_2019_31",,,,"T",,2019,0.26902366,9.85216666666667,110.210666666667,"Mk37_2",-25.06,24.7148437797699,"The calculation of d13C_CO2aq is not described, but assume it follows Zhang et al. (2013). Subtracted 0.5‰ from the d13C_CaCO3 value reported in the supplementary table of Zhang et al. (2019) to get back to actual measured foraminifera d13C, since the reported value in the table includes the vital effect.",2100
"phytoplankton_zhang_2019.xlsx",35,36,"phytoplankton_zhang_2019_32",,,,"T",,2019,0.29274409,9.85216666666667,110.210666666667,"Mk37_2",-24.07,28.0321765570932,"The calculation of d13C_CO2aq is not described, but assume it follows Zhang et al. (2013). Subtracted 0.5‰ from the d13C_CaCO3 value reported in the supplementary table of Zhang et al. (2019) to get back to actual measured foraminifera d13C, since the reported value in the table includes the vital effect.",2101
"phytoplankton_zhang_2019.xlsx",36,37,"phytoplankton_zhang_2019_33",,,,"T",,2019,0.3019687,9.85216666666667,110.210666666667,"Mk37_2",-24.53,27.185542746027,"The calculation of d13C_CO2aq is not described, but assume it follows Zhang et al. (2013). Subtracted 0.5‰ from the d13C_CaCO3 value reported in the supplementary table of Zhang et al. (2019) to get back to actual measured foraminifera d13C, since the reported value in the table includes the vital effect.",2102
"phytoplankton_zhang_2019.xlsx",37,38,"phytoplankton_zhang_2019_34",,,,"T",,2019,0.30855771,9.85216666666667,110.210666666667,"Mk37_2",-25.53,28.7835765060275,"The calculation of d13C_CO2aq is not described, but assume it follows Zhang et al. (2013). Subtracted 0.5‰ from the d13C_CaCO3 value reported in the supplementary table of Zhang et al. (2019) to get back to actual measured foraminifera d13C, since the reported value in the table includes the vital effect.",2103
"phytoplankton_zhang_2019.xlsx",38,39,"phytoplankton_zhang_2019_35",,,,"T",,2019,0.34330865,9.85216666666667,110.210666666667,"Mk37_2",-25.25,26.150448201086,"The calculation of d13C_CO2aq is not described, but assume it follows Zhang et al. (2013). Subtracted 0.5‰ from the d13C_CaCO3 value reported in the supplementary table of Zhang et al. (2019) to get back to actual measured foraminifera d13C, since the reported value in the table includes the vital effect.",2104
"phytoplankton_zhang_2019.xlsx",39,40,"phytoplankton_zhang_2019_36",,,,"T",,2019,0.37637624,9.85216666666667,110.210666666667,"Mk37_2",-23.84,26.2687837636731,"The calculation of d13C_CO2aq is not described, but assume it follows Zhang et al. (2013). Subtracted 0.5‰ from the d13C_CaCO3 value reported in the supplementary table of Zhang et al. (2019) to get back to actual measured foraminifera d13C, since the reported value in the table includes the vital effect.",2105
"phytoplankton_zhang_2019.xlsx",40,41,"phytoplankton_zhang_2019_37",,,,"T",,2019,0.00198693,4.7705,-20.927,"Mk37_2",-25.27,26.4829987554541,"The calculation of d13C_CO2aq is not described, but assume it follows Zhang et al. (2013). Subtracted 0.5‰ from the d13C_CaCO3 value reported in the supplementary table of Zhang et al. (2019) to get back to actual measured foraminifera d13C, since the reported value in the table includes the vital effect.",2106
"phytoplankton_zhang_2019.xlsx",41,42,"phytoplankton_zhang_2019_38",,,,"T",,2019,0.04083738889,4.7705,-20.927,"Mk37_2",-23.87,24.714504352348,"The calculation of d13C_CO2aq is not described, but assume it follows Zhang et al. (2013). Subtracted 0.5‰ from the d13C_CaCO3 value reported in the supplementary table of Zhang et al. (2019) to get back to actual measured foraminifera d13C, since the reported value in the table includes the vital effect.",2107
"phytoplankton_zhang_2019.xlsx",42,43,"phytoplankton_zhang_2019_39",,,,"T",,2019,0.113572093,4.7705,-20.927,"Mk37_2",-23.8,28.38926817296,"The calculation of d13C_CO2aq is not described, but assume it follows Zhang et al. (2013). Subtracted 0.5‰ from the d13C_CaCO3 value reported in the supplementary table of Zhang et al. (2019) to get back to actual measured foraminifera d13C, since the reported value in the table includes the vital effect.",2108
"phytoplankton_zhang_2019.xlsx",43,44,"phytoplankton_zhang_2019_40",,,,"T",,2019,0.1232337454,4.7705,-20.927,"Mk37_2",-25.16,28.3976363570787,"The calculation of d13C_CO2aq is not described, but assume it follows Zhang et al. (2013). Subtracted 0.5‰ from the d13C_CaCO3 value reported in the supplementary table of Zhang et al. (2019) to get back to actual measured foraminifera d13C, since the reported value in the table includes the vital effect.",2109
"phytoplankton_zhang_2019.xlsx",44,45,"phytoplankton_zhang_2019_41",,,,"T",,2019,0.128057612,4.7705,-20.927,"Mk37_2",-25.6,27.8024049677921,"The calculation of d13C_CO2aq is not described, but assume it follows Zhang et al. (2013). Subtracted 0.5‰ from the d13C_CaCO3 value reported in the supplementary table of Zhang et al. (2019) to get back to actual measured foraminifera d13C, since the reported value in the table includes the vital effect.",2110
"phytoplankton_zhang_2019.xlsx",45,46,"phytoplankton_zhang_2019_42",,,,"T",,2019,0.136837314,4.7705,-20.927,"Mk37_2",-24.24,26.8419001125012,"The calculation of d13C_CO2aq is not described, but assume it follows Zhang et al. (2013). Subtracted 0.5‰ from the d13C_CaCO3 value reported in the supplementary table of Zhang et al. (2019) to get back to actual measured foraminifera d13C, since the reported value in the table includes the vital effect.",2111
"phytoplankton_zhang_2019.xlsx",46,47,"phytoplankton_zhang_2019_43",,,,"T",,2019,0.1385932544,4.7705,-20.927,"Mk37_2",-23.99,28.4414603941261,"The calculation of d13C_CO2aq is not described, but assume it follows Zhang et al. (2013). Subtracted 0.5‰ from the d13C_CaCO3 value reported in the supplementary table of Zhang et al. (2019) to get back to actual measured foraminifera d13C, since the reported value in the table includes the vital effect.",2112
"phytoplankton_zhang_2019.xlsx",47,48,"phytoplankton_zhang_2019_44",,,,"T",,2019,0.2009132809,4.7705,-20.927,"Mk37_2",-24.83,28.2760089702795,"The calculation of d13C_CO2aq is not described, but assume it follows Zhang et al. (2013). Subtracted 0.5‰ from the d13C_CaCO3 value reported in the supplementary table of Zhang et al. (2019) to get back to actual measured foraminifera d13C, since the reported value in the table includes the vital effect.",2113
"phytoplankton_zhang_2019.xlsx",48,49,"phytoplankton_zhang_2019_45",,,,"T",,2019,0.228526911,4.7705,-20.927,"Mk37_2",-23.76,24.8567726277264,"The calculation of d13C_CO2aq is not described, but assume it follows Zhang et al. (2013). Subtracted 0.5‰ from the d13C_CaCO3 value reported in the supplementary table of Zhang et al. (2019) to get back to actual measured foraminifera d13C, since the reported value in the table includes the vital effect.",2114
"phytoplankton_zhang_2019.xlsx",49,50,"phytoplankton_zhang_2019_46",,,,"T",,2019,0.2609115006,4.7705,-20.927,"Mk37_2",-23.07,26.1047120946593,"The calculation of d13C_CO2aq is not described, but assume it follows Zhang et al. (2013). Subtracted 0.5‰ from the d13C_CaCO3 value reported in the supplementary table of Zhang et al. (2019) to get back to actual measured foraminifera d13C, since the reported value in the table includes the vital effect.",2115
"phytoplankton_zhang_2019.xlsx",50,51,"phytoplankton_zhang_2019_47",,,,"T",,2019,0.3075195421,4.7705,-20.927,"Mk37_2",-22.04,27.7148066765272,"The calculation of d13C_CO2aq is not described, but assume it follows Zhang et al. (2013). Subtracted 0.5‰ from the d13C_CaCO3 value reported in the supplementary table of Zhang et al. (2019) to get back to actual measured foraminifera d13C, since the reported value in the table includes the vital effect.",2116
"phytoplankton_zhang_2019.xlsx",51,52,"phytoplankton_zhang_2019_48",,,,"T",,2019,0.3375755587,4.7705,-20.927,"Mk37_2",-23.21,29.3766373896527,"The calculation of d13C_CO2aq is not described, but assume it follows Zhang et al. (2013). Subtracted 0.5‰ from the d13C_CaCO3 value reported in the supplementary table of Zhang et al. (2019) to get back to actual measured foraminifera d13C, since the reported value in the table includes the vital effect.",2117
"phytoplankton_zhang_2019.xlsx",52,53,"phytoplankton_zhang_2019_49",,,,"T",,2019,0.34837506,4.7705,-20.927,"Mk37_2",-22.92,26.2113935011667,"The calculation of d13C_CO2aq is not described, but assume it follows Zhang et al. (2013). Subtracted 0.5‰ from the d13C_CaCO3 value reported in the supplementary table of Zhang et al. (2019) to get back to actual measured foraminifera d13C, since the reported value in the table includes the vital effect.",2118
"phytoplankton_zhang_2019.xlsx",53,54,"phytoplankton_zhang_2019_50",,,,"T",,2019,0.4030698368,4.7705,-20.927,"Mk37_2",-25.55,27.0053316842041,"The calculation of d13C_CO2aq is not described, but assume it follows Zhang et al. (2013). Subtracted 0.5‰ from the d13C_CaCO3 value reported in the supplementary table of Zhang et al. (2019) to get back to actual measured foraminifera d13C, since the reported value in the table includes the vital effect.",2119
"phytoplankton_zhang_2019.xlsx",54,55,"phytoplankton_zhang_2019_51",,,,"T",,2019,0.4152791813,4.7705,-20.927,"Mk37_2",-22.6,28.3588733796524,"The calculation of d13C_CO2aq is not described, but assume it follows Zhang et al. (2013). Subtracted 0.5‰ from the d13C_CaCO3 value reported in the supplementary table of Zhang et al. (2019) to get back to actual measured foraminifera d13C, since the reported value in the table includes the vital effect.",2120
"phytoplankton_zhang_2019.xlsx",55,56,"phytoplankton_zhang_2019_52",,,,"T",,2019,0.4852723185,4.7705,-20.927,"Mk37_2",-23.09,28.5428036715534,"The calculation of d13C_CO2aq is not described, but assume it follows Zhang et al. (2013). Subtracted 0.5‰ from the d13C_CaCO3 value reported in the supplementary table of Zhang et al. (2019) to get back to actual measured foraminifera d13C, since the reported value in the table includes the vital effect.",2121
"phytoplankton_zhang_2019.xlsx",56,57,"phytoplankton_zhang_2019_53",,,,"T",,2019,0.6162669419,4.7705,-20.927,"Mk37_2",-22.96,29.630065683206,"The calculation of d13C_CO2aq is not described, but assume it follows Zhang et al. (2013). Subtracted 0.5‰ from the d13C_CaCO3 value reported in the supplementary table of Zhang et al. (2019) to get back to actual measured foraminifera d13C, since the reported value in the table includes the vital effect.",2122
"phytoplankton_zhang_2019.xlsx",57,58,"phytoplankton_zhang_2019_54",,,,"T",,2019,0.6430777904,4.7705,-20.927,"Mk37_2",-24.33,28.456925222539,"The calculation of d13C_CO2aq is not described, but assume it follows Zhang et al. (2013). Subtracted 0.5‰ from the d13C_CaCO3 value reported in the supplementary table of Zhang et al. (2019) to get back to actual measured foraminifera d13C, since the reported value in the table includes the vital effect.",2123
"phytoplankton_zhang_2019.xlsx",58,59,"phytoplankton_zhang_2019_55",,,,"T",,2019,0.7021715786,4.7705,-20.927,"Mk37_2",-25.27,29.2955130964327,"The calculation of d13C_CO2aq is not described, but assume it follows Zhang et al. (2013). Subtracted 0.5‰ from the d13C_CaCO3 value reported in the supplementary table of Zhang et al. (2019) to get back to actual measured foraminifera d13C, since the reported value in the table includes the vital effect.",2124
"phytoplankton_zhang_2019.xlsx",59,60,"phytoplankton_zhang_2019_56",,,,"T",,2019,0.7074417171,4.7705,-20.927,"Mk37_2",-23.47,28.6871477013305,"The calculation of d13C_CO2aq is not described, but assume it follows Zhang et al. (2013). Subtracted 0.5‰ from the d13C_CaCO3 value reported in the supplementary table of Zhang et al. (2019) to get back to actual measured foraminifera d13C, since the reported value in the table includes the vital effect.",2125
"phytoplankton_zhang_2019.xlsx",60,61,"phytoplankton_zhang_2019_57",,,,"T",,2019,0.7212109903,4.7705,-20.927,"Mk37_2",-23.29,27.662405114285,"The calculation of d13C_CO2aq is not described, but assume it follows Zhang et al. (2013). Subtracted 0.5‰ from the d13C_CaCO3 value reported in the supplementary table of Zhang et al. (2019) to get back to actual measured foraminifera d13C, since the reported value in the table includes the vital effect.",2126
"phytoplankton_zhang_2019.xlsx",61,62,"phytoplankton_zhang_2019_58",,,,"T",,2019,0.7894617602,4.7705,-20.927,"Mk37_2",-23.99,27.2579582787662,"The calculation of d13C_CO2aq is not described, but assume it follows Zhang et al. (2013). Subtracted 0.5‰ from the d13C_CaCO3 value reported in the supplementary table of Zhang et al. (2019) to get back to actual measured foraminifera d13C, since the reported value in the table includes the vital effect.",2127
"phytoplankton_zhang_2019.xlsx",62,63,"phytoplankton_zhang_2019_59","96-619-1-2,9-14",,"phytoplankton_Jasper_1990_2","T","replaces Jasper and Hayes (1990)",2019,0.0029,27.1935,-91.409,"Mk37_2",-26.7514595618863,25.6,"The calculation of d13C_CO2aq is not described, but assume it follows Zhang et al. (2013)",2128
"phytoplankton_zhang_2019.xlsx",63,64,"phytoplankton_zhang_2019_60","96-619-1-5,76-81",,"phytoplankton_Jasper_1990_6","T","replaces Jasper and Hayes (1990)",2019,0.0085,27.1935,-91.409,"Mk37_2",-25.9645212931048,20.2,"The calculation of d13C_CO2aq is not described, but assume it follows Zhang et al. (2013)",2129
"phytoplankton_zhang_2019.xlsx",64,65,"phytoplankton_zhang_2019_61","96-619-4-1,10-15",,"phytoplankton_Jasper_1990_7","T","replaces Jasper and Hayes (1990)",2019,0.0151,27.1935,-91.409,"Mk37_2",-26.4328879232892,18.5,"The calculation of d13C_CO2aq is not described, but assume it follows Zhang et al. (2013)",2130
"phytoplankton_zhang_2019.xlsx",65,66,"phytoplankton_zhang_2019_62","96-619-4-2,130-135",,"phytoplankton_Jasper_1990_8","T","replaces Jasper and Hayes (1990)",2019,0.016,27.1935,-91.409,"Mk37_2",-24.3657399088488,19.6,"The calculation of d13C_CO2aq is not described, but assume it follows Zhang et al. (2013)",2131
"phytoplankton_zhang_2019.xlsx",66,67,"phytoplankton_zhang_2019_63","96-619-4-5,85-90",,"phytoplankton_Jasper_1990_9","T","replaces Jasper and Hayes (1990)",2019,0.0174,27.1935,-91.409,"Mk37_2",-23.8836630347779,18.7,"The calculation of d13C_CO2aq is not described, but assume it follows Zhang et al. (2013)",2132
"phytoplankton_zhang_2019.xlsx",67,68,"phytoplankton_zhang_2019_64","96-619-4CC,10-16",,"phytoplankton_Jasper_1990_10","T","replaces Jasper and Hayes (1990)",2019,0.0178,27.1935,-91.409,"Mk37_2",-24.5684091020468,18,"The calculation of d13C_CO2aq is not described, but assume it follows Zhang et al. (2013)",2133
"phytoplankton_zhang_2019.xlsx",68,69,"phytoplankton_zhang_2019_65","96-619-5-2,90-95",,"phytoplankton_Jasper_1990_11","T","replaces Jasper and Hayes (1990)",2019,0.0191,27.1935,-91.409,"Mk37_2",-21.4106048973324,18.9,"The calculation of d13C_CO2aq is not described, but assume it follows Zhang et al. (2013)",2134
"phytoplankton_zhang_2019.xlsx",69,70,"phytoplankton_zhang_2019_66","96-619-7-2,113-118",,"phytoplankton_Jasper_1990_13","T","replaces Jasper and Hayes (1990)",2019,0.0267,27.1935,-91.409,"Mk37_2",-23.4640083636898,19.4,"The calculation of d13C_CO2aq is not described, but assume it follows Zhang et al. (2013)",2135
"phytoplankton_zhang_2019.xlsx",70,71,"phytoplankton_zhang_2019_67","96-619-8CC,2-8",,"phytoplankton_Jasper_1990_14","T","replaces Jasper and Hayes (1990)",2019,0.0339,27.1935,-91.409,"Mk37_2",-23.9576571867291,18.3,"The calculation of d13C_CO2aq is not described, but assume it follows Zhang et al. (2013)",2136
"phytoplankton_zhang_2019.xlsx",71,72,"phytoplankton_zhang_2019_68","96-619-11-2,5-10",,"phytoplankton_Jasper_1990_15","T","replaces Jasper and Hayes (1990)",2019,0.0462,27.1935,-91.409,"Mk37_2",-23.4615498962706,18.9,"The calculation of d13C_CO2aq is not described, but assume it follows Zhang et al. (2013)",2137
"phytoplankton_zhang_2019.xlsx",72,73,"phytoplankton_zhang_2019_69","96-619-13-2,5-10",,"phytoplankton_Jasper_1990_16","T","replaces Jasper and Hayes (1990)",2019,0.0573,27.1935,-91.409,"Mk37_2",-24.3604913667771,20.8,"The calculation of d13C_CO2aq is not described, but assume it follows Zhang et al. (2013)",2138
"phytoplankton_zhang_2019.xlsx",73,74,"phytoplankton_zhang_2019_70","96-619-13-4,123-128",,"phytoplankton_Jasper_1990_17","T","replaces Jasper and Hayes (1990)",2019,0.0601,27.1935,-91.409,"Mk37_2",-22.8637649672476,19.8,"The calculation of d13C_CO2aq is not described, but assume it follows Zhang et al. (2013)",2139
"phytoplankton_zhang_2019.xlsx",74,75,"phytoplankton_zhang_2019_71","96-619-14-2,5-10",,"phytoplankton_Jasper_1990_18","T","replaces Jasper and Hayes (1990)",2019,0.0618,27.1935,-91.409,"Mk37_2",-24.8925380204844,17.4,"The calculation of d13C_CO2aq is not described, but assume it follows Zhang et al. (2013)",2140
"phytoplankton_zhang_2019.xlsx",75,76,"phytoplankton_zhang_2019_72","96-619-15-2,5-10",,"phytoplankton_Jasper_1990_19","T","replaces Jasper and Hayes (1990)",2019,0.0659,27.1935,-91.409,"Mk37_2",-24.7652122776352,22.6,"The calculation of d13C_CO2aq is not described, but assume it follows Zhang et al. (2013)",2141
"phytoplankton_zhang_2019.xlsx",76,77,"phytoplankton_zhang_2019_73","96-619-16-2,5-10",,"phytoplankton_Jasper_1990_20","T","replaces Jasper and Hayes (1990)",2019,0.072,27.1935,-91.409,"Mk37_2",-23.3060947122531,23,"The calculation of d13C_CO2aq is not described, but assume it follows Zhang et al. (2013)",2142
"phytoplankton_zhang_2019.xlsx",77,78,"phytoplankton_zhang_2019_74","96-619-17-2,8-13",,"phytoplankton_Jasper_1990_21","T","replaces Jasper and Hayes (1990)",2019,0.0802,27.1935,-91.409,"Mk37_2",-24.8394579936945,24.6,"The calculation of d13C_CO2aq is not described, but assume it follows Zhang et al. (2013)",2143
"phytoplankton_zhang_2019.xlsx",78,79,"phytoplankton_zhang_2019_75","96-619-17-2,116-121",,"phytoplankton_Jasper_1990_22","T","replaces Jasper and Hayes (1990)",2019,0.0815,27.1935,-91.409,"Mk37_2",-24.1418364179884,24.5,"The calculation of d13C_CO2aq is not described, but assume it follows Zhang et al. (2013)",2144
"phytoplankton_zhang_2019.xlsx",79,80,"phytoplankton_zhang_2019_76","96-619-17-3,76-81",,"phytoplankton_Jasper_1990_23","T","replaces Jasper and Hayes (1990)",2019,0.0829,27.1935,-91.409,"Mk37_2",-24.0655667543329,23,"The calculation of d13C_CO2aq is not described, but assume it follows Zhang et al. (2013)",2145
"phytoplankton_zhang_2019.xlsx",80,81,"phytoplankton_zhang_2019_77","96-619-17-4,12-17",,"phytoplankton_Jasper_1990_24","T","replaces Jasper and Hayes (1990)",2019,0.0918,27.1935,-91.409,"Mk37_2",-23.4303673816096,23,"The calculation of d13C_CO2aq is not described, but assume it follows Zhang et al. (2013)",2146
"phytoplankton_zhang_2019.xlsx",81,82,"phytoplankton_zhang_2019_78","96-619-18-1,45-50",,"phytoplankton_Jasper_1990_25","T","replaces Jasper and Hayes (1990)",2019,0.09311,27.1935,-91.409,"Mk37_2",-24.3686328960909,21.7,"The calculation of d13C_CO2aq is not described, but assume it follows Zhang et al. (2013)",2147
"phytoplankton_zhang_2019.xlsx",82,83,"phytoplankton_zhang_2019_79","96-619-19-1,47-53",,"phytoplankton_Jasper_1990_27","T","replaces Jasper and Hayes (1990)",2019,0.0939,27.1935,-91.409,"Mk37_2",-25.7888151983925,23.2,"The calculation of d13C_CO2aq is not described, but assume it follows Zhang et al. (2013)",2148
"phytoplankton_zhang_2019.xlsx",83,84,"phytoplankton_zhang_2019_80","96-619-22-1,50-55",,"phytoplankton_Jasper_1990_28","T","replaces Jasper and Hayes (1990)",2019,0.096,27.1935,-91.409,"Mk37_2",-25.7631899635722,24.2,"The calculation of d13C_CO2aq is not described, but assume it follows Zhang et al. (2013)",2149
"phytoplankton_zhang_2020.xlsx",4,5,"phytoplankton_Andersen_1999_1","60-63.5","phytoplankton_Pagani_2005_6",,"T",,2020,32.7322731018066,-51,-46.9,"Mk37_2",-34.80425,9.43964655565767,,2150
"phytoplankton_zhang_2020.xlsx",5,6,"phytoplankton_Andersen_1999_2","63.5-67.5",,,"T",,2020,33.309211730957,-51,-46.9,"Mk37_2",-34.70525,12.2446132582512,,2151
"phytoplankton_zhang_2020.xlsx",6,7,"phytoplankton_zhang_2020_1","46-49.5",,,"T",,2020,33.5326957702637,-51,-46.9,"Mk37_2",-34.05025,9.98416574935819,,2152
"phytoplankton_zhang_2020.xlsx",7,8,"phytoplankton_zhang_2020_2","55-58.5",,,"T",,2020,36.3888053894043,-51,-46.9,"Mk37_2",-33.997,21.7334984863641,,2153
"phytoplankton_zhang_2020.xlsx",8,9,"phytoplankton_zhang_2020_3","51-57","phytoplankton_Pagani_2005_8",,"T",,2020,37.0602684020996,-51,-46.9,"Mk37_2",-33.65725,20.1203832343391,,2154
"phytoplankton_zhang_2020.xlsx",9,10,"phytoplankton_zhang_2020_4","50-54",,,"T",,2020,32.5897445678711,6,-43.7,"Mk37_2",-30.0755,29.7833038995423,,2155
"phytoplankton_zhang_2020.xlsx",10,11,"phytoplankton_zhang_2020_5","52-56",,,"T",,2020,33.0903625488281,6,-43.7,"Mk37_2",-28.88425,26.3393995013186,,2156
"phytoplankton_zhang_2020.xlsx",11,12,"phytoplankton_zhang_2020_6","50-53.5",,,"T",,2020,33.381664276123,6,-43.7,"Mk37_2",-29.74525,28.0636062848367,,2157
"phytoplankton_zhang_2020.xlsx",12,13,"phytoplankton_zhang_2020_7","51-54.5",,,"T",,2020,34.0679092407227,6,-43.7,"Mk37_2",-30.9115,28.0843947313704,,2158
"phytoplankton_zhang_2020.xlsx",13,14,"phytoplankton_zhang_2020_8","50-53.5",,,"T",,2020,34.613109588623,6,-43.7,"Mk37_2",-31.5175,34.2697531776774,,2159
"phytoplankton_zhang_2020.xlsx",14,15,"phytoplankton_zhang_2020_9","53-57",,,"T",,2020,35.116024017334,6,-43.7,"Mk37_2",-31.26975,35.0654014917404,,2160
"phytoplankton_zhang_2020.xlsx",15,16,"phytoplankton_zhang_2020_10","52-56","phytoplankton_Zhang_2013_68",,"T",,2020,30.6120376586914,4.2,-43.4,"Mk37_2",-30.4305,34.616944192036,,2161
"phytoplankton_zhang_2020.xlsx",16,17,"phytoplankton_zhang_2020_11","50-55","phytoplankton_Zhang_2013_73",,"T",,2020,32.4226531982422,4.2,-43.4,"Mk37_2",-29.45975,35.4461352262789,,2162
"phytoplankton_zhang_2020.xlsx",17,18,"phytoplankton_zhang_2020_12","48-51.5","phytoplankton_Zhang_2013_74",,"T",,2020,32.5073776245117,4.2,-43.4,"Mk37_2",-29.244,35.6265119485304,,2163
"phytoplankton_zhang_2020.xlsx",18,19,"phytoplankton_zhang_2020_13","50","phytoplankton_Zhang_2013_75",,"T",,2020,33.210578918457,4.2,-43.4,"Mk37_2",-29.59825,34.9429535009919,,2164
"phytoplankton_zhang_2020.xlsx",19,20,"phytoplankton_zhang_2020_14","49-53","phytoplankton_Zhang_2013_77",,"T",,2020,33.5992813110352,4.2,-43.4,"Mk37_2",-30.676,27.9261912479,,2165
"phytoplankton_zhang_2020.xlsx",20,21,"phytoplankton_zhang_2020_15","55.5-59","phytoplankton_Zhang_2013_78",,"T",,2020,33.9171524047852,4.2,-43.4,"Mk37_2",-31.327,34.830106374696,,2166
"phytoplankton_zhang_2020.xlsx",21,22,"phytoplankton_zhang_2020_16","57-61","phytoplankton_Zhang_2013_81",,"T",,2020,35.0923728942871,4.2,-43.4,"Mk37_2",-30.83675,34.2053980370755,,2167
"phytoplankton_zhang_2020.xlsx",22,23,"phytoplankton_zhang_2020_17","56-61","phytoplankton_Zhang_2013_83",,"T",,2020,35.5222396850586,4.2,-43.4,"Mk37_2",-33.27375,33.4814800725394,,2168
"phytoplankton_zhang_2020.xlsx",23,24,"phytoplankton_zhang_2020_18","54-58","phytoplankton_Zhang_2013_85",,"T",,2020,35.8047637939453,4.2,-43.4,"Mk37_2",-30.558,34.013686928431,,2169
"phytoplankton_zhang_2020.xlsx",24,25,"phytoplankton_zhang_2020_19","42-49",,,"T",,2020,33.371883392334,-52.2,166.1,"Mk37_2",-33.55175,21.8146207584419,,2170
"phytoplankton_zhang_2020.xlsx",25,26,"phytoplankton_zhang_2020_20","76-81",,,"T",,2020,33.7332611083984,-52.2,166.1,"Mk37_2",-34.388,25.107643691821,,2171
"phytoplankton_zhang_2020.xlsx",26,27,"phytoplankton_zhang_2020_21","98-104",,,"T",,2020,35.9020309448242,-52.2,166.1,"Mk37_2",-32.5585,25.0008041481619,,2172
"phytoplankton_zhang_2020.xlsx",27,28,"phytoplankton_zhang_2020_22",,,,"T",,2020,0.03712489,9.85216666666667,110.210666666667,"Mk37_2",-24.44,24.6336722027576,"The calculation of d13C_CO2aq follows Zhang et al. (2013). Subtracted 0.5‰ from the d13C_CaCO3 value reported in the supplementary table of Zhang et al. (2020) to get back to actual measured foraminifera d13C, since the reported value in the table includes the vital effect.",2173
"phytoplankton_zhang_2020.xlsx",28,29,"phytoplankton_zhang_2020_23",,,,"T",,2020,0.037591,9.85216666666667,110.210666666667,"Mk37_2",-24.69,24.317326244402,"The calculation of d13C_CO2aq follows Zhang et al. (2013). Subtracted 0.5‰ from the d13C_CaCO3 value reported in the supplementary table of Zhang et al. (2020) to get back to actual measured foraminifera d13C, since the reported value in the table includes the vital effect.",2174
"phytoplankton_zhang_2020.xlsx",29,30,"phytoplankton_zhang_2020_24",,,,"T",,2020,0.09965047,9.85216666666667,110.210666666667,"Mk37_2",-24.8061967689132,26.8233929125304,"The calculation of d13C_CO2aq follows Zhang et al. (2013). Subtracted 0.5‰ from the d13C_CaCO3 value reported in the supplementary table of Zhang et al. (2020) to get back to actual measured foraminifera d13C, since the reported value in the table includes the vital effect.",2175
"phytoplankton_zhang_2020.xlsx",30,31,"phytoplankton_zhang_2020_25",,,,"T",,2020,0.10005369,9.85216666666667,110.210666666667,"Mk37_2",-25.1762340058953,26.8726395457918,"The calculation of d13C_CO2aq follows Zhang et al. (2013). Subtracted 0.5‰ from the d13C_CaCO3 value reported in the supplementary table of Zhang et al. (2020) to get back to actual measured foraminifera d13C, since the reported value in the table includes the vital effect.",2176
"phytoplankton_zhang_2020.xlsx",31,32,"phytoplankton_zhang_2020_26",,,,"T",,2020,0.10045691,9.85216666666667,110.210666666667,"Mk37_2",-25.29,26.9250121315814,"The calculation of d13C_CO2aq follows Zhang et al. (2013). Subtracted 0.5‰ from the d13C_CaCO3 value reported in the supplementary table of Zhang et al. (2020) to get back to actual measured foraminifera d13C, since the reported value in the table includes the vital effect.",2177
"phytoplankton_zhang_2020.xlsx",32,33,"phytoplankton_zhang_2020_27",,,,"T",,2020,0.12477635,9.85216666666667,110.210666666667,"Mk37_2",-24.51,29.8947813003059,"The calculation of d13C_CO2aq follows Zhang et al. (2013). Subtracted 0.5‰ from the d13C_CaCO3 value reported in the supplementary table of Zhang et al. (2020) to get back to actual measured foraminifera d13C, since the reported value in the table includes the vital effect.",2178
"phytoplankton_zhang_2020.xlsx",33,34,"phytoplankton_zhang_2020_28",,,,"T",,2020,0.13750922,9.85216666666667,110.210666666667,"Mk37_2",-24.98,26.0067065559531,"The calculation of d13C_CO2aq follows Zhang et al. (2013). Subtracted 0.5‰ from the d13C_CaCO3 value reported in the supplementary table of Zhang et al. (2020) to get back to actual measured foraminifera d13C, since the reported value in the table includes the vital effect.",2179
"phytoplankton_zhang_2020.xlsx",34,35,"phytoplankton_zhang_2020_29",,,,"T",,2020,0.15730934,9.85216666666667,110.210666666667,"Mk37_2",-23.3665787928722,24.8571625302204,"The calculation of d13C_CO2aq follows Zhang et al. (2013). Subtracted 0.5‰ from the d13C_CaCO3 value reported in the supplementary table of Zhang et al. (2020) to get back to actual measured foraminifera d13C, since the reported value in the table includes the vital effect.",2180
"phytoplankton_zhang_2020.xlsx",35,36,"phytoplankton_zhang_2020_30",,,,"T",,2020,0.15994936,9.85216666666667,110.210666666667,"Mk37_2",-23.8111118929164,26.1404428643064,"The calculation of d13C_CO2aq follows Zhang et al. (2013). Subtracted 0.5‰ from the d13C_CaCO3 value reported in the supplementary table of Zhang et al. (2020) to get back to actual measured foraminifera d13C, since the reported value in the table includes the vital effect.",2181
"phytoplankton_zhang_2020.xlsx",36,37,"phytoplankton_zhang_2020_31",,,,"T",,2020,0.18238949,9.85216666666667,110.210666666667,"Mk37_2",-24.75,27.5641874716509,"The calculation of d13C_CO2aq follows Zhang et al. (2013). Subtracted 0.5‰ from the d13C_CaCO3 value reported in the supplementary table of Zhang et al. (2020) to get back to actual measured foraminifera d13C, since the reported value in the table includes the vital effect.",2182
"phytoplankton_zhang_2020.xlsx",37,38,"phytoplankton_zhang_2020_32",,,,"T",,2020,0.1837095,9.85216666666667,110.210666666667,"Mk37_2",-25.45,26.6496698011663,"The calculation of d13C_CO2aq follows Zhang et al. (2013). Subtracted 0.5‰ from the d13C_CaCO3 value reported in the supplementary table of Zhang et al. (2020) to get back to actual measured foraminifera d13C, since the reported value in the table includes the vital effect.",2183
"phytoplankton_zhang_2020.xlsx",38,39,"phytoplankton_zhang_2020_33",,,,"T",,2020,0.21670969,9.85216666666667,110.210666666667,"Mk37_2",-25.93,27.7851282520203,"The calculation of d13C_CO2aq follows Zhang et al. (2013). Subtracted 0.5‰ from the d13C_CaCO3 value reported in the supplementary table of Zhang et al. (2020) to get back to actual measured foraminifera d13C, since the reported value in the table includes the vital effect.",2184
"phytoplankton_zhang_2020.xlsx",39,40,"phytoplankton_zhang_2020_34",,,,"T",,2020,0.2180297,9.85216666666667,110.210666666667,"Mk37_2",-25.33,27.3040182707569,"The calculation of d13C_CO2aq follows Zhang et al. (2013). Subtracted 0.5‰ from the d13C_CaCO3 value reported in the supplementary table of Zhang et al. (2020) to get back to actual measured foraminifera d13C, since the reported value in the table includes the vital effect.",2185
"phytoplankton_zhang_2020.xlsx",40,41,"phytoplankton_zhang_2020_35",,,,"T",,2020,0.24100451,9.85216666666667,110.210666666667,"Mk37_2",-24.44,26.7811881564485,"The calculation of d13C_CO2aq follows Zhang et al. (2013). Subtracted 0.5‰ from the d13C_CaCO3 value reported in the supplementary table of Zhang et al. (2020) to get back to actual measured foraminifera d13C, since the reported value in the table includes the vital effect.",2186
"phytoplankton_zhang_2020.xlsx",41,42,"phytoplankton_zhang_2020_36",,,,"T",,2020,0.24388653,9.85216666666667,110.210666666667,"Mk37_2",-24.67,27.4819586498228,"The calculation of d13C_CO2aq follows Zhang et al. (2013). Subtracted 0.5‰ from the d13C_CaCO3 value reported in the supplementary table of Zhang et al. (2020) to get back to actual measured foraminifera d13C, since the reported value in the table includes the vital effect.",2187
"phytoplankton_zhang_2020.xlsx",42,43,"phytoplankton_zhang_2020_37",,,,"T",,2020,0.25321004,9.85216666666667,110.210666666667,"Mk37_2",-24.98,24.8286570921282,"The calculation of d13C_CO2aq follows Zhang et al. (2013). Subtracted 0.5‰ from the d13C_CaCO3 value reported in the supplementary table of Zhang et al. (2020) to get back to actual measured foraminifera d13C, since the reported value in the table includes the vital effect.",2188
"phytoplankton_zhang_2020.xlsx",43,44,"phytoplankton_zhang_2020_38",,,,"T",,2020,0.25452784,9.85216666666667,110.210666666667,"Mk37_2",-25.3,24.6002063302755,"The calculation of d13C_CO2aq follows Zhang et al. (2013). Subtracted 0.5‰ from the d13C_CaCO3 value reported in the supplementary table of Zhang et al. (2020) to get back to actual measured foraminifera d13C, since the reported value in the table includes the vital effect.",2189
"phytoplankton_zhang_2020.xlsx",44,45,"phytoplankton_zhang_2020_39",,,,"T",,2020,0.26902366,9.85216666666667,110.210666666667,"Mk37_2",-25.06,24.7148437797699,"The calculation of d13C_CO2aq follows Zhang et al. (2013). Subtracted 0.5‰ from the d13C_CaCO3 value reported in the supplementary table of Zhang et al. (2020) to get back to actual measured foraminifera d13C, since the reported value in the table includes the vital effect.",2190
"phytoplankton_zhang_2020.xlsx",45,46,"phytoplankton_zhang_2020_40",,,,"T",,2020,0.29274409,9.85216666666667,110.210666666667,"Mk37_2",-24.07,28.0321765570932,"The calculation of d13C_CO2aq follows Zhang et al. (2013). Subtracted 0.5‰ from the d13C_CaCO3 value reported in the supplementary table of Zhang et al. (2020) to get back to actual measured foraminifera d13C, since the reported value in the table includes the vital effect.",2191
"phytoplankton_zhang_2020.xlsx",46,47,"phytoplankton_zhang_2020_41",,,,"T",,2020,0.30855771,9.85216666666667,110.210666666667,"Mk37_2",-25.53,28.7835765060275,"The calculation of d13C_CO2aq follows Zhang et al. (2013). Subtracted 0.5‰ from the d13C_CaCO3 value reported in the supplementary table of Zhang et al. (2020) to get back to actual measured foraminifera d13C, since the reported value in the table includes the vital effect.",2192
"phytoplankton_zhang_2020.xlsx",47,48,"phytoplankton_zhang_2020_42",,,,"T",,2020,0.34330865,9.85216666666667,110.210666666667,"Mk37_2",-25.25,26.150448201086,"The calculation of d13C_CO2aq follows Zhang et al. (2013). Subtracted 0.5‰ from the d13C_CaCO3 value reported in the supplementary table of Zhang et al. (2020) to get back to actual measured foraminifera d13C, since the reported value in the table includes the vital effect.",2193
"phytoplankton_zhang_2020.xlsx",48,49,"phytoplankton_zhang_2020_43",,,,"T",,2020,0.02999447,4.20416666666667,-43.4888333333333,"Mk37_2",-23.543,28.13,"The calculation of d13C_CO2aq  follows Zhang et al. (2013)",2194
"phytoplankton_zhang_2020.xlsx",49,50,"phytoplankton_zhang_2020_44",,,,"T",,2020,0.03954827,4.20416666666667,-43.4888333333333,"Mk37_2",-24.05,28.51,"The calculation of d13C_CO2aq  follows Zhang et al. (2013)",2195
"phytoplankton_zhang_2020.xlsx",50,51,"phytoplankton_zhang_2020_45",,,,"T",,2020,0.04910211,4.20416666666667,-43.4888333333333,"Mk37_2",-23.8055,27.23,"The calculation of d13C_CO2aq  follows Zhang et al. (2013)",2196
"phytoplankton_zhang_2020.xlsx",51,52,"phytoplankton_zhang_2020_46",,,,"T",,2020,0.06147872,4.20416666666667,-43.4888333333333,"Mk37_2",-23.969,28.07,"The calculation of d13C_CO2aq  follows Zhang et al. (2013)",2197
"phytoplankton_zhang_2020.xlsx",52,53,"phytoplankton_zhang_2020_47",,,,"T",,2020,0.0746889,4.20416666666667,-43.4888333333333,"Mk37_2",-24.34,28.95,"The calculation of d13C_CO2aq  follows Zhang et al. (2013)",2198
"phytoplankton_zhang_2020.xlsx",53,54,"phytoplankton_zhang_2020_48",,,,"T",,2020,0.08938702,4.20416666666667,-43.4888333333333,"Mk37_2",-24.2365,29.07,"The calculation of d13C_CO2aq  follows Zhang et al. (2013)",2199
"phytoplankton_zhang_2020.xlsx",54,55,"phytoplankton_zhang_2020_49",,,,"T",,2020,0.1013744,4.20416666666667,-43.4888333333333,"Mk37_2",-23.994,29.18,"The calculation of d13C_CO2aq  follows Zhang et al. (2013)",2200
"phytoplankton_zhang_2020.xlsx",55,56,"phytoplankton_zhang_2020_50",,,,"T",,2020,0.1432684,4.20416666666667,-43.4888333333333,"Mk37_2",-24.3855,29,"The calculation of d13C_CO2aq  follows Zhang et al. (2013)",2201
