"file","source_row","field","value","problem"
"boron_isotopes_anderson_2024.xlsx",4,"C","please enter value manually","Archive link not yet assigned"
"boron_isotopes_anderson_2024.xlsx",5,"C","please enter value manually","Archive link not yet assigned"
"boron_isotopes_anderson_2024.xlsx",6,"C","please enter value manually","Archive link not yet assigned"
"boron_isotopes_anderson_2024.xlsx",7,"C","please enter value manually","Archive link not yet assigned"
"boron_isotopes_anderson_2024.xlsx",8,"C","please enter value manually","Archive link not yet assigned"
"boron_isotopes_anderson_2024.xlsx",9,"C","please enter value manually","Archive link not yet assigned"
"boron_isotopes_anderson_2024.xlsx",10,"C","please enter value manually","Archive link not yet assigned"
"boron_isotopes_anderson_2024.xlsx",11,"C","please enter value manually","Archive link not yet assigned"
"boron_isotopes_anderson_2024.xlsx",12,"C","please enter value manually","Archive link not yet assigned"
"boron_isotopes_anderson_2024.xlsx",13,"C","please enter value manually","Archive link not yet assigned"
"boron_isotopes_badger_2013.xlsx",4,"C","please enter value manually","Archive link not yet assigned"
"boron_isotopes_badger_2013.xlsx",5,"C","please enter value manually","Archive link not yet assigned"
"boron_isotopes_badger_2013.xlsx",6,"C","please enter value manually","Archive link not yet assigned"
"boron_isotopes_badger_2013.xlsx",7,"C","please enter value manually","Archive link not yet assigned"
"boron_isotopes_badger_2013.xlsx",8,"C","please enter value manually","Archive link not yet assigned"
"boron_isotopes_badger_2013.xlsx",9,"C","please enter value manually","Archive link not yet assigned"
"boron_isotopes_bartoli_2011.xlsx",4,"S","NA, data interpolated from Groeneveld, J. (2005), Effect of the Pliocene closure of the Panamanian
Gateway on Caribbean and east Pacific sea surface temperatures and salinities by applying combined Mg/Ca and 18O measurements (5.6–
2.2 Ma), Ph.D. thesis, 161 pp., Univ. of Kiel, Kiel, Germany.","Alternative source value present but Mg/Ca column S remains blank"
"boron_isotopes_bartoli_2011.xlsx",5,"S","NA, data interpolated from Groeneveld, J. (2005), Effect of the Pliocene closure of the Panamanian
Gateway on Caribbean and east Pacific sea surface temperatures and salinities by applying combined Mg/Ca and 18O measurements (5.6–
2.2 Ma), Ph.D. thesis, 161 pp., Univ. of Kiel, Kiel, Germany.","Alternative source value present but Mg/Ca column S remains blank"
"boron_isotopes_bartoli_2011.xlsx",6,"S","NA, data interpolated from Groeneveld, J. (2005), Effect of the Pliocene closure of the Panamanian
Gateway on Caribbean and east Pacific sea surface temperatures and salinities by applying combined Mg/Ca and 18O measurements (5.6–
2.2 Ma), Ph.D. thesis, 161 pp., Univ. of Kiel, Kiel, Germany.","Alternative source value present but Mg/Ca column S remains blank"
"boron_isotopes_bartoli_2011.xlsx",7,"S","NA, data interpolated from Groeneveld, J. (2005), Effect of the Pliocene closure of the Panamanian
Gateway on Caribbean and east Pacific sea surface temperatures and salinities by applying combined Mg/Ca and 18O measurements (5.6–
2.2 Ma), Ph.D. thesis, 161 pp., Univ. of Kiel, Kiel, Germany.","Alternative source value present but Mg/Ca column S remains blank"
"boron_isotopes_bartoli_2011.xlsx",8,"S","NA, data interpolated from Groeneveld, J. (2005), Effect of the Pliocene closure of the Panamanian
Gateway on Caribbean and east Pacific sea surface temperatures and salinities by applying combined Mg/Ca and 18O measurements (5.6–
2.2 Ma), Ph.D. thesis, 161 pp., Univ. of Kiel, Kiel, Germany.","Alternative source value present but Mg/Ca column S remains blank"
"boron_isotopes_bartoli_2011.xlsx",9,"S","NA, data interpolated from Groeneveld, J. (2005), Effect of the Pliocene closure of the Panamanian
Gateway on Caribbean and east Pacific sea surface temperatures and salinities by applying combined Mg/Ca and 18O measurements (5.6–
2.2 Ma), Ph.D. thesis, 161 pp., Univ. of Kiel, Kiel, Germany.","Alternative source value present but Mg/Ca column S remains blank"
"boron_isotopes_bartoli_2011.xlsx",10,"S","NA, data interpolated from Groeneveld, J. (2005), Effect of the Pliocene closure of the Panamanian
Gateway on Caribbean and east Pacific sea surface temperatures and salinities by applying combined Mg/Ca and 18O measurements (5.6–
2.2 Ma), Ph.D. thesis, 161 pp., Univ. of Kiel, Kiel, Germany.","Alternative source value present but Mg/Ca column S remains blank"
"boron_isotopes_bartoli_2011.xlsx",11,"S","NA, data interpolated from Groeneveld, J. (2005), Effect of the Pliocene closure of the Panamanian
Gateway on Caribbean and east Pacific sea surface temperatures and salinities by applying combined Mg/Ca and 18O measurements (5.6–
2.2 Ma), Ph.D. thesis, 161 pp., Univ. of Kiel, Kiel, Germany.","Alternative source value present but Mg/Ca column S remains blank"
"boron_isotopes_bartoli_2011.xlsx",12,"S","NA, data interpolated from Groeneveld, J. (2005), Effect of the Pliocene closure of the Panamanian
Gateway on Caribbean and east Pacific sea surface temperatures and salinities by applying combined Mg/Ca and 18O measurements (5.6–
2.2 Ma), Ph.D. thesis, 161 pp., Univ. of Kiel, Kiel, Germany.","Alternative source value present but Mg/Ca column S remains blank"
"boron_isotopes_bartoli_2011.xlsx",13,"S","NA, data interpolated from Groeneveld, J. (2005), Effect of the Pliocene closure of the Panamanian
Gateway on Caribbean and east Pacific sea surface temperatures and salinities by applying combined Mg/Ca and 18O measurements (5.6–
2.2 Ma), Ph.D. thesis, 161 pp., Univ. of Kiel, Kiel, Germany.","Alternative source value present but Mg/Ca column S remains blank"
"boron_isotopes_bartoli_2011.xlsx",14,"S","NA, data interpolated from Groeneveld, J. (2005), Effect of the Pliocene closure of the Panamanian
Gateway on Caribbean and east Pacific sea surface temperatures and salinities by applying combined Mg/Ca and 18O measurements (5.6–
2.2 Ma), Ph.D. thesis, 161 pp., Univ. of Kiel, Kiel, Germany.","Alternative source value present but Mg/Ca column S remains blank"
"boron_isotopes_bartoli_2011.xlsx",15,"S","NA, data interpolated from Groeneveld, J. (2005), Effect of the Pliocene closure of the Panamanian
Gateway on Caribbean and east Pacific sea surface temperatures and salinities by applying combined Mg/Ca and 18O measurements (5.6–
2.2 Ma), Ph.D. thesis, 161 pp., Univ. of Kiel, Kiel, Germany.","Alternative source value present but Mg/Ca column S remains blank"
"boron_isotopes_bartoli_2011.xlsx",16,"S","NA, data interpolated from Groeneveld, J. (2005), Effect of the Pliocene closure of the Panamanian
Gateway on Caribbean and east Pacific sea surface temperatures and salinities by applying combined Mg/Ca and 18O measurements (5.6–
2.2 Ma), Ph.D. thesis, 161 pp., Univ. of Kiel, Kiel, Germany.","Alternative source value present but Mg/Ca column S remains blank"
"boron_isotopes_bartoli_2011.xlsx",17,"S","NA, data interpolated from Groeneveld, J. (2005), Effect of the Pliocene closure of the Panamanian
Gateway on Caribbean and east Pacific sea surface temperatures and salinities by applying combined Mg/Ca and 18O measurements (5.6–
2.2 Ma), Ph.D. thesis, 161 pp., Univ. of Kiel, Kiel, Germany.","Alternative source value present but Mg/Ca column S remains blank"
"boron_isotopes_bartoli_2011.xlsx",18,"S","NA, data interpolated from Groeneveld, J. (2005), Effect of the Pliocene closure of the Panamanian
Gateway on Caribbean and east Pacific sea surface temperatures and salinities by applying combined Mg/Ca and 18O measurements (5.6–
2.2 Ma), Ph.D. thesis, 161 pp., Univ. of Kiel, Kiel, Germany.","Alternative source value present but Mg/Ca column S remains blank"
"boron_isotopes_bartoli_2011.xlsx",19,"S","NA, data interpolated from Groeneveld, J. (2005), Effect of the Pliocene closure of the Panamanian
Gateway on Caribbean and east Pacific sea surface temperatures and salinities by applying combined Mg/Ca and 18O measurements (5.6–
2.2 Ma), Ph.D. thesis, 161 pp., Univ. of Kiel, Kiel, Germany.","Alternative source value present but Mg/Ca column S remains blank"
"boron_isotopes_bartoli_2011.xlsx",20,"S","NA, data interpolated from Groeneveld, J. (2005), Effect of the Pliocene closure of the Panamanian
Gateway on Caribbean and east Pacific sea surface temperatures and salinities by applying combined Mg/Ca and 18O measurements (5.6–
2.2 Ma), Ph.D. thesis, 161 pp., Univ. of Kiel, Kiel, Germany.","Alternative source value present but Mg/Ca column S remains blank"
"boron_isotopes_bartoli_2011.xlsx",21,"S","NA, data interpolated from Groeneveld, J. (2005), Effect of the Pliocene closure of the Panamanian
Gateway on Caribbean and east Pacific sea surface temperatures and salinities by applying combined Mg/Ca and 18O measurements (5.6–
2.2 Ma), Ph.D. thesis, 161 pp., Univ. of Kiel, Kiel, Germany.","Alternative source value present but Mg/Ca column S remains blank"
"boron_isotopes_bartoli_2011.xlsx",22,"S","NA, data interpolated from Groeneveld, J. (2005), Effect of the Pliocene closure of the Panamanian
Gateway on Caribbean and east Pacific sea surface temperatures and salinities by applying combined Mg/Ca and 18O measurements (5.6–
2.2 Ma), Ph.D. thesis, 161 pp., Univ. of Kiel, Kiel, Germany.","Alternative source value present but Mg/Ca column S remains blank"
"boron_isotopes_bartoli_2011.xlsx",23,"S","NA, data interpolated from Groeneveld, J. (2005), Effect of the Pliocene closure of the Panamanian
Gateway on Caribbean and east Pacific sea surface temperatures and salinities by applying combined Mg/Ca and 18O measurements (5.6–
2.2 Ma), Ph.D. thesis, 161 pp., Univ. of Kiel, Kiel, Germany.","Alternative source value present but Mg/Ca column S remains blank"
"boron_isotopes_bartoli_2011.xlsx",24,"S","NA, data interpolated from Groeneveld, J. (2005), Effect of the Pliocene closure of the Panamanian
Gateway on Caribbean and east Pacific sea surface temperatures and salinities by applying combined Mg/Ca and 18O measurements (5.6–
2.2 Ma), Ph.D. thesis, 161 pp., Univ. of Kiel, Kiel, Germany.","Alternative source value present but Mg/Ca column S remains blank"
"boron_isotopes_bartoli_2011.xlsx",25,"S","NA, data interpolated from Groeneveld, J. (2005), Effect of the Pliocene closure of the Panamanian
Gateway on Caribbean and east Pacific sea surface temperatures and salinities by applying combined Mg/Ca and 18O measurements (5.6–
2.2 Ma), Ph.D. thesis, 161 pp., Univ. of Kiel, Kiel, Germany.","Alternative source value present but Mg/Ca column S remains blank"
"boron_isotopes_bartoli_2011.xlsx",26,"S","NA, data interpolated from Groeneveld, J. (2005), Effect of the Pliocene closure of the Panamanian
Gateway on Caribbean and east Pacific sea surface temperatures and salinities by applying combined Mg/Ca and 18O measurements (5.6–
2.2 Ma), Ph.D. thesis, 161 pp., Univ. of Kiel, Kiel, Germany.","Alternative source value present but Mg/Ca column S remains blank"
"boron_isotopes_bartoli_2011.xlsx",27,"S","NA, data interpolated from Groeneveld, J. (2005), Effect of the Pliocene closure of the Panamanian
Gateway on Caribbean and east Pacific sea surface temperatures and salinities by applying combined Mg/Ca and 18O measurements (5.6–
2.2 Ma), Ph.D. thesis, 161 pp., Univ. of Kiel, Kiel, Germany.","Alternative source value present but Mg/Ca column S remains blank"
"boron_isotopes_bartoli_2011.xlsx",28,"S","NA, data interpolated from Groeneveld, J. (2005), Effect of the Pliocene closure of the Panamanian
Gateway on Caribbean and east Pacific sea surface temperatures and salinities by applying combined Mg/Ca and 18O measurements (5.6–
2.2 Ma), Ph.D. thesis, 161 pp., Univ. of Kiel, Kiel, Germany.","Alternative source value present but Mg/Ca column S remains blank"
"boron_isotopes_bartoli_2011.xlsx",29,"S","NA, data interpolated from Groeneveld, J. (2005), Effect of the Pliocene closure of the Panamanian
Gateway on Caribbean and east Pacific sea surface temperatures and salinities by applying combined Mg/Ca and 18O measurements (5.6–
2.2 Ma), Ph.D. thesis, 161 pp., Univ. of Kiel, Kiel, Germany.","Alternative source value present but Mg/Ca column S remains blank"
"boron_isotopes_bartoli_2011.xlsx",30,"S","NA, data interpolated from Groeneveld, J. (2005), Effect of the Pliocene closure of the Panamanian
Gateway on Caribbean and east Pacific sea surface temperatures and salinities by applying combined Mg/Ca and 18O measurements (5.6–
2.2 Ma), Ph.D. thesis, 161 pp., Univ. of Kiel, Kiel, Germany.","Alternative source value present but Mg/Ca column S remains blank"
"boron_isotopes_bartoli_2011.xlsx",31,"S","NA, data interpolated from Groeneveld, J. (2005), Effect of the Pliocene closure of the Panamanian
Gateway on Caribbean and east Pacific sea surface temperatures and salinities by applying combined Mg/Ca and 18O measurements (5.6–
2.2 Ma), Ph.D. thesis, 161 pp., Univ. of Kiel, Kiel, Germany.","Alternative source value present but Mg/Ca column S remains blank"
"boron_isotopes_bartoli_2011.xlsx",32,"S","NA, data interpolated from Groeneveld, J. (2005), Effect of the Pliocene closure of the Panamanian
Gateway on Caribbean and east Pacific sea surface temperatures and salinities by applying combined Mg/Ca and 18O measurements (5.6–
2.2 Ma), Ph.D. thesis, 161 pp., Univ. of Kiel, Kiel, Germany.","Alternative source value present but Mg/Ca column S remains blank"
"boron_isotopes_bartoli_2011.xlsx",33,"S","NA, data interpolated from Groeneveld, J. (2005), Effect of the Pliocene closure of the Panamanian
Gateway on Caribbean and east Pacific sea surface temperatures and salinities by applying combined Mg/Ca and 18O measurements (5.6–
2.2 Ma), Ph.D. thesis, 161 pp., Univ. of Kiel, Kiel, Germany.","Alternative source value present but Mg/Ca column S remains blank"
"boron_isotopes_bartoli_2011.xlsx",34,"S","NA, data interpolated from Groeneveld, J. (2005), Effect of the Pliocene closure of the Panamanian
Gateway on Caribbean and east Pacific sea surface temperatures and salinities by applying combined Mg/Ca and 18O measurements (5.6–
2.2 Ma), Ph.D. thesis, 161 pp., Univ. of Kiel, Kiel, Germany.","Alternative source value present but Mg/Ca column S remains blank"
"boron_isotopes_bartoli_2011.xlsx",35,"S","NA, data interpolated from Groeneveld, J. (2005), Effect of the Pliocene closure of the Panamanian
Gateway on Caribbean and east Pacific sea surface temperatures and salinities by applying combined Mg/Ca and 18O measurements (5.6–
2.2 Ma), Ph.D. thesis, 161 pp., Univ. of Kiel, Kiel, Germany.","Alternative source value present but Mg/Ca column S remains blank"
"boron_isotopes_bartoli_2011.xlsx",36,"S","NA, data interpolated from Groeneveld, J. (2005), Effect of the Pliocene closure of the Panamanian
Gateway on Caribbean and east Pacific sea surface temperatures and salinities by applying combined Mg/Ca and 18O measurements (5.6–
2.2 Ma), Ph.D. thesis, 161 pp., Univ. of Kiel, Kiel, Germany.","Alternative source value present but Mg/Ca column S remains blank"
"boron_isotopes_bartoli_2011.xlsx",37,"S","NA, data interpolated from Groeneveld, J. (2005), Effect of the Pliocene closure of the Panamanian
Gateway on Caribbean and east Pacific sea surface temperatures and salinities by applying combined Mg/Ca and 18O measurements (5.6–
2.2 Ma), Ph.D. thesis, 161 pp., Univ. of Kiel, Kiel, Germany.","Alternative source value present but Mg/Ca column S remains blank"
"boron_isotopes_bartoli_2011.xlsx",38,"S","NA, data interpolated from Groeneveld, J. (2005), Effect of the Pliocene closure of the Panamanian
Gateway on Caribbean and east Pacific sea surface temperatures and salinities by applying combined Mg/Ca and 18O measurements (5.6–
2.2 Ma), Ph.D. thesis, 161 pp., Univ. of Kiel, Kiel, Germany.","Alternative source value present but Mg/Ca column S remains blank"
"boron_isotopes_bartoli_2011.xlsx",39,"S","NA, data interpolated from Groeneveld, J. (2005), Effect of the Pliocene closure of the Panamanian
Gateway on Caribbean and east Pacific sea surface temperatures and salinities by applying combined Mg/Ca and 18O measurements (5.6–
2.2 Ma), Ph.D. thesis, 161 pp., Univ. of Kiel, Kiel, Germany.","Alternative source value present but Mg/Ca column S remains blank"
"boron_isotopes_bartoli_2011.xlsx",40,"S","NA, data interpolated from Groeneveld, J. (2005), Effect of the Pliocene closure of the Panamanian
Gateway on Caribbean and east Pacific sea surface temperatures and salinities by applying combined Mg/Ca and 18O measurements (5.6–
2.2 Ma), Ph.D. thesis, 161 pp., Univ. of Kiel, Kiel, Germany.","Alternative source value present but Mg/Ca column S remains blank"
"boron_isotopes_bartoli_2011.xlsx",41,"S","NA, data interpolated from Groeneveld, J. (2005), Effect of the Pliocene closure of the Panamanian
Gateway on Caribbean and east Pacific sea surface temperatures and salinities by applying combined Mg/Ca and 18O measurements (5.6–
2.2 Ma), Ph.D. thesis, 161 pp., Univ. of Kiel, Kiel, Germany.","Alternative source value present but Mg/Ca column S remains blank"
"boron_isotopes_bartoli_2011.xlsx",42,"S","NA, data interpolated from Groeneveld, J. (2005), Effect of the Pliocene closure of the Panamanian
Gateway on Caribbean and east Pacific sea surface temperatures and salinities by applying combined Mg/Ca and 18O measurements (5.6–
2.2 Ma), Ph.D. thesis, 161 pp., Univ. of Kiel, Kiel, Germany.","Alternative source value present but Mg/Ca column S remains blank"
"boron_isotopes_bartoli_2011.xlsx",43,"S","NA, data interpolated from Groeneveld, J. (2005), Effect of the Pliocene closure of the Panamanian
Gateway on Caribbean and east Pacific sea surface temperatures and salinities by applying combined Mg/Ca and 18O measurements (5.6–
2.2 Ma), Ph.D. thesis, 161 pp., Univ. of Kiel, Kiel, Germany.","Alternative source value present but Mg/Ca column S remains blank"
"boron_isotopes_bartoli_2011.xlsx",44,"S","NA, data interpolated from Groeneveld, J. (2005), Effect of the Pliocene closure of the Panamanian
Gateway on Caribbean and east Pacific sea surface temperatures and salinities by applying combined Mg/Ca and 18O measurements (5.6–
2.2 Ma), Ph.D. thesis, 161 pp., Univ. of Kiel, Kiel, Germany.","Alternative source value present but Mg/Ca column S remains blank"
"boron_isotopes_bartoli_2011.xlsx",45,"S","NA, data interpolated from Groeneveld, J. (2005), Effect of the Pliocene closure of the Panamanian
Gateway on Caribbean and east Pacific sea surface temperatures and salinities by applying combined Mg/Ca and 18O measurements (5.6–
2.2 Ma), Ph.D. thesis, 161 pp., Univ. of Kiel, Kiel, Germany.","Alternative source value present but Mg/Ca column S remains blank"
"boron_isotopes_bartoli_2011.xlsx",4,"C","please enter value manually","Archive link not yet assigned"
"boron_isotopes_bartoli_2011.xlsx",5,"C","please enter value manually","Archive link not yet assigned"
"boron_isotopes_bartoli_2011.xlsx",6,"C","please enter value manually","Archive link not yet assigned"
"boron_isotopes_bartoli_2011.xlsx",7,"C","please enter value manually","Archive link not yet assigned"
"boron_isotopes_bartoli_2011.xlsx",8,"C","please enter value manually","Archive link not yet assigned"
"boron_isotopes_bartoli_2011.xlsx",9,"C","please enter value manually","Archive link not yet assigned"
"boron_isotopes_bartoli_2011.xlsx",10,"C","please enter value manually","Archive link not yet assigned"
"boron_isotopes_bartoli_2011.xlsx",11,"C","please enter value manually","Archive link not yet assigned"
"boron_isotopes_bartoli_2011.xlsx",12,"C","please enter value manually","Archive link not yet assigned"
"boron_isotopes_bartoli_2011.xlsx",13,"C","please enter value manually","Archive link not yet assigned"
"boron_isotopes_bartoli_2011.xlsx",14,"C","please enter value manually","Archive link not yet assigned"
"boron_isotopes_bartoli_2011.xlsx",15,"C","please enter value manually","Archive link not yet assigned"
"boron_isotopes_bartoli_2011.xlsx",16,"C","please enter value manually","Archive link not yet assigned"
"boron_isotopes_bartoli_2011.xlsx",17,"C","please enter value manually","Archive link not yet assigned"
"boron_isotopes_bartoli_2011.xlsx",18,"C","please enter value manually","Archive link not yet assigned"
"boron_isotopes_bartoli_2011.xlsx",19,"C","please enter value manually","Archive link not yet assigned"
"boron_isotopes_bartoli_2011.xlsx",20,"C","please enter value manually","Archive link not yet assigned"
"boron_isotopes_bartoli_2011.xlsx",21,"C","please enter value manually","Archive link not yet assigned"
"boron_isotopes_bartoli_2011.xlsx",22,"C","please enter value manually","Archive link not yet assigned"
"boron_isotopes_bartoli_2011.xlsx",23,"C","please enter value manually","Archive link not yet assigned"
"boron_isotopes_bartoli_2011.xlsx",24,"C","please enter value manually","Archive link not yet assigned"
"boron_isotopes_bartoli_2011.xlsx",25,"C","please enter value manually","Archive link not yet assigned"
"boron_isotopes_bartoli_2011.xlsx",26,"C","please enter value manually","Archive link not yet assigned"
"boron_isotopes_bartoli_2011.xlsx",27,"C","please enter value manually","Archive link not yet assigned"
"boron_isotopes_bartoli_2011.xlsx",28,"C","please enter value manually","Archive link not yet assigned"
"boron_isotopes_bartoli_2011.xlsx",29,"C","please enter value manually","Archive link not yet assigned"
"boron_isotopes_bartoli_2011.xlsx",30,"C","please enter value manually","Archive link not yet assigned"
"boron_isotopes_bartoli_2011.xlsx",31,"C","please enter value manually","Archive link not yet assigned"
"boron_isotopes_bartoli_2011.xlsx",32,"C","please enter value manually","Archive link not yet assigned"
"boron_isotopes_bartoli_2011.xlsx",33,"C","please enter value manually","Archive link not yet assigned"
"boron_isotopes_bartoli_2011.xlsx",34,"C","please enter value manually","Archive link not yet assigned"
"boron_isotopes_bartoli_2011.xlsx",35,"C","please enter value manually","Archive link not yet assigned"
"boron_isotopes_bartoli_2011.xlsx",36,"C","please enter value manually","Archive link not yet assigned"
"boron_isotopes_bartoli_2011.xlsx",37,"C","please enter value manually","Archive link not yet assigned"
"boron_isotopes_bartoli_2011.xlsx",38,"C","please enter value manually","Archive link not yet assigned"
"boron_isotopes_bartoli_2011.xlsx",39,"C","please enter value manually","Archive link not yet assigned"
"boron_isotopes_bartoli_2011.xlsx",40,"C","please enter value manually","Archive link not yet assigned"
"boron_isotopes_bartoli_2011.xlsx",41,"C","please enter value manually","Archive link not yet assigned"
"boron_isotopes_bartoli_2011.xlsx",42,"C","please enter value manually","Archive link not yet assigned"
"boron_isotopes_bartoli_2011.xlsx",43,"C","please enter value manually","Archive link not yet assigned"
"boron_isotopes_bartoli_2011.xlsx",44,"C","please enter value manually","Archive link not yet assigned"
"boron_isotopes_bartoli_2011.xlsx",45,"C","please enter value manually","Archive link not yet assigned"
"boron_isotopes_brown_2022.xlsx",4,"C","please enter value manually","Archive link not yet assigned"
"boron_isotopes_brown_2022.xlsx",5,"C","please enter value manually","Archive link not yet assigned"
"boron_isotopes_brown_2022.xlsx",6,"C","please enter value manually","Archive link not yet assigned"
"boron_isotopes_brown_2022.xlsx",7,"C","please enter value manually","Archive link not yet assigned"
"boron_isotopes_brown_2022.xlsx",8,"C","please enter value manually","Archive link not yet assigned"
"boron_isotopes_brown_2022.xlsx",9,"C","please enter value manually","Archive link not yet assigned"
"boron_isotopes_brown_2022.xlsx",10,"C","please enter value manually","Archive link not yet assigned"
"boron_isotopes_brown_2022.xlsx",11,"C","please enter value manually","Archive link not yet assigned"
"boron_isotopes_brown_2022.xlsx",12,"C","please enter value manually","Archive link not yet assigned"
"boron_isotopes_brown_2022.xlsx",13,"C","please enter value manually","Archive link not yet assigned"
"boron_isotopes_brown_2022.xlsx",14,"C","please enter value manually","Archive link not yet assigned"
"boron_isotopes_brown_2022.xlsx",15,"C","please enter value manually","Archive link not yet assigned"
"boron_isotopes_brown_2022.xlsx",16,"C","please enter value manually","Archive link not yet assigned"
"boron_isotopes_brown_2022.xlsx",17,"C","please enter value manually","Archive link not yet assigned"
"boron_isotopes_brown_2022.xlsx",18,"C","please enter value manually","Archive link not yet assigned"
"boron_isotopes_brown_2022.xlsx",19,"C","please enter value manually","Archive link not yet assigned"
"boron_isotopes_brown_2022.xlsx",20,"C","please enter value manually","Archive link not yet assigned"
"boron_isotopes_brown_2022.xlsx",21,"C","please enter value manually","Archive link not yet assigned"
"boron_isotopes_brown_2022.xlsx",22,"C","please enter value manually","Archive link not yet assigned"
"boron_isotopes_brown_2022.xlsx",23,"C","please enter value manually","Archive link not yet assigned"
"boron_isotopes_brown_2022.xlsx",24,"C","please enter value manually","Archive link not yet assigned"
"boron_isotopes_brown_2022.xlsx",25,"C","please enter value manually","Archive link not yet assigned"
"boron_isotopes_brown_2022.xlsx",26,"C","please enter value manually","Archive link not yet assigned"
"boron_isotopes_brown_2022.xlsx",27,"C","please enter value manually","Archive link not yet assigned"
"boron_isotopes_brown_2022.xlsx",28,"C","please enter value manually","Archive link not yet assigned"
"boron_isotopes_brown_2022.xlsx",29,"C","please enter value manually","Archive link not yet assigned"
"boron_isotopes_brown_2022.xlsx",30,"C","please enter value manually","Archive link not yet assigned"
"boron_isotopes_brown_2022.xlsx",31,"C","please enter value manually","Archive link not yet assigned"
"boron_isotopes_brown_2022.xlsx",32,"C","please enter value manually","Archive link not yet assigned"
"boron_isotopes_brown_2022.xlsx",33,"C","please enter value manually","Archive link not yet assigned"
"boron_isotopes_brown_2022.xlsx",34,"C","please enter value manually","Archive link not yet assigned"
"boron_isotopes_brown_2022.xlsx",35,"C","please enter value manually","Archive link not yet assigned"
"boron_isotopes_brown_2022.xlsx",36,"C","please enter value manually","Archive link not yet assigned"
"boron_isotopes_brown_2022.xlsx",37,"C","please enter value manually","Archive link not yet assigned"
"boron_isotopes_brown_2022.xlsx",38,"C","please enter value manually","Archive link not yet assigned"
"boron_isotopes_brown_2022.xlsx",39,"C","please enter value manually","Archive link not yet assigned"
"boron_isotopes_brown_2022.xlsx",40,"C","please enter value manually","Archive link not yet assigned"
"boron_isotopes_brown_2022.xlsx",41,"C","please enter value manually","Archive link not yet assigned"
"boron_isotopes_brown_2022.xlsx",42,"C","please enter value manually","Archive link not yet assigned"
"boron_isotopes_brown_2022.xlsx",43,"C","please enter value manually","Archive link not yet assigned"
"boron_isotopes_brown_2022.xlsx",44,"C","please enter value manually","Archive link not yet assigned"
"boron_isotopes_brown_2022.xlsx",45,"C","please enter value manually","Archive link not yet assigned"
"boron_isotopes_brown_2022.xlsx",46,"C","please enter value manually","Archive link not yet assigned"
"boron_isotopes_brown_2022.xlsx",47,"C","please enter value manually","Archive link not yet assigned"
"boron_isotopes_brown_2022.xlsx",48,"C","please enter value manually","Archive link not yet assigned"
"boron_isotopes_chalk_2017.xlsx",4,"C","please enter value manually","Archive link not yet assigned"
"boron_isotopes_chalk_2017.xlsx",5,"C","please enter value manually","Archive link not yet assigned"
"boron_isotopes_chalk_2017.xlsx",6,"C","please enter value manually","Archive link not yet assigned"
"boron_isotopes_chalk_2017.xlsx",7,"C","please enter value manually","Archive link not yet assigned"
"boron_isotopes_chalk_2017.xlsx",8,"C","please enter value manually","Archive link not yet assigned"
"boron_isotopes_chalk_2017.xlsx",9,"C","please enter value manually","Archive link not yet assigned"
"boron_isotopes_chalk_2017.xlsx",10,"C","please enter value manually","Archive link not yet assigned"
"boron_isotopes_chalk_2017.xlsx",11,"C","please enter value manually","Archive link not yet assigned"
"boron_isotopes_chalk_2017.xlsx",12,"C","please enter value manually","Archive link not yet assigned"
"boron_isotopes_chalk_2017.xlsx",13,"C","please enter value manually","Archive link not yet assigned"
"boron_isotopes_chalk_2017.xlsx",14,"C","please enter value manually","Archive link not yet assigned"
"boron_isotopes_chalk_2017.xlsx",15,"C","please enter value manually","Archive link not yet assigned"
"boron_isotopes_chalk_2017.xlsx",16,"C","please enter value manually","Archive link not yet assigned"
"boron_isotopes_chalk_2017.xlsx",17,"C","please enter value manually","Archive link not yet assigned"
"boron_isotopes_chalk_2017.xlsx",18,"C","please enter value manually","Archive link not yet assigned"
"boron_isotopes_chalk_2017.xlsx",19,"C","please enter value manually","Archive link not yet assigned"
"boron_isotopes_chalk_2017.xlsx",20,"C","please enter value manually","Archive link not yet assigned"
"boron_isotopes_chalk_2017.xlsx",21,"C","please enter value manually","Archive link not yet assigned"
"boron_isotopes_chalk_2017.xlsx",22,"C","please enter value manually","Archive link not yet assigned"
"boron_isotopes_chalk_2017.xlsx",23,"C","please enter value manually","Archive link not yet assigned"
"boron_isotopes_chalk_2017.xlsx",24,"C","please enter value manually","Archive link not yet assigned"
"boron_isotopes_chalk_2017.xlsx",25,"C","please enter value manually","Archive link not yet assigned"
"boron_isotopes_chalk_2017.xlsx",26,"C","please enter value manually","Archive link not yet assigned"
"boron_isotopes_chalk_2017.xlsx",27,"C","please enter value manually","Archive link not yet assigned"
"boron_isotopes_chalk_2017.xlsx",28,"C","please enter value manually","Archive link not yet assigned"
"boron_isotopes_chalk_2017.xlsx",29,"C","please enter value manually","Archive link not yet assigned"
"boron_isotopes_chalk_2017.xlsx",30,"C","please enter value manually","Archive link not yet assigned"
"boron_isotopes_chalk_2017.xlsx",31,"C","please enter value manually","Archive link not yet assigned"
"boron_isotopes_chalk_2017.xlsx",32,"C","please enter value manually","Archive link not yet assigned"
"boron_isotopes_chalk_2017.xlsx",33,"C","please enter value manually","Archive link not yet assigned"
"boron_isotopes_chalk_2017.xlsx",34,"C","please enter value manually","Archive link not yet assigned"
"boron_isotopes_chalk_2017.xlsx",35,"C","please enter value manually","Archive link not yet assigned"
"boron_isotopes_chalk_2017.xlsx",36,"C","please enter value manually","Archive link not yet assigned"
"boron_isotopes_chalk_2017.xlsx",37,"C","please enter value manually","Archive link not yet assigned"
"boron_isotopes_chalk_2017.xlsx",38,"C","please enter value manually","Archive link not yet assigned"
"boron_isotopes_chalk_2017.xlsx",39,"C","please enter value manually","Archive link not yet assigned"
"boron_isotopes_chalk_2017.xlsx",40,"C","please enter value manually","Archive link not yet assigned"
"boron_isotopes_chalk_2017.xlsx",41,"C","please enter value manually","Archive link not yet assigned"
"boron_isotopes_chalk_2017.xlsx",42,"C","please enter value manually","Archive link not yet assigned"
"boron_isotopes_chalk_2017.xlsx",43,"C","please enter value manually","Archive link not yet assigned"
"boron_isotopes_chalk_2017.xlsx",44,"C","please enter value manually","Archive link not yet assigned"
"boron_isotopes_chalk_2017.xlsx",45,"C","please enter value manually","Archive link not yet assigned"
"boron_isotopes_chalk_2017.xlsx",46,"C","please enter value manually","Archive link not yet assigned"
"boron_isotopes_chalk_2017.xlsx",47,"C","please enter value manually","Archive link not yet assigned"
"boron_isotopes_chalk_2017.xlsx",48,"C","please enter value manually","Archive link not yet assigned"
"boron_isotopes_chalk_2017.xlsx",49,"C","please enter value manually","Archive link not yet assigned"
"boron_isotopes_chalk_2017.xlsx",50,"C","please enter value manually","Archive link not yet assigned"
"boron_isotopes_chalk_2017.xlsx",51,"C","please enter value manually","Archive link not yet assigned"
"boron_isotopes_chalk_2017.xlsx",52,"C","please enter value manually","Archive link not yet assigned"
"boron_isotopes_chalk_2017.xlsx",53,"C","please enter value manually","Archive link not yet assigned"
"boron_isotopes_chalk_2017.xlsx",54,"C","please enter value manually","Archive link not yet assigned"
"boron_isotopes_chalk_2017.xlsx",55,"C","please enter value manually","Archive link not yet assigned"
"boron_isotopes_chalk_2017.xlsx",56,"C","please enter value manually","Archive link not yet assigned"
"boron_isotopes_chalk_2017.xlsx",57,"C","please enter value manually","Archive link not yet assigned"
"boron_isotopes_chalk_2017.xlsx",58,"C","please enter value manually","Archive link not yet assigned"
"boron_isotopes_chalk_2017.xlsx",59,"C","please enter value manually","Archive link not yet assigned"
"boron_isotopes_chalk_2017.xlsx",60,"C","please enter value manually","Archive link not yet assigned"
"boron_isotopes_chalk_2017.xlsx",61,"C","please enter value manually","Archive link not yet assigned"
"boron_isotopes_chalk_2017.xlsx",62,"C","please enter value manually","Archive link not yet assigned"
"boron_isotopes_chalk_2017.xlsx",63,"C","please enter value manually","Archive link not yet assigned"
"boron_isotopes_chalk_2017.xlsx",64,"C","please enter value manually","Archive link not yet assigned"
"boron_isotopes_chalk_2017.xlsx",65,"C","please enter value manually","Archive link not yet assigned"
"boron_isotopes_chalk_2017.xlsx",66,"C","please enter value manually","Archive link not yet assigned"
"boron_isotopes_chalk_2017.xlsx",67,"C","please enter value manually","Archive link not yet assigned"
"boron_isotopes_chalk_2017.xlsx",68,"C","please enter value manually","Archive link not yet assigned"
"boron_isotopes_chalk_2017.xlsx",69,"C","please enter value manually","Archive link not yet assigned"
"boron_isotopes_chalk_2017.xlsx",70,"C","please enter value manually","Archive link not yet assigned"
"boron_isotopes_chalk_2017.xlsx",71,"C","please enter value manually","Archive link not yet assigned"
"boron_isotopes_chalk_2017.xlsx",72,"C","please enter value manually","Archive link not yet assigned"
"boron_isotopes_chalk_2017.xlsx",73,"C","please enter value manually","Archive link not yet assigned"
"boron_isotopes_chalk_2017.xlsx",74,"C","please enter value manually","Archive link not yet assigned"
"boron_isotopes_chalk_2017.xlsx",75,"C","please enter value manually","Archive link not yet assigned"
"boron_isotopes_chalk_2017.xlsx",76,"C","please enter value manually","Archive link not yet assigned"
"boron_isotopes_chalk_2017.xlsx",77,"C","please enter value manually","Archive link not yet assigned"
"boron_isotopes_chalk_2017.xlsx",78,"C","please enter value manually","Archive link not yet assigned"
"boron_isotopes_chalk_2017.xlsx",79,"C","please enter value manually","Archive link not yet assigned"
"boron_isotopes_chalk_2017.xlsx",80,"C","please enter value manually","Archive link not yet assigned"
"boron_isotopes_chalk_2017.xlsx",81,"C","please enter value manually","Archive link not yet assigned"
"boron_isotopes_chalk_2017.xlsx",82,"C","please enter value manually","Archive link not yet assigned"
"boron_isotopes_chalk_2017.xlsx",83,"C","please enter value manually","Archive link not yet assigned"
"boron_isotopes_chalk_2017.xlsx",84,"C","please enter value manually","Archive link not yet assigned"
"boron_isotopes_chalk_2017.xlsx",85,"C","please enter value manually","Archive link not yet assigned"
"boron_isotopes_chalk_2017.xlsx",86,"C","please enter value manually","Archive link not yet assigned"
"boron_isotopes_chalk_2017.xlsx",87,"C","please enter value manually","Archive link not yet assigned"
"boron_isotopes_chalk_2017.xlsx",88,"C","please enter value manually","Archive link not yet assigned"
"boron_isotopes_chalk_2017.xlsx",89,"C","please enter value manually","Archive link not yet assigned"
"boron_isotopes_chalk_2017.xlsx",90,"C","please enter value manually","Archive link not yet assigned"
"boron_isotopes_chalk_2017.xlsx",91,"C","please enter value manually","Archive link not yet assigned"
"boron_isotopes_chalk_2017.xlsx",92,"C","please enter value manually","Archive link not yet assigned"
"boron_isotopes_chalk_2017.xlsx",93,"C","please enter value manually","Archive link not yet assigned"
"boron_isotopes_chalk_2017.xlsx",94,"C","please enter value manually","Archive link not yet assigned"
"boron_isotopes_chalk_2017.xlsx",95,"C","please enter value manually","Archive link not yet assigned"
"boron_isotopes_chalk_2017.xlsx",96,"C","please enter value manually","Archive link not yet assigned"
"boron_isotopes_chalk_2017.xlsx",97,"C","please enter value manually","Archive link not yet assigned"
"boron_isotopes_chalk_2017.xlsx",98,"C","please enter value manually","Archive link not yet assigned"
"boron_isotopes_chalk_2017.xlsx",99,"C","please enter value manually","Archive link not yet assigned"
"boron_isotopes_chalk_2017.xlsx",100,"C","please enter value manually","Archive link not yet assigned"
"boron_isotopes_chalk_2017.xlsx",101,"C","please enter value manually","Archive link not yet assigned"
"boron_isotopes_chalk_2017.xlsx",102,"C","please enter value manually","Archive link not yet assigned"
"boron_isotopes_chalk_2017.xlsx",103,"C","please enter value manually","Archive link not yet assigned"
"boron_isotopes_chalk_2017.xlsx",104,"C","please enter value manually","Archive link not yet assigned"
"boron_isotopes_chalk_2017.xlsx",105,"C","please enter value manually","Archive link not yet assigned"
"boron_isotopes_chalk_2017.xlsx",106,"C","please enter value manually","Archive link not yet assigned"
"boron_isotopes_chalk_2017.xlsx",107,"C","please enter value manually","Archive link not yet assigned"
"boron_isotopes_chalk_2017.xlsx",108,"C","please enter value manually","Archive link not yet assigned"
"boron_isotopes_chalk_2017.xlsx",109,"C","please enter value manually","Archive link not yet assigned"
"boron_isotopes_chalk_2017.xlsx",110,"C","please enter value manually","Archive link not yet assigned"
"boron_isotopes_chalk_2017.xlsx",111,"C","please enter value manually","Archive link not yet assigned"
"boron_isotopes_chalk_2017.xlsx",112,"C","please enter value manually","Archive link not yet assigned"
"boron_isotopes_chalk_2017.xlsx",113,"C","please enter value manually","Archive link not yet assigned"
"boron_isotopes_delavega_2020.xlsx",4,"S","3.85","Alternative source value present but Mg/Ca column S remains blank"
"boron_isotopes_delavega_2020.xlsx",5,"S","3.71","Alternative source value present but Mg/Ca column S remains blank"
"boron_isotopes_delavega_2020.xlsx",6,"S","4.31","Alternative source value present but Mg/Ca column S remains blank"
"boron_isotopes_delavega_2020.xlsx",7,"S","3.87","Alternative source value present but Mg/Ca column S remains blank"
"boron_isotopes_delavega_2020.xlsx",8,"S","3.91","Alternative source value present but Mg/Ca column S remains blank"
"boron_isotopes_delavega_2020.xlsx",9,"S","3.8","Alternative source value present but Mg/Ca column S remains blank"
"boron_isotopes_delavega_2020.xlsx",10,"S","4.06","Alternative source value present but Mg/Ca column S remains blank"
"boron_isotopes_delavega_2020.xlsx",11,"S","3.81","Alternative source value present but Mg/Ca column S remains blank"
"boron_isotopes_delavega_2020.xlsx",12,"S","3.85","Alternative source value present but Mg/Ca column S remains blank"
"boron_isotopes_delavega_2020.xlsx",13,"S","3.81","Alternative source value present but Mg/Ca column S remains blank"
"boron_isotopes_delavega_2020.xlsx",14,"S","3.7","Alternative source value present but Mg/Ca column S remains blank"
"boron_isotopes_delavega_2020.xlsx",15,"S","3.69","Alternative source value present but Mg/Ca column S remains blank"
"boron_isotopes_delavega_2020.xlsx",16,"S","3.49","Alternative source value present but Mg/Ca column S remains blank"
"boron_isotopes_delavega_2020.xlsx",17,"S","3.48","Alternative source value present but Mg/Ca column S remains blank"
"boron_isotopes_delavega_2020.xlsx",18,"S","3.8","Alternative source value present but Mg/Ca column S remains blank"
"boron_isotopes_delavega_2020.xlsx",19,"S","3.52","Alternative source value present but Mg/Ca column S remains blank"
"boron_isotopes_delavega_2020.xlsx",20,"S","3.97","Alternative source value present but Mg/Ca column S remains blank"
"boron_isotopes_delavega_2020.xlsx",21,"S","3.53","Alternative source value present but Mg/Ca column S remains blank"
"boron_isotopes_delavega_2020.xlsx",22,"S","3.6","Alternative source value present but Mg/Ca column S remains blank"
"boron_isotopes_delavega_2020.xlsx",23,"S","3.89","Alternative source value present but Mg/Ca column S remains blank"
"boron_isotopes_delavega_2020.xlsx",24,"S","3.67","Alternative source value present but Mg/Ca column S remains blank"
"boron_isotopes_delavega_2020.xlsx",25,"S","4.12","Alternative source value present but Mg/Ca column S remains blank"
"boron_isotopes_delavega_2020.xlsx",26,"S","3.61","Alternative source value present but Mg/Ca column S remains blank"
"boron_isotopes_delavega_2020.xlsx",27,"S","3.34","Alternative source value present but Mg/Ca column S remains blank"
"boron_isotopes_delavega_2020.xlsx",28,"S","3.28","Alternative source value present but Mg/Ca column S remains blank"
"boron_isotopes_delavega_2020.xlsx",29,"S","3.13","Alternative source value present but Mg/Ca column S remains blank"
"boron_isotopes_delavega_2020.xlsx",30,"S","3.21","Alternative source value present but Mg/Ca column S remains blank"
"boron_isotopes_delavega_2020.xlsx",31,"S","3.26","Alternative source value present but Mg/Ca column S remains blank"
"boron_isotopes_delavega_2020.xlsx",32,"S","3.33","Alternative source value present but Mg/Ca column S remains blank"
"boron_isotopes_delavega_2020.xlsx",33,"S","3.6","Alternative source value present but Mg/Ca column S remains blank"
"boron_isotopes_delavega_2020.xlsx",34,"S","3.58","Alternative source value present but Mg/Ca column S remains blank"
"boron_isotopes_delavega_2020.xlsx",35,"S","3.55","Alternative source value present but Mg/Ca column S remains blank"
"boron_isotopes_delavega_2020.xlsx",36,"S","3.34","Alternative source value present but Mg/Ca column S remains blank"
"boron_isotopes_delavega_2020.xlsx",37,"S","3.52","Alternative source value present but Mg/Ca column S remains blank"
"boron_isotopes_delavega_2020.xlsx",38,"S","3.87","Alternative source value present but Mg/Ca column S remains blank"
"boron_isotopes_delavega_2020.xlsx",39,"S","3.68","Alternative source value present but Mg/Ca column S remains blank"
"boron_isotopes_delavega_2020.xlsx",40,"S","3.47","Alternative source value present but Mg/Ca column S remains blank"
"boron_isotopes_delavega_2020.xlsx",41,"S","3.36","Alternative source value present but Mg/Ca column S remains blank"
"boron_isotopes_delavega_2020.xlsx",42,"S","3.13","Alternative source value present but Mg/Ca column S remains blank"
"boron_isotopes_delavega_2020.xlsx",43,"S","3.16","Alternative source value present but Mg/Ca column S remains blank"
"boron_isotopes_delavega_2020.xlsx",44,"S","3.11","Alternative source value present but Mg/Ca column S remains blank"
"boron_isotopes_delavega_2020.xlsx",45,"S","3.43","Alternative source value present but Mg/Ca column S remains blank"
"boron_isotopes_delavega_2020.xlsx",46,"S","3.06","Alternative source value present but Mg/Ca column S remains blank"
"boron_isotopes_delavega_2020.xlsx",47,"S","3.22","Alternative source value present but Mg/Ca column S remains blank"
"boron_isotopes_delavega_2020.xlsx",48,"S","3.86","Alternative source value present but Mg/Ca column S remains blank"
"boron_isotopes_delavega_2020.xlsx",49,"S","3.4","Alternative source value present but Mg/Ca column S remains blank"
"boron_isotopes_delavega_2020.xlsx",50,"S","3.28","Alternative source value present but Mg/Ca column S remains blank"
"boron_isotopes_delavega_2020.xlsx",51,"S","3.18","Alternative source value present but Mg/Ca column S remains blank"
"boron_isotopes_delavega_2020.xlsx",52,"S","3.18","Alternative source value present but Mg/Ca column S remains blank"
"boron_isotopes_delavega_2020.xlsx",53,"S","3.22","Alternative source value present but Mg/Ca column S remains blank"
"boron_isotopes_delavega_2020.xlsx",54,"S","3.75","Alternative source value present but Mg/Ca column S remains blank"
"boron_isotopes_delavega_2020.xlsx",55,"S","3.46","Alternative source value present but Mg/Ca column S remains blank"
"boron_isotopes_delavega_2020.xlsx",56,"S","3.35","Alternative source value present but Mg/Ca column S remains blank"
"boron_isotopes_delavega_2020.xlsx",57,"S","3.21","Alternative source value present but Mg/Ca column S remains blank"
"boron_isotopes_delavega_2020.xlsx",58,"S","3.57","Alternative source value present but Mg/Ca column S remains blank"
"boron_isotopes_delavega_2020.xlsx",59,"S","3.45","Alternative source value present but Mg/Ca column S remains blank"
"boron_isotopes_delavega_2020.xlsx",60,"S","3.23","Alternative source value present but Mg/Ca column S remains blank"
"boron_isotopes_delavega_2020.xlsx",61,"S","2.91","Alternative source value present but Mg/Ca column S remains blank"
"boron_isotopes_delavega_2020.xlsx",62,"S","3.2","Alternative source value present but Mg/Ca column S remains blank"
"boron_isotopes_delavega_2020.xlsx",63,"S","3.69","Alternative source value present but Mg/Ca column S remains blank"
"boron_isotopes_delavega_2020.xlsx",64,"S","2.99","Alternative source value present but Mg/Ca column S remains blank"
"boron_isotopes_delavega_2020.xlsx",65,"S","3.57","Alternative source value present but Mg/Ca column S remains blank"
"boron_isotopes_delavega_2020.xlsx",66,"S","3.52","Alternative source value present but Mg/Ca column S remains blank"
"boron_isotopes_delavega_2020.xlsx",67,"S","3.27","Alternative source value present but Mg/Ca column S remains blank"
"boron_isotopes_delavega_2020.xlsx",68,"S","3.81","Alternative source value present but Mg/Ca column S remains blank"
"boron_isotopes_delavega_2020.xlsx",69,"S","3.54","Alternative source value present but Mg/Ca column S remains blank"
"boron_isotopes_delavega_2020.xlsx",70,"S","3.88","Alternative source value present but Mg/Ca column S remains blank"
"boron_isotopes_delavega_2020.xlsx",71,"S","3.75","Alternative source value present but Mg/Ca column S remains blank"
"boron_isotopes_delavega_2020.xlsx",72,"S","3.66","Alternative source value present but Mg/Ca column S remains blank"
"boron_isotopes_delavega_2020.xlsx",73,"S","3.62","Alternative source value present but Mg/Ca column S remains blank"
"boron_isotopes_delavega_2020.xlsx",74,"S","3.78","Alternative source value present but Mg/Ca column S remains blank"
"boron_isotopes_delavega_2020.xlsx",75,"S","3.57","Alternative source value present but Mg/Ca column S remains blank"
"boron_isotopes_delavega_2020.xlsx",76,"S","3.81","Alternative source value present but Mg/Ca column S remains blank"
"boron_isotopes_delavega_2020.xlsx",77,"S","3.75","Alternative source value present but Mg/Ca column S remains blank"
"boron_isotopes_delavega_2020.xlsx",78,"S","3.58","Alternative source value present but Mg/Ca column S remains blank"
"boron_isotopes_delavega_2020.xlsx",79,"S","3.56","Alternative source value present but Mg/Ca column S remains blank"
"boron_isotopes_delavega_2020.xlsx",80,"S","3.6","Alternative source value present but Mg/Ca column S remains blank"
"boron_isotopes_delavega_2020.xlsx",81,"S","3.5","Alternative source value present but Mg/Ca column S remains blank"
"boron_isotopes_delavega_2020.xlsx",82,"S","3.73","Alternative source value present but Mg/Ca column S remains blank"
"boron_isotopes_delavega_2020.xlsx",83,"S","3.49","Alternative source value present but Mg/Ca column S remains blank"
"boron_isotopes_delavega_2020.xlsx",84,"S","3.79","Alternative source value present but Mg/Ca column S remains blank"
"boron_isotopes_delavega_2020.xlsx",85,"S","3.51","Alternative source value present but Mg/Ca column S remains blank"
"boron_isotopes_delavega_2020.xlsx",86,"S","3.58","Alternative source value present but Mg/Ca column S remains blank"
"boron_isotopes_delavega_2020.xlsx",87,"S","3.66","Alternative source value present but Mg/Ca column S remains blank"
"boron_isotopes_delavega_2020.xlsx",88,"S","3.24","Alternative source value present but Mg/Ca column S remains blank"
"boron_isotopes_delavega_2020.xlsx",89,"S","3.33","Alternative source value present but Mg/Ca column S remains blank"
"boron_isotopes_delavega_2020.xlsx",90,"S","3.3","Alternative source value present but Mg/Ca column S remains blank"
"boron_isotopes_delavega_2020.xlsx",91,"S","3.28","Alternative source value present but Mg/Ca column S remains blank"
"boron_isotopes_delavega_2020.xlsx",92,"S","3.2","Alternative source value present but Mg/Ca column S remains blank"
"boron_isotopes_delavega_2020.xlsx",93,"S","3.55","Alternative source value present but Mg/Ca column S remains blank"
"boron_isotopes_delavega_2020.xlsx",94,"S","3.39","Alternative source value present but Mg/Ca column S remains blank"
"boron_isotopes_delavega_2020.xlsx",95,"S","3.26","Alternative source value present but Mg/Ca column S remains blank"
"boron_isotopes_delavega_2020.xlsx",96,"S","3.52","Alternative source value present but Mg/Ca column S remains blank"
"boron_isotopes_delavega_2020.xlsx",97,"S","3.33","Alternative source value present but Mg/Ca column S remains blank"
"boron_isotopes_delavega_2020.xlsx",98,"S","3.41","Alternative source value present but Mg/Ca column S remains blank"
"boron_isotopes_delavega_2020.xlsx",99,"S","3.7","Alternative source value present but Mg/Ca column S remains blank"
"boron_isotopes_delavega_2020.xlsx",100,"S","3.91","Alternative source value present but Mg/Ca column S remains blank"
"boron_isotopes_delavega_2020.xlsx",101,"S","3.38","Alternative source value present but Mg/Ca column S remains blank"
"boron_isotopes_delavega_2020.xlsx",102,"S","3.53","Alternative source value present but Mg/Ca column S remains blank"
"boron_isotopes_delavega_2020.xlsx",103,"S","3.72","Alternative source value present but Mg/Ca column S remains blank"
"boron_isotopes_delavega_2020.xlsx",104,"S","3.41","Alternative source value present but Mg/Ca column S remains blank"
"boron_isotopes_delavega_2020.xlsx",105,"S","3.48","Alternative source value present but Mg/Ca column S remains blank"
"boron_isotopes_delavega_2020.xlsx",106,"S","3.45","Alternative source value present but Mg/Ca column S remains blank"
"boron_isotopes_delavega_2020.xlsx",107,"S","3.28","Alternative source value present but Mg/Ca column S remains blank"
"boron_isotopes_delavega_2020.xlsx",108,"S","3.3","Alternative source value present but Mg/Ca column S remains blank"
"boron_isotopes_delavega_2020.xlsx",109,"S","3.33","Alternative source value present but Mg/Ca column S remains blank"
"boron_isotopes_delavega_2020.xlsx",110,"S","3.5","Alternative source value present but Mg/Ca column S remains blank"
"boron_isotopes_delavega_2020.xlsx",111,"S","3.39","Alternative source value present but Mg/Ca column S remains blank"
"boron_isotopes_delavega_2020.xlsx",112,"S","3.35","Alternative source value present but Mg/Ca column S remains blank"
"boron_isotopes_delavega_2020.xlsx",113,"S","3.3","Alternative source value present but Mg/Ca column S remains blank"
"boron_isotopes_delavega_2020.xlsx",114,"S","3.56","Alternative source value present but Mg/Ca column S remains blank"
"boron_isotopes_delavega_2020.xlsx",115,"S","3.8","Alternative source value present but Mg/Ca column S remains blank"
"boron_isotopes_delavega_2020.xlsx",116,"S","3.71","Alternative source value present but Mg/Ca column S remains blank"
"boron_isotopes_delavega_2020.xlsx",117,"S","3.62","Alternative source value present but Mg/Ca column S remains blank"
"boron_isotopes_delavega_2020.xlsx",118,"S","3.86","Alternative source value present but Mg/Ca column S remains blank"
"boron_isotopes_delavega_2020.xlsx",119,"S","3.69","Alternative source value present but Mg/Ca column S remains blank"
"boron_isotopes_delavega_2020.xlsx",120,"S","3.64","Alternative source value present but Mg/Ca column S remains blank"
"boron_isotopes_delavega_2020.xlsx",123,"S","3.22","Alternative source value present but Mg/Ca column S remains blank"
"boron_isotopes_delavega_2020.xlsx",125,"S","3.18","Alternative source value present but Mg/Ca column S remains blank"
"boron_isotopes_delavega_2020.xlsx",4,"C","please enter value manually","Archive link not yet assigned"
"boron_isotopes_delavega_2020.xlsx",5,"C","please enter value manually","Archive link not yet assigned"
"boron_isotopes_delavega_2020.xlsx",6,"C","please enter value manually","Archive link not yet assigned"
"boron_isotopes_delavega_2020.xlsx",7,"C","please enter value manually","Archive link not yet assigned"
"boron_isotopes_delavega_2020.xlsx",8,"C","please enter value manually","Archive link not yet assigned"
"boron_isotopes_delavega_2020.xlsx",9,"C","please enter value manually","Archive link not yet assigned"
"boron_isotopes_delavega_2020.xlsx",10,"C","please enter value manually","Archive link not yet assigned"
"boron_isotopes_delavega_2020.xlsx",11,"C","please enter value manually","Archive link not yet assigned"
"boron_isotopes_delavega_2020.xlsx",12,"C","please enter value manually","Archive link not yet assigned"
"boron_isotopes_delavega_2020.xlsx",13,"C","please enter value manually","Archive link not yet assigned"
"boron_isotopes_delavega_2020.xlsx",14,"C","please enter value manually","Archive link not yet assigned"
"boron_isotopes_delavega_2020.xlsx",15,"C","please enter value manually","Archive link not yet assigned"
"boron_isotopes_delavega_2020.xlsx",16,"C","please enter value manually","Archive link not yet assigned"
"boron_isotopes_delavega_2020.xlsx",17,"C","please enter value manually","Archive link not yet assigned"
"boron_isotopes_delavega_2020.xlsx",18,"C","please enter value manually","Archive link not yet assigned"
"boron_isotopes_delavega_2020.xlsx",19,"C","please enter value manually","Archive link not yet assigned"
"boron_isotopes_delavega_2020.xlsx",20,"C","please enter value manually","Archive link not yet assigned"
"boron_isotopes_delavega_2020.xlsx",21,"C","please enter value manually","Archive link not yet assigned"
"boron_isotopes_delavega_2020.xlsx",22,"C","please enter value manually","Archive link not yet assigned"
"boron_isotopes_delavega_2020.xlsx",23,"C","please enter value manually","Archive link not yet assigned"
"boron_isotopes_delavega_2020.xlsx",24,"C","please enter value manually","Archive link not yet assigned"
"boron_isotopes_delavega_2020.xlsx",25,"C","please enter value manually","Archive link not yet assigned"
"boron_isotopes_delavega_2020.xlsx",26,"C","please enter value manually","Archive link not yet assigned"
"boron_isotopes_delavega_2020.xlsx",27,"C","please enter value manually","Archive link not yet assigned"
"boron_isotopes_delavega_2020.xlsx",28,"C","please enter value manually","Archive link not yet assigned"
"boron_isotopes_delavega_2020.xlsx",29,"C","please enter value manually","Archive link not yet assigned"
"boron_isotopes_delavega_2020.xlsx",30,"C","please enter value manually","Archive link not yet assigned"
"boron_isotopes_delavega_2020.xlsx",31,"C","please enter value manually","Archive link not yet assigned"
"boron_isotopes_delavega_2020.xlsx",32,"C","please enter value manually","Archive link not yet assigned"
"boron_isotopes_delavega_2020.xlsx",33,"C","please enter value manually","Archive link not yet assigned"
"boron_isotopes_delavega_2020.xlsx",34,"C","please enter value manually","Archive link not yet assigned"
"boron_isotopes_delavega_2020.xlsx",35,"C","please enter value manually","Archive link not yet assigned"
"boron_isotopes_delavega_2020.xlsx",36,"C","please enter value manually","Archive link not yet assigned"
"boron_isotopes_delavega_2020.xlsx",37,"C","please enter value manually","Archive link not yet assigned"
"boron_isotopes_delavega_2020.xlsx",38,"C","please enter value manually","Archive link not yet assigned"
"boron_isotopes_delavega_2020.xlsx",39,"C","please enter value manually","Archive link not yet assigned"
"boron_isotopes_delavega_2020.xlsx",40,"C","please enter value manually","Archive link not yet assigned"
"boron_isotopes_delavega_2020.xlsx",41,"C","please enter value manually","Archive link not yet assigned"
"boron_isotopes_delavega_2020.xlsx",42,"C","please enter value manually","Archive link not yet assigned"
"boron_isotopes_delavega_2020.xlsx",43,"C","please enter value manually","Archive link not yet assigned"
"boron_isotopes_delavega_2020.xlsx",44,"C","please enter value manually","Archive link not yet assigned"
"boron_isotopes_delavega_2020.xlsx",45,"C","please enter value manually","Archive link not yet assigned"
"boron_isotopes_delavega_2020.xlsx",46,"C","please enter value manually","Archive link not yet assigned"
"boron_isotopes_delavega_2020.xlsx",47,"C","please enter value manually","Archive link not yet assigned"
"boron_isotopes_delavega_2020.xlsx",48,"C","please enter value manually","Archive link not yet assigned"
"boron_isotopes_delavega_2020.xlsx",49,"C","please enter value manually","Archive link not yet assigned"
"boron_isotopes_delavega_2020.xlsx",50,"C","please enter value manually","Archive link not yet assigned"
"boron_isotopes_delavega_2020.xlsx",51,"C","please enter value manually","Archive link not yet assigned"
"boron_isotopes_delavega_2020.xlsx",52,"C","please enter value manually","Archive link not yet assigned"
"boron_isotopes_delavega_2020.xlsx",53,"C","please enter value manually","Archive link not yet assigned"
"boron_isotopes_delavega_2020.xlsx",54,"C","please enter value manually","Archive link not yet assigned"
"boron_isotopes_delavega_2020.xlsx",55,"C","please enter value manually","Archive link not yet assigned"
"boron_isotopes_delavega_2020.xlsx",56,"C","please enter value manually","Archive link not yet assigned"
"boron_isotopes_delavega_2020.xlsx",57,"C","please enter value manually","Archive link not yet assigned"
"boron_isotopes_delavega_2020.xlsx",58,"C","please enter value manually","Archive link not yet assigned"
"boron_isotopes_delavega_2020.xlsx",59,"C","please enter value manually","Archive link not yet assigned"
"boron_isotopes_delavega_2020.xlsx",60,"C","please enter value manually","Archive link not yet assigned"
"boron_isotopes_delavega_2020.xlsx",61,"C","please enter value manually","Archive link not yet assigned"
"boron_isotopes_delavega_2020.xlsx",62,"C","please enter value manually","Archive link not yet assigned"
"boron_isotopes_delavega_2020.xlsx",63,"C","please enter value manually","Archive link not yet assigned"
"boron_isotopes_delavega_2020.xlsx",64,"C","please enter value manually","Archive link not yet assigned"
"boron_isotopes_delavega_2020.xlsx",65,"C","please enter value manually","Archive link not yet assigned"
"boron_isotopes_delavega_2020.xlsx",66,"C","please enter value manually","Archive link not yet assigned"
"boron_isotopes_delavega_2020.xlsx",67,"C","please enter value manually","Archive link not yet assigned"
"boron_isotopes_delavega_2020.xlsx",68,"C","please enter value manually","Archive link not yet assigned"
"boron_isotopes_delavega_2020.xlsx",69,"C","please enter value manually","Archive link not yet assigned"
"boron_isotopes_delavega_2020.xlsx",70,"C","please enter value manually","Archive link not yet assigned"
"boron_isotopes_delavega_2020.xlsx",71,"C","please enter value manually","Archive link not yet assigned"
"boron_isotopes_delavega_2020.xlsx",72,"C","please enter value manually","Archive link not yet assigned"
"boron_isotopes_delavega_2020.xlsx",73,"C","please enter value manually","Archive link not yet assigned"
"boron_isotopes_delavega_2020.xlsx",74,"C","please enter value manually","Archive link not yet assigned"
"boron_isotopes_delavega_2020.xlsx",75,"C","please enter value manually","Archive link not yet assigned"
"boron_isotopes_delavega_2020.xlsx",76,"C","please enter value manually","Archive link not yet assigned"
"boron_isotopes_delavega_2020.xlsx",77,"C","please enter value manually","Archive link not yet assigned"
"boron_isotopes_delavega_2020.xlsx",78,"C","please enter value manually","Archive link not yet assigned"
"boron_isotopes_delavega_2020.xlsx",79,"C","please enter value manually","Archive link not yet assigned"
"boron_isotopes_delavega_2020.xlsx",80,"C","please enter value manually","Archive link not yet assigned"
"boron_isotopes_delavega_2020.xlsx",81,"C","please enter value manually","Archive link not yet assigned"
"boron_isotopes_delavega_2020.xlsx",82,"C","please enter value manually","Archive link not yet assigned"
"boron_isotopes_delavega_2020.xlsx",83,"C","please enter value manually","Archive link not yet assigned"
"boron_isotopes_delavega_2020.xlsx",84,"C","please enter value manually","Archive link not yet assigned"
"boron_isotopes_delavega_2020.xlsx",85,"C","please enter value manually","Archive link not yet assigned"
"boron_isotopes_delavega_2020.xlsx",86,"C","please enter value manually","Archive link not yet assigned"
"boron_isotopes_delavega_2020.xlsx",87,"C","please enter value manually","Archive link not yet assigned"
"boron_isotopes_delavega_2020.xlsx",88,"C","please enter value manually","Archive link not yet assigned"
"boron_isotopes_delavega_2020.xlsx",89,"C","please enter value manually","Archive link not yet assigned"
"boron_isotopes_delavega_2020.xlsx",90,"C","please enter value manually","Archive link not yet assigned"
"boron_isotopes_delavega_2020.xlsx",91,"C","please enter value manually","Archive link not yet assigned"
"boron_isotopes_delavega_2020.xlsx",92,"C","please enter value manually","Archive link not yet assigned"
"boron_isotopes_delavega_2020.xlsx",93,"C","please enter value manually","Archive link not yet assigned"
"boron_isotopes_delavega_2020.xlsx",94,"C","please enter value manually","Archive link not yet assigned"
"boron_isotopes_delavega_2020.xlsx",95,"C","please enter value manually","Archive link not yet assigned"
"boron_isotopes_delavega_2020.xlsx",96,"C","please enter value manually","Archive link not yet assigned"
"boron_isotopes_delavega_2020.xlsx",97,"C","please enter value manually","Archive link not yet assigned"
"boron_isotopes_delavega_2020.xlsx",98,"C","please enter value manually","Archive link not yet assigned"
"boron_isotopes_delavega_2020.xlsx",99,"C","please enter value manually","Archive link not yet assigned"
"boron_isotopes_delavega_2020.xlsx",100,"C","please enter value manually","Archive link not yet assigned"
"boron_isotopes_delavega_2020.xlsx",101,"C","please enter value manually","Archive link not yet assigned"
"boron_isotopes_delavega_2020.xlsx",102,"C","please enter value manually","Archive link not yet assigned"
"boron_isotopes_delavega_2020.xlsx",103,"C","please enter value manually","Archive link not yet assigned"
"boron_isotopes_delavega_2020.xlsx",104,"C","please enter value manually","Archive link not yet assigned"
"boron_isotopes_delavega_2020.xlsx",105,"C","please enter value manually","Archive link not yet assigned"
"boron_isotopes_delavega_2020.xlsx",106,"C","please enter value manually","Archive link not yet assigned"
"boron_isotopes_delavega_2020.xlsx",107,"C","please enter value manually","Archive link not yet assigned"
"boron_isotopes_delavega_2020.xlsx",108,"C","please enter value manually","Archive link not yet assigned"
"boron_isotopes_delavega_2020.xlsx",109,"C","please enter value manually","Archive link not yet assigned"
"boron_isotopes_delavega_2020.xlsx",110,"C","please enter value manually","Archive link not yet assigned"
"boron_isotopes_delavega_2020.xlsx",111,"C","please enter value manually","Archive link not yet assigned"
"boron_isotopes_delavega_2020.xlsx",112,"C","please enter value manually","Archive link not yet assigned"
"boron_isotopes_delavega_2020.xlsx",113,"C","please enter value manually","Archive link not yet assigned"
"boron_isotopes_delavega_2020.xlsx",114,"C","please enter value manually","Archive link not yet assigned"
"boron_isotopes_delavega_2020.xlsx",115,"C","please enter value manually","Archive link not yet assigned"
"boron_isotopes_delavega_2020.xlsx",116,"C","please enter value manually","Archive link not yet assigned"
"boron_isotopes_delavega_2020.xlsx",117,"C","please enter value manually","Archive link not yet assigned"
"boron_isotopes_delavega_2020.xlsx",118,"C","please enter value manually","Archive link not yet assigned"
"boron_isotopes_delavega_2020.xlsx",119,"C","please enter value manually","Archive link not yet assigned"
"boron_isotopes_delavega_2020.xlsx",120,"C","please enter value manually","Archive link not yet assigned"
"boron_isotopes_delavega_2020.xlsx",121,"C","please enter value manually","Archive link not yet assigned"
"boron_isotopes_delavega_2020.xlsx",122,"C","please enter value manually","Archive link not yet assigned"
"boron_isotopes_delavega_2020.xlsx",123,"C","please enter value manually","Archive link not yet assigned"
"boron_isotopes_delavega_2020.xlsx",124,"C","please enter value manually","Archive link not yet assigned"
"boron_isotopes_delavega_2020.xlsx",125,"C","please enter value manually","Archive link not yet assigned"
"boron_isotopes_delavega_2020.xlsx",126,"C","please enter value manually","Archive link not yet assigned"
"boron_isotopes_delavega_2020.xlsx",127,"C","please enter value manually","Archive link not yet assigned"
"boron_isotopes_dyez_2018.xlsx",135,"S","3.85489733691202","Alternative source value present but Mg/Ca column S remains blank"
"boron_isotopes_dyez_2018.xlsx",136,"S","3.71379605602892","Alternative source value present but Mg/Ca column S remains blank"
"boron_isotopes_dyez_2018.xlsx",137,"S","4.31281625655311","Alternative source value present but Mg/Ca column S remains blank"
"boron_isotopes_dyez_2018.xlsx",138,"S","3.57676297272312","Alternative source value present but Mg/Ca column S remains blank"
"boron_isotopes_dyez_2018.xlsx",139,"S","3.86896110922975","Alternative source value present but Mg/Ca column S remains blank"
"boron_isotopes_dyez_2018.xlsx",140,"S","3.90796729252771","Alternative source value present but Mg/Ca column S remains blank"
"boron_isotopes_dyez_2018.xlsx",141,"S","3.79537516850125","Alternative source value present but Mg/Ca column S remains blank"
"boron_isotopes_dyez_2018.xlsx",142,"S","4.06423682666659","Alternative source value present but Mg/Ca column S remains blank"
"boron_isotopes_dyez_2018.xlsx",143,"S","3.81036737641578","Alternative source value present but Mg/Ca column S remains blank"
"boron_isotopes_dyez_2018.xlsx",144,"S","3.85259926115839","Alternative source value present but Mg/Ca column S remains blank"
"boron_isotopes_dyez_2018.xlsx",145,"S","3.80712977293611","Alternative source value present but Mg/Ca column S remains blank"
"boron_isotopes_dyez_2018.xlsx",146,"S","3.69576184010847","Alternative source value present but Mg/Ca column S remains blank"
"boron_isotopes_dyez_2018.xlsx",147,"S","3.68945034326095","Alternative source value present but Mg/Ca column S remains blank"
"boron_isotopes_dyez_2018.xlsx",148,"S","3.49295938258065","Alternative source value present but Mg/Ca column S remains blank"
"boron_isotopes_dyez_2018.xlsx",149,"S","3.47797242630591","Alternative source value present but Mg/Ca column S remains blank"
"boron_isotopes_dyez_2018.xlsx",150,"S","3.7974470407174","Alternative source value present but Mg/Ca column S remains blank"
"boron_isotopes_dyez_2018.xlsx",151,"S","3.52186858241956","Alternative source value present but Mg/Ca column S remains blank"
"boron_isotopes_dyez_2018.xlsx",152,"S","3.97372741693827","Alternative source value present but Mg/Ca column S remains blank"
"boron_isotopes_dyez_2018.xlsx",153,"S","3.53110659997389","Alternative source value present but Mg/Ca column S remains blank"
"boron_isotopes_dyez_2018.xlsx",154,"S","3.60022173406363","Alternative source value present but Mg/Ca column S remains blank"
"boron_isotopes_dyez_2018.xlsx",155,"S","3.89179288963966","Alternative source value present but Mg/Ca column S remains blank"
"boron_isotopes_dyez_2018.xlsx",156,"S","3.67142426423242","Alternative source value present but Mg/Ca column S remains blank"
"boron_isotopes_dyez_2018.xlsx",157,"S","4.11776858480997","Alternative source value present but Mg/Ca column S remains blank"
"boron_isotopes_dyez_2018.xlsx",158,"S","3.6149397366904","Alternative source value present but Mg/Ca column S remains blank"
"boron_isotopes_dyez_2018.xlsx",159,"S","3.34138425602064","Alternative source value present but Mg/Ca column S remains blank"
"boron_isotopes_dyez_2018.xlsx",160,"S","3.27665951068349","Alternative source value present but Mg/Ca column S remains blank"
"boron_isotopes_dyez_2018.xlsx",161,"S","3.12974908371551","Alternative source value present but Mg/Ca column S remains blank"
"boron_isotopes_dyez_2018.xlsx",162,"S","3.21302964546631","Alternative source value present but Mg/Ca column S remains blank"
"boron_isotopes_dyez_2018.xlsx",163,"S","3.26240680474673","Alternative source value present but Mg/Ca column S remains blank"
"boron_isotopes_dyez_2018.xlsx",164,"S","3.32725699764649","Alternative source value present but Mg/Ca column S remains blank"
"boron_isotopes_dyez_2018.xlsx",165,"S","3.60260849158591","Alternative source value present but Mg/Ca column S remains blank"
"boron_isotopes_dyez_2018.xlsx",166,"S","3.58499709384601","Alternative source value present but Mg/Ca column S remains blank"
"boron_isotopes_dyez_2018.xlsx",167,"S","3.54770681738773","Alternative source value present but Mg/Ca column S remains blank"
"boron_isotopes_dyez_2018.xlsx",168,"S","3.3424264849756","Alternative source value present but Mg/Ca column S remains blank"
"boron_isotopes_dyez_2018.xlsx",169,"S","3.51784289082743","Alternative source value present but Mg/Ca column S remains blank"
"boron_isotopes_dyez_2018.xlsx",170,"S","3.87306522359502","Alternative source value present but Mg/Ca column S remains blank"
"boron_isotopes_dyez_2018.xlsx",171,"S","3.68097353064824","Alternative source value present but Mg/Ca column S remains blank"
"boron_isotopes_dyez_2018.xlsx",172,"S","3.46578698025593","Alternative source value present but Mg/Ca column S remains blank"
"boron_isotopes_dyez_2018.xlsx",173,"S","3.36266173091976","Alternative source value present but Mg/Ca column S remains blank"
"boron_isotopes_dyez_2018.xlsx",174,"S","3.1316012127255","Alternative source value present but Mg/Ca column S remains blank"
"boron_isotopes_dyez_2018.xlsx",175,"S","3.15755656442987","Alternative source value present but Mg/Ca column S remains blank"
"boron_isotopes_dyez_2018.xlsx",176,"S","3.11125000607432","Alternative source value present but Mg/Ca column S remains blank"
"boron_isotopes_dyez_2018.xlsx",177,"S","3.4286473195322","Alternative source value present but Mg/Ca column S remains blank"
"boron_isotopes_dyez_2018.xlsx",178,"S","3.06186687897234","Alternative source value present but Mg/Ca column S remains blank"
"boron_isotopes_dyez_2018.xlsx",179,"S","3.22365997429608","Alternative source value present but Mg/Ca column S remains blank"
"boron_isotopes_dyez_2018.xlsx",180,"S","3.86062106864647","Alternative source value present but Mg/Ca column S remains blank"
"boron_isotopes_dyez_2018.xlsx",181,"S","3.39799228907654","Alternative source value present but Mg/Ca column S remains blank"
"boron_isotopes_dyez_2018.xlsx",182,"S","3.2754998282476","Alternative source value present but Mg/Ca column S remains blank"
"boron_isotopes_dyez_2018.xlsx",183,"S","3.18014891394193","Alternative source value present but Mg/Ca column S remains blank"
"boron_isotopes_dyez_2018.xlsx",184,"S","3.1843857901524","Alternative source value present but Mg/Ca column S remains blank"
"boron_isotopes_dyez_2018.xlsx",185,"S","3.21619030830873","Alternative source value present but Mg/Ca column S remains blank"
"boron_isotopes_dyez_2018.xlsx",186,"S","3.74887065387519","Alternative source value present but Mg/Ca column S remains blank"
"boron_isotopes_dyez_2018.xlsx",187,"S","3.46096323520747","Alternative source value present but Mg/Ca column S remains blank"
"boron_isotopes_dyez_2018.xlsx",188,"S","3.34973332390824","Alternative source value present but Mg/Ca column S remains blank"
"boron_isotopes_dyez_2018.xlsx",189,"S","3.2071428815076","Alternative source value present but Mg/Ca column S remains blank"
"boron_isotopes_dyez_2018.xlsx",190,"S","3.56610562767106","Alternative source value present but Mg/Ca column S remains blank"
"boron_isotopes_dyez_2018.xlsx",191,"S","3.45364601457506","Alternative source value present but Mg/Ca column S remains blank"
"boron_isotopes_dyez_2018.xlsx",192,"S","3.23440194952299","Alternative source value present but Mg/Ca column S remains blank"
"boron_isotopes_dyez_2018.xlsx",193,"S","2.91490397406974","Alternative source value present but Mg/Ca column S remains blank"
"boron_isotopes_dyez_2018.xlsx",194,"S","3.19815703548803","Alternative source value present but Mg/Ca column S remains blank"
"boron_isotopes_dyez_2018.xlsx",195,"S","2.98829470338781","Alternative source value present but Mg/Ca column S remains blank"
"boron_isotopes_dyez_2018.xlsx",196,"S","3.2737021241846","Alternative source value present but Mg/Ca column S remains blank"
"boron_isotopes_dyez_2018.xlsx",197,"S","3.66481801645565","Alternative source value present but Mg/Ca column S remains blank"
"boron_isotopes_dyez_2018.xlsx",198,"S","3.5711636470697","Alternative source value present but Mg/Ca column S remains blank"
"boron_isotopes_dyez_2018.xlsx",199,"S","3.81074678531362","Alternative source value present but Mg/Ca column S remains blank"
"boron_isotopes_dyez_2018.xlsx",200,"S","3.57678512303052","Alternative source value present but Mg/Ca column S remains blank"
"boron_isotopes_dyez_2018.xlsx",201,"S","3.73101695014535","Alternative source value present but Mg/Ca column S remains blank"
"boron_isotopes_dyez_2018.xlsx",202,"S","3.51003620690161","Alternative source value present but Mg/Ca column S remains blank"
"boron_isotopes_dyez_2018.xlsx",203,"S","3.30235521603336","Alternative source value present but Mg/Ca column S remains blank"
"boron_isotopes_dyez_2018.xlsx",204,"S","3.20459878902389","Alternative source value present but Mg/Ca column S remains blank"
"boron_isotopes_dyez_2018.xlsx",205,"S","3.55174392688347","Alternative source value present but Mg/Ca column S remains blank"
"boron_isotopes_dyez_2018.xlsx",206,"S","3.32994066198268","Alternative source value present but Mg/Ca column S remains blank"
"boron_isotopes_dyez_2018.xlsx",207,"S","3.90515415710561","Alternative source value present but Mg/Ca column S remains blank"
"boron_isotopes_dyez_2018.xlsx",208,"S","3.41108425857765","Alternative source value present but Mg/Ca column S remains blank"
"boron_isotopes_dyez_2018.xlsx",221,"S","4.143","Alternative source value present but Mg/Ca column S remains blank"
"boron_isotopes_dyez_2018.xlsx",222,"S","4.226272727","Alternative source value present but Mg/Ca column S remains blank"
"boron_isotopes_dyez_2018.xlsx",223,"S","4.117848485","Alternative source value present but Mg/Ca column S remains blank"
"boron_isotopes_dyez_2018.xlsx",224,"S","4.145192308","Alternative source value present but Mg/Ca column S remains blank"
"boron_isotopes_dyez_2018.xlsx",225,"S","4.145192308","Alternative source value present but Mg/Ca column S remains blank"
"boron_isotopes_dyez_2018.xlsx",226,"S","3.883173077","Alternative source value present but Mg/Ca column S remains blank"
"boron_isotopes_dyez_2018.xlsx",227,"S","3.854711538","Alternative source value present but Mg/Ca column S remains blank"
"boron_isotopes_dyez_2018.xlsx",228,"S","3.673755725","Alternative source value present but Mg/Ca column S remains blank"
"boron_isotopes_dyez_2018.xlsx",229,"S","3.810083333","Alternative source value present but Mg/Ca column S remains blank"
"boron_isotopes_dyez_2018.xlsx",230,"S","3.816549618","Alternative source value present but Mg/Ca column S remains blank"
"boron_isotopes_dyez_2018.xlsx",231,"S","3.816549618","Alternative source value present but Mg/Ca column S remains blank"
"boron_isotopes_dyez_2018.xlsx",232,"S","3.529545455","Alternative source value present but Mg/Ca column S remains blank"
"boron_isotopes_dyez_2018.xlsx",233,"S","3.381977273","Alternative source value present but Mg/Ca column S remains blank"
"boron_isotopes_dyez_2018.xlsx",234,"S","3.27225","Alternative source value present but Mg/Ca column S remains blank"
"boron_isotopes_dyez_2018.xlsx",235,"S","3.518367925","Alternative source value present but Mg/Ca column S remains blank"
"boron_isotopes_dyez_2018.xlsx",236,"S","3.429688679","Alternative source value present but Mg/Ca column S remains blank"
"boron_isotopes_dyez_2018.xlsx",237,"S","3.395556604","Alternative source value present but Mg/Ca column S remains blank"
"boron_isotopes_dyez_2018.xlsx",238,"S","3.395556604","Alternative source value present but Mg/Ca column S remains blank"
"boron_isotopes_dyez_2018.xlsx",239,"S","3.482723577","Alternative source value present but Mg/Ca column S remains blank"
"boron_isotopes_dyez_2018.xlsx",240,"S","3.42908871","Alternative source value present but Mg/Ca column S remains blank"
"boron_isotopes_dyez_2018.xlsx",241,"S","3.486080645","Alternative source value present but Mg/Ca column S remains blank"
"boron_isotopes_dyez_2018.xlsx",242,"S","3.567056452","Alternative source value present but Mg/Ca column S remains blank"
"boron_isotopes_dyez_2018.xlsx",243,"S","3.568716763","Alternative source value present but Mg/Ca column S remains blank"
"boron_isotopes_dyez_2018.xlsx",244,"S","3.581","Alternative source value present but Mg/Ca column S remains blank"
"boron_isotopes_dyez_2018.xlsx",245,"S","3.7616","Alternative source value present but Mg/Ca column S remains blank"
"boron_isotopes_dyez_2018.xlsx",246,"S","3.713538462","Alternative source value present but Mg/Ca column S remains blank"
"boron_isotopes_dyez_2018.xlsx",247,"S","3.610745763","Alternative source value present but Mg/Ca column S remains blank"
"boron_isotopes_dyez_2018.xlsx",248,"S","3.65109406059863","Alternative source value present but Mg/Ca column S remains blank"
"boron_isotopes_dyez_2018.xlsx",249,"S","3.557489796","Alternative source value present but Mg/Ca column S remains blank"
"boron_isotopes_dyez_2018.xlsx",250,"S","3.748888889","Alternative source value present but Mg/Ca column S remains blank"
"boron_isotopes_dyez_2018.xlsx",251,"S","4.1007913793755","Alternative source value present but Mg/Ca column S remains blank"
"boron_isotopes_dyez_2018.xlsx",252,"S","3.816459016","Alternative source value present but Mg/Ca column S remains blank"
"boron_isotopes_dyez_2018.xlsx",253,"S","4.228453061","Alternative source value present but Mg/Ca column S remains blank"
"boron_isotopes_dyez_2018.xlsx",254,"S","4.59166797960123","Alternative source value present but Mg/Ca column S remains blank"
"boron_isotopes_dyez_2018.xlsx",255,"S","4.78183275179172","Alternative source value present but Mg/Ca column S remains blank"
"boron_isotopes_dyez_2018.xlsx",256,"S","4.516","Alternative source value present but Mg/Ca column S remains blank"
"boron_isotopes_dyez_2018.xlsx",257,"S","4.66814896138176","Alternative source value present but Mg/Ca column S remains blank"
"boron_isotopes_dyez_2018.xlsx",258,"S","4.26841561223188","Alternative source value present but Mg/Ca column S remains blank"
"boron_isotopes_dyez_2018.xlsx",259,"S","4.33798129212586","Alternative source value present but Mg/Ca column S remains blank"
"boron_isotopes_dyez_2018.xlsx",260,"S","4.02942345121776","Alternative source value present but Mg/Ca column S remains blank"
"boron_isotopes_dyez_2018.xlsx",261,"S","4.04033492748293","Alternative source value present but Mg/Ca column S remains blank"
"boron_isotopes_dyez_2018.xlsx",262,"S","4.11102094963637","Alternative source value present but Mg/Ca column S remains blank"
"boron_isotopes_dyez_2018.xlsx",263,"S","4.19218170608589","Alternative source value present but Mg/Ca column S remains blank"
"boron_isotopes_dyez_2018.xlsx",264,"S","4.21063142308041","Alternative source value present but Mg/Ca column S remains blank"
"boron_isotopes_dyez_2018.xlsx",265,"S","3.86725549003783","Alternative source value present but Mg/Ca column S remains blank"
"boron_isotopes_dyez_2018.xlsx",266,"S","3.84094335277769","Alternative source value present but Mg/Ca column S remains blank"
"boron_isotopes_dyez_2018.xlsx",267,"S","3.83613259274542","Alternative source value present but Mg/Ca column S remains blank"
"boron_isotopes_dyez_2018.xlsx",268,"S","3.46533433416718","Alternative source value present but Mg/Ca column S remains blank"
"boron_isotopes_dyez_2018.xlsx",269,"S","3.25795610314654","Alternative source value present but Mg/Ca column S remains blank"
"boron_isotopes_dyez_2018.xlsx",270,"S","3.50874071981334","Alternative source value present but Mg/Ca column S remains blank"
"boron_isotopes_dyez_2018.xlsx",271,"S","4.24318895714849","Alternative source value present but Mg/Ca column S remains blank"
"boron_isotopes_dyez_2018.xlsx",272,"S","4.1891310946355","Alternative source value present but Mg/Ca column S remains blank"
"boron_isotopes_dyez_2018.xlsx",273,"S","3.70727207225","Alternative source value present but Mg/Ca column S remains blank"
"boron_isotopes_dyez_2018.xlsx",274,"S","3.4087062644453","Alternative source value present but Mg/Ca column S remains blank"
"boron_isotopes_dyez_2018.xlsx",275,"S","3.60231711112691","Alternative source value present but Mg/Ca column S remains blank"
"boron_isotopes_dyez_2018.xlsx",276,"S","3.84376380135746","Alternative source value present but Mg/Ca column S remains blank"
"boron_isotopes_dyez_2018.xlsx",277,"S","3.88580908607676","Alternative source value present but Mg/Ca column S remains blank"
"boron_isotopes_dyez_2018.xlsx",278,"S","4.07297289305613","Alternative source value present but Mg/Ca column S remains blank"
"boron_isotopes_dyez_2018.xlsx",279,"S","3.7879258128868","Alternative source value present but Mg/Ca column S remains blank"
"boron_isotopes_dyez_2018.xlsx",280,"S","3.59438733831348","Alternative source value present but Mg/Ca column S remains blank"
"boron_isotopes_dyez_2018.xlsx",281,"S","3.59673132939335","Alternative source value present but Mg/Ca column S remains blank"
"boron_isotopes_dyez_2018.xlsx",282,"S","3.59704656542061","Alternative source value present but Mg/Ca column S remains blank"
"boron_isotopes_dyez_2018.xlsx",283,"S","3.8933859020864","Alternative source value present but Mg/Ca column S remains blank"
"boron_isotopes_dyez_2018.xlsx",284,"S","4.01013909503901","Alternative source value present but Mg/Ca column S remains blank"
"boron_isotopes_dyez_2018.xlsx",285,"S","3.84246010936239","Alternative source value present but Mg/Ca column S remains blank"
"boron_isotopes_dyez_2018.xlsx",286,"S","3.79373895665355","Alternative source value present but Mg/Ca column S remains blank"
"boron_isotopes_dyez_2018.xlsx",287,"S","4.14637186634105","Alternative source value present but Mg/Ca column S remains blank"
"boron_isotopes_dyez_2018.xlsx",288,"S","3.88554821414494","Alternative source value present but Mg/Ca column S remains blank"
"boron_isotopes_dyez_2018.xlsx",289,"S","3.57146012009718","Alternative source value present but Mg/Ca column S remains blank"
"boron_isotopes_dyez_2018.xlsx",290,"S","3.97927006846004","Alternative source value present but Mg/Ca column S remains blank"
"boron_isotopes_dyez_2018.xlsx",291,"S","4.00277064822679","Alternative source value present but Mg/Ca column S remains blank"
"boron_isotopes_dyez_2018.xlsx",292,"S","3.8664286885938","Alternative source value present but Mg/Ca column S remains blank"
"boron_isotopes_dyez_2018.xlsx",293,"S","3.98977043452111","Alternative source value present but Mg/Ca column S remains blank"
"boron_isotopes_dyez_2018.xlsx",294,"S","4.17549653002872","Alternative source value present but Mg/Ca column S remains blank"
"boron_isotopes_dyez_2018.xlsx",295,"S","4.0589616152941","Alternative source value present but Mg/Ca column S remains blank"
"boron_isotopes_dyez_2018.xlsx",296,"S","3.50243112915968","Alternative source value present but Mg/Ca column S remains blank"
"boron_isotopes_dyez_2018.xlsx",297,"S","3.44828945697593","Alternative source value present but Mg/Ca column S remains blank"
"boron_isotopes_dyez_2018.xlsx",298,"S","3.67607769980666","Alternative source value present but Mg/Ca column S remains blank"
"boron_isotopes_dyez_2018.xlsx",299,"S","3.63230954488759","Alternative source value present but Mg/Ca column S remains blank"
"boron_isotopes_dyez_2018.xlsx",300,"S","3.34239657097292","Alternative source value present but Mg/Ca column S remains blank"
"boron_isotopes_dyez_2018.xlsx",301,"S","3.05248359705826","Alternative source value present but Mg/Ca column S remains blank"
"boron_isotopes_dyez_2018.xlsx",302,"S","3.27154204492687","Alternative source value present but Mg/Ca column S remains blank"
"boron_isotopes_dyez_2018.xlsx",303,"S","3.22507102165924","Alternative source value present but Mg/Ca column S remains blank"
"boron_isotopes_dyez_2018.xlsx",304,"S","3.00579208004753","Alternative source value present but Mg/Ca column S remains blank"
"boron_isotopes_dyez_2018.xlsx",305,"S","3.27463965781407","Alternative source value present but Mg/Ca column S remains blank"
"boron_isotopes_dyez_2018.xlsx",306,"S","3.42884898829603","Alternative source value present but Mg/Ca column S remains blank"
"boron_isotopes_dyez_2018.xlsx",307,"S","3.21562745787586","Alternative source value present but Mg/Ca column S remains blank"
"boron_isotopes_dyez_2018.xlsx",308,"S","3.64538459058335","Alternative source value present but Mg/Ca column S remains blank"
"boron_isotopes_dyez_2018.xlsx",309,"S","3.60441026452159","Alternative source value present but Mg/Ca column S remains blank"
"boron_isotopes_dyez_2018.xlsx",310,"S","3.51787735336773","Alternative source value present but Mg/Ca column S remains blank"
"boron_isotopes_dyez_2018.xlsx",311,"S","3.70383601521777","Alternative source value present but Mg/Ca column S remains blank"
"boron_isotopes_dyez_2018.xlsx",312,"S","3.89588619758302","Alternative source value present but Mg/Ca column S remains blank"
"boron_isotopes_dyez_2018.xlsx",313,"S","3.52603488575814","Alternative source value present but Mg/Ca column S remains blank"
"boron_isotopes_dyez_2018.xlsx",314,"S","3.74703382614043","Alternative source value present but Mg/Ca column S remains blank"
"boron_isotopes_dyez_2018.xlsx",315,"S","3.53555289173819","Alternative source value present but Mg/Ca column S remains blank"
"boron_isotopes_dyez_2018.xlsx",316,"S","3.4738315536438","Alternative source value present but Mg/Ca column S remains blank"
"boron_isotopes_dyez_2018.xlsx",317,"S","3.23396949333361","Alternative source value present but Mg/Ca column S remains blank"
"boron_isotopes_dyez_2018.xlsx",318,"S","3.54491176416157","Alternative source value present but Mg/Ca column S remains blank"
"boron_isotopes_dyez_2018.xlsx",319,"S","3.73621278295408","Alternative source value present but Mg/Ca column S remains blank"
"boron_isotopes_dyez_2018.xlsx",320,"S","3.50528546227142","Alternative source value present but Mg/Ca column S remains blank"
"boron_isotopes_dyez_2018.xlsx",321,"S","3.4343385689548","Alternative source value present but Mg/Ca column S remains blank"
"boron_isotopes_dyez_2018.xlsx",322,"S","3.3902624608115","Alternative source value present but Mg/Ca column S remains blank"
"boron_isotopes_dyez_2018.xlsx",323,"S","3.17299089299868","Alternative source value present but Mg/Ca column S remains blank"
"boron_isotopes_dyez_2018.xlsx",324,"S","3.4122606243375","Alternative source value present but Mg/Ca column S remains blank"
"boron_isotopes_dyez_2018.xlsx",325,"S","3.42531978883855","Alternative source value present but Mg/Ca column S remains blank"
"boron_isotopes_dyez_2018.xlsx",326,"S","3.4155211868097","Alternative source value present but Mg/Ca column S remains blank"
"boron_isotopes_dyez_2018.xlsx",327,"S","3.60413587498121","Alternative source value present but Mg/Ca column S remains blank"
"boron_isotopes_dyez_2018.xlsx",328,"S","3.80979027425383","Alternative source value present but Mg/Ca column S remains blank"
"boron_isotopes_dyez_2018.xlsx",329,"S","3.97438248576291","Alternative source value present but Mg/Ca column S remains blank"
"boron_isotopes_dyez_2018.xlsx",330,"S","4.49185392325176","Alternative source value present but Mg/Ca column S remains blank"
"boron_isotopes_dyez_2018.xlsx",4,"S","measured on G. ruber, 250-300 um","Non-numeric or non-finite output value"
"boron_isotopes_dyez_2018.xlsx",5,"S","measured on G. ruber, 250-300 um","Non-numeric or non-finite output value"
"boron_isotopes_dyez_2018.xlsx",6,"S","measured on G. ruber, 250-300 um","Non-numeric or non-finite output value"
"boron_isotopes_dyez_2018.xlsx",7,"S","measured on G. ruber, 250-300 um","Non-numeric or non-finite output value"
"boron_isotopes_dyez_2018.xlsx",8,"S","measured on G. ruber, 250-300 um","Non-numeric or non-finite output value"
"boron_isotopes_dyez_2018.xlsx",9,"S","measured on G. ruber, 250-300 um","Non-numeric or non-finite output value"
"boron_isotopes_dyez_2018.xlsx",10,"S","measured on G. ruber, 250-300 um","Non-numeric or non-finite output value"
"boron_isotopes_dyez_2018.xlsx",11,"S","measured on G. ruber, 250-300 um","Non-numeric or non-finite output value"
"boron_isotopes_dyez_2018.xlsx",12,"S","measured on G. ruber, 250-300 um","Non-numeric or non-finite output value"
"boron_isotopes_dyez_2018.xlsx",13,"S","measured on G. ruber, 250-300 um","Non-numeric or non-finite output value"
"boron_isotopes_dyez_2018.xlsx",14,"S","measured on G. ruber, 250-300 um","Non-numeric or non-finite output value"
"boron_isotopes_dyez_2018.xlsx",15,"S","measured on G. ruber, 250-300 um","Non-numeric or non-finite output value"
"boron_isotopes_dyez_2018.xlsx",16,"S","measured on G. ruber, 250-300 um","Non-numeric or non-finite output value"
"boron_isotopes_dyez_2018.xlsx",17,"S","measured on G. ruber, 250-300 um","Non-numeric or non-finite output value"
"boron_isotopes_dyez_2018.xlsx",18,"S","measured on G. ruber, 250-300 um","Non-numeric or non-finite output value"
"boron_isotopes_dyez_2018.xlsx",19,"S","measured on G. ruber, 250-300 um","Non-numeric or non-finite output value"
"boron_isotopes_dyez_2018.xlsx",20,"S","measured on G. ruber, 250-300 um","Non-numeric or non-finite output value"
"boron_isotopes_dyez_2018.xlsx",21,"S","measured on G. ruber, 250-300 um","Non-numeric or non-finite output value"
"boron_isotopes_dyez_2018.xlsx",22,"S","measured on G. ruber, 250-300 um","Non-numeric or non-finite output value"
"boron_isotopes_dyez_2018.xlsx",23,"S","measured on G. ruber, 250-300 um","Non-numeric or non-finite output value"
"boron_isotopes_dyez_2018.xlsx",24,"S","measured on G. ruber, 250-300 um","Non-numeric or non-finite output value"
"boron_isotopes_dyez_2018.xlsx",25,"S","measured on G. ruber, 250-300 um","Non-numeric or non-finite output value"
"boron_isotopes_dyez_2018.xlsx",26,"S","measured on G. ruber, 250-300 um","Non-numeric or non-finite output value"
"boron_isotopes_dyez_2018.xlsx",27,"S","measured on G. ruber, 250-300 um","Non-numeric or non-finite output value"
"boron_isotopes_dyez_2018.xlsx",28,"S","measured on G. ruber, 250-300 um","Non-numeric or non-finite output value"
"boron_isotopes_dyez_2018.xlsx",29,"S","measured on G. ruber, 250-300 um","Non-numeric or non-finite output value"
"boron_isotopes_dyez_2018.xlsx",30,"S","measured on G. ruber, 250-300 um","Non-numeric or non-finite output value"
"boron_isotopes_dyez_2018.xlsx",31,"S","measured on G. ruber, 250-300 um","Non-numeric or non-finite output value"
"boron_isotopes_dyez_2018.xlsx",32,"S","measured on G. ruber, 250-300 um","Non-numeric or non-finite output value"
"boron_isotopes_dyez_2018.xlsx",33,"S","measured on G. ruber, 250-300 um","Non-numeric or non-finite output value"
"boron_isotopes_dyez_2018.xlsx",34,"S","measured on G. ruber, 250-300 um","Non-numeric or non-finite output value"
"boron_isotopes_dyez_2018.xlsx",35,"S","measured on G. ruber, 250-300 um","Non-numeric or non-finite output value"
"boron_isotopes_dyez_2018.xlsx",36,"S","measured on G. ruber, 250-300 um","Non-numeric or non-finite output value"
"boron_isotopes_dyez_2018.xlsx",37,"S","measured on G. ruber, 250-300 um","Non-numeric or non-finite output value"
"boron_isotopes_dyez_2018.xlsx",38,"S","measured on G. ruber, 250-300 um","Non-numeric or non-finite output value"
"boron_isotopes_dyez_2018.xlsx",39,"S","measured on G. ruber, 250-300 um","Non-numeric or non-finite output value"
"boron_isotopes_dyez_2018.xlsx",40,"S","measured on G. ruber, 250-300 um","Non-numeric or non-finite output value"
"boron_isotopes_dyez_2018.xlsx",41,"S","measured on G. ruber, 250-300 um","Non-numeric or non-finite output value"
"boron_isotopes_dyez_2018.xlsx",42,"S","measured on G. ruber, 250-300 um","Non-numeric or non-finite output value"
"boron_isotopes_dyez_2018.xlsx",43,"S","measured on G. ruber, 250-300 um","Non-numeric or non-finite output value"
"boron_isotopes_dyez_2018.xlsx",44,"S","measured on G. ruber, 250-300 um","Non-numeric or non-finite output value"
"boron_isotopes_dyez_2018.xlsx",45,"S","measured on G. ruber, 250-300 um","Non-numeric or non-finite output value"
"boron_isotopes_dyez_2018.xlsx",46,"S","measured on G. ruber, 250-300 um","Non-numeric or non-finite output value"
"boron_isotopes_dyez_2018.xlsx",47,"S","measured on G. ruber, 250-300 um","Non-numeric or non-finite output value"
"boron_isotopes_dyez_2018.xlsx",48,"S","measured on G. ruber, 250-300 um","Non-numeric or non-finite output value"
"boron_isotopes_dyez_2018.xlsx",49,"S","measured on G. ruber, 250-300 um","Non-numeric or non-finite output value"
"boron_isotopes_dyez_2018.xlsx",50,"S","measured on G. ruber, 250-300 um","Non-numeric or non-finite output value"
"boron_isotopes_dyez_2018.xlsx",51,"S","measured on G. ruber, 250-300 um","Non-numeric or non-finite output value"
"boron_isotopes_dyez_2018.xlsx",52,"S","measured on G. ruber, 250-300 um","Non-numeric or non-finite output value"
"boron_isotopes_dyez_2018.xlsx",53,"S","measured on G. ruber, 250-300 um","Non-numeric or non-finite output value"
"boron_isotopes_dyez_2018.xlsx",54,"S","measured on G. ruber, 250-300 um","Non-numeric or non-finite output value"
"boron_isotopes_dyez_2018.xlsx",55,"S","measured on G. ruber, 250-300 um","Non-numeric or non-finite output value"
"boron_isotopes_dyez_2018.xlsx",56,"S","measured on G. ruber, 250-300 um","Non-numeric or non-finite output value"
"boron_isotopes_dyez_2018.xlsx",57,"S","measured on G. ruber, 250-300 um","Non-numeric or non-finite output value"
"boron_isotopes_dyez_2018.xlsx",58,"S","measured on G. ruber, 250-300 um","Non-numeric or non-finite output value"
"boron_isotopes_dyez_2018.xlsx",59,"S","measured on G. ruber, 250-300 um","Non-numeric or non-finite output value"
"boron_isotopes_dyez_2018.xlsx",60,"S","measured on G. ruber, 250-300 um","Non-numeric or non-finite output value"
"boron_isotopes_dyez_2018.xlsx",61,"S","measured on G. ruber, 250-300 um","Non-numeric or non-finite output value"
"boron_isotopes_dyez_2018.xlsx",62,"S","measured on G. ruber, 250-300 um","Non-numeric or non-finite output value"
"boron_isotopes_dyez_2018.xlsx",63,"S","measured on G. ruber, 250-300 um","Non-numeric or non-finite output value"
"boron_isotopes_dyez_2018.xlsx",64,"S","measured on G. ruber, 250-300 um","Non-numeric or non-finite output value"
"boron_isotopes_dyez_2018.xlsx",65,"S","measured on G. ruber, 250-300 um","Non-numeric or non-finite output value"
"boron_isotopes_dyez_2018.xlsx",66,"S","measured on G. ruber, 250-300 um","Non-numeric or non-finite output value"
"boron_isotopes_dyez_2018.xlsx",67,"S","measured on G. ruber, 250-300 um","Non-numeric or non-finite output value"
"boron_isotopes_dyez_2018.xlsx",68,"S","measured on G. ruber, 250-300 um","Non-numeric or non-finite output value"
"boron_isotopes_dyez_2018.xlsx",69,"S","measured on G. ruber, 250-300 um","Non-numeric or non-finite output value"
"boron_isotopes_dyez_2018.xlsx",70,"S","measured on G. ruber, 250-300 um","Non-numeric or non-finite output value"
"boron_isotopes_dyez_2018.xlsx",71,"S","measured on G. ruber, 250-300 um","Non-numeric or non-finite output value"
"boron_isotopes_dyez_2018.xlsx",72,"S","measured on G. ruber, 250-300 um","Non-numeric or non-finite output value"
"boron_isotopes_dyez_2018.xlsx",73,"S","measured on G. ruber, 250-300 um","Non-numeric or non-finite output value"
"boron_isotopes_dyez_2018.xlsx",74,"S","measured on G. ruber, 250-300 um","Non-numeric or non-finite output value"
"boron_isotopes_dyez_2018.xlsx",75,"S","measured on G. ruber, 250-300 um","Non-numeric or non-finite output value"
"boron_isotopes_dyez_2018.xlsx",76,"S","measured on G. ruber, 250-300 um","Non-numeric or non-finite output value"
"boron_isotopes_dyez_2018.xlsx",77,"S","measured on G. ruber, 250-300 um","Non-numeric or non-finite output value"
"boron_isotopes_dyez_2018.xlsx",78,"S","measured on G. ruber, 250-300 um","Non-numeric or non-finite output value"
"boron_isotopes_dyez_2018.xlsx",79,"S","measured on G. ruber, 250-300 um","Non-numeric or non-finite output value"
"boron_isotopes_dyez_2018.xlsx",80,"S","measured on G. ruber, 250-300 um","Non-numeric or non-finite output value"
"boron_isotopes_dyez_2018.xlsx",81,"S","measured on G. ruber, 250-300 um","Non-numeric or non-finite output value"
"boron_isotopes_dyez_2018.xlsx",82,"S","measured on G. ruber, 250-300 um","Non-numeric or non-finite output value"
"boron_isotopes_dyez_2018.xlsx",83,"S","measured on G. ruber, 250-300 um","Non-numeric or non-finite output value"
"boron_isotopes_dyez_2018.xlsx",84,"S","measured on G. ruber, 250-300 um","Non-numeric or non-finite output value"
"boron_isotopes_dyez_2018.xlsx",85,"S","measured on G. ruber, 250-300 um","Non-numeric or non-finite output value"
"boron_isotopes_dyez_2018.xlsx",86,"S","measured on G. ruber, 250-300 um","Non-numeric or non-finite output value"
"boron_isotopes_dyez_2018.xlsx",87,"S","measured on G. ruber, 250-300 um","Non-numeric or non-finite output value"
"boron_isotopes_dyez_2018.xlsx",88,"S","measured on G. ruber, 250-300 um","Non-numeric or non-finite output value"
"boron_isotopes_dyez_2018.xlsx",89,"S","measured on G. ruber, 250-300 um","Non-numeric or non-finite output value"
"boron_isotopes_dyez_2018.xlsx",90,"S","measured on G. ruber, 250-300 um","Non-numeric or non-finite output value"
"boron_isotopes_dyez_2018.xlsx",91,"S","measured on G. ruber, 250-300 um","Non-numeric or non-finite output value"
"boron_isotopes_dyez_2018.xlsx",92,"S","measured on G. ruber, 250-300 um","Non-numeric or non-finite output value"
"boron_isotopes_dyez_2018.xlsx",94,"S","measured on T. sacculifer, 425-500 um","Non-numeric or non-finite output value"
"boron_isotopes_dyez_2018.xlsx",95,"S","measured on T. sacculifer, 425-500 um","Non-numeric or non-finite output value"
"boron_isotopes_dyez_2018.xlsx",96,"S","measured on T. sacculifer, 425-500 um","Non-numeric or non-finite output value"
"boron_isotopes_dyez_2018.xlsx",97,"S","measured on T. sacculifer, 425-500 um","Non-numeric or non-finite output value"
"boron_isotopes_dyez_2018.xlsx",98,"S","measured on T. sacculifer, 425-500 um","Non-numeric or non-finite output value"
"boron_isotopes_dyez_2018.xlsx",100,"S","measured on T. sacculifer, 425-500 um","Non-numeric or non-finite output value"
"boron_isotopes_dyez_2018.xlsx",102,"S","measured on T. sacculifer, 425-500 um","Non-numeric or non-finite output value"
"boron_isotopes_dyez_2018.xlsx",103,"S","measured on T. sacculifer, 425-500 um","Non-numeric or non-finite output value"
"boron_isotopes_dyez_2018.xlsx",104,"S","measured on T. sacculifer, 425-500 um","Non-numeric or non-finite output value"
"boron_isotopes_dyez_2018.xlsx",106,"S","measured on T. sacculifer, 425-500 um","Non-numeric or non-finite output value"
"boron_isotopes_dyez_2018.xlsx",107,"S","measured on T. sacculifer, 425-500 um","Non-numeric or non-finite output value"
"boron_isotopes_dyez_2018.xlsx",108,"S","measured on T. sacculifer, 425-500 um","Non-numeric or non-finite output value"
"boron_isotopes_dyez_2018.xlsx",109,"S","measured on T. sacculifer, 425-500 um","Non-numeric or non-finite output value"
"boron_isotopes_dyez_2018.xlsx",110,"S","measured on T. sacculifer, 425-500 um","Non-numeric or non-finite output value"
"boron_isotopes_dyez_2018.xlsx",111,"S","measured on T. sacculifer, 425-500 um","Non-numeric or non-finite output value"
"boron_isotopes_dyez_2018.xlsx",112,"S","measured on T. sacculifer, 425-500 um","Non-numeric or non-finite output value"
"boron_isotopes_dyez_2018.xlsx",113,"S","measured on T. sacculifer, 425-500 um","Non-numeric or non-finite output value"
"boron_isotopes_dyez_2018.xlsx",114,"S","measured on T. sacculifer, 425-500 um","Non-numeric or non-finite output value"
"boron_isotopes_dyez_2018.xlsx",115,"S","measured on T. sacculifer, 425-500 um","Non-numeric or non-finite output value"
"boron_isotopes_dyez_2018.xlsx",116,"S","measured on T. sacculifer, 425-500 um","Non-numeric or non-finite output value"
"boron_isotopes_dyez_2018.xlsx",117,"S","measured on T. sacculifer, 425-500 um","Non-numeric or non-finite output value"
"boron_isotopes_dyez_2018.xlsx",118,"S","measured on T. sacculifer, 425-500 um","Non-numeric or non-finite output value"
"boron_isotopes_dyez_2018.xlsx",119,"S","measured on T. sacculifer, 425-500 um","Non-numeric or non-finite output value"
"boron_isotopes_dyez_2018.xlsx",120,"S","measured on T. sacculifer, 425-500 um","Non-numeric or non-finite output value"
"boron_isotopes_dyez_2018.xlsx",121,"S","measured on T. sacculifer, 425-500 um","Non-numeric or non-finite output value"
"boron_isotopes_dyez_2018.xlsx",122,"S","measured on T. sacculifer, 425-500 um","Non-numeric or non-finite output value"
"boron_isotopes_dyez_2018.xlsx",123,"S","measured on T. sacculifer, 425-500 um","Non-numeric or non-finite output value"
"boron_isotopes_dyez_2018.xlsx",124,"S","measured on T. sacculifer, 425-500 um","Non-numeric or non-finite output value"
"boron_isotopes_dyez_2018.xlsx",125,"S","measured on T. sacculifer, 425-500 um","Non-numeric or non-finite output value"
"boron_isotopes_dyez_2018.xlsx",126,"S","measured on T. sacculifer, 425-500 um","Non-numeric or non-finite output value"
"boron_isotopes_dyez_2018.xlsx",127,"S","measured on T. sacculifer, 425-500 um","Non-numeric or non-finite output value"
"boron_isotopes_dyez_2018.xlsx",128,"S","measured on T. sacculifer, 425-500 um","Non-numeric or non-finite output value"
"boron_isotopes_dyez_2018.xlsx",129,"S","measured on T. sacculifer, 425-500 um","Non-numeric or non-finite output value"
"boron_isotopes_dyez_2018.xlsx",130,"S","measured on T. sacculifer, 425-500 um","Non-numeric or non-finite output value"
"boron_isotopes_dyez_2018.xlsx",131,"S","measured on T. sacculifer, 425-500 um","Non-numeric or non-finite output value"
"boron_isotopes_dyez_2018.xlsx",132,"S","measured on T. sacculifer, 425-500 um","Non-numeric or non-finite output value"
"boron_isotopes_dyez_2018.xlsx",133,"S","measured on T. sacculifer, 425-500 um","Non-numeric or non-finite output value"
"boron_isotopes_dyez_2018.xlsx",4,"C","please enter value manually","Archive link not yet assigned"
"boron_isotopes_dyez_2018.xlsx",5,"C","please enter value manually","Archive link not yet assigned"
"boron_isotopes_dyez_2018.xlsx",6,"C","please enter value manually","Archive link not yet assigned"
"boron_isotopes_dyez_2018.xlsx",7,"C","please enter value manually","Archive link not yet assigned"
"boron_isotopes_dyez_2018.xlsx",8,"C","please enter value manually","Archive link not yet assigned"
"boron_isotopes_dyez_2018.xlsx",9,"C","please enter value manually","Archive link not yet assigned"
"boron_isotopes_dyez_2018.xlsx",10,"C","please enter value manually","Archive link not yet assigned"
"boron_isotopes_dyez_2018.xlsx",11,"C","please enter value manually","Archive link not yet assigned"
"boron_isotopes_dyez_2018.xlsx",12,"C","please enter value manually","Archive link not yet assigned"
"boron_isotopes_dyez_2018.xlsx",13,"C","please enter value manually","Archive link not yet assigned"
"boron_isotopes_dyez_2018.xlsx",14,"C","please enter value manually","Archive link not yet assigned"
"boron_isotopes_dyez_2018.xlsx",15,"C","please enter value manually","Archive link not yet assigned"
"boron_isotopes_dyez_2018.xlsx",16,"C","please enter value manually","Archive link not yet assigned"
"boron_isotopes_dyez_2018.xlsx",17,"C","please enter value manually","Archive link not yet assigned"
"boron_isotopes_dyez_2018.xlsx",18,"C","please enter value manually","Archive link not yet assigned"
"boron_isotopes_dyez_2018.xlsx",19,"C","please enter value manually","Archive link not yet assigned"
"boron_isotopes_dyez_2018.xlsx",20,"C","please enter value manually","Archive link not yet assigned"
"boron_isotopes_dyez_2018.xlsx",21,"C","please enter value manually","Archive link not yet assigned"
"boron_isotopes_dyez_2018.xlsx",22,"C","please enter value manually","Archive link not yet assigned"
"boron_isotopes_dyez_2018.xlsx",23,"C","please enter value manually","Archive link not yet assigned"
"boron_isotopes_dyez_2018.xlsx",24,"C","please enter value manually","Archive link not yet assigned"
"boron_isotopes_dyez_2018.xlsx",25,"C","please enter value manually","Archive link not yet assigned"
"boron_isotopes_dyez_2018.xlsx",26,"C","please enter value manually","Archive link not yet assigned"
"boron_isotopes_dyez_2018.xlsx",27,"C","please enter value manually","Archive link not yet assigned"
"boron_isotopes_dyez_2018.xlsx",28,"C","please enter value manually","Archive link not yet assigned"
"boron_isotopes_dyez_2018.xlsx",29,"C","please enter value manually","Archive link not yet assigned"
"boron_isotopes_dyez_2018.xlsx",30,"C","please enter value manually","Archive link not yet assigned"
"boron_isotopes_dyez_2018.xlsx",31,"C","please enter value manually","Archive link not yet assigned"
"boron_isotopes_dyez_2018.xlsx",32,"C","please enter value manually","Archive link not yet assigned"
"boron_isotopes_dyez_2018.xlsx",33,"C","please enter value manually","Archive link not yet assigned"
"boron_isotopes_dyez_2018.xlsx",34,"C","please enter value manually","Archive link not yet assigned"
"boron_isotopes_dyez_2018.xlsx",35,"C","please enter value manually","Archive link not yet assigned"
"boron_isotopes_dyez_2018.xlsx",36,"C","please enter value manually","Archive link not yet assigned"
"boron_isotopes_dyez_2018.xlsx",37,"C","please enter value manually","Archive link not yet assigned"
"boron_isotopes_dyez_2018.xlsx",38,"C","please enter value manually","Archive link not yet assigned"
"boron_isotopes_dyez_2018.xlsx",39,"C","please enter value manually","Archive link not yet assigned"
"boron_isotopes_dyez_2018.xlsx",40,"C","please enter value manually","Archive link not yet assigned"
"boron_isotopes_dyez_2018.xlsx",41,"C","please enter value manually","Archive link not yet assigned"
"boron_isotopes_dyez_2018.xlsx",42,"C","please enter value manually","Archive link not yet assigned"
"boron_isotopes_dyez_2018.xlsx",43,"C","please enter value manually","Archive link not yet assigned"
"boron_isotopes_dyez_2018.xlsx",44,"C","please enter value manually","Archive link not yet assigned"
"boron_isotopes_dyez_2018.xlsx",45,"C","please enter value manually","Archive link not yet assigned"
"boron_isotopes_dyez_2018.xlsx",46,"C","please enter value manually","Archive link not yet assigned"
"boron_isotopes_dyez_2018.xlsx",47,"C","please enter value manually","Archive link not yet assigned"
"boron_isotopes_dyez_2018.xlsx",48,"C","please enter value manually","Archive link not yet assigned"
"boron_isotopes_dyez_2018.xlsx",49,"C","please enter value manually","Archive link not yet assigned"
"boron_isotopes_dyez_2018.xlsx",50,"C","please enter value manually","Archive link not yet assigned"
"boron_isotopes_dyez_2018.xlsx",51,"C","please enter value manually","Archive link not yet assigned"
"boron_isotopes_dyez_2018.xlsx",52,"C","please enter value manually","Archive link not yet assigned"
"boron_isotopes_dyez_2018.xlsx",53,"C","please enter value manually","Archive link not yet assigned"
"boron_isotopes_dyez_2018.xlsx",54,"C","please enter value manually","Archive link not yet assigned"
"boron_isotopes_dyez_2018.xlsx",55,"C","please enter value manually","Archive link not yet assigned"
"boron_isotopes_dyez_2018.xlsx",56,"C","please enter value manually","Archive link not yet assigned"
"boron_isotopes_dyez_2018.xlsx",57,"C","please enter value manually","Archive link not yet assigned"
"boron_isotopes_dyez_2018.xlsx",58,"C","please enter value manually","Archive link not yet assigned"
"boron_isotopes_dyez_2018.xlsx",59,"C","please enter value manually","Archive link not yet assigned"
"boron_isotopes_dyez_2018.xlsx",60,"C","please enter value manually","Archive link not yet assigned"
"boron_isotopes_dyez_2018.xlsx",61,"C","please enter value manually","Archive link not yet assigned"
"boron_isotopes_dyez_2018.xlsx",62,"C","please enter value manually","Archive link not yet assigned"
"boron_isotopes_dyez_2018.xlsx",63,"C","please enter value manually","Archive link not yet assigned"
"boron_isotopes_dyez_2018.xlsx",64,"C","please enter value manually","Archive link not yet assigned"
"boron_isotopes_dyez_2018.xlsx",65,"C","please enter value manually","Archive link not yet assigned"
"boron_isotopes_dyez_2018.xlsx",66,"C","please enter value manually","Archive link not yet assigned"
"boron_isotopes_dyez_2018.xlsx",67,"C","please enter value manually","Archive link not yet assigned"
"boron_isotopes_dyez_2018.xlsx",68,"C","please enter value manually","Archive link not yet assigned"
"boron_isotopes_dyez_2018.xlsx",69,"C","please enter value manually","Archive link not yet assigned"
"boron_isotopes_dyez_2018.xlsx",70,"C","please enter value manually","Archive link not yet assigned"
"boron_isotopes_dyez_2018.xlsx",71,"C","please enter value manually","Archive link not yet assigned"
"boron_isotopes_dyez_2018.xlsx",72,"C","please enter value manually","Archive link not yet assigned"
"boron_isotopes_dyez_2018.xlsx",73,"C","please enter value manually","Archive link not yet assigned"
"boron_isotopes_dyez_2018.xlsx",74,"C","please enter value manually","Archive link not yet assigned"
"boron_isotopes_dyez_2018.xlsx",75,"C","please enter value manually","Archive link not yet assigned"
"boron_isotopes_dyez_2018.xlsx",76,"C","please enter value manually","Archive link not yet assigned"
"boron_isotopes_dyez_2018.xlsx",77,"C","please enter value manually","Archive link not yet assigned"
"boron_isotopes_dyez_2018.xlsx",78,"C","please enter value manually","Archive link not yet assigned"
"boron_isotopes_dyez_2018.xlsx",79,"C","please enter value manually","Archive link not yet assigned"
"boron_isotopes_dyez_2018.xlsx",80,"C","please enter value manually","Archive link not yet assigned"
"boron_isotopes_dyez_2018.xlsx",81,"C","please enter value manually","Archive link not yet assigned"
"boron_isotopes_dyez_2018.xlsx",82,"C","please enter value manually","Archive link not yet assigned"
"boron_isotopes_dyez_2018.xlsx",83,"C","please enter value manually","Archive link not yet assigned"
"boron_isotopes_dyez_2018.xlsx",84,"C","please enter value manually","Archive link not yet assigned"
"boron_isotopes_dyez_2018.xlsx",85,"C","please enter value manually","Archive link not yet assigned"
"boron_isotopes_dyez_2018.xlsx",86,"C","please enter value manually","Archive link not yet assigned"
"boron_isotopes_dyez_2018.xlsx",87,"C","please enter value manually","Archive link not yet assigned"
"boron_isotopes_dyez_2018.xlsx",88,"C","please enter value manually","Archive link not yet assigned"
"boron_isotopes_dyez_2018.xlsx",89,"C","please enter value manually","Archive link not yet assigned"
"boron_isotopes_dyez_2018.xlsx",90,"C","please enter value manually","Archive link not yet assigned"
"boron_isotopes_dyez_2018.xlsx",91,"C","please enter value manually","Archive link not yet assigned"
"boron_isotopes_dyez_2018.xlsx",92,"C","please enter value manually","Archive link not yet assigned"
"boron_isotopes_dyez_2018.xlsx",93,"C","please enter value manually","Archive link not yet assigned"
"boron_isotopes_dyez_2018.xlsx",94,"C","please enter value manually","Archive link not yet assigned"
"boron_isotopes_dyez_2018.xlsx",95,"C","please enter value manually","Archive link not yet assigned"
"boron_isotopes_dyez_2018.xlsx",96,"C","please enter value manually","Archive link not yet assigned"
"boron_isotopes_dyez_2018.xlsx",97,"C","please enter value manually","Archive link not yet assigned"
"boron_isotopes_dyez_2018.xlsx",98,"C","please enter value manually","Archive link not yet assigned"
"boron_isotopes_dyez_2018.xlsx",99,"C","please enter value manually","Archive link not yet assigned"
"boron_isotopes_dyez_2018.xlsx",100,"C","please enter value manually","Archive link not yet assigned"
"boron_isotopes_dyez_2018.xlsx",101,"C","please enter value manually","Archive link not yet assigned"
"boron_isotopes_dyez_2018.xlsx",102,"C","please enter value manually","Archive link not yet assigned"
"boron_isotopes_dyez_2018.xlsx",103,"C","please enter value manually","Archive link not yet assigned"
"boron_isotopes_dyez_2018.xlsx",104,"C","please enter value manually","Archive link not yet assigned"
"boron_isotopes_dyez_2018.xlsx",105,"C","please enter value manually","Archive link not yet assigned"
"boron_isotopes_dyez_2018.xlsx",106,"C","please enter value manually","Archive link not yet assigned"
"boron_isotopes_dyez_2018.xlsx",107,"C","please enter value manually","Archive link not yet assigned"
"boron_isotopes_dyez_2018.xlsx",108,"C","please enter value manually","Archive link not yet assigned"
"boron_isotopes_dyez_2018.xlsx",109,"C","please enter value manually","Archive link not yet assigned"
"boron_isotopes_dyez_2018.xlsx",110,"C","please enter value manually","Archive link not yet assigned"
"boron_isotopes_dyez_2018.xlsx",111,"C","please enter value manually","Archive link not yet assigned"
"boron_isotopes_dyez_2018.xlsx",112,"C","please enter value manually","Archive link not yet assigned"
"boron_isotopes_dyez_2018.xlsx",113,"C","please enter value manually","Archive link not yet assigned"
"boron_isotopes_dyez_2018.xlsx",114,"C","please enter value manually","Archive link not yet assigned"
"boron_isotopes_dyez_2018.xlsx",115,"C","please enter value manually","Archive link not yet assigned"
"boron_isotopes_dyez_2018.xlsx",116,"C","please enter value manually","Archive link not yet assigned"
"boron_isotopes_dyez_2018.xlsx",117,"C","please enter value manually","Archive link not yet assigned"
"boron_isotopes_dyez_2018.xlsx",118,"C","please enter value manually","Archive link not yet assigned"
"boron_isotopes_dyez_2018.xlsx",119,"C","please enter value manually","Archive link not yet assigned"
"boron_isotopes_dyez_2018.xlsx",120,"C","please enter value manually","Archive link not yet assigned"
"boron_isotopes_dyez_2018.xlsx",121,"C","please enter value manually","Archive link not yet assigned"
"boron_isotopes_dyez_2018.xlsx",122,"C","please enter value manually","Archive link not yet assigned"
"boron_isotopes_dyez_2018.xlsx",123,"C","please enter value manually","Archive link not yet assigned"
"boron_isotopes_dyez_2018.xlsx",124,"C","please enter value manually","Archive link not yet assigned"
"boron_isotopes_dyez_2018.xlsx",125,"C","please enter value manually","Archive link not yet assigned"
"boron_isotopes_dyez_2018.xlsx",126,"C","please enter value manually","Archive link not yet assigned"
"boron_isotopes_dyez_2018.xlsx",127,"C","please enter value manually","Archive link not yet assigned"
"boron_isotopes_dyez_2018.xlsx",128,"C","please enter value manually","Archive link not yet assigned"
"boron_isotopes_dyez_2018.xlsx",129,"C","please enter value manually","Archive link not yet assigned"
"boron_isotopes_dyez_2018.xlsx",130,"C","please enter value manually","Archive link not yet assigned"
"boron_isotopes_dyez_2018.xlsx",131,"C","please enter value manually","Archive link not yet assigned"
"boron_isotopes_dyez_2018.xlsx",132,"C","please enter value manually","Archive link not yet assigned"
"boron_isotopes_dyez_2018.xlsx",133,"C","please enter value manually","Archive link not yet assigned"
"boron_isotopes_dyez_2018.xlsx",134,"C","please enter value manually","Archive link not yet assigned"
"boron_isotopes_dyez_2018.xlsx",135,"C","please enter value manually","Archive link not yet assigned"
"boron_isotopes_dyez_2018.xlsx",136,"C","please enter value manually","Archive link not yet assigned"
"boron_isotopes_dyez_2018.xlsx",137,"C","please enter value manually","Archive link not yet assigned"
"boron_isotopes_dyez_2018.xlsx",138,"C","please enter value manually","Archive link not yet assigned"
"boron_isotopes_dyez_2018.xlsx",139,"C","please enter value manually","Archive link not yet assigned"
"boron_isotopes_dyez_2018.xlsx",140,"C","please enter value manually","Archive link not yet assigned"
"boron_isotopes_dyez_2018.xlsx",141,"C","please enter value manually","Archive link not yet assigned"
"boron_isotopes_dyez_2018.xlsx",142,"C","please enter value manually","Archive link not yet assigned"
"boron_isotopes_dyez_2018.xlsx",143,"C","please enter value manually","Archive link not yet assigned"
"boron_isotopes_dyez_2018.xlsx",144,"C","please enter value manually","Archive link not yet assigned"
"boron_isotopes_dyez_2018.xlsx",145,"C","please enter value manually","Archive link not yet assigned"
"boron_isotopes_dyez_2018.xlsx",146,"C","please enter value manually","Archive link not yet assigned"
"boron_isotopes_dyez_2018.xlsx",147,"C","please enter value manually","Archive link not yet assigned"
"boron_isotopes_dyez_2018.xlsx",148,"C","please enter value manually","Archive link not yet assigned"
"boron_isotopes_dyez_2018.xlsx",149,"C","please enter value manually","Archive link not yet assigned"
"boron_isotopes_dyez_2018.xlsx",150,"C","please enter value manually","Archive link not yet assigned"
"boron_isotopes_dyez_2018.xlsx",151,"C","please enter value manually","Archive link not yet assigned"
"boron_isotopes_dyez_2018.xlsx",152,"C","please enter value manually","Archive link not yet assigned"
"boron_isotopes_dyez_2018.xlsx",153,"C","please enter value manually","Archive link not yet assigned"
"boron_isotopes_dyez_2018.xlsx",154,"C","please enter value manually","Archive link not yet assigned"
"boron_isotopes_dyez_2018.xlsx",155,"C","please enter value manually","Archive link not yet assigned"
"boron_isotopes_dyez_2018.xlsx",156,"C","please enter value manually","Archive link not yet assigned"
"boron_isotopes_dyez_2018.xlsx",157,"C","please enter value manually","Archive link not yet assigned"
"boron_isotopes_dyez_2018.xlsx",158,"C","please enter value manually","Archive link not yet assigned"
"boron_isotopes_dyez_2018.xlsx",159,"C","please enter value manually","Archive link not yet assigned"
"boron_isotopes_dyez_2018.xlsx",160,"C","please enter value manually","Archive link not yet assigned"
"boron_isotopes_dyez_2018.xlsx",161,"C","please enter value manually","Archive link not yet assigned"
"boron_isotopes_dyez_2018.xlsx",162,"C","please enter value manually","Archive link not yet assigned"
"boron_isotopes_dyez_2018.xlsx",163,"C","please enter value manually","Archive link not yet assigned"
"boron_isotopes_dyez_2018.xlsx",164,"C","please enter value manually","Archive link not yet assigned"
"boron_isotopes_dyez_2018.xlsx",165,"C","please enter value manually","Archive link not yet assigned"
"boron_isotopes_dyez_2018.xlsx",166,"C","please enter value manually","Archive link not yet assigned"
"boron_isotopes_dyez_2018.xlsx",167,"C","please enter value manually","Archive link not yet assigned"
"boron_isotopes_dyez_2018.xlsx",168,"C","please enter value manually","Archive link not yet assigned"
"boron_isotopes_dyez_2018.xlsx",169,"C","please enter value manually","Archive link not yet assigned"
"boron_isotopes_dyez_2018.xlsx",170,"C","please enter value manually","Archive link not yet assigned"
"boron_isotopes_dyez_2018.xlsx",171,"C","please enter value manually","Archive link not yet assigned"
"boron_isotopes_dyez_2018.xlsx",172,"C","please enter value manually","Archive link not yet assigned"
"boron_isotopes_dyez_2018.xlsx",173,"C","please enter value manually","Archive link not yet assigned"
"boron_isotopes_dyez_2018.xlsx",174,"C","please enter value manually","Archive link not yet assigned"
"boron_isotopes_dyez_2018.xlsx",175,"C","please enter value manually","Archive link not yet assigned"
"boron_isotopes_dyez_2018.xlsx",176,"C","please enter value manually","Archive link not yet assigned"
"boron_isotopes_dyez_2018.xlsx",177,"C","please enter value manually","Archive link not yet assigned"
"boron_isotopes_dyez_2018.xlsx",178,"C","please enter value manually","Archive link not yet assigned"
"boron_isotopes_dyez_2018.xlsx",179,"C","please enter value manually","Archive link not yet assigned"
"boron_isotopes_dyez_2018.xlsx",180,"C","please enter value manually","Archive link not yet assigned"
"boron_isotopes_dyez_2018.xlsx",181,"C","please enter value manually","Archive link not yet assigned"
"boron_isotopes_dyez_2018.xlsx",182,"C","please enter value manually","Archive link not yet assigned"
"boron_isotopes_dyez_2018.xlsx",183,"C","please enter value manually","Archive link not yet assigned"
"boron_isotopes_dyez_2018.xlsx",184,"C","please enter value manually","Archive link not yet assigned"
"boron_isotopes_dyez_2018.xlsx",185,"C","please enter value manually","Archive link not yet assigned"
"boron_isotopes_dyez_2018.xlsx",186,"C","please enter value manually","Archive link not yet assigned"
"boron_isotopes_dyez_2018.xlsx",187,"C","please enter value manually","Archive link not yet assigned"
"boron_isotopes_dyez_2018.xlsx",188,"C","please enter value manually","Archive link not yet assigned"
"boron_isotopes_dyez_2018.xlsx",189,"C","please enter value manually","Archive link not yet assigned"
"boron_isotopes_dyez_2018.xlsx",190,"C","please enter value manually","Archive link not yet assigned"
"boron_isotopes_dyez_2018.xlsx",191,"C","please enter value manually","Archive link not yet assigned"
"boron_isotopes_dyez_2018.xlsx",192,"C","please enter value manually","Archive link not yet assigned"
"boron_isotopes_dyez_2018.xlsx",193,"C","please enter value manually","Archive link not yet assigned"
"boron_isotopes_dyez_2018.xlsx",194,"C","please enter value manually","Archive link not yet assigned"
"boron_isotopes_dyez_2018.xlsx",195,"C","please enter value manually","Archive link not yet assigned"
"boron_isotopes_dyez_2018.xlsx",196,"C","please enter value manually","Archive link not yet assigned"
"boron_isotopes_dyez_2018.xlsx",197,"C","please enter value manually","Archive link not yet assigned"
"boron_isotopes_dyez_2018.xlsx",198,"C","please enter value manually","Archive link not yet assigned"
"boron_isotopes_dyez_2018.xlsx",199,"C","please enter value manually","Archive link not yet assigned"
"boron_isotopes_dyez_2018.xlsx",200,"C","please enter value manually","Archive link not yet assigned"
"boron_isotopes_dyez_2018.xlsx",201,"C","please enter value manually","Archive link not yet assigned"
"boron_isotopes_dyez_2018.xlsx",202,"C","please enter value manually","Archive link not yet assigned"
"boron_isotopes_dyez_2018.xlsx",203,"C","please enter value manually","Archive link not yet assigned"
"boron_isotopes_dyez_2018.xlsx",204,"C","please enter value manually","Archive link not yet assigned"
"boron_isotopes_dyez_2018.xlsx",205,"C","please enter value manually","Archive link not yet assigned"
"boron_isotopes_dyez_2018.xlsx",206,"C","please enter value manually","Archive link not yet assigned"
"boron_isotopes_dyez_2018.xlsx",207,"C","please enter value manually","Archive link not yet assigned"
"boron_isotopes_dyez_2018.xlsx",208,"C","please enter value manually","Archive link not yet assigned"
"boron_isotopes_dyez_2018.xlsx",209,"C","please enter value manually","Archive link not yet assigned"
"boron_isotopes_dyez_2018.xlsx",210,"C","please enter value manually","Archive link not yet assigned"
"boron_isotopes_dyez_2018.xlsx",211,"C","please enter value manually","Archive link not yet assigned"
"boron_isotopes_dyez_2018.xlsx",212,"C","please enter value manually","Archive link not yet assigned"
"boron_isotopes_dyez_2018.xlsx",213,"C","please enter value manually","Archive link not yet assigned"
"boron_isotopes_dyez_2018.xlsx",214,"C","please enter value manually","Archive link not yet assigned"
"boron_isotopes_dyez_2018.xlsx",215,"C","please enter value manually","Archive link not yet assigned"
"boron_isotopes_dyez_2018.xlsx",216,"C","please enter value manually","Archive link not yet assigned"
"boron_isotopes_dyez_2018.xlsx",217,"C","please enter value manually","Archive link not yet assigned"
"boron_isotopes_dyez_2018.xlsx",218,"C","please enter value manually","Archive link not yet assigned"
"boron_isotopes_dyez_2018.xlsx",219,"C","please enter value manually","Archive link not yet assigned"
"boron_isotopes_dyez_2018.xlsx",220,"C","please enter value manually","Archive link not yet assigned"
"boron_isotopes_dyez_2018.xlsx",221,"C","please enter value manually","Archive link not yet assigned"
"boron_isotopes_dyez_2018.xlsx",222,"C","please enter value manually","Archive link not yet assigned"
"boron_isotopes_dyez_2018.xlsx",223,"C","please enter value manually","Archive link not yet assigned"
"boron_isotopes_dyez_2018.xlsx",224,"C","please enter value manually","Archive link not yet assigned"
"boron_isotopes_dyez_2018.xlsx",225,"C","please enter value manually","Archive link not yet assigned"
"boron_isotopes_dyez_2018.xlsx",226,"C","please enter value manually","Archive link not yet assigned"
"boron_isotopes_dyez_2018.xlsx",227,"C","please enter value manually","Archive link not yet assigned"
"boron_isotopes_dyez_2018.xlsx",228,"C","please enter value manually","Archive link not yet assigned"
"boron_isotopes_dyez_2018.xlsx",229,"C","please enter value manually","Archive link not yet assigned"
"boron_isotopes_dyez_2018.xlsx",230,"C","please enter value manually","Archive link not yet assigned"
"boron_isotopes_dyez_2018.xlsx",231,"C","please enter value manually","Archive link not yet assigned"
"boron_isotopes_dyez_2018.xlsx",232,"C","please enter value manually","Archive link not yet assigned"
"boron_isotopes_dyez_2018.xlsx",233,"C","please enter value manually","Archive link not yet assigned"
"boron_isotopes_dyez_2018.xlsx",234,"C","please enter value manually","Archive link not yet assigned"
"boron_isotopes_dyez_2018.xlsx",235,"C","please enter value manually","Archive link not yet assigned"
"boron_isotopes_dyez_2018.xlsx",236,"C","please enter value manually","Archive link not yet assigned"
"boron_isotopes_dyez_2018.xlsx",237,"C","please enter value manually","Archive link not yet assigned"
"boron_isotopes_dyez_2018.xlsx",238,"C","please enter value manually","Archive link not yet assigned"
"boron_isotopes_dyez_2018.xlsx",239,"C","please enter value manually","Archive link not yet assigned"
"boron_isotopes_dyez_2018.xlsx",240,"C","please enter value manually","Archive link not yet assigned"
"boron_isotopes_dyez_2018.xlsx",241,"C","please enter value manually","Archive link not yet assigned"
"boron_isotopes_dyez_2018.xlsx",242,"C","please enter value manually","Archive link not yet assigned"
"boron_isotopes_dyez_2018.xlsx",243,"C","please enter value manually","Archive link not yet assigned"
"boron_isotopes_dyez_2018.xlsx",244,"C","please enter value manually","Archive link not yet assigned"
"boron_isotopes_dyez_2018.xlsx",245,"C","please enter value manually","Archive link not yet assigned"
"boron_isotopes_dyez_2018.xlsx",246,"C","please enter value manually","Archive link not yet assigned"
"boron_isotopes_dyez_2018.xlsx",247,"C","please enter value manually","Archive link not yet assigned"
"boron_isotopes_dyez_2018.xlsx",248,"C","please enter value manually","Archive link not yet assigned"
"boron_isotopes_dyez_2018.xlsx",249,"C","please enter value manually","Archive link not yet assigned"
"boron_isotopes_dyez_2018.xlsx",250,"C","please enter value manually","Archive link not yet assigned"
"boron_isotopes_dyez_2018.xlsx",251,"C","please enter value manually","Archive link not yet assigned"
"boron_isotopes_dyez_2018.xlsx",252,"C","please enter value manually","Archive link not yet assigned"
"boron_isotopes_dyez_2018.xlsx",253,"C","please enter value manually","Archive link not yet assigned"
"boron_isotopes_dyez_2018.xlsx",254,"C","please enter value manually","Archive link not yet assigned"
"boron_isotopes_dyez_2018.xlsx",255,"C","please enter value manually","Archive link not yet assigned"
"boron_isotopes_dyez_2018.xlsx",256,"C","please enter value manually","Archive link not yet assigned"
"boron_isotopes_dyez_2018.xlsx",257,"C","please enter value manually","Archive link not yet assigned"
"boron_isotopes_dyez_2018.xlsx",258,"C","please enter value manually","Archive link not yet assigned"
"boron_isotopes_dyez_2018.xlsx",259,"C","please enter value manually","Archive link not yet assigned"
"boron_isotopes_dyez_2018.xlsx",260,"C","please enter value manually","Archive link not yet assigned"
"boron_isotopes_dyez_2018.xlsx",261,"C","please enter value manually","Archive link not yet assigned"
"boron_isotopes_dyez_2018.xlsx",262,"C","please enter value manually","Archive link not yet assigned"
"boron_isotopes_dyez_2018.xlsx",263,"C","please enter value manually","Archive link not yet assigned"
"boron_isotopes_dyez_2018.xlsx",264,"C","please enter value manually","Archive link not yet assigned"
"boron_isotopes_dyez_2018.xlsx",265,"C","please enter value manually","Archive link not yet assigned"
"boron_isotopes_dyez_2018.xlsx",266,"C","please enter value manually","Archive link not yet assigned"
"boron_isotopes_dyez_2018.xlsx",267,"C","please enter value manually","Archive link not yet assigned"
"boron_isotopes_dyez_2018.xlsx",268,"C","please enter value manually","Archive link not yet assigned"
"boron_isotopes_dyez_2018.xlsx",269,"C","please enter value manually","Archive link not yet assigned"
"boron_isotopes_dyez_2018.xlsx",270,"C","please enter value manually","Archive link not yet assigned"
"boron_isotopes_dyez_2018.xlsx",271,"C","please enter value manually","Archive link not yet assigned"
"boron_isotopes_dyez_2018.xlsx",272,"C","please enter value manually","Archive link not yet assigned"
"boron_isotopes_dyez_2018.xlsx",273,"C","please enter value manually","Archive link not yet assigned"
"boron_isotopes_dyez_2018.xlsx",274,"C","please enter value manually","Archive link not yet assigned"
"boron_isotopes_dyez_2018.xlsx",275,"C","please enter value manually","Archive link not yet assigned"
"boron_isotopes_dyez_2018.xlsx",276,"C","please enter value manually","Archive link not yet assigned"
"boron_isotopes_dyez_2018.xlsx",277,"C","please enter value manually","Archive link not yet assigned"
"boron_isotopes_dyez_2018.xlsx",278,"C","please enter value manually","Archive link not yet assigned"
"boron_isotopes_dyez_2018.xlsx",279,"C","please enter value manually","Archive link not yet assigned"
"boron_isotopes_dyez_2018.xlsx",280,"C","please enter value manually","Archive link not yet assigned"
"boron_isotopes_dyez_2018.xlsx",281,"C","please enter value manually","Archive link not yet assigned"
"boron_isotopes_dyez_2018.xlsx",282,"C","please enter value manually","Archive link not yet assigned"
"boron_isotopes_dyez_2018.xlsx",283,"C","please enter value manually","Archive link not yet assigned"
"boron_isotopes_dyez_2018.xlsx",284,"C","please enter value manually","Archive link not yet assigned"
"boron_isotopes_dyez_2018.xlsx",285,"C","please enter value manually","Archive link not yet assigned"
"boron_isotopes_dyez_2018.xlsx",286,"C","please enter value manually","Archive link not yet assigned"
"boron_isotopes_dyez_2018.xlsx",287,"C","please enter value manually","Archive link not yet assigned"
"boron_isotopes_dyez_2018.xlsx",288,"C","please enter value manually","Archive link not yet assigned"
"boron_isotopes_dyez_2018.xlsx",289,"C","please enter value manually","Archive link not yet assigned"
"boron_isotopes_dyez_2018.xlsx",290,"C","please enter value manually","Archive link not yet assigned"
"boron_isotopes_dyez_2018.xlsx",291,"C","please enter value manually","Archive link not yet assigned"
"boron_isotopes_dyez_2018.xlsx",292,"C","please enter value manually","Archive link not yet assigned"
"boron_isotopes_dyez_2018.xlsx",293,"C","please enter value manually","Archive link not yet assigned"
"boron_isotopes_dyez_2018.xlsx",294,"C","please enter value manually","Archive link not yet assigned"
"boron_isotopes_dyez_2018.xlsx",295,"C","please enter value manually","Archive link not yet assigned"
"boron_isotopes_dyez_2018.xlsx",296,"C","please enter value manually","Archive link not yet assigned"
"boron_isotopes_dyez_2018.xlsx",297,"C","please enter value manually","Archive link not yet assigned"
"boron_isotopes_dyez_2018.xlsx",298,"C","please enter value manually","Archive link not yet assigned"
"boron_isotopes_dyez_2018.xlsx",299,"C","please enter value manually","Archive link not yet assigned"
"boron_isotopes_dyez_2018.xlsx",300,"C","please enter value manually","Archive link not yet assigned"
"boron_isotopes_dyez_2018.xlsx",301,"C","please enter value manually","Archive link not yet assigned"
"boron_isotopes_dyez_2018.xlsx",302,"C","please enter value manually","Archive link not yet assigned"
"boron_isotopes_dyez_2018.xlsx",303,"C","please enter value manually","Archive link not yet assigned"
"boron_isotopes_dyez_2018.xlsx",304,"C","please enter value manually","Archive link not yet assigned"
"boron_isotopes_dyez_2018.xlsx",305,"C","please enter value manually","Archive link not yet assigned"
"boron_isotopes_dyez_2018.xlsx",306,"C","please enter value manually","Archive link not yet assigned"
"boron_isotopes_dyez_2018.xlsx",307,"C","please enter value manually","Archive link not yet assigned"
"boron_isotopes_dyez_2018.xlsx",308,"C","please enter value manually","Archive link not yet assigned"
"boron_isotopes_dyez_2018.xlsx",309,"C","please enter value manually","Archive link not yet assigned"
"boron_isotopes_dyez_2018.xlsx",310,"C","please enter value manually","Archive link not yet assigned"
"boron_isotopes_dyez_2018.xlsx",311,"C","please enter value manually","Archive link not yet assigned"
"boron_isotopes_dyez_2018.xlsx",312,"C","please enter value manually","Archive link not yet assigned"
"boron_isotopes_dyez_2018.xlsx",313,"C","please enter value manually","Archive link not yet assigned"
"boron_isotopes_dyez_2018.xlsx",314,"C","please enter value manually","Archive link not yet assigned"
"boron_isotopes_dyez_2018.xlsx",315,"C","please enter value manually","Archive link not yet assigned"
"boron_isotopes_dyez_2018.xlsx",316,"C","please enter value manually","Archive link not yet assigned"
"boron_isotopes_dyez_2018.xlsx",317,"C","please enter value manually","Archive link not yet assigned"
"boron_isotopes_dyez_2018.xlsx",318,"C","please enter value manually","Archive link not yet assigned"
"boron_isotopes_dyez_2018.xlsx",319,"C","please enter value manually","Archive link not yet assigned"
"boron_isotopes_dyez_2018.xlsx",320,"C","please enter value manually","Archive link not yet assigned"
"boron_isotopes_dyez_2018.xlsx",321,"C","please enter value manually","Archive link not yet assigned"
"boron_isotopes_dyez_2018.xlsx",322,"C","please enter value manually","Archive link not yet assigned"
"boron_isotopes_dyez_2018.xlsx",323,"C","please enter value manually","Archive link not yet assigned"
"boron_isotopes_dyez_2018.xlsx",324,"C","please enter value manually","Archive link not yet assigned"
"boron_isotopes_dyez_2018.xlsx",325,"C","please enter value manually","Archive link not yet assigned"
"boron_isotopes_dyez_2018.xlsx",326,"C","please enter value manually","Archive link not yet assigned"
"boron_isotopes_dyez_2018.xlsx",327,"C","please enter value manually","Archive link not yet assigned"
"boron_isotopes_dyez_2018.xlsx",328,"C","please enter value manually","Archive link not yet assigned"
"boron_isotopes_dyez_2018.xlsx",329,"C","please enter value manually","Archive link not yet assigned"
"boron_isotopes_dyez_2018.xlsx",330,"C","please enter value manually","Archive link not yet assigned"
"boron_isotopes_foster_2008.xlsx",4,"S","NA : Use published data from Schmidt et al. (2004)","Alternative source value present but Mg/Ca column S remains blank"
"boron_isotopes_foster_2008.xlsx",5,"S","NA : Use published data from Schmidt et al. (2004)","Alternative source value present but Mg/Ca column S remains blank"
"boron_isotopes_foster_2008.xlsx",6,"S","NA : Use published data from Schmidt et al. (2004)","Alternative source value present but Mg/Ca column S remains blank"
"boron_isotopes_foster_2008.xlsx",7,"S","NA : Use published data from Schmidt et al. (2004)","Alternative source value present but Mg/Ca column S remains blank"
"boron_isotopes_foster_2008.xlsx",8,"S","NA : Use published data from Schmidt et al. (2004)","Alternative source value present but Mg/Ca column S remains blank"
"boron_isotopes_foster_2008.xlsx",9,"S","NA : Use published data from Schmidt et al. (2004)","Alternative source value present but Mg/Ca column S remains blank"
"boron_isotopes_foster_2008.xlsx",10,"S","NA : Use published data from Schmidt et al. (2004)","Alternative source value present but Mg/Ca column S remains blank"
"boron_isotopes_foster_2008.xlsx",11,"S","NA : Use published data from Schmidt et al. (2004)","Alternative source value present but Mg/Ca column S remains blank"
"boron_isotopes_foster_2008.xlsx",12,"S","NA : Use published data from Schmidt et al. (2004)","Alternative source value present but Mg/Ca column S remains blank"
"boron_isotopes_foster_2008.xlsx",13,"S","NA : Use published data from Schmidt et al. (2004)","Alternative source value present but Mg/Ca column S remains blank"
"boron_isotopes_foster_2008.xlsx",14,"S","NA : Use published data from Schmidt et al. (2004)","Alternative source value present but Mg/Ca column S remains blank"
"boron_isotopes_foster_2008.xlsx",15,"S","NA : Use published data from Schmidt et al. (2004)","Alternative source value present but Mg/Ca column S remains blank"
"boron_isotopes_foster_2008.xlsx",16,"S","NA : Use published data from Schmidt et al. (2004)","Alternative source value present but Mg/Ca column S remains blank"
"boron_isotopes_foster_2008.xlsx",17,"S","NA : Use published data from Schmidt et al. (2004)","Alternative source value present but Mg/Ca column S remains blank"
"boron_isotopes_foster_2008.xlsx",18,"S","NA : Use published data from Schmidt et al. (2004)","Alternative source value present but Mg/Ca column S remains blank"
"boron_isotopes_foster_2008.xlsx",19,"S","NA : Use published data from Schmidt et al. (2004)","Alternative source value present but Mg/Ca column S remains blank"
"boron_isotopes_foster_2008.xlsx",20,"S","NA : Use published data from Schmidt et al. (2004)","Alternative source value present but Mg/Ca column S remains blank"
"boron_isotopes_foster_2008.xlsx",21,"S","NA : Use published data from Schmidt et al. (2004)","Alternative source value present but Mg/Ca column S remains blank"
"boron_isotopes_foster_2008.xlsx",22,"S","NA : Use published data from Schmidt et al. (2004)","Alternative source value present but Mg/Ca column S remains blank"
"boron_isotopes_foster_2008.xlsx",23,"S","NA : Use published data from Schmidt et al. (2004)","Alternative source value present but Mg/Ca column S remains blank"
"boron_isotopes_foster_2008.xlsx",24,"S","NA : Use published data from Schmidt et al. (2004)","Alternative source value present but Mg/Ca column S remains blank"
"boron_isotopes_foster_2008.xlsx",25,"S","NA : Use published data from Schmidt et al. (2004)","Alternative source value present but Mg/Ca column S remains blank"
"boron_isotopes_foster_2008.xlsx",26,"S","NA : Use published data from Schmidt et al. (2004)","Alternative source value present but Mg/Ca column S remains blank"
"boron_isotopes_foster_2008.xlsx",27,"S","NA : Use published data from Schmidt et al. (2004)","Alternative source value present but Mg/Ca column S remains blank"
"boron_isotopes_foster_2008.xlsx",28,"S","NA : Use published data from Schmidt et al. (2004)","Alternative source value present but Mg/Ca column S remains blank"
"boron_isotopes_foster_2008.xlsx",29,"S","NA : Use published data from Schmidt et al. (2004)","Alternative source value present but Mg/Ca column S remains blank"
"boron_isotopes_foster_2008.xlsx",30,"S","NA : Use published data from Schmidt et al. (2004)","Alternative source value present but Mg/Ca column S remains blank"
"boron_isotopes_foster_2008.xlsx",31,"S","NA : Use published data from Schmidt et al. (2004)","Alternative source value present but Mg/Ca column S remains blank"
"boron_isotopes_foster_2008.xlsx",32,"S","NA : Use published data from Schmidt et al. (2004)","Alternative source value present but Mg/Ca column S remains blank"
"boron_isotopes_foster_2008.xlsx",33,"S","NA : Use published data from Schmidt et al. (2004)","Alternative source value present but Mg/Ca column S remains blank"
"boron_isotopes_foster_2008.xlsx",34,"S","NA : Use published data from Schmidt et al. (2004)","Alternative source value present but Mg/Ca column S remains blank"
"boron_isotopes_foster_2008.xlsx",35,"S","NA : Use published data from Schmidt et al. (2004)","Alternative source value present but Mg/Ca column S remains blank"
"boron_isotopes_foster_2008.xlsx",4,"C","please enter value manually","Archive link not yet assigned"
"boron_isotopes_foster_2008.xlsx",5,"C","please enter value manually","Archive link not yet assigned"
"boron_isotopes_foster_2008.xlsx",6,"C","please enter value manually","Archive link not yet assigned"
"boron_isotopes_foster_2008.xlsx",7,"C","please enter value manually","Archive link not yet assigned"
"boron_isotopes_foster_2008.xlsx",8,"C","please enter value manually","Archive link not yet assigned"
"boron_isotopes_foster_2008.xlsx",9,"C","please enter value manually","Archive link not yet assigned"
"boron_isotopes_foster_2008.xlsx",10,"C","please enter value manually","Archive link not yet assigned"
"boron_isotopes_foster_2008.xlsx",11,"C","please enter value manually","Archive link not yet assigned"
"boron_isotopes_foster_2008.xlsx",12,"C","please enter value manually","Archive link not yet assigned"
"boron_isotopes_foster_2008.xlsx",13,"C","please enter value manually","Archive link not yet assigned"
"boron_isotopes_foster_2008.xlsx",14,"C","please enter value manually","Archive link not yet assigned"
"boron_isotopes_foster_2008.xlsx",15,"C","please enter value manually","Archive link not yet assigned"
"boron_isotopes_foster_2008.xlsx",16,"C","please enter value manually","Archive link not yet assigned"
"boron_isotopes_foster_2008.xlsx",17,"C","please enter value manually","Archive link not yet assigned"
"boron_isotopes_foster_2008.xlsx",18,"C","please enter value manually","Archive link not yet assigned"
"boron_isotopes_foster_2008.xlsx",19,"C","please enter value manually","Archive link not yet assigned"
"boron_isotopes_foster_2008.xlsx",20,"C","please enter value manually","Archive link not yet assigned"
"boron_isotopes_foster_2008.xlsx",21,"C","please enter value manually","Archive link not yet assigned"
"boron_isotopes_foster_2008.xlsx",22,"C","please enter value manually","Archive link not yet assigned"
"boron_isotopes_foster_2008.xlsx",23,"C","please enter value manually","Archive link not yet assigned"
"boron_isotopes_foster_2008.xlsx",24,"C","please enter value manually","Archive link not yet assigned"
"boron_isotopes_foster_2008.xlsx",25,"C","please enter value manually","Archive link not yet assigned"
"boron_isotopes_foster_2008.xlsx",26,"C","please enter value manually","Archive link not yet assigned"
"boron_isotopes_foster_2008.xlsx",27,"C","please enter value manually","Archive link not yet assigned"
"boron_isotopes_foster_2008.xlsx",28,"C","please enter value manually","Archive link not yet assigned"
"boron_isotopes_foster_2008.xlsx",29,"C","please enter value manually","Archive link not yet assigned"
"boron_isotopes_foster_2008.xlsx",30,"C","please enter value manually","Archive link not yet assigned"
"boron_isotopes_foster_2008.xlsx",31,"C","please enter value manually","Archive link not yet assigned"
"boron_isotopes_foster_2008.xlsx",32,"C","please enter value manually","Archive link not yet assigned"
"boron_isotopes_foster_2008.xlsx",33,"C","please enter value manually","Archive link not yet assigned"
"boron_isotopes_foster_2008.xlsx",34,"C","please enter value manually","Archive link not yet assigned"
"boron_isotopes_foster_2008.xlsx",35,"C","please enter value manually","Archive link not yet assigned"
"boron_isotopes_foster_2012.xlsx",4,"C","please enter value manually","Archive link not yet assigned"
"boron_isotopes_foster_2012.xlsx",5,"C","please enter value manually","Archive link not yet assigned"
"boron_isotopes_foster_2012.xlsx",6,"C","please enter value manually","Archive link not yet assigned"
"boron_isotopes_foster_2012.xlsx",7,"C","please enter value manually","Archive link not yet assigned"
"boron_isotopes_foster_2012.xlsx",8,"C","please enter value manually","Archive link not yet assigned"
"boron_isotopes_foster_2012.xlsx",9,"C","please enter value manually","Archive link not yet assigned"
"boron_isotopes_foster_2012.xlsx",10,"C","please enter value manually","Archive link not yet assigned"
"boron_isotopes_foster_2012.xlsx",11,"C","please enter value manually","Archive link not yet assigned"
"boron_isotopes_foster_2012.xlsx",12,"C","please enter value manually","Archive link not yet assigned"
"boron_isotopes_foster_2012.xlsx",13,"C","please enter value manually","Archive link not yet assigned"
"boron_isotopes_foster_2012.xlsx",14,"C","please enter value manually","Archive link not yet assigned"
"boron_isotopes_foster_2012.xlsx",15,"C","please enter value manually","Archive link not yet assigned"
"boron_isotopes_foster_2012.xlsx",16,"C","please enter value manually","Archive link not yet assigned"
"boron_isotopes_foster_2012.xlsx",17,"C","please enter value manually","Archive link not yet assigned"
"boron_isotopes_foster_2012.xlsx",18,"C","please enter value manually","Archive link not yet assigned"
"boron_isotopes_foster_2012.xlsx",19,"C","please enter value manually","Archive link not yet assigned"
"boron_isotopes_greenop_2014.xlsx",4,"C","please enter value manually","Archive link not yet assigned"
"boron_isotopes_greenop_2014.xlsx",5,"C","please enter value manually","Archive link not yet assigned"
"boron_isotopes_greenop_2014.xlsx",6,"C","please enter value manually","Archive link not yet assigned"
"boron_isotopes_greenop_2014.xlsx",7,"C","please enter value manually","Archive link not yet assigned"
"boron_isotopes_greenop_2014.xlsx",8,"C","please enter value manually","Archive link not yet assigned"
"boron_isotopes_greenop_2014.xlsx",9,"C","please enter value manually","Archive link not yet assigned"
"boron_isotopes_greenop_2014.xlsx",10,"C","please enter value manually","Archive link not yet assigned"
"boron_isotopes_greenop_2014.xlsx",11,"C","please enter value manually","Archive link not yet assigned"
"boron_isotopes_greenop_2014.xlsx",12,"C","please enter value manually","Archive link not yet assigned"
"boron_isotopes_greenop_2014.xlsx",13,"C","please enter value manually","Archive link not yet assigned"
"boron_isotopes_greenop_2014.xlsx",14,"C","please enter value manually","Archive link not yet assigned"
"boron_isotopes_greenop_2014.xlsx",15,"C","please enter value manually","Archive link not yet assigned"
"boron_isotopes_greenop_2014.xlsx",16,"C","please enter value manually","Archive link not yet assigned"
"boron_isotopes_greenop_2014.xlsx",17,"C","please enter value manually","Archive link not yet assigned"
"boron_isotopes_greenop_2014.xlsx",18,"C","please enter value manually","Archive link not yet assigned"
"boron_isotopes_greenop_2014.xlsx",19,"C","please enter value manually","Archive link not yet assigned"
"boron_isotopes_greenop_2014.xlsx",20,"C","please enter value manually","Archive link not yet assigned"
"boron_isotopes_greenop_2014.xlsx",21,"C","please enter value manually","Archive link not yet assigned"
"boron_isotopes_greenop_2014.xlsx",22,"C","please enter value manually","Archive link not yet assigned"
"boron_isotopes_greenop_2014.xlsx",23,"C","please enter value manually","Archive link not yet assigned"
"boron_isotopes_greenop_2014.xlsx",24,"C","please enter value manually","Archive link not yet assigned"
"boron_isotopes_greenop_2014.xlsx",25,"C","please enter value manually","Archive link not yet assigned"
"boron_isotopes_greenop_2014.xlsx",26,"C","please enter value manually","Archive link not yet assigned"
"boron_isotopes_greenop_2014.xlsx",27,"C","please enter value manually","Archive link not yet assigned"
"boron_isotopes_greenop_2014.xlsx",28,"C","please enter value manually","Archive link not yet assigned"
"boron_isotopes_greenop_2014.xlsx",29,"C","please enter value manually","Archive link not yet assigned"
"boron_isotopes_greenop_2014.xlsx",30,"C","please enter value manually","Archive link not yet assigned"
"boron_isotopes_greenop_2014.xlsx",31,"C","please enter value manually","Archive link not yet assigned"
"boron_isotopes_greenop_2014.xlsx",32,"C","please enter value manually","Archive link not yet assigned"
"boron_isotopes_greenop_2014.xlsx",33,"C","please enter value manually","Archive link not yet assigned"
"boron_isotopes_greenop_2014.xlsx",34,"C","please enter value manually","Archive link not yet assigned"
"boron_isotopes_greenop_2014.xlsx",35,"C","please enter value manually","Archive link not yet assigned"
"boron_isotopes_greenop_2014.xlsx",36,"C","please enter value manually","Archive link not yet assigned"
"boron_isotopes_greenop_2014.xlsx",37,"C","please enter value manually","Archive link not yet assigned"
"boron_isotopes_greenop_2014.xlsx",38,"C","please enter value manually","Archive link not yet assigned"
"boron_isotopes_greenop_2019.xlsx",4,"C","please enter value manually","Archive link not yet assigned"
"boron_isotopes_greenop_2019.xlsx",5,"C","please enter value manually","Archive link not yet assigned"
"boron_isotopes_greenop_2019.xlsx",6,"C","please enter value manually","Archive link not yet assigned"
"boron_isotopes_greenop_2019.xlsx",7,"C","please enter value manually","Archive link not yet assigned"
"boron_isotopes_greenop_2019.xlsx",8,"C","please enter value manually","Archive link not yet assigned"
"boron_isotopes_greenop_2019.xlsx",9,"C","please enter value manually","Archive link not yet assigned"
"boron_isotopes_greenop_2019.xlsx",10,"C","please enter value manually","Archive link not yet assigned"
"boron_isotopes_greenop_2019.xlsx",11,"C","please enter value manually","Archive link not yet assigned"
"boron_isotopes_greenop_2019.xlsx",12,"C","please enter value manually","Archive link not yet assigned"
"boron_isotopes_greenop_2019.xlsx",13,"C","please enter value manually","Archive link not yet assigned"
"boron_isotopes_greenop_2019.xlsx",14,"C","please enter value manually","Archive link not yet assigned"
"boron_isotopes_greenop_2019.xlsx",15,"C","please enter value manually","Archive link not yet assigned"
"boron_isotopes_greenop_2019.xlsx",16,"C","please enter value manually","Archive link not yet assigned"
"boron_isotopes_greenop_2019.xlsx",17,"C","please enter value manually","Archive link not yet assigned"
"boron_isotopes_greenop_2019.xlsx",18,"C","please enter value manually","Archive link not yet assigned"
"boron_isotopes_greenop_2019.xlsx",19,"C","please enter value manually","Archive link not yet assigned"
"boron_isotopes_greenop_2019.xlsx",20,"C","please enter value manually","Archive link not yet assigned"
"boron_isotopes_greenop_2019.xlsx",21,"C","please enter value manually","Archive link not yet assigned"
"boron_isotopes_greenop_2019.xlsx",22,"C","please enter value manually","Archive link not yet assigned"
"boron_isotopes_greenop_2019.xlsx",23,"C","please enter value manually","Archive link not yet assigned"
"boron_isotopes_greenop_2019.xlsx",24,"C","please enter value manually","Archive link not yet assigned"
"boron_isotopes_greenop_2019.xlsx",43,"C","please enter value manually","Archive link not yet assigned"
"boron_isotopes_greenop_2019.xlsx",44,"C","please enter value manually","Archive link not yet assigned"
"boron_isotopes_greenop_2019.xlsx",45,"C","please enter value manually","Archive link not yet assigned"
"boron_isotopes_guillermic_2022.xlsx",4,"BY: type.of.uncertainty.(e.g.,.set.value,.normal.distribution,.+/-.range)","propagated error including uncertainties on pH, S, Mg/Ca, same error was applied for positive and negative values","Uncertainty magnitude present; type missing or not handled by this mapping"
"boron_isotopes_guillermic_2022.xlsx",5,"BY: type.of.uncertainty.(e.g.,.set.value,.normal.distribution,.+/-.range)","propagated error including uncertainties on pH, S, Mg/Ca / same error was applied for positive and negative values","Uncertainty magnitude present; type missing or not handled by this mapping"
"boron_isotopes_guillermic_2022.xlsx",6,"BY: type.of.uncertainty.(e.g.,.set.value,.normal.distribution,.+/-.range)","propagated error including uncertainties on pH, S, Mg/Ca / same error was applied for positive and negative values","Uncertainty magnitude present; type missing or not handled by this mapping"
"boron_isotopes_guillermic_2022.xlsx",7,"BY: type.of.uncertainty.(e.g.,.set.value,.normal.distribution,.+/-.range)","propagated error including uncertainties on pH, S, Mg/Ca / same error was applied for positive and negative values","Uncertainty magnitude present; type missing or not handled by this mapping"
"boron_isotopes_guillermic_2022.xlsx",8,"BY: type.of.uncertainty.(e.g.,.set.value,.normal.distribution,.+/-.range)","propagated error including uncertainties on pH, S, Mg/Ca / same error was applied for positive and negative values","Uncertainty magnitude present; type missing or not handled by this mapping"
"boron_isotopes_guillermic_2022.xlsx",9,"BY: type.of.uncertainty.(e.g.,.set.value,.normal.distribution,.+/-.range)","propagated error including uncertainties on pH, S, Mg/Ca / same error was applied for positive and negative values","Uncertainty magnitude present; type missing or not handled by this mapping"
"boron_isotopes_guillermic_2022.xlsx",10,"BY: type.of.uncertainty.(e.g.,.set.value,.normal.distribution,.+/-.range)","propagated error including uncertainties on pH, S, Mg/Ca / same error was applied for positive and negative values","Uncertainty magnitude present; type missing or not handled by this mapping"
"boron_isotopes_guillermic_2022.xlsx",11,"BY: type.of.uncertainty.(e.g.,.set.value,.normal.distribution,.+/-.range)","propagated error including uncertainties on pH, S, Mg/Ca / same error was applied for positive and negative values","Uncertainty magnitude present; type missing or not handled by this mapping"
"boron_isotopes_guillermic_2022.xlsx",12,"BY: type.of.uncertainty.(e.g.,.set.value,.normal.distribution,.+/-.range)","propagated error including uncertainties on pH, S, Mg/Ca / same error was applied for positive and negative values","Uncertainty magnitude present; type missing or not handled by this mapping"
"boron_isotopes_guillermic_2022.xlsx",13,"BY: type.of.uncertainty.(e.g.,.set.value,.normal.distribution,.+/-.range)","propagated error including uncertainties on pH, S, Mg/Ca / same error was applied for positive and negative values","Uncertainty magnitude present; type missing or not handled by this mapping"
"boron_isotopes_guillermic_2022.xlsx",14,"BY: type.of.uncertainty.(e.g.,.set.value,.normal.distribution,.+/-.range)","propagated error including uncertainties on pH, S, Mg/Ca / same error was applied for positive and negative values","Uncertainty magnitude present; type missing or not handled by this mapping"
"boron_isotopes_guillermic_2022.xlsx",15,"BY: type.of.uncertainty.(e.g.,.set.value,.normal.distribution,.+/-.range)","propagated error including uncertainties on pH, S, Mg/Ca / same error was applied for positive and negative values","Uncertainty magnitude present; type missing or not handled by this mapping"
"boron_isotopes_guillermic_2022.xlsx",16,"BY: type.of.uncertainty.(e.g.,.set.value,.normal.distribution,.+/-.range)","propagated error including uncertainties on pH, S, Mg/Ca / same error was applied for positive and negative values","Uncertainty magnitude present; type missing or not handled by this mapping"
"boron_isotopes_guillermic_2022.xlsx",17,"BY: type.of.uncertainty.(e.g.,.set.value,.normal.distribution,.+/-.range)","propagated error including uncertainties on pH, S, Mg/Ca / same error was applied for positive and negative values","Uncertainty magnitude present; type missing or not handled by this mapping"
"boron_isotopes_guillermic_2022.xlsx",18,"BY: type.of.uncertainty.(e.g.,.set.value,.normal.distribution,.+/-.range)","propagated error including uncertainties on pH, S, Mg/Ca / same error was applied for positive and negative values","Uncertainty magnitude present; type missing or not handled by this mapping"
"boron_isotopes_guillermic_2022.xlsx",19,"BY: type.of.uncertainty.(e.g.,.set.value,.normal.distribution,.+/-.range)","propagated error including uncertainties on pH, S, Mg/Ca / same error was applied for positive and negative values","Uncertainty magnitude present; type missing or not handled by this mapping"
"boron_isotopes_guillermic_2022.xlsx",20,"BY: type.of.uncertainty.(e.g.,.set.value,.normal.distribution,.+/-.range)","propagated error including uncertainties on pH, S, Mg/Ca / same error was applied for positive and negative values","Uncertainty magnitude present; type missing or not handled by this mapping"
"boron_isotopes_guillermic_2022.xlsx",21,"BY: type.of.uncertainty.(e.g.,.set.value,.normal.distribution,.+/-.range)","propagated error including uncertainties on pH, S, Mg/Ca / same error was applied for positive and negative values","Uncertainty magnitude present; type missing or not handled by this mapping"
"boron_isotopes_guillermic_2022.xlsx",22,"BY: type.of.uncertainty.(e.g.,.set.value,.normal.distribution,.+/-.range)","propagated error including uncertainties on pH, S, Mg/Ca / same error was applied for positive and negative values","Uncertainty magnitude present; type missing or not handled by this mapping"
"boron_isotopes_guillermic_2022.xlsx",23,"BY: type.of.uncertainty.(e.g.,.set.value,.normal.distribution,.+/-.range)","propagated error including uncertainties on pH, S, Mg/Ca / same error was applied for positive and negative values","Uncertainty magnitude present; type missing or not handled by this mapping"
"boron_isotopes_guillermic_2022.xlsx",24,"BY: type.of.uncertainty.(e.g.,.set.value,.normal.distribution,.+/-.range)","propagated error including uncertainties on pH, S, Mg/Ca / same error was applied for positive and negative values","Uncertainty magnitude present; type missing or not handled by this mapping"
"boron_isotopes_guillermic_2022.xlsx",25,"BY: type.of.uncertainty.(e.g.,.set.value,.normal.distribution,.+/-.range)","propagated error including uncertainties on pH, S, Mg/Ca / same error was applied for positive and negative values","Uncertainty magnitude present; type missing or not handled by this mapping"
"boron_isotopes_guillermic_2022.xlsx",26,"BY: type.of.uncertainty.(e.g.,.set.value,.normal.distribution,.+/-.range)","propagated error including uncertainties on pH, S, Mg/Ca / same error was applied for positive and negative values","Uncertainty magnitude present; type missing or not handled by this mapping"
"boron_isotopes_guillermic_2022.xlsx",27,"BY: type.of.uncertainty.(e.g.,.set.value,.normal.distribution,.+/-.range)","propagated error including uncertainties on pH, S, Mg/Ca / same error was applied for positive and negative values","Uncertainty magnitude present; type missing or not handled by this mapping"
"boron_isotopes_guillermic_2022.xlsx",28,"BY: type.of.uncertainty.(e.g.,.set.value,.normal.distribution,.+/-.range)","propagated error including uncertainties on pH, S, Mg/Ca / same error was applied for positive and negative values","Uncertainty magnitude present; type missing or not handled by this mapping"
"boron_isotopes_guillermic_2022.xlsx",29,"BY: type.of.uncertainty.(e.g.,.set.value,.normal.distribution,.+/-.range)","propagated error including uncertainties on S, Mg/Ca","Uncertainty magnitude present; type missing or not handled by this mapping"
"boron_isotopes_guillermic_2022.xlsx",30,"BY: type.of.uncertainty.(e.g.,.set.value,.normal.distribution,.+/-.range)","propagated error including uncertainties on S, Mg/Ca","Uncertainty magnitude present; type missing or not handled by this mapping"
"boron_isotopes_guillermic_2022.xlsx",31,"BY: type.of.uncertainty.(e.g.,.set.value,.normal.distribution,.+/-.range)","propagated error including uncertainties on S, Mg/Ca","Uncertainty magnitude present; type missing or not handled by this mapping"
"boron_isotopes_guillermic_2022.xlsx",32,"BY: type.of.uncertainty.(e.g.,.set.value,.normal.distribution,.+/-.range)","propagated error including uncertainties on S, Mg/Ca","Uncertainty magnitude present; type missing or not handled by this mapping"
"boron_isotopes_guillermic_2022.xlsx",33,"BY: type.of.uncertainty.(e.g.,.set.value,.normal.distribution,.+/-.range)","propagated error including uncertainties on S, Mg/Ca","Uncertainty magnitude present; type missing or not handled by this mapping"
"boron_isotopes_guillermic_2022.xlsx",34,"BY: type.of.uncertainty.(e.g.,.set.value,.normal.distribution,.+/-.range)","propagated error including uncertainties on S, Mg/Ca","Uncertainty magnitude present; type missing or not handled by this mapping"
"boron_isotopes_guillermic_2022.xlsx",35,"BY: type.of.uncertainty.(e.g.,.set.value,.normal.distribution,.+/-.range)","propagated error including uncertainties on S, Mg/Ca","Uncertainty magnitude present; type missing or not handled by this mapping"
"boron_isotopes_guillermic_2022.xlsx",36,"BY: type.of.uncertainty.(e.g.,.set.value,.normal.distribution,.+/-.range)","propagated error including uncertainties on S, Mg/Ca","Uncertainty magnitude present; type missing or not handled by this mapping"
"boron_isotopes_guillermic_2022.xlsx",37,"BY: type.of.uncertainty.(e.g.,.set.value,.normal.distribution,.+/-.range)","propagated error including uncertainties on S, Mg/Ca","Uncertainty magnitude present; type missing or not handled by this mapping"
"boron_isotopes_guillermic_2022.xlsx",38,"BY: type.of.uncertainty.(e.g.,.set.value,.normal.distribution,.+/-.range)","propagated error including uncertainties on S, Mg/Ca","Uncertainty magnitude present; type missing or not handled by this mapping"
"boron_isotopes_guillermic_2022.xlsx",39,"BY: type.of.uncertainty.(e.g.,.set.value,.normal.distribution,.+/-.range)","propagated error including uncertainties on S, Mg/Ca","Uncertainty magnitude present; type missing or not handled by this mapping"
"boron_isotopes_guillermic_2022.xlsx",40,"BY: type.of.uncertainty.(e.g.,.set.value,.normal.distribution,.+/-.range)","propagated error including uncertainties on S, Mg/Ca","Uncertainty magnitude present; type missing or not handled by this mapping"
"boron_isotopes_guillermic_2022.xlsx",41,"BY: type.of.uncertainty.(e.g.,.set.value,.normal.distribution,.+/-.range)","propagated error including uncertainties on S, Mg/Ca","Uncertainty magnitude present; type missing or not handled by this mapping"
"boron_isotopes_guillermic_2022.xlsx",42,"BY: type.of.uncertainty.(e.g.,.set.value,.normal.distribution,.+/-.range)","propagated error including uncertainties on S, Mg/Ca","Uncertainty magnitude present; type missing or not handled by this mapping"
"boron_isotopes_guillermic_2022.xlsx",43,"BY: type.of.uncertainty.(e.g.,.set.value,.normal.distribution,.+/-.range)","propagated error including uncertainties on S, Mg/Ca","Uncertainty magnitude present; type missing or not handled by this mapping"
"boron_isotopes_guillermic_2022.xlsx",44,"BY: type.of.uncertainty.(e.g.,.set.value,.normal.distribution,.+/-.range)","propagated error including uncertainties on S, Mg/Ca","Uncertainty magnitude present; type missing or not handled by this mapping"
"boron_isotopes_guillermic_2022.xlsx",45,"BY: type.of.uncertainty.(e.g.,.set.value,.normal.distribution,.+/-.range)","propagated error including uncertainties on S, Mg/Ca","Uncertainty magnitude present; type missing or not handled by this mapping"
"boron_isotopes_guillermic_2022.xlsx",46,"BY: type.of.uncertainty.(e.g.,.set.value,.normal.distribution,.+/-.range)","propagated error including uncertainties on S, Mg/Ca","Uncertainty magnitude present; type missing or not handled by this mapping"
"boron_isotopes_guillermic_2022.xlsx",47,"BY: type.of.uncertainty.(e.g.,.set.value,.normal.distribution,.+/-.range)","propagated error including uncertainties on S, Mg/Ca","Uncertainty magnitude present; type missing or not handled by this mapping"
"boron_isotopes_guillermic_2022.xlsx",48,"BY: type.of.uncertainty.(e.g.,.set.value,.normal.distribution,.+/-.range)","propagated error including uncertainties on S, Mg/Ca","Uncertainty magnitude present; type missing or not handled by this mapping"
"boron_isotopes_guillermic_2022.xlsx",49,"BY: type.of.uncertainty.(e.g.,.set.value,.normal.distribution,.+/-.range)","propagated error including uncertainties on S, Mg/Ca","Uncertainty magnitude present; type missing or not handled by this mapping"
"boron_isotopes_guillermic_2022.xlsx",50,"BY: type.of.uncertainty.(e.g.,.set.value,.normal.distribution,.+/-.range)","propagated error including uncertainties on S, Mg/Ca","Uncertainty magnitude present; type missing or not handled by this mapping"
"boron_isotopes_guillermic_2022.xlsx",51,"BY: type.of.uncertainty.(e.g.,.set.value,.normal.distribution,.+/-.range)","propagated error including uncertainties on S, Mg/Ca","Uncertainty magnitude present; type missing or not handled by this mapping"
"boron_isotopes_guillermic_2022.xlsx",52,"BY: type.of.uncertainty.(e.g.,.set.value,.normal.distribution,.+/-.range)","propagated error including uncertainties on S, Mg/Ca","Uncertainty magnitude present; type missing or not handled by this mapping"
"boron_isotopes_guillermic_2022.xlsx",53,"BY: type.of.uncertainty.(e.g.,.set.value,.normal.distribution,.+/-.range)","propagated error including uncertainties on S, Mg/Ca","Uncertainty magnitude present; type missing or not handled by this mapping"
"boron_isotopes_guillermic_2022.xlsx",54,"BY: type.of.uncertainty.(e.g.,.set.value,.normal.distribution,.+/-.range)","propagated error including uncertainties on S, Mg/Ca","Uncertainty magnitude present; type missing or not handled by this mapping"
"boron_isotopes_guillermic_2022.xlsx",55,"BY: type.of.uncertainty.(e.g.,.set.value,.normal.distribution,.+/-.range)","propagated error including uncertainties on S, Mg/Ca","Uncertainty magnitude present; type missing or not handled by this mapping"
"boron_isotopes_guillermic_2022.xlsx",56,"BY: type.of.uncertainty.(e.g.,.set.value,.normal.distribution,.+/-.range)","propagated error including uncertainties on S, Mg/Ca","Uncertainty magnitude present; type missing or not handled by this mapping"
"boron_isotopes_guillermic_2022.xlsx",57,"BY: type.of.uncertainty.(e.g.,.set.value,.normal.distribution,.+/-.range)","propagated error including uncertainties on S, Mg/Ca","Uncertainty magnitude present; type missing or not handled by this mapping"
"boron_isotopes_guillermic_2022.xlsx",58,"BY: type.of.uncertainty.(e.g.,.set.value,.normal.distribution,.+/-.range)","propagated error including uncertainties on S, Mg/Ca","Uncertainty magnitude present; type missing or not handled by this mapping"
"boron_isotopes_guillermic_2022.xlsx",59,"BY: type.of.uncertainty.(e.g.,.set.value,.normal.distribution,.+/-.range)","propagated error including uncertainties on S, Mg/Ca","Uncertainty magnitude present; type missing or not handled by this mapping"
"boron_isotopes_guillermic_2022.xlsx",60,"BY: type.of.uncertainty.(e.g.,.set.value,.normal.distribution,.+/-.range)","propagated error including uncertainties on S, Mg/Ca","Uncertainty magnitude present; type missing or not handled by this mapping"
"boron_isotopes_guillermic_2022.xlsx",61,"BY: type.of.uncertainty.(e.g.,.set.value,.normal.distribution,.+/-.range)","propagated error including uncertainties on S, Mg/Ca","Uncertainty magnitude present; type missing or not handled by this mapping"
"boron_isotopes_guillermic_2022.xlsx",62,"BY: type.of.uncertainty.(e.g.,.set.value,.normal.distribution,.+/-.range)","propagated error including uncertainties on S, Mg/Ca","Uncertainty magnitude present; type missing or not handled by this mapping"
"boron_isotopes_guillermic_2022.xlsx",63,"BY: type.of.uncertainty.(e.g.,.set.value,.normal.distribution,.+/-.range)","propagated error including uncertainties on S, Mg/Ca","Uncertainty magnitude present; type missing or not handled by this mapping"
"boron_isotopes_guillermic_2022.xlsx",64,"BY: type.of.uncertainty.(e.g.,.set.value,.normal.distribution,.+/-.range)","propagated error including uncertainties on S, Mg/Ca","Uncertainty magnitude present; type missing or not handled by this mapping"
"boron_isotopes_guillermic_2022.xlsx",65,"BY: type.of.uncertainty.(e.g.,.set.value,.normal.distribution,.+/-.range)","propagated error including uncertainties on S, Mg/Ca","Uncertainty magnitude present; type missing or not handled by this mapping"
"boron_isotopes_guillermic_2022.xlsx",66,"BY: type.of.uncertainty.(e.g.,.set.value,.normal.distribution,.+/-.range)","propagated error including uncertainties on S, Mg/Ca","Uncertainty magnitude present; type missing or not handled by this mapping"
"boron_isotopes_guillermic_2022.xlsx",67,"BY: type.of.uncertainty.(e.g.,.set.value,.normal.distribution,.+/-.range)","propagated error including uncertainties on S, Mg/Ca","Uncertainty magnitude present; type missing or not handled by this mapping"
"boron_isotopes_guillermic_2022.xlsx",68,"BY: type.of.uncertainty.(e.g.,.set.value,.normal.distribution,.+/-.range)","propagated error including uncertainties on S, Mg/Ca","Uncertainty magnitude present; type missing or not handled by this mapping"
"boron_isotopes_guillermic_2022.xlsx",69,"BY: type.of.uncertainty.(e.g.,.set.value,.normal.distribution,.+/-.range)","propagated error including uncertainties on S, Mg/Ca","Uncertainty magnitude present; type missing or not handled by this mapping"
"boron_isotopes_guillermic_2022.xlsx",70,"BY: type.of.uncertainty.(e.g.,.set.value,.normal.distribution,.+/-.range)","propagated error including uncertainties on S, Mg/Ca","Uncertainty magnitude present; type missing or not handled by this mapping"
"boron_isotopes_guillermic_2022.xlsx",71,"BY: type.of.uncertainty.(e.g.,.set.value,.normal.distribution,.+/-.range)","propagated error including uncertainties on S, Mg/Ca","Uncertainty magnitude present; type missing or not handled by this mapping"
"boron_isotopes_guillermic_2022.xlsx",72,"BY: type.of.uncertainty.(e.g.,.set.value,.normal.distribution,.+/-.range)","propagated error including uncertainties on S, Mg/Ca","Uncertainty magnitude present; type missing or not handled by this mapping"
"boron_isotopes_guillermic_2022.xlsx",73,"BY: type.of.uncertainty.(e.g.,.set.value,.normal.distribution,.+/-.range)","propagated error including uncertainties on S, Mg/Ca","Uncertainty magnitude present; type missing or not handled by this mapping"
"boron_isotopes_guillermic_2022.xlsx",74,"BY: type.of.uncertainty.(e.g.,.set.value,.normal.distribution,.+/-.range)","propagated error including uncertainties on S, Mg/Ca","Uncertainty magnitude present; type missing or not handled by this mapping"
"boron_isotopes_guillermic_2022.xlsx",75,"BY: type.of.uncertainty.(e.g.,.set.value,.normal.distribution,.+/-.range)","propagated error including uncertainties on S, Mg/Ca","Uncertainty magnitude present; type missing or not handled by this mapping"
"boron_isotopes_guillermic_2022.xlsx",76,"BY: type.of.uncertainty.(e.g.,.set.value,.normal.distribution,.+/-.range)","propagated error including uncertainties on S, Mg/Ca","Uncertainty magnitude present; type missing or not handled by this mapping"
"boron_isotopes_guillermic_2022.xlsx",77,"BY: type.of.uncertainty.(e.g.,.set.value,.normal.distribution,.+/-.range)","propagated error including uncertainties on S, Mg/Ca","Uncertainty magnitude present; type missing or not handled by this mapping"
"boron_isotopes_guillermic_2022.xlsx",78,"BY: type.of.uncertainty.(e.g.,.set.value,.normal.distribution,.+/-.range)","propagated error including uncertainties on S, Mg/Ca","Uncertainty magnitude present; type missing or not handled by this mapping"
"boron_isotopes_guillermic_2022.xlsx",79,"BY: type.of.uncertainty.(e.g.,.set.value,.normal.distribution,.+/-.range)","propagated error including uncertainties on S, Mg/Ca","Uncertainty magnitude present; type missing or not handled by this mapping"
"boron_isotopes_guillermic_2022.xlsx",80,"BY: type.of.uncertainty.(e.g.,.set.value,.normal.distribution,.+/-.range)","propagated error including uncertainties on S, Mg/Ca","Uncertainty magnitude present; type missing or not handled by this mapping"
"boron_isotopes_guillermic_2022.xlsx",81,"BY: type.of.uncertainty.(e.g.,.set.value,.normal.distribution,.+/-.range)","propagated error including uncertainties on S, Mg/Ca","Uncertainty magnitude present; type missing or not handled by this mapping"
"boron_isotopes_guillermic_2022.xlsx",82,"BY: type.of.uncertainty.(e.g.,.set.value,.normal.distribution,.+/-.range)","propagated error including uncertainties on S, Mg/Ca","Uncertainty magnitude present; type missing or not handled by this mapping"
"boron_isotopes_guillermic_2022.xlsx",83,"BY: type.of.uncertainty.(e.g.,.set.value,.normal.distribution,.+/-.range)","propagated error including uncertainties on S, Mg/Ca","Uncertainty magnitude present; type missing or not handled by this mapping"
"boron_isotopes_guillermic_2022.xlsx",84,"BY: type.of.uncertainty.(e.g.,.set.value,.normal.distribution,.+/-.range)","propagated error including uncertainties on S, Mg/Ca","Uncertainty magnitude present; type missing or not handled by this mapping"
"boron_isotopes_guillermic_2022.xlsx",85,"BY: type.of.uncertainty.(e.g.,.set.value,.normal.distribution,.+/-.range)","propagated error including uncertainties on S, Mg/Ca","Uncertainty magnitude present; type missing or not handled by this mapping"
"boron_isotopes_guillermic_2022.xlsx",86,"BY: type.of.uncertainty.(e.g.,.set.value,.normal.distribution,.+/-.range)","propagated error including uncertainties on S, Mg/Ca","Uncertainty magnitude present; type missing or not handled by this mapping"
"boron_isotopes_guillermic_2022.xlsx",87,"BY: type.of.uncertainty.(e.g.,.set.value,.normal.distribution,.+/-.range)","propagated error including uncertainties on S, Mg/Ca","Uncertainty magnitude present; type missing or not handled by this mapping"
"boron_isotopes_guillermic_2022.xlsx",88,"BY: type.of.uncertainty.(e.g.,.set.value,.normal.distribution,.+/-.range)","propagated error including uncertainties on S, Mg/Ca","Uncertainty magnitude present; type missing or not handled by this mapping"
"boron_isotopes_guillermic_2022.xlsx",89,"BY: type.of.uncertainty.(e.g.,.set.value,.normal.distribution,.+/-.range)","propagated error including uncertainties on S, Mg/Ca","Uncertainty magnitude present; type missing or not handled by this mapping"
"boron_isotopes_guillermic_2022.xlsx",90,"BY: type.of.uncertainty.(e.g.,.set.value,.normal.distribution,.+/-.range)","propagated error including uncertainties on S, Mg/Ca","Uncertainty magnitude present; type missing or not handled by this mapping"
"boron_isotopes_guillermic_2022.xlsx",91,"BY: type.of.uncertainty.(e.g.,.set.value,.normal.distribution,.+/-.range)","propagated error including uncertainties on S, Mg/Ca","Uncertainty magnitude present; type missing or not handled by this mapping"
"boron_isotopes_guillermic_2022.xlsx",92,"BY: type.of.uncertainty.(e.g.,.set.value,.normal.distribution,.+/-.range)","propagated error including uncertainties on S, Mg/Ca","Uncertainty magnitude present; type missing or not handled by this mapping"
"boron_isotopes_guillermic_2022.xlsx",93,"BY: type.of.uncertainty.(e.g.,.set.value,.normal.distribution,.+/-.range)","propagated error including uncertainties on pH, S, Mg/Ca, same error was applied for positive and negative values","Uncertainty magnitude present; type missing or not handled by this mapping"
"boron_isotopes_guillermic_2022.xlsx",94,"BY: type.of.uncertainty.(e.g.,.set.value,.normal.distribution,.+/-.range)","propagated error including uncertainties on pH, S, Mg/Ca / same error was applied for positive and negative values","Uncertainty magnitude present; type missing or not handled by this mapping"
"boron_isotopes_guillermic_2022.xlsx",95,"BY: type.of.uncertainty.(e.g.,.set.value,.normal.distribution,.+/-.range)","propagated error including uncertainties on pH, S, Mg/Ca / same error was applied for positive and negative values","Uncertainty magnitude present; type missing or not handled by this mapping"
"boron_isotopes_guillermic_2022.xlsx",96,"BY: type.of.uncertainty.(e.g.,.set.value,.normal.distribution,.+/-.range)","propagated error including uncertainties on pH, S, Mg/Ca / same error was applied for positive and negative values","Uncertainty magnitude present; type missing or not handled by this mapping"
"boron_isotopes_guillermic_2022.xlsx",97,"BY: type.of.uncertainty.(e.g.,.set.value,.normal.distribution,.+/-.range)","propagated error including uncertainties on pH, S, Mg/Ca / same error was applied for positive and negative values","Uncertainty magnitude present; type missing or not handled by this mapping"
"boron_isotopes_guillermic_2022.xlsx",98,"BY: type.of.uncertainty.(e.g.,.set.value,.normal.distribution,.+/-.range)","propagated error including uncertainties on pH, S, Mg/Ca / same error was applied for positive and negative values","Uncertainty magnitude present; type missing or not handled by this mapping"
"boron_isotopes_guillermic_2022.xlsx",99,"BY: type.of.uncertainty.(e.g.,.set.value,.normal.distribution,.+/-.range)","propagated error including uncertainties on pH, S, Mg/Ca / same error was applied for positive and negative values","Uncertainty magnitude present; type missing or not handled by this mapping"
"boron_isotopes_guillermic_2022.xlsx",100,"BY: type.of.uncertainty.(e.g.,.set.value,.normal.distribution,.+/-.range)","propagated error including uncertainties on pH, S, Mg/Ca / same error was applied for positive and negative values","Uncertainty magnitude present; type missing or not handled by this mapping"
"boron_isotopes_guillermic_2022.xlsx",101,"BY: type.of.uncertainty.(e.g.,.set.value,.normal.distribution,.+/-.range)","propagated error including uncertainties on pH, S, Mg/Ca / same error was applied for positive and negative values","Uncertainty magnitude present; type missing or not handled by this mapping"
"boron_isotopes_guillermic_2022.xlsx",102,"BY: type.of.uncertainty.(e.g.,.set.value,.normal.distribution,.+/-.range)","propagated error including uncertainties on pH, S, Mg/Ca / same error was applied for positive and negative values","Uncertainty magnitude present; type missing or not handled by this mapping"
"boron_isotopes_guillermic_2022.xlsx",103,"BY: type.of.uncertainty.(e.g.,.set.value,.normal.distribution,.+/-.range)","propagated error including uncertainties on pH, S, Mg/Ca / same error was applied for positive and negative values","Uncertainty magnitude present; type missing or not handled by this mapping"
"boron_isotopes_guillermic_2022.xlsx",104,"BY: type.of.uncertainty.(e.g.,.set.value,.normal.distribution,.+/-.range)","propagated error including uncertainties on pH, S, Mg/Ca / same error was applied for positive and negative values","Uncertainty magnitude present; type missing or not handled by this mapping"
"boron_isotopes_guillermic_2022.xlsx",105,"BY: type.of.uncertainty.(e.g.,.set.value,.normal.distribution,.+/-.range)","propagated error including uncertainties on pH, S, Mg/Ca / same error was applied for positive and negative values","Uncertainty magnitude present; type missing or not handled by this mapping"
"boron_isotopes_guillermic_2022.xlsx",106,"BY: type.of.uncertainty.(e.g.,.set.value,.normal.distribution,.+/-.range)","propagated error including uncertainties on pH, S, Mg/Ca / same error was applied for positive and negative values","Uncertainty magnitude present; type missing or not handled by this mapping"
"boron_isotopes_guillermic_2022.xlsx",107,"BY: type.of.uncertainty.(e.g.,.set.value,.normal.distribution,.+/-.range)","propagated error including uncertainties on pH, S, Mg/Ca / same error was applied for positive and negative values","Uncertainty magnitude present; type missing or not handled by this mapping"
"boron_isotopes_guillermic_2022.xlsx",108,"BY: type.of.uncertainty.(e.g.,.set.value,.normal.distribution,.+/-.range)","propagated error including uncertainties on pH, S, Mg/Ca / same error was applied for positive and negative values","Uncertainty magnitude present; type missing or not handled by this mapping"
"boron_isotopes_guillermic_2022.xlsx",109,"BY: type.of.uncertainty.(e.g.,.set.value,.normal.distribution,.+/-.range)","propagated error including uncertainties on pH, S, Mg/Ca / same error was applied for positive and negative values","Uncertainty magnitude present; type missing or not handled by this mapping"
"boron_isotopes_guillermic_2022.xlsx",110,"BY: type.of.uncertainty.(e.g.,.set.value,.normal.distribution,.+/-.range)","propagated error including uncertainties on pH, S, Mg/Ca / same error was applied for positive and negative values","Uncertainty magnitude present; type missing or not handled by this mapping"
"boron_isotopes_guillermic_2022.xlsx",111,"BY: type.of.uncertainty.(e.g.,.set.value,.normal.distribution,.+/-.range)","propagated error including uncertainties on pH, S, Mg/Ca / same error was applied for positive and negative values","Uncertainty magnitude present; type missing or not handled by this mapping"
"boron_isotopes_guillermic_2022.xlsx",112,"BY: type.of.uncertainty.(e.g.,.set.value,.normal.distribution,.+/-.range)","propagated error including uncertainties on pH, S, Mg/Ca / same error was applied for positive and negative values","Uncertainty magnitude present; type missing or not handled by this mapping"
"boron_isotopes_guillermic_2022.xlsx",113,"BY: type.of.uncertainty.(e.g.,.set.value,.normal.distribution,.+/-.range)","propagated error including uncertainties on pH, S, Mg/Ca / same error was applied for positive and negative values","Uncertainty magnitude present; type missing or not handled by this mapping"
"boron_isotopes_guillermic_2022.xlsx",114,"BY: type.of.uncertainty.(e.g.,.set.value,.normal.distribution,.+/-.range)","propagated error including uncertainties on pH, S, Mg/Ca / same error was applied for positive and negative values","Uncertainty magnitude present; type missing or not handled by this mapping"
"boron_isotopes_guillermic_2022.xlsx",115,"BY: type.of.uncertainty.(e.g.,.set.value,.normal.distribution,.+/-.range)","propagated error including uncertainties on pH, S, Mg/Ca / same error was applied for positive and negative values","Uncertainty magnitude present; type missing or not handled by this mapping"
"boron_isotopes_guillermic_2022.xlsx",116,"BY: type.of.uncertainty.(e.g.,.set.value,.normal.distribution,.+/-.range)","propagated error including uncertainties on pH, S, Mg/Ca / same error was applied for positive and negative values","Uncertainty magnitude present; type missing or not handled by this mapping"
"boron_isotopes_guillermic_2022.xlsx",117,"BY: type.of.uncertainty.(e.g.,.set.value,.normal.distribution,.+/-.range)","propagated error including uncertainties on pH, S, Mg/Ca / same error was applied for positive and negative values","Uncertainty magnitude present; type missing or not handled by this mapping"
"boron_isotopes_guillermic_2022.xlsx",118,"BY: type.of.uncertainty.(e.g.,.set.value,.normal.distribution,.+/-.range)","propagated error including uncertainties on S, Mg/Ca","Uncertainty magnitude present; type missing or not handled by this mapping"
"boron_isotopes_guillermic_2022.xlsx",119,"BY: type.of.uncertainty.(e.g.,.set.value,.normal.distribution,.+/-.range)","propagated error including uncertainties on S, Mg/Ca","Uncertainty magnitude present; type missing or not handled by this mapping"
"boron_isotopes_guillermic_2022.xlsx",120,"BY: type.of.uncertainty.(e.g.,.set.value,.normal.distribution,.+/-.range)","propagated error including uncertainties on S, Mg/Ca","Uncertainty magnitude present; type missing or not handled by this mapping"
"boron_isotopes_guillermic_2022.xlsx",121,"BY: type.of.uncertainty.(e.g.,.set.value,.normal.distribution,.+/-.range)","propagated error including uncertainties on S, Mg/Ca","Uncertainty magnitude present; type missing or not handled by this mapping"
"boron_isotopes_guillermic_2022.xlsx",122,"BY: type.of.uncertainty.(e.g.,.set.value,.normal.distribution,.+/-.range)","propagated error including uncertainties on S, Mg/Ca","Uncertainty magnitude present; type missing or not handled by this mapping"
"boron_isotopes_guillermic_2022.xlsx",123,"BY: type.of.uncertainty.(e.g.,.set.value,.normal.distribution,.+/-.range)","propagated error including uncertainties on S, Mg/Ca","Uncertainty magnitude present; type missing or not handled by this mapping"
"boron_isotopes_guillermic_2022.xlsx",124,"BY: type.of.uncertainty.(e.g.,.set.value,.normal.distribution,.+/-.range)","propagated error including uncertainties on S, Mg/Ca","Uncertainty magnitude present; type missing or not handled by this mapping"
"boron_isotopes_guillermic_2022.xlsx",125,"BY: type.of.uncertainty.(e.g.,.set.value,.normal.distribution,.+/-.range)","propagated error including uncertainties on S, Mg/Ca","Uncertainty magnitude present; type missing or not handled by this mapping"
"boron_isotopes_guillermic_2022.xlsx",126,"BY: type.of.uncertainty.(e.g.,.set.value,.normal.distribution,.+/-.range)","propagated error including uncertainties on S, Mg/Ca","Uncertainty magnitude present; type missing or not handled by this mapping"
"boron_isotopes_guillermic_2022.xlsx",127,"BY: type.of.uncertainty.(e.g.,.set.value,.normal.distribution,.+/-.range)","propagated error including uncertainties on S, Mg/Ca","Uncertainty magnitude present; type missing or not handled by this mapping"
"boron_isotopes_guillermic_2022.xlsx",128,"BY: type.of.uncertainty.(e.g.,.set.value,.normal.distribution,.+/-.range)","propagated error including uncertainties on S, Mg/Ca","Uncertainty magnitude present; type missing or not handled by this mapping"
"boron_isotopes_guillermic_2022.xlsx",129,"BY: type.of.uncertainty.(e.g.,.set.value,.normal.distribution,.+/-.range)","propagated error including uncertainties on S, Mg/Ca","Uncertainty magnitude present; type missing or not handled by this mapping"
"boron_isotopes_guillermic_2022.xlsx",130,"BY: type.of.uncertainty.(e.g.,.set.value,.normal.distribution,.+/-.range)","propagated error including uncertainties on S, Mg/Ca","Uncertainty magnitude present; type missing or not handled by this mapping"
"boron_isotopes_guillermic_2022.xlsx",131,"BY: type.of.uncertainty.(e.g.,.set.value,.normal.distribution,.+/-.range)","propagated error including uncertainties on S, Mg/Ca","Uncertainty magnitude present; type missing or not handled by this mapping"
"boron_isotopes_guillermic_2022.xlsx",132,"BY: type.of.uncertainty.(e.g.,.set.value,.normal.distribution,.+/-.range)","propagated error including uncertainties on S, Mg/Ca","Uncertainty magnitude present; type missing or not handled by this mapping"
"boron_isotopes_guillermic_2022.xlsx",133,"BY: type.of.uncertainty.(e.g.,.set.value,.normal.distribution,.+/-.range)","propagated error including uncertainties on S, Mg/Ca","Uncertainty magnitude present; type missing or not handled by this mapping"
"boron_isotopes_guillermic_2022.xlsx",134,"BY: type.of.uncertainty.(e.g.,.set.value,.normal.distribution,.+/-.range)","propagated error including uncertainties on S, Mg/Ca","Uncertainty magnitude present; type missing or not handled by this mapping"
"boron_isotopes_guillermic_2022.xlsx",135,"BY: type.of.uncertainty.(e.g.,.set.value,.normal.distribution,.+/-.range)","propagated error including uncertainties on S, Mg/Ca","Uncertainty magnitude present; type missing or not handled by this mapping"
"boron_isotopes_guillermic_2022.xlsx",136,"BY: type.of.uncertainty.(e.g.,.set.value,.normal.distribution,.+/-.range)","propagated error including uncertainties on S, Mg/Ca","Uncertainty magnitude present; type missing or not handled by this mapping"
"boron_isotopes_guillermic_2022.xlsx",137,"BY: type.of.uncertainty.(e.g.,.set.value,.normal.distribution,.+/-.range)","propagated error including uncertainties on S, Mg/Ca","Uncertainty magnitude present; type missing or not handled by this mapping"
"boron_isotopes_guillermic_2022.xlsx",138,"BY: type.of.uncertainty.(e.g.,.set.value,.normal.distribution,.+/-.range)","propagated error including uncertainties on S, Mg/Ca","Uncertainty magnitude present; type missing or not handled by this mapping"
"boron_isotopes_guillermic_2022.xlsx",139,"BY: type.of.uncertainty.(e.g.,.set.value,.normal.distribution,.+/-.range)","propagated error including uncertainties on S, Mg/Ca","Uncertainty magnitude present; type missing or not handled by this mapping"
"boron_isotopes_guillermic_2022.xlsx",140,"BY: type.of.uncertainty.(e.g.,.set.value,.normal.distribution,.+/-.range)","propagated error including uncertainties on S, Mg/Ca","Uncertainty magnitude present; type missing or not handled by this mapping"
"boron_isotopes_guillermic_2022.xlsx",141,"BY: type.of.uncertainty.(e.g.,.set.value,.normal.distribution,.+/-.range)","propagated error including uncertainties on S, Mg/Ca","Uncertainty magnitude present; type missing or not handled by this mapping"
"boron_isotopes_guillermic_2022.xlsx",142,"BY: type.of.uncertainty.(e.g.,.set.value,.normal.distribution,.+/-.range)","propagated error including uncertainties on S, Mg/Ca","Uncertainty magnitude present; type missing or not handled by this mapping"
"boron_isotopes_guillermic_2022.xlsx",143,"BY: type.of.uncertainty.(e.g.,.set.value,.normal.distribution,.+/-.range)","propagated error including uncertainties on S, Mg/Ca","Uncertainty magnitude present; type missing or not handled by this mapping"
"boron_isotopes_guillermic_2022.xlsx",144,"BY: type.of.uncertainty.(e.g.,.set.value,.normal.distribution,.+/-.range)","propagated error including uncertainties on S, Mg/Ca","Uncertainty magnitude present; type missing or not handled by this mapping"
"boron_isotopes_guillermic_2022.xlsx",145,"BY: type.of.uncertainty.(e.g.,.set.value,.normal.distribution,.+/-.range)","propagated error including uncertainties on S, Mg/Ca","Uncertainty magnitude present; type missing or not handled by this mapping"
"boron_isotopes_guillermic_2022.xlsx",146,"BY: type.of.uncertainty.(e.g.,.set.value,.normal.distribution,.+/-.range)","propagated error including uncertainties on S, Mg/Ca","Uncertainty magnitude present; type missing or not handled by this mapping"
"boron_isotopes_guillermic_2022.xlsx",147,"BY: type.of.uncertainty.(e.g.,.set.value,.normal.distribution,.+/-.range)","propagated error including uncertainties on S, Mg/Ca","Uncertainty magnitude present; type missing or not handled by this mapping"
"boron_isotopes_guillermic_2022.xlsx",148,"BY: type.of.uncertainty.(e.g.,.set.value,.normal.distribution,.+/-.range)","propagated error including uncertainties on S, Mg/Ca","Uncertainty magnitude present; type missing or not handled by this mapping"
"boron_isotopes_guillermic_2022.xlsx",149,"BY: type.of.uncertainty.(e.g.,.set.value,.normal.distribution,.+/-.range)","propagated error including uncertainties on S, Mg/Ca","Uncertainty magnitude present; type missing or not handled by this mapping"
"boron_isotopes_guillermic_2022.xlsx",150,"BY: type.of.uncertainty.(e.g.,.set.value,.normal.distribution,.+/-.range)","propagated error including uncertainties on S, Mg/Ca","Uncertainty magnitude present; type missing or not handled by this mapping"
"boron_isotopes_guillermic_2022.xlsx",151,"BY: type.of.uncertainty.(e.g.,.set.value,.normal.distribution,.+/-.range)","propagated error including uncertainties on S, Mg/Ca","Uncertainty magnitude present; type missing or not handled by this mapping"
"boron_isotopes_guillermic_2022.xlsx",152,"BY: type.of.uncertainty.(e.g.,.set.value,.normal.distribution,.+/-.range)","propagated error including uncertainties on S, Mg/Ca","Uncertainty magnitude present; type missing or not handled by this mapping"
"boron_isotopes_guillermic_2022.xlsx",153,"BY: type.of.uncertainty.(e.g.,.set.value,.normal.distribution,.+/-.range)","propagated error including uncertainties on S, Mg/Ca","Uncertainty magnitude present; type missing or not handled by this mapping"
"boron_isotopes_guillermic_2022.xlsx",154,"BY: type.of.uncertainty.(e.g.,.set.value,.normal.distribution,.+/-.range)","propagated error including uncertainties on S, Mg/Ca","Uncertainty magnitude present; type missing or not handled by this mapping"
"boron_isotopes_guillermic_2022.xlsx",155,"BY: type.of.uncertainty.(e.g.,.set.value,.normal.distribution,.+/-.range)","propagated error including uncertainties on S, Mg/Ca","Uncertainty magnitude present; type missing or not handled by this mapping"
"boron_isotopes_guillermic_2022.xlsx",156,"BY: type.of.uncertainty.(e.g.,.set.value,.normal.distribution,.+/-.range)","propagated error including uncertainties on S, Mg/Ca","Uncertainty magnitude present; type missing or not handled by this mapping"
"boron_isotopes_guillermic_2022.xlsx",157,"BY: type.of.uncertainty.(e.g.,.set.value,.normal.distribution,.+/-.range)","propagated error including uncertainties on S, Mg/Ca","Uncertainty magnitude present; type missing or not handled by this mapping"
"boron_isotopes_guillermic_2022.xlsx",158,"BY: type.of.uncertainty.(e.g.,.set.value,.normal.distribution,.+/-.range)","propagated error including uncertainties on S, Mg/Ca","Uncertainty magnitude present; type missing or not handled by this mapping"
"boron_isotopes_guillermic_2022.xlsx",159,"BY: type.of.uncertainty.(e.g.,.set.value,.normal.distribution,.+/-.range)","propagated error including uncertainties on S, Mg/Ca","Uncertainty magnitude present; type missing or not handled by this mapping"
"boron_isotopes_guillermic_2022.xlsx",160,"BY: type.of.uncertainty.(e.g.,.set.value,.normal.distribution,.+/-.range)","propagated error including uncertainties on S, Mg/Ca","Uncertainty magnitude present; type missing or not handled by this mapping"
"boron_isotopes_guillermic_2022.xlsx",161,"BY: type.of.uncertainty.(e.g.,.set.value,.normal.distribution,.+/-.range)","propagated error including uncertainties on S, Mg/Ca","Uncertainty magnitude present; type missing or not handled by this mapping"
"boron_isotopes_guillermic_2022.xlsx",162,"BY: type.of.uncertainty.(e.g.,.set.value,.normal.distribution,.+/-.range)","propagated error including uncertainties on S, Mg/Ca","Uncertainty magnitude present; type missing or not handled by this mapping"
"boron_isotopes_guillermic_2022.xlsx",163,"BY: type.of.uncertainty.(e.g.,.set.value,.normal.distribution,.+/-.range)","propagated error including uncertainties on S, Mg/Ca","Uncertainty magnitude present; type missing or not handled by this mapping"
"boron_isotopes_guillermic_2022.xlsx",164,"BY: type.of.uncertainty.(e.g.,.set.value,.normal.distribution,.+/-.range)","propagated error including uncertainties on S, Mg/Ca","Uncertainty magnitude present; type missing or not handled by this mapping"
"boron_isotopes_guillermic_2022.xlsx",165,"BY: type.of.uncertainty.(e.g.,.set.value,.normal.distribution,.+/-.range)","propagated error including uncertainties on S, Mg/Ca","Uncertainty magnitude present; type missing or not handled by this mapping"
"boron_isotopes_guillermic_2022.xlsx",166,"BY: type.of.uncertainty.(e.g.,.set.value,.normal.distribution,.+/-.range)","propagated error including uncertainties on S, Mg/Ca","Uncertainty magnitude present; type missing or not handled by this mapping"
"boron_isotopes_guillermic_2022.xlsx",167,"BY: type.of.uncertainty.(e.g.,.set.value,.normal.distribution,.+/-.range)","propagated error including uncertainties on S, Mg/Ca","Uncertainty magnitude present; type missing or not handled by this mapping"
"boron_isotopes_guillermic_2022.xlsx",168,"BY: type.of.uncertainty.(e.g.,.set.value,.normal.distribution,.+/-.range)","propagated error including uncertainties on S, Mg/Ca","Uncertainty magnitude present; type missing or not handled by this mapping"
"boron_isotopes_guillermic_2022.xlsx",169,"BY: type.of.uncertainty.(e.g.,.set.value,.normal.distribution,.+/-.range)","propagated error including uncertainties on S, Mg/Ca","Uncertainty magnitude present; type missing or not handled by this mapping"
"boron_isotopes_guillermic_2022.xlsx",170,"BY: type.of.uncertainty.(e.g.,.set.value,.normal.distribution,.+/-.range)","propagated error including uncertainties on S, Mg/Ca","Uncertainty magnitude present; type missing or not handled by this mapping"
"boron_isotopes_guillermic_2022.xlsx",171,"BY: type.of.uncertainty.(e.g.,.set.value,.normal.distribution,.+/-.range)","propagated error including uncertainties on S, Mg/Ca","Uncertainty magnitude present; type missing or not handled by this mapping"
"boron_isotopes_guillermic_2022.xlsx",172,"BY: type.of.uncertainty.(e.g.,.set.value,.normal.distribution,.+/-.range)","propagated error including uncertainties on S, Mg/Ca","Uncertainty magnitude present; type missing or not handled by this mapping"
"boron_isotopes_guillermic_2022.xlsx",173,"BY: type.of.uncertainty.(e.g.,.set.value,.normal.distribution,.+/-.range)","propagated error including uncertainties on S, Mg/Ca","Uncertainty magnitude present; type missing or not handled by this mapping"
"boron_isotopes_guillermic_2022.xlsx",174,"BY: type.of.uncertainty.(e.g.,.set.value,.normal.distribution,.+/-.range)","propagated error including uncertainties on S, Mg/Ca","Uncertainty magnitude present; type missing or not handled by this mapping"
"boron_isotopes_guillermic_2022.xlsx",175,"BY: type.of.uncertainty.(e.g.,.set.value,.normal.distribution,.+/-.range)","propagated error including uncertainties on S, Mg/Ca","Uncertainty magnitude present; type missing or not handled by this mapping"
"boron_isotopes_guillermic_2022.xlsx",176,"BY: type.of.uncertainty.(e.g.,.set.value,.normal.distribution,.+/-.range)","propagated error including uncertainties on S, Mg/Ca","Uncertainty magnitude present; type missing or not handled by this mapping"
"boron_isotopes_guillermic_2022.xlsx",177,"BY: type.of.uncertainty.(e.g.,.set.value,.normal.distribution,.+/-.range)","propagated error including uncertainties on S, Mg/Ca","Uncertainty magnitude present; type missing or not handled by this mapping"
"boron_isotopes_guillermic_2022.xlsx",178,"BY: type.of.uncertainty.(e.g.,.set.value,.normal.distribution,.+/-.range)","propagated error including uncertainties on S, Mg/Ca","Uncertainty magnitude present; type missing or not handled by this mapping"
"boron_isotopes_guillermic_2022.xlsx",179,"BY: type.of.uncertainty.(e.g.,.set.value,.normal.distribution,.+/-.range)","propagated error including uncertainties on S, Mg/Ca","Uncertainty magnitude present; type missing or not handled by this mapping"
"boron_isotopes_guillermic_2022.xlsx",180,"BY: type.of.uncertainty.(e.g.,.set.value,.normal.distribution,.+/-.range)","propagated error including uncertainties on S, Mg/Ca","Uncertainty magnitude present; type missing or not handled by this mapping"
"boron_isotopes_guillermic_2022.xlsx",181,"BY: type.of.uncertainty.(e.g.,.set.value,.normal.distribution,.+/-.range)","propagated error including uncertainties on S, Mg/Ca","Uncertainty magnitude present; type missing or not handled by this mapping"
"boron_isotopes_guillermic_2022.xlsx",182,"BY: type.of.uncertainty.(e.g.,.set.value,.normal.distribution,.+/-.range)","propagated error including uncertainties on pH, S, Mg/Ca, same error was applied for positive and negative values","Uncertainty magnitude present; type missing or not handled by this mapping"
"boron_isotopes_guillermic_2022.xlsx",183,"BY: type.of.uncertainty.(e.g.,.set.value,.normal.distribution,.+/-.range)","propagated error including uncertainties on pH, S, Mg/Ca / same error was applied for positive and negative values","Uncertainty magnitude present; type missing or not handled by this mapping"
"boron_isotopes_guillermic_2022.xlsx",184,"BY: type.of.uncertainty.(e.g.,.set.value,.normal.distribution,.+/-.range)","propagated error including uncertainties on pH, S, Mg/Ca / same error was applied for positive and negative values","Uncertainty magnitude present; type missing or not handled by this mapping"
"boron_isotopes_guillermic_2022.xlsx",185,"BY: type.of.uncertainty.(e.g.,.set.value,.normal.distribution,.+/-.range)","propagated error including uncertainties on pH, S, Mg/Ca / same error was applied for positive and negative values","Uncertainty magnitude present; type missing or not handled by this mapping"
"boron_isotopes_guillermic_2022.xlsx",186,"BY: type.of.uncertainty.(e.g.,.set.value,.normal.distribution,.+/-.range)","propagated error including uncertainties on pH, S, Mg/Ca / same error was applied for positive and negative values","Uncertainty magnitude present; type missing or not handled by this mapping"
"boron_isotopes_guillermic_2022.xlsx",187,"BY: type.of.uncertainty.(e.g.,.set.value,.normal.distribution,.+/-.range)","propagated error including uncertainties on pH, S, Mg/Ca / same error was applied for positive and negative values","Uncertainty magnitude present; type missing or not handled by this mapping"
"boron_isotopes_guillermic_2022.xlsx",188,"BY: type.of.uncertainty.(e.g.,.set.value,.normal.distribution,.+/-.range)","propagated error including uncertainties on pH, S, Mg/Ca / same error was applied for positive and negative values","Uncertainty magnitude present; type missing or not handled by this mapping"
"boron_isotopes_guillermic_2022.xlsx",189,"BY: type.of.uncertainty.(e.g.,.set.value,.normal.distribution,.+/-.range)","propagated error including uncertainties on pH, S, Mg/Ca / same error was applied for positive and negative values","Uncertainty magnitude present; type missing or not handled by this mapping"
"boron_isotopes_guillermic_2022.xlsx",190,"BY: type.of.uncertainty.(e.g.,.set.value,.normal.distribution,.+/-.range)","propagated error including uncertainties on pH, S, Mg/Ca / same error was applied for positive and negative values","Uncertainty magnitude present; type missing or not handled by this mapping"
"boron_isotopes_guillermic_2022.xlsx",191,"BY: type.of.uncertainty.(e.g.,.set.value,.normal.distribution,.+/-.range)","propagated error including uncertainties on pH, S, Mg/Ca / same error was applied for positive and negative values","Uncertainty magnitude present; type missing or not handled by this mapping"
"boron_isotopes_guillermic_2022.xlsx",192,"BY: type.of.uncertainty.(e.g.,.set.value,.normal.distribution,.+/-.range)","propagated error including uncertainties on pH, S, Mg/Ca / same error was applied for positive and negative values","Uncertainty magnitude present; type missing or not handled by this mapping"
"boron_isotopes_guillermic_2022.xlsx",193,"BY: type.of.uncertainty.(e.g.,.set.value,.normal.distribution,.+/-.range)","propagated error including uncertainties on pH, S, Mg/Ca / same error was applied for positive and negative values","Uncertainty magnitude present; type missing or not handled by this mapping"
"boron_isotopes_guillermic_2022.xlsx",194,"BY: type.of.uncertainty.(e.g.,.set.value,.normal.distribution,.+/-.range)","propagated error including uncertainties on pH, S, Mg/Ca / same error was applied for positive and negative values","Uncertainty magnitude present; type missing or not handled by this mapping"
"boron_isotopes_guillermic_2022.xlsx",195,"BY: type.of.uncertainty.(e.g.,.set.value,.normal.distribution,.+/-.range)","propagated error including uncertainties on pH, S, Mg/Ca / same error was applied for positive and negative values","Uncertainty magnitude present; type missing or not handled by this mapping"
"boron_isotopes_guillermic_2022.xlsx",196,"BY: type.of.uncertainty.(e.g.,.set.value,.normal.distribution,.+/-.range)","propagated error including uncertainties on pH, S, Mg/Ca / same error was applied for positive and negative values","Uncertainty magnitude present; type missing or not handled by this mapping"
"boron_isotopes_guillermic_2022.xlsx",197,"BY: type.of.uncertainty.(e.g.,.set.value,.normal.distribution,.+/-.range)","propagated error including uncertainties on pH, S, Mg/Ca / same error was applied for positive and negative values","Uncertainty magnitude present; type missing or not handled by this mapping"
"boron_isotopes_guillermic_2022.xlsx",198,"BY: type.of.uncertainty.(e.g.,.set.value,.normal.distribution,.+/-.range)","propagated error including uncertainties on pH, S, Mg/Ca / same error was applied for positive and negative values","Uncertainty magnitude present; type missing or not handled by this mapping"
"boron_isotopes_guillermic_2022.xlsx",199,"BY: type.of.uncertainty.(e.g.,.set.value,.normal.distribution,.+/-.range)","propagated error including uncertainties on pH, S, Mg/Ca / same error was applied for positive and negative values","Uncertainty magnitude present; type missing or not handled by this mapping"
"boron_isotopes_guillermic_2022.xlsx",200,"BY: type.of.uncertainty.(e.g.,.set.value,.normal.distribution,.+/-.range)","propagated error including uncertainties on pH, S, Mg/Ca / same error was applied for positive and negative values","Uncertainty magnitude present; type missing or not handled by this mapping"
"boron_isotopes_guillermic_2022.xlsx",201,"BY: type.of.uncertainty.(e.g.,.set.value,.normal.distribution,.+/-.range)","propagated error including uncertainties on pH, S, Mg/Ca / same error was applied for positive and negative values","Uncertainty magnitude present; type missing or not handled by this mapping"
"boron_isotopes_guillermic_2022.xlsx",202,"BY: type.of.uncertainty.(e.g.,.set.value,.normal.distribution,.+/-.range)","propagated error including uncertainties on pH, S, Mg/Ca / same error was applied for positive and negative values","Uncertainty magnitude present; type missing or not handled by this mapping"
"boron_isotopes_guillermic_2022.xlsx",203,"BY: type.of.uncertainty.(e.g.,.set.value,.normal.distribution,.+/-.range)","propagated error including uncertainties on pH, S, Mg/Ca / same error was applied for positive and negative values","Uncertainty magnitude present; type missing or not handled by this mapping"
"boron_isotopes_guillermic_2022.xlsx",204,"BY: type.of.uncertainty.(e.g.,.set.value,.normal.distribution,.+/-.range)","propagated error including uncertainties on pH, S, Mg/Ca / same error was applied for positive and negative values","Uncertainty magnitude present; type missing or not handled by this mapping"
"boron_isotopes_guillermic_2022.xlsx",205,"BY: type.of.uncertainty.(e.g.,.set.value,.normal.distribution,.+/-.range)","propagated error including uncertainties on pH, S, Mg/Ca / same error was applied for positive and negative values","Uncertainty magnitude present; type missing or not handled by this mapping"
"boron_isotopes_guillermic_2022.xlsx",206,"BY: type.of.uncertainty.(e.g.,.set.value,.normal.distribution,.+/-.range)","propagated error including uncertainties on pH, S, Mg/Ca / same error was applied for positive and negative values","Uncertainty magnitude present; type missing or not handled by this mapping"
"boron_isotopes_guillermic_2022.xlsx",207,"BY: type.of.uncertainty.(e.g.,.set.value,.normal.distribution,.+/-.range)","propagated error including uncertainties on S, Mg/Ca","Uncertainty magnitude present; type missing or not handled by this mapping"
"boron_isotopes_guillermic_2022.xlsx",208,"BY: type.of.uncertainty.(e.g.,.set.value,.normal.distribution,.+/-.range)","propagated error including uncertainties on S, Mg/Ca","Uncertainty magnitude present; type missing or not handled by this mapping"
"boron_isotopes_guillermic_2022.xlsx",209,"BY: type.of.uncertainty.(e.g.,.set.value,.normal.distribution,.+/-.range)","propagated error including uncertainties on S, Mg/Ca","Uncertainty magnitude present; type missing or not handled by this mapping"
"boron_isotopes_guillermic_2022.xlsx",210,"BY: type.of.uncertainty.(e.g.,.set.value,.normal.distribution,.+/-.range)","propagated error including uncertainties on S, Mg/Ca","Uncertainty magnitude present; type missing or not handled by this mapping"
"boron_isotopes_guillermic_2022.xlsx",211,"BY: type.of.uncertainty.(e.g.,.set.value,.normal.distribution,.+/-.range)","propagated error including uncertainties on S, Mg/Ca","Uncertainty magnitude present; type missing or not handled by this mapping"
"boron_isotopes_guillermic_2022.xlsx",212,"BY: type.of.uncertainty.(e.g.,.set.value,.normal.distribution,.+/-.range)","propagated error including uncertainties on S, Mg/Ca","Uncertainty magnitude present; type missing or not handled by this mapping"
"boron_isotopes_guillermic_2022.xlsx",213,"BY: type.of.uncertainty.(e.g.,.set.value,.normal.distribution,.+/-.range)","propagated error including uncertainties on S, Mg/Ca","Uncertainty magnitude present; type missing or not handled by this mapping"
"boron_isotopes_guillermic_2022.xlsx",214,"BY: type.of.uncertainty.(e.g.,.set.value,.normal.distribution,.+/-.range)","propagated error including uncertainties on S, Mg/Ca","Uncertainty magnitude present; type missing or not handled by this mapping"
"boron_isotopes_guillermic_2022.xlsx",215,"BY: type.of.uncertainty.(e.g.,.set.value,.normal.distribution,.+/-.range)","propagated error including uncertainties on S, Mg/Ca","Uncertainty magnitude present; type missing or not handled by this mapping"
"boron_isotopes_guillermic_2022.xlsx",216,"BY: type.of.uncertainty.(e.g.,.set.value,.normal.distribution,.+/-.range)","propagated error including uncertainties on S, Mg/Ca","Uncertainty magnitude present; type missing or not handled by this mapping"
"boron_isotopes_guillermic_2022.xlsx",217,"BY: type.of.uncertainty.(e.g.,.set.value,.normal.distribution,.+/-.range)","propagated error including uncertainties on S, Mg/Ca","Uncertainty magnitude present; type missing or not handled by this mapping"
"boron_isotopes_guillermic_2022.xlsx",218,"BY: type.of.uncertainty.(e.g.,.set.value,.normal.distribution,.+/-.range)","propagated error including uncertainties on S, Mg/Ca","Uncertainty magnitude present; type missing or not handled by this mapping"
"boron_isotopes_guillermic_2022.xlsx",219,"BY: type.of.uncertainty.(e.g.,.set.value,.normal.distribution,.+/-.range)","propagated error including uncertainties on S, Mg/Ca","Uncertainty magnitude present; type missing or not handled by this mapping"
"boron_isotopes_guillermic_2022.xlsx",220,"BY: type.of.uncertainty.(e.g.,.set.value,.normal.distribution,.+/-.range)","propagated error including uncertainties on S, Mg/Ca","Uncertainty magnitude present; type missing or not handled by this mapping"
"boron_isotopes_guillermic_2022.xlsx",221,"BY: type.of.uncertainty.(e.g.,.set.value,.normal.distribution,.+/-.range)","propagated error including uncertainties on S, Mg/Ca","Uncertainty magnitude present; type missing or not handled by this mapping"
"boron_isotopes_guillermic_2022.xlsx",222,"BY: type.of.uncertainty.(e.g.,.set.value,.normal.distribution,.+/-.range)","propagated error including uncertainties on S, Mg/Ca","Uncertainty magnitude present; type missing or not handled by this mapping"
"boron_isotopes_guillermic_2022.xlsx",223,"BY: type.of.uncertainty.(e.g.,.set.value,.normal.distribution,.+/-.range)","propagated error including uncertainties on S, Mg/Ca","Uncertainty magnitude present; type missing or not handled by this mapping"
"boron_isotopes_guillermic_2022.xlsx",224,"BY: type.of.uncertainty.(e.g.,.set.value,.normal.distribution,.+/-.range)","propagated error including uncertainties on S, Mg/Ca","Uncertainty magnitude present; type missing or not handled by this mapping"
"boron_isotopes_guillermic_2022.xlsx",225,"BY: type.of.uncertainty.(e.g.,.set.value,.normal.distribution,.+/-.range)","propagated error including uncertainties on S, Mg/Ca","Uncertainty magnitude present; type missing or not handled by this mapping"
"boron_isotopes_guillermic_2022.xlsx",226,"BY: type.of.uncertainty.(e.g.,.set.value,.normal.distribution,.+/-.range)","propagated error including uncertainties on S, Mg/Ca","Uncertainty magnitude present; type missing or not handled by this mapping"
"boron_isotopes_guillermic_2022.xlsx",227,"BY: type.of.uncertainty.(e.g.,.set.value,.normal.distribution,.+/-.range)","propagated error including uncertainties on S, Mg/Ca","Uncertainty magnitude present; type missing or not handled by this mapping"
"boron_isotopes_guillermic_2022.xlsx",228,"BY: type.of.uncertainty.(e.g.,.set.value,.normal.distribution,.+/-.range)","propagated error including uncertainties on S, Mg/Ca","Uncertainty magnitude present; type missing or not handled by this mapping"
"boron_isotopes_guillermic_2022.xlsx",229,"BY: type.of.uncertainty.(e.g.,.set.value,.normal.distribution,.+/-.range)","propagated error including uncertainties on S, Mg/Ca","Uncertainty magnitude present; type missing or not handled by this mapping"
"boron_isotopes_guillermic_2022.xlsx",230,"BY: type.of.uncertainty.(e.g.,.set.value,.normal.distribution,.+/-.range)","propagated error including uncertainties on S, Mg/Ca","Uncertainty magnitude present; type missing or not handled by this mapping"
"boron_isotopes_guillermic_2022.xlsx",231,"BY: type.of.uncertainty.(e.g.,.set.value,.normal.distribution,.+/-.range)","propagated error including uncertainties on S, Mg/Ca","Uncertainty magnitude present; type missing or not handled by this mapping"
"boron_isotopes_guillermic_2022.xlsx",232,"BY: type.of.uncertainty.(e.g.,.set.value,.normal.distribution,.+/-.range)","propagated error including uncertainties on S, Mg/Ca","Uncertainty magnitude present; type missing or not handled by this mapping"
"boron_isotopes_guillermic_2022.xlsx",233,"BY: type.of.uncertainty.(e.g.,.set.value,.normal.distribution,.+/-.range)","propagated error including uncertainties on S, Mg/Ca","Uncertainty magnitude present; type missing or not handled by this mapping"
"boron_isotopes_guillermic_2022.xlsx",234,"BY: type.of.uncertainty.(e.g.,.set.value,.normal.distribution,.+/-.range)","propagated error including uncertainties on S, Mg/Ca","Uncertainty magnitude present; type missing or not handled by this mapping"
"boron_isotopes_guillermic_2022.xlsx",235,"BY: type.of.uncertainty.(e.g.,.set.value,.normal.distribution,.+/-.range)","propagated error including uncertainties on S, Mg/Ca","Uncertainty magnitude present; type missing or not handled by this mapping"
"boron_isotopes_guillermic_2022.xlsx",236,"BY: type.of.uncertainty.(e.g.,.set.value,.normal.distribution,.+/-.range)","propagated error including uncertainties on S, Mg/Ca","Uncertainty magnitude present; type missing or not handled by this mapping"
"boron_isotopes_guillermic_2022.xlsx",237,"BY: type.of.uncertainty.(e.g.,.set.value,.normal.distribution,.+/-.range)","propagated error including uncertainties on S, Mg/Ca","Uncertainty magnitude present; type missing or not handled by this mapping"
"boron_isotopes_guillermic_2022.xlsx",238,"BY: type.of.uncertainty.(e.g.,.set.value,.normal.distribution,.+/-.range)","propagated error including uncertainties on S, Mg/Ca","Uncertainty magnitude present; type missing or not handled by this mapping"
"boron_isotopes_guillermic_2022.xlsx",239,"BY: type.of.uncertainty.(e.g.,.set.value,.normal.distribution,.+/-.range)","propagated error including uncertainties on S, Mg/Ca","Uncertainty magnitude present; type missing or not handled by this mapping"
"boron_isotopes_guillermic_2022.xlsx",240,"BY: type.of.uncertainty.(e.g.,.set.value,.normal.distribution,.+/-.range)","propagated error including uncertainties on S, Mg/Ca","Uncertainty magnitude present; type missing or not handled by this mapping"
"boron_isotopes_guillermic_2022.xlsx",241,"BY: type.of.uncertainty.(e.g.,.set.value,.normal.distribution,.+/-.range)","propagated error including uncertainties on S, Mg/Ca","Uncertainty magnitude present; type missing or not handled by this mapping"
"boron_isotopes_guillermic_2022.xlsx",242,"BY: type.of.uncertainty.(e.g.,.set.value,.normal.distribution,.+/-.range)","propagated error including uncertainties on S, Mg/Ca","Uncertainty magnitude present; type missing or not handled by this mapping"
"boron_isotopes_guillermic_2022.xlsx",243,"BY: type.of.uncertainty.(e.g.,.set.value,.normal.distribution,.+/-.range)","propagated error including uncertainties on S, Mg/Ca","Uncertainty magnitude present; type missing or not handled by this mapping"
"boron_isotopes_guillermic_2022.xlsx",244,"BY: type.of.uncertainty.(e.g.,.set.value,.normal.distribution,.+/-.range)","propagated error including uncertainties on S, Mg/Ca","Uncertainty magnitude present; type missing or not handled by this mapping"
"boron_isotopes_guillermic_2022.xlsx",245,"BY: type.of.uncertainty.(e.g.,.set.value,.normal.distribution,.+/-.range)","propagated error including uncertainties on S, Mg/Ca","Uncertainty magnitude present; type missing or not handled by this mapping"
"boron_isotopes_guillermic_2022.xlsx",246,"BY: type.of.uncertainty.(e.g.,.set.value,.normal.distribution,.+/-.range)","propagated error including uncertainties on S, Mg/Ca","Uncertainty magnitude present; type missing or not handled by this mapping"
"boron_isotopes_guillermic_2022.xlsx",247,"BY: type.of.uncertainty.(e.g.,.set.value,.normal.distribution,.+/-.range)","propagated error including uncertainties on S, Mg/Ca","Uncertainty magnitude present; type missing or not handled by this mapping"
"boron_isotopes_guillermic_2022.xlsx",248,"BY: type.of.uncertainty.(e.g.,.set.value,.normal.distribution,.+/-.range)","propagated error including uncertainties on S, Mg/Ca","Uncertainty magnitude present; type missing or not handled by this mapping"
"boron_isotopes_guillermic_2022.xlsx",249,"BY: type.of.uncertainty.(e.g.,.set.value,.normal.distribution,.+/-.range)","propagated error including uncertainties on S, Mg/Ca","Uncertainty magnitude present; type missing or not handled by this mapping"
"boron_isotopes_guillermic_2022.xlsx",250,"BY: type.of.uncertainty.(e.g.,.set.value,.normal.distribution,.+/-.range)","propagated error including uncertainties on S, Mg/Ca","Uncertainty magnitude present; type missing or not handled by this mapping"
"boron_isotopes_guillermic_2022.xlsx",251,"BY: type.of.uncertainty.(e.g.,.set.value,.normal.distribution,.+/-.range)","propagated error including uncertainties on S, Mg/Ca","Uncertainty magnitude present; type missing or not handled by this mapping"
"boron_isotopes_guillermic_2022.xlsx",252,"BY: type.of.uncertainty.(e.g.,.set.value,.normal.distribution,.+/-.range)","propagated error including uncertainties on S, Mg/Ca","Uncertainty magnitude present; type missing or not handled by this mapping"
"boron_isotopes_guillermic_2022.xlsx",253,"BY: type.of.uncertainty.(e.g.,.set.value,.normal.distribution,.+/-.range)","propagated error including uncertainties on S, Mg/Ca","Uncertainty magnitude present; type missing or not handled by this mapping"
"boron_isotopes_guillermic_2022.xlsx",254,"BY: type.of.uncertainty.(e.g.,.set.value,.normal.distribution,.+/-.range)","propagated error including uncertainties on S, Mg/Ca","Uncertainty magnitude present; type missing or not handled by this mapping"
"boron_isotopes_guillermic_2022.xlsx",255,"BY: type.of.uncertainty.(e.g.,.set.value,.normal.distribution,.+/-.range)","propagated error including uncertainties on S, Mg/Ca","Uncertainty magnitude present; type missing or not handled by this mapping"
"boron_isotopes_guillermic_2022.xlsx",256,"BY: type.of.uncertainty.(e.g.,.set.value,.normal.distribution,.+/-.range)","propagated error including uncertainties on S, Mg/Ca","Uncertainty magnitude present; type missing or not handled by this mapping"
"boron_isotopes_guillermic_2022.xlsx",257,"BY: type.of.uncertainty.(e.g.,.set.value,.normal.distribution,.+/-.range)","propagated error including uncertainties on S, Mg/Ca","Uncertainty magnitude present; type missing or not handled by this mapping"
"boron_isotopes_guillermic_2022.xlsx",258,"BY: type.of.uncertainty.(e.g.,.set.value,.normal.distribution,.+/-.range)","propagated error including uncertainties on S, Mg/Ca","Uncertainty magnitude present; type missing or not handled by this mapping"
"boron_isotopes_guillermic_2022.xlsx",259,"BY: type.of.uncertainty.(e.g.,.set.value,.normal.distribution,.+/-.range)","propagated error including uncertainties on S, Mg/Ca","Uncertainty magnitude present; type missing or not handled by this mapping"
"boron_isotopes_guillermic_2022.xlsx",260,"BY: type.of.uncertainty.(e.g.,.set.value,.normal.distribution,.+/-.range)","propagated error including uncertainties on S, Mg/Ca","Uncertainty magnitude present; type missing or not handled by this mapping"
"boron_isotopes_guillermic_2022.xlsx",261,"BY: type.of.uncertainty.(e.g.,.set.value,.normal.distribution,.+/-.range)","propagated error including uncertainties on S, Mg/Ca","Uncertainty magnitude present; type missing or not handled by this mapping"
"boron_isotopes_guillermic_2022.xlsx",262,"BY: type.of.uncertainty.(e.g.,.set.value,.normal.distribution,.+/-.range)","propagated error including uncertainties on S, Mg/Ca","Uncertainty magnitude present; type missing or not handled by this mapping"
"boron_isotopes_guillermic_2022.xlsx",263,"BY: type.of.uncertainty.(e.g.,.set.value,.normal.distribution,.+/-.range)","propagated error including uncertainties on S, Mg/Ca","Uncertainty magnitude present; type missing or not handled by this mapping"
"boron_isotopes_guillermic_2022.xlsx",264,"BY: type.of.uncertainty.(e.g.,.set.value,.normal.distribution,.+/-.range)","propagated error including uncertainties on S, Mg/Ca","Uncertainty magnitude present; type missing or not handled by this mapping"
"boron_isotopes_guillermic_2022.xlsx",265,"BY: type.of.uncertainty.(e.g.,.set.value,.normal.distribution,.+/-.range)","propagated error including uncertainties on S, Mg/Ca","Uncertainty magnitude present; type missing or not handled by this mapping"
"boron_isotopes_guillermic_2022.xlsx",266,"BY: type.of.uncertainty.(e.g.,.set.value,.normal.distribution,.+/-.range)","propagated error including uncertainties on S, Mg/Ca","Uncertainty magnitude present; type missing or not handled by this mapping"
"boron_isotopes_guillermic_2022.xlsx",267,"BY: type.of.uncertainty.(e.g.,.set.value,.normal.distribution,.+/-.range)","propagated error including uncertainties on S, Mg/Ca","Uncertainty magnitude present; type missing or not handled by this mapping"
"boron_isotopes_guillermic_2022.xlsx",268,"BY: type.of.uncertainty.(e.g.,.set.value,.normal.distribution,.+/-.range)","propagated error including uncertainties on S, Mg/Ca","Uncertainty magnitude present; type missing or not handled by this mapping"
"boron_isotopes_guillermic_2022.xlsx",269,"BY: type.of.uncertainty.(e.g.,.set.value,.normal.distribution,.+/-.range)","propagated error including uncertainties on S, Mg/Ca","Uncertainty magnitude present; type missing or not handled by this mapping"
"boron_isotopes_guillermic_2022.xlsx",270,"BY: type.of.uncertainty.(e.g.,.set.value,.normal.distribution,.+/-.range)","propagated error including uncertainties on S, Mg/Ca","Uncertainty magnitude present; type missing or not handled by this mapping"
"boron_isotopes_guillermic_2022.xlsx",4,"C","please enter value manually","Archive link not yet assigned"
"boron_isotopes_guillermic_2022.xlsx",5,"C","please enter value manually","Archive link not yet assigned"
"boron_isotopes_guillermic_2022.xlsx",6,"C","please enter value manually","Archive link not yet assigned"
"boron_isotopes_guillermic_2022.xlsx",7,"C","please enter value manually","Archive link not yet assigned"
"boron_isotopes_guillermic_2022.xlsx",8,"C","please enter value manually","Archive link not yet assigned"
"boron_isotopes_guillermic_2022.xlsx",9,"C","please enter value manually","Archive link not yet assigned"
"boron_isotopes_guillermic_2022.xlsx",10,"C","please enter value manually","Archive link not yet assigned"
"boron_isotopes_guillermic_2022.xlsx",11,"C","please enter value manually","Archive link not yet assigned"
"boron_isotopes_guillermic_2022.xlsx",12,"C","please enter value manually","Archive link not yet assigned"
"boron_isotopes_guillermic_2022.xlsx",13,"C","please enter value manually","Archive link not yet assigned"
"boron_isotopes_guillermic_2022.xlsx",14,"C","please enter value manually","Archive link not yet assigned"
"boron_isotopes_guillermic_2022.xlsx",15,"C","please enter value manually","Archive link not yet assigned"
"boron_isotopes_guillermic_2022.xlsx",16,"C","please enter value manually","Archive link not yet assigned"
"boron_isotopes_guillermic_2022.xlsx",17,"C","please enter value manually","Archive link not yet assigned"
"boron_isotopes_guillermic_2022.xlsx",18,"C","please enter value manually","Archive link not yet assigned"
"boron_isotopes_guillermic_2022.xlsx",19,"C","please enter value manually","Archive link not yet assigned"
"boron_isotopes_guillermic_2022.xlsx",20,"C","please enter value manually","Archive link not yet assigned"
"boron_isotopes_guillermic_2022.xlsx",21,"C","please enter value manually","Archive link not yet assigned"
"boron_isotopes_guillermic_2022.xlsx",22,"C","please enter value manually","Archive link not yet assigned"
"boron_isotopes_guillermic_2022.xlsx",23,"C","please enter value manually","Archive link not yet assigned"
"boron_isotopes_guillermic_2022.xlsx",24,"C","please enter value manually","Archive link not yet assigned"
"boron_isotopes_guillermic_2022.xlsx",25,"C","please enter value manually","Archive link not yet assigned"
"boron_isotopes_guillermic_2022.xlsx",26,"C","please enter value manually","Archive link not yet assigned"
"boron_isotopes_guillermic_2022.xlsx",27,"C","please enter value manually","Archive link not yet assigned"
"boron_isotopes_guillermic_2022.xlsx",28,"C","please enter value manually","Archive link not yet assigned"
"boron_isotopes_guillermic_2022.xlsx",29,"C","please enter value manually","Archive link not yet assigned"
"boron_isotopes_guillermic_2022.xlsx",30,"C","please enter value manually","Archive link not yet assigned"
"boron_isotopes_guillermic_2022.xlsx",31,"C","please enter value manually","Archive link not yet assigned"
"boron_isotopes_guillermic_2022.xlsx",32,"C","please enter value manually","Archive link not yet assigned"
"boron_isotopes_guillermic_2022.xlsx",33,"C","please enter value manually","Archive link not yet assigned"
"boron_isotopes_guillermic_2022.xlsx",34,"C","please enter value manually","Archive link not yet assigned"
"boron_isotopes_guillermic_2022.xlsx",35,"C","please enter value manually","Archive link not yet assigned"
"boron_isotopes_guillermic_2022.xlsx",36,"C","please enter value manually","Archive link not yet assigned"
"boron_isotopes_guillermic_2022.xlsx",37,"C","please enter value manually","Archive link not yet assigned"
"boron_isotopes_guillermic_2022.xlsx",38,"C","please enter value manually","Archive link not yet assigned"
"boron_isotopes_guillermic_2022.xlsx",39,"C","please enter value manually","Archive link not yet assigned"
"boron_isotopes_guillermic_2022.xlsx",40,"C","please enter value manually","Archive link not yet assigned"
"boron_isotopes_guillermic_2022.xlsx",41,"C","please enter value manually","Archive link not yet assigned"
"boron_isotopes_guillermic_2022.xlsx",42,"C","please enter value manually","Archive link not yet assigned"
"boron_isotopes_guillermic_2022.xlsx",43,"C","please enter value manually","Archive link not yet assigned"
"boron_isotopes_guillermic_2022.xlsx",44,"C","please enter value manually","Archive link not yet assigned"
"boron_isotopes_guillermic_2022.xlsx",45,"C","please enter value manually","Archive link not yet assigned"
"boron_isotopes_guillermic_2022.xlsx",46,"C","please enter value manually","Archive link not yet assigned"
"boron_isotopes_guillermic_2022.xlsx",47,"C","please enter value manually","Archive link not yet assigned"
"boron_isotopes_guillermic_2022.xlsx",48,"C","please enter value manually","Archive link not yet assigned"
"boron_isotopes_guillermic_2022.xlsx",49,"C","please enter value manually","Archive link not yet assigned"
"boron_isotopes_guillermic_2022.xlsx",50,"C","please enter value manually","Archive link not yet assigned"
"boron_isotopes_guillermic_2022.xlsx",51,"C","please enter value manually","Archive link not yet assigned"
"boron_isotopes_guillermic_2022.xlsx",52,"C","please enter value manually","Archive link not yet assigned"
"boron_isotopes_guillermic_2022.xlsx",53,"C","please enter value manually","Archive link not yet assigned"
"boron_isotopes_guillermic_2022.xlsx",54,"C","please enter value manually","Archive link not yet assigned"
"boron_isotopes_guillermic_2022.xlsx",55,"C","please enter value manually","Archive link not yet assigned"
"boron_isotopes_guillermic_2022.xlsx",56,"C","please enter value manually","Archive link not yet assigned"
"boron_isotopes_guillermic_2022.xlsx",57,"C","please enter value manually","Archive link not yet assigned"
"boron_isotopes_guillermic_2022.xlsx",58,"C","please enter value manually","Archive link not yet assigned"
"boron_isotopes_guillermic_2022.xlsx",59,"C","please enter value manually","Archive link not yet assigned"
"boron_isotopes_guillermic_2022.xlsx",60,"C","please enter value manually","Archive link not yet assigned"
"boron_isotopes_guillermic_2022.xlsx",61,"C","please enter value manually","Archive link not yet assigned"
"boron_isotopes_guillermic_2022.xlsx",62,"C","please enter value manually","Archive link not yet assigned"
"boron_isotopes_guillermic_2022.xlsx",63,"C","please enter value manually","Archive link not yet assigned"
"boron_isotopes_guillermic_2022.xlsx",64,"C","please enter value manually","Archive link not yet assigned"
"boron_isotopes_guillermic_2022.xlsx",65,"C","please enter value manually","Archive link not yet assigned"
"boron_isotopes_guillermic_2022.xlsx",66,"C","please enter value manually","Archive link not yet assigned"
"boron_isotopes_guillermic_2022.xlsx",67,"C","please enter value manually","Archive link not yet assigned"
"boron_isotopes_guillermic_2022.xlsx",68,"C","please enter value manually","Archive link not yet assigned"
"boron_isotopes_guillermic_2022.xlsx",69,"C","please enter value manually","Archive link not yet assigned"
"boron_isotopes_guillermic_2022.xlsx",70,"C","please enter value manually","Archive link not yet assigned"
"boron_isotopes_guillermic_2022.xlsx",71,"C","please enter value manually","Archive link not yet assigned"
"boron_isotopes_guillermic_2022.xlsx",72,"C","please enter value manually","Archive link not yet assigned"
"boron_isotopes_guillermic_2022.xlsx",73,"C","please enter value manually","Archive link not yet assigned"
"boron_isotopes_guillermic_2022.xlsx",74,"C","please enter value manually","Archive link not yet assigned"
"boron_isotopes_guillermic_2022.xlsx",75,"C","please enter value manually","Archive link not yet assigned"
"boron_isotopes_guillermic_2022.xlsx",76,"C","please enter value manually","Archive link not yet assigned"
"boron_isotopes_guillermic_2022.xlsx",77,"C","please enter value manually","Archive link not yet assigned"
"boron_isotopes_guillermic_2022.xlsx",78,"C","please enter value manually","Archive link not yet assigned"
"boron_isotopes_guillermic_2022.xlsx",79,"C","please enter value manually","Archive link not yet assigned"
"boron_isotopes_guillermic_2022.xlsx",80,"C","please enter value manually","Archive link not yet assigned"
"boron_isotopes_guillermic_2022.xlsx",81,"C","please enter value manually","Archive link not yet assigned"
"boron_isotopes_guillermic_2022.xlsx",82,"C","please enter value manually","Archive link not yet assigned"
"boron_isotopes_guillermic_2022.xlsx",83,"C","please enter value manually","Archive link not yet assigned"
"boron_isotopes_guillermic_2022.xlsx",84,"C","please enter value manually","Archive link not yet assigned"
"boron_isotopes_guillermic_2022.xlsx",85,"C","please enter value manually","Archive link not yet assigned"
"boron_isotopes_guillermic_2022.xlsx",86,"C","please enter value manually","Archive link not yet assigned"
"boron_isotopes_guillermic_2022.xlsx",87,"C","please enter value manually","Archive link not yet assigned"
"boron_isotopes_guillermic_2022.xlsx",88,"C","please enter value manually","Archive link not yet assigned"
"boron_isotopes_guillermic_2022.xlsx",89,"C","please enter value manually","Archive link not yet assigned"
"boron_isotopes_guillermic_2022.xlsx",90,"C","please enter value manually","Archive link not yet assigned"
"boron_isotopes_guillermic_2022.xlsx",91,"C","please enter value manually","Archive link not yet assigned"
"boron_isotopes_guillermic_2022.xlsx",92,"C","please enter value manually","Archive link not yet assigned"
"boron_isotopes_guillermic_2022.xlsx",93,"C","please enter value manually","Archive link not yet assigned"
"boron_isotopes_guillermic_2022.xlsx",94,"C","please enter value manually","Archive link not yet assigned"
"boron_isotopes_guillermic_2022.xlsx",95,"C","please enter value manually","Archive link not yet assigned"
"boron_isotopes_guillermic_2022.xlsx",96,"C","please enter value manually","Archive link not yet assigned"
"boron_isotopes_guillermic_2022.xlsx",97,"C","please enter value manually","Archive link not yet assigned"
"boron_isotopes_guillermic_2022.xlsx",98,"C","please enter value manually","Archive link not yet assigned"
"boron_isotopes_guillermic_2022.xlsx",99,"C","please enter value manually","Archive link not yet assigned"
"boron_isotopes_guillermic_2022.xlsx",100,"C","please enter value manually","Archive link not yet assigned"
"boron_isotopes_guillermic_2022.xlsx",101,"C","please enter value manually","Archive link not yet assigned"
"boron_isotopes_guillermic_2022.xlsx",102,"C","please enter value manually","Archive link not yet assigned"
"boron_isotopes_guillermic_2022.xlsx",103,"C","please enter value manually","Archive link not yet assigned"
"boron_isotopes_guillermic_2022.xlsx",104,"C","please enter value manually","Archive link not yet assigned"
"boron_isotopes_guillermic_2022.xlsx",105,"C","please enter value manually","Archive link not yet assigned"
"boron_isotopes_guillermic_2022.xlsx",106,"C","please enter value manually","Archive link not yet assigned"
"boron_isotopes_guillermic_2022.xlsx",107,"C","please enter value manually","Archive link not yet assigned"
"boron_isotopes_guillermic_2022.xlsx",108,"C","please enter value manually","Archive link not yet assigned"
"boron_isotopes_guillermic_2022.xlsx",109,"C","please enter value manually","Archive link not yet assigned"
"boron_isotopes_guillermic_2022.xlsx",110,"C","please enter value manually","Archive link not yet assigned"
"boron_isotopes_guillermic_2022.xlsx",111,"C","please enter value manually","Archive link not yet assigned"
"boron_isotopes_guillermic_2022.xlsx",112,"C","please enter value manually","Archive link not yet assigned"
"boron_isotopes_guillermic_2022.xlsx",113,"C","please enter value manually","Archive link not yet assigned"
"boron_isotopes_guillermic_2022.xlsx",114,"C","please enter value manually","Archive link not yet assigned"
"boron_isotopes_guillermic_2022.xlsx",115,"C","please enter value manually","Archive link not yet assigned"
"boron_isotopes_guillermic_2022.xlsx",116,"C","please enter value manually","Archive link not yet assigned"
"boron_isotopes_guillermic_2022.xlsx",117,"C","please enter value manually","Archive link not yet assigned"
"boron_isotopes_guillermic_2022.xlsx",118,"C","please enter value manually","Archive link not yet assigned"
"boron_isotopes_guillermic_2022.xlsx",119,"C","please enter value manually","Archive link not yet assigned"
"boron_isotopes_guillermic_2022.xlsx",120,"C","please enter value manually","Archive link not yet assigned"
"boron_isotopes_guillermic_2022.xlsx",121,"C","please enter value manually","Archive link not yet assigned"
"boron_isotopes_guillermic_2022.xlsx",122,"C","please enter value manually","Archive link not yet assigned"
"boron_isotopes_guillermic_2022.xlsx",123,"C","please enter value manually","Archive link not yet assigned"
"boron_isotopes_guillermic_2022.xlsx",124,"C","please enter value manually","Archive link not yet assigned"
"boron_isotopes_guillermic_2022.xlsx",125,"C","please enter value manually","Archive link not yet assigned"
"boron_isotopes_guillermic_2022.xlsx",126,"C","please enter value manually","Archive link not yet assigned"
"boron_isotopes_guillermic_2022.xlsx",127,"C","please enter value manually","Archive link not yet assigned"
"boron_isotopes_guillermic_2022.xlsx",128,"C","please enter value manually","Archive link not yet assigned"
"boron_isotopes_guillermic_2022.xlsx",129,"C","please enter value manually","Archive link not yet assigned"
"boron_isotopes_guillermic_2022.xlsx",130,"C","please enter value manually","Archive link not yet assigned"
"boron_isotopes_guillermic_2022.xlsx",131,"C","please enter value manually","Archive link not yet assigned"
"boron_isotopes_guillermic_2022.xlsx",132,"C","please enter value manually","Archive link not yet assigned"
"boron_isotopes_guillermic_2022.xlsx",133,"C","please enter value manually","Archive link not yet assigned"
"boron_isotopes_guillermic_2022.xlsx",134,"C","please enter value manually","Archive link not yet assigned"
"boron_isotopes_guillermic_2022.xlsx",135,"C","please enter value manually","Archive link not yet assigned"
"boron_isotopes_guillermic_2022.xlsx",136,"C","please enter value manually","Archive link not yet assigned"
"boron_isotopes_guillermic_2022.xlsx",137,"C","please enter value manually","Archive link not yet assigned"
"boron_isotopes_guillermic_2022.xlsx",138,"C","please enter value manually","Archive link not yet assigned"
"boron_isotopes_guillermic_2022.xlsx",139,"C","please enter value manually","Archive link not yet assigned"
"boron_isotopes_guillermic_2022.xlsx",140,"C","please enter value manually","Archive link not yet assigned"
"boron_isotopes_guillermic_2022.xlsx",141,"C","please enter value manually","Archive link not yet assigned"
"boron_isotopes_guillermic_2022.xlsx",142,"C","please enter value manually","Archive link not yet assigned"
"boron_isotopes_guillermic_2022.xlsx",143,"C","please enter value manually","Archive link not yet assigned"
"boron_isotopes_guillermic_2022.xlsx",144,"C","please enter value manually","Archive link not yet assigned"
"boron_isotopes_guillermic_2022.xlsx",145,"C","please enter value manually","Archive link not yet assigned"
"boron_isotopes_guillermic_2022.xlsx",146,"C","please enter value manually","Archive link not yet assigned"
"boron_isotopes_guillermic_2022.xlsx",147,"C","please enter value manually","Archive link not yet assigned"
"boron_isotopes_guillermic_2022.xlsx",148,"C","please enter value manually","Archive link not yet assigned"
"boron_isotopes_guillermic_2022.xlsx",149,"C","please enter value manually","Archive link not yet assigned"
"boron_isotopes_guillermic_2022.xlsx",150,"C","please enter value manually","Archive link not yet assigned"
"boron_isotopes_guillermic_2022.xlsx",151,"C","please enter value manually","Archive link not yet assigned"
"boron_isotopes_guillermic_2022.xlsx",152,"C","please enter value manually","Archive link not yet assigned"
"boron_isotopes_guillermic_2022.xlsx",153,"C","please enter value manually","Archive link not yet assigned"
"boron_isotopes_guillermic_2022.xlsx",154,"C","please enter value manually","Archive link not yet assigned"
"boron_isotopes_guillermic_2022.xlsx",155,"C","please enter value manually","Archive link not yet assigned"
"boron_isotopes_guillermic_2022.xlsx",156,"C","please enter value manually","Archive link not yet assigned"
"boron_isotopes_guillermic_2022.xlsx",157,"C","please enter value manually","Archive link not yet assigned"
"boron_isotopes_guillermic_2022.xlsx",158,"C","please enter value manually","Archive link not yet assigned"
"boron_isotopes_guillermic_2022.xlsx",159,"C","please enter value manually","Archive link not yet assigned"
"boron_isotopes_guillermic_2022.xlsx",160,"C","please enter value manually","Archive link not yet assigned"
"boron_isotopes_guillermic_2022.xlsx",161,"C","please enter value manually","Archive link not yet assigned"
"boron_isotopes_guillermic_2022.xlsx",162,"C","please enter value manually","Archive link not yet assigned"
"boron_isotopes_guillermic_2022.xlsx",163,"C","please enter value manually","Archive link not yet assigned"
"boron_isotopes_guillermic_2022.xlsx",164,"C","please enter value manually","Archive link not yet assigned"
"boron_isotopes_guillermic_2022.xlsx",165,"C","please enter value manually","Archive link not yet assigned"
"boron_isotopes_guillermic_2022.xlsx",166,"C","please enter value manually","Archive link not yet assigned"
"boron_isotopes_guillermic_2022.xlsx",167,"C","please enter value manually","Archive link not yet assigned"
"boron_isotopes_guillermic_2022.xlsx",168,"C","please enter value manually","Archive link not yet assigned"
"boron_isotopes_guillermic_2022.xlsx",169,"C","please enter value manually","Archive link not yet assigned"
"boron_isotopes_guillermic_2022.xlsx",170,"C","please enter value manually","Archive link not yet assigned"
"boron_isotopes_guillermic_2022.xlsx",171,"C","please enter value manually","Archive link not yet assigned"
"boron_isotopes_guillermic_2022.xlsx",172,"C","please enter value manually","Archive link not yet assigned"
"boron_isotopes_guillermic_2022.xlsx",173,"C","please enter value manually","Archive link not yet assigned"
"boron_isotopes_guillermic_2022.xlsx",174,"C","please enter value manually","Archive link not yet assigned"
"boron_isotopes_guillermic_2022.xlsx",175,"C","please enter value manually","Archive link not yet assigned"
"boron_isotopes_guillermic_2022.xlsx",176,"C","please enter value manually","Archive link not yet assigned"
"boron_isotopes_guillermic_2022.xlsx",177,"C","please enter value manually","Archive link not yet assigned"
"boron_isotopes_guillermic_2022.xlsx",178,"C","please enter value manually","Archive link not yet assigned"
"boron_isotopes_guillermic_2022.xlsx",179,"C","please enter value manually","Archive link not yet assigned"
"boron_isotopes_guillermic_2022.xlsx",180,"C","please enter value manually","Archive link not yet assigned"
"boron_isotopes_guillermic_2022.xlsx",181,"C","please enter value manually","Archive link not yet assigned"
"boron_isotopes_guillermic_2022.xlsx",182,"C","please enter value manually","Archive link not yet assigned"
"boron_isotopes_guillermic_2022.xlsx",183,"C","please enter value manually","Archive link not yet assigned"
"boron_isotopes_guillermic_2022.xlsx",184,"C","please enter value manually","Archive link not yet assigned"
"boron_isotopes_guillermic_2022.xlsx",185,"C","please enter value manually","Archive link not yet assigned"
"boron_isotopes_guillermic_2022.xlsx",186,"C","please enter value manually","Archive link not yet assigned"
"boron_isotopes_guillermic_2022.xlsx",187,"C","please enter value manually","Archive link not yet assigned"
"boron_isotopes_guillermic_2022.xlsx",188,"C","please enter value manually","Archive link not yet assigned"
"boron_isotopes_guillermic_2022.xlsx",189,"C","please enter value manually","Archive link not yet assigned"
"boron_isotopes_guillermic_2022.xlsx",190,"C","please enter value manually","Archive link not yet assigned"
"boron_isotopes_guillermic_2022.xlsx",191,"C","please enter value manually","Archive link not yet assigned"
"boron_isotopes_guillermic_2022.xlsx",192,"C","please enter value manually","Archive link not yet assigned"
"boron_isotopes_guillermic_2022.xlsx",193,"C","please enter value manually","Archive link not yet assigned"
"boron_isotopes_guillermic_2022.xlsx",194,"C","please enter value manually","Archive link not yet assigned"
"boron_isotopes_guillermic_2022.xlsx",195,"C","please enter value manually","Archive link not yet assigned"
"boron_isotopes_guillermic_2022.xlsx",196,"C","please enter value manually","Archive link not yet assigned"
"boron_isotopes_guillermic_2022.xlsx",197,"C","please enter value manually","Archive link not yet assigned"
"boron_isotopes_guillermic_2022.xlsx",198,"C","please enter value manually","Archive link not yet assigned"
"boron_isotopes_guillermic_2022.xlsx",199,"C","please enter value manually","Archive link not yet assigned"
"boron_isotopes_guillermic_2022.xlsx",200,"C","please enter value manually","Archive link not yet assigned"
"boron_isotopes_guillermic_2022.xlsx",201,"C","please enter value manually","Archive link not yet assigned"
"boron_isotopes_guillermic_2022.xlsx",202,"C","please enter value manually","Archive link not yet assigned"
"boron_isotopes_guillermic_2022.xlsx",203,"C","please enter value manually","Archive link not yet assigned"
"boron_isotopes_guillermic_2022.xlsx",204,"C","please enter value manually","Archive link not yet assigned"
"boron_isotopes_guillermic_2022.xlsx",205,"C","please enter value manually","Archive link not yet assigned"
"boron_isotopes_guillermic_2022.xlsx",206,"C","please enter value manually","Archive link not yet assigned"
"boron_isotopes_guillermic_2022.xlsx",207,"C","please enter value manually","Archive link not yet assigned"
"boron_isotopes_guillermic_2022.xlsx",208,"C","please enter value manually","Archive link not yet assigned"
"boron_isotopes_guillermic_2022.xlsx",209,"C","please enter value manually","Archive link not yet assigned"
"boron_isotopes_guillermic_2022.xlsx",210,"C","please enter value manually","Archive link not yet assigned"
"boron_isotopes_guillermic_2022.xlsx",211,"C","please enter value manually","Archive link not yet assigned"
"boron_isotopes_guillermic_2022.xlsx",212,"C","please enter value manually","Archive link not yet assigned"
"boron_isotopes_guillermic_2022.xlsx",213,"C","please enter value manually","Archive link not yet assigned"
"boron_isotopes_guillermic_2022.xlsx",214,"C","please enter value manually","Archive link not yet assigned"
"boron_isotopes_guillermic_2022.xlsx",215,"C","please enter value manually","Archive link not yet assigned"
"boron_isotopes_guillermic_2022.xlsx",216,"C","please enter value manually","Archive link not yet assigned"
"boron_isotopes_guillermic_2022.xlsx",217,"C","please enter value manually","Archive link not yet assigned"
"boron_isotopes_guillermic_2022.xlsx",218,"C","please enter value manually","Archive link not yet assigned"
"boron_isotopes_guillermic_2022.xlsx",219,"C","please enter value manually","Archive link not yet assigned"
"boron_isotopes_guillermic_2022.xlsx",220,"C","please enter value manually","Archive link not yet assigned"
"boron_isotopes_guillermic_2022.xlsx",221,"C","please enter value manually","Archive link not yet assigned"
"boron_isotopes_guillermic_2022.xlsx",222,"C","please enter value manually","Archive link not yet assigned"
"boron_isotopes_guillermic_2022.xlsx",223,"C","please enter value manually","Archive link not yet assigned"
"boron_isotopes_guillermic_2022.xlsx",224,"C","please enter value manually","Archive link not yet assigned"
"boron_isotopes_guillermic_2022.xlsx",225,"C","please enter value manually","Archive link not yet assigned"
"boron_isotopes_guillermic_2022.xlsx",226,"C","please enter value manually","Archive link not yet assigned"
"boron_isotopes_guillermic_2022.xlsx",227,"C","please enter value manually","Archive link not yet assigned"
"boron_isotopes_guillermic_2022.xlsx",228,"C","please enter value manually","Archive link not yet assigned"
"boron_isotopes_guillermic_2022.xlsx",229,"C","please enter value manually","Archive link not yet assigned"
"boron_isotopes_guillermic_2022.xlsx",230,"C","please enter value manually","Archive link not yet assigned"
"boron_isotopes_guillermic_2022.xlsx",231,"C","please enter value manually","Archive link not yet assigned"
"boron_isotopes_guillermic_2022.xlsx",232,"C","please enter value manually","Archive link not yet assigned"
"boron_isotopes_guillermic_2022.xlsx",233,"C","please enter value manually","Archive link not yet assigned"
"boron_isotopes_guillermic_2022.xlsx",234,"C","please enter value manually","Archive link not yet assigned"
"boron_isotopes_guillermic_2022.xlsx",235,"C","please enter value manually","Archive link not yet assigned"
"boron_isotopes_guillermic_2022.xlsx",236,"C","please enter value manually","Archive link not yet assigned"
"boron_isotopes_guillermic_2022.xlsx",237,"C","please enter value manually","Archive link not yet assigned"
"boron_isotopes_guillermic_2022.xlsx",238,"C","please enter value manually","Archive link not yet assigned"
"boron_isotopes_guillermic_2022.xlsx",239,"C","please enter value manually","Archive link not yet assigned"
"boron_isotopes_guillermic_2022.xlsx",240,"C","please enter value manually","Archive link not yet assigned"
"boron_isotopes_guillermic_2022.xlsx",241,"C","please enter value manually","Archive link not yet assigned"
"boron_isotopes_guillermic_2022.xlsx",242,"C","please enter value manually","Archive link not yet assigned"
"boron_isotopes_guillermic_2022.xlsx",243,"C","please enter value manually","Archive link not yet assigned"
"boron_isotopes_guillermic_2022.xlsx",244,"C","please enter value manually","Archive link not yet assigned"
"boron_isotopes_guillermic_2022.xlsx",245,"C","please enter value manually","Archive link not yet assigned"
"boron_isotopes_guillermic_2022.xlsx",246,"C","please enter value manually","Archive link not yet assigned"
"boron_isotopes_guillermic_2022.xlsx",247,"C","please enter value manually","Archive link not yet assigned"
"boron_isotopes_guillermic_2022.xlsx",248,"C","please enter value manually","Archive link not yet assigned"
"boron_isotopes_guillermic_2022.xlsx",249,"C","please enter value manually","Archive link not yet assigned"
"boron_isotopes_guillermic_2022.xlsx",250,"C","please enter value manually","Archive link not yet assigned"
"boron_isotopes_guillermic_2022.xlsx",251,"C","please enter value manually","Archive link not yet assigned"
"boron_isotopes_guillermic_2022.xlsx",252,"C","please enter value manually","Archive link not yet assigned"
"boron_isotopes_guillermic_2022.xlsx",253,"C","please enter value manually","Archive link not yet assigned"
"boron_isotopes_guillermic_2022.xlsx",254,"C","please enter value manually","Archive link not yet assigned"
"boron_isotopes_guillermic_2022.xlsx",255,"C","please enter value manually","Archive link not yet assigned"
"boron_isotopes_guillermic_2022.xlsx",256,"C","please enter value manually","Archive link not yet assigned"
"boron_isotopes_guillermic_2022.xlsx",257,"C","please enter value manually","Archive link not yet assigned"
"boron_isotopes_guillermic_2022.xlsx",258,"C","please enter value manually","Archive link not yet assigned"
"boron_isotopes_guillermic_2022.xlsx",259,"C","please enter value manually","Archive link not yet assigned"
"boron_isotopes_guillermic_2022.xlsx",260,"C","please enter value manually","Archive link not yet assigned"
"boron_isotopes_guillermic_2022.xlsx",261,"C","please enter value manually","Archive link not yet assigned"
"boron_isotopes_guillermic_2022.xlsx",262,"C","please enter value manually","Archive link not yet assigned"
"boron_isotopes_guillermic_2022.xlsx",263,"C","please enter value manually","Archive link not yet assigned"
"boron_isotopes_guillermic_2022.xlsx",264,"C","please enter value manually","Archive link not yet assigned"
"boron_isotopes_guillermic_2022.xlsx",265,"C","please enter value manually","Archive link not yet assigned"
"boron_isotopes_guillermic_2022.xlsx",266,"C","please enter value manually","Archive link not yet assigned"
"boron_isotopes_guillermic_2022.xlsx",267,"C","please enter value manually","Archive link not yet assigned"
"boron_isotopes_guillermic_2022.xlsx",268,"C","please enter value manually","Archive link not yet assigned"
"boron_isotopes_guillermic_2022.xlsx",269,"C","please enter value manually","Archive link not yet assigned"
"boron_isotopes_guillermic_2022.xlsx",270,"C","please enter value manually","Archive link not yet assigned"
"boron_isotopes_henehan_2013.xlsx",4,"S","N/A : Use published d18O data","Alternative source value present but Mg/Ca column S remains blank"
"boron_isotopes_henehan_2013.xlsx",5,"S","N/A : Use published d18O data","Alternative source value present but Mg/Ca column S remains blank"
"boron_isotopes_henehan_2013.xlsx",6,"S","N/A : Use published d18O data","Alternative source value present but Mg/Ca column S remains blank"
"boron_isotopes_henehan_2013.xlsx",7,"S","N/A : Use published d18O data","Alternative source value present but Mg/Ca column S remains blank"
"boron_isotopes_henehan_2013.xlsx",8,"S","N/A : Use published d18O data","Alternative source value present but Mg/Ca column S remains blank"
"boron_isotopes_henehan_2013.xlsx",9,"S","N/A : Use published d18O data","Alternative source value present but Mg/Ca column S remains blank"
"boron_isotopes_henehan_2013.xlsx",10,"S","N/A : Use published d18O data","Alternative source value present but Mg/Ca column S remains blank"
"boron_isotopes_henehan_2013.xlsx",11,"S","N/A : Use published d18O data","Alternative source value present but Mg/Ca column S remains blank"
"boron_isotopes_henehan_2013.xlsx",12,"S","N/A : Use published d18O data","Alternative source value present but Mg/Ca column S remains blank"
"boron_isotopes_henehan_2013.xlsx",13,"S","N/A : Use published d18O data","Alternative source value present but Mg/Ca column S remains blank"
"boron_isotopes_henehan_2013.xlsx",14,"S","N/A : Use published d18O data","Alternative source value present but Mg/Ca column S remains blank"
"boron_isotopes_henehan_2013.xlsx",15,"S","N/A : Use published d18O data","Alternative source value present but Mg/Ca column S remains blank"
"boron_isotopes_henehan_2013.xlsx",16,"S","N/A : Use published d18O data","Alternative source value present but Mg/Ca column S remains blank"
"boron_isotopes_henehan_2013.xlsx",17,"S","N/A : Use published d18O data","Alternative source value present but Mg/Ca column S remains blank"
"boron_isotopes_henehan_2013.xlsx",18,"S","N/A : Use published d18O data","Alternative source value present but Mg/Ca column S remains blank"
"boron_isotopes_henehan_2013.xlsx",19,"S","N/A : Use published d18O data","Alternative source value present but Mg/Ca column S remains blank"
"boron_isotopes_henehan_2013.xlsx",20,"S","N/A : Use published d18O data","Alternative source value present but Mg/Ca column S remains blank"
"boron_isotopes_henehan_2013.xlsx",21,"S","N/A : Use published d18O data","Alternative source value present but Mg/Ca column S remains blank"
"boron_isotopes_henehan_2013.xlsx",22,"AH: type.of.uncertainty.(e.g.,.set.value,.normal.distribution,.+/-.range)","not known","Uncertainty magnitude present; type missing or not handled by this mapping"
"boron_isotopes_henehan_2013.xlsx",23,"AH: type.of.uncertainty.(e.g.,.set.value,.normal.distribution,.+/-.range)","not known","Uncertainty magnitude present; type missing or not handled by this mapping"
"boron_isotopes_henehan_2013.xlsx",24,"AH: type.of.uncertainty.(e.g.,.set.value,.normal.distribution,.+/-.range)","not known","Uncertainty magnitude present; type missing or not handled by this mapping"
"boron_isotopes_henehan_2013.xlsx",25,"AH: type.of.uncertainty.(e.g.,.set.value,.normal.distribution,.+/-.range)","not known","Uncertainty magnitude present; type missing or not handled by this mapping"
"boron_isotopes_henehan_2013.xlsx",26,"AH: type.of.uncertainty.(e.g.,.set.value,.normal.distribution,.+/-.range)","not known","Uncertainty magnitude present; type missing or not handled by this mapping"
"boron_isotopes_henehan_2013.xlsx",27,"AH: type.of.uncertainty.(e.g.,.set.value,.normal.distribution,.+/-.range)","not known","Uncertainty magnitude present; type missing or not handled by this mapping"
"boron_isotopes_henehan_2013.xlsx",28,"AH: type.of.uncertainty.(e.g.,.set.value,.normal.distribution,.+/-.range)","not known","Uncertainty magnitude present; type missing or not handled by this mapping"
"boron_isotopes_henehan_2013.xlsx",29,"AH: type.of.uncertainty.(e.g.,.set.value,.normal.distribution,.+/-.range)","not known","Uncertainty magnitude present; type missing or not handled by this mapping"
"boron_isotopes_henehan_2013.xlsx",30,"AH: type.of.uncertainty.(e.g.,.set.value,.normal.distribution,.+/-.range)","not known","Uncertainty magnitude present; type missing or not handled by this mapping"
"boron_isotopes_henehan_2013.xlsx",31,"AH: type.of.uncertainty.(e.g.,.set.value,.normal.distribution,.+/-.range)","not known","Uncertainty magnitude present; type missing or not handled by this mapping"
"boron_isotopes_henehan_2013.xlsx",32,"AH: type.of.uncertainty.(e.g.,.set.value,.normal.distribution,.+/-.range)","not known","Uncertainty magnitude present; type missing or not handled by this mapping"
"boron_isotopes_henehan_2013.xlsx",33,"AH: type.of.uncertainty.(e.g.,.set.value,.normal.distribution,.+/-.range)","not known","Uncertainty magnitude present; type missing or not handled by this mapping"
"boron_isotopes_henehan_2013.xlsx",34,"AH: type.of.uncertainty.(e.g.,.set.value,.normal.distribution,.+/-.range)","not known","Uncertainty magnitude present; type missing or not handled by this mapping"
"boron_isotopes_henehan_2013.xlsx",4,"BY: type.of.uncertainty.(e.g.,.set.value,.normal.distribution,.+/-.range)","set value; arbitrary uncertainty on oxygen derived temperature","Uncertainty magnitude present; type missing or not handled by this mapping"
"boron_isotopes_henehan_2013.xlsx",5,"BY: type.of.uncertainty.(e.g.,.set.value,.normal.distribution,.+/-.range)","set value; arbitrary uncertainty on oxygen derived temperature","Uncertainty magnitude present; type missing or not handled by this mapping"
"boron_isotopes_henehan_2013.xlsx",6,"BY: type.of.uncertainty.(e.g.,.set.value,.normal.distribution,.+/-.range)","set value; arbitrary uncertainty on oxygen derived temperature","Uncertainty magnitude present; type missing or not handled by this mapping"
"boron_isotopes_henehan_2013.xlsx",7,"BY: type.of.uncertainty.(e.g.,.set.value,.normal.distribution,.+/-.range)","set value; arbitrary uncertainty on oxygen derived temperature","Uncertainty magnitude present; type missing or not handled by this mapping"
"boron_isotopes_henehan_2013.xlsx",8,"BY: type.of.uncertainty.(e.g.,.set.value,.normal.distribution,.+/-.range)","set value; arbitrary uncertainty on oxygen derived temperature","Uncertainty magnitude present; type missing or not handled by this mapping"
"boron_isotopes_henehan_2013.xlsx",9,"BY: type.of.uncertainty.(e.g.,.set.value,.normal.distribution,.+/-.range)","set value; arbitrary uncertainty on oxygen derived temperature","Uncertainty magnitude present; type missing or not handled by this mapping"
"boron_isotopes_henehan_2013.xlsx",10,"BY: type.of.uncertainty.(e.g.,.set.value,.normal.distribution,.+/-.range)","set value; arbitrary uncertainty on oxygen derived temperature","Uncertainty magnitude present; type missing or not handled by this mapping"
"boron_isotopes_henehan_2013.xlsx",11,"BY: type.of.uncertainty.(e.g.,.set.value,.normal.distribution,.+/-.range)","set value; arbitrary uncertainty on oxygen derived temperature","Uncertainty magnitude present; type missing or not handled by this mapping"
"boron_isotopes_henehan_2013.xlsx",12,"BY: type.of.uncertainty.(e.g.,.set.value,.normal.distribution,.+/-.range)","set value; arbitrary uncertainty on oxygen derived temperature","Uncertainty magnitude present; type missing or not handled by this mapping"
"boron_isotopes_henehan_2013.xlsx",13,"BY: type.of.uncertainty.(e.g.,.set.value,.normal.distribution,.+/-.range)","set value; arbitrary uncertainty on oxygen derived temperature","Uncertainty magnitude present; type missing or not handled by this mapping"
"boron_isotopes_henehan_2013.xlsx",14,"BY: type.of.uncertainty.(e.g.,.set.value,.normal.distribution,.+/-.range)","set value; arbitrary uncertainty on oxygen derived temperature","Uncertainty magnitude present; type missing or not handled by this mapping"
"boron_isotopes_henehan_2013.xlsx",15,"BY: type.of.uncertainty.(e.g.,.set.value,.normal.distribution,.+/-.range)","set value; arbitrary uncertainty on oxygen derived temperature","Uncertainty magnitude present; type missing or not handled by this mapping"
"boron_isotopes_henehan_2013.xlsx",16,"BY: type.of.uncertainty.(e.g.,.set.value,.normal.distribution,.+/-.range)","set value; arbitrary uncertainty on oxygen derived temperature","Uncertainty magnitude present; type missing or not handled by this mapping"
"boron_isotopes_henehan_2013.xlsx",17,"BY: type.of.uncertainty.(e.g.,.set.value,.normal.distribution,.+/-.range)","set value; arbitrary uncertainty on oxygen derived temperature","Uncertainty magnitude present; type missing or not handled by this mapping"
"boron_isotopes_henehan_2013.xlsx",18,"BY: type.of.uncertainty.(e.g.,.set.value,.normal.distribution,.+/-.range)","set value; arbitrary uncertainty on oxygen derived temperature","Uncertainty magnitude present; type missing or not handled by this mapping"
"boron_isotopes_henehan_2013.xlsx",19,"BY: type.of.uncertainty.(e.g.,.set.value,.normal.distribution,.+/-.range)","set value; arbitrary uncertainty on oxygen derived temperature","Uncertainty magnitude present; type missing or not handled by this mapping"
"boron_isotopes_henehan_2013.xlsx",20,"BY: type.of.uncertainty.(e.g.,.set.value,.normal.distribution,.+/-.range)","set value; arbitrary uncertainty on oxygen derived temperature","Uncertainty magnitude present; type missing or not handled by this mapping"
"boron_isotopes_henehan_2013.xlsx",21,"BY: type.of.uncertainty.(e.g.,.set.value,.normal.distribution,.+/-.range)","set value; arbitrary uncertainty on oxygen derived temperature","Uncertainty magnitude present; type missing or not handled by this mapping"
"boron_isotopes_henehan_2013.xlsx",22,"BY: type.of.uncertainty.(e.g.,.set.value,.normal.distribution,.+/-.range)","set value applied for CO2 reconstruction","Uncertainty magnitude present; type missing or not handled by this mapping"
"boron_isotopes_henehan_2013.xlsx",23,"BY: type.of.uncertainty.(e.g.,.set.value,.normal.distribution,.+/-.range)","set value applied for CO2 reconstruction","Uncertainty magnitude present; type missing or not handled by this mapping"
"boron_isotopes_henehan_2013.xlsx",24,"BY: type.of.uncertainty.(e.g.,.set.value,.normal.distribution,.+/-.range)","set value applied for CO2 reconstruction","Uncertainty magnitude present; type missing or not handled by this mapping"
"boron_isotopes_henehan_2013.xlsx",25,"BY: type.of.uncertainty.(e.g.,.set.value,.normal.distribution,.+/-.range)","set value applied for CO2 reconstruction","Uncertainty magnitude present; type missing or not handled by this mapping"
"boron_isotopes_henehan_2013.xlsx",26,"BY: type.of.uncertainty.(e.g.,.set.value,.normal.distribution,.+/-.range)","set value applied for CO2 reconstruction","Uncertainty magnitude present; type missing or not handled by this mapping"
"boron_isotopes_henehan_2013.xlsx",27,"BY: type.of.uncertainty.(e.g.,.set.value,.normal.distribution,.+/-.range)","set value applied for CO2 reconstruction","Uncertainty magnitude present; type missing or not handled by this mapping"
"boron_isotopes_henehan_2013.xlsx",28,"BY: type.of.uncertainty.(e.g.,.set.value,.normal.distribution,.+/-.range)","set value applied for CO2 reconstruction","Uncertainty magnitude present; type missing or not handled by this mapping"
"boron_isotopes_henehan_2013.xlsx",29,"BY: type.of.uncertainty.(e.g.,.set.value,.normal.distribution,.+/-.range)","set value applied for CO2 reconstruction","Uncertainty magnitude present; type missing or not handled by this mapping"
"boron_isotopes_henehan_2013.xlsx",30,"BY: type.of.uncertainty.(e.g.,.set.value,.normal.distribution,.+/-.range)","set value applied for CO2 reconstruction","Uncertainty magnitude present; type missing or not handled by this mapping"
"boron_isotopes_henehan_2013.xlsx",31,"BY: type.of.uncertainty.(e.g.,.set.value,.normal.distribution,.+/-.range)","set value applied for CO2 reconstruction","Uncertainty magnitude present; type missing or not handled by this mapping"
"boron_isotopes_henehan_2013.xlsx",32,"BY: type.of.uncertainty.(e.g.,.set.value,.normal.distribution,.+/-.range)","set value applied for CO2 reconstruction","Uncertainty magnitude present; type missing or not handled by this mapping"
"boron_isotopes_henehan_2013.xlsx",33,"BY: type.of.uncertainty.(e.g.,.set.value,.normal.distribution,.+/-.range)","set value applied for CO2 reconstruction","Uncertainty magnitude present; type missing or not handled by this mapping"
"boron_isotopes_henehan_2013.xlsx",34,"BY: type.of.uncertainty.(e.g.,.set.value,.normal.distribution,.+/-.range)","set value applied for CO2 reconstruction","Uncertainty magnitude present; type missing or not handled by this mapping"
"boron_isotopes_henehan_2013.xlsx",22,"S","percentage (3%) based conservatively on long term reproducibility","Non-numeric or non-finite output value"
"boron_isotopes_henehan_2013.xlsx",23,"S","percentage (3%) based conservatively on long term reproducibility","Non-numeric or non-finite output value"
"boron_isotopes_henehan_2013.xlsx",24,"S","percentage (3%) based conservatively on long term reproducibility","Non-numeric or non-finite output value"
"boron_isotopes_henehan_2013.xlsx",25,"S","percentage (3%) based conservatively on long term reproducibility","Non-numeric or non-finite output value"
"boron_isotopes_henehan_2013.xlsx",26,"S","percentage (3%) based conservatively on long term reproducibility","Non-numeric or non-finite output value"
"boron_isotopes_henehan_2013.xlsx",27,"S","percentage (3%) based conservatively on long term reproducibility","Non-numeric or non-finite output value"
"boron_isotopes_henehan_2013.xlsx",28,"S","percentage (3%) based conservatively on long term reproducibility","Non-numeric or non-finite output value"
"boron_isotopes_henehan_2013.xlsx",29,"S","percentage (3%) based conservatively on long term reproducibility","Non-numeric or non-finite output value"
"boron_isotopes_henehan_2013.xlsx",30,"S","percentage (3%) based conservatively on long term reproducibility","Non-numeric or non-finite output value"
"boron_isotopes_henehan_2013.xlsx",31,"S","percentage (3%) based conservatively on long term reproducibility","Non-numeric or non-finite output value"
"boron_isotopes_henehan_2013.xlsx",32,"S","percentage (3%) based conservatively on long term reproducibility","Non-numeric or non-finite output value"
"boron_isotopes_henehan_2013.xlsx",33,"S","percentage (3%) based conservatively on long term reproducibility","Non-numeric or non-finite output value"
"boron_isotopes_henehan_2013.xlsx",34,"S","percentage (3%) based conservatively on long term reproducibility","Non-numeric or non-finite output value"
"boron_isotopes_henehan_2013.xlsx",4,"C","please enter value manually","Archive link not yet assigned"
"boron_isotopes_henehan_2013.xlsx",5,"C","please enter value manually","Archive link not yet assigned"
"boron_isotopes_henehan_2013.xlsx",6,"C","please enter value manually","Archive link not yet assigned"
"boron_isotopes_henehan_2013.xlsx",7,"C","please enter value manually","Archive link not yet assigned"
"boron_isotopes_henehan_2013.xlsx",8,"C","please enter value manually","Archive link not yet assigned"
"boron_isotopes_henehan_2013.xlsx",9,"C","please enter value manually","Archive link not yet assigned"
"boron_isotopes_henehan_2013.xlsx",10,"C","please enter value manually","Archive link not yet assigned"
"boron_isotopes_henehan_2013.xlsx",11,"C","please enter value manually","Archive link not yet assigned"
"boron_isotopes_henehan_2013.xlsx",12,"C","please enter value manually","Archive link not yet assigned"
"boron_isotopes_henehan_2013.xlsx",13,"C","please enter value manually","Archive link not yet assigned"
"boron_isotopes_henehan_2013.xlsx",14,"C","please enter value manually","Archive link not yet assigned"
"boron_isotopes_henehan_2013.xlsx",15,"C","please enter value manually","Archive link not yet assigned"
"boron_isotopes_henehan_2013.xlsx",16,"C","please enter value manually","Archive link not yet assigned"
"boron_isotopes_henehan_2013.xlsx",17,"C","please enter value manually","Archive link not yet assigned"
"boron_isotopes_henehan_2013.xlsx",18,"C","please enter value manually","Archive link not yet assigned"
"boron_isotopes_henehan_2013.xlsx",19,"C","please enter value manually","Archive link not yet assigned"
"boron_isotopes_henehan_2013.xlsx",20,"C","please enter value manually","Archive link not yet assigned"
"boron_isotopes_henehan_2013.xlsx",21,"C","please enter value manually","Archive link not yet assigned"
"boron_isotopes_henehan_2013.xlsx",22,"C","please enter value manually","Archive link not yet assigned"
"boron_isotopes_henehan_2013.xlsx",23,"C","please enter value manually","Archive link not yet assigned"
"boron_isotopes_henehan_2013.xlsx",24,"C","please enter value manually","Archive link not yet assigned"
"boron_isotopes_henehan_2013.xlsx",25,"C","please enter value manually","Archive link not yet assigned"
"boron_isotopes_henehan_2013.xlsx",26,"C","please enter value manually","Archive link not yet assigned"
"boron_isotopes_henehan_2013.xlsx",27,"C","please enter value manually","Archive link not yet assigned"
"boron_isotopes_henehan_2013.xlsx",28,"C","please enter value manually","Archive link not yet assigned"
"boron_isotopes_henehan_2013.xlsx",29,"C","please enter value manually","Archive link not yet assigned"
"boron_isotopes_henehan_2013.xlsx",30,"C","please enter value manually","Archive link not yet assigned"
"boron_isotopes_henehan_2013.xlsx",31,"C","please enter value manually","Archive link not yet assigned"
"boron_isotopes_henehan_2013.xlsx",32,"C","please enter value manually","Archive link not yet assigned"
"boron_isotopes_henehan_2013.xlsx",33,"C","please enter value manually","Archive link not yet assigned"
"boron_isotopes_henehan_2013.xlsx",34,"C","please enter value manually","Archive link not yet assigned"
"boron_isotopes_hoenisch_2005.xlsx",4,"BY: type.of.uncertainty.(e.g.,.set.value,.normal.distribution,.+/-.range)","based on +/- 3% of measured Mg/Ca value, see column BP","Uncertainty magnitude present; type missing or not handled by this mapping"
"boron_isotopes_hoenisch_2005.xlsx",5,"BY: type.of.uncertainty.(e.g.,.set.value,.normal.distribution,.+/-.range)","based on +/- 3% of measured Mg/Ca value, see column BP","Uncertainty magnitude present; type missing or not handled by this mapping"
"boron_isotopes_hoenisch_2005.xlsx",6,"BY: type.of.uncertainty.(e.g.,.set.value,.normal.distribution,.+/-.range)","based on +/- 3% of measured Mg/Ca value, see column BP","Uncertainty magnitude present; type missing or not handled by this mapping"
"boron_isotopes_hoenisch_2005.xlsx",7,"BY: type.of.uncertainty.(e.g.,.set.value,.normal.distribution,.+/-.range)","based on +/- 3% of measured Mg/Ca value, see column BP","Uncertainty magnitude present; type missing or not handled by this mapping"
"boron_isotopes_hoenisch_2005.xlsx",8,"BY: type.of.uncertainty.(e.g.,.set.value,.normal.distribution,.+/-.range)","based on +/- 3% of measured Mg/Ca value, see column BP","Uncertainty magnitude present; type missing or not handled by this mapping"
"boron_isotopes_hoenisch_2005.xlsx",9,"BY: type.of.uncertainty.(e.g.,.set.value,.normal.distribution,.+/-.range)","based on +/- 3% of measured Mg/Ca value, see column BP","Uncertainty magnitude present; type missing or not handled by this mapping"
"boron_isotopes_hoenisch_2005.xlsx",10,"BY: type.of.uncertainty.(e.g.,.set.value,.normal.distribution,.+/-.range)","based on +/- 3% of measured Mg/Ca value, see column BP","Uncertainty magnitude present; type missing or not handled by this mapping"
"boron_isotopes_hoenisch_2005.xlsx",11,"BY: type.of.uncertainty.(e.g.,.set.value,.normal.distribution,.+/-.range)","based on +/- 3% of measured Mg/Ca value, see column BP","Uncertainty magnitude present; type missing or not handled by this mapping"
"boron_isotopes_hoenisch_2005.xlsx",12,"BY: type.of.uncertainty.(e.g.,.set.value,.normal.distribution,.+/-.range)","based on +/- 3% of measured Mg/Ca value, see column BP","Uncertainty magnitude present; type missing or not handled by this mapping"
"boron_isotopes_hoenisch_2005.xlsx",13,"BY: type.of.uncertainty.(e.g.,.set.value,.normal.distribution,.+/-.range)","based on +/- 3% of measured Mg/Ca value, see column BP","Uncertainty magnitude present; type missing or not handled by this mapping"
"boron_isotopes_hoenisch_2005.xlsx",14,"BY: type.of.uncertainty.(e.g.,.set.value,.normal.distribution,.+/-.range)","based on +/- 3% of measured Mg/Ca value, see column BP","Uncertainty magnitude present; type missing or not handled by this mapping"
"boron_isotopes_hoenisch_2005.xlsx",15,"BY: type.of.uncertainty.(e.g.,.set.value,.normal.distribution,.+/-.range)","based on +/- 3% of measured Mg/Ca value, see column BP","Uncertainty magnitude present; type missing or not handled by this mapping"
"boron_isotopes_hoenisch_2005.xlsx",16,"BY: type.of.uncertainty.(e.g.,.set.value,.normal.distribution,.+/-.range)","based on +/- 3% of measured Mg/Ca value, see column BP","Uncertainty magnitude present; type missing or not handled by this mapping"
"boron_isotopes_hoenisch_2005.xlsx",17,"BY: type.of.uncertainty.(e.g.,.set.value,.normal.distribution,.+/-.range)","based on +/- 3% of measured Mg/Ca value, see column BP","Uncertainty magnitude present; type missing or not handled by this mapping"
"boron_isotopes_hoenisch_2005.xlsx",18,"BY: type.of.uncertainty.(e.g.,.set.value,.normal.distribution,.+/-.range)","based on +/- 3% of measured Mg/Ca value, see column BP","Uncertainty magnitude present; type missing or not handled by this mapping"
"boron_isotopes_hoenisch_2005.xlsx",19,"BY: type.of.uncertainty.(e.g.,.set.value,.normal.distribution,.+/-.range)","based on +/- 3% of measured Mg/Ca value, see column BP","Uncertainty magnitude present; type missing or not handled by this mapping"
"boron_isotopes_hoenisch_2005.xlsx",4,"C","please enter value manually","Archive link not yet assigned"
"boron_isotopes_hoenisch_2005.xlsx",5,"C","please enter value manually","Archive link not yet assigned"
"boron_isotopes_hoenisch_2005.xlsx",6,"C","please enter value manually","Archive link not yet assigned"
"boron_isotopes_hoenisch_2005.xlsx",7,"C","please enter value manually","Archive link not yet assigned"
"boron_isotopes_hoenisch_2005.xlsx",8,"C","please enter value manually","Archive link not yet assigned"
"boron_isotopes_hoenisch_2005.xlsx",9,"C","please enter value manually","Archive link not yet assigned"
"boron_isotopes_hoenisch_2005.xlsx",10,"C","please enter value manually","Archive link not yet assigned"
"boron_isotopes_hoenisch_2005.xlsx",11,"C","please enter value manually","Archive link not yet assigned"
"boron_isotopes_hoenisch_2005.xlsx",12,"C","please enter value manually","Archive link not yet assigned"
"boron_isotopes_hoenisch_2005.xlsx",13,"C","please enter value manually","Archive link not yet assigned"
"boron_isotopes_hoenisch_2005.xlsx",14,"C","please enter value manually","Archive link not yet assigned"
"boron_isotopes_hoenisch_2005.xlsx",15,"C","please enter value manually","Archive link not yet assigned"
"boron_isotopes_hoenisch_2005.xlsx",16,"C","please enter value manually","Archive link not yet assigned"
"boron_isotopes_hoenisch_2005.xlsx",17,"C","please enter value manually","Archive link not yet assigned"
"boron_isotopes_hoenisch_2005.xlsx",18,"C","please enter value manually","Archive link not yet assigned"
"boron_isotopes_hoenisch_2005.xlsx",19,"C","please enter value manually","Archive link not yet assigned"
"boron_isotopes_hoenisch_2009.xlsx",4,"BY: type.of.uncertainty.(e.g.,.set.value,.normal.distribution,.+/-.range)","based on +/- 3% of measured Mg/Ca value, see column BP","Uncertainty magnitude present; type missing or not handled by this mapping"
"boron_isotopes_hoenisch_2009.xlsx",5,"BY: type.of.uncertainty.(e.g.,.set.value,.normal.distribution,.+/-.range)","based on +/- 3% of measured Mg/Ca value, see column BP","Uncertainty magnitude present; type missing or not handled by this mapping"
"boron_isotopes_hoenisch_2009.xlsx",6,"BY: type.of.uncertainty.(e.g.,.set.value,.normal.distribution,.+/-.range)","based on +/- 3% of measured Mg/Ca value, see column BP","Uncertainty magnitude present; type missing or not handled by this mapping"
"boron_isotopes_hoenisch_2009.xlsx",7,"BY: type.of.uncertainty.(e.g.,.set.value,.normal.distribution,.+/-.range)","based on +/- 3% of measured Mg/Ca value, see column BP","Uncertainty magnitude present; type missing or not handled by this mapping"
"boron_isotopes_hoenisch_2009.xlsx",8,"BY: type.of.uncertainty.(e.g.,.set.value,.normal.distribution,.+/-.range)","based on +/- 3% of measured Mg/Ca value, see column BP","Uncertainty magnitude present; type missing or not handled by this mapping"
"boron_isotopes_hoenisch_2009.xlsx",9,"BY: type.of.uncertainty.(e.g.,.set.value,.normal.distribution,.+/-.range)","based on +/- 3% of measured Mg/Ca value, see column BP","Uncertainty magnitude present; type missing or not handled by this mapping"
"boron_isotopes_hoenisch_2009.xlsx",10,"BY: type.of.uncertainty.(e.g.,.set.value,.normal.distribution,.+/-.range)","based on +/- 3% of measured Mg/Ca value, see column BP","Uncertainty magnitude present; type missing or not handled by this mapping"
"boron_isotopes_hoenisch_2009.xlsx",11,"BY: type.of.uncertainty.(e.g.,.set.value,.normal.distribution,.+/-.range)","based on +/- 3% of measured Mg/Ca value, see column BP","Uncertainty magnitude present; type missing or not handled by this mapping"
"boron_isotopes_hoenisch_2009.xlsx",12,"BY: type.of.uncertainty.(e.g.,.set.value,.normal.distribution,.+/-.range)","based on +/- 3% of measured Mg/Ca value, see column BP","Uncertainty magnitude present; type missing or not handled by this mapping"
"boron_isotopes_hoenisch_2009.xlsx",13,"BY: type.of.uncertainty.(e.g.,.set.value,.normal.distribution,.+/-.range)","based on +/- 3% of measured Mg/Ca value, see column BP","Uncertainty magnitude present; type missing or not handled by this mapping"
"boron_isotopes_hoenisch_2009.xlsx",14,"BY: type.of.uncertainty.(e.g.,.set.value,.normal.distribution,.+/-.range)","based on +/- 3% of measured Mg/Ca value, see column BP","Uncertainty magnitude present; type missing or not handled by this mapping"
"boron_isotopes_hoenisch_2009.xlsx",15,"BY: type.of.uncertainty.(e.g.,.set.value,.normal.distribution,.+/-.range)","based on +/- 3% of measured Mg/Ca value, see column BP","Uncertainty magnitude present; type missing or not handled by this mapping"
"boron_isotopes_hoenisch_2009.xlsx",16,"BY: type.of.uncertainty.(e.g.,.set.value,.normal.distribution,.+/-.range)","based on +/- 3% of measured Mg/Ca value, see column BP","Uncertainty magnitude present; type missing or not handled by this mapping"
"boron_isotopes_hoenisch_2009.xlsx",17,"BY: type.of.uncertainty.(e.g.,.set.value,.normal.distribution,.+/-.range)","based on +/- 3% of measured Mg/Ca value, see column BP","Uncertainty magnitude present; type missing or not handled by this mapping"
"boron_isotopes_hoenisch_2009.xlsx",18,"BY: type.of.uncertainty.(e.g.,.set.value,.normal.distribution,.+/-.range)","based on +/- 3% of measured Mg/Ca value, see column BP","Uncertainty magnitude present; type missing or not handled by this mapping"
"boron_isotopes_hoenisch_2009.xlsx",19,"BY: type.of.uncertainty.(e.g.,.set.value,.normal.distribution,.+/-.range)","based on +/- 3% of measured Mg/Ca value, see column BP","Uncertainty magnitude present; type missing or not handled by this mapping"
"boron_isotopes_hoenisch_2009.xlsx",20,"BY: type.of.uncertainty.(e.g.,.set.value,.normal.distribution,.+/-.range)","based on +/- 3% of measured Mg/Ca value, see column BP","Uncertainty magnitude present; type missing or not handled by this mapping"
"boron_isotopes_hoenisch_2009.xlsx",21,"BY: type.of.uncertainty.(e.g.,.set.value,.normal.distribution,.+/-.range)","based on +/- 3% of measured Mg/Ca value, see column BP","Uncertainty magnitude present; type missing or not handled by this mapping"
"boron_isotopes_hoenisch_2009.xlsx",22,"BY: type.of.uncertainty.(e.g.,.set.value,.normal.distribution,.+/-.range)","based on +/- 3% of measured Mg/Ca value, see column BP","Uncertainty magnitude present; type missing or not handled by this mapping"
"boron_isotopes_hoenisch_2009.xlsx",23,"BY: type.of.uncertainty.(e.g.,.set.value,.normal.distribution,.+/-.range)","based on +/- 3% of measured Mg/Ca value, see column BP","Uncertainty magnitude present; type missing or not handled by this mapping"
"boron_isotopes_hoenisch_2009.xlsx",24,"BY: type.of.uncertainty.(e.g.,.set.value,.normal.distribution,.+/-.range)","based on +/- 3% of measured Mg/Ca value, see column BP","Uncertainty magnitude present; type missing or not handled by this mapping"
"boron_isotopes_hoenisch_2009.xlsx",25,"BY: type.of.uncertainty.(e.g.,.set.value,.normal.distribution,.+/-.range)","based on +/- 3% of measured Mg/Ca value, see column BP","Uncertainty magnitude present; type missing or not handled by this mapping"
"boron_isotopes_hoenisch_2009.xlsx",26,"BY: type.of.uncertainty.(e.g.,.set.value,.normal.distribution,.+/-.range)","based on +/- 3% of measured Mg/Ca value, see column BP","Uncertainty magnitude present; type missing or not handled by this mapping"
"boron_isotopes_hoenisch_2009.xlsx",27,"BY: type.of.uncertainty.(e.g.,.set.value,.normal.distribution,.+/-.range)","based on +/- 3% of measured Mg/Ca value, see column BP","Uncertainty magnitude present; type missing or not handled by this mapping"
"boron_isotopes_hoenisch_2009.xlsx",28,"BY: type.of.uncertainty.(e.g.,.set.value,.normal.distribution,.+/-.range)","based on +/- 3% of measured Mg/Ca value, see column BP","Uncertainty magnitude present; type missing or not handled by this mapping"
"boron_isotopes_hoenisch_2009.xlsx",29,"BY: type.of.uncertainty.(e.g.,.set.value,.normal.distribution,.+/-.range)","based on +/- 3% of measured Mg/Ca value, see column BP","Uncertainty magnitude present; type missing or not handled by this mapping"
"boron_isotopes_hoenisch_2009.xlsx",30,"BY: type.of.uncertainty.(e.g.,.set.value,.normal.distribution,.+/-.range)","based on +/- 3% of measured Mg/Ca value, see column BP","Uncertainty magnitude present; type missing or not handled by this mapping"
"boron_isotopes_hoenisch_2009.xlsx",31,"BY: type.of.uncertainty.(e.g.,.set.value,.normal.distribution,.+/-.range)","based on +/- 3% of measured Mg/Ca value, see column BP","Uncertainty magnitude present; type missing or not handled by this mapping"
"boron_isotopes_hoenisch_2009.xlsx",32,"BY: type.of.uncertainty.(e.g.,.set.value,.normal.distribution,.+/-.range)","based on +/- 3% of measured Mg/Ca value, see column BP","Uncertainty magnitude present; type missing or not handled by this mapping"
"boron_isotopes_hoenisch_2009.xlsx",33,"BY: type.of.uncertainty.(e.g.,.set.value,.normal.distribution,.+/-.range)","based on +/- 3% of measured Mg/Ca value, see column BP","Uncertainty magnitude present; type missing or not handled by this mapping"
"boron_isotopes_hoenisch_2009.xlsx",34,"BY: type.of.uncertainty.(e.g.,.set.value,.normal.distribution,.+/-.range)","based on +/- 3% of measured Mg/Ca value, see column BP","Uncertainty magnitude present; type missing or not handled by this mapping"
"boron_isotopes_hoenisch_2009.xlsx",35,"BY: type.of.uncertainty.(e.g.,.set.value,.normal.distribution,.+/-.range)","based on +/- 3% of measured Mg/Ca value, see column BP","Uncertainty magnitude present; type missing or not handled by this mapping"
"boron_isotopes_hoenisch_2009.xlsx",36,"BY: type.of.uncertainty.(e.g.,.set.value,.normal.distribution,.+/-.range)","based on +/- 3% of measured Mg/Ca value, see column BP","Uncertainty magnitude present; type missing or not handled by this mapping"
"boron_isotopes_hoenisch_2009.xlsx",37,"BY: type.of.uncertainty.(e.g.,.set.value,.normal.distribution,.+/-.range)","based on +/- 3% of measured Mg/Ca value, see column BP","Uncertainty magnitude present; type missing or not handled by this mapping"
"boron_isotopes_hoenisch_2009.xlsx",38,"BY: type.of.uncertainty.(e.g.,.set.value,.normal.distribution,.+/-.range)","based on +/- 3% of measured Mg/Ca value, see column BP","Uncertainty magnitude present; type missing or not handled by this mapping"
"boron_isotopes_hoenisch_2009.xlsx",39,"BY: type.of.uncertainty.(e.g.,.set.value,.normal.distribution,.+/-.range)","based on +/- 3% of measured Mg/Ca value, see column BP","Uncertainty magnitude present; type missing or not handled by this mapping"
"boron_isotopes_hoenisch_2009.xlsx",40,"BY: type.of.uncertainty.(e.g.,.set.value,.normal.distribution,.+/-.range)","based on +/- 3% of measured Mg/Ca value, see column BP","Uncertainty magnitude present; type missing or not handled by this mapping"
"boron_isotopes_hoenisch_2009.xlsx",41,"BY: type.of.uncertainty.(e.g.,.set.value,.normal.distribution,.+/-.range)","based on +/- 3% of measured Mg/Ca value, see column BP","Uncertainty magnitude present; type missing or not handled by this mapping"
"boron_isotopes_hoenisch_2009.xlsx",42,"BY: type.of.uncertainty.(e.g.,.set.value,.normal.distribution,.+/-.range)","based on +/- 3% of measured Mg/Ca value, see column BP","Uncertainty magnitude present; type missing or not handled by this mapping"
"boron_isotopes_hoenisch_2009.xlsx",43,"BY: type.of.uncertainty.(e.g.,.set.value,.normal.distribution,.+/-.range)","based on +/- 3% of measured Mg/Ca value, see column BP","Uncertainty magnitude present; type missing or not handled by this mapping"
"boron_isotopes_hoenisch_2009.xlsx",44,"BY: type.of.uncertainty.(e.g.,.set.value,.normal.distribution,.+/-.range)","based on +/- 3% of measured Mg/Ca value, see column BP","Uncertainty magnitude present; type missing or not handled by this mapping"
"boron_isotopes_hoenisch_2009.xlsx",45,"BY: type.of.uncertainty.(e.g.,.set.value,.normal.distribution,.+/-.range)","based on +/- 3% of measured Mg/Ca value, see column BP","Uncertainty magnitude present; type missing or not handled by this mapping"
"boron_isotopes_hoenisch_2009.xlsx",46,"BY: type.of.uncertainty.(e.g.,.set.value,.normal.distribution,.+/-.range)","based on +/- 3% of measured Mg/Ca value, see column BP","Uncertainty magnitude present; type missing or not handled by this mapping"
"boron_isotopes_hoenisch_2009.xlsx",47,"BY: type.of.uncertainty.(e.g.,.set.value,.normal.distribution,.+/-.range)","based on +/- 3% of measured Mg/Ca value, see column BP","Uncertainty magnitude present; type missing or not handled by this mapping"
"boron_isotopes_hoenisch_2009.xlsx",48,"BY: type.of.uncertainty.(e.g.,.set.value,.normal.distribution,.+/-.range)","based on +/- 3% of measured Mg/Ca value, see column BP","Uncertainty magnitude present; type missing or not handled by this mapping"
"boron_isotopes_hoenisch_2009.xlsx",49,"BY: type.of.uncertainty.(e.g.,.set.value,.normal.distribution,.+/-.range)","based on +/- 3% of measured Mg/Ca value, see column BP","Uncertainty magnitude present; type missing or not handled by this mapping"
"boron_isotopes_hoenisch_2009.xlsx",50,"BY: type.of.uncertainty.(e.g.,.set.value,.normal.distribution,.+/-.range)","based on +/- 3% of measured Mg/Ca value, see column BP","Uncertainty magnitude present; type missing or not handled by this mapping"
"boron_isotopes_hoenisch_2009.xlsx",51,"BY: type.of.uncertainty.(e.g.,.set.value,.normal.distribution,.+/-.range)","based on +/- 3% of measured Mg/Ca value, see column BP","Uncertainty magnitude present; type missing or not handled by this mapping"
"boron_isotopes_hoenisch_2009.xlsx",52,"BY: type.of.uncertainty.(e.g.,.set.value,.normal.distribution,.+/-.range)","based on +/- 3% of measured Mg/Ca value, see column BP","Uncertainty magnitude present; type missing or not handled by this mapping"
"boron_isotopes_hoenisch_2009.xlsx",53,"BY: type.of.uncertainty.(e.g.,.set.value,.normal.distribution,.+/-.range)","based on +/- 3% of measured Mg/Ca value, see column BP","Uncertainty magnitude present; type missing or not handled by this mapping"
"boron_isotopes_hoenisch_2009.xlsx",54,"BY: type.of.uncertainty.(e.g.,.set.value,.normal.distribution,.+/-.range)","based on +/- 3% of measured Mg/Ca value, see column BP","Uncertainty magnitude present; type missing or not handled by this mapping"
"boron_isotopes_hoenisch_2009.xlsx",55,"BY: type.of.uncertainty.(e.g.,.set.value,.normal.distribution,.+/-.range)","based on +/- 3% of measured Mg/Ca value, see column BP","Uncertainty magnitude present; type missing or not handled by this mapping"
"boron_isotopes_hoenisch_2009.xlsx",56,"BY: type.of.uncertainty.(e.g.,.set.value,.normal.distribution,.+/-.range)","based on +/- 3% of measured Mg/Ca value, see column BP","Uncertainty magnitude present; type missing or not handled by this mapping"
"boron_isotopes_hoenisch_2009.xlsx",57,"BY: type.of.uncertainty.(e.g.,.set.value,.normal.distribution,.+/-.range)","based on +/- 3% of measured Mg/Ca value, see column BP","Uncertainty magnitude present; type missing or not handled by this mapping"
"boron_isotopes_hoenisch_2009.xlsx",58,"BY: type.of.uncertainty.(e.g.,.set.value,.normal.distribution,.+/-.range)","based on +/- 3% of measured Mg/Ca value, see column BP","Uncertainty magnitude present; type missing or not handled by this mapping"
"boron_isotopes_hoenisch_2009.xlsx",59,"BY: type.of.uncertainty.(e.g.,.set.value,.normal.distribution,.+/-.range)","based on +/- 3% of measured Mg/Ca value, see column BP","Uncertainty magnitude present; type missing or not handled by this mapping"
"boron_isotopes_hoenisch_2009.xlsx",4,"C","please enter value manually","Archive link not yet assigned"
"boron_isotopes_hoenisch_2009.xlsx",5,"C","please enter value manually","Archive link not yet assigned"
"boron_isotopes_hoenisch_2009.xlsx",6,"C","please enter value manually","Archive link not yet assigned"
"boron_isotopes_hoenisch_2009.xlsx",7,"C","please enter value manually","Archive link not yet assigned"
"boron_isotopes_hoenisch_2009.xlsx",8,"C","please enter value manually","Archive link not yet assigned"
"boron_isotopes_hoenisch_2009.xlsx",9,"C","please enter value manually","Archive link not yet assigned"
"boron_isotopes_hoenisch_2009.xlsx",10,"C","please enter value manually","Archive link not yet assigned"
"boron_isotopes_hoenisch_2009.xlsx",11,"C","please enter value manually","Archive link not yet assigned"
"boron_isotopes_hoenisch_2009.xlsx",12,"C","please enter value manually","Archive link not yet assigned"
"boron_isotopes_hoenisch_2009.xlsx",13,"C","please enter value manually","Archive link not yet assigned"
"boron_isotopes_hoenisch_2009.xlsx",14,"C","please enter value manually","Archive link not yet assigned"
"boron_isotopes_hoenisch_2009.xlsx",15,"C","please enter value manually","Archive link not yet assigned"
"boron_isotopes_hoenisch_2009.xlsx",16,"C","please enter value manually","Archive link not yet assigned"
"boron_isotopes_hoenisch_2009.xlsx",17,"C","please enter value manually","Archive link not yet assigned"
"boron_isotopes_hoenisch_2009.xlsx",18,"C","please enter value manually","Archive link not yet assigned"
"boron_isotopes_hoenisch_2009.xlsx",19,"C","please enter value manually","Archive link not yet assigned"
"boron_isotopes_hoenisch_2009.xlsx",20,"C","please enter value manually","Archive link not yet assigned"
"boron_isotopes_hoenisch_2009.xlsx",21,"C","please enter value manually","Archive link not yet assigned"
"boron_isotopes_hoenisch_2009.xlsx",22,"C","please enter value manually","Archive link not yet assigned"
"boron_isotopes_hoenisch_2009.xlsx",23,"C","please enter value manually","Archive link not yet assigned"
"boron_isotopes_hoenisch_2009.xlsx",24,"C","please enter value manually","Archive link not yet assigned"
"boron_isotopes_hoenisch_2009.xlsx",25,"C","please enter value manually","Archive link not yet assigned"
"boron_isotopes_hoenisch_2009.xlsx",26,"C","please enter value manually","Archive link not yet assigned"
"boron_isotopes_hoenisch_2009.xlsx",27,"C","please enter value manually","Archive link not yet assigned"
"boron_isotopes_hoenisch_2009.xlsx",28,"C","please enter value manually","Archive link not yet assigned"
"boron_isotopes_hoenisch_2009.xlsx",29,"C","please enter value manually","Archive link not yet assigned"
"boron_isotopes_hoenisch_2009.xlsx",30,"C","please enter value manually","Archive link not yet assigned"
"boron_isotopes_hoenisch_2009.xlsx",31,"C","please enter value manually","Archive link not yet assigned"
"boron_isotopes_hoenisch_2009.xlsx",32,"C","please enter value manually","Archive link not yet assigned"
"boron_isotopes_hoenisch_2009.xlsx",33,"C","please enter value manually","Archive link not yet assigned"
"boron_isotopes_hoenisch_2009.xlsx",34,"C","please enter value manually","Archive link not yet assigned"
"boron_isotopes_hoenisch_2009.xlsx",35,"C","please enter value manually","Archive link not yet assigned"
"boron_isotopes_hoenisch_2009.xlsx",36,"C","please enter value manually","Archive link not yet assigned"
"boron_isotopes_hoenisch_2009.xlsx",37,"C","please enter value manually","Archive link not yet assigned"
"boron_isotopes_hoenisch_2009.xlsx",38,"C","please enter value manually","Archive link not yet assigned"
"boron_isotopes_hoenisch_2009.xlsx",39,"C","please enter value manually","Archive link not yet assigned"
"boron_isotopes_hoenisch_2009.xlsx",40,"C","please enter value manually","Archive link not yet assigned"
"boron_isotopes_hoenisch_2009.xlsx",41,"C","please enter value manually","Archive link not yet assigned"
"boron_isotopes_hoenisch_2009.xlsx",42,"C","please enter value manually","Archive link not yet assigned"
"boron_isotopes_hoenisch_2009.xlsx",43,"C","please enter value manually","Archive link not yet assigned"
"boron_isotopes_hoenisch_2009.xlsx",44,"C","please enter value manually","Archive link not yet assigned"
"boron_isotopes_hoenisch_2009.xlsx",45,"C","please enter value manually","Archive link not yet assigned"
"boron_isotopes_hoenisch_2009.xlsx",46,"C","please enter value manually","Archive link not yet assigned"
"boron_isotopes_hoenisch_2009.xlsx",47,"C","please enter value manually","Archive link not yet assigned"
"boron_isotopes_hoenisch_2009.xlsx",48,"C","please enter value manually","Archive link not yet assigned"
"boron_isotopes_hoenisch_2009.xlsx",49,"C","please enter value manually","Archive link not yet assigned"
"boron_isotopes_hoenisch_2009.xlsx",50,"C","please enter value manually","Archive link not yet assigned"
"boron_isotopes_hoenisch_2009.xlsx",51,"C","please enter value manually","Archive link not yet assigned"
"boron_isotopes_hoenisch_2009.xlsx",52,"C","please enter value manually","Archive link not yet assigned"
"boron_isotopes_hoenisch_2009.xlsx",53,"C","please enter value manually","Archive link not yet assigned"
"boron_isotopes_hoenisch_2009.xlsx",54,"C","please enter value manually","Archive link not yet assigned"
"boron_isotopes_hoenisch_2009.xlsx",55,"C","please enter value manually","Archive link not yet assigned"
"boron_isotopes_hoenisch_2009.xlsx",56,"C","please enter value manually","Archive link not yet assigned"
"boron_isotopes_hoenisch_2009.xlsx",57,"C","please enter value manually","Archive link not yet assigned"
"boron_isotopes_hoenisch_2009.xlsx",58,"C","please enter value manually","Archive link not yet assigned"
"boron_isotopes_hoenisch_2009.xlsx",59,"C","please enter value manually","Archive link not yet assigned"
"boron_isotopes_martinez-boti_2015.xlsx",4,"C","please enter value manually","Archive link not yet assigned"
"boron_isotopes_martinez-boti_2015.xlsx",5,"C","please enter value manually","Archive link not yet assigned"
"boron_isotopes_martinez-boti_2015.xlsx",6,"C","please enter value manually","Archive link not yet assigned"
"boron_isotopes_martinez-boti_2015.xlsx",7,"C","please enter value manually","Archive link not yet assigned"
"boron_isotopes_martinez-boti_2015.xlsx",8,"C","please enter value manually","Archive link not yet assigned"
"boron_isotopes_martinez-boti_2015.xlsx",9,"C","please enter value manually","Archive link not yet assigned"
"boron_isotopes_martinez-boti_2015.xlsx",10,"C","please enter value manually","Archive link not yet assigned"
"boron_isotopes_martinez-boti_2015.xlsx",11,"C","please enter value manually","Archive link not yet assigned"
"boron_isotopes_martinez-boti_2015.xlsx",12,"C","please enter value manually","Archive link not yet assigned"
"boron_isotopes_martinez-boti_2015.xlsx",13,"C","please enter value manually","Archive link not yet assigned"
"boron_isotopes_martinez-boti_2015.xlsx",14,"C","please enter value manually","Archive link not yet assigned"
"boron_isotopes_martinez-boti_2015.xlsx",15,"C","please enter value manually","Archive link not yet assigned"
"boron_isotopes_martinez-boti_2015.xlsx",16,"C","please enter value manually","Archive link not yet assigned"
"boron_isotopes_martinez-boti_2015.xlsx",17,"C","please enter value manually","Archive link not yet assigned"
"boron_isotopes_martinez-boti_2015.xlsx",18,"C","please enter value manually","Archive link not yet assigned"
"boron_isotopes_martinez-boti_2015.xlsx",19,"C","please enter value manually","Archive link not yet assigned"
"boron_isotopes_martinez-boti_2015.xlsx",20,"C","please enter value manually","Archive link not yet assigned"
"boron_isotopes_martinez-boti_2015.xlsx",21,"C","please enter value manually","Archive link not yet assigned"
"boron_isotopes_martinez-boti_2015.xlsx",22,"C","please enter value manually","Archive link not yet assigned"
"boron_isotopes_martinez-boti_2015.xlsx",23,"C","please enter value manually","Archive link not yet assigned"
"boron_isotopes_martinez-boti_2015.xlsx",24,"C","please enter value manually","Archive link not yet assigned"
"boron_isotopes_martinez-boti_2015.xlsx",25,"C","please enter value manually","Archive link not yet assigned"
"boron_isotopes_martinez-boti_2015.xlsx",26,"C","please enter value manually","Archive link not yet assigned"
"boron_isotopes_martinez-boti_2015.xlsx",27,"C","please enter value manually","Archive link not yet assigned"
"boron_isotopes_martinez-boti_2015.xlsx",28,"C","please enter value manually","Archive link not yet assigned"
"boron_isotopes_martinez-boti_2015.xlsx",29,"C","please enter value manually","Archive link not yet assigned"
"boron_isotopes_martinez-boti_2015.xlsx",30,"C","please enter value manually","Archive link not yet assigned"
"boron_isotopes_martinez-boti_2015.xlsx",31,"C","please enter value manually","Archive link not yet assigned"
"boron_isotopes_martinez-boti_2015.xlsx",32,"C","please enter value manually","Archive link not yet assigned"
"boron_isotopes_martinez-boti_2015.xlsx",33,"C","please enter value manually","Archive link not yet assigned"
"boron_isotopes_martinez-boti_2015.xlsx",34,"C","please enter value manually","Archive link not yet assigned"
"boron_isotopes_martinez-boti_2015.xlsx",35,"C","please enter value manually","Archive link not yet assigned"
"boron_isotopes_martinez-boti_2015.xlsx",36,"C","please enter value manually","Archive link not yet assigned"
"boron_isotopes_martinez-boti_2015.xlsx",37,"C","please enter value manually","Archive link not yet assigned"
"boron_isotopes_martinez-boti_2015.xlsx",38,"C","please enter value manually","Archive link not yet assigned"
"boron_isotopes_martinez-boti_2015.xlsx",39,"C","please enter value manually","Archive link not yet assigned"
"boron_isotopes_martinez-boti_2015.xlsx",40,"C","please enter value manually","Archive link not yet assigned"
"boron_isotopes_martinez-boti_2015.xlsx",41,"C","please enter value manually","Archive link not yet assigned"
"boron_isotopes_martinez-boti_2015.xlsx",42,"C","please enter value manually","Archive link not yet assigned"
"boron_isotopes_martinez-boti_2015.xlsx",43,"C","please enter value manually","Archive link not yet assigned"
"boron_isotopes_martinez-boti_2015.xlsx",44,"C","please enter value manually","Archive link not yet assigned"
"boron_isotopes_martinez-boti_2015.xlsx",45,"C","please enter value manually","Archive link not yet assigned"
"boron_isotopes_martinez-boti_2015.xlsx",46,"C","please enter value manually","Archive link not yet assigned"
"boron_isotopes_martinez-boti_2015.xlsx",47,"C","please enter value manually","Archive link not yet assigned"
"boron_isotopes_martinez-boti_2015.xlsx",48,"C","please enter value manually","Archive link not yet assigned"
"boron_isotopes_martinez-boti_2015.xlsx",49,"C","please enter value manually","Archive link not yet assigned"
"boron_isotopes_martinez-boti_2015.xlsx",50,"C","please enter value manually","Archive link not yet assigned"
"boron_isotopes_martinez-boti_2015.xlsx",51,"C","please enter value manually","Archive link not yet assigned"
"boron_isotopes_martinez-boti_2015.xlsx",52,"C","please enter value manually","Archive link not yet assigned"
"boron_isotopes_martinez-boti_2015.xlsx",53,"C","please enter value manually","Archive link not yet assigned"
"boron_isotopes_martinez-boti_2015.xlsx",54,"C","please enter value manually","Archive link not yet assigned"
"boron_isotopes_martinez-boti_2015.xlsx",55,"C","please enter value manually","Archive link not yet assigned"
"boron_isotopes_martinez-boti_2015.xlsx",56,"C","please enter value manually","Archive link not yet assigned"
"boron_isotopes_martinez-boti_2015.xlsx",57,"C","please enter value manually","Archive link not yet assigned"
"boron_isotopes_martinez-boti_2015.xlsx",58,"C","please enter value manually","Archive link not yet assigned"
"boron_isotopes_martinez-boti_2015.xlsx",59,"C","please enter value manually","Archive link not yet assigned"
"boron_isotopes_martinez-boti_2015.xlsx",60,"C","please enter value manually","Archive link not yet assigned"
"boron_isotopes_martinez-boti_2015.xlsx",61,"C","please enter value manually","Archive link not yet assigned"
"boron_isotopes_martinez-boti_2015.xlsx",62,"C","please enter value manually","Archive link not yet assigned"
"boron_isotopes_martinez-boti_2015.xlsx",63,"C","please enter value manually","Archive link not yet assigned"
"boron_isotopes_martinez-boti_2015.xlsx",64,"C","please enter value manually","Archive link not yet assigned"
"boron_isotopes_martinez-boti_2015.xlsx",65,"C","please enter value manually","Archive link not yet assigned"
"boron_isotopes_martinez-boti_2015.xlsx",66,"C","please enter value manually","Archive link not yet assigned"
"boron_isotopes_martinez-boti_2015.xlsx",67,"C","please enter value manually","Archive link not yet assigned"
"boron_isotopes_martinez-boti_2015.xlsx",68,"C","please enter value manually","Archive link not yet assigned"
"boron_isotopes_martinez-boti_2015.xlsx",69,"C","please enter value manually","Archive link not yet assigned"
"boron_isotopes_martinez-boti_2015.xlsx",70,"C","please enter value manually","Archive link not yet assigned"
"boron_isotopes_martinez-boti_2015.xlsx",71,"C","please enter value manually","Archive link not yet assigned"
"boron_isotopes_martinez-boti_2015.xlsx",72,"C","please enter value manually","Archive link not yet assigned"
"boron_isotopes_martinez-boti_2015.xlsx",73,"C","please enter value manually","Archive link not yet assigned"
"boron_isotopes_martinez-boti_2015.xlsx",74,"C","please enter value manually","Archive link not yet assigned"
"boron_isotopes_martinez-boti_2015.xlsx",75,"C","please enter value manually","Archive link not yet assigned"
"boron_isotopes_martinez-boti_2015.xlsx",76,"C","please enter value manually","Archive link not yet assigned"
"boron_isotopes_martinez-boti_2015.xlsx",77,"C","please enter value manually","Archive link not yet assigned"
"boron_isotopes_martinez-boti_2015.xlsx",78,"C","please enter value manually","Archive link not yet assigned"
"boron_isotopes_martinez-boti_2015.xlsx",79,"C","please enter value manually","Archive link not yet assigned"
"boron_isotopes_martinez-boti_2015.xlsx",80,"C","please enter value manually","Archive link not yet assigned"
"boron_isotopes_martinez-boti_2015.xlsx",81,"C","please enter value manually","Archive link not yet assigned"
"boron_isotopes_martinez-boti_2015.xlsx",82,"C","please enter value manually","Archive link not yet assigned"
"boron_isotopes_martinez-boti_2015.xlsx",83,"C","please enter value manually","Archive link not yet assigned"
"boron_isotopes_martinez-boti_2015.xlsx",84,"C","please enter value manually","Archive link not yet assigned"
"boron_isotopes_martinez-boti_2015.xlsx",85,"C","please enter value manually","Archive link not yet assigned"
"boron_isotopes_pearson_2000.xlsx",4,"AH: type.of.uncertainty.(e.g.,.set.value,.normal.distribution,.+/-.range)","Set Range","Uncertainty magnitude present; type missing or not handled by this mapping"
"boron_isotopes_pearson_2000.xlsx",5,"AH: type.of.uncertainty.(e.g.,.set.value,.normal.distribution,.+/-.range)","Set Range","Uncertainty magnitude present; type missing or not handled by this mapping"
"boron_isotopes_pearson_2000.xlsx",6,"AH: type.of.uncertainty.(e.g.,.set.value,.normal.distribution,.+/-.range)","Set Range","Uncertainty magnitude present; type missing or not handled by this mapping"
"boron_isotopes_pearson_2000.xlsx",7,"AH: type.of.uncertainty.(e.g.,.set.value,.normal.distribution,.+/-.range)","Set Range","Uncertainty magnitude present; type missing or not handled by this mapping"
"boron_isotopes_pearson_2000.xlsx",8,"AH: type.of.uncertainty.(e.g.,.set.value,.normal.distribution,.+/-.range)","Set Range","Uncertainty magnitude present; type missing or not handled by this mapping"
"boron_isotopes_pearson_2000.xlsx",9,"AH: type.of.uncertainty.(e.g.,.set.value,.normal.distribution,.+/-.range)","Set Range","Uncertainty magnitude present; type missing or not handled by this mapping"
"boron_isotopes_pearson_2000.xlsx",10,"AH: type.of.uncertainty.(e.g.,.set.value,.normal.distribution,.+/-.range)","Set Range","Uncertainty magnitude present; type missing or not handled by this mapping"
"boron_isotopes_pearson_2000.xlsx",11,"AH: type.of.uncertainty.(e.g.,.set.value,.normal.distribution,.+/-.range)","Set Range","Uncertainty magnitude present; type missing or not handled by this mapping"
"boron_isotopes_pearson_2000.xlsx",12,"AH: type.of.uncertainty.(e.g.,.set.value,.normal.distribution,.+/-.range)","Set Range","Uncertainty magnitude present; type missing or not handled by this mapping"
"boron_isotopes_pearson_2000.xlsx",13,"AH: type.of.uncertainty.(e.g.,.set.value,.normal.distribution,.+/-.range)","Set Range","Uncertainty magnitude present; type missing or not handled by this mapping"
"boron_isotopes_pearson_2000.xlsx",14,"AH: type.of.uncertainty.(e.g.,.set.value,.normal.distribution,.+/-.range)","Set Range","Uncertainty magnitude present; type missing or not handled by this mapping"
"boron_isotopes_pearson_2000.xlsx",15,"AH: type.of.uncertainty.(e.g.,.set.value,.normal.distribution,.+/-.range)","Set Range","Uncertainty magnitude present; type missing or not handled by this mapping"
"boron_isotopes_pearson_2000.xlsx",16,"AH: type.of.uncertainty.(e.g.,.set.value,.normal.distribution,.+/-.range)","Set Range","Uncertainty magnitude present; type missing or not handled by this mapping"
"boron_isotopes_pearson_2000.xlsx",17,"AH: type.of.uncertainty.(e.g.,.set.value,.normal.distribution,.+/-.range)","Set Range","Uncertainty magnitude present; type missing or not handled by this mapping"
"boron_isotopes_pearson_2000.xlsx",18,"AH: type.of.uncertainty.(e.g.,.set.value,.normal.distribution,.+/-.range)","Set Range","Uncertainty magnitude present; type missing or not handled by this mapping"
"boron_isotopes_pearson_2000.xlsx",19,"AH: type.of.uncertainty.(e.g.,.set.value,.normal.distribution,.+/-.range)","Set Range","Uncertainty magnitude present; type missing or not handled by this mapping"
"boron_isotopes_pearson_2000.xlsx",20,"AH: type.of.uncertainty.(e.g.,.set.value,.normal.distribution,.+/-.range)","Set Range","Uncertainty magnitude present; type missing or not handled by this mapping"
"boron_isotopes_pearson_2000.xlsx",21,"AH: type.of.uncertainty.(e.g.,.set.value,.normal.distribution,.+/-.range)","Set Range","Uncertainty magnitude present; type missing or not handled by this mapping"
"boron_isotopes_pearson_2000.xlsx",22,"AH: type.of.uncertainty.(e.g.,.set.value,.normal.distribution,.+/-.range)","Set Range","Uncertainty magnitude present; type missing or not handled by this mapping"
"boron_isotopes_pearson_2000.xlsx",23,"AH: type.of.uncertainty.(e.g.,.set.value,.normal.distribution,.+/-.range)","Set Range","Uncertainty magnitude present; type missing or not handled by this mapping"
"boron_isotopes_pearson_2000.xlsx",24,"AH: type.of.uncertainty.(e.g.,.set.value,.normal.distribution,.+/-.range)","Set Range","Uncertainty magnitude present; type missing or not handled by this mapping"
"boron_isotopes_pearson_2000.xlsx",4,"C","please enter value manually","Archive link not yet assigned"
"boron_isotopes_pearson_2000.xlsx",5,"C","please enter value manually","Archive link not yet assigned"
"boron_isotopes_pearson_2000.xlsx",6,"C","please enter value manually","Archive link not yet assigned"
"boron_isotopes_pearson_2000.xlsx",7,"C","please enter value manually","Archive link not yet assigned"
"boron_isotopes_pearson_2000.xlsx",8,"C","please enter value manually","Archive link not yet assigned"
"boron_isotopes_pearson_2000.xlsx",9,"C","please enter value manually","Archive link not yet assigned"
"boron_isotopes_pearson_2000.xlsx",10,"C","please enter value manually","Archive link not yet assigned"
"boron_isotopes_pearson_2000.xlsx",11,"C","please enter value manually","Archive link not yet assigned"
"boron_isotopes_pearson_2000.xlsx",12,"C","please enter value manually","Archive link not yet assigned"
"boron_isotopes_pearson_2000.xlsx",13,"C","please enter value manually","Archive link not yet assigned"
"boron_isotopes_pearson_2000.xlsx",14,"C","please enter value manually","Archive link not yet assigned"
"boron_isotopes_pearson_2000.xlsx",15,"C","please enter value manually","Archive link not yet assigned"
"boron_isotopes_pearson_2000.xlsx",16,"C","please enter value manually","Archive link not yet assigned"
"boron_isotopes_pearson_2000.xlsx",17,"C","please enter value manually","Archive link not yet assigned"
"boron_isotopes_pearson_2000.xlsx",18,"C","please enter value manually","Archive link not yet assigned"
"boron_isotopes_pearson_2000.xlsx",19,"C","please enter value manually","Archive link not yet assigned"
"boron_isotopes_pearson_2000.xlsx",20,"C","please enter value manually","Archive link not yet assigned"
"boron_isotopes_pearson_2000.xlsx",21,"C","please enter value manually","Archive link not yet assigned"
"boron_isotopes_pearson_2000.xlsx",22,"C","please enter value manually","Archive link not yet assigned"
"boron_isotopes_pearson_2000.xlsx",23,"C","please enter value manually","Archive link not yet assigned"
"boron_isotopes_pearson_2000.xlsx",24,"C","please enter value manually","Archive link not yet assigned"
"boron_isotopes_seki_2010.xlsx",4,"S","NA (Uk'37 used ) ","Alternative source value present but Mg/Ca column S remains blank"
"boron_isotopes_seki_2010.xlsx",5,"S","NA (Uk'37 used ) ","Alternative source value present but Mg/Ca column S remains blank"
"boron_isotopes_seki_2010.xlsx",6,"S","NA (Uk'37 used ) ","Alternative source value present but Mg/Ca column S remains blank"
"boron_isotopes_seki_2010.xlsx",7,"S","NA (Uk'37 used ) ","Alternative source value present but Mg/Ca column S remains blank"
"boron_isotopes_seki_2010.xlsx",8,"S","NA (Uk'37 used ) ","Alternative source value present but Mg/Ca column S remains blank"
"boron_isotopes_seki_2010.xlsx",9,"S","NA (Uk'37 used ) ","Alternative source value present but Mg/Ca column S remains blank"
"boron_isotopes_seki_2010.xlsx",10,"S","NA (Uk'37 used ) ","Alternative source value present but Mg/Ca column S remains blank"
"boron_isotopes_seki_2010.xlsx",11,"S","NA (Uk'37 used ) ","Alternative source value present but Mg/Ca column S remains blank"
"boron_isotopes_seki_2010.xlsx",12,"S","NA (Uk'37 used ) ","Alternative source value present but Mg/Ca column S remains blank"
"boron_isotopes_seki_2010.xlsx",13,"S","NA (Uk'37 used ) ","Alternative source value present but Mg/Ca column S remains blank"
"boron_isotopes_seki_2010.xlsx",14,"S","NA (Uk'37 used ) ","Alternative source value present but Mg/Ca column S remains blank"
"boron_isotopes_seki_2010.xlsx",15,"S","NA (Uk'37 used ) ","Alternative source value present but Mg/Ca column S remains blank"
"boron_isotopes_seki_2010.xlsx",16,"S","NA (Uk'37 used ) ","Alternative source value present but Mg/Ca column S remains blank"
"boron_isotopes_seki_2010.xlsx",17,"S","NA (Uk'37 used ) ","Alternative source value present but Mg/Ca column S remains blank"
"boron_isotopes_seki_2010.xlsx",18,"S","NA (Uk'37 used ) ","Alternative source value present but Mg/Ca column S remains blank"
"boron_isotopes_seki_2010.xlsx",19,"S","NA (Uk'37 used ) ","Alternative source value present but Mg/Ca column S remains blank"
"boron_isotopes_seki_2010.xlsx",20,"S","NA (Uk'37 used ) ","Alternative source value present but Mg/Ca column S remains blank"
"boron_isotopes_seki_2010.xlsx",21,"S","NA (Uk'37 used ) ","Alternative source value present but Mg/Ca column S remains blank"
"boron_isotopes_seki_2010.xlsx",22,"S","NA (Uk'37 used ) ","Alternative source value present but Mg/Ca column S remains blank"
"boron_isotopes_seki_2010.xlsx",23,"S","NA (Uk'37 used ) ","Alternative source value present but Mg/Ca column S remains blank"
"boron_isotopes_seki_2010.xlsx",4,"BY: type.of.uncertainty.(e.g.,.set.value,.normal.distribution,.+/-.range)",,"Uncertainty magnitude present; type missing or not handled by this mapping"
"boron_isotopes_seki_2010.xlsx",5,"BY: type.of.uncertainty.(e.g.,.set.value,.normal.distribution,.+/-.range)",,"Uncertainty magnitude present; type missing or not handled by this mapping"
"boron_isotopes_seki_2010.xlsx",6,"BY: type.of.uncertainty.(e.g.,.set.value,.normal.distribution,.+/-.range)",,"Uncertainty magnitude present; type missing or not handled by this mapping"
"boron_isotopes_seki_2010.xlsx",7,"BY: type.of.uncertainty.(e.g.,.set.value,.normal.distribution,.+/-.range)",,"Uncertainty magnitude present; type missing or not handled by this mapping"
"boron_isotopes_seki_2010.xlsx",8,"BY: type.of.uncertainty.(e.g.,.set.value,.normal.distribution,.+/-.range)",,"Uncertainty magnitude present; type missing or not handled by this mapping"
"boron_isotopes_seki_2010.xlsx",9,"BY: type.of.uncertainty.(e.g.,.set.value,.normal.distribution,.+/-.range)",,"Uncertainty magnitude present; type missing or not handled by this mapping"
"boron_isotopes_seki_2010.xlsx",10,"BY: type.of.uncertainty.(e.g.,.set.value,.normal.distribution,.+/-.range)",,"Uncertainty magnitude present; type missing or not handled by this mapping"
"boron_isotopes_seki_2010.xlsx",11,"BY: type.of.uncertainty.(e.g.,.set.value,.normal.distribution,.+/-.range)",,"Uncertainty magnitude present; type missing or not handled by this mapping"
"boron_isotopes_seki_2010.xlsx",12,"BY: type.of.uncertainty.(e.g.,.set.value,.normal.distribution,.+/-.range)",,"Uncertainty magnitude present; type missing or not handled by this mapping"
"boron_isotopes_seki_2010.xlsx",13,"BY: type.of.uncertainty.(e.g.,.set.value,.normal.distribution,.+/-.range)",,"Uncertainty magnitude present; type missing or not handled by this mapping"
"boron_isotopes_seki_2010.xlsx",14,"BY: type.of.uncertainty.(e.g.,.set.value,.normal.distribution,.+/-.range)",,"Uncertainty magnitude present; type missing or not handled by this mapping"
"boron_isotopes_seki_2010.xlsx",15,"BY: type.of.uncertainty.(e.g.,.set.value,.normal.distribution,.+/-.range)",,"Uncertainty magnitude present; type missing or not handled by this mapping"
"boron_isotopes_seki_2010.xlsx",16,"BY: type.of.uncertainty.(e.g.,.set.value,.normal.distribution,.+/-.range)",,"Uncertainty magnitude present; type missing or not handled by this mapping"
"boron_isotopes_seki_2010.xlsx",17,"BY: type.of.uncertainty.(e.g.,.set.value,.normal.distribution,.+/-.range)",,"Uncertainty magnitude present; type missing or not handled by this mapping"
"boron_isotopes_seki_2010.xlsx",18,"BY: type.of.uncertainty.(e.g.,.set.value,.normal.distribution,.+/-.range)",,"Uncertainty magnitude present; type missing or not handled by this mapping"
"boron_isotopes_seki_2010.xlsx",19,"BY: type.of.uncertainty.(e.g.,.set.value,.normal.distribution,.+/-.range)",,"Uncertainty magnitude present; type missing or not handled by this mapping"
"boron_isotopes_seki_2010.xlsx",20,"BY: type.of.uncertainty.(e.g.,.set.value,.normal.distribution,.+/-.range)",,"Uncertainty magnitude present; type missing or not handled by this mapping"
"boron_isotopes_seki_2010.xlsx",21,"BY: type.of.uncertainty.(e.g.,.set.value,.normal.distribution,.+/-.range)",,"Uncertainty magnitude present; type missing or not handled by this mapping"
"boron_isotopes_seki_2010.xlsx",22,"BY: type.of.uncertainty.(e.g.,.set.value,.normal.distribution,.+/-.range)",,"Uncertainty magnitude present; type missing or not handled by this mapping"
"boron_isotopes_seki_2010.xlsx",23,"BY: type.of.uncertainty.(e.g.,.set.value,.normal.distribution,.+/-.range)",,"Uncertainty magnitude present; type missing or not handled by this mapping"
"boron_isotopes_seki_2010.xlsx",4,"C","please enter value manually","Archive link not yet assigned"
"boron_isotopes_seki_2010.xlsx",5,"C","please enter value manually","Archive link not yet assigned"
"boron_isotopes_seki_2010.xlsx",6,"C","please enter value manually","Archive link not yet assigned"
"boron_isotopes_seki_2010.xlsx",7,"C","please enter value manually","Archive link not yet assigned"
"boron_isotopes_seki_2010.xlsx",8,"C","please enter value manually","Archive link not yet assigned"
"boron_isotopes_seki_2010.xlsx",9,"C","please enter value manually","Archive link not yet assigned"
"boron_isotopes_seki_2010.xlsx",10,"C","please enter value manually","Archive link not yet assigned"
"boron_isotopes_seki_2010.xlsx",11,"C","please enter value manually","Archive link not yet assigned"
"boron_isotopes_seki_2010.xlsx",12,"C","please enter value manually","Archive link not yet assigned"
"boron_isotopes_seki_2010.xlsx",13,"C","please enter value manually","Archive link not yet assigned"
"boron_isotopes_seki_2010.xlsx",14,"C","please enter value manually","Archive link not yet assigned"
"boron_isotopes_seki_2010.xlsx",15,"C","please enter value manually","Archive link not yet assigned"
"boron_isotopes_seki_2010.xlsx",16,"C","please enter value manually","Archive link not yet assigned"
"boron_isotopes_seki_2010.xlsx",17,"C","please enter value manually","Archive link not yet assigned"
"boron_isotopes_seki_2010.xlsx",18,"C","please enter value manually","Archive link not yet assigned"
"boron_isotopes_seki_2010.xlsx",19,"C","please enter value manually","Archive link not yet assigned"
"boron_isotopes_seki_2010.xlsx",20,"C","please enter value manually","Archive link not yet assigned"
"boron_isotopes_seki_2010.xlsx",21,"C","please enter value manually","Archive link not yet assigned"
"boron_isotopes_seki_2010.xlsx",22,"C","please enter value manually","Archive link not yet assigned"
"boron_isotopes_seki_2010.xlsx",23,"C","please enter value manually","Archive link not yet assigned"
"boron_isotopes_sosdian_2018.xlsx",50,"S","NA (Uk'37 used ) ","Alternative source value present but Mg/Ca column S remains blank"
"boron_isotopes_sosdian_2018.xlsx",51,"S","NA (Uk'37 used ) ","Alternative source value present but Mg/Ca column S remains blank"
"boron_isotopes_sosdian_2018.xlsx",52,"S","NA (Uk'37 used ) ","Alternative source value present but Mg/Ca column S remains blank"
"boron_isotopes_sosdian_2018.xlsx",53,"S","NA (Uk'37 used ) ","Alternative source value present but Mg/Ca column S remains blank"
"boron_isotopes_sosdian_2018.xlsx",54,"S","NA (Uk'37 used ) ","Alternative source value present but Mg/Ca column S remains blank"
"boron_isotopes_sosdian_2018.xlsx",55,"S","NA (Uk'37 used ) ","Alternative source value present but Mg/Ca column S remains blank"
"boron_isotopes_sosdian_2018.xlsx",56,"S","NA (Uk'37 used ) ","Alternative source value present but Mg/Ca column S remains blank"
"boron_isotopes_sosdian_2018.xlsx",57,"S","NA (Uk'37 used ) ","Alternative source value present but Mg/Ca column S remains blank"
"boron_isotopes_sosdian_2018.xlsx",4,"C","please enter value manually","Archive link not yet assigned"
"boron_isotopes_sosdian_2018.xlsx",5,"C","please enter value manually","Archive link not yet assigned"
"boron_isotopes_sosdian_2018.xlsx",6,"C","please enter value manually","Archive link not yet assigned"
"boron_isotopes_sosdian_2018.xlsx",7,"C","please enter value manually","Archive link not yet assigned"
"boron_isotopes_sosdian_2018.xlsx",8,"C","please enter value manually","Archive link not yet assigned"
"boron_isotopes_sosdian_2018.xlsx",9,"C","please enter value manually","Archive link not yet assigned"
"boron_isotopes_sosdian_2018.xlsx",10,"C","please enter value manually","Archive link not yet assigned"
"boron_isotopes_sosdian_2018.xlsx",11,"C","please enter value manually","Archive link not yet assigned"
"boron_isotopes_sosdian_2018.xlsx",12,"C","please enter value manually","Archive link not yet assigned"
"boron_isotopes_sosdian_2018.xlsx",13,"C","please enter value manually","Archive link not yet assigned"
"boron_isotopes_sosdian_2018.xlsx",14,"C","please enter value manually","Archive link not yet assigned"
"boron_isotopes_sosdian_2018.xlsx",15,"C","please enter value manually","Archive link not yet assigned"
"boron_isotopes_sosdian_2018.xlsx",16,"C","please enter value manually","Archive link not yet assigned"
"boron_isotopes_sosdian_2018.xlsx",17,"C","please enter value manually","Archive link not yet assigned"
"boron_isotopes_sosdian_2018.xlsx",18,"C","please enter value manually","Archive link not yet assigned"
"boron_isotopes_sosdian_2018.xlsx",19,"C","please enter value manually","Archive link not yet assigned"
"boron_isotopes_sosdian_2018.xlsx",20,"C","please enter value manually","Archive link not yet assigned"
"boron_isotopes_sosdian_2018.xlsx",21,"C","please enter value manually","Archive link not yet assigned"
"boron_isotopes_sosdian_2018.xlsx",22,"C","please enter value manually","Archive link not yet assigned"
"boron_isotopes_sosdian_2018.xlsx",23,"C","please enter value manually","Archive link not yet assigned"
"boron_isotopes_sosdian_2018.xlsx",24,"C","please enter value manually","Archive link not yet assigned"
"boron_isotopes_sosdian_2018.xlsx",25,"C","please enter value manually","Archive link not yet assigned"
"boron_isotopes_sosdian_2018.xlsx",26,"C","please enter value manually","Archive link not yet assigned"
"boron_isotopes_sosdian_2018.xlsx",27,"C","please enter value manually","Archive link not yet assigned"
"boron_isotopes_sosdian_2018.xlsx",28,"C","please enter value manually","Archive link not yet assigned"
"boron_isotopes_sosdian_2018.xlsx",29,"C","please enter value manually","Archive link not yet assigned"
"boron_isotopes_sosdian_2018.xlsx",30,"C","please enter value manually","Archive link not yet assigned"
"boron_isotopes_sosdian_2018.xlsx",31,"C","please enter value manually","Archive link not yet assigned"
"boron_isotopes_sosdian_2018.xlsx",32,"C","please enter value manually","Archive link not yet assigned"
"boron_isotopes_sosdian_2018.xlsx",33,"C","please enter value manually","Archive link not yet assigned"
"boron_isotopes_sosdian_2018.xlsx",34,"C","please enter value manually","Archive link not yet assigned"
"boron_isotopes_sosdian_2018.xlsx",35,"C","please enter value manually","Archive link not yet assigned"
"boron_isotopes_sosdian_2018.xlsx",36,"C","please enter value manually","Archive link not yet assigned"
"boron_isotopes_sosdian_2018.xlsx",37,"C","please enter value manually","Archive link not yet assigned"
"boron_isotopes_sosdian_2018.xlsx",38,"C","please enter value manually","Archive link not yet assigned"
"boron_isotopes_sosdian_2018.xlsx",39,"C","please enter value manually","Archive link not yet assigned"
"boron_isotopes_sosdian_2018.xlsx",40,"C","please enter value manually","Archive link not yet assigned"
"boron_isotopes_sosdian_2018.xlsx",41,"C","please enter value manually","Archive link not yet assigned"
"boron_isotopes_sosdian_2018.xlsx",42,"C","please enter value manually","Archive link not yet assigned"
"boron_isotopes_sosdian_2018.xlsx",43,"C","please enter value manually","Archive link not yet assigned"
"boron_isotopes_sosdian_2018.xlsx",44,"C","please enter value manually","Archive link not yet assigned"
"boron_isotopes_sosdian_2018.xlsx",45,"C","please enter value manually","Archive link not yet assigned"
"boron_isotopes_sosdian_2018.xlsx",46,"C","please enter value manually","Archive link not yet assigned"
"boron_isotopes_sosdian_2018.xlsx",47,"C","please enter value manually","Archive link not yet assigned"
"boron_isotopes_sosdian_2018.xlsx",48,"C","please enter value manually","Archive link not yet assigned"
"boron_isotopes_sosdian_2018.xlsx",49,"C","please enter value manually","Archive link not yet assigned"
"boron_isotopes_sosdian_2018.xlsx",50,"C","please enter value manually","Archive link not yet assigned"
"boron_isotopes_sosdian_2018.xlsx",51,"C","please enter value manually","Archive link not yet assigned"
"boron_isotopes_sosdian_2018.xlsx",52,"C","please enter value manually","Archive link not yet assigned"
"boron_isotopes_sosdian_2018.xlsx",53,"C","please enter value manually","Archive link not yet assigned"
"boron_isotopes_sosdian_2018.xlsx",54,"C","please enter value manually","Archive link not yet assigned"
"boron_isotopes_sosdian_2018.xlsx",55,"C","please enter value manually","Archive link not yet assigned"
"boron_isotopes_sosdian_2018.xlsx",56,"C","please enter value manually","Archive link not yet assigned"
"boron_isotopes_sosdian_2018.xlsx",57,"C","please enter value manually","Archive link not yet assigned"
"boron_isotopes_sosdian_2018.xlsx",58,"C","please enter value manually","Archive link not yet assigned"
"boron_isotopes_sosdian_2018.xlsx",59,"C","please enter value manually","Archive link not yet assigned"
"boron_isotopes_sosdian_2018.xlsx",60,"C","please enter value manually","Archive link not yet assigned"
"boron_isotopes_sosdian_2018.xlsx",61,"C","please enter value manually","Archive link not yet assigned"
"boron_isotopes_sosdian_2018.xlsx",62,"C","please enter value manually","Archive link not yet assigned"
"boron_isotopes_sosdian_2018.xlsx",63,"C","please enter value manually","Archive link not yet assigned"
"boron_isotopes_sosdian_2018.xlsx",64,"C","please enter value manually","Archive link not yet assigned"
"boron_isotopes_sosdian_2018.xlsx",65,"C","please enter value manually","Archive link not yet assigned"
"boron_isotopes_sosdian_2018.xlsx",66,"C","please enter value manually","Archive link not yet assigned"
"boron_isotopes_sosdian_2018.xlsx",67,"C","please enter value manually","Archive link not yet assigned"
"boron_isotopes_sosdian_2018.xlsx",68,"C","please enter value manually","Archive link not yet assigned"
"boron_isotopes_sosdian_2018.xlsx",69,"C","please enter value manually","Archive link not yet assigned"
"boron_isotopes_sosdian_2018.xlsx",70,"C","please enter value manually","Archive link not yet assigned"
"boron_isotopes_sosdian_2018.xlsx",71,"C","please enter value manually","Archive link not yet assigned"
"boron_isotopes_sosdian_2018.xlsx",72,"C","please enter value manually","Archive link not yet assigned"
"boron_isotopes_sosdian_2018.xlsx",73,"C","please enter value manually","Archive link not yet assigned"
"boron_isotopes_sosdian_2018.xlsx",74,"C","please enter value manually","Archive link not yet assigned"
"boron_isotopes_sosdian_2018.xlsx",75,"C","please enter value manually","Archive link not yet assigned"
"boron_isotopes_sosdian_2018.xlsx",76,"C","please enter value manually","Archive link not yet assigned"
"boron_isotopes_sosdian_2018.xlsx",77,"C","please enter value manually","Archive link not yet assigned"
"boron_isotopes_sosdian_2018.xlsx",78,"C","please enter value manually","Archive link not yet assigned"
"boron_isotopes_sosdian_2018.xlsx",79,"C","please enter value manually","Archive link not yet assigned"
"boron_isotopes_sosdian_2018.xlsx",80,"C","please enter value manually","Archive link not yet assigned"
"boron_isotopes_sosdian_2018.xlsx",81,"C","please enter value manually","Archive link not yet assigned"
"boron_isotopes_sosdian_2018.xlsx",82,"C","please enter value manually","Archive link not yet assigned"
"boron_isotopes_sosdian_2018.xlsx",83,"C","please enter value manually","Archive link not yet assigned"
"boron_isotopes_sosdian_2018.xlsx",84,"C","please enter value manually","Archive link not yet assigned"
"boron_isotopes_sosdian_2018.xlsx",85,"C","please enter value manually","Archive link not yet assigned"
"boron_isotopes_sosdian_2018.xlsx",86,"C","please enter value manually","Archive link not yet assigned"
"boron_isotopes_sosdian_2018.xlsx",87,"C","please enter value manually","Archive link not yet assigned"
"boron_isotopes_sosdian_2018.xlsx",88,"C","please enter value manually","Archive link not yet assigned"
"boron_isotopes_sosdian_2018.xlsx",89,"C","please enter value manually","Archive link not yet assigned"
"boron_isotopes_sosdian_2018.xlsx",90,"C","please enter value manually","Archive link not yet assigned"
"boron_isotopes_sosdian_2018.xlsx",91,"C","please enter value manually","Archive link not yet assigned"
"boron_isotopes_sosdian_2018.xlsx",92,"C","please enter value manually","Archive link not yet assigned"
"boron_isotopes_sosdian_2018.xlsx",93,"C","please enter value manually","Archive link not yet assigned"
"boron_isotopes_sosdian_2018.xlsx",94,"C","please enter value manually","Archive link not yet assigned"
"boron_isotopes_sosdian_2018.xlsx",95,"C","please enter value manually","Archive link not yet assigned"
"boron_isotopes_sosdian_2018.xlsx",96,"C","please enter value manually","Archive link not yet assigned"
"boron_isotopes_sosdian_2018.xlsx",97,"C","please enter value manually","Archive link not yet assigned"
"boron_isotopes_sosdian_2018.xlsx",98,"C","please enter value manually","Archive link not yet assigned"
"boron_isotopes_sosdian_2018.xlsx",99,"C","please enter value manually","Archive link not yet assigned"
"boron_isotopes_sosdian_2018.xlsx",100,"C","please enter value manually","Archive link not yet assigned"
"boron_isotopes_sosdian_2018.xlsx",101,"C","please enter value manually","Archive link not yet assigned"
"boron_isotopes_sosdian_2018.xlsx",102,"C","please enter value manually","Archive link not yet assigned"
"boron_isotopes_sosdian_2018.xlsx",103,"C","please enter value manually","Archive link not yet assigned"
"boron_isotopes_sosdian_2018.xlsx",104,"C","please enter value manually","Archive link not yet assigned"
"boron_isotopes_sosdian_2018.xlsx",105,"C","please enter value manually","Archive link not yet assigned"
"boron_isotopes_sosdian_2018.xlsx",106,"C","please enter value manually","Archive link not yet assigned"
"boron_isotopes_sosdian_2018.xlsx",107,"C","please enter value manually","Archive link not yet assigned"
"boron_isotopes_sosdian_2018.xlsx",108,"C","please enter value manually","Archive link not yet assigned"
"boron_isotopes_sosdian_2018.xlsx",109,"C","please enter value manually","Archive link not yet assigned"
"boron_isotopes_sosdian_2018.xlsx",110,"C","please enter value manually","Archive link not yet assigned"
"boron_isotopes_sosdian_2018.xlsx",111,"C","please enter value manually","Archive link not yet assigned"
"boron_isotopes_sosdian_2018.xlsx",112,"C","please enter value manually","Archive link not yet assigned"
"boron_isotopes_sosdian_2018.xlsx",113,"C","please enter value manually","Archive link not yet assigned"
"boron_isotopes_sosdian_2018.xlsx",114,"C","please enter value manually","Archive link not yet assigned"
"boron_isotopes_sosdian_2018.xlsx",115,"C","please enter value manually","Archive link not yet assigned"
"boron_isotopes_sosdian_2018.xlsx",116,"C","please enter value manually","Archive link not yet assigned"
"boron_isotopes_sosdian_2018.xlsx",117,"C","please enter value manually","Archive link not yet assigned"
"boron_isotopes_sosdian_2018.xlsx",118,"C","please enter value manually","Archive link not yet assigned"
"boron_isotopes_sosdian_2018.xlsx",119,"C","please enter value manually","Archive link not yet assigned"
"boron_isotopes_sosdian_2018.xlsx",120,"C","please enter value manually","Archive link not yet assigned"
"boron_isotopes_sosdian_2018.xlsx",121,"C","please enter value manually","Archive link not yet assigned"
"boron_isotopes_sosdian_2018.xlsx",122,"C","please enter value manually","Archive link not yet assigned"
"boron_isotopes_sosdian_2018.xlsx",123,"C","please enter value manually","Archive link not yet assigned"
"boron_isotopes_sosdian_2018.xlsx",124,"C","please enter value manually","Archive link not yet assigned"
"boron_isotopes_sosdian_2018.xlsx",125,"C","please enter value manually","Archive link not yet assigned"
"boron_isotopes_sosdian_2018.xlsx",126,"C","please enter value manually","Archive link not yet assigned"
"boron_isotopes_sosdian_2018.xlsx",127,"C","please enter value manually","Archive link not yet assigned"
"boron_isotopes_sosdian_2018.xlsx",128,"C","please enter value manually","Archive link not yet assigned"
"boron_isotopes_sosdian_2018.xlsx",129,"C","please enter value manually","Archive link not yet assigned"
"boron_isotopes_sosdian_2018.xlsx",130,"C","please enter value manually","Archive link not yet assigned"
"boron_isotopes_sosdian_2018.xlsx",131,"C","please enter value manually","Archive link not yet assigned"
"boron_isotopes_sosdian_2018.xlsx",132,"C","please enter value manually","Archive link not yet assigned"
"boron_isotopes_sosdian_2018.xlsx",133,"C","please enter value manually","Archive link not yet assigned"
"boron_isotopes_sosdian_2018.xlsx",134,"C","please enter value manually","Archive link not yet assigned"
"boron_isotopes_sosdian_2018.xlsx",135,"C","please enter value manually","Archive link not yet assigned"
"boron_isotopes_sosdian_2018.xlsx",136,"C","please enter value manually","Archive link not yet assigned"
"boron_isotopes_sosdian_2018.xlsx",137,"C","please enter value manually","Archive link not yet assigned"
"boron_isotopes_sosdian_2018.xlsx",138,"C","please enter value manually","Archive link not yet assigned"
"boron_isotopes_sosdian_2018.xlsx",139,"C","please enter value manually","Archive link not yet assigned"
"boron_isotopes_sosdian_2018.xlsx",140,"C","please enter value manually","Archive link not yet assigned"
"boron_isotopes_sosdian_2018.xlsx",141,"C","please enter value manually","Archive link not yet assigned"
"boron_isotopes_sosdian_2018.xlsx",142,"C","please enter value manually","Archive link not yet assigned"
"boron_isotopes_sosdian_2018.xlsx",143,"C","please enter value manually","Archive link not yet assigned"
"boron_isotopes_sosdian_2018.xlsx",144,"C","please enter value manually","Archive link not yet assigned"
"boron_isotopes_sosdian_2018.xlsx",145,"C","please enter value manually","Archive link not yet assigned"
"boron_isotopes_sosdian_2018.xlsx",146,"C","please enter value manually","Archive link not yet assigned"
"boron_isotopes_sosdian_2018.xlsx",147,"C","please enter value manually","Archive link not yet assigned"
"boron_isotopes_sosdian_2018.xlsx",148,"C","please enter value manually","Archive link not yet assigned"
"boron_isotopes_sosdian_2018.xlsx",149,"C","please enter value manually","Archive link not yet assigned"
"boron_isotopes_sosdian_2018.xlsx",150,"C","please enter value manually","Archive link not yet assigned"
"boron_isotopes_sosdian_2018.xlsx",151,"C","please enter value manually","Archive link not yet assigned"
"boron_isotopes_sosdian_2018.xlsx",152,"C","please enter value manually","Archive link not yet assigned"
"boron_isotopes_sosdian_2018.xlsx",153,"C","please enter value manually","Archive link not yet assigned"
"boron_isotopes_sosdian_2018.xlsx",154,"C","please enter value manually","Archive link not yet assigned"
"boron_isotopes_sosdian_2018.xlsx",155,"C","please enter value manually","Archive link not yet assigned"
"boron_isotopes_sosdian_2018.xlsx",156,"C","please enter value manually","Archive link not yet assigned"
"boron_isotopes_sosdian_2018.xlsx",157,"C","please enter value manually","Archive link not yet assigned"
"boron_isotopes_sosdian_2018.xlsx",158,"C","please enter value manually","Archive link not yet assigned"
"boron_isotopes_sosdian_2018.xlsx",159,"C","please enter value manually","Archive link not yet assigned"
"boron_isotopes_sosdian_2018.xlsx",160,"C","please enter value manually","Archive link not yet assigned"
"boron_isotopes_sosdian_2018.xlsx",161,"C","please enter value manually","Archive link not yet assigned"
"boron_isotopes_sosdian_2018.xlsx",162,"C","please enter value manually","Archive link not yet assigned"
"boron_isotopes_sosdian_2018.xlsx",163,"C","please enter value manually","Archive link not yet assigned"
"boron_isotopes_sosdian_2018.xlsx",164,"C","please enter value manually","Archive link not yet assigned"
"boron_isotopes_sosdian_2018.xlsx",165,"C","please enter value manually","Archive link not yet assigned"
"boron_isotopes_sosdian_2018.xlsx",166,"C","please enter value manually","Archive link not yet assigned"
"boron_isotopes_sosdian_2018.xlsx",167,"C","please enter value manually","Archive link not yet assigned"
"boron_isotopes_sosdian_2018.xlsx",168,"C","please enter value manually","Archive link not yet assigned"
"boron_isotopes_sosdian_2018.xlsx",169,"C","please enter value manually","Archive link not yet assigned"
"boron_isotopes_sosdian_2018.xlsx",170,"C","please enter value manually","Archive link not yet assigned"
"boron_isotopes_sosdian_2018.xlsx",171,"C","please enter value manually","Archive link not yet assigned"
"boron_isotopes_sosdian_2018.xlsx",172,"C","please enter value manually","Archive link not yet assigned"
"boron_isotopes_sosdian_2018.xlsx",173,"C","please enter value manually","Archive link not yet assigned"
"boron_isotopes_sosdian_2018.xlsx",174,"C","please enter value manually","Archive link not yet assigned"
"boron_isotopes_sosdian_2018.xlsx",175,"C","please enter value manually","Archive link not yet assigned"
"boron_isotopes_sosdian_2018.xlsx",176,"C","please enter value manually","Archive link not yet assigned"
"boron_isotopes_sosdian_2018.xlsx",177,"C","please enter value manually","Archive link not yet assigned"
"boron_isotopes_sosdian_2018.xlsx",178,"C","please enter value manually","Archive link not yet assigned"
"boron_isotopes_sosdian_2018.xlsx",179,"C","please enter value manually","Archive link not yet assigned"
"boron_isotopes_sosdian_2018.xlsx",180,"C","please enter value manually","Archive link not yet assigned"
"boron_isotopes_sosdian_2018.xlsx",181,"C","please enter value manually","Archive link not yet assigned"
"boron_isotopes_sosdian_2018.xlsx",182,"C","please enter value manually","Archive link not yet assigned"
"boron_isotopes_sosdian_2018.xlsx",183,"C","please enter value manually","Archive link not yet assigned"
"boron_isotopes_sosdian_2018.xlsx",184,"C","please enter value manually","Archive link not yet assigned"
"boron_isotopes_sosdian_2018.xlsx",185,"C","please enter value manually","Archive link not yet assigned"
"boron_isotopes_sosdian_2018.xlsx",186,"C","please enter value manually","Archive link not yet assigned"
"boron_isotopes_sosdian_2018.xlsx",187,"C","please enter value manually","Archive link not yet assigned"
"boron_isotopes_sosdian_2018.xlsx",188,"C","please enter value manually","Archive link not yet assigned"
"boron_isotopes_sosdian_2018.xlsx",189,"C","please enter value manually","Archive link not yet assigned"
"boron_isotopes_sosdian_2018.xlsx",190,"C","please enter value manually","Archive link not yet assigned"
"boron_isotopes_sosdian_2018.xlsx",191,"C","please enter value manually","Archive link not yet assigned"
"boron_isotopes_sosdian_2018.xlsx",192,"C","please enter value manually","Archive link not yet assigned"
"boron_isotopes_sosdian_2018.xlsx",193,"C","please enter value manually","Archive link not yet assigned"
"boron_isotopes_sosdian_2018.xlsx",194,"C","please enter value manually","Archive link not yet assigned"
"boron_isotopes_sosdian_2018.xlsx",195,"C","please enter value manually","Archive link not yet assigned"
"boron_isotopes_sosdian_2018.xlsx",196,"C","please enter value manually","Archive link not yet assigned"
"boron_isotopes_sosdian_2018.xlsx",197,"C","please enter value manually","Archive link not yet assigned"
"boron_isotopes_sosdian_2018.xlsx",198,"C","please enter value manually","Archive link not yet assigned"
"boron_isotopes_sosdian_2018.xlsx",199,"C","please enter value manually","Archive link not yet assigned"
"boron_isotopes_sosdian_2018.xlsx",200,"C","please enter value manually","Archive link not yet assigned"
"boron_isotopes_sosdian_2018.xlsx",201,"C","please enter value manually","Archive link not yet assigned"
"boron_isotopes_sosdian_2018.xlsx",202,"C","please enter value manually","Archive link not yet assigned"
"boron_isotopes_sosdian_2018.xlsx",203,"C","please enter value manually","Archive link not yet assigned"
"boron_isotopes_sosdian_2018.xlsx",204,"C","please enter value manually","Archive link not yet assigned"
"boron_isotopes_sosdian_2018.xlsx",205,"C","please enter value manually","Archive link not yet assigned"
"boron_isotopes_sosdian_2018.xlsx",206,"C","please enter value manually","Archive link not yet assigned"
"boron_isotopes_sosdian_2018.xlsx",207,"C","please enter value manually","Archive link not yet assigned"
"boron_isotopes_sosdian_2018.xlsx",208,"C","please enter value manually","Archive link not yet assigned"
"boron_isotopes_sosdian_2018.xlsx",209,"C","please enter value manually","Archive link not yet assigned"
"boron_isotopes_sosdian_2018.xlsx",210,"C","please enter value manually","Archive link not yet assigned"
"boron_isotopes_sosdian_2018.xlsx",211,"C","please enter value manually","Archive link not yet assigned"
"boron_isotopes_sosdian_2018.xlsx",212,"C","please enter value manually","Archive link not yet assigned"
"boron_isotopes_sosdian_2018.xlsx",213,"C","please enter value manually","Archive link not yet assigned"
"boron_isotopes_sosdian_2018.xlsx",214,"C","please enter value manually","Archive link not yet assigned"
"boron_isotopes_sosdian_2018.xlsx",215,"C","please enter value manually","Archive link not yet assigned"
"boron_isotopes_sosdian_2018.xlsx",216,"C","please enter value manually","Archive link not yet assigned"
"boron_isotopes_sosdian_2018.xlsx",217,"C","please enter value manually","Archive link not yet assigned"
"boron_isotopes_sosdian_2018.xlsx",218,"C","please enter value manually","Archive link not yet assigned"
"boron_isotopes_sosdian_2018.xlsx",219,"C","please enter value manually","Archive link not yet assigned"
"boron_isotopes_sosdian_2018.xlsx",220,"C","please enter value manually","Archive link not yet assigned"
"boron_isotopes_sosdian_2018.xlsx",221,"C","please enter value manually","Archive link not yet assigned"
"boron_isotopes_sosdian_2018.xlsx",222,"C","please enter value manually","Archive link not yet assigned"
"boron_isotopes_sosdian_2018.xlsx",223,"C","please enter value manually","Archive link not yet assigned"
"boron_isotopes_sosdian_2018.xlsx",224,"C","please enter value manually","Archive link not yet assigned"
"boron_isotopes_sosdian_2018.xlsx",225,"C","please enter value manually","Archive link not yet assigned"
"boron_isotopes_sosdian_2018.xlsx",226,"C","please enter value manually","Archive link not yet assigned"
"boron_isotopes_sosdian_2018.xlsx",227,"C","please enter value manually","Archive link not yet assigned"
"boron_isotopes_sosdian_2018.xlsx",228,"C","please enter value manually","Archive link not yet assigned"
"boron_isotopes_sosdian_2018.xlsx",229,"C","please enter value manually","Archive link not yet assigned"
"boron_isotopes_sosdian_2018.xlsx",230,"C","please enter value manually","Archive link not yet assigned"
"boron_isotopes_sosdian_2018.xlsx",231,"C","please enter value manually","Archive link not yet assigned"
"boron_isotopes_sosdian_2018.xlsx",232,"C","please enter value manually","Archive link not yet assigned"
"boron_isotopes_sosdian_2018.xlsx",233,"C","please enter value manually","Archive link not yet assigned"
"boron_isotopes_sosdian_2018.xlsx",234,"C","please enter value manually","Archive link not yet assigned"
"boron_isotopes_sosdian_2018.xlsx",235,"C","please enter value manually","Archive link not yet assigned"
"boron_isotopes_sosdian_2018.xlsx",236,"C","please enter value manually","Archive link not yet assigned"
"boron_isotopes_sosdian_2018.xlsx",237,"C","please enter value manually","Archive link not yet assigned"
"boron_isotopes_sosdian_2018.xlsx",238,"C","please enter value manually","Archive link not yet assigned"
"boron_isotopes_sosdian_2018.xlsx",239,"C","please enter value manually","Archive link not yet assigned"
"boron_isotopes_sosdian_2018.xlsx",240,"C","please enter value manually","Archive link not yet assigned"
"boron_isotopes_sosdian_2018.xlsx",241,"C","please enter value manually","Archive link not yet assigned"
"boron_isotopes_sosdian_2018.xlsx",242,"C","please enter value manually","Archive link not yet assigned"
"boron_isotopes_sosdian_2018.xlsx",243,"C","please enter value manually","Archive link not yet assigned"
"boron_isotopes_sosdian_2018.xlsx",244,"C","please enter value manually","Archive link not yet assigned"
"boron_isotopes_sosdian_2018.xlsx",245,"C","please enter value manually","Archive link not yet assigned"
"boron_isotopes_sosdian_2018.xlsx",246,"C","please enter value manually","Archive link not yet assigned"
"boron_isotopes_sosdian_2018.xlsx",247,"C","please enter value manually","Archive link not yet assigned"
"boron_isotopes_sosdian_2018.xlsx",248,"C","please enter value manually","Archive link not yet assigned"
"boron_isotopes_sosdian_2018.xlsx",249,"C","please enter value manually","Archive link not yet assigned"
"boron_isotopes_sosdian_2018.xlsx",250,"C","please enter value manually","Archive link not yet assigned"
"boron_isotopes_sosdian_2018.xlsx",251,"C","please enter value manually","Archive link not yet assigned"
"boron_isotopes_sosdian_2018.xlsx",252,"C","please enter value manually","Archive link not yet assigned"
"boron_isotopes_sosdian_2018.xlsx",253,"C","please enter value manually","Archive link not yet assigned"
"boron_isotopes_sosdian_2018.xlsx",254,"C","please enter value manually","Archive link not yet assigned"
"boron_isotopes_sosdian_2018.xlsx",255,"C","please enter value manually","Archive link not yet assigned"
"boron_isotopes_sosdian_2018.xlsx",256,"C","please enter value manually","Archive link not yet assigned"
"boron_isotopes_sosdian_2018.xlsx",257,"C","please enter value manually","Archive link not yet assigned"
"boron_isotopes_sosdian_2018.xlsx",258,"C","please enter value manually","Archive link not yet assigned"
"boron_isotopes_sosdian_2018.xlsx",259,"C","please enter value manually","Archive link not yet assigned"
"boron_isotopes_sosdian_2018.xlsx",260,"C","please enter value manually","Archive link not yet assigned"
"boron_isotopes_sosdian_2018.xlsx",261,"C","please enter value manually","Archive link not yet assigned"
"boron_isotopes_sosdian_2018.xlsx",262,"C","please enter value manually","Archive link not yet assigned"
"boron_isotopes_sosdian_2018.xlsx",263,"C","please enter value manually","Archive link not yet assigned"
"boron_isotopes_sosdian_2018.xlsx",264,"C","please enter value manually","Archive link not yet assigned"
"boron_isotopes_sosdian_2018.xlsx",265,"C","please enter value manually","Archive link not yet assigned"
"boron_isotopes_sosdian_2018.xlsx",266,"C","please enter value manually","Archive link not yet assigned"
"boron_isotopes_sosdian_2018.xlsx",267,"C","please enter value manually","Archive link not yet assigned"
"boron_isotopes_sosdian_2018.xlsx",268,"C","please enter value manually","Archive link not yet assigned"
"boron_isotopes_sosdian_2018.xlsx",269,"C","please enter value manually","Archive link not yet assigned"
"boron_isotopes_sosdian_2018.xlsx",270,"C","please enter value manually","Archive link not yet assigned"
"boron_isotopes_sosdian_2018.xlsx",271,"C","please enter value manually","Archive link not yet assigned"
"boron_isotopes_sosdian_2018.xlsx",272,"C","please enter value manually","Archive link not yet assigned"
"boron_isotopes_sosdian_2018.xlsx",273,"C","please enter value manually","Archive link not yet assigned"
"boron_isotopes_sosdian_2018.xlsx",274,"C","please enter value manually","Archive link not yet assigned"
"boron_isotopes_sosdian_2018.xlsx",275,"C","please enter value manually","Archive link not yet assigned"
"boron_isotopes_sosdian_2018.xlsx",276,"C","please enter value manually","Archive link not yet assigned"
"boron_isotopes_sosdian_2018.xlsx",277,"C","please enter value manually","Archive link not yet assigned"
"boron_isotopes_sosdian_2018.xlsx",278,"C","please enter value manually","Archive link not yet assigned"
"boron_isotopes_sosdian_2018.xlsx",279,"C","please enter value manually","Archive link not yet assigned"
"boron_isotopes_sosdian_2018.xlsx",280,"C","please enter value manually","Archive link not yet assigned"
"boron_isotopes_sosdian_2018.xlsx",281,"C","please enter value manually","Archive link not yet assigned"
"boron_isotopes_sosdian_2018.xlsx",282,"C","please enter value manually","Archive link not yet assigned"
"boron_isotopes_sosdian_2018.xlsx",283,"C","please enter value manually","Archive link not yet assigned"
"boron_isotopes_sosdian_2018.xlsx",284,"C","please enter value manually","Archive link not yet assigned"
"boron_isotopes_sosdian_2018.xlsx",285,"C","please enter value manually","Archive link not yet assigned"
"boron_isotopes_sosdian_2018.xlsx",286,"C","please enter value manually","Archive link not yet assigned"
"boron_isotopes_sosdian_2018.xlsx",287,"C","please enter value manually","Archive link not yet assigned"
"boron_isotopes_sosdian_2018.xlsx",288,"C","please enter value manually","Archive link not yet assigned"
"boron_isotopes_sosdian_2018.xlsx",289,"C","please enter value manually","Archive link not yet assigned"
"boron_isotopes_sosdian_2018.xlsx",290,"C","please enter value manually","Archive link not yet assigned"
"boron_isotopes_sosdian_2018.xlsx",291,"C","please enter value manually","Archive link not yet assigned"
"boron_isotopes_sosdian_2018.xlsx",292,"C","please enter value manually","Archive link not yet assigned"
"boron_isotopes_stap_2016.xlsx",25,"B",,"Missing DOI"
"boron_isotopes_stap_2016.xlsx",26,"B",,"Missing DOI"
"boron_isotopes_stap_2016.xlsx",27,"B",,"Missing DOI"
"boron_isotopes_stap_2016.xlsx",28,"B",,"Missing DOI"
"boron_isotopes_stap_2016.xlsx",29,"B",,"Missing DOI"
"boron_isotopes_stap_2016.xlsx",30,"B",,"Missing DOI"
"boron_isotopes_stap_2016.xlsx",31,"B",,"Missing DOI"
"boron_isotopes_stap_2016.xlsx",32,"B",,"Missing DOI"
"boron_isotopes_stap_2016.xlsx",33,"B",,"Missing DOI"
"boron_isotopes_stap_2016.xlsx",34,"B",,"Missing DOI"
"boron_isotopes_stap_2016.xlsx",35,"B",,"Missing DOI"
"boron_isotopes_stap_2016.xlsx",36,"B",,"Missing DOI"
"boron_isotopes_stap_2016.xlsx",37,"B",,"Missing DOI"
"boron_isotopes_stap_2016.xlsx",38,"B",,"Missing DOI"
"boron_isotopes_stap_2016.xlsx",39,"B",,"Missing DOI"
"boron_isotopes_stap_2016.xlsx",40,"B",,"Missing DOI"
"boron_isotopes_stap_2016.xlsx",41,"B",,"Missing DOI"
"boron_isotopes_stap_2016.xlsx",42,"B",,"Missing DOI"
"boron_isotopes_stap_2016.xlsx",43,"B",,"Missing DOI"
"boron_isotopes_stap_2016.xlsx",25,"F",,"Missing latitude"
"boron_isotopes_stap_2016.xlsx",26,"F",,"Missing latitude"
"boron_isotopes_stap_2016.xlsx",27,"F",,"Missing latitude"
"boron_isotopes_stap_2016.xlsx",28,"F",,"Missing latitude"
"boron_isotopes_stap_2016.xlsx",29,"F",,"Missing latitude"
"boron_isotopes_stap_2016.xlsx",30,"F",,"Missing latitude"
"boron_isotopes_stap_2016.xlsx",31,"F",,"Missing latitude"
"boron_isotopes_stap_2016.xlsx",32,"F",,"Missing latitude"
"boron_isotopes_stap_2016.xlsx",33,"F",,"Missing latitude"
"boron_isotopes_stap_2016.xlsx",34,"F",,"Missing latitude"
"boron_isotopes_stap_2016.xlsx",35,"F",,"Missing latitude"
"boron_isotopes_stap_2016.xlsx",36,"F",,"Missing latitude"
"boron_isotopes_stap_2016.xlsx",37,"F",,"Missing latitude"
"boron_isotopes_stap_2016.xlsx",38,"F",,"Missing latitude"
"boron_isotopes_stap_2016.xlsx",39,"F",,"Missing latitude"
"boron_isotopes_stap_2016.xlsx",40,"F",,"Missing latitude"
"boron_isotopes_stap_2016.xlsx",41,"F",,"Missing latitude"
"boron_isotopes_stap_2016.xlsx",42,"F",,"Missing latitude"
"boron_isotopes_stap_2016.xlsx",43,"F",,"Missing latitude"
"boron_isotopes_stap_2016.xlsx",25,"G",,"Missing longitude"
"boron_isotopes_stap_2016.xlsx",26,"G",,"Missing longitude"
"boron_isotopes_stap_2016.xlsx",27,"G",,"Missing longitude"
"boron_isotopes_stap_2016.xlsx",28,"G",,"Missing longitude"
"boron_isotopes_stap_2016.xlsx",29,"G",,"Missing longitude"
"boron_isotopes_stap_2016.xlsx",30,"G",,"Missing longitude"
"boron_isotopes_stap_2016.xlsx",31,"G",,"Missing longitude"
"boron_isotopes_stap_2016.xlsx",32,"G",,"Missing longitude"
"boron_isotopes_stap_2016.xlsx",33,"G",,"Missing longitude"
"boron_isotopes_stap_2016.xlsx",34,"G",,"Missing longitude"
"boron_isotopes_stap_2016.xlsx",35,"G",,"Missing longitude"
"boron_isotopes_stap_2016.xlsx",36,"G",,"Missing longitude"
"boron_isotopes_stap_2016.xlsx",37,"G",,"Missing longitude"
"boron_isotopes_stap_2016.xlsx",38,"G",,"Missing longitude"
"boron_isotopes_stap_2016.xlsx",39,"G",,"Missing longitude"
"boron_isotopes_stap_2016.xlsx",40,"G",,"Missing longitude"
"boron_isotopes_stap_2016.xlsx",41,"G",,"Missing longitude"
"boron_isotopes_stap_2016.xlsx",42,"G",,"Missing longitude"
"boron_isotopes_stap_2016.xlsx",43,"G",,"Missing longitude"
"boron_isotopes_stap_2016.xlsx",25,"measurement",,"No primary proxy measurement mapped"
"boron_isotopes_stap_2016.xlsx",26,"measurement",,"No primary proxy measurement mapped"
"boron_isotopes_stap_2016.xlsx",27,"measurement",,"No primary proxy measurement mapped"
"boron_isotopes_stap_2016.xlsx",28,"measurement",,"No primary proxy measurement mapped"
"boron_isotopes_stap_2016.xlsx",29,"measurement",,"No primary proxy measurement mapped"
"boron_isotopes_stap_2016.xlsx",30,"measurement",,"No primary proxy measurement mapped"
"boron_isotopes_stap_2016.xlsx",31,"measurement",,"No primary proxy measurement mapped"
"boron_isotopes_stap_2016.xlsx",32,"measurement",,"No primary proxy measurement mapped"
"boron_isotopes_stap_2016.xlsx",33,"measurement",,"No primary proxy measurement mapped"
"boron_isotopes_stap_2016.xlsx",34,"measurement",,"No primary proxy measurement mapped"
"boron_isotopes_stap_2016.xlsx",35,"measurement",,"No primary proxy measurement mapped"
"boron_isotopes_stap_2016.xlsx",36,"measurement",,"No primary proxy measurement mapped"
"boron_isotopes_stap_2016.xlsx",37,"measurement",,"No primary proxy measurement mapped"
"boron_isotopes_stap_2016.xlsx",38,"measurement",,"No primary proxy measurement mapped"
"boron_isotopes_stap_2016.xlsx",39,"measurement",,"No primary proxy measurement mapped"
"boron_isotopes_stap_2016.xlsx",40,"measurement",,"No primary proxy measurement mapped"
"boron_isotopes_stap_2016.xlsx",41,"measurement",,"No primary proxy measurement mapped"
"boron_isotopes_stap_2016.xlsx",42,"measurement",,"No primary proxy measurement mapped"
"boron_isotopes_stap_2016.xlsx",43,"measurement",,"No primary proxy measurement mapped"
"boron_isotopes_stap_2016.xlsx",4,"C","please enter value manually","Archive link not yet assigned"
"boron_isotopes_stap_2016.xlsx",5,"C","please enter value manually","Archive link not yet assigned"
"boron_isotopes_stap_2016.xlsx",6,"C","please enter value manually","Archive link not yet assigned"
"boron_isotopes_stap_2016.xlsx",7,"C","please enter value manually","Archive link not yet assigned"
"boron_isotopes_stap_2016.xlsx",8,"C","please enter value manually","Archive link not yet assigned"
"boron_isotopes_stap_2016.xlsx",9,"C","please enter value manually","Archive link not yet assigned"
"boron_isotopes_stap_2016.xlsx",10,"C","please enter value manually","Archive link not yet assigned"
"boron_isotopes_stap_2016.xlsx",11,"C","please enter value manually","Archive link not yet assigned"
"boron_isotopes_stap_2016.xlsx",12,"C","please enter value manually","Archive link not yet assigned"
"boron_isotopes_stap_2016.xlsx",13,"C","please enter value manually","Archive link not yet assigned"
"boron_isotopes_stap_2016.xlsx",14,"C","please enter value manually","Archive link not yet assigned"
"boron_isotopes_stap_2016.xlsx",15,"C","please enter value manually","Archive link not yet assigned"
"boron_isotopes_stap_2016.xlsx",16,"C","please enter value manually","Archive link not yet assigned"
"boron_isotopes_stap_2016.xlsx",17,"C","please enter value manually","Archive link not yet assigned"
"boron_isotopes_stap_2016.xlsx",18,"C","please enter value manually","Archive link not yet assigned"
"boron_isotopes_stap_2016.xlsx",19,"C","please enter value manually","Archive link not yet assigned"
"boron_isotopes_stap_2016.xlsx",20,"C","please enter value manually","Archive link not yet assigned"
"boron_isotopes_stap_2016.xlsx",21,"C","please enter value manually","Archive link not yet assigned"
"boron_isotopes_stap_2016.xlsx",22,"C","please enter value manually","Archive link not yet assigned"
"boron_isotopes_stap_2016.xlsx",25,"C","please enter value manually","Archive link not yet assigned"
"boron_isotopes_stap_2016.xlsx",26,"C","please enter value manually","Archive link not yet assigned"
"boron_isotopes_stap_2016.xlsx",27,"C","please enter value manually","Archive link not yet assigned"
"boron_isotopes_stap_2016.xlsx",28,"C","please enter value manually","Archive link not yet assigned"
"boron_isotopes_stap_2016.xlsx",29,"C","please enter value manually","Archive link not yet assigned"
"boron_isotopes_stap_2016.xlsx",30,"C","please enter value manually","Archive link not yet assigned"
"boron_isotopes_stap_2016.xlsx",31,"C","please enter value manually","Archive link not yet assigned"
"boron_isotopes_stap_2016.xlsx",32,"C","please enter value manually","Archive link not yet assigned"
"boron_isotopes_stap_2016.xlsx",33,"C","please enter value manually","Archive link not yet assigned"
"boron_isotopes_stap_2016.xlsx",34,"C","please enter value manually","Archive link not yet assigned"
"boron_isotopes_stap_2016.xlsx",35,"C","please enter value manually","Archive link not yet assigned"
"boron_isotopes_stap_2016.xlsx",36,"C","please enter value manually","Archive link not yet assigned"
"boron_isotopes_stap_2016.xlsx",37,"C","please enter value manually","Archive link not yet assigned"
"boron_isotopes_stap_2016.xlsx",38,"C","please enter value manually","Archive link not yet assigned"
"boron_isotopes_stap_2016.xlsx",39,"C","please enter value manually","Archive link not yet assigned"
"boron_isotopes_stap_2016.xlsx",40,"C","please enter value manually","Archive link not yet assigned"
"boron_isotopes_stap_2016.xlsx",41,"C","please enter value manually","Archive link not yet assigned"
"boron_isotopes_stap_2016.xlsx",42,"C","please enter value manually","Archive link not yet assigned"
"boron_isotopes_stap_2016.xlsx",43,"C","please enter value manually","Archive link not yet assigned"
