"file","source_row","field","value","problem"
"boron_isotopes_guillermic_2022.xlsx",4,"BY: type.of.uncertainty.(e.g.,.set.value,.normal.distribution,.+/-.range)","propagated error including uncertainties on pH, S, Mg/Ca, same error was applied for positive and negative values","Uncertainty magnitude present; type missing or not handled by this mapping"
"boron_isotopes_guillermic_2022.xlsx",5,"BY: type.of.uncertainty.(e.g.,.set.value,.normal.distribution,.+/-.range)","propagated error including uncertainties on pH, S, Mg/Ca / same error was applied for positive and negative values","Uncertainty magnitude present; type missing or not handled by this mapping"
"boron_isotopes_guillermic_2022.xlsx",6,"BY: type.of.uncertainty.(e.g.,.set.value,.normal.distribution,.+/-.range)","propagated error including uncertainties on pH, S, Mg/Ca / same error was applied for positive and negative values","Uncertainty magnitude present; type missing or not handled by this mapping"
"boron_isotopes_guillermic_2022.xlsx",7,"BY: type.of.uncertainty.(e.g.,.set.value,.normal.distribution,.+/-.range)","propagated error including uncertainties on pH, S, Mg/Ca / same error was applied for positive and negative values","Uncertainty magnitude present; type missing or not handled by this mapping"
"boron_isotopes_guillermic_2022.xlsx",8,"BY: type.of.uncertainty.(e.g.,.set.value,.normal.distribution,.+/-.range)","propagated error including uncertainties on pH, S, Mg/Ca / same error was applied for positive and negative values","Uncertainty magnitude present; type missing or not handled by this mapping"
"boron_isotopes_guillermic_2022.xlsx",9,"BY: type.of.uncertainty.(e.g.,.set.value,.normal.distribution,.+/-.range)","propagated error including uncertainties on pH, S, Mg/Ca / same error was applied for positive and negative values","Uncertainty magnitude present; type missing or not handled by this mapping"
"boron_isotopes_guillermic_2022.xlsx",10,"BY: type.of.uncertainty.(e.g.,.set.value,.normal.distribution,.+/-.range)","propagated error including uncertainties on pH, S, Mg/Ca / same error was applied for positive and negative values","Uncertainty magnitude present; type missing or not handled by this mapping"
"boron_isotopes_guillermic_2022.xlsx",11,"BY: type.of.uncertainty.(e.g.,.set.value,.normal.distribution,.+/-.range)","propagated error including uncertainties on pH, S, Mg/Ca / same error was applied for positive and negative values","Uncertainty magnitude present; type missing or not handled by this mapping"
"boron_isotopes_guillermic_2022.xlsx",12,"BY: type.of.uncertainty.(e.g.,.set.value,.normal.distribution,.+/-.range)","propagated error including uncertainties on pH, S, Mg/Ca / same error was applied for positive and negative values","Uncertainty magnitude present; type missing or not handled by this mapping"
"boron_isotopes_guillermic_2022.xlsx",13,"BY: type.of.uncertainty.(e.g.,.set.value,.normal.distribution,.+/-.range)","propagated error including uncertainties on pH, S, Mg/Ca / same error was applied for positive and negative values","Uncertainty magnitude present; type missing or not handled by this mapping"
"boron_isotopes_guillermic_2022.xlsx",14,"BY: type.of.uncertainty.(e.g.,.set.value,.normal.distribution,.+/-.range)","propagated error including uncertainties on pH, S, Mg/Ca / same error was applied for positive and negative values","Uncertainty magnitude present; type missing or not handled by this mapping"
"boron_isotopes_guillermic_2022.xlsx",15,"BY: type.of.uncertainty.(e.g.,.set.value,.normal.distribution,.+/-.range)","propagated error including uncertainties on pH, S, Mg/Ca / same error was applied for positive and negative values","Uncertainty magnitude present; type missing or not handled by this mapping"
"boron_isotopes_guillermic_2022.xlsx",16,"BY: type.of.uncertainty.(e.g.,.set.value,.normal.distribution,.+/-.range)","propagated error including uncertainties on pH, S, Mg/Ca / same error was applied for positive and negative values","Uncertainty magnitude present; type missing or not handled by this mapping"
"boron_isotopes_guillermic_2022.xlsx",17,"BY: type.of.uncertainty.(e.g.,.set.value,.normal.distribution,.+/-.range)","propagated error including uncertainties on pH, S, Mg/Ca / same error was applied for positive and negative values","Uncertainty magnitude present; type missing or not handled by this mapping"
"boron_isotopes_guillermic_2022.xlsx",18,"BY: type.of.uncertainty.(e.g.,.set.value,.normal.distribution,.+/-.range)","propagated error including uncertainties on pH, S, Mg/Ca / same error was applied for positive and negative values","Uncertainty magnitude present; type missing or not handled by this mapping"
"boron_isotopes_guillermic_2022.xlsx",19,"BY: type.of.uncertainty.(e.g.,.set.value,.normal.distribution,.+/-.range)","propagated error including uncertainties on pH, S, Mg/Ca / same error was applied for positive and negative values","Uncertainty magnitude present; type missing or not handled by this mapping"
"boron_isotopes_guillermic_2022.xlsx",20,"BY: type.of.uncertainty.(e.g.,.set.value,.normal.distribution,.+/-.range)","propagated error including uncertainties on pH, S, Mg/Ca / same error was applied for positive and negative values","Uncertainty magnitude present; type missing or not handled by this mapping"
"boron_isotopes_guillermic_2022.xlsx",21,"BY: type.of.uncertainty.(e.g.,.set.value,.normal.distribution,.+/-.range)","propagated error including uncertainties on pH, S, Mg/Ca / same error was applied for positive and negative values","Uncertainty magnitude present; type missing or not handled by this mapping"
"boron_isotopes_guillermic_2022.xlsx",22,"BY: type.of.uncertainty.(e.g.,.set.value,.normal.distribution,.+/-.range)","propagated error including uncertainties on pH, S, Mg/Ca / same error was applied for positive and negative values","Uncertainty magnitude present; type missing or not handled by this mapping"
"boron_isotopes_guillermic_2022.xlsx",23,"BY: type.of.uncertainty.(e.g.,.set.value,.normal.distribution,.+/-.range)","propagated error including uncertainties on pH, S, Mg/Ca / same error was applied for positive and negative values","Uncertainty magnitude present; type missing or not handled by this mapping"
"boron_isotopes_guillermic_2022.xlsx",24,"BY: type.of.uncertainty.(e.g.,.set.value,.normal.distribution,.+/-.range)","propagated error including uncertainties on pH, S, Mg/Ca / same error was applied for positive and negative values","Uncertainty magnitude present; type missing or not handled by this mapping"
"boron_isotopes_guillermic_2022.xlsx",25,"BY: type.of.uncertainty.(e.g.,.set.value,.normal.distribution,.+/-.range)","propagated error including uncertainties on pH, S, Mg/Ca / same error was applied for positive and negative values","Uncertainty magnitude present; type missing or not handled by this mapping"
"boron_isotopes_guillermic_2022.xlsx",26,"BY: type.of.uncertainty.(e.g.,.set.value,.normal.distribution,.+/-.range)","propagated error including uncertainties on pH, S, Mg/Ca / same error was applied for positive and negative values","Uncertainty magnitude present; type missing or not handled by this mapping"
"boron_isotopes_guillermic_2022.xlsx",27,"BY: type.of.uncertainty.(e.g.,.set.value,.normal.distribution,.+/-.range)","propagated error including uncertainties on pH, S, Mg/Ca / same error was applied for positive and negative values","Uncertainty magnitude present; type missing or not handled by this mapping"
"boron_isotopes_guillermic_2022.xlsx",28,"BY: type.of.uncertainty.(e.g.,.set.value,.normal.distribution,.+/-.range)","propagated error including uncertainties on pH, S, Mg/Ca / same error was applied for positive and negative values","Uncertainty magnitude present; type missing or not handled by this mapping"
"boron_isotopes_guillermic_2022.xlsx",29,"BY: type.of.uncertainty.(e.g.,.set.value,.normal.distribution,.+/-.range)","propagated error including uncertainties on S, Mg/Ca","Uncertainty magnitude present; type missing or not handled by this mapping"
"boron_isotopes_guillermic_2022.xlsx",30,"BY: type.of.uncertainty.(e.g.,.set.value,.normal.distribution,.+/-.range)","propagated error including uncertainties on S, Mg/Ca","Uncertainty magnitude present; type missing or not handled by this mapping"
"boron_isotopes_guillermic_2022.xlsx",31,"BY: type.of.uncertainty.(e.g.,.set.value,.normal.distribution,.+/-.range)","propagated error including uncertainties on S, Mg/Ca","Uncertainty magnitude present; type missing or not handled by this mapping"
"boron_isotopes_guillermic_2022.xlsx",32,"BY: type.of.uncertainty.(e.g.,.set.value,.normal.distribution,.+/-.range)","propagated error including uncertainties on S, Mg/Ca","Uncertainty magnitude present; type missing or not handled by this mapping"
"boron_isotopes_guillermic_2022.xlsx",33,"BY: type.of.uncertainty.(e.g.,.set.value,.normal.distribution,.+/-.range)","propagated error including uncertainties on S, Mg/Ca","Uncertainty magnitude present; type missing or not handled by this mapping"
"boron_isotopes_guillermic_2022.xlsx",34,"BY: type.of.uncertainty.(e.g.,.set.value,.normal.distribution,.+/-.range)","propagated error including uncertainties on S, Mg/Ca","Uncertainty magnitude present; type missing or not handled by this mapping"
"boron_isotopes_guillermic_2022.xlsx",35,"BY: type.of.uncertainty.(e.g.,.set.value,.normal.distribution,.+/-.range)","propagated error including uncertainties on S, Mg/Ca","Uncertainty magnitude present; type missing or not handled by this mapping"
"boron_isotopes_guillermic_2022.xlsx",36,"BY: type.of.uncertainty.(e.g.,.set.value,.normal.distribution,.+/-.range)","propagated error including uncertainties on S, Mg/Ca","Uncertainty magnitude present; type missing or not handled by this mapping"
"boron_isotopes_guillermic_2022.xlsx",37,"BY: type.of.uncertainty.(e.g.,.set.value,.normal.distribution,.+/-.range)","propagated error including uncertainties on S, Mg/Ca","Uncertainty magnitude present; type missing or not handled by this mapping"
"boron_isotopes_guillermic_2022.xlsx",38,"BY: type.of.uncertainty.(e.g.,.set.value,.normal.distribution,.+/-.range)","propagated error including uncertainties on S, Mg/Ca","Uncertainty magnitude present; type missing or not handled by this mapping"
"boron_isotopes_guillermic_2022.xlsx",39,"BY: type.of.uncertainty.(e.g.,.set.value,.normal.distribution,.+/-.range)","propagated error including uncertainties on S, Mg/Ca","Uncertainty magnitude present; type missing or not handled by this mapping"
"boron_isotopes_guillermic_2022.xlsx",40,"BY: type.of.uncertainty.(e.g.,.set.value,.normal.distribution,.+/-.range)","propagated error including uncertainties on S, Mg/Ca","Uncertainty magnitude present; type missing or not handled by this mapping"
"boron_isotopes_guillermic_2022.xlsx",41,"BY: type.of.uncertainty.(e.g.,.set.value,.normal.distribution,.+/-.range)","propagated error including uncertainties on S, Mg/Ca","Uncertainty magnitude present; type missing or not handled by this mapping"
"boron_isotopes_guillermic_2022.xlsx",42,"BY: type.of.uncertainty.(e.g.,.set.value,.normal.distribution,.+/-.range)","propagated error including uncertainties on S, Mg/Ca","Uncertainty magnitude present; type missing or not handled by this mapping"
"boron_isotopes_guillermic_2022.xlsx",43,"BY: type.of.uncertainty.(e.g.,.set.value,.normal.distribution,.+/-.range)","propagated error including uncertainties on S, Mg/Ca","Uncertainty magnitude present; type missing or not handled by this mapping"
"boron_isotopes_guillermic_2022.xlsx",44,"BY: type.of.uncertainty.(e.g.,.set.value,.normal.distribution,.+/-.range)","propagated error including uncertainties on S, Mg/Ca","Uncertainty magnitude present; type missing or not handled by this mapping"
"boron_isotopes_guillermic_2022.xlsx",45,"BY: type.of.uncertainty.(e.g.,.set.value,.normal.distribution,.+/-.range)","propagated error including uncertainties on S, Mg/Ca","Uncertainty magnitude present; type missing or not handled by this mapping"
"boron_isotopes_guillermic_2022.xlsx",46,"BY: type.of.uncertainty.(e.g.,.set.value,.normal.distribution,.+/-.range)","propagated error including uncertainties on S, Mg/Ca","Uncertainty magnitude present; type missing or not handled by this mapping"
"boron_isotopes_guillermic_2022.xlsx",47,"BY: type.of.uncertainty.(e.g.,.set.value,.normal.distribution,.+/-.range)","propagated error including uncertainties on S, Mg/Ca","Uncertainty magnitude present; type missing or not handled by this mapping"
"boron_isotopes_guillermic_2022.xlsx",48,"BY: type.of.uncertainty.(e.g.,.set.value,.normal.distribution,.+/-.range)","propagated error including uncertainties on S, Mg/Ca","Uncertainty magnitude present; type missing or not handled by this mapping"
"boron_isotopes_guillermic_2022.xlsx",49,"BY: type.of.uncertainty.(e.g.,.set.value,.normal.distribution,.+/-.range)","propagated error including uncertainties on S, Mg/Ca","Uncertainty magnitude present; type missing or not handled by this mapping"
"boron_isotopes_guillermic_2022.xlsx",50,"BY: type.of.uncertainty.(e.g.,.set.value,.normal.distribution,.+/-.range)","propagated error including uncertainties on S, Mg/Ca","Uncertainty magnitude present; type missing or not handled by this mapping"
"boron_isotopes_guillermic_2022.xlsx",51,"BY: type.of.uncertainty.(e.g.,.set.value,.normal.distribution,.+/-.range)","propagated error including uncertainties on S, Mg/Ca","Uncertainty magnitude present; type missing or not handled by this mapping"
"boron_isotopes_guillermic_2022.xlsx",52,"BY: type.of.uncertainty.(e.g.,.set.value,.normal.distribution,.+/-.range)","propagated error including uncertainties on S, Mg/Ca","Uncertainty magnitude present; type missing or not handled by this mapping"
"boron_isotopes_guillermic_2022.xlsx",53,"BY: type.of.uncertainty.(e.g.,.set.value,.normal.distribution,.+/-.range)","propagated error including uncertainties on S, Mg/Ca","Uncertainty magnitude present; type missing or not handled by this mapping"
"boron_isotopes_guillermic_2022.xlsx",54,"BY: type.of.uncertainty.(e.g.,.set.value,.normal.distribution,.+/-.range)","propagated error including uncertainties on S, Mg/Ca","Uncertainty magnitude present; type missing or not handled by this mapping"
"boron_isotopes_guillermic_2022.xlsx",55,"BY: type.of.uncertainty.(e.g.,.set.value,.normal.distribution,.+/-.range)","propagated error including uncertainties on S, Mg/Ca","Uncertainty magnitude present; type missing or not handled by this mapping"
"boron_isotopes_guillermic_2022.xlsx",56,"BY: type.of.uncertainty.(e.g.,.set.value,.normal.distribution,.+/-.range)","propagated error including uncertainties on S, Mg/Ca","Uncertainty magnitude present; type missing or not handled by this mapping"
"boron_isotopes_guillermic_2022.xlsx",57,"BY: type.of.uncertainty.(e.g.,.set.value,.normal.distribution,.+/-.range)","propagated error including uncertainties on S, Mg/Ca","Uncertainty magnitude present; type missing or not handled by this mapping"
"boron_isotopes_guillermic_2022.xlsx",58,"BY: type.of.uncertainty.(e.g.,.set.value,.normal.distribution,.+/-.range)","propagated error including uncertainties on S, Mg/Ca","Uncertainty magnitude present; type missing or not handled by this mapping"
"boron_isotopes_guillermic_2022.xlsx",59,"BY: type.of.uncertainty.(e.g.,.set.value,.normal.distribution,.+/-.range)","propagated error including uncertainties on S, Mg/Ca","Uncertainty magnitude present; type missing or not handled by this mapping"
"boron_isotopes_guillermic_2022.xlsx",60,"BY: type.of.uncertainty.(e.g.,.set.value,.normal.distribution,.+/-.range)","propagated error including uncertainties on S, Mg/Ca","Uncertainty magnitude present; type missing or not handled by this mapping"
"boron_isotopes_guillermic_2022.xlsx",61,"BY: type.of.uncertainty.(e.g.,.set.value,.normal.distribution,.+/-.range)","propagated error including uncertainties on S, Mg/Ca","Uncertainty magnitude present; type missing or not handled by this mapping"
"boron_isotopes_guillermic_2022.xlsx",62,"BY: type.of.uncertainty.(e.g.,.set.value,.normal.distribution,.+/-.range)","propagated error including uncertainties on S, Mg/Ca","Uncertainty magnitude present; type missing or not handled by this mapping"
"boron_isotopes_guillermic_2022.xlsx",63,"BY: type.of.uncertainty.(e.g.,.set.value,.normal.distribution,.+/-.range)","propagated error including uncertainties on S, Mg/Ca","Uncertainty magnitude present; type missing or not handled by this mapping"
"boron_isotopes_guillermic_2022.xlsx",64,"BY: type.of.uncertainty.(e.g.,.set.value,.normal.distribution,.+/-.range)","propagated error including uncertainties on S, Mg/Ca","Uncertainty magnitude present; type missing or not handled by this mapping"
"boron_isotopes_guillermic_2022.xlsx",65,"BY: type.of.uncertainty.(e.g.,.set.value,.normal.distribution,.+/-.range)","propagated error including uncertainties on S, Mg/Ca","Uncertainty magnitude present; type missing or not handled by this mapping"
"boron_isotopes_guillermic_2022.xlsx",66,"BY: type.of.uncertainty.(e.g.,.set.value,.normal.distribution,.+/-.range)","propagated error including uncertainties on S, Mg/Ca","Uncertainty magnitude present; type missing or not handled by this mapping"
"boron_isotopes_guillermic_2022.xlsx",67,"BY: type.of.uncertainty.(e.g.,.set.value,.normal.distribution,.+/-.range)","propagated error including uncertainties on S, Mg/Ca","Uncertainty magnitude present; type missing or not handled by this mapping"
"boron_isotopes_guillermic_2022.xlsx",68,"BY: type.of.uncertainty.(e.g.,.set.value,.normal.distribution,.+/-.range)","propagated error including uncertainties on S, Mg/Ca","Uncertainty magnitude present; type missing or not handled by this mapping"
"boron_isotopes_guillermic_2022.xlsx",69,"BY: type.of.uncertainty.(e.g.,.set.value,.normal.distribution,.+/-.range)","propagated error including uncertainties on S, Mg/Ca","Uncertainty magnitude present; type missing or not handled by this mapping"
"boron_isotopes_guillermic_2022.xlsx",70,"BY: type.of.uncertainty.(e.g.,.set.value,.normal.distribution,.+/-.range)","propagated error including uncertainties on S, Mg/Ca","Uncertainty magnitude present; type missing or not handled by this mapping"
"boron_isotopes_guillermic_2022.xlsx",71,"BY: type.of.uncertainty.(e.g.,.set.value,.normal.distribution,.+/-.range)","propagated error including uncertainties on S, Mg/Ca","Uncertainty magnitude present; type missing or not handled by this mapping"
"boron_isotopes_guillermic_2022.xlsx",72,"BY: type.of.uncertainty.(e.g.,.set.value,.normal.distribution,.+/-.range)","propagated error including uncertainties on S, Mg/Ca","Uncertainty magnitude present; type missing or not handled by this mapping"
"boron_isotopes_guillermic_2022.xlsx",73,"BY: type.of.uncertainty.(e.g.,.set.value,.normal.distribution,.+/-.range)","propagated error including uncertainties on S, Mg/Ca","Uncertainty magnitude present; type missing or not handled by this mapping"
"boron_isotopes_guillermic_2022.xlsx",74,"BY: type.of.uncertainty.(e.g.,.set.value,.normal.distribution,.+/-.range)","propagated error including uncertainties on S, Mg/Ca","Uncertainty magnitude present; type missing or not handled by this mapping"
"boron_isotopes_guillermic_2022.xlsx",75,"BY: type.of.uncertainty.(e.g.,.set.value,.normal.distribution,.+/-.range)","propagated error including uncertainties on S, Mg/Ca","Uncertainty magnitude present; type missing or not handled by this mapping"
"boron_isotopes_guillermic_2022.xlsx",76,"BY: type.of.uncertainty.(e.g.,.set.value,.normal.distribution,.+/-.range)","propagated error including uncertainties on S, Mg/Ca","Uncertainty magnitude present; type missing or not handled by this mapping"
"boron_isotopes_guillermic_2022.xlsx",77,"BY: type.of.uncertainty.(e.g.,.set.value,.normal.distribution,.+/-.range)","propagated error including uncertainties on S, Mg/Ca","Uncertainty magnitude present; type missing or not handled by this mapping"
"boron_isotopes_guillermic_2022.xlsx",78,"BY: type.of.uncertainty.(e.g.,.set.value,.normal.distribution,.+/-.range)","propagated error including uncertainties on S, Mg/Ca","Uncertainty magnitude present; type missing or not handled by this mapping"
"boron_isotopes_guillermic_2022.xlsx",79,"BY: type.of.uncertainty.(e.g.,.set.value,.normal.distribution,.+/-.range)","propagated error including uncertainties on S, Mg/Ca","Uncertainty magnitude present; type missing or not handled by this mapping"
"boron_isotopes_guillermic_2022.xlsx",80,"BY: type.of.uncertainty.(e.g.,.set.value,.normal.distribution,.+/-.range)","propagated error including uncertainties on S, Mg/Ca","Uncertainty magnitude present; type missing or not handled by this mapping"
"boron_isotopes_guillermic_2022.xlsx",81,"BY: type.of.uncertainty.(e.g.,.set.value,.normal.distribution,.+/-.range)","propagated error including uncertainties on S, Mg/Ca","Uncertainty magnitude present; type missing or not handled by this mapping"
"boron_isotopes_guillermic_2022.xlsx",82,"BY: type.of.uncertainty.(e.g.,.set.value,.normal.distribution,.+/-.range)","propagated error including uncertainties on S, Mg/Ca","Uncertainty magnitude present; type missing or not handled by this mapping"
"boron_isotopes_guillermic_2022.xlsx",83,"BY: type.of.uncertainty.(e.g.,.set.value,.normal.distribution,.+/-.range)","propagated error including uncertainties on S, Mg/Ca","Uncertainty magnitude present; type missing or not handled by this mapping"
"boron_isotopes_guillermic_2022.xlsx",84,"BY: type.of.uncertainty.(e.g.,.set.value,.normal.distribution,.+/-.range)","propagated error including uncertainties on S, Mg/Ca","Uncertainty magnitude present; type missing or not handled by this mapping"
"boron_isotopes_guillermic_2022.xlsx",85,"BY: type.of.uncertainty.(e.g.,.set.value,.normal.distribution,.+/-.range)","propagated error including uncertainties on S, Mg/Ca","Uncertainty magnitude present; type missing or not handled by this mapping"
"boron_isotopes_guillermic_2022.xlsx",86,"BY: type.of.uncertainty.(e.g.,.set.value,.normal.distribution,.+/-.range)","propagated error including uncertainties on S, Mg/Ca","Uncertainty magnitude present; type missing or not handled by this mapping"
"boron_isotopes_guillermic_2022.xlsx",87,"BY: type.of.uncertainty.(e.g.,.set.value,.normal.distribution,.+/-.range)","propagated error including uncertainties on S, Mg/Ca","Uncertainty magnitude present; type missing or not handled by this mapping"
"boron_isotopes_guillermic_2022.xlsx",88,"BY: type.of.uncertainty.(e.g.,.set.value,.normal.distribution,.+/-.range)","propagated error including uncertainties on S, Mg/Ca","Uncertainty magnitude present; type missing or not handled by this mapping"
"boron_isotopes_guillermic_2022.xlsx",89,"BY: type.of.uncertainty.(e.g.,.set.value,.normal.distribution,.+/-.range)","propagated error including uncertainties on S, Mg/Ca","Uncertainty magnitude present; type missing or not handled by this mapping"
"boron_isotopes_guillermic_2022.xlsx",90,"BY: type.of.uncertainty.(e.g.,.set.value,.normal.distribution,.+/-.range)","propagated error including uncertainties on S, Mg/Ca","Uncertainty magnitude present; type missing or not handled by this mapping"
"boron_isotopes_guillermic_2022.xlsx",91,"BY: type.of.uncertainty.(e.g.,.set.value,.normal.distribution,.+/-.range)","propagated error including uncertainties on S, Mg/Ca","Uncertainty magnitude present; type missing or not handled by this mapping"
"boron_isotopes_guillermic_2022.xlsx",92,"BY: type.of.uncertainty.(e.g.,.set.value,.normal.distribution,.+/-.range)","propagated error including uncertainties on S, Mg/Ca","Uncertainty magnitude present; type missing or not handled by this mapping"
"boron_isotopes_guillermic_2022.xlsx",93,"BY: type.of.uncertainty.(e.g.,.set.value,.normal.distribution,.+/-.range)","propagated error including uncertainties on pH, S, Mg/Ca, same error was applied for positive and negative values","Uncertainty magnitude present; type missing or not handled by this mapping"
"boron_isotopes_guillermic_2022.xlsx",94,"BY: type.of.uncertainty.(e.g.,.set.value,.normal.distribution,.+/-.range)","propagated error including uncertainties on pH, S, Mg/Ca / same error was applied for positive and negative values","Uncertainty magnitude present; type missing or not handled by this mapping"
"boron_isotopes_guillermic_2022.xlsx",95,"BY: type.of.uncertainty.(e.g.,.set.value,.normal.distribution,.+/-.range)","propagated error including uncertainties on pH, S, Mg/Ca / same error was applied for positive and negative values","Uncertainty magnitude present; type missing or not handled by this mapping"
"boron_isotopes_guillermic_2022.xlsx",96,"BY: type.of.uncertainty.(e.g.,.set.value,.normal.distribution,.+/-.range)","propagated error including uncertainties on pH, S, Mg/Ca / same error was applied for positive and negative values","Uncertainty magnitude present; type missing or not handled by this mapping"
"boron_isotopes_guillermic_2022.xlsx",97,"BY: type.of.uncertainty.(e.g.,.set.value,.normal.distribution,.+/-.range)","propagated error including uncertainties on pH, S, Mg/Ca / same error was applied for positive and negative values","Uncertainty magnitude present; type missing or not handled by this mapping"
"boron_isotopes_guillermic_2022.xlsx",98,"BY: type.of.uncertainty.(e.g.,.set.value,.normal.distribution,.+/-.range)","propagated error including uncertainties on pH, S, Mg/Ca / same error was applied for positive and negative values","Uncertainty magnitude present; type missing or not handled by this mapping"
"boron_isotopes_guillermic_2022.xlsx",99,"BY: type.of.uncertainty.(e.g.,.set.value,.normal.distribution,.+/-.range)","propagated error including uncertainties on pH, S, Mg/Ca / same error was applied for positive and negative values","Uncertainty magnitude present; type missing or not handled by this mapping"
"boron_isotopes_guillermic_2022.xlsx",100,"BY: type.of.uncertainty.(e.g.,.set.value,.normal.distribution,.+/-.range)","propagated error including uncertainties on pH, S, Mg/Ca / same error was applied for positive and negative values","Uncertainty magnitude present; type missing or not handled by this mapping"
"boron_isotopes_guillermic_2022.xlsx",101,"BY: type.of.uncertainty.(e.g.,.set.value,.normal.distribution,.+/-.range)","propagated error including uncertainties on pH, S, Mg/Ca / same error was applied for positive and negative values","Uncertainty magnitude present; type missing or not handled by this mapping"
"boron_isotopes_guillermic_2022.xlsx",102,"BY: type.of.uncertainty.(e.g.,.set.value,.normal.distribution,.+/-.range)","propagated error including uncertainties on pH, S, Mg/Ca / same error was applied for positive and negative values","Uncertainty magnitude present; type missing or not handled by this mapping"
"boron_isotopes_guillermic_2022.xlsx",103,"BY: type.of.uncertainty.(e.g.,.set.value,.normal.distribution,.+/-.range)","propagated error including uncertainties on pH, S, Mg/Ca / same error was applied for positive and negative values","Uncertainty magnitude present; type missing or not handled by this mapping"
"boron_isotopes_guillermic_2022.xlsx",104,"BY: type.of.uncertainty.(e.g.,.set.value,.normal.distribution,.+/-.range)","propagated error including uncertainties on pH, S, Mg/Ca / same error was applied for positive and negative values","Uncertainty magnitude present; type missing or not handled by this mapping"
"boron_isotopes_guillermic_2022.xlsx",105,"BY: type.of.uncertainty.(e.g.,.set.value,.normal.distribution,.+/-.range)","propagated error including uncertainties on pH, S, Mg/Ca / same error was applied for positive and negative values","Uncertainty magnitude present; type missing or not handled by this mapping"
"boron_isotopes_guillermic_2022.xlsx",106,"BY: type.of.uncertainty.(e.g.,.set.value,.normal.distribution,.+/-.range)","propagated error including uncertainties on pH, S, Mg/Ca / same error was applied for positive and negative values","Uncertainty magnitude present; type missing or not handled by this mapping"
"boron_isotopes_guillermic_2022.xlsx",107,"BY: type.of.uncertainty.(e.g.,.set.value,.normal.distribution,.+/-.range)","propagated error including uncertainties on pH, S, Mg/Ca / same error was applied for positive and negative values","Uncertainty magnitude present; type missing or not handled by this mapping"
"boron_isotopes_guillermic_2022.xlsx",108,"BY: type.of.uncertainty.(e.g.,.set.value,.normal.distribution,.+/-.range)","propagated error including uncertainties on pH, S, Mg/Ca / same error was applied for positive and negative values","Uncertainty magnitude present; type missing or not handled by this mapping"
"boron_isotopes_guillermic_2022.xlsx",109,"BY: type.of.uncertainty.(e.g.,.set.value,.normal.distribution,.+/-.range)","propagated error including uncertainties on pH, S, Mg/Ca / same error was applied for positive and negative values","Uncertainty magnitude present; type missing or not handled by this mapping"
"boron_isotopes_guillermic_2022.xlsx",110,"BY: type.of.uncertainty.(e.g.,.set.value,.normal.distribution,.+/-.range)","propagated error including uncertainties on pH, S, Mg/Ca / same error was applied for positive and negative values","Uncertainty magnitude present; type missing or not handled by this mapping"
"boron_isotopes_guillermic_2022.xlsx",111,"BY: type.of.uncertainty.(e.g.,.set.value,.normal.distribution,.+/-.range)","propagated error including uncertainties on pH, S, Mg/Ca / same error was applied for positive and negative values","Uncertainty magnitude present; type missing or not handled by this mapping"
"boron_isotopes_guillermic_2022.xlsx",112,"BY: type.of.uncertainty.(e.g.,.set.value,.normal.distribution,.+/-.range)","propagated error including uncertainties on pH, S, Mg/Ca / same error was applied for positive and negative values","Uncertainty magnitude present; type missing or not handled by this mapping"
"boron_isotopes_guillermic_2022.xlsx",113,"BY: type.of.uncertainty.(e.g.,.set.value,.normal.distribution,.+/-.range)","propagated error including uncertainties on pH, S, Mg/Ca / same error was applied for positive and negative values","Uncertainty magnitude present; type missing or not handled by this mapping"
"boron_isotopes_guillermic_2022.xlsx",114,"BY: type.of.uncertainty.(e.g.,.set.value,.normal.distribution,.+/-.range)","propagated error including uncertainties on pH, S, Mg/Ca / same error was applied for positive and negative values","Uncertainty magnitude present; type missing or not handled by this mapping"
"boron_isotopes_guillermic_2022.xlsx",115,"BY: type.of.uncertainty.(e.g.,.set.value,.normal.distribution,.+/-.range)","propagated error including uncertainties on pH, S, Mg/Ca / same error was applied for positive and negative values","Uncertainty magnitude present; type missing or not handled by this mapping"
"boron_isotopes_guillermic_2022.xlsx",116,"BY: type.of.uncertainty.(e.g.,.set.value,.normal.distribution,.+/-.range)","propagated error including uncertainties on pH, S, Mg/Ca / same error was applied for positive and negative values","Uncertainty magnitude present; type missing or not handled by this mapping"
"boron_isotopes_guillermic_2022.xlsx",117,"BY: type.of.uncertainty.(e.g.,.set.value,.normal.distribution,.+/-.range)","propagated error including uncertainties on pH, S, Mg/Ca / same error was applied for positive and negative values","Uncertainty magnitude present; type missing or not handled by this mapping"
"boron_isotopes_guillermic_2022.xlsx",118,"BY: type.of.uncertainty.(e.g.,.set.value,.normal.distribution,.+/-.range)","propagated error including uncertainties on S, Mg/Ca","Uncertainty magnitude present; type missing or not handled by this mapping"
"boron_isotopes_guillermic_2022.xlsx",119,"BY: type.of.uncertainty.(e.g.,.set.value,.normal.distribution,.+/-.range)","propagated error including uncertainties on S, Mg/Ca","Uncertainty magnitude present; type missing or not handled by this mapping"
"boron_isotopes_guillermic_2022.xlsx",120,"BY: type.of.uncertainty.(e.g.,.set.value,.normal.distribution,.+/-.range)","propagated error including uncertainties on S, Mg/Ca","Uncertainty magnitude present; type missing or not handled by this mapping"
"boron_isotopes_guillermic_2022.xlsx",121,"BY: type.of.uncertainty.(e.g.,.set.value,.normal.distribution,.+/-.range)","propagated error including uncertainties on S, Mg/Ca","Uncertainty magnitude present; type missing or not handled by this mapping"
"boron_isotopes_guillermic_2022.xlsx",122,"BY: type.of.uncertainty.(e.g.,.set.value,.normal.distribution,.+/-.range)","propagated error including uncertainties on S, Mg/Ca","Uncertainty magnitude present; type missing or not handled by this mapping"
"boron_isotopes_guillermic_2022.xlsx",123,"BY: type.of.uncertainty.(e.g.,.set.value,.normal.distribution,.+/-.range)","propagated error including uncertainties on S, Mg/Ca","Uncertainty magnitude present; type missing or not handled by this mapping"
"boron_isotopes_guillermic_2022.xlsx",124,"BY: type.of.uncertainty.(e.g.,.set.value,.normal.distribution,.+/-.range)","propagated error including uncertainties on S, Mg/Ca","Uncertainty magnitude present; type missing or not handled by this mapping"
"boron_isotopes_guillermic_2022.xlsx",125,"BY: type.of.uncertainty.(e.g.,.set.value,.normal.distribution,.+/-.range)","propagated error including uncertainties on S, Mg/Ca","Uncertainty magnitude present; type missing or not handled by this mapping"
"boron_isotopes_guillermic_2022.xlsx",126,"BY: type.of.uncertainty.(e.g.,.set.value,.normal.distribution,.+/-.range)","propagated error including uncertainties on S, Mg/Ca","Uncertainty magnitude present; type missing or not handled by this mapping"
"boron_isotopes_guillermic_2022.xlsx",127,"BY: type.of.uncertainty.(e.g.,.set.value,.normal.distribution,.+/-.range)","propagated error including uncertainties on S, Mg/Ca","Uncertainty magnitude present; type missing or not handled by this mapping"
"boron_isotopes_guillermic_2022.xlsx",128,"BY: type.of.uncertainty.(e.g.,.set.value,.normal.distribution,.+/-.range)","propagated error including uncertainties on S, Mg/Ca","Uncertainty magnitude present; type missing or not handled by this mapping"
"boron_isotopes_guillermic_2022.xlsx",129,"BY: type.of.uncertainty.(e.g.,.set.value,.normal.distribution,.+/-.range)","propagated error including uncertainties on S, Mg/Ca","Uncertainty magnitude present; type missing or not handled by this mapping"
"boron_isotopes_guillermic_2022.xlsx",130,"BY: type.of.uncertainty.(e.g.,.set.value,.normal.distribution,.+/-.range)","propagated error including uncertainties on S, Mg/Ca","Uncertainty magnitude present; type missing or not handled by this mapping"
"boron_isotopes_guillermic_2022.xlsx",131,"BY: type.of.uncertainty.(e.g.,.set.value,.normal.distribution,.+/-.range)","propagated error including uncertainties on S, Mg/Ca","Uncertainty magnitude present; type missing or not handled by this mapping"
"boron_isotopes_guillermic_2022.xlsx",132,"BY: type.of.uncertainty.(e.g.,.set.value,.normal.distribution,.+/-.range)","propagated error including uncertainties on S, Mg/Ca","Uncertainty magnitude present; type missing or not handled by this mapping"
"boron_isotopes_guillermic_2022.xlsx",133,"BY: type.of.uncertainty.(e.g.,.set.value,.normal.distribution,.+/-.range)","propagated error including uncertainties on S, Mg/Ca","Uncertainty magnitude present; type missing or not handled by this mapping"
"boron_isotopes_guillermic_2022.xlsx",134,"BY: type.of.uncertainty.(e.g.,.set.value,.normal.distribution,.+/-.range)","propagated error including uncertainties on S, Mg/Ca","Uncertainty magnitude present; type missing or not handled by this mapping"
"boron_isotopes_guillermic_2022.xlsx",135,"BY: type.of.uncertainty.(e.g.,.set.value,.normal.distribution,.+/-.range)","propagated error including uncertainties on S, Mg/Ca","Uncertainty magnitude present; type missing or not handled by this mapping"
"boron_isotopes_guillermic_2022.xlsx",136,"BY: type.of.uncertainty.(e.g.,.set.value,.normal.distribution,.+/-.range)","propagated error including uncertainties on S, Mg/Ca","Uncertainty magnitude present; type missing or not handled by this mapping"
"boron_isotopes_guillermic_2022.xlsx",137,"BY: type.of.uncertainty.(e.g.,.set.value,.normal.distribution,.+/-.range)","propagated error including uncertainties on S, Mg/Ca","Uncertainty magnitude present; type missing or not handled by this mapping"
"boron_isotopes_guillermic_2022.xlsx",138,"BY: type.of.uncertainty.(e.g.,.set.value,.normal.distribution,.+/-.range)","propagated error including uncertainties on S, Mg/Ca","Uncertainty magnitude present; type missing or not handled by this mapping"
"boron_isotopes_guillermic_2022.xlsx",139,"BY: type.of.uncertainty.(e.g.,.set.value,.normal.distribution,.+/-.range)","propagated error including uncertainties on S, Mg/Ca","Uncertainty magnitude present; type missing or not handled by this mapping"
"boron_isotopes_guillermic_2022.xlsx",140,"BY: type.of.uncertainty.(e.g.,.set.value,.normal.distribution,.+/-.range)","propagated error including uncertainties on S, Mg/Ca","Uncertainty magnitude present; type missing or not handled by this mapping"
"boron_isotopes_guillermic_2022.xlsx",141,"BY: type.of.uncertainty.(e.g.,.set.value,.normal.distribution,.+/-.range)","propagated error including uncertainties on S, Mg/Ca","Uncertainty magnitude present; type missing or not handled by this mapping"
"boron_isotopes_guillermic_2022.xlsx",142,"BY: type.of.uncertainty.(e.g.,.set.value,.normal.distribution,.+/-.range)","propagated error including uncertainties on S, Mg/Ca","Uncertainty magnitude present; type missing or not handled by this mapping"
"boron_isotopes_guillermic_2022.xlsx",143,"BY: type.of.uncertainty.(e.g.,.set.value,.normal.distribution,.+/-.range)","propagated error including uncertainties on S, Mg/Ca","Uncertainty magnitude present; type missing or not handled by this mapping"
"boron_isotopes_guillermic_2022.xlsx",144,"BY: type.of.uncertainty.(e.g.,.set.value,.normal.distribution,.+/-.range)","propagated error including uncertainties on S, Mg/Ca","Uncertainty magnitude present; type missing or not handled by this mapping"
"boron_isotopes_guillermic_2022.xlsx",145,"BY: type.of.uncertainty.(e.g.,.set.value,.normal.distribution,.+/-.range)","propagated error including uncertainties on S, Mg/Ca","Uncertainty magnitude present; type missing or not handled by this mapping"
"boron_isotopes_guillermic_2022.xlsx",146,"BY: type.of.uncertainty.(e.g.,.set.value,.normal.distribution,.+/-.range)","propagated error including uncertainties on S, Mg/Ca","Uncertainty magnitude present; type missing or not handled by this mapping"
"boron_isotopes_guillermic_2022.xlsx",147,"BY: type.of.uncertainty.(e.g.,.set.value,.normal.distribution,.+/-.range)","propagated error including uncertainties on S, Mg/Ca","Uncertainty magnitude present; type missing or not handled by this mapping"
"boron_isotopes_guillermic_2022.xlsx",148,"BY: type.of.uncertainty.(e.g.,.set.value,.normal.distribution,.+/-.range)","propagated error including uncertainties on S, Mg/Ca","Uncertainty magnitude present; type missing or not handled by this mapping"
"boron_isotopes_guillermic_2022.xlsx",149,"BY: type.of.uncertainty.(e.g.,.set.value,.normal.distribution,.+/-.range)","propagated error including uncertainties on S, Mg/Ca","Uncertainty magnitude present; type missing or not handled by this mapping"
"boron_isotopes_guillermic_2022.xlsx",150,"BY: type.of.uncertainty.(e.g.,.set.value,.normal.distribution,.+/-.range)","propagated error including uncertainties on S, Mg/Ca","Uncertainty magnitude present; type missing or not handled by this mapping"
"boron_isotopes_guillermic_2022.xlsx",151,"BY: type.of.uncertainty.(e.g.,.set.value,.normal.distribution,.+/-.range)","propagated error including uncertainties on S, Mg/Ca","Uncertainty magnitude present; type missing or not handled by this mapping"
"boron_isotopes_guillermic_2022.xlsx",152,"BY: type.of.uncertainty.(e.g.,.set.value,.normal.distribution,.+/-.range)","propagated error including uncertainties on S, Mg/Ca","Uncertainty magnitude present; type missing or not handled by this mapping"
"boron_isotopes_guillermic_2022.xlsx",153,"BY: type.of.uncertainty.(e.g.,.set.value,.normal.distribution,.+/-.range)","propagated error including uncertainties on S, Mg/Ca","Uncertainty magnitude present; type missing or not handled by this mapping"
"boron_isotopes_guillermic_2022.xlsx",154,"BY: type.of.uncertainty.(e.g.,.set.value,.normal.distribution,.+/-.range)","propagated error including uncertainties on S, Mg/Ca","Uncertainty magnitude present; type missing or not handled by this mapping"
"boron_isotopes_guillermic_2022.xlsx",155,"BY: type.of.uncertainty.(e.g.,.set.value,.normal.distribution,.+/-.range)","propagated error including uncertainties on S, Mg/Ca","Uncertainty magnitude present; type missing or not handled by this mapping"
"boron_isotopes_guillermic_2022.xlsx",156,"BY: type.of.uncertainty.(e.g.,.set.value,.normal.distribution,.+/-.range)","propagated error including uncertainties on S, Mg/Ca","Uncertainty magnitude present; type missing or not handled by this mapping"
"boron_isotopes_guillermic_2022.xlsx",157,"BY: type.of.uncertainty.(e.g.,.set.value,.normal.distribution,.+/-.range)","propagated error including uncertainties on S, Mg/Ca","Uncertainty magnitude present; type missing or not handled by this mapping"
"boron_isotopes_guillermic_2022.xlsx",158,"BY: type.of.uncertainty.(e.g.,.set.value,.normal.distribution,.+/-.range)","propagated error including uncertainties on S, Mg/Ca","Uncertainty magnitude present; type missing or not handled by this mapping"
"boron_isotopes_guillermic_2022.xlsx",159,"BY: type.of.uncertainty.(e.g.,.set.value,.normal.distribution,.+/-.range)","propagated error including uncertainties on S, Mg/Ca","Uncertainty magnitude present; type missing or not handled by this mapping"
"boron_isotopes_guillermic_2022.xlsx",160,"BY: type.of.uncertainty.(e.g.,.set.value,.normal.distribution,.+/-.range)","propagated error including uncertainties on S, Mg/Ca","Uncertainty magnitude present; type missing or not handled by this mapping"
"boron_isotopes_guillermic_2022.xlsx",161,"BY: type.of.uncertainty.(e.g.,.set.value,.normal.distribution,.+/-.range)","propagated error including uncertainties on S, Mg/Ca","Uncertainty magnitude present; type missing or not handled by this mapping"
"boron_isotopes_guillermic_2022.xlsx",162,"BY: type.of.uncertainty.(e.g.,.set.value,.normal.distribution,.+/-.range)","propagated error including uncertainties on S, Mg/Ca","Uncertainty magnitude present; type missing or not handled by this mapping"
"boron_isotopes_guillermic_2022.xlsx",163,"BY: type.of.uncertainty.(e.g.,.set.value,.normal.distribution,.+/-.range)","propagated error including uncertainties on S, Mg/Ca","Uncertainty magnitude present; type missing or not handled by this mapping"
"boron_isotopes_guillermic_2022.xlsx",164,"BY: type.of.uncertainty.(e.g.,.set.value,.normal.distribution,.+/-.range)","propagated error including uncertainties on S, Mg/Ca","Uncertainty magnitude present; type missing or not handled by this mapping"
"boron_isotopes_guillermic_2022.xlsx",165,"BY: type.of.uncertainty.(e.g.,.set.value,.normal.distribution,.+/-.range)","propagated error including uncertainties on S, Mg/Ca","Uncertainty magnitude present; type missing or not handled by this mapping"
"boron_isotopes_guillermic_2022.xlsx",166,"BY: type.of.uncertainty.(e.g.,.set.value,.normal.distribution,.+/-.range)","propagated error including uncertainties on S, Mg/Ca","Uncertainty magnitude present; type missing or not handled by this mapping"
"boron_isotopes_guillermic_2022.xlsx",167,"BY: type.of.uncertainty.(e.g.,.set.value,.normal.distribution,.+/-.range)","propagated error including uncertainties on S, Mg/Ca","Uncertainty magnitude present; type missing or not handled by this mapping"
"boron_isotopes_guillermic_2022.xlsx",168,"BY: type.of.uncertainty.(e.g.,.set.value,.normal.distribution,.+/-.range)","propagated error including uncertainties on S, Mg/Ca","Uncertainty magnitude present; type missing or not handled by this mapping"
"boron_isotopes_guillermic_2022.xlsx",169,"BY: type.of.uncertainty.(e.g.,.set.value,.normal.distribution,.+/-.range)","propagated error including uncertainties on S, Mg/Ca","Uncertainty magnitude present; type missing or not handled by this mapping"
"boron_isotopes_guillermic_2022.xlsx",170,"BY: type.of.uncertainty.(e.g.,.set.value,.normal.distribution,.+/-.range)","propagated error including uncertainties on S, Mg/Ca","Uncertainty magnitude present; type missing or not handled by this mapping"
"boron_isotopes_guillermic_2022.xlsx",171,"BY: type.of.uncertainty.(e.g.,.set.value,.normal.distribution,.+/-.range)","propagated error including uncertainties on S, Mg/Ca","Uncertainty magnitude present; type missing or not handled by this mapping"
"boron_isotopes_guillermic_2022.xlsx",172,"BY: type.of.uncertainty.(e.g.,.set.value,.normal.distribution,.+/-.range)","propagated error including uncertainties on S, Mg/Ca","Uncertainty magnitude present; type missing or not handled by this mapping"
"boron_isotopes_guillermic_2022.xlsx",173,"BY: type.of.uncertainty.(e.g.,.set.value,.normal.distribution,.+/-.range)","propagated error including uncertainties on S, Mg/Ca","Uncertainty magnitude present; type missing or not handled by this mapping"
"boron_isotopes_guillermic_2022.xlsx",174,"BY: type.of.uncertainty.(e.g.,.set.value,.normal.distribution,.+/-.range)","propagated error including uncertainties on S, Mg/Ca","Uncertainty magnitude present; type missing or not handled by this mapping"
"boron_isotopes_guillermic_2022.xlsx",175,"BY: type.of.uncertainty.(e.g.,.set.value,.normal.distribution,.+/-.range)","propagated error including uncertainties on S, Mg/Ca","Uncertainty magnitude present; type missing or not handled by this mapping"
"boron_isotopes_guillermic_2022.xlsx",176,"BY: type.of.uncertainty.(e.g.,.set.value,.normal.distribution,.+/-.range)","propagated error including uncertainties on S, Mg/Ca","Uncertainty magnitude present; type missing or not handled by this mapping"
"boron_isotopes_guillermic_2022.xlsx",177,"BY: type.of.uncertainty.(e.g.,.set.value,.normal.distribution,.+/-.range)","propagated error including uncertainties on S, Mg/Ca","Uncertainty magnitude present; type missing or not handled by this mapping"
"boron_isotopes_guillermic_2022.xlsx",178,"BY: type.of.uncertainty.(e.g.,.set.value,.normal.distribution,.+/-.range)","propagated error including uncertainties on S, Mg/Ca","Uncertainty magnitude present; type missing or not handled by this mapping"
"boron_isotopes_guillermic_2022.xlsx",179,"BY: type.of.uncertainty.(e.g.,.set.value,.normal.distribution,.+/-.range)","propagated error including uncertainties on S, Mg/Ca","Uncertainty magnitude present; type missing or not handled by this mapping"
"boron_isotopes_guillermic_2022.xlsx",180,"BY: type.of.uncertainty.(e.g.,.set.value,.normal.distribution,.+/-.range)","propagated error including uncertainties on S, Mg/Ca","Uncertainty magnitude present; type missing or not handled by this mapping"
"boron_isotopes_guillermic_2022.xlsx",181,"BY: type.of.uncertainty.(e.g.,.set.value,.normal.distribution,.+/-.range)","propagated error including uncertainties on S, Mg/Ca","Uncertainty magnitude present; type missing or not handled by this mapping"
"boron_isotopes_guillermic_2022.xlsx",182,"BY: type.of.uncertainty.(e.g.,.set.value,.normal.distribution,.+/-.range)","propagated error including uncertainties on pH, S, Mg/Ca, same error was applied for positive and negative values","Uncertainty magnitude present; type missing or not handled by this mapping"
"boron_isotopes_guillermic_2022.xlsx",183,"BY: type.of.uncertainty.(e.g.,.set.value,.normal.distribution,.+/-.range)","propagated error including uncertainties on pH, S, Mg/Ca / same error was applied for positive and negative values","Uncertainty magnitude present; type missing or not handled by this mapping"
"boron_isotopes_guillermic_2022.xlsx",184,"BY: type.of.uncertainty.(e.g.,.set.value,.normal.distribution,.+/-.range)","propagated error including uncertainties on pH, S, Mg/Ca / same error was applied for positive and negative values","Uncertainty magnitude present; type missing or not handled by this mapping"
"boron_isotopes_guillermic_2022.xlsx",185,"BY: type.of.uncertainty.(e.g.,.set.value,.normal.distribution,.+/-.range)","propagated error including uncertainties on pH, S, Mg/Ca / same error was applied for positive and negative values","Uncertainty magnitude present; type missing or not handled by this mapping"
"boron_isotopes_guillermic_2022.xlsx",186,"BY: type.of.uncertainty.(e.g.,.set.value,.normal.distribution,.+/-.range)","propagated error including uncertainties on pH, S, Mg/Ca / same error was applied for positive and negative values","Uncertainty magnitude present; type missing or not handled by this mapping"
"boron_isotopes_guillermic_2022.xlsx",187,"BY: type.of.uncertainty.(e.g.,.set.value,.normal.distribution,.+/-.range)","propagated error including uncertainties on pH, S, Mg/Ca / same error was applied for positive and negative values","Uncertainty magnitude present; type missing or not handled by this mapping"
"boron_isotopes_guillermic_2022.xlsx",188,"BY: type.of.uncertainty.(e.g.,.set.value,.normal.distribution,.+/-.range)","propagated error including uncertainties on pH, S, Mg/Ca / same error was applied for positive and negative values","Uncertainty magnitude present; type missing or not handled by this mapping"
"boron_isotopes_guillermic_2022.xlsx",189,"BY: type.of.uncertainty.(e.g.,.set.value,.normal.distribution,.+/-.range)","propagated error including uncertainties on pH, S, Mg/Ca / same error was applied for positive and negative values","Uncertainty magnitude present; type missing or not handled by this mapping"
"boron_isotopes_guillermic_2022.xlsx",190,"BY: type.of.uncertainty.(e.g.,.set.value,.normal.distribution,.+/-.range)","propagated error including uncertainties on pH, S, Mg/Ca / same error was applied for positive and negative values","Uncertainty magnitude present; type missing or not handled by this mapping"
"boron_isotopes_guillermic_2022.xlsx",191,"BY: type.of.uncertainty.(e.g.,.set.value,.normal.distribution,.+/-.range)","propagated error including uncertainties on pH, S, Mg/Ca / same error was applied for positive and negative values","Uncertainty magnitude present; type missing or not handled by this mapping"
"boron_isotopes_guillermic_2022.xlsx",192,"BY: type.of.uncertainty.(e.g.,.set.value,.normal.distribution,.+/-.range)","propagated error including uncertainties on pH, S, Mg/Ca / same error was applied for positive and negative values","Uncertainty magnitude present; type missing or not handled by this mapping"
"boron_isotopes_guillermic_2022.xlsx",193,"BY: type.of.uncertainty.(e.g.,.set.value,.normal.distribution,.+/-.range)","propagated error including uncertainties on pH, S, Mg/Ca / same error was applied for positive and negative values","Uncertainty magnitude present; type missing or not handled by this mapping"
"boron_isotopes_guillermic_2022.xlsx",194,"BY: type.of.uncertainty.(e.g.,.set.value,.normal.distribution,.+/-.range)","propagated error including uncertainties on pH, S, Mg/Ca / same error was applied for positive and negative values","Uncertainty magnitude present; type missing or not handled by this mapping"
"boron_isotopes_guillermic_2022.xlsx",195,"BY: type.of.uncertainty.(e.g.,.set.value,.normal.distribution,.+/-.range)","propagated error including uncertainties on pH, S, Mg/Ca / same error was applied for positive and negative values","Uncertainty magnitude present; type missing or not handled by this mapping"
"boron_isotopes_guillermic_2022.xlsx",196,"BY: type.of.uncertainty.(e.g.,.set.value,.normal.distribution,.+/-.range)","propagated error including uncertainties on pH, S, Mg/Ca / same error was applied for positive and negative values","Uncertainty magnitude present; type missing or not handled by this mapping"
"boron_isotopes_guillermic_2022.xlsx",197,"BY: type.of.uncertainty.(e.g.,.set.value,.normal.distribution,.+/-.range)","propagated error including uncertainties on pH, S, Mg/Ca / same error was applied for positive and negative values","Uncertainty magnitude present; type missing or not handled by this mapping"
"boron_isotopes_guillermic_2022.xlsx",198,"BY: type.of.uncertainty.(e.g.,.set.value,.normal.distribution,.+/-.range)","propagated error including uncertainties on pH, S, Mg/Ca / same error was applied for positive and negative values","Uncertainty magnitude present; type missing or not handled by this mapping"
"boron_isotopes_guillermic_2022.xlsx",199,"BY: type.of.uncertainty.(e.g.,.set.value,.normal.distribution,.+/-.range)","propagated error including uncertainties on pH, S, Mg/Ca / same error was applied for positive and negative values","Uncertainty magnitude present; type missing or not handled by this mapping"
"boron_isotopes_guillermic_2022.xlsx",200,"BY: type.of.uncertainty.(e.g.,.set.value,.normal.distribution,.+/-.range)","propagated error including uncertainties on pH, S, Mg/Ca / same error was applied for positive and negative values","Uncertainty magnitude present; type missing or not handled by this mapping"
"boron_isotopes_guillermic_2022.xlsx",201,"BY: type.of.uncertainty.(e.g.,.set.value,.normal.distribution,.+/-.range)","propagated error including uncertainties on pH, S, Mg/Ca / same error was applied for positive and negative values","Uncertainty magnitude present; type missing or not handled by this mapping"
"boron_isotopes_guillermic_2022.xlsx",202,"BY: type.of.uncertainty.(e.g.,.set.value,.normal.distribution,.+/-.range)","propagated error including uncertainties on pH, S, Mg/Ca / same error was applied for positive and negative values","Uncertainty magnitude present; type missing or not handled by this mapping"
"boron_isotopes_guillermic_2022.xlsx",203,"BY: type.of.uncertainty.(e.g.,.set.value,.normal.distribution,.+/-.range)","propagated error including uncertainties on pH, S, Mg/Ca / same error was applied for positive and negative values","Uncertainty magnitude present; type missing or not handled by this mapping"
"boron_isotopes_guillermic_2022.xlsx",204,"BY: type.of.uncertainty.(e.g.,.set.value,.normal.distribution,.+/-.range)","propagated error including uncertainties on pH, S, Mg/Ca / same error was applied for positive and negative values","Uncertainty magnitude present; type missing or not handled by this mapping"
"boron_isotopes_guillermic_2022.xlsx",205,"BY: type.of.uncertainty.(e.g.,.set.value,.normal.distribution,.+/-.range)","propagated error including uncertainties on pH, S, Mg/Ca / same error was applied for positive and negative values","Uncertainty magnitude present; type missing or not handled by this mapping"
"boron_isotopes_guillermic_2022.xlsx",206,"BY: type.of.uncertainty.(e.g.,.set.value,.normal.distribution,.+/-.range)","propagated error including uncertainties on pH, S, Mg/Ca / same error was applied for positive and negative values","Uncertainty magnitude present; type missing or not handled by this mapping"
"boron_isotopes_guillermic_2022.xlsx",207,"BY: type.of.uncertainty.(e.g.,.set.value,.normal.distribution,.+/-.range)","propagated error including uncertainties on S, Mg/Ca","Uncertainty magnitude present; type missing or not handled by this mapping"
"boron_isotopes_guillermic_2022.xlsx",208,"BY: type.of.uncertainty.(e.g.,.set.value,.normal.distribution,.+/-.range)","propagated error including uncertainties on S, Mg/Ca","Uncertainty magnitude present; type missing or not handled by this mapping"
"boron_isotopes_guillermic_2022.xlsx",209,"BY: type.of.uncertainty.(e.g.,.set.value,.normal.distribution,.+/-.range)","propagated error including uncertainties on S, Mg/Ca","Uncertainty magnitude present; type missing or not handled by this mapping"
"boron_isotopes_guillermic_2022.xlsx",210,"BY: type.of.uncertainty.(e.g.,.set.value,.normal.distribution,.+/-.range)","propagated error including uncertainties on S, Mg/Ca","Uncertainty magnitude present; type missing or not handled by this mapping"
"boron_isotopes_guillermic_2022.xlsx",211,"BY: type.of.uncertainty.(e.g.,.set.value,.normal.distribution,.+/-.range)","propagated error including uncertainties on S, Mg/Ca","Uncertainty magnitude present; type missing or not handled by this mapping"
"boron_isotopes_guillermic_2022.xlsx",212,"BY: type.of.uncertainty.(e.g.,.set.value,.normal.distribution,.+/-.range)","propagated error including uncertainties on S, Mg/Ca","Uncertainty magnitude present; type missing or not handled by this mapping"
"boron_isotopes_guillermic_2022.xlsx",213,"BY: type.of.uncertainty.(e.g.,.set.value,.normal.distribution,.+/-.range)","propagated error including uncertainties on S, Mg/Ca","Uncertainty magnitude present; type missing or not handled by this mapping"
"boron_isotopes_guillermic_2022.xlsx",214,"BY: type.of.uncertainty.(e.g.,.set.value,.normal.distribution,.+/-.range)","propagated error including uncertainties on S, Mg/Ca","Uncertainty magnitude present; type missing or not handled by this mapping"
"boron_isotopes_guillermic_2022.xlsx",215,"BY: type.of.uncertainty.(e.g.,.set.value,.normal.distribution,.+/-.range)","propagated error including uncertainties on S, Mg/Ca","Uncertainty magnitude present; type missing or not handled by this mapping"
"boron_isotopes_guillermic_2022.xlsx",216,"BY: type.of.uncertainty.(e.g.,.set.value,.normal.distribution,.+/-.range)","propagated error including uncertainties on S, Mg/Ca","Uncertainty magnitude present; type missing or not handled by this mapping"
"boron_isotopes_guillermic_2022.xlsx",217,"BY: type.of.uncertainty.(e.g.,.set.value,.normal.distribution,.+/-.range)","propagated error including uncertainties on S, Mg/Ca","Uncertainty magnitude present; type missing or not handled by this mapping"
"boron_isotopes_guillermic_2022.xlsx",218,"BY: type.of.uncertainty.(e.g.,.set.value,.normal.distribution,.+/-.range)","propagated error including uncertainties on S, Mg/Ca","Uncertainty magnitude present; type missing or not handled by this mapping"
"boron_isotopes_guillermic_2022.xlsx",219,"BY: type.of.uncertainty.(e.g.,.set.value,.normal.distribution,.+/-.range)","propagated error including uncertainties on S, Mg/Ca","Uncertainty magnitude present; type missing or not handled by this mapping"
"boron_isotopes_guillermic_2022.xlsx",220,"BY: type.of.uncertainty.(e.g.,.set.value,.normal.distribution,.+/-.range)","propagated error including uncertainties on S, Mg/Ca","Uncertainty magnitude present; type missing or not handled by this mapping"
"boron_isotopes_guillermic_2022.xlsx",221,"BY: type.of.uncertainty.(e.g.,.set.value,.normal.distribution,.+/-.range)","propagated error including uncertainties on S, Mg/Ca","Uncertainty magnitude present; type missing or not handled by this mapping"
"boron_isotopes_guillermic_2022.xlsx",222,"BY: type.of.uncertainty.(e.g.,.set.value,.normal.distribution,.+/-.range)","propagated error including uncertainties on S, Mg/Ca","Uncertainty magnitude present; type missing or not handled by this mapping"
"boron_isotopes_guillermic_2022.xlsx",223,"BY: type.of.uncertainty.(e.g.,.set.value,.normal.distribution,.+/-.range)","propagated error including uncertainties on S, Mg/Ca","Uncertainty magnitude present; type missing or not handled by this mapping"
"boron_isotopes_guillermic_2022.xlsx",224,"BY: type.of.uncertainty.(e.g.,.set.value,.normal.distribution,.+/-.range)","propagated error including uncertainties on S, Mg/Ca","Uncertainty magnitude present; type missing or not handled by this mapping"
"boron_isotopes_guillermic_2022.xlsx",225,"BY: type.of.uncertainty.(e.g.,.set.value,.normal.distribution,.+/-.range)","propagated error including uncertainties on S, Mg/Ca","Uncertainty magnitude present; type missing or not handled by this mapping"
"boron_isotopes_guillermic_2022.xlsx",226,"BY: type.of.uncertainty.(e.g.,.set.value,.normal.distribution,.+/-.range)","propagated error including uncertainties on S, Mg/Ca","Uncertainty magnitude present; type missing or not handled by this mapping"
"boron_isotopes_guillermic_2022.xlsx",227,"BY: type.of.uncertainty.(e.g.,.set.value,.normal.distribution,.+/-.range)","propagated error including uncertainties on S, Mg/Ca","Uncertainty magnitude present; type missing or not handled by this mapping"
"boron_isotopes_guillermic_2022.xlsx",228,"BY: type.of.uncertainty.(e.g.,.set.value,.normal.distribution,.+/-.range)","propagated error including uncertainties on S, Mg/Ca","Uncertainty magnitude present; type missing or not handled by this mapping"
"boron_isotopes_guillermic_2022.xlsx",229,"BY: type.of.uncertainty.(e.g.,.set.value,.normal.distribution,.+/-.range)","propagated error including uncertainties on S, Mg/Ca","Uncertainty magnitude present; type missing or not handled by this mapping"
"boron_isotopes_guillermic_2022.xlsx",230,"BY: type.of.uncertainty.(e.g.,.set.value,.normal.distribution,.+/-.range)","propagated error including uncertainties on S, Mg/Ca","Uncertainty magnitude present; type missing or not handled by this mapping"
"boron_isotopes_guillermic_2022.xlsx",231,"BY: type.of.uncertainty.(e.g.,.set.value,.normal.distribution,.+/-.range)","propagated error including uncertainties on S, Mg/Ca","Uncertainty magnitude present; type missing or not handled by this mapping"
"boron_isotopes_guillermic_2022.xlsx",232,"BY: type.of.uncertainty.(e.g.,.set.value,.normal.distribution,.+/-.range)","propagated error including uncertainties on S, Mg/Ca","Uncertainty magnitude present; type missing or not handled by this mapping"
"boron_isotopes_guillermic_2022.xlsx",233,"BY: type.of.uncertainty.(e.g.,.set.value,.normal.distribution,.+/-.range)","propagated error including uncertainties on S, Mg/Ca","Uncertainty magnitude present; type missing or not handled by this mapping"
"boron_isotopes_guillermic_2022.xlsx",234,"BY: type.of.uncertainty.(e.g.,.set.value,.normal.distribution,.+/-.range)","propagated error including uncertainties on S, Mg/Ca","Uncertainty magnitude present; type missing or not handled by this mapping"
"boron_isotopes_guillermic_2022.xlsx",235,"BY: type.of.uncertainty.(e.g.,.set.value,.normal.distribution,.+/-.range)","propagated error including uncertainties on S, Mg/Ca","Uncertainty magnitude present; type missing or not handled by this mapping"
"boron_isotopes_guillermic_2022.xlsx",236,"BY: type.of.uncertainty.(e.g.,.set.value,.normal.distribution,.+/-.range)","propagated error including uncertainties on S, Mg/Ca","Uncertainty magnitude present; type missing or not handled by this mapping"
"boron_isotopes_guillermic_2022.xlsx",237,"BY: type.of.uncertainty.(e.g.,.set.value,.normal.distribution,.+/-.range)","propagated error including uncertainties on S, Mg/Ca","Uncertainty magnitude present; type missing or not handled by this mapping"
"boron_isotopes_guillermic_2022.xlsx",238,"BY: type.of.uncertainty.(e.g.,.set.value,.normal.distribution,.+/-.range)","propagated error including uncertainties on S, Mg/Ca","Uncertainty magnitude present; type missing or not handled by this mapping"
"boron_isotopes_guillermic_2022.xlsx",239,"BY: type.of.uncertainty.(e.g.,.set.value,.normal.distribution,.+/-.range)","propagated error including uncertainties on S, Mg/Ca","Uncertainty magnitude present; type missing or not handled by this mapping"
"boron_isotopes_guillermic_2022.xlsx",240,"BY: type.of.uncertainty.(e.g.,.set.value,.normal.distribution,.+/-.range)","propagated error including uncertainties on S, Mg/Ca","Uncertainty magnitude present; type missing or not handled by this mapping"
"boron_isotopes_guillermic_2022.xlsx",241,"BY: type.of.uncertainty.(e.g.,.set.value,.normal.distribution,.+/-.range)","propagated error including uncertainties on S, Mg/Ca","Uncertainty magnitude present; type missing or not handled by this mapping"
"boron_isotopes_guillermic_2022.xlsx",242,"BY: type.of.uncertainty.(e.g.,.set.value,.normal.distribution,.+/-.range)","propagated error including uncertainties on S, Mg/Ca","Uncertainty magnitude present; type missing or not handled by this mapping"
"boron_isotopes_guillermic_2022.xlsx",243,"BY: type.of.uncertainty.(e.g.,.set.value,.normal.distribution,.+/-.range)","propagated error including uncertainties on S, Mg/Ca","Uncertainty magnitude present; type missing or not handled by this mapping"
"boron_isotopes_guillermic_2022.xlsx",244,"BY: type.of.uncertainty.(e.g.,.set.value,.normal.distribution,.+/-.range)","propagated error including uncertainties on S, Mg/Ca","Uncertainty magnitude present; type missing or not handled by this mapping"
"boron_isotopes_guillermic_2022.xlsx",245,"BY: type.of.uncertainty.(e.g.,.set.value,.normal.distribution,.+/-.range)","propagated error including uncertainties on S, Mg/Ca","Uncertainty magnitude present; type missing or not handled by this mapping"
"boron_isotopes_guillermic_2022.xlsx",246,"BY: type.of.uncertainty.(e.g.,.set.value,.normal.distribution,.+/-.range)","propagated error including uncertainties on S, Mg/Ca","Uncertainty magnitude present; type missing or not handled by this mapping"
"boron_isotopes_guillermic_2022.xlsx",247,"BY: type.of.uncertainty.(e.g.,.set.value,.normal.distribution,.+/-.range)","propagated error including uncertainties on S, Mg/Ca","Uncertainty magnitude present; type missing or not handled by this mapping"
"boron_isotopes_guillermic_2022.xlsx",248,"BY: type.of.uncertainty.(e.g.,.set.value,.normal.distribution,.+/-.range)","propagated error including uncertainties on S, Mg/Ca","Uncertainty magnitude present; type missing or not handled by this mapping"
"boron_isotopes_guillermic_2022.xlsx",249,"BY: type.of.uncertainty.(e.g.,.set.value,.normal.distribution,.+/-.range)","propagated error including uncertainties on S, Mg/Ca","Uncertainty magnitude present; type missing or not handled by this mapping"
"boron_isotopes_guillermic_2022.xlsx",250,"BY: type.of.uncertainty.(e.g.,.set.value,.normal.distribution,.+/-.range)","propagated error including uncertainties on S, Mg/Ca","Uncertainty magnitude present; type missing or not handled by this mapping"
"boron_isotopes_guillermic_2022.xlsx",251,"BY: type.of.uncertainty.(e.g.,.set.value,.normal.distribution,.+/-.range)","propagated error including uncertainties on S, Mg/Ca","Uncertainty magnitude present; type missing or not handled by this mapping"
"boron_isotopes_guillermic_2022.xlsx",252,"BY: type.of.uncertainty.(e.g.,.set.value,.normal.distribution,.+/-.range)","propagated error including uncertainties on S, Mg/Ca","Uncertainty magnitude present; type missing or not handled by this mapping"
"boron_isotopes_guillermic_2022.xlsx",253,"BY: type.of.uncertainty.(e.g.,.set.value,.normal.distribution,.+/-.range)","propagated error including uncertainties on S, Mg/Ca","Uncertainty magnitude present; type missing or not handled by this mapping"
"boron_isotopes_guillermic_2022.xlsx",254,"BY: type.of.uncertainty.(e.g.,.set.value,.normal.distribution,.+/-.range)","propagated error including uncertainties on S, Mg/Ca","Uncertainty magnitude present; type missing or not handled by this mapping"
"boron_isotopes_guillermic_2022.xlsx",255,"BY: type.of.uncertainty.(e.g.,.set.value,.normal.distribution,.+/-.range)","propagated error including uncertainties on S, Mg/Ca","Uncertainty magnitude present; type missing or not handled by this mapping"
"boron_isotopes_guillermic_2022.xlsx",256,"BY: type.of.uncertainty.(e.g.,.set.value,.normal.distribution,.+/-.range)","propagated error including uncertainties on S, Mg/Ca","Uncertainty magnitude present; type missing or not handled by this mapping"
"boron_isotopes_guillermic_2022.xlsx",257,"BY: type.of.uncertainty.(e.g.,.set.value,.normal.distribution,.+/-.range)","propagated error including uncertainties on S, Mg/Ca","Uncertainty magnitude present; type missing or not handled by this mapping"
"boron_isotopes_guillermic_2022.xlsx",258,"BY: type.of.uncertainty.(e.g.,.set.value,.normal.distribution,.+/-.range)","propagated error including uncertainties on S, Mg/Ca","Uncertainty magnitude present; type missing or not handled by this mapping"
"boron_isotopes_guillermic_2022.xlsx",259,"BY: type.of.uncertainty.(e.g.,.set.value,.normal.distribution,.+/-.range)","propagated error including uncertainties on S, Mg/Ca","Uncertainty magnitude present; type missing or not handled by this mapping"
"boron_isotopes_guillermic_2022.xlsx",260,"BY: type.of.uncertainty.(e.g.,.set.value,.normal.distribution,.+/-.range)","propagated error including uncertainties on S, Mg/Ca","Uncertainty magnitude present; type missing or not handled by this mapping"
"boron_isotopes_guillermic_2022.xlsx",261,"BY: type.of.uncertainty.(e.g.,.set.value,.normal.distribution,.+/-.range)","propagated error including uncertainties on S, Mg/Ca","Uncertainty magnitude present; type missing or not handled by this mapping"
"boron_isotopes_guillermic_2022.xlsx",262,"BY: type.of.uncertainty.(e.g.,.set.value,.normal.distribution,.+/-.range)","propagated error including uncertainties on S, Mg/Ca","Uncertainty magnitude present; type missing or not handled by this mapping"
"boron_isotopes_guillermic_2022.xlsx",263,"BY: type.of.uncertainty.(e.g.,.set.value,.normal.distribution,.+/-.range)","propagated error including uncertainties on S, Mg/Ca","Uncertainty magnitude present; type missing or not handled by this mapping"
"boron_isotopes_guillermic_2022.xlsx",264,"BY: type.of.uncertainty.(e.g.,.set.value,.normal.distribution,.+/-.range)","propagated error including uncertainties on S, Mg/Ca","Uncertainty magnitude present; type missing or not handled by this mapping"
"boron_isotopes_guillermic_2022.xlsx",265,"BY: type.of.uncertainty.(e.g.,.set.value,.normal.distribution,.+/-.range)","propagated error including uncertainties on S, Mg/Ca","Uncertainty magnitude present; type missing or not handled by this mapping"
"boron_isotopes_guillermic_2022.xlsx",266,"BY: type.of.uncertainty.(e.g.,.set.value,.normal.distribution,.+/-.range)","propagated error including uncertainties on S, Mg/Ca","Uncertainty magnitude present; type missing or not handled by this mapping"
"boron_isotopes_guillermic_2022.xlsx",267,"BY: type.of.uncertainty.(e.g.,.set.value,.normal.distribution,.+/-.range)","propagated error including uncertainties on S, Mg/Ca","Uncertainty magnitude present; type missing or not handled by this mapping"
"boron_isotopes_guillermic_2022.xlsx",268,"BY: type.of.uncertainty.(e.g.,.set.value,.normal.distribution,.+/-.range)","propagated error including uncertainties on S, Mg/Ca","Uncertainty magnitude present; type missing or not handled by this mapping"
"boron_isotopes_guillermic_2022.xlsx",269,"BY: type.of.uncertainty.(e.g.,.set.value,.normal.distribution,.+/-.range)","propagated error including uncertainties on S, Mg/Ca","Uncertainty magnitude present; type missing or not handled by this mapping"
"boron_isotopes_guillermic_2022.xlsx",270,"BY: type.of.uncertainty.(e.g.,.set.value,.normal.distribution,.+/-.range)","propagated error including uncertainties on S, Mg/Ca","Uncertainty magnitude present; type missing or not handled by this mapping"
"boron_isotopes_guillermic_2022.xlsx",4,"C","please enter value manually","Archive link not yet assigned"
"boron_isotopes_guillermic_2022.xlsx",5,"C","please enter value manually","Archive link not yet assigned"
"boron_isotopes_guillermic_2022.xlsx",6,"C","please enter value manually","Archive link not yet assigned"
"boron_isotopes_guillermic_2022.xlsx",7,"C","please enter value manually","Archive link not yet assigned"
"boron_isotopes_guillermic_2022.xlsx",8,"C","please enter value manually","Archive link not yet assigned"
"boron_isotopes_guillermic_2022.xlsx",9,"C","please enter value manually","Archive link not yet assigned"
"boron_isotopes_guillermic_2022.xlsx",10,"C","please enter value manually","Archive link not yet assigned"
"boron_isotopes_guillermic_2022.xlsx",11,"C","please enter value manually","Archive link not yet assigned"
"boron_isotopes_guillermic_2022.xlsx",12,"C","please enter value manually","Archive link not yet assigned"
"boron_isotopes_guillermic_2022.xlsx",13,"C","please enter value manually","Archive link not yet assigned"
"boron_isotopes_guillermic_2022.xlsx",14,"C","please enter value manually","Archive link not yet assigned"
"boron_isotopes_guillermic_2022.xlsx",15,"C","please enter value manually","Archive link not yet assigned"
"boron_isotopes_guillermic_2022.xlsx",16,"C","please enter value manually","Archive link not yet assigned"
"boron_isotopes_guillermic_2022.xlsx",17,"C","please enter value manually","Archive link not yet assigned"
"boron_isotopes_guillermic_2022.xlsx",18,"C","please enter value manually","Archive link not yet assigned"
"boron_isotopes_guillermic_2022.xlsx",19,"C","please enter value manually","Archive link not yet assigned"
"boron_isotopes_guillermic_2022.xlsx",20,"C","please enter value manually","Archive link not yet assigned"
"boron_isotopes_guillermic_2022.xlsx",21,"C","please enter value manually","Archive link not yet assigned"
"boron_isotopes_guillermic_2022.xlsx",22,"C","please enter value manually","Archive link not yet assigned"
"boron_isotopes_guillermic_2022.xlsx",23,"C","please enter value manually","Archive link not yet assigned"
"boron_isotopes_guillermic_2022.xlsx",24,"C","please enter value manually","Archive link not yet assigned"
"boron_isotopes_guillermic_2022.xlsx",25,"C","please enter value manually","Archive link not yet assigned"
"boron_isotopes_guillermic_2022.xlsx",26,"C","please enter value manually","Archive link not yet assigned"
"boron_isotopes_guillermic_2022.xlsx",27,"C","please enter value manually","Archive link not yet assigned"
"boron_isotopes_guillermic_2022.xlsx",28,"C","please enter value manually","Archive link not yet assigned"
"boron_isotopes_guillermic_2022.xlsx",29,"C","please enter value manually","Archive link not yet assigned"
"boron_isotopes_guillermic_2022.xlsx",30,"C","please enter value manually","Archive link not yet assigned"
"boron_isotopes_guillermic_2022.xlsx",31,"C","please enter value manually","Archive link not yet assigned"
"boron_isotopes_guillermic_2022.xlsx",32,"C","please enter value manually","Archive link not yet assigned"
"boron_isotopes_guillermic_2022.xlsx",33,"C","please enter value manually","Archive link not yet assigned"
"boron_isotopes_guillermic_2022.xlsx",34,"C","please enter value manually","Archive link not yet assigned"
"boron_isotopes_guillermic_2022.xlsx",35,"C","please enter value manually","Archive link not yet assigned"
"boron_isotopes_guillermic_2022.xlsx",36,"C","please enter value manually","Archive link not yet assigned"
"boron_isotopes_guillermic_2022.xlsx",37,"C","please enter value manually","Archive link not yet assigned"
"boron_isotopes_guillermic_2022.xlsx",38,"C","please enter value manually","Archive link not yet assigned"
"boron_isotopes_guillermic_2022.xlsx",39,"C","please enter value manually","Archive link not yet assigned"
"boron_isotopes_guillermic_2022.xlsx",40,"C","please enter value manually","Archive link not yet assigned"
"boron_isotopes_guillermic_2022.xlsx",41,"C","please enter value manually","Archive link not yet assigned"
"boron_isotopes_guillermic_2022.xlsx",42,"C","please enter value manually","Archive link not yet assigned"
"boron_isotopes_guillermic_2022.xlsx",43,"C","please enter value manually","Archive link not yet assigned"
"boron_isotopes_guillermic_2022.xlsx",44,"C","please enter value manually","Archive link not yet assigned"
"boron_isotopes_guillermic_2022.xlsx",45,"C","please enter value manually","Archive link not yet assigned"
"boron_isotopes_guillermic_2022.xlsx",46,"C","please enter value manually","Archive link not yet assigned"
"boron_isotopes_guillermic_2022.xlsx",47,"C","please enter value manually","Archive link not yet assigned"
"boron_isotopes_guillermic_2022.xlsx",48,"C","please enter value manually","Archive link not yet assigned"
"boron_isotopes_guillermic_2022.xlsx",49,"C","please enter value manually","Archive link not yet assigned"
"boron_isotopes_guillermic_2022.xlsx",50,"C","please enter value manually","Archive link not yet assigned"
"boron_isotopes_guillermic_2022.xlsx",51,"C","please enter value manually","Archive link not yet assigned"
"boron_isotopes_guillermic_2022.xlsx",52,"C","please enter value manually","Archive link not yet assigned"
"boron_isotopes_guillermic_2022.xlsx",53,"C","please enter value manually","Archive link not yet assigned"
"boron_isotopes_guillermic_2022.xlsx",54,"C","please enter value manually","Archive link not yet assigned"
"boron_isotopes_guillermic_2022.xlsx",55,"C","please enter value manually","Archive link not yet assigned"
"boron_isotopes_guillermic_2022.xlsx",56,"C","please enter value manually","Archive link not yet assigned"
"boron_isotopes_guillermic_2022.xlsx",57,"C","please enter value manually","Archive link not yet assigned"
"boron_isotopes_guillermic_2022.xlsx",58,"C","please enter value manually","Archive link not yet assigned"
"boron_isotopes_guillermic_2022.xlsx",59,"C","please enter value manually","Archive link not yet assigned"
"boron_isotopes_guillermic_2022.xlsx",60,"C","please enter value manually","Archive link not yet assigned"
"boron_isotopes_guillermic_2022.xlsx",61,"C","please enter value manually","Archive link not yet assigned"
"boron_isotopes_guillermic_2022.xlsx",62,"C","please enter value manually","Archive link not yet assigned"
"boron_isotopes_guillermic_2022.xlsx",63,"C","please enter value manually","Archive link not yet assigned"
"boron_isotopes_guillermic_2022.xlsx",64,"C","please enter value manually","Archive link not yet assigned"
"boron_isotopes_guillermic_2022.xlsx",65,"C","please enter value manually","Archive link not yet assigned"
"boron_isotopes_guillermic_2022.xlsx",66,"C","please enter value manually","Archive link not yet assigned"
"boron_isotopes_guillermic_2022.xlsx",67,"C","please enter value manually","Archive link not yet assigned"
"boron_isotopes_guillermic_2022.xlsx",68,"C","please enter value manually","Archive link not yet assigned"
"boron_isotopes_guillermic_2022.xlsx",69,"C","please enter value manually","Archive link not yet assigned"
"boron_isotopes_guillermic_2022.xlsx",70,"C","please enter value manually","Archive link not yet assigned"
"boron_isotopes_guillermic_2022.xlsx",71,"C","please enter value manually","Archive link not yet assigned"
"boron_isotopes_guillermic_2022.xlsx",72,"C","please enter value manually","Archive link not yet assigned"
"boron_isotopes_guillermic_2022.xlsx",73,"C","please enter value manually","Archive link not yet assigned"
"boron_isotopes_guillermic_2022.xlsx",74,"C","please enter value manually","Archive link not yet assigned"
"boron_isotopes_guillermic_2022.xlsx",75,"C","please enter value manually","Archive link not yet assigned"
"boron_isotopes_guillermic_2022.xlsx",76,"C","please enter value manually","Archive link not yet assigned"
"boron_isotopes_guillermic_2022.xlsx",77,"C","please enter value manually","Archive link not yet assigned"
"boron_isotopes_guillermic_2022.xlsx",78,"C","please enter value manually","Archive link not yet assigned"
"boron_isotopes_guillermic_2022.xlsx",79,"C","please enter value manually","Archive link not yet assigned"
"boron_isotopes_guillermic_2022.xlsx",80,"C","please enter value manually","Archive link not yet assigned"
"boron_isotopes_guillermic_2022.xlsx",81,"C","please enter value manually","Archive link not yet assigned"
"boron_isotopes_guillermic_2022.xlsx",82,"C","please enter value manually","Archive link not yet assigned"
"boron_isotopes_guillermic_2022.xlsx",83,"C","please enter value manually","Archive link not yet assigned"
"boron_isotopes_guillermic_2022.xlsx",84,"C","please enter value manually","Archive link not yet assigned"
"boron_isotopes_guillermic_2022.xlsx",85,"C","please enter value manually","Archive link not yet assigned"
"boron_isotopes_guillermic_2022.xlsx",86,"C","please enter value manually","Archive link not yet assigned"
"boron_isotopes_guillermic_2022.xlsx",87,"C","please enter value manually","Archive link not yet assigned"
"boron_isotopes_guillermic_2022.xlsx",88,"C","please enter value manually","Archive link not yet assigned"
"boron_isotopes_guillermic_2022.xlsx",89,"C","please enter value manually","Archive link not yet assigned"
"boron_isotopes_guillermic_2022.xlsx",90,"C","please enter value manually","Archive link not yet assigned"
"boron_isotopes_guillermic_2022.xlsx",91,"C","please enter value manually","Archive link not yet assigned"
"boron_isotopes_guillermic_2022.xlsx",92,"C","please enter value manually","Archive link not yet assigned"
"boron_isotopes_guillermic_2022.xlsx",93,"C","please enter value manually","Archive link not yet assigned"
"boron_isotopes_guillermic_2022.xlsx",94,"C","please enter value manually","Archive link not yet assigned"
"boron_isotopes_guillermic_2022.xlsx",95,"C","please enter value manually","Archive link not yet assigned"
"boron_isotopes_guillermic_2022.xlsx",96,"C","please enter value manually","Archive link not yet assigned"
"boron_isotopes_guillermic_2022.xlsx",97,"C","please enter value manually","Archive link not yet assigned"
"boron_isotopes_guillermic_2022.xlsx",98,"C","please enter value manually","Archive link not yet assigned"
"boron_isotopes_guillermic_2022.xlsx",99,"C","please enter value manually","Archive link not yet assigned"
"boron_isotopes_guillermic_2022.xlsx",100,"C","please enter value manually","Archive link not yet assigned"
"boron_isotopes_guillermic_2022.xlsx",101,"C","please enter value manually","Archive link not yet assigned"
"boron_isotopes_guillermic_2022.xlsx",102,"C","please enter value manually","Archive link not yet assigned"
"boron_isotopes_guillermic_2022.xlsx",103,"C","please enter value manually","Archive link not yet assigned"
"boron_isotopes_guillermic_2022.xlsx",104,"C","please enter value manually","Archive link not yet assigned"
"boron_isotopes_guillermic_2022.xlsx",105,"C","please enter value manually","Archive link not yet assigned"
"boron_isotopes_guillermic_2022.xlsx",106,"C","please enter value manually","Archive link not yet assigned"
"boron_isotopes_guillermic_2022.xlsx",107,"C","please enter value manually","Archive link not yet assigned"
"boron_isotopes_guillermic_2022.xlsx",108,"C","please enter value manually","Archive link not yet assigned"
"boron_isotopes_guillermic_2022.xlsx",109,"C","please enter value manually","Archive link not yet assigned"
"boron_isotopes_guillermic_2022.xlsx",110,"C","please enter value manually","Archive link not yet assigned"
"boron_isotopes_guillermic_2022.xlsx",111,"C","please enter value manually","Archive link not yet assigned"
"boron_isotopes_guillermic_2022.xlsx",112,"C","please enter value manually","Archive link not yet assigned"
"boron_isotopes_guillermic_2022.xlsx",113,"C","please enter value manually","Archive link not yet assigned"
"boron_isotopes_guillermic_2022.xlsx",114,"C","please enter value manually","Archive link not yet assigned"
"boron_isotopes_guillermic_2022.xlsx",115,"C","please enter value manually","Archive link not yet assigned"
"boron_isotopes_guillermic_2022.xlsx",116,"C","please enter value manually","Archive link not yet assigned"
"boron_isotopes_guillermic_2022.xlsx",117,"C","please enter value manually","Archive link not yet assigned"
"boron_isotopes_guillermic_2022.xlsx",118,"C","please enter value manually","Archive link not yet assigned"
"boron_isotopes_guillermic_2022.xlsx",119,"C","please enter value manually","Archive link not yet assigned"
"boron_isotopes_guillermic_2022.xlsx",120,"C","please enter value manually","Archive link not yet assigned"
"boron_isotopes_guillermic_2022.xlsx",121,"C","please enter value manually","Archive link not yet assigned"
"boron_isotopes_guillermic_2022.xlsx",122,"C","please enter value manually","Archive link not yet assigned"
"boron_isotopes_guillermic_2022.xlsx",123,"C","please enter value manually","Archive link not yet assigned"
"boron_isotopes_guillermic_2022.xlsx",124,"C","please enter value manually","Archive link not yet assigned"
"boron_isotopes_guillermic_2022.xlsx",125,"C","please enter value manually","Archive link not yet assigned"
"boron_isotopes_guillermic_2022.xlsx",126,"C","please enter value manually","Archive link not yet assigned"
"boron_isotopes_guillermic_2022.xlsx",127,"C","please enter value manually","Archive link not yet assigned"
"boron_isotopes_guillermic_2022.xlsx",128,"C","please enter value manually","Archive link not yet assigned"
"boron_isotopes_guillermic_2022.xlsx",129,"C","please enter value manually","Archive link not yet assigned"
"boron_isotopes_guillermic_2022.xlsx",130,"C","please enter value manually","Archive link not yet assigned"
"boron_isotopes_guillermic_2022.xlsx",131,"C","please enter value manually","Archive link not yet assigned"
"boron_isotopes_guillermic_2022.xlsx",132,"C","please enter value manually","Archive link not yet assigned"
"boron_isotopes_guillermic_2022.xlsx",133,"C","please enter value manually","Archive link not yet assigned"
"boron_isotopes_guillermic_2022.xlsx",134,"C","please enter value manually","Archive link not yet assigned"
"boron_isotopes_guillermic_2022.xlsx",135,"C","please enter value manually","Archive link not yet assigned"
"boron_isotopes_guillermic_2022.xlsx",136,"C","please enter value manually","Archive link not yet assigned"
"boron_isotopes_guillermic_2022.xlsx",137,"C","please enter value manually","Archive link not yet assigned"
"boron_isotopes_guillermic_2022.xlsx",138,"C","please enter value manually","Archive link not yet assigned"
"boron_isotopes_guillermic_2022.xlsx",139,"C","please enter value manually","Archive link not yet assigned"
"boron_isotopes_guillermic_2022.xlsx",140,"C","please enter value manually","Archive link not yet assigned"
"boron_isotopes_guillermic_2022.xlsx",141,"C","please enter value manually","Archive link not yet assigned"
"boron_isotopes_guillermic_2022.xlsx",142,"C","please enter value manually","Archive link not yet assigned"
"boron_isotopes_guillermic_2022.xlsx",143,"C","please enter value manually","Archive link not yet assigned"
"boron_isotopes_guillermic_2022.xlsx",144,"C","please enter value manually","Archive link not yet assigned"
"boron_isotopes_guillermic_2022.xlsx",145,"C","please enter value manually","Archive link not yet assigned"
"boron_isotopes_guillermic_2022.xlsx",146,"C","please enter value manually","Archive link not yet assigned"
"boron_isotopes_guillermic_2022.xlsx",147,"C","please enter value manually","Archive link not yet assigned"
"boron_isotopes_guillermic_2022.xlsx",148,"C","please enter value manually","Archive link not yet assigned"
"boron_isotopes_guillermic_2022.xlsx",149,"C","please enter value manually","Archive link not yet assigned"
"boron_isotopes_guillermic_2022.xlsx",150,"C","please enter value manually","Archive link not yet assigned"
"boron_isotopes_guillermic_2022.xlsx",151,"C","please enter value manually","Archive link not yet assigned"
"boron_isotopes_guillermic_2022.xlsx",152,"C","please enter value manually","Archive link not yet assigned"
"boron_isotopes_guillermic_2022.xlsx",153,"C","please enter value manually","Archive link not yet assigned"
"boron_isotopes_guillermic_2022.xlsx",154,"C","please enter value manually","Archive link not yet assigned"
"boron_isotopes_guillermic_2022.xlsx",155,"C","please enter value manually","Archive link not yet assigned"
"boron_isotopes_guillermic_2022.xlsx",156,"C","please enter value manually","Archive link not yet assigned"
"boron_isotopes_guillermic_2022.xlsx",157,"C","please enter value manually","Archive link not yet assigned"
"boron_isotopes_guillermic_2022.xlsx",158,"C","please enter value manually","Archive link not yet assigned"
"boron_isotopes_guillermic_2022.xlsx",159,"C","please enter value manually","Archive link not yet assigned"
"boron_isotopes_guillermic_2022.xlsx",160,"C","please enter value manually","Archive link not yet assigned"
"boron_isotopes_guillermic_2022.xlsx",161,"C","please enter value manually","Archive link not yet assigned"
"boron_isotopes_guillermic_2022.xlsx",162,"C","please enter value manually","Archive link not yet assigned"
"boron_isotopes_guillermic_2022.xlsx",163,"C","please enter value manually","Archive link not yet assigned"
"boron_isotopes_guillermic_2022.xlsx",164,"C","please enter value manually","Archive link not yet assigned"
"boron_isotopes_guillermic_2022.xlsx",165,"C","please enter value manually","Archive link not yet assigned"
"boron_isotopes_guillermic_2022.xlsx",166,"C","please enter value manually","Archive link not yet assigned"
"boron_isotopes_guillermic_2022.xlsx",167,"C","please enter value manually","Archive link not yet assigned"
"boron_isotopes_guillermic_2022.xlsx",168,"C","please enter value manually","Archive link not yet assigned"
"boron_isotopes_guillermic_2022.xlsx",169,"C","please enter value manually","Archive link not yet assigned"
"boron_isotopes_guillermic_2022.xlsx",170,"C","please enter value manually","Archive link not yet assigned"
"boron_isotopes_guillermic_2022.xlsx",171,"C","please enter value manually","Archive link not yet assigned"
"boron_isotopes_guillermic_2022.xlsx",172,"C","please enter value manually","Archive link not yet assigned"
"boron_isotopes_guillermic_2022.xlsx",173,"C","please enter value manually","Archive link not yet assigned"
"boron_isotopes_guillermic_2022.xlsx",174,"C","please enter value manually","Archive link not yet assigned"
"boron_isotopes_guillermic_2022.xlsx",175,"C","please enter value manually","Archive link not yet assigned"
"boron_isotopes_guillermic_2022.xlsx",176,"C","please enter value manually","Archive link not yet assigned"
"boron_isotopes_guillermic_2022.xlsx",177,"C","please enter value manually","Archive link not yet assigned"
"boron_isotopes_guillermic_2022.xlsx",178,"C","please enter value manually","Archive link not yet assigned"
"boron_isotopes_guillermic_2022.xlsx",179,"C","please enter value manually","Archive link not yet assigned"
"boron_isotopes_guillermic_2022.xlsx",180,"C","please enter value manually","Archive link not yet assigned"
"boron_isotopes_guillermic_2022.xlsx",181,"C","please enter value manually","Archive link not yet assigned"
"boron_isotopes_guillermic_2022.xlsx",182,"C","please enter value manually","Archive link not yet assigned"
"boron_isotopes_guillermic_2022.xlsx",183,"C","please enter value manually","Archive link not yet assigned"
"boron_isotopes_guillermic_2022.xlsx",184,"C","please enter value manually","Archive link not yet assigned"
"boron_isotopes_guillermic_2022.xlsx",185,"C","please enter value manually","Archive link not yet assigned"
"boron_isotopes_guillermic_2022.xlsx",186,"C","please enter value manually","Archive link not yet assigned"
"boron_isotopes_guillermic_2022.xlsx",187,"C","please enter value manually","Archive link not yet assigned"
"boron_isotopes_guillermic_2022.xlsx",188,"C","please enter value manually","Archive link not yet assigned"
"boron_isotopes_guillermic_2022.xlsx",189,"C","please enter value manually","Archive link not yet assigned"
"boron_isotopes_guillermic_2022.xlsx",190,"C","please enter value manually","Archive link not yet assigned"
"boron_isotopes_guillermic_2022.xlsx",191,"C","please enter value manually","Archive link not yet assigned"
"boron_isotopes_guillermic_2022.xlsx",192,"C","please enter value manually","Archive link not yet assigned"
"boron_isotopes_guillermic_2022.xlsx",193,"C","please enter value manually","Archive link not yet assigned"
"boron_isotopes_guillermic_2022.xlsx",194,"C","please enter value manually","Archive link not yet assigned"
"boron_isotopes_guillermic_2022.xlsx",195,"C","please enter value manually","Archive link not yet assigned"
"boron_isotopes_guillermic_2022.xlsx",196,"C","please enter value manually","Archive link not yet assigned"
"boron_isotopes_guillermic_2022.xlsx",197,"C","please enter value manually","Archive link not yet assigned"
"boron_isotopes_guillermic_2022.xlsx",198,"C","please enter value manually","Archive link not yet assigned"
"boron_isotopes_guillermic_2022.xlsx",199,"C","please enter value manually","Archive link not yet assigned"
"boron_isotopes_guillermic_2022.xlsx",200,"C","please enter value manually","Archive link not yet assigned"
"boron_isotopes_guillermic_2022.xlsx",201,"C","please enter value manually","Archive link not yet assigned"
"boron_isotopes_guillermic_2022.xlsx",202,"C","please enter value manually","Archive link not yet assigned"
"boron_isotopes_guillermic_2022.xlsx",203,"C","please enter value manually","Archive link not yet assigned"
"boron_isotopes_guillermic_2022.xlsx",204,"C","please enter value manually","Archive link not yet assigned"
"boron_isotopes_guillermic_2022.xlsx",205,"C","please enter value manually","Archive link not yet assigned"
"boron_isotopes_guillermic_2022.xlsx",206,"C","please enter value manually","Archive link not yet assigned"
"boron_isotopes_guillermic_2022.xlsx",207,"C","please enter value manually","Archive link not yet assigned"
"boron_isotopes_guillermic_2022.xlsx",208,"C","please enter value manually","Archive link not yet assigned"
"boron_isotopes_guillermic_2022.xlsx",209,"C","please enter value manually","Archive link not yet assigned"
"boron_isotopes_guillermic_2022.xlsx",210,"C","please enter value manually","Archive link not yet assigned"
"boron_isotopes_guillermic_2022.xlsx",211,"C","please enter value manually","Archive link not yet assigned"
"boron_isotopes_guillermic_2022.xlsx",212,"C","please enter value manually","Archive link not yet assigned"
"boron_isotopes_guillermic_2022.xlsx",213,"C","please enter value manually","Archive link not yet assigned"
"boron_isotopes_guillermic_2022.xlsx",214,"C","please enter value manually","Archive link not yet assigned"
"boron_isotopes_guillermic_2022.xlsx",215,"C","please enter value manually","Archive link not yet assigned"
"boron_isotopes_guillermic_2022.xlsx",216,"C","please enter value manually","Archive link not yet assigned"
"boron_isotopes_guillermic_2022.xlsx",217,"C","please enter value manually","Archive link not yet assigned"
"boron_isotopes_guillermic_2022.xlsx",218,"C","please enter value manually","Archive link not yet assigned"
"boron_isotopes_guillermic_2022.xlsx",219,"C","please enter value manually","Archive link not yet assigned"
"boron_isotopes_guillermic_2022.xlsx",220,"C","please enter value manually","Archive link not yet assigned"
"boron_isotopes_guillermic_2022.xlsx",221,"C","please enter value manually","Archive link not yet assigned"
"boron_isotopes_guillermic_2022.xlsx",222,"C","please enter value manually","Archive link not yet assigned"
"boron_isotopes_guillermic_2022.xlsx",223,"C","please enter value manually","Archive link not yet assigned"
"boron_isotopes_guillermic_2022.xlsx",224,"C","please enter value manually","Archive link not yet assigned"
"boron_isotopes_guillermic_2022.xlsx",225,"C","please enter value manually","Archive link not yet assigned"
"boron_isotopes_guillermic_2022.xlsx",226,"C","please enter value manually","Archive link not yet assigned"
"boron_isotopes_guillermic_2022.xlsx",227,"C","please enter value manually","Archive link not yet assigned"
"boron_isotopes_guillermic_2022.xlsx",228,"C","please enter value manually","Archive link not yet assigned"
"boron_isotopes_guillermic_2022.xlsx",229,"C","please enter value manually","Archive link not yet assigned"
"boron_isotopes_guillermic_2022.xlsx",230,"C","please enter value manually","Archive link not yet assigned"
"boron_isotopes_guillermic_2022.xlsx",231,"C","please enter value manually","Archive link not yet assigned"
"boron_isotopes_guillermic_2022.xlsx",232,"C","please enter value manually","Archive link not yet assigned"
"boron_isotopes_guillermic_2022.xlsx",233,"C","please enter value manually","Archive link not yet assigned"
"boron_isotopes_guillermic_2022.xlsx",234,"C","please enter value manually","Archive link not yet assigned"
"boron_isotopes_guillermic_2022.xlsx",235,"C","please enter value manually","Archive link not yet assigned"
"boron_isotopes_guillermic_2022.xlsx",236,"C","please enter value manually","Archive link not yet assigned"
"boron_isotopes_guillermic_2022.xlsx",237,"C","please enter value manually","Archive link not yet assigned"
"boron_isotopes_guillermic_2022.xlsx",238,"C","please enter value manually","Archive link not yet assigned"
"boron_isotopes_guillermic_2022.xlsx",239,"C","please enter value manually","Archive link not yet assigned"
"boron_isotopes_guillermic_2022.xlsx",240,"C","please enter value manually","Archive link not yet assigned"
"boron_isotopes_guillermic_2022.xlsx",241,"C","please enter value manually","Archive link not yet assigned"
"boron_isotopes_guillermic_2022.xlsx",242,"C","please enter value manually","Archive link not yet assigned"
"boron_isotopes_guillermic_2022.xlsx",243,"C","please enter value manually","Archive link not yet assigned"
"boron_isotopes_guillermic_2022.xlsx",244,"C","please enter value manually","Archive link not yet assigned"
"boron_isotopes_guillermic_2022.xlsx",245,"C","please enter value manually","Archive link not yet assigned"
"boron_isotopes_guillermic_2022.xlsx",246,"C","please enter value manually","Archive link not yet assigned"
"boron_isotopes_guillermic_2022.xlsx",247,"C","please enter value manually","Archive link not yet assigned"
"boron_isotopes_guillermic_2022.xlsx",248,"C","please enter value manually","Archive link not yet assigned"
"boron_isotopes_guillermic_2022.xlsx",249,"C","please enter value manually","Archive link not yet assigned"
"boron_isotopes_guillermic_2022.xlsx",250,"C","please enter value manually","Archive link not yet assigned"
"boron_isotopes_guillermic_2022.xlsx",251,"C","please enter value manually","Archive link not yet assigned"
"boron_isotopes_guillermic_2022.xlsx",252,"C","please enter value manually","Archive link not yet assigned"
"boron_isotopes_guillermic_2022.xlsx",253,"C","please enter value manually","Archive link not yet assigned"
"boron_isotopes_guillermic_2022.xlsx",254,"C","please enter value manually","Archive link not yet assigned"
"boron_isotopes_guillermic_2022.xlsx",255,"C","please enter value manually","Archive link not yet assigned"
"boron_isotopes_guillermic_2022.xlsx",256,"C","please enter value manually","Archive link not yet assigned"
"boron_isotopes_guillermic_2022.xlsx",257,"C","please enter value manually","Archive link not yet assigned"
"boron_isotopes_guillermic_2022.xlsx",258,"C","please enter value manually","Archive link not yet assigned"
"boron_isotopes_guillermic_2022.xlsx",259,"C","please enter value manually","Archive link not yet assigned"
"boron_isotopes_guillermic_2022.xlsx",260,"C","please enter value manually","Archive link not yet assigned"
"boron_isotopes_guillermic_2022.xlsx",261,"C","please enter value manually","Archive link not yet assigned"
"boron_isotopes_guillermic_2022.xlsx",262,"C","please enter value manually","Archive link not yet assigned"
"boron_isotopes_guillermic_2022.xlsx",263,"C","please enter value manually","Archive link not yet assigned"
"boron_isotopes_guillermic_2022.xlsx",264,"C","please enter value manually","Archive link not yet assigned"
"boron_isotopes_guillermic_2022.xlsx",265,"C","please enter value manually","Archive link not yet assigned"
"boron_isotopes_guillermic_2022.xlsx",266,"C","please enter value manually","Archive link not yet assigned"
"boron_isotopes_guillermic_2022.xlsx",267,"C","please enter value manually","Archive link not yet assigned"
"boron_isotopes_guillermic_2022.xlsx",268,"C","please enter value manually","Archive link not yet assigned"
"boron_isotopes_guillermic_2022.xlsx",269,"C","please enter value manually","Archive link not yet assigned"
"boron_isotopes_guillermic_2022.xlsx",270,"C","please enter value manually","Archive link not yet assigned"
