"action","file_1","sheet_1","source_row_1","publication_year_1","sample_1","site_1","depth_m_1","composite_depth_m_1","lat_1","lon_1","age_Ma_1","species_1","shell_size_1","d11B_replicates_1","MgCa_replicates_1","replicate_2SE_1","published_pCO2_1","d11B_1","d11B_2s_1","MgCa_1","MgCa_2s_1","temperature_1","source_notes_1","MgCa_from_replicates_1","retained_1","retained_file_1","retained_source_row_1","combined_row_1","intermediate_row_1","file_2","sheet_2","source_row_2","publication_year_2","sample_2","site_2","depth_m_2","composite_depth_m_2","lat_2","lon_2","age_Ma_2","species_2","shell_size_2","d11B_replicates_2","MgCa_replicates_2","replicate_2SE_2","published_pCO2_2","d11B_2","d11B_2s_2","MgCa_2","MgCa_2s_2","temperature_2","source_notes_2","MgCa_from_replicates_2","retained_2","retained_file_2","retained_source_row_2","combined_row_2","intermediate_row_2"
"removed redundant record","boron_isotopes_guillermic_2022.xlsx","boron isotopes",4,2022,"ODP 806_B_3_2_101_103","ODP 806",,,0.3185,159.3615,0.90395,"Globigerinoides ruber","250-300","19.0329780437852","3.52588773399394",,219.181,19.0329780437852,0.289796563578344,3.52588773399394,0.02,27.4811753172778,"Scenario 1A- G17/Caves2016",FALSE,TRUE,"boron_isotopes_guillermic_2022.xlsx",4,776,5,"boron_isotopes_guillermic_2022.xlsx","boron isotopes",93,2022,"ODP 806_B_3_2_101_103","ODP 806",,,0.3185,159.3615,0.90395,"Globigerinoides ruber","250-300","19.0329780437852","3.52588773399394",,203.382,19.0329780437852,0.289796563578344,3.52588773399394,0.02,27.4811753172778,"Scenario 2A- L02/Caves2016",FALSE,FALSE,"boron_isotopes_guillermic_2022.xlsx",4,,
"removed redundant record","boron_isotopes_guillermic_2022.xlsx","boron isotopes",4,2022,"ODP 806_B_3_2_101_103","ODP 806",,,0.3185,159.3615,0.90395,"Globigerinoides ruber","250-300","19.0329780437852","3.52588773399394",,219.181,19.0329780437852,0.289796563578344,3.52588773399394,0.02,27.4811753172778,"Scenario 1A- G17/Caves2016",FALSE,TRUE,"boron_isotopes_guillermic_2022.xlsx",4,776,5,"boron_isotopes_guillermic_2022.xlsx","boron isotopes",182,2022,"ODP 806_B_3_2_101_103","ODP 806",,,0.3185,159.3615,0.90395,"Globigerinoides ruber","250-300","19.0329780437852","3.52588773399394",,178.172,19.0329780437852,0.289796563578344,3.52588773399394,0.02,27.4811753172778,"Scenario 3A- RH13/Caves2016",FALSE,FALSE,"boron_isotopes_guillermic_2022.xlsx",4,,
"removed redundant record","boron_isotopes_guillermic_2022.xlsx","boron isotopes",5,2022,"ODP 806_B_3_4_86_88","ODP 806",,,0.3185,159.3615,1.01859,"Globigerinoides ruber","250-300","20.1817880575663","4.62927861454634",,163.537,20.1817880575663,0.289796563578344,4.62927861454634,0.02,32.9167447494784,"Scenario 1A- G17/Caves2016",FALSE,TRUE,"boron_isotopes_guillermic_2022.xlsx",5,777,6,"boron_isotopes_guillermic_2022.xlsx","boron isotopes",94,2022,"ODP 806_B_3_4_86_88","ODP 806",,,0.3185,159.3615,1.01859,"Globigerinoides ruber","250-300","20.1817880575663","4.62927861454634",,151.144,20.1817880575663,0.289796563578344,4.62927861454634,0.02,32.9167447494784,"Scenario 2A- L02/Caves2016",FALSE,FALSE,"boron_isotopes_guillermic_2022.xlsx",5,,
"removed redundant record","boron_isotopes_guillermic_2022.xlsx","boron isotopes",5,2022,"ODP 806_B_3_4_86_88","ODP 806",,,0.3185,159.3615,1.01859,"Globigerinoides ruber","250-300","20.1817880575663","4.62927861454634",,163.537,20.1817880575663,0.289796563578344,4.62927861454634,0.02,32.9167447494784,"Scenario 1A- G17/Caves2016",FALSE,TRUE,"boron_isotopes_guillermic_2022.xlsx",5,777,6,"boron_isotopes_guillermic_2022.xlsx","boron isotopes",183,2022,"ODP 806_B_3_4_86_88","ODP 806",,,0.3185,159.3615,1.01859,"Globigerinoides ruber","250-300","20.1817880575663","4.62927861454634",,131.266,20.1817880575663,0.289796563578344,4.62927861454634,0.02,32.9167447494784,"Scenario 3A- RH13/Caves2016",FALSE,FALSE,"boron_isotopes_guillermic_2022.xlsx",5,,
"removed redundant record","boron_isotopes_guillermic_2022.xlsx","boron isotopes",6,2022,"ODP 806_B_3_5_6_8","ODP 806",,,0.3185,159.3615,1.0457,"Globigerinoides ruber","250-300","18.6322992939878","3.26937790709548",,246.65,18.6322992939878,0.289796563578344,3.26937790709548,0.02,25.9208034967701,"Scenario 1A- G17/Caves2016",FALSE,TRUE,"boron_isotopes_guillermic_2022.xlsx",6,778,7,"boron_isotopes_guillermic_2022.xlsx","boron isotopes",95,2022,"ODP 806_B_3_5_6_8","ODP 806",,,0.3185,159.3615,1.0457,"Globigerinoides ruber","250-300","18.6322992939878","3.26937790709548",,226.465,18.6322992939878,0.289796563578344,3.26937790709548,0.02,25.9208034967701,"Scenario 2A- L02/Caves2016",FALSE,FALSE,"boron_isotopes_guillermic_2022.xlsx",6,,
"removed redundant record","boron_isotopes_guillermic_2022.xlsx","boron isotopes",6,2022,"ODP 806_B_3_5_6_8","ODP 806",,,0.3185,159.3615,1.0457,"Globigerinoides ruber","250-300","18.6322992939878","3.26937790709548",,246.65,18.6322992939878,0.289796563578344,3.26937790709548,0.02,25.9208034967701,"Scenario 1A- G17/Caves2016",FALSE,TRUE,"boron_isotopes_guillermic_2022.xlsx",6,778,7,"boron_isotopes_guillermic_2022.xlsx","boron isotopes",184,2022,"ODP 806_B_3_5_6_8","ODP 806",,,0.3185,159.3615,1.0457,"Globigerinoides ruber","250-300","18.6322992939878","3.26937790709548",,195.858,18.6322992939878,0.289796563578344,3.26937790709548,0.02,25.9208034967701,"Scenario 3A- RH13/Caves2016",FALSE,FALSE,"boron_isotopes_guillermic_2022.xlsx",6,,
"removed redundant record","boron_isotopes_guillermic_2022.xlsx","boron isotopes",7,2022,"ODP 806_B_3_5_26_28","ODP 806",,,0.3185,159.3615,1.0537,"Globigerinoides ruber","250-300","19.1446692355539","3.3228677904112",,205.284,19.1446692355539,0.289796563578344,3.3228677904112,0.02,26.7979453563036,"Scenario 1A- G17/Caves2016",FALSE,TRUE,"boron_isotopes_guillermic_2022.xlsx",7,779,8,"boron_isotopes_guillermic_2022.xlsx","boron isotopes",96,2022,"ODP 806_B_3_5_26_28","ODP 806",,,0.3185,159.3615,1.0537,"Globigerinoides ruber","250-300","19.1446692355539","3.3228677904112",,188.925,19.1446692355539,0.289796563578344,3.3228677904112,0.02,26.7979453563036,"Scenario 2A- L02/Caves2016",FALSE,FALSE,"boron_isotopes_guillermic_2022.xlsx",7,,
"removed redundant record","boron_isotopes_guillermic_2022.xlsx","boron isotopes",7,2022,"ODP 806_B_3_5_26_28","ODP 806",,,0.3185,159.3615,1.0537,"Globigerinoides ruber","250-300","19.1446692355539","3.3228677904112",,205.284,19.1446692355539,0.289796563578344,3.3228677904112,0.02,26.7979453563036,"Scenario 1A- G17/Caves2016",FALSE,TRUE,"boron_isotopes_guillermic_2022.xlsx",7,779,8,"boron_isotopes_guillermic_2022.xlsx","boron isotopes",185,2022,"ODP 806_B_3_5_26_28","ODP 806",,,0.3185,159.3615,1.0537,"Globigerinoides ruber","250-300","19.1446692355539","3.3228677904112",,164.103,19.1446692355539,0.289796563578344,3.3228677904112,0.02,26.7979453563036,"Scenario 3A- RH13/Caves2016",FALSE,FALSE,"boron_isotopes_guillermic_2022.xlsx",7,,
"removed redundant record","boron_isotopes_guillermic_2022.xlsx","boron isotopes",8,2022,"ODP 806_B_4_1_71_73","ODP 806",,,0.3185,159.3615,1.24026,"Globigerinoides ruber","250-300","18.1452447731421","3.47405982580486",,308.258,18.1452447731421,0.209247389225913,3.47405982580486,0.02,26.4461761938914,"Scenario 1A- G17/Caves2016",FALSE,TRUE,"boron_isotopes_guillermic_2022.xlsx",8,780,9,"boron_isotopes_guillermic_2022.xlsx","boron isotopes",97,2022,"ODP 806_B_4_1_71_73","ODP 806",,,0.3185,159.3615,1.24026,"Globigerinoides ruber","250-300","18.1452447731421","3.47405982580486",,278.377,18.1452447731421,0.209247389225913,3.47405982580486,0.02,26.4461761938914,"Scenario 2A- L02/Caves2016",FALSE,FALSE,"boron_isotopes_guillermic_2022.xlsx",8,,
"removed redundant record","boron_isotopes_guillermic_2022.xlsx","boron isotopes",8,2022,"ODP 806_B_4_1_71_73","ODP 806",,,0.3185,159.3615,1.24026,"Globigerinoides ruber","250-300","18.1452447731421","3.47405982580486",,308.258,18.1452447731421,0.209247389225913,3.47405982580486,0.02,26.4461761938914,"Scenario 1A- G17/Caves2016",FALSE,TRUE,"boron_isotopes_guillermic_2022.xlsx",8,780,9,"boron_isotopes_guillermic_2022.xlsx","boron isotopes",186,2022,"ODP 806_B_4_1_71_73","ODP 806",,,0.3185,159.3615,1.24026,"Globigerinoides ruber","250-300","18.1452447731421","3.47405982580486",,242.716,18.1452447731421,0.209247389225913,3.47405982580486,0.02,26.4461761938914,"Scenario 3A- RH13/Caves2016",FALSE,FALSE,"boron_isotopes_guillermic_2022.xlsx",8,,
"removed redundant record","boron_isotopes_guillermic_2022.xlsx","boron isotopes",9,2022,"ODP 806_B_4_1_131_133","ODP 806",,,0.3185,159.3615,1.26695,"Globigerinoides ruber","250-300","18.2484335256934","3.86862498452528",,310.194,18.2484335256934,0.209247389225913,3.86862498452528,0.02,28.0381583349889,"Scenario 1A- G17/Caves2016",FALSE,TRUE,"boron_isotopes_guillermic_2022.xlsx",9,781,10,"boron_isotopes_guillermic_2022.xlsx","boron isotopes",98,2022,"ODP 806_B_4_1_131_133","ODP 806",,,0.3185,159.3615,1.26695,"Globigerinoides ruber","250-300","18.2484335256934","3.86862498452528",,279.909,18.2484335256934,0.209247389225913,3.86862498452528,0.02,28.0381583349889,"Scenario 2A- L02/Caves2016",FALSE,FALSE,"boron_isotopes_guillermic_2022.xlsx",9,,
"removed redundant record","boron_isotopes_guillermic_2022.xlsx","boron isotopes",9,2022,"ODP 806_B_4_1_131_133","ODP 806",,,0.3185,159.3615,1.26695,"Globigerinoides ruber","250-300","18.2484335256934","3.86862498452528",,310.194,18.2484335256934,0.209247389225913,3.86862498452528,0.02,28.0381583349889,"Scenario 1A- G17/Caves2016",FALSE,TRUE,"boron_isotopes_guillermic_2022.xlsx",9,781,10,"boron_isotopes_guillermic_2022.xlsx","boron isotopes",187,2022,"ODP 806_B_4_1_131_133","ODP 806",,,0.3185,159.3615,1.26695,"Globigerinoides ruber","250-300","18.2484335256934","3.86862498452528",,244.747,18.2484335256934,0.209247389225913,3.86862498452528,0.02,28.0381583349889,"Scenario 3A- RH13/Caves2016",FALSE,FALSE,"boron_isotopes_guillermic_2022.xlsx",9,,
"removed redundant record","boron_isotopes_guillermic_2022.xlsx","boron isotopes",10,2022,"ODP 806_B_5_1_41_43","ODP 806",,,0.3185,159.3615,1.63758137812951,"Globigerinoides ruber","250-300","20.1195201609803","3.84992756008625",,152.874,20.1195201609803,0.257084376147543,3.84992756008625,0.02,29.8859443179072,"Scenario 1A- G17/Caves2016",FALSE,TRUE,"boron_isotopes_guillermic_2022.xlsx",10,782,11,"boron_isotopes_guillermic_2022.xlsx","boron isotopes",99,2022,"ODP 806_B_5_1_41_43","ODP 806",,,0.3185,159.3615,1.63758137812951,"Globigerinoides ruber","250-300","20.1195201609803","3.84992756008625",,136.528,20.1195201609803,0.257084376147543,3.84992756008625,0.02,29.8859443179072,"Scenario 2A- L02/Caves2016",FALSE,FALSE,"boron_isotopes_guillermic_2022.xlsx",10,,
"removed redundant record","boron_isotopes_guillermic_2022.xlsx","boron isotopes",10,2022,"ODP 806_B_5_1_41_43","ODP 806",,,0.3185,159.3615,1.63758137812951,"Globigerinoides ruber","250-300","20.1195201609803","3.84992756008625",,152.874,20.1195201609803,0.257084376147543,3.84992756008625,0.02,29.8859443179072,"Scenario 1A- G17/Caves2016",FALSE,TRUE,"boron_isotopes_guillermic_2022.xlsx",10,782,11,"boron_isotopes_guillermic_2022.xlsx","boron isotopes",188,2022,"ODP 806_B_5_1_41_43","ODP 806",,,0.3185,159.3615,1.63758137812951,"Globigerinoides ruber","250-300","20.1195201609803","3.84992756008625",,123.496,20.1195201609803,0.257084376147543,3.84992756008625,0.02,29.8859443179072,"Scenario 3A- RH13/Caves2016",FALSE,FALSE,"boron_isotopes_guillermic_2022.xlsx",10,,
"removed redundant record","boron_isotopes_guillermic_2022.xlsx","boron isotopes",11,2022,"ODP 806_B_5_6_23_25","ODP 806",,,0.3185,159.3615,1.93309566986964,"Globigerinoides ruber","250-300","17.9667271862851","4.10858232087299",,358.077,17.9667271862851,0.257084376147543,4.10858232087299,0.02,28.717286967561,"Scenario 1A- G17/Caves2016",FALSE,TRUE,"boron_isotopes_guillermic_2022.xlsx",11,783,12,"boron_isotopes_guillermic_2022.xlsx","boron isotopes",100,2022,"ODP 806_B_5_6_23_25","ODP 806",,,0.3185,159.3615,1.93309566986964,"Globigerinoides ruber","250-300","17.9667271862851","4.10858232087299",,309.934,17.9667271862851,0.257084376147543,4.10858232087299,0.02,28.717286967561,"Scenario 2A- L02/Caves2016",FALSE,FALSE,"boron_isotopes_guillermic_2022.xlsx",11,,
"removed redundant record","boron_isotopes_guillermic_2022.xlsx","boron isotopes",11,2022,"ODP 806_B_5_6_23_25","ODP 806",,,0.3185,159.3615,1.93309566986964,"Globigerinoides ruber","250-300","17.9667271862851","4.10858232087299",,358.077,17.9667271862851,0.257084376147543,4.10858232087299,0.02,28.717286967561,"Scenario 1A- G17/Caves2016",FALSE,TRUE,"boron_isotopes_guillermic_2022.xlsx",11,783,12,"boron_isotopes_guillermic_2022.xlsx","boron isotopes",189,2022,"ODP 806_B_5_6_23_25","ODP 806",,,0.3185,159.3615,1.93309566986964,"Globigerinoides ruber","250-300","17.9667271862851","4.10858232087299",,282.719,17.9667271862851,0.257084376147543,4.10858232087299,0.02,28.717286967561,"Scenario 3A- RH13/Caves2016",FALSE,FALSE,"boron_isotopes_guillermic_2022.xlsx",11,,
"removed redundant record","boron_isotopes_guillermic_2022.xlsx","boron isotopes",12,2022,"ODP 806_B_6_2_0_2","ODP 806",,,0.3185,159.3615,2.06202109792738,"Globigerinoides ruber","250-300","19.3399684407694","5.01669945816092",,229.867,19.3399684407694,0.334054564130627,5.01669945816092,0.02,33.4578254953638,"Scenario 1A- G17/Caves2016",FALSE,TRUE,"boron_isotopes_guillermic_2022.xlsx",12,784,13,"boron_isotopes_guillermic_2022.xlsx","boron isotopes",101,2022,"ODP 806_B_6_2_0_2","ODP 806",,,0.3185,159.3615,2.06202109792738,"Globigerinoides ruber","250-300","19.3399684407694","5.01669945816092",,199.14,19.3399684407694,0.334054564130627,5.01669945816092,0.02,33.4578254953638,"Scenario 2A- L02/Caves2016",FALSE,FALSE,"boron_isotopes_guillermic_2022.xlsx",12,,
"removed redundant record","boron_isotopes_guillermic_2022.xlsx","boron isotopes",12,2022,"ODP 806_B_6_2_0_2","ODP 806",,,0.3185,159.3615,2.06202109792738,"Globigerinoides ruber","250-300","19.3399684407694","5.01669945816092",,229.867,19.3399684407694,0.334054564130627,5.01669945816092,0.02,33.4578254953638,"Scenario 1A- G17/Caves2016",FALSE,TRUE,"boron_isotopes_guillermic_2022.xlsx",12,784,13,"boron_isotopes_guillermic_2022.xlsx","boron isotopes",190,2022,"ODP 806_B_6_2_0_2","ODP 806",,,0.3185,159.3615,2.06202109792738,"Globigerinoides ruber","250-300","19.3399684407694","5.01669945816092",,185.851,19.3399684407694,0.334054564130627,5.01669945816092,0.02,33.4578254953638,"Scenario 3A- RH13/Caves2016",FALSE,FALSE,"boron_isotopes_guillermic_2022.xlsx",12,,
"removed redundant record","boron_isotopes_guillermic_2022.xlsx","boron isotopes",13,2022,"ODP 806_B_6_7_24_26","ODP 806",,,0.3185,159.3615,2.35804995766209,"Globigerinoides ruber","250-300","19.29,19.45","3.77205486735043",,198.783,19.3704236334048,0.236212247583082,3.77205486735043,0.02,28.8960076812093,"Scenario 1A- G17/Caves2016",FALSE,TRUE,"boron_isotopes_guillermic_2022.xlsx",13,785,14,"boron_isotopes_guillermic_2022.xlsx","boron isotopes",102,2022,"ODP 806_B_6_7_24_26","ODP 806",,,0.3185,159.3615,2.35804995766209,"Globigerinoides ruber","250-300","19.29,19.45","3.77205486735043",,165.872,19.3704236334048,0.236212247583082,3.77205486735043,0.02,28.8960076812093,"Scenario 2A- L02/Caves2016",FALSE,FALSE,"boron_isotopes_guillermic_2022.xlsx",13,,
"removed redundant record","boron_isotopes_guillermic_2022.xlsx","boron isotopes",13,2022,"ODP 806_B_6_7_24_26","ODP 806",,,0.3185,159.3615,2.35804995766209,"Globigerinoides ruber","250-300","19.29,19.45","3.77205486735043",,198.783,19.3704236334048,0.236212247583082,3.77205486735043,0.02,28.8960076812093,"Scenario 1A- G17/Caves2016",FALSE,TRUE,"boron_isotopes_guillermic_2022.xlsx",13,785,14,"boron_isotopes_guillermic_2022.xlsx","boron isotopes",191,2022,"ODP 806_B_6_7_24_26","ODP 806",,,0.3185,159.3615,2.35804995766209,"Globigerinoides ruber","250-300","19.29,19.45","3.77205486735043",,161.611,19.3704236334048,0.236212247583082,3.77205486735043,0.02,28.8960076812093,"Scenario 3A- RH13/Caves2016",FALSE,FALSE,"boron_isotopes_guillermic_2022.xlsx",13,,
"removed redundant record","boron_isotopes_guillermic_2022.xlsx","boron isotopes",14,2022,"ODP 806_B_7_1_24_26","ODP 806",,,0.3185,159.3615,2.37641348044425,"Globigerinoides ruber","250-300","18.38,18.63","3.98151600647593",,284.288,18.5061522418593,0.236212247583082,3.98151600647593,0.02,28.955038496138,"Scenario 1A- G17/Caves2016",FALSE,TRUE,"boron_isotopes_guillermic_2022.xlsx",14,786,15,"boron_isotopes_guillermic_2022.xlsx","boron isotopes",103,2022,"ODP 806_B_7_1_24_26","ODP 806",,,0.3185,159.3615,2.37641348044425,"Globigerinoides ruber","250-300","18.38,18.63","3.98151600647593",,234.37,18.5061522418593,0.236212247583082,3.98151600647593,0.02,28.955038496138,"Scenario 2A- L02/Caves2016",FALSE,FALSE,"boron_isotopes_guillermic_2022.xlsx",14,,
"removed redundant record","boron_isotopes_guillermic_2022.xlsx","boron isotopes",14,2022,"ODP 806_B_7_1_24_26","ODP 806",,,0.3185,159.3615,2.37641348044425,"Globigerinoides ruber","250-300","18.38,18.63","3.98151600647593",,284.288,18.5061522418593,0.236212247583082,3.98151600647593,0.02,28.955038496138,"Scenario 1A- G17/Caves2016",FALSE,TRUE,"boron_isotopes_guillermic_2022.xlsx",14,786,15,"boron_isotopes_guillermic_2022.xlsx","boron isotopes",192,2022,"ODP 806_B_7_1_24_26","ODP 806",,,0.3185,159.3615,2.37641348044425,"Globigerinoides ruber","250-300","18.38,18.63","3.98151600647593",,228.715,18.5061522418593,0.236212247583082,3.98151600647593,0.02,28.955038496138,"Scenario 3A- RH13/Caves2016",FALSE,FALSE,"boron_isotopes_guillermic_2022.xlsx",14,,
"removed redundant record","boron_isotopes_guillermic_2022.xlsx","boron isotopes",15,2022,"ODP 806_B_7_1_85_87","ODP 806",,,0.3185,159.3615,2.39958593810049,"Globigerinoides ruber","250-300","17.8465412953883","4.34569806475101",,389.011,17.8465412953883,0.26995517415545,4.34569806475101,0.02,29.6980687098612,"Scenario 1A- G17/Caves2016",FALSE,TRUE,"boron_isotopes_guillermic_2022.xlsx",15,787,16,"boron_isotopes_guillermic_2022.xlsx","boron isotopes",104,2022,"ODP 806_B_7_1_85_87","ODP 806",,,0.3185,159.3615,2.39958593810049,"Globigerinoides ruber","250-300","17.8465412953883","4.34569806475101",,315.314,17.8465412953883,0.26995517415545,4.34569806475101,0.02,29.6980687098612,"Scenario 2A- L02/Caves2016",FALSE,FALSE,"boron_isotopes_guillermic_2022.xlsx",15,,
"removed redundant record","boron_isotopes_guillermic_2022.xlsx","boron isotopes",15,2022,"ODP 806_B_7_1_85_87","ODP 806",,,0.3185,159.3615,2.39958593810049,"Globigerinoides ruber","250-300","17.8465412953883","4.34569806475101",,389.011,17.8465412953883,0.26995517415545,4.34569806475101,0.02,29.6980687098612,"Scenario 1A- G17/Caves2016",FALSE,TRUE,"boron_isotopes_guillermic_2022.xlsx",15,787,16,"boron_isotopes_guillermic_2022.xlsx","boron isotopes",193,2022,"ODP 806_B_7_1_85_87","ODP 806",,,0.3185,159.3615,2.39958593810049,"Globigerinoides ruber","250-300","17.8465412953883","4.34569806475101",,308.44,17.8465412953883,0.26995517415545,4.34569806475101,0.02,29.6980687098612,"Scenario 3A- RH13/Caves2016",FALSE,FALSE,"boron_isotopes_guillermic_2022.xlsx",15,,
"removed redundant record","boron_isotopes_guillermic_2022.xlsx","boron isotopes",16,2022,"ODP 806_B_7_2_38_40","ODP 806",,,0.3185,159.3615,2.43792730372649,"Globigerinoides ruber","250-300","16.9667280787451","3.79348286319219",,545.103,16.9667280787451,0.26995517415545,3.79348286319219,0.02,26.3817655221163,"Scenario 1A- G17/Caves2016",FALSE,TRUE,"boron_isotopes_guillermic_2022.xlsx",16,788,17,"boron_isotopes_guillermic_2022.xlsx","boron isotopes",105,2022,"ODP 806_B_7_2_38_40","ODP 806",,,0.3185,159.3615,2.43792730372649,"Globigerinoides ruber","250-300","16.9667280787451","3.79348286319219",,425.271,16.9667280787451,0.26995517415545,3.79348286319219,0.02,26.3817655221163,"Scenario 2A- L02/Caves2016",FALSE,FALSE,"boron_isotopes_guillermic_2022.xlsx",16,,
"removed redundant record","boron_isotopes_guillermic_2022.xlsx","boron isotopes",16,2022,"ODP 806_B_7_2_38_40","ODP 806",,,0.3185,159.3615,2.43792730372649,"Globigerinoides ruber","250-300","16.9667280787451","3.79348286319219",,545.103,16.9667280787451,0.26995517415545,3.79348286319219,0.02,26.3817655221163,"Scenario 1A- G17/Caves2016",FALSE,TRUE,"boron_isotopes_guillermic_2022.xlsx",16,788,17,"boron_isotopes_guillermic_2022.xlsx","boron isotopes",194,2022,"ODP 806_B_7_2_38_40","ODP 806",,,0.3185,159.3615,2.43792730372649,"Globigerinoides ruber","250-300","16.9667280787451","3.79348286319219",,417.668,16.9667280787451,0.26995517415545,3.79348286319219,0.02,26.3817655221163,"Scenario 3A- RH13/Caves2016",FALSE,FALSE,"boron_isotopes_guillermic_2022.xlsx",16,,
"removed redundant record","boron_isotopes_guillermic_2022.xlsx","boron isotopes",17,2022,"ODP 806_B_7_2_63_65","ODP 806",,,0.3185,159.3615,2.44720444612591,"Globigerinoides ruber","250-300","18.4986546130204","3.96335642061627",,285.093,18.4986546130204,0.334054564130627,3.96335642061627,0.02,28.9629961593197,"Scenario 1A- G17/Caves2016",FALSE,TRUE,"boron_isotopes_guillermic_2022.xlsx",17,789,18,"boron_isotopes_guillermic_2022.xlsx","boron isotopes",106,2022,"ODP 806_B_7_2_63_65","ODP 806",,,0.3185,159.3615,2.44720444612591,"Globigerinoides ruber","250-300","18.4986546130204","3.96335642061627",,232.855,18.4986546130204,0.334054564130627,3.96335642061627,0.02,28.9629961593197,"Scenario 2A- L02/Caves2016",FALSE,FALSE,"boron_isotopes_guillermic_2022.xlsx",17,,
"removed redundant record","boron_isotopes_guillermic_2022.xlsx","boron isotopes",17,2022,"ODP 806_B_7_2_63_65","ODP 806",,,0.3185,159.3615,2.44720444612591,"Globigerinoides ruber","250-300","18.4986546130204","3.96335642061627",,285.093,18.4986546130204,0.334054564130627,3.96335642061627,0.02,28.9629961593197,"Scenario 1A- G17/Caves2016",FALSE,TRUE,"boron_isotopes_guillermic_2022.xlsx",17,789,18,"boron_isotopes_guillermic_2022.xlsx","boron isotopes",195,2022,"ODP 806_B_7_2_63_65","ODP 806",,,0.3185,159.3615,2.44720444612591,"Globigerinoides ruber","250-300","18.4986546130204","3.96335642061627",,229.675,18.4986546130204,0.334054564130627,3.96335642061627,0.02,28.9629961593197,"Scenario 3A- RH13/Caves2016",FALSE,FALSE,"boron_isotopes_guillermic_2022.xlsx",17,,
"removed redundant record","boron_isotopes_guillermic_2022.xlsx","boron isotopes",18,2022,"ODP 806_B_7_2_104_106","ODP 806",,,0.3185,159.3615,2.46239452636003,"Globigerinoides ruber","250-300","17.87,18.37","4.32807258546556",,349.124,18.1192125613726,0.236212247583082,4.32807258546556,0.02,30.1178802890225,"Scenario 1A- G17/Caves2016",FALSE,TRUE,"boron_isotopes_guillermic_2022.xlsx",18,790,19,"boron_isotopes_guillermic_2022.xlsx","boron isotopes",107,2022,"ODP 806_B_7_2_104_106","ODP 806",,,0.3185,159.3615,2.46239452636003,"Globigerinoides ruber","250-300","17.87,18.37","4.32807258546556",,282.508,18.1192125613726,0.236212247583082,4.32807258546556,0.02,30.1178802890225,"Scenario 2A- L02/Caves2016",FALSE,FALSE,"boron_isotopes_guillermic_2022.xlsx",18,,
"removed redundant record","boron_isotopes_guillermic_2022.xlsx","boron isotopes",18,2022,"ODP 806_B_7_2_104_106","ODP 806",,,0.3185,159.3615,2.46239452636003,"Globigerinoides ruber","250-300","17.87,18.37","4.32807258546556",,349.124,18.1192125613726,0.236212247583082,4.32807258546556,0.02,30.1178802890225,"Scenario 1A- G17/Caves2016",FALSE,TRUE,"boron_isotopes_guillermic_2022.xlsx",18,790,19,"boron_isotopes_guillermic_2022.xlsx","boron isotopes",196,2022,"ODP 806_B_7_2_104_106","ODP 806",,,0.3185,159.3615,2.46239452636003,"Globigerinoides ruber","250-300","17.87,18.37","4.32807258546556",,279.184,18.1192125613726,0.236212247583082,4.32807258546556,0.02,30.1178802890225,"Scenario 3A- RH13/Caves2016",FALSE,FALSE,"boron_isotopes_guillermic_2022.xlsx",18,,
"removed redundant record","boron_isotopes_guillermic_2022.xlsx","boron isotopes",19,2022,"ODP 806_B_7_2_146_148","ODP 806",,,0.3185,159.3615,2.47792370397612,"Globigerinoides ruber","250-300","17.8927621683715","3.88963415335755",,362.121,17.8927621683715,0.334054564130627,3.88963415335755,0.02,28.0319313280925,"Scenario 1A- G17/Caves2016",FALSE,TRUE,"boron_isotopes_guillermic_2022.xlsx",19,791,20,"boron_isotopes_guillermic_2022.xlsx","boron isotopes",108,2022,"ODP 806_B_7_2_146_148","ODP 806",,,0.3185,159.3615,2.47792370397612,"Globigerinoides ruber","250-300","17.8927621683715","3.88963415335755",,290.82,17.8927621683715,0.334054564130627,3.88963415335755,0.02,28.0319313280925,"Scenario 2A- L02/Caves2016",FALSE,FALSE,"boron_isotopes_guillermic_2022.xlsx",19,,
"removed redundant record","boron_isotopes_guillermic_2022.xlsx","boron isotopes",19,2022,"ODP 806_B_7_2_146_148","ODP 806",,,0.3185,159.3615,2.47792370397612,"Globigerinoides ruber","250-300","17.8927621683715","3.88963415335755",,362.121,17.8927621683715,0.334054564130627,3.88963415335755,0.02,28.0319313280925,"Scenario 1A- G17/Caves2016",FALSE,TRUE,"boron_isotopes_guillermic_2022.xlsx",19,791,20,"boron_isotopes_guillermic_2022.xlsx","boron isotopes",197,2022,"ODP 806_B_7_2_146_148","ODP 806",,,0.3185,159.3615,2.47792370397612,"Globigerinoides ruber","250-300","17.8927621683715","3.88963415335755",,288.053,17.8927621683715,0.334054564130627,3.88963415335755,0.02,28.0319313280925,"Scenario 3A- RH13/Caves2016",FALSE,FALSE,"boron_isotopes_guillermic_2022.xlsx",19,,
"removed redundant record","boron_isotopes_guillermic_2022.xlsx","boron isotopes",20,2022,"ODP 806_B_7_3_5_7","ODP 806",,,0.3185,159.3615,2.48124726086275,"Globigerinoides ruber","250-300","18.19,18.77","3.95343006644762",,287.115,18.4773470920483,0.236212247583082,3.95343006644762,0.02,28.8819447874231,"Scenario 1A- G17/Caves2016",FALSE,TRUE,"boron_isotopes_guillermic_2022.xlsx",20,792,21,"boron_isotopes_guillermic_2022.xlsx","boron isotopes",109,2022,"ODP 806_B_7_3_5_7","ODP 806",,,0.3185,159.3615,2.48124726086275,"Globigerinoides ruber","250-300","18.19,18.77","3.95343006644762",,233.384,18.4773470920483,0.236212247583082,3.95343006644762,0.02,28.8819447874231,"Scenario 2A- L02/Caves2016",FALSE,FALSE,"boron_isotopes_guillermic_2022.xlsx",20,,
"removed redundant record","boron_isotopes_guillermic_2022.xlsx","boron isotopes",20,2022,"ODP 806_B_7_3_5_7","ODP 806",,,0.3185,159.3615,2.48124726086275,"Globigerinoides ruber","250-300","18.19,18.77","3.95343006644762",,287.115,18.4773470920483,0.236212247583082,3.95343006644762,0.02,28.8819447874231,"Scenario 1A- G17/Caves2016",FALSE,TRUE,"boron_isotopes_guillermic_2022.xlsx",20,792,21,"boron_isotopes_guillermic_2022.xlsx","boron isotopes",198,2022,"ODP 806_B_7_3_5_7","ODP 806",,,0.3185,159.3615,2.48124726086275,"Globigerinoides ruber","250-300","18.19,18.77","3.95343006644762",,231.374,18.4773470920483,0.236212247583082,3.95343006644762,0.02,28.8819447874231,"Scenario 3A- RH13/Caves2016",FALSE,FALSE,"boron_isotopes_guillermic_2022.xlsx",20,,
"removed redundant record","boron_isotopes_guillermic_2022.xlsx","boron isotopes",21,2022,"ODP 806_B_7_3_58_60","ODP 806",,,0.3185,159.3615,2.50078986987786,"Globigerinoides ruber","250-300","18.2690370300418","3.68032306319341",,302.547,18.2690370300418,0.334054564130627,3.68032306319341,0.02,27.6951710040129,"Scenario 1A- G17/Caves2016",FALSE,TRUE,"boron_isotopes_guillermic_2022.xlsx",21,793,22,"boron_isotopes_guillermic_2022.xlsx","boron isotopes",110,2022,"ODP 806_B_7_3_58_60","ODP 806",,,0.3185,159.3615,2.50078986987786,"Globigerinoides ruber","250-300","18.2690370300418","3.68032306319341",,244.402,18.2690370300418,0.334054564130627,3.68032306319341,0.02,27.6951710040129,"Scenario 2A- L02/Caves2016",FALSE,FALSE,"boron_isotopes_guillermic_2022.xlsx",21,,
"removed redundant record","boron_isotopes_guillermic_2022.xlsx","boron isotopes",21,2022,"ODP 806_B_7_3_58_60","ODP 806",,,0.3185,159.3615,2.50078986987786,"Globigerinoides ruber","250-300","18.2690370300418","3.68032306319341",,302.547,18.2690370300418,0.334054564130627,3.68032306319341,0.02,27.6951710040129,"Scenario 1A- G17/Caves2016",FALSE,TRUE,"boron_isotopes_guillermic_2022.xlsx",21,793,22,"boron_isotopes_guillermic_2022.xlsx","boron isotopes",199,2022,"ODP 806_B_7_3_58_60","ODP 806",,,0.3185,159.3615,2.50078986987786,"Globigerinoides ruber","250-300","18.2690370300418","3.68032306319341",,243.009,18.2690370300418,0.334054564130627,3.68032306319341,0.02,27.6951710040129,"Scenario 3A- RH13/Caves2016",FALSE,FALSE,"boron_isotopes_guillermic_2022.xlsx",21,,
"removed redundant record","boron_isotopes_guillermic_2022.xlsx","boron isotopes",22,2022,"ODP 806_B_7_3_78_80","ODP 806",,,0.3185,159.3615,2.50815138177535,"Globigerinoides ruber","250-300","18.0004966575147","3.79430108338234",,342.579,18.0004966575147,0.334054564130627,3.79430108338234,0.02,27.8479267139308,"Scenario 1A- G17/Caves2016",FALSE,TRUE,"boron_isotopes_guillermic_2022.xlsx",22,794,23,"boron_isotopes_guillermic_2022.xlsx","boron isotopes",111,2022,"ODP 806_B_7_3_78_80","ODP 806",,,0.3185,159.3615,2.50815138177535,"Globigerinoides ruber","250-300","18.0004966575147","3.79430108338234",,274.788,18.0004966575147,0.334054564130627,3.79430108338234,0.02,27.8479267139308,"Scenario 2A- L02/Caves2016",FALSE,FALSE,"boron_isotopes_guillermic_2022.xlsx",22,,
"removed redundant record","boron_isotopes_guillermic_2022.xlsx","boron isotopes",22,2022,"ODP 806_B_7_3_78_80","ODP 806",,,0.3185,159.3615,2.50815138177535,"Globigerinoides ruber","250-300","18.0004966575147","3.79430108338234",,342.579,18.0004966575147,0.334054564130627,3.79430108338234,0.02,27.8479267139308,"Scenario 1A- G17/Caves2016",FALSE,TRUE,"boron_isotopes_guillermic_2022.xlsx",22,794,23,"boron_isotopes_guillermic_2022.xlsx","boron isotopes",200,2022,"ODP 806_B_7_3_78_80","ODP 806",,,0.3185,159.3615,2.50815138177535,"Globigerinoides ruber","250-300","18.0004966575147","3.79430108338234",,273.484,18.0004966575147,0.334054564130627,3.79430108338234,0.02,27.8479267139308,"Scenario 3A- RH13/Caves2016",FALSE,FALSE,"boron_isotopes_guillermic_2022.xlsx",22,,
"removed redundant record","boron_isotopes_guillermic_2022.xlsx","boron isotopes",23,2022,"ODP 806_B_7_4_5_7","ODP 806",,,0.3185,159.3615,2.53642665173807,"Globigerinoides ruber","250-300","18.46,18.6","3.7127269923425",,272.304,18.5300049792525,0.236212247583082,3.7127269923425,0.02,27.8224751007056,"Scenario 1A- G17/Caves2016",FALSE,TRUE,"boron_isotopes_guillermic_2022.xlsx",23,795,24,"boron_isotopes_guillermic_2022.xlsx","boron isotopes",112,2022,"ODP 806_B_7_4_5_7","ODP 806",,,0.3185,159.3615,2.53642665173807,"Globigerinoides ruber","250-300","18.46,18.6","3.7127269923425",,219.985,18.5300049792525,0.236212247583082,3.7127269923425,0.02,27.8224751007056,"Scenario 2A- L02/Caves2016",FALSE,FALSE,"boron_isotopes_guillermic_2022.xlsx",23,,
"removed redundant record","boron_isotopes_guillermic_2022.xlsx","boron isotopes",23,2022,"ODP 806_B_7_4_5_7","ODP 806",,,0.3185,159.3615,2.53642665173807,"Globigerinoides ruber","250-300","18.46,18.6","3.7127269923425",,272.304,18.5300049792525,0.236212247583082,3.7127269923425,0.02,27.8224751007056,"Scenario 1A- G17/Caves2016",FALSE,TRUE,"boron_isotopes_guillermic_2022.xlsx",23,795,24,"boron_isotopes_guillermic_2022.xlsx","boron isotopes",201,2022,"ODP 806_B_7_4_5_7","ODP 806",,,0.3185,159.3615,2.53642665173807,"Globigerinoides ruber","250-300","18.46,18.6","3.7127269923425",,219.904,18.5300049792525,0.236212247583082,3.7127269923425,0.02,27.8224751007056,"Scenario 3A- RH13/Caves2016",FALSE,FALSE,"boron_isotopes_guillermic_2022.xlsx",23,,
"removed redundant record","boron_isotopes_guillermic_2022.xlsx","boron isotopes",24,2022,"ODP 806_B_7_4_59_61","ODP 806",,,0.3185,159.3615,2.55619326696427,"Globigerinoides ruber","250-300","18.62,18.76","3.92187891000574",,263.871,18.6896805939797,0.236212247583082,3.92187891000574,0.02,29.1161426119343,"Scenario 1A- G17/Caves2016",FALSE,TRUE,"boron_isotopes_guillermic_2022.xlsx",24,796,25,"boron_isotopes_guillermic_2022.xlsx","boron isotopes",113,2022,"ODP 806_B_7_4_59_61","ODP 806",,,0.3185,159.3615,2.55619326696427,"Globigerinoides ruber","250-300","18.62,18.76","3.92187891000574",,213.165,18.6896805939797,0.236212247583082,3.92187891000574,0.02,29.1161426119343,"Scenario 2A- L02/Caves2016",FALSE,FALSE,"boron_isotopes_guillermic_2022.xlsx",24,,
"removed redundant record","boron_isotopes_guillermic_2022.xlsx","boron isotopes",24,2022,"ODP 806_B_7_4_59_61","ODP 806",,,0.3185,159.3615,2.55619326696427,"Globigerinoides ruber","250-300","18.62,18.76","3.92187891000574",,263.871,18.6896805939797,0.236212247583082,3.92187891000574,0.02,29.1161426119343,"Scenario 1A- G17/Caves2016",FALSE,TRUE,"boron_isotopes_guillermic_2022.xlsx",24,796,25,"boron_isotopes_guillermic_2022.xlsx","boron isotopes",202,2022,"ODP 806_B_7_4_59_61","ODP 806",,,0.3185,159.3615,2.55619326696427,"Globigerinoides ruber","250-300","18.62,18.76","3.92187891000574",,213.722,18.6896805939797,0.236212247583082,3.92187891000574,0.02,29.1161426119343,"Scenario 3A- RH13/Caves2016",FALSE,FALSE,"boron_isotopes_guillermic_2022.xlsx",24,,
"removed redundant record","boron_isotopes_guillermic_2022.xlsx","boron isotopes",25,2022,"ODP 806_B_7_4_105_107","ODP 806",,,0.3185,159.3615,2.57299084115138,"Globigerinoides ruber","250-300","18.65,18.83","4.06948288816452",,262.478,18.7365862584764,0.236212247583082,4.06948288816452,0.02,29.507660041592,"Scenario 1A- G17/Caves2016",FALSE,TRUE,"boron_isotopes_guillermic_2022.xlsx",25,797,26,"boron_isotopes_guillermic_2022.xlsx","boron isotopes",114,2022,"ODP 806_B_7_4_105_107","ODP 806",,,0.3185,159.3615,2.57299084115138,"Globigerinoides ruber","250-300","18.65,18.83","4.06948288816452",,211.67,18.7365862584764,0.236212247583082,4.06948288816452,0.02,29.507660041592,"Scenario 2A- L02/Caves2016",FALSE,FALSE,"boron_isotopes_guillermic_2022.xlsx",25,,
"removed redundant record","boron_isotopes_guillermic_2022.xlsx","boron isotopes",25,2022,"ODP 806_B_7_4_105_107","ODP 806",,,0.3185,159.3615,2.57299084115138,"Globigerinoides ruber","250-300","18.65,18.83","4.06948288816452",,262.478,18.7365862584764,0.236212247583082,4.06948288816452,0.02,29.507660041592,"Scenario 1A- G17/Caves2016",FALSE,TRUE,"boron_isotopes_guillermic_2022.xlsx",25,797,26,"boron_isotopes_guillermic_2022.xlsx","boron isotopes",203,2022,"ODP 806_B_7_4_105_107","ODP 806",,,0.3185,159.3615,2.57299084115138,"Globigerinoides ruber","250-300","18.65,18.83","4.06948288816452",,212.758,18.7365862584764,0.236212247583082,4.06948288816452,0.02,29.507660041592,"Scenario 3A- RH13/Caves2016",FALSE,FALSE,"boron_isotopes_guillermic_2022.xlsx",25,,
"removed redundant record","boron_isotopes_guillermic_2022.xlsx","boron isotopes",26,2022,"ODP 806_B_8_2_59_61","ODP 806",,,0.3185,159.3615,2.79014133072861,"Globigerinoides ruber","250-300","17.65,18.11","4.06423815261029",,372.456,17.8783997629053,0.236212247583082,4.06423815261029,0.02,28.6790293068172,"Scenario 1A- G17/Caves2016",FALSE,TRUE,"boron_isotopes_guillermic_2022.xlsx",26,798,27,"boron_isotopes_guillermic_2022.xlsx","boron isotopes",115,2022,"ODP 806_B_8_2_59_61","ODP 806",,,0.3185,159.3615,2.79014133072861,"Globigerinoides ruber","250-300","17.65,18.11","4.06423815261029",,286.421,17.8783997629053,0.236212247583082,4.06423815261029,0.02,28.6790293068172,"Scenario 2A- L02/Caves2016",FALSE,FALSE,"boron_isotopes_guillermic_2022.xlsx",26,,
"removed redundant record","boron_isotopes_guillermic_2022.xlsx","boron isotopes",26,2022,"ODP 806_B_8_2_59_61","ODP 806",,,0.3185,159.3615,2.79014133072861,"Globigerinoides ruber","250-300","17.65,18.11","4.06423815261029",,372.456,17.8783997629053,0.236212247583082,4.06423815261029,0.02,28.6790293068172,"Scenario 1A- G17/Caves2016",FALSE,TRUE,"boron_isotopes_guillermic_2022.xlsx",26,798,27,"boron_isotopes_guillermic_2022.xlsx","boron isotopes",204,2022,"ODP 806_B_8_2_59_61","ODP 806",,,0.3185,159.3615,2.79014133072861,"Globigerinoides ruber","250-300","17.65,18.11","4.06423815261029",,298.047,17.8783997629053,0.236212247583082,4.06423815261029,0.02,28.6790293068172,"Scenario 3A- RH13/Caves2016",FALSE,FALSE,"boron_isotopes_guillermic_2022.xlsx",26,,
"removed redundant record","boron_isotopes_guillermic_2022.xlsx","boron isotopes",27,2022,"ODP 806_B_8_5_9_11","ODP 806",,,0.3185,159.3615,2.93055439849975,"Globigerinoides ruber","250-300","16.63,17.21","3.95418404513653",,572.141,16.9238634595317,0.236212247583082,3.95418404513653,0.02,27.1727525964753,"Scenario 1A- G17/Caves2016",FALSE,TRUE,"boron_isotopes_guillermic_2022.xlsx",27,799,28,"boron_isotopes_guillermic_2022.xlsx","boron isotopes",116,2022,"ODP 806_B_8_5_9_11","ODP 806",,,0.3185,159.3615,2.93055439849975,"Globigerinoides ruber","250-300","16.63,17.21","3.95418404513653",,413.093,16.9238634595317,0.236212247583082,3.95418404513653,0.02,27.1727525964753,"Scenario 2A- L02/Caves2016",FALSE,FALSE,"boron_isotopes_guillermic_2022.xlsx",27,,
"removed redundant record","boron_isotopes_guillermic_2022.xlsx","boron isotopes",27,2022,"ODP 806_B_8_5_9_11","ODP 806",,,0.3185,159.3615,2.93055439849975,"Globigerinoides ruber","250-300","16.63,17.21","3.95418404513653",,572.141,16.9238634595317,0.236212247583082,3.95418404513653,0.02,27.1727525964753,"Scenario 1A- G17/Caves2016",FALSE,TRUE,"boron_isotopes_guillermic_2022.xlsx",27,799,28,"boron_isotopes_guillermic_2022.xlsx","boron isotopes",205,2022,"ODP 806_B_8_5_9_11","ODP 806",,,0.3185,159.3615,2.93055439849975,"Globigerinoides ruber","250-300","16.63,17.21","3.95418404513653",,443.294,16.9238634595317,0.236212247583082,3.95418404513653,0.02,27.1727525964753,"Scenario 3A- RH13/Caves2016",FALSE,FALSE,"boron_isotopes_guillermic_2022.xlsx",27,,
"removed redundant record","boron_isotopes_guillermic_2022.xlsx","boron isotopes",28,2022,"ODP 806_B_8_6_42_44","ODP 806",,,0.3185,159.3615,2.99391875699556,"Globigerinoides ruber","250-300","17.1824453645353","4.10274896823371",,513.307,17.1824453645353,0.334054564130627,4.10274896823371,0.02,28.2442437090445,"Scenario 1A- G17/Caves2016",FALSE,TRUE,"boron_isotopes_guillermic_2022.xlsx",28,800,29,"boron_isotopes_guillermic_2022.xlsx","boron isotopes",117,2022,"ODP 806_B_8_6_42_44","ODP 806",,,0.3185,159.3615,2.99391875699556,"Globigerinoides ruber","250-300","17.1824453645353","4.10274896823371",,373.802,17.1824453645353,0.334054564130627,4.10274896823371,0.02,28.2442437090445,"Scenario 2A- L02/Caves2016",FALSE,FALSE,"boron_isotopes_guillermic_2022.xlsx",28,,
"removed redundant record","boron_isotopes_guillermic_2022.xlsx","boron isotopes",28,2022,"ODP 806_B_8_6_42_44","ODP 806",,,0.3185,159.3615,2.99391875699556,"Globigerinoides ruber","250-300","17.1824453645353","4.10274896823371",,513.307,17.1824453645353,0.334054564130627,4.10274896823371,0.02,28.2442437090445,"Scenario 1A- G17/Caves2016",FALSE,TRUE,"boron_isotopes_guillermic_2022.xlsx",28,800,29,"boron_isotopes_guillermic_2022.xlsx","boron isotopes",206,2022,"ODP 806_B_8_6_42_44","ODP 806",,,0.3185,159.3615,2.99391875699556,"Globigerinoides ruber","250-300","17.1824453645353","4.10274896823371",,404.292,17.1824453645353,0.334054564130627,4.10274896823371,0.02,28.2442437090445,"Scenario 3A- RH13/Caves2016",FALSE,FALSE,"boron_isotopes_guillermic_2022.xlsx",28,,
"removed redundant record","boron_isotopes_guillermic_2022.xlsx","boron isotopes",29,2022,"ODP 806_A_1_1_3_5","ODP 806",,,0.3185,159.3613,0.0043,"Trilobatus sacculifer","300-400","17.5340570399127","3.88743240265728",,246.361,17.5340570399127,0.355996030618427,3.88743240265728,0.02,28.9672685213227,"Scenario 1A- G17/Caves2016",FALSE,TRUE,"boron_isotopes_guillermic_2022.xlsx",29,801,30,"boron_isotopes_guillermic_2022.xlsx","boron isotopes",118,2022,"ODP 806_A_1_1_3_5","ODP 806",,,0.3185,159.3613,0.0043,"Trilobatus sacculifer","300-400","17.5340570399127","3.88743240265728",,248.572,17.5340570399127,0.355996030618427,3.88743240265728,0.02,28.9672685213227,"Scenario 2A- L02/Caves2016",FALSE,FALSE,"boron_isotopes_guillermic_2022.xlsx",29,,
"removed redundant record","boron_isotopes_guillermic_2022.xlsx","boron isotopes",29,2022,"ODP 806_A_1_1_3_5","ODP 806",,,0.3185,159.3613,0.0043,"Trilobatus sacculifer","300-400","17.5340570399127","3.88743240265728",,246.361,17.5340570399127,0.355996030618427,3.88743240265728,0.02,28.9672685213227,"Scenario 1A- G17/Caves2016",FALSE,TRUE,"boron_isotopes_guillermic_2022.xlsx",29,801,30,"boron_isotopes_guillermic_2022.xlsx","boron isotopes",207,2022,"ODP 806_A_1_1_3_5","ODP 806",,,0.3185,159.3613,0.0043,"Trilobatus sacculifer","300-400","17.5340570399127","3.88743240265728",,246.115,17.5340570399127,0.355996030618427,3.88743240265728,0.02,28.9672685213227,"Scenario 3A- RH13/Caves2016",FALSE,FALSE,"boron_isotopes_guillermic_2022.xlsx",29,,
"removed redundant record","boron_isotopes_guillermic_2022.xlsx","boron isotopes",30,2022,"ODP 806_A_1_2_40_42","ODP 806",,,0.3185,159.3613,0.0899,"Trilobatus sacculifer","300-400","17.9508659232457","3.81158643236407",,224.58,17.9508659232457,0.355996030618427,3.81158643236407,0.02,28.3244132280498,"Scenario 1A- G17/Caves2016",FALSE,TRUE,"boron_isotopes_guillermic_2022.xlsx",30,802,31,"boron_isotopes_guillermic_2022.xlsx","boron isotopes",119,2022,"ODP 806_A_1_2_40_42","ODP 806",,,0.3185,159.3613,0.0899,"Trilobatus sacculifer","300-400","17.9508659232457","3.81158643236407",,224.51,17.9508659232457,0.355996030618427,3.81158643236407,0.02,28.3244132280498,"Scenario 2A- L02/Caves2016",FALSE,FALSE,"boron_isotopes_guillermic_2022.xlsx",30,,
"removed redundant record","boron_isotopes_guillermic_2022.xlsx","boron isotopes",30,2022,"ODP 806_A_1_2_40_42","ODP 806",,,0.3185,159.3613,0.0899,"Trilobatus sacculifer","300-400","17.9508659232457","3.81158643236407",,224.58,17.9508659232457,0.355996030618427,3.81158643236407,0.02,28.3244132280498,"Scenario 1A- G17/Caves2016",FALSE,TRUE,"boron_isotopes_guillermic_2022.xlsx",30,802,31,"boron_isotopes_guillermic_2022.xlsx","boron isotopes",208,2022,"ODP 806_A_1_2_40_42","ODP 806",,,0.3185,159.3613,0.0899,"Trilobatus sacculifer","300-400","17.9508659232457","3.81158643236407",,219.657,17.9508659232457,0.355996030618427,3.81158643236407,0.02,28.3244132280498,"Scenario 3A- RH13/Caves2016",FALSE,FALSE,"boron_isotopes_guillermic_2022.xlsx",30,,
"removed redundant record","boron_isotopes_guillermic_2022.xlsx","boron isotopes",31,2022,"ODP 806_B_1_3_2_4","ODP 806",,,0.3185,159.3615,0.1474666667,"Trilobatus sacculifer","300-400","18.24,18.29","3.87043462087612",,195.751,18.2667172036793,0.181786105711041,3.87043462087612,0.02,28.3312114417206,"Scenario 1A- G17/Caves2016",FALSE,TRUE,"boron_isotopes_guillermic_2022.xlsx",31,803,32,"boron_isotopes_guillermic_2022.xlsx","boron isotopes",120,2022,"ODP 806_B_1_3_2_4","ODP 806",,,0.3185,159.3615,0.1474666667,"Trilobatus sacculifer","300-400","18.24,18.29","3.87043462087612",,194.522,18.2667172036793,0.181786105711041,3.87043462087612,0.02,28.3312114417206,"Scenario 2A- L02/Caves2016",FALSE,FALSE,"boron_isotopes_guillermic_2022.xlsx",31,,
"removed redundant record","boron_isotopes_guillermic_2022.xlsx","boron isotopes",31,2022,"ODP 806_B_1_3_2_4","ODP 806",,,0.3185,159.3615,0.1474666667,"Trilobatus sacculifer","300-400","18.24,18.29","3.87043462087612",,195.751,18.2667172036793,0.181786105711041,3.87043462087612,0.02,28.3312114417206,"Scenario 1A- G17/Caves2016",FALSE,TRUE,"boron_isotopes_guillermic_2022.xlsx",31,803,32,"boron_isotopes_guillermic_2022.xlsx","boron isotopes",209,2022,"ODP 806_B_1_3_2_4","ODP 806",,,0.3185,159.3615,0.1474666667,"Trilobatus sacculifer","300-400","18.24,18.29","3.87043462087612",,188.85,18.2667172036793,0.181786105711041,3.87043462087612,0.02,28.3312114417206,"Scenario 3A- RH13/Caves2016",FALSE,FALSE,"boron_isotopes_guillermic_2022.xlsx",31,,
"removed redundant record","boron_isotopes_guillermic_2022.xlsx","boron isotopes",32,2022,"ODP 806_B_1_4_23_25","ODP 806",,,0.3185,159.3615,0.22725,"Trilobatus sacculifer","300-400","17.37,17.44","4.28890457875965",,270.544,17.4077341373153,0.251727207325784,4.28890457875965,0.02,29.9509773464072,"Scenario 1A- G17/Caves2016",FALSE,TRUE,"boron_isotopes_guillermic_2022.xlsx",32,804,33,"boron_isotopes_guillermic_2022.xlsx","boron isotopes",121,2022,"ODP 806_B_1_4_23_25","ODP 806",,,0.3185,159.3615,0.22725,"Trilobatus sacculifer","300-400","17.37,17.44","4.28890457875965",,266.494,17.4077341373153,0.251727207325784,4.28890457875965,0.02,29.9509773464072,"Scenario 2A- L02/Caves2016",FALSE,FALSE,"boron_isotopes_guillermic_2022.xlsx",32,,
"removed redundant record","boron_isotopes_guillermic_2022.xlsx","boron isotopes",32,2022,"ODP 806_B_1_4_23_25","ODP 806",,,0.3185,159.3615,0.22725,"Trilobatus sacculifer","300-400","17.37,17.44","4.28890457875965",,270.544,17.4077341373153,0.251727207325784,4.28890457875965,0.02,29.9509773464072,"Scenario 1A- G17/Caves2016",FALSE,TRUE,"boron_isotopes_guillermic_2022.xlsx",32,804,33,"boron_isotopes_guillermic_2022.xlsx","boron isotopes",210,2022,"ODP 806_B_1_4_23_25","ODP 806",,,0.3185,159.3615,0.22725,"Trilobatus sacculifer","300-400","17.37,17.44","4.28890457875965",,255.63,17.4077341373153,0.251727207325784,4.28890457875965,0.02,29.9509773464072,"Scenario 3A- RH13/Caves2016",FALSE,FALSE,"boron_isotopes_guillermic_2022.xlsx",32,,
"removed redundant record","boron_isotopes_guillermic_2022.xlsx","boron isotopes",33,2022,"ODP 806_B_3_1_26_28","ODP 806",,,0.3185,159.3615,0.7941,"Trilobatus sacculifer","300-400","19.2624375423482","4.04660589923007",,160.931,19.2624375423482,0.257084376147543,4.04660589923007,0.02,29.1353239281262,"Scenario 1A- G17/Caves2016",FALSE,TRUE,"boron_isotopes_guillermic_2022.xlsx",33,805,34,"boron_isotopes_guillermic_2022.xlsx","boron isotopes",122,2022,"ODP 806_B_3_1_26_28","ODP 806",,,0.3185,159.3615,0.7941,"Trilobatus sacculifer","300-400","19.2624375423482","4.04660589923007",,150.519,19.2624375423482,0.257084376147543,4.04660589923007,0.02,29.1353239281262,"Scenario 2A- L02/Caves2016",FALSE,FALSE,"boron_isotopes_guillermic_2022.xlsx",33,,
"removed redundant record","boron_isotopes_guillermic_2022.xlsx","boron isotopes",33,2022,"ODP 806_B_3_1_26_28","ODP 806",,,0.3185,159.3615,0.7941,"Trilobatus sacculifer","300-400","19.2624375423482","4.04660589923007",,160.931,19.2624375423482,0.257084376147543,4.04660589923007,0.02,29.1353239281262,"Scenario 1A- G17/Caves2016",FALSE,TRUE,"boron_isotopes_guillermic_2022.xlsx",33,805,34,"boron_isotopes_guillermic_2022.xlsx","boron isotopes",211,2022,"ODP 806_B_3_1_26_28","ODP 806",,,0.3185,159.3615,0.7941,"Trilobatus sacculifer","300-400","19.2624375423482","4.04660589923007",,134.074,19.2624375423482,0.257084376147543,4.04660589923007,0.02,29.1353239281262,"Scenario 3A- RH13/Caves2016",FALSE,FALSE,"boron_isotopes_guillermic_2022.xlsx",33,,
"removed redundant record","boron_isotopes_guillermic_2022.xlsx","boron isotopes",34,2022,"ODP 806_B_3_1_31_33","ODP 806",,,0.3185,159.3615,0.7961,"Trilobatus sacculifer","300-400","18.7095327095224","3.81054430892158",,180.159,18.7095327095224,0.257084376147543,3.81054430892158,0.02,28.1747601820459,"Scenario 1A- G17/Caves2016",FALSE,TRUE,"boron_isotopes_guillermic_2022.xlsx",34,806,35,"boron_isotopes_guillermic_2022.xlsx","boron isotopes",123,2022,"ODP 806_B_3_1_31_33","ODP 806",,,0.3185,159.3615,0.7961,"Trilobatus sacculifer","300-400","18.7095327095224","3.81054430892158",,168.344,18.7095327095224,0.257084376147543,3.81054430892158,0.02,28.1747601820459,"Scenario 2A- L02/Caves2016",FALSE,FALSE,"boron_isotopes_guillermic_2022.xlsx",34,,
"removed redundant record","boron_isotopes_guillermic_2022.xlsx","boron isotopes",34,2022,"ODP 806_B_3_1_31_33","ODP 806",,,0.3185,159.3615,0.7961,"Trilobatus sacculifer","300-400","18.7095327095224","3.81054430892158",,180.159,18.7095327095224,0.257084376147543,3.81054430892158,0.02,28.1747601820459,"Scenario 1A- G17/Caves2016",FALSE,TRUE,"boron_isotopes_guillermic_2022.xlsx",34,806,35,"boron_isotopes_guillermic_2022.xlsx","boron isotopes",212,2022,"ODP 806_B_3_1_31_33","ODP 806",,,0.3185,159.3615,0.7961,"Trilobatus sacculifer","300-400","18.7095327095224","3.81054430892158",,149.754,18.7095327095224,0.257084376147543,3.81054430892158,0.02,28.1747601820459,"Scenario 3A- RH13/Caves2016",FALSE,FALSE,"boron_isotopes_guillermic_2022.xlsx",34,,
"removed redundant record","boron_isotopes_guillermic_2022.xlsx","boron isotopes",35,2022,"ODP 806_B_3_1_91_93","ODP 806",,,0.3185,159.3615,0.823636,"Trilobatus sacculifer","300-400","18.1547713200123","3.74516946405171",,212.851,18.1547713200123,0.257084376147543,3.74516946405171,0.02,28.2010004013728,"Scenario 1A- G17/Caves2016",FALSE,TRUE,"boron_isotopes_guillermic_2022.xlsx",35,807,36,"boron_isotopes_guillermic_2022.xlsx","boron isotopes",124,2022,"ODP 806_B_3_1_91_93","ODP 806",,,0.3185,159.3615,0.823636,"Trilobatus sacculifer","300-400","18.1547713200123","3.74516946405171",,198.348,18.1547713200123,0.257084376147543,3.74516946405171,0.02,28.2010004013728,"Scenario 2A- L02/Caves2016",FALSE,FALSE,"boron_isotopes_guillermic_2022.xlsx",35,,
"removed redundant record","boron_isotopes_guillermic_2022.xlsx","boron isotopes",35,2022,"ODP 806_B_3_1_91_93","ODP 806",,,0.3185,159.3615,0.823636,"Trilobatus sacculifer","300-400","18.1547713200123","3.74516946405171",,212.851,18.1547713200123,0.257084376147543,3.74516946405171,0.02,28.2010004013728,"Scenario 1A- G17/Caves2016",FALSE,TRUE,"boron_isotopes_guillermic_2022.xlsx",35,807,36,"boron_isotopes_guillermic_2022.xlsx","boron isotopes",213,2022,"ODP 806_B_3_1_91_93","ODP 806",,,0.3185,159.3615,0.823636,"Trilobatus sacculifer","300-400","18.1547713200123","3.74516946405171",,175.525,18.1547713200123,0.257084376147543,3.74516946405171,0.02,28.2010004013728,"Scenario 3A- RH13/Caves2016",FALSE,FALSE,"boron_isotopes_guillermic_2022.xlsx",35,,
"removed redundant record","boron_isotopes_guillermic_2022.xlsx","boron isotopes",36,2022,"ODP 806_B_3_2_56_58","ODP 806",,,0.3185,159.3615,0.88145,"Trilobatus sacculifer","300-400","18.5936570491383","3.19204855842061",,177.599,18.5936570491383,0.257084376147543,3.19204855842061,0.02,25.6298849282792,"Scenario 1A- G17/Caves2016",FALSE,TRUE,"boron_isotopes_guillermic_2022.xlsx",36,808,37,"boron_isotopes_guillermic_2022.xlsx","boron isotopes",125,2022,"ODP 806_B_3_2_56_58","ODP 806",,,0.3185,159.3615,0.88145,"Trilobatus sacculifer","300-400","18.5936570491383","3.19204855842061",,164.981,18.5936570491383,0.257084376147543,3.19204855842061,0.02,25.6298849282792,"Scenario 2A- L02/Caves2016",FALSE,FALSE,"boron_isotopes_guillermic_2022.xlsx",36,,
"removed redundant record","boron_isotopes_guillermic_2022.xlsx","boron isotopes",36,2022,"ODP 806_B_3_2_56_58","ODP 806",,,0.3185,159.3615,0.88145,"Trilobatus sacculifer","300-400","18.5936570491383","3.19204855842061",,177.599,18.5936570491383,0.257084376147543,3.19204855842061,0.02,25.6298849282792,"Scenario 1A- G17/Caves2016",FALSE,TRUE,"boron_isotopes_guillermic_2022.xlsx",36,808,37,"boron_isotopes_guillermic_2022.xlsx","boron isotopes",214,2022,"ODP 806_B_3_2_56_58","ODP 806",,,0.3185,159.3615,0.88145,"Trilobatus sacculifer","300-400","18.5936570491383","3.19204855842061",,144.872,18.5936570491383,0.257084376147543,3.19204855842061,0.02,25.6298849282792,"Scenario 3A- RH13/Caves2016",FALSE,FALSE,"boron_isotopes_guillermic_2022.xlsx",36,,
"removed redundant record","boron_isotopes_guillermic_2022.xlsx","boron isotopes",37,2022,"ODP 806_B_3_3_11_13","ODP 806",,,0.3185,159.3615,0.92975,"Trilobatus sacculifer","300-400","17.5622153630663","3.57333969686183",,242.618,17.5622153630663,0.289796563578344,3.57333969686183,0.02,27.472489059025,"Scenario 1A- G17/Caves2016",FALSE,TRUE,"boron_isotopes_guillermic_2022.xlsx",37,809,38,"boron_isotopes_guillermic_2022.xlsx","boron isotopes",126,2022,"ODP 806_B_3_3_11_13","ODP 806",,,0.3185,159.3615,0.92975,"Trilobatus sacculifer","300-400","17.5622153630663","3.57333969686183",,224.523,17.5622153630663,0.289796563578344,3.57333969686183,0.02,27.472489059025,"Scenario 2A- L02/Caves2016",FALSE,FALSE,"boron_isotopes_guillermic_2022.xlsx",37,,
"removed redundant record","boron_isotopes_guillermic_2022.xlsx","boron isotopes",37,2022,"ODP 806_B_3_3_11_13","ODP 806",,,0.3185,159.3615,0.92975,"Trilobatus sacculifer","300-400","17.5622153630663","3.57333969686183",,242.618,17.5622153630663,0.289796563578344,3.57333969686183,0.02,27.472489059025,"Scenario 1A- G17/Caves2016",FALSE,TRUE,"boron_isotopes_guillermic_2022.xlsx",37,809,38,"boron_isotopes_guillermic_2022.xlsx","boron isotopes",215,2022,"ODP 806_B_3_3_11_13","ODP 806",,,0.3185,159.3615,0.92975,"Trilobatus sacculifer","300-400","17.5622153630663","3.57333969686183",,195.706,17.5622153630663,0.289796563578344,3.57333969686183,0.02,27.472489059025,"Scenario 3A- RH13/Caves2016",FALSE,FALSE,"boron_isotopes_guillermic_2022.xlsx",37,,
"removed redundant record","boron_isotopes_guillermic_2022.xlsx","boron isotopes",38,2022,"ODP 806_B_3_4_16_18","ODP 806",,,0.3185,159.3615,0.98989,"Trilobatus sacculifer","300-400","17.2869628064316","3.52138089066004",,272.869,17.2869628064316,0.209247389225913,3.52138089066004,0.02,27.2944559654314,"Scenario 1A- G17/Caves2016",FALSE,TRUE,"boron_isotopes_guillermic_2022.xlsx",38,810,39,"boron_isotopes_guillermic_2022.xlsx","boron isotopes",127,2022,"ODP 806_B_3_4_16_18","ODP 806",,,0.3185,159.3615,0.98989,"Trilobatus sacculifer","300-400","17.2869628064316","3.52138089066004",,250.799,17.2869628064316,0.209247389225913,3.52138089066004,0.02,27.2944559654314,"Scenario 2A- L02/Caves2016",FALSE,FALSE,"boron_isotopes_guillermic_2022.xlsx",38,,
"removed redundant record","boron_isotopes_guillermic_2022.xlsx","boron isotopes",38,2022,"ODP 806_B_3_4_16_18","ODP 806",,,0.3185,159.3615,0.98989,"Trilobatus sacculifer","300-400","17.2869628064316","3.52138089066004",,272.869,17.2869628064316,0.209247389225913,3.52138089066004,0.02,27.2944559654314,"Scenario 1A- G17/Caves2016",FALSE,TRUE,"boron_isotopes_guillermic_2022.xlsx",38,810,39,"boron_isotopes_guillermic_2022.xlsx","boron isotopes",216,2022,"ODP 806_B_3_4_16_18","ODP 806",,,0.3185,159.3615,0.98989,"Trilobatus sacculifer","300-400","17.2869628064316","3.52138089066004",,215.7,17.2869628064316,0.209247389225913,3.52138089066004,0.02,27.2944559654314,"Scenario 3A- RH13/Caves2016",FALSE,FALSE,"boron_isotopes_guillermic_2022.xlsx",38,,
"removed redundant record","boron_isotopes_guillermic_2022.xlsx","boron isotopes",39,2022,"ODP 806_B_3_4_21_23","ODP 806",,,0.3185,159.3615,0.99194,"Trilobatus sacculifer","300-400","18.9402276563053","3.40856309154756",,167.634,18.9402276563053,0.289796563578344,3.40856309154756,0.02,26.8440066223081,"Scenario 1A- G17/Caves2016",FALSE,TRUE,"boron_isotopes_guillermic_2022.xlsx",39,811,40,"boron_isotopes_guillermic_2022.xlsx","boron isotopes",128,2022,"ODP 806_B_3_4_21_23","ODP 806",,,0.3185,159.3615,0.99194,"Trilobatus sacculifer","300-400","18.9402276563053","3.40856309154756",,155.019,18.9402276563053,0.289796563578344,3.40856309154756,0.02,26.8440066223081,"Scenario 2A- L02/Caves2016",FALSE,FALSE,"boron_isotopes_guillermic_2022.xlsx",39,,
"removed redundant record","boron_isotopes_guillermic_2022.xlsx","boron isotopes",39,2022,"ODP 806_B_3_4_21_23","ODP 806",,,0.3185,159.3615,0.99194,"Trilobatus sacculifer","300-400","18.9402276563053","3.40856309154756",,167.634,18.9402276563053,0.289796563578344,3.40856309154756,0.02,26.8440066223081,"Scenario 1A- G17/Caves2016",FALSE,TRUE,"boron_isotopes_guillermic_2022.xlsx",39,811,40,"boron_isotopes_guillermic_2022.xlsx","boron isotopes",217,2022,"ODP 806_B_3_4_21_23","ODP 806",,,0.3185,159.3615,0.99194,"Trilobatus sacculifer","300-400","18.9402276563053","3.40856309154756",,134.494,18.9402276563053,0.289796563578344,3.40856309154756,0.02,26.8440066223081,"Scenario 3A- RH13/Caves2016",FALSE,FALSE,"boron_isotopes_guillermic_2022.xlsx",39,,
"removed redundant record","boron_isotopes_guillermic_2022.xlsx","boron isotopes",40,2022,"ODP 806_B_3_5_31_33","ODP 806",,,0.3185,159.3615,1.04834,"Trilobatus sacculifer","300-400","18.6868297497487","3.22411493156574",,163.671,18.6868297497487,0.289796563578344,3.22411493156574,0.02,25.9548277607561,"Scenario 1A- G17/Caves2016",FALSE,TRUE,"boron_isotopes_guillermic_2022.xlsx",40,812,41,"boron_isotopes_guillermic_2022.xlsx","boron isotopes",129,2022,"ODP 806_B_3_5_31_33","ODP 806",,,0.3185,159.3615,1.04834,"Trilobatus sacculifer","300-400","18.6868297497487","3.22411493156574",,150.843,18.6868297497487,0.289796563578344,3.22411493156574,0.02,25.9548277607561,"Scenario 2A- L02/Caves2016",FALSE,FALSE,"boron_isotopes_guillermic_2022.xlsx",40,,
"removed redundant record","boron_isotopes_guillermic_2022.xlsx","boron isotopes",40,2022,"ODP 806_B_3_5_31_33","ODP 806",,,0.3185,159.3615,1.04834,"Trilobatus sacculifer","300-400","18.6868297497487","3.22411493156574",,163.671,18.6868297497487,0.289796563578344,3.22411493156574,0.02,25.9548277607561,"Scenario 1A- G17/Caves2016",FALSE,TRUE,"boron_isotopes_guillermic_2022.xlsx",40,812,41,"boron_isotopes_guillermic_2022.xlsx","boron isotopes",218,2022,"ODP 806_B_3_5_31_33","ODP 806",,,0.3185,159.3615,1.04834,"Trilobatus sacculifer","300-400","18.6868297497487","3.22411493156574",,131.125,18.6868297497487,0.289796563578344,3.22411493156574,0.02,25.9548277607561,"Scenario 3A- RH13/Caves2016",FALSE,FALSE,"boron_isotopes_guillermic_2022.xlsx",40,,
"removed redundant record","boron_isotopes_guillermic_2022.xlsx","boron isotopes",41,2022,"ODP 806_B_4_1_56_58","ODP 806",,,0.3185,159.3615,1.23336,"Trilobatus sacculifer","300-400","17.2919165003023","4.07316327729619",,299.51,17.2919165003023,0.209247389225913,4.07316327729619,0.02,29.7692929973474,"Scenario 1A- G17/Caves2016",FALSE,TRUE,"boron_isotopes_guillermic_2022.xlsx",41,813,42,"boron_isotopes_guillermic_2022.xlsx","boron isotopes",130,2022,"ODP 806_B_4_1_56_58","ODP 806",,,0.3185,159.3615,1.23336,"Trilobatus sacculifer","300-400","17.2919165003023","4.07316327729619",,271.584,17.2919165003023,0.209247389225913,4.07316327729619,0.02,29.7692929973474,"Scenario 2A- L02/Caves2016",FALSE,FALSE,"boron_isotopes_guillermic_2022.xlsx",41,,
"removed redundant record","boron_isotopes_guillermic_2022.xlsx","boron isotopes",41,2022,"ODP 806_B_4_1_56_58","ODP 806",,,0.3185,159.3615,1.23336,"Trilobatus sacculifer","300-400","17.2919165003023","4.07316327729619",,299.51,17.2919165003023,0.209247389225913,4.07316327729619,0.02,29.7692929973474,"Scenario 1A- G17/Caves2016",FALSE,TRUE,"boron_isotopes_guillermic_2022.xlsx",41,813,42,"boron_isotopes_guillermic_2022.xlsx","boron isotopes",219,2022,"ODP 806_B_4_1_56_58","ODP 806",,,0.3185,159.3615,1.23336,"Trilobatus sacculifer","300-400","17.2919165003023","4.07316327729619",,237.731,17.2919165003023,0.209247389225913,4.07316327729619,0.02,29.7692929973474,"Scenario 3A- RH13/Caves2016",FALSE,FALSE,"boron_isotopes_guillermic_2022.xlsx",41,,
"removed redundant record","boron_isotopes_guillermic_2022.xlsx","boron isotopes",42,2022,"ODP 806_B_4_1_146_148","ODP 806",,,0.3185,159.3615,1.273539326,"Trilobatus sacculifer","300-400","17.08260880785","3.60761393808757",,305.041,17.08260880785,0.209247389225913,3.60761393808757,0.02,27.8108469900033,"Scenario 1A- G17/Caves2016",FALSE,TRUE,"boron_isotopes_guillermic_2022.xlsx",42,814,43,"boron_isotopes_guillermic_2022.xlsx","boron isotopes",131,2022,"ODP 806_B_4_1_146_148","ODP 806",,,0.3185,159.3615,1.273539326,"Trilobatus sacculifer","300-400","17.08260880785","3.60761393808757",,274.361,17.08260880785,0.209247389225913,3.60761393808757,0.02,27.8108469900033,"Scenario 2A- L02/Caves2016",FALSE,FALSE,"boron_isotopes_guillermic_2022.xlsx",42,,
"removed redundant record","boron_isotopes_guillermic_2022.xlsx","boron isotopes",42,2022,"ODP 806_B_4_1_146_148","ODP 806",,,0.3185,159.3615,1.273539326,"Trilobatus sacculifer","300-400","17.08260880785","3.60761393808757",,305.041,17.08260880785,0.209247389225913,3.60761393808757,0.02,27.8108469900033,"Scenario 1A- G17/Caves2016",FALSE,TRUE,"boron_isotopes_guillermic_2022.xlsx",42,814,43,"boron_isotopes_guillermic_2022.xlsx","boron isotopes",220,2022,"ODP 806_B_4_1_146_148","ODP 806",,,0.3185,159.3615,1.273539326,"Trilobatus sacculifer","300-400","17.08260880785","3.60761393808757",,239.17,17.08260880785,0.209247389225913,3.60761393808757,0.02,27.8108469900033,"Scenario 3A- RH13/Caves2016",FALSE,FALSE,"boron_isotopes_guillermic_2022.xlsx",42,,
"removed redundant record","boron_isotopes_guillermic_2022.xlsx","boron isotopes",43,2022,"ODP 806_A_4_4_35_37","ODP 806",,,0.3185,159.3613,1.42678601773634,"Trilobatus sacculifer","300-400","16.8949510377319","4.2442135305381",,331.249,16.8949510377319,0.355996030618427,4.2442135305381,0.02,30.3303908489411,"Scenario 1A- G17/Caves2016",FALSE,TRUE,"boron_isotopes_guillermic_2022.xlsx",43,815,44,"boron_isotopes_guillermic_2022.xlsx","boron isotopes",132,2022,"ODP 806_A_4_4_35_37","ODP 806",,,0.3185,159.3613,1.42678601773634,"Trilobatus sacculifer","300-400","16.8949510377319","4.2442135305381",,295.933,16.8949510377319,0.355996030618427,4.2442135305381,0.02,30.3303908489411,"Scenario 2A- L02/Caves2016",FALSE,FALSE,"boron_isotopes_guillermic_2022.xlsx",43,,
"removed redundant record","boron_isotopes_guillermic_2022.xlsx","boron isotopes",43,2022,"ODP 806_A_4_4_35_37","ODP 806",,,0.3185,159.3613,1.42678601773634,"Trilobatus sacculifer","300-400","16.8949510377319","4.2442135305381",,331.249,16.8949510377319,0.355996030618427,4.2442135305381,0.02,30.3303908489411,"Scenario 1A- G17/Caves2016",FALSE,TRUE,"boron_isotopes_guillermic_2022.xlsx",43,815,44,"boron_isotopes_guillermic_2022.xlsx","boron isotopes",221,2022,"ODP 806_A_4_4_35_37","ODP 806",,,0.3185,159.3613,1.42678601773634,"Trilobatus sacculifer","300-400","16.8949510377319","4.2442135305381",,261.693,16.8949510377319,0.355996030618427,4.2442135305381,0.02,30.3303908489411,"Scenario 3A- RH13/Caves2016",FALSE,FALSE,"boron_isotopes_guillermic_2022.xlsx",43,,
"removed redundant record","boron_isotopes_guillermic_2022.xlsx","boron isotopes",44,2022,"ODP 806_B_10_2_77_79","ODP 806",,,0.3185,159.3615,3.44005288363102,"Trilobatus sacculifer","300-400","16.54,16.67","3.81600982893819",,314.583,16.6035291176133,0.251727207325784,3.81600982893819,0.02,29.3324893540626,"Scenario 1A- G17/Caves2016",FALSE,TRUE,"boron_isotopes_guillermic_2022.xlsx",44,816,45,"boron_isotopes_guillermic_2022.xlsx","boron isotopes",133,2022,"ODP 806_B_10_2_77_79","ODP 806",,,0.3185,159.3615,3.44005288363102,"Trilobatus sacculifer","300-400","16.54,16.67","3.81600982893819",,236.653,16.6035291176133,0.251727207325784,3.81600982893819,0.02,29.3324893540626,"Scenario 2A- L02/Caves2016",FALSE,FALSE,"boron_isotopes_guillermic_2022.xlsx",44,,
"removed redundant record","boron_isotopes_guillermic_2022.xlsx","boron isotopes",44,2022,"ODP 806_B_10_2_77_79","ODP 806",,,0.3185,159.3615,3.44005288363102,"Trilobatus sacculifer","300-400","16.54,16.67","3.81600982893819",,314.583,16.6035291176133,0.251727207325784,3.81600982893819,0.02,29.3324893540626,"Scenario 1A- G17/Caves2016",FALSE,TRUE,"boron_isotopes_guillermic_2022.xlsx",44,816,45,"boron_isotopes_guillermic_2022.xlsx","boron isotopes",222,2022,"ODP 806_B_10_2_77_79","ODP 806",,,0.3185,159.3615,3.44005288363102,"Trilobatus sacculifer","300-400","16.54,16.67","3.81600982893819",,268.13,16.6035291176133,0.251727207325784,3.81600982893819,0.02,29.3324893540626,"Scenario 3A- RH13/Caves2016",FALSE,FALSE,"boron_isotopes_guillermic_2022.xlsx",44,,
"removed redundant record","boron_isotopes_guillermic_2022.xlsx","boron isotopes",45,2022,"ODP 806_B_10_3_137_139","ODP 806",,,0.3185,159.3615,3.50787424937459,"Trilobatus sacculifer","300-400","16.13,16.18","3.98846699744002",,387.531,16.1517647790278,0.251727207325784,3.98846699744002,0.02,30.0305411016925,"Scenario 1A- G17/Caves2016",FALSE,TRUE,"boron_isotopes_guillermic_2022.xlsx",45,817,46,"boron_isotopes_guillermic_2022.xlsx","boron isotopes",134,2022,"ODP 806_B_10_3_137_139","ODP 806",,,0.3185,159.3615,3.50787424937459,"Trilobatus sacculifer","300-400","16.13,16.18","3.98846699744002",,287.172,16.1517647790278,0.251727207325784,3.98846699744002,0.02,30.0305411016925,"Scenario 2A- L02/Caves2016",FALSE,FALSE,"boron_isotopes_guillermic_2022.xlsx",45,,
"removed redundant record","boron_isotopes_guillermic_2022.xlsx","boron isotopes",45,2022,"ODP 806_B_10_3_137_139","ODP 806",,,0.3185,159.3615,3.50787424937459,"Trilobatus sacculifer","300-400","16.13,16.18","3.98846699744002",,387.531,16.1517647790278,0.251727207325784,3.98846699744002,0.02,30.0305411016925,"Scenario 1A- G17/Caves2016",FALSE,TRUE,"boron_isotopes_guillermic_2022.xlsx",45,817,46,"boron_isotopes_guillermic_2022.xlsx","boron isotopes",223,2022,"ODP 806_B_10_3_137_139","ODP 806",,,0.3185,159.3615,3.50787424937459,"Trilobatus sacculifer","300-400","16.13,16.18","3.98846699744002",,330.052,16.1517647790278,0.251727207325784,3.98846699744002,0.02,30.0305411016925,"Scenario 3A- RH13/Caves2016",FALSE,FALSE,"boron_isotopes_guillermic_2022.xlsx",45,,
"removed redundant record","boron_isotopes_guillermic_2022.xlsx","boron isotopes",46,2022,"ODP 806_B_11_1_117_119","ODP 806",,,0.3185,159.3615,3.70764094313002,"Trilobatus sacculifer","300-400","15.3481839754495","4.0238146213234",,515.994,15.3481839754495,0.355996030618427,4.0238146213234,0.02,30.2949501525424,"Scenario 1A- G17/Caves2016",FALSE,TRUE,"boron_isotopes_guillermic_2022.xlsx",46,818,47,"boron_isotopes_guillermic_2022.xlsx","boron isotopes",135,2022,"ODP 806_B_11_1_117_119","ODP 806",,,0.3185,159.3615,3.70764094313002,"Trilobatus sacculifer","300-400","15.3481839754495","4.0238146213234",,371.009,15.3481839754495,0.355996030618427,4.0238146213234,0.02,30.2949501525424,"Scenario 2A- L02/Caves2016",FALSE,FALSE,"boron_isotopes_guillermic_2022.xlsx",46,,
"removed redundant record","boron_isotopes_guillermic_2022.xlsx","boron isotopes",46,2022,"ODP 806_B_11_1_117_119","ODP 806",,,0.3185,159.3615,3.70764094313002,"Trilobatus sacculifer","300-400","15.3481839754495","4.0238146213234",,515.994,15.3481839754495,0.355996030618427,4.0238146213234,0.02,30.2949501525424,"Scenario 1A- G17/Caves2016",FALSE,TRUE,"boron_isotopes_guillermic_2022.xlsx",46,818,47,"boron_isotopes_guillermic_2022.xlsx","boron isotopes",224,2022,"ODP 806_B_11_1_117_119","ODP 806",,,0.3185,159.3615,3.70764094313002,"Trilobatus sacculifer","300-400","15.3481839754495","4.0238146213234",,443.581,15.3481839754495,0.355996030618427,4.0238146213234,0.02,30.2949501525424,"Scenario 3A- RH13/Caves2016",FALSE,FALSE,"boron_isotopes_guillermic_2022.xlsx",46,,
"removed redundant record","boron_isotopes_guillermic_2022.xlsx","boron isotopes",47,2022,"ODP 806_B_12_5_120_122","ODP 806",,,0.3185,159.3615,4.17800645608518,"Trilobatus sacculifer","300-400","15.5606585956163","3.4056159839687",,458.054,15.5606585956163,0.355996030618427,3.4056159839687,0.02,27.5857518515045,"Scenario 1A- G17/Caves2016",FALSE,TRUE,"boron_isotopes_guillermic_2022.xlsx",47,819,48,"boron_isotopes_guillermic_2022.xlsx","boron isotopes",136,2022,"ODP 806_B_12_5_120_122","ODP 806",,,0.3185,159.3615,4.17800645608518,"Trilobatus sacculifer","300-400","15.5606585956163","3.4056159839687",,334.715,15.5606585956163,0.355996030618427,3.4056159839687,0.02,27.5857518515045,"Scenario 2A- L02/Caves2016",FALSE,FALSE,"boron_isotopes_guillermic_2022.xlsx",47,,
"removed redundant record","boron_isotopes_guillermic_2022.xlsx","boron isotopes",47,2022,"ODP 806_B_12_5_120_122","ODP 806",,,0.3185,159.3615,4.17800645608518,"Trilobatus sacculifer","300-400","15.5606585956163","3.4056159839687",,458.054,15.5606585956163,0.355996030618427,3.4056159839687,0.02,27.5857518515045,"Scenario 1A- G17/Caves2016",FALSE,TRUE,"boron_isotopes_guillermic_2022.xlsx",47,819,48,"boron_isotopes_guillermic_2022.xlsx","boron isotopes",225,2022,"ODP 806_B_12_5_120_122","ODP 806",,,0.3185,159.3615,4.17800645608518,"Trilobatus sacculifer","300-400","15.5606585956163","3.4056159839687",,408.189,15.5606585956163,0.355996030618427,3.4056159839687,0.02,27.5857518515045,"Scenario 3A- RH13/Caves2016",FALSE,FALSE,"boron_isotopes_guillermic_2022.xlsx",47,,
"removed redundant record","boron_isotopes_guillermic_2022.xlsx","boron isotopes",48,2022,"ODP 806_B_14_2_80_82","ODP 806",,,0.3185,159.3615,4.58074606503804,"Trilobatus sacculifer","300-400","15.5255197392192","3.08535568571191",,434.458,15.5255197392192,0.355996030618427,3.08535568571191,0.02,26.1422917543252,"Scenario 1A- G17/Caves2016",FALSE,TRUE,"boron_isotopes_guillermic_2022.xlsx",48,820,49,"boron_isotopes_guillermic_2022.xlsx","boron isotopes",137,2022,"ODP 806_B_14_2_80_82","ODP 806",,,0.3185,159.3615,4.58074606503804,"Trilobatus sacculifer","300-400","15.5255197392192","3.08535568571191",,329.212,15.5255197392192,0.355996030618427,3.08535568571191,0.02,26.1422917543252,"Scenario 2A- L02/Caves2016",FALSE,FALSE,"boron_isotopes_guillermic_2022.xlsx",48,,
"removed redundant record","boron_isotopes_guillermic_2022.xlsx","boron isotopes",48,2022,"ODP 806_B_14_2_80_82","ODP 806",,,0.3185,159.3615,4.58074606503804,"Trilobatus sacculifer","300-400","15.5255197392192","3.08535568571191",,434.458,15.5255197392192,0.355996030618427,3.08535568571191,0.02,26.1422917543252,"Scenario 1A- G17/Caves2016",FALSE,TRUE,"boron_isotopes_guillermic_2022.xlsx",48,820,49,"boron_isotopes_guillermic_2022.xlsx","boron isotopes",226,2022,"ODP 806_B_14_2_80_82","ODP 806",,,0.3185,159.3615,4.58074606503804,"Trilobatus sacculifer","300-400","15.5255197392192","3.08535568571191",,384.551,15.5255197392192,0.355996030618427,3.08535568571191,0.02,26.1422917543252,"Scenario 3A- RH13/Caves2016",FALSE,FALSE,"boron_isotopes_guillermic_2022.xlsx",48,,
"removed redundant record","boron_isotopes_guillermic_2022.xlsx","boron isotopes",49,2022,"ODP 806_B_14_6_0_2","ODP 806",,,0.3185,159.3615,4.72408281091584,"Trilobatus sacculifer","300-400","16.54,16.57","3.64137575562043",,347.474,16.551638106557,0.251727207325784,3.64137575562043,0.02,28.7757868765332,"Scenario 1A- G17/Caves2016",FALSE,TRUE,"boron_isotopes_guillermic_2022.xlsx",49,821,50,"boron_isotopes_guillermic_2022.xlsx","boron isotopes",138,2022,"ODP 806_B_14_6_0_2","ODP 806",,,0.3185,159.3615,4.72408281091584,"Trilobatus sacculifer","300-400","16.54,16.57","3.64137575562043",,272.785,16.551638106557,0.251727207325784,3.64137575562043,0.02,28.7757868765332,"Scenario 2A- L02/Caves2016",FALSE,FALSE,"boron_isotopes_guillermic_2022.xlsx",49,,
"removed redundant record","boron_isotopes_guillermic_2022.xlsx","boron isotopes",49,2022,"ODP 806_B_14_6_0_2","ODP 806",,,0.3185,159.3615,4.72408281091584,"Trilobatus sacculifer","300-400","16.54,16.57","3.64137575562043",,347.474,16.551638106557,0.251727207325784,3.64137575562043,0.02,28.7757868765332,"Scenario 1A- G17/Caves2016",FALSE,TRUE,"boron_isotopes_guillermic_2022.xlsx",49,821,50,"boron_isotopes_guillermic_2022.xlsx","boron isotopes",227,2022,"ODP 806_B_14_6_0_2","ODP 806",,,0.3185,159.3615,4.72408281091584,"Trilobatus sacculifer","300-400","16.54,16.57","3.64137575562043",,310.362,16.551638106557,0.251727207325784,3.64137575562043,0.02,28.7757868765332,"Scenario 3A- RH13/Caves2016",FALSE,FALSE,"boron_isotopes_guillermic_2022.xlsx",49,,
"removed redundant record","boron_isotopes_guillermic_2022.xlsx","boron isotopes",50,2022,"ODP 806_B_15_4_79_81","ODP 806",,,0.3185,159.3615,4.9207534506387,"Trilobatus sacculifer","300-400","15.819690032457","3.73124965887385",,457.754,15.819690032457,0.355996030618427,3.73124965887385,0.02,29.2193628901779,"Scenario 1A- G17/Caves2016",FALSE,TRUE,"boron_isotopes_guillermic_2022.xlsx",50,822,51,"boron_isotopes_guillermic_2022.xlsx","boron isotopes",139,2022,"ODP 806_B_15_4_79_81","ODP 806",,,0.3185,159.3615,4.9207534506387,"Trilobatus sacculifer","300-400","15.819690032457","3.73124965887385",,358.28,15.819690032457,0.355996030618427,3.73124965887385,0.02,29.2193628901779,"Scenario 2A- L02/Caves2016",FALSE,FALSE,"boron_isotopes_guillermic_2022.xlsx",50,,
"removed redundant record","boron_isotopes_guillermic_2022.xlsx","boron isotopes",50,2022,"ODP 806_B_15_4_79_81","ODP 806",,,0.3185,159.3615,4.9207534506387,"Trilobatus sacculifer","300-400","15.819690032457","3.73124965887385",,457.754,15.819690032457,0.355996030618427,3.73124965887385,0.02,29.2193628901779,"Scenario 1A- G17/Caves2016",FALSE,TRUE,"boron_isotopes_guillermic_2022.xlsx",50,822,51,"boron_isotopes_guillermic_2022.xlsx","boron isotopes",228,2022,"ODP 806_B_15_4_79_81","ODP 806",,,0.3185,159.3615,4.9207534506387,"Trilobatus sacculifer","300-400","15.819690032457","3.73124965887385",,403.274,15.819690032457,0.355996030618427,3.73124965887385,0.02,29.2193628901779,"Scenario 3A- RH13/Caves2016",FALSE,FALSE,"boron_isotopes_guillermic_2022.xlsx",50,,
"removed redundant record","boron_isotopes_guillermic_2022.xlsx","boron isotopes",51,2022,"ODP 806_B_16_3_139_141","ODP 806",,,0.3185,159.3615,5.14684675556901,"Trilobatus sacculifer","300-400","15.6454763670417","3.69451659104482",,528.513,15.6454763670417,0.355996030618427,3.69451659104482,0.02,29.1060130351226,"Scenario 1A- G17/Caves2016",FALSE,TRUE,"boron_isotopes_guillermic_2022.xlsx",51,823,52,"boron_isotopes_guillermic_2022.xlsx","boron isotopes",140,2022,"ODP 806_B_16_3_139_141","ODP 806",,,0.3185,159.3615,5.14684675556901,"Trilobatus sacculifer","300-400","15.6454763670417","3.69451659104482",,409.393,15.6454763670417,0.355996030618427,3.69451659104482,0.02,29.1060130351226,"Scenario 2A- L02/Caves2016",FALSE,FALSE,"boron_isotopes_guillermic_2022.xlsx",51,,
"removed redundant record","boron_isotopes_guillermic_2022.xlsx","boron isotopes",51,2022,"ODP 806_B_16_3_139_141","ODP 806",,,0.3185,159.3615,5.14684675556901,"Trilobatus sacculifer","300-400","15.6454763670417","3.69451659104482",,528.513,15.6454763670417,0.355996030618427,3.69451659104482,0.02,29.1060130351226,"Scenario 1A- G17/Caves2016",FALSE,TRUE,"boron_isotopes_guillermic_2022.xlsx",51,823,52,"boron_isotopes_guillermic_2022.xlsx","boron isotopes",229,2022,"ODP 806_B_16_3_139_141","ODP 806",,,0.3185,159.3615,5.14684675556901,"Trilobatus sacculifer","300-400","15.6454763670417","3.69451659104482",,457.318,15.6454763670417,0.355996030618427,3.69451659104482,0.02,29.1060130351226,"Scenario 3A- RH13/Caves2016",FALSE,FALSE,"boron_isotopes_guillermic_2022.xlsx",51,,
"removed redundant record","boron_isotopes_guillermic_2022.xlsx","boron isotopes",52,2022,"ODP 806_B_25_3_29_31","ODP 806",,,0.3185,159.3615,7.14877919657069,"Trilobatus sacculifer","300-400","16.4019869646017","3.41354044338564",,293.861,16.4019869646017,0.355996030618427,3.41354044338564,0.02,28.2662869055263,"Scenario 1A- G17/Caves2016",FALSE,TRUE,"boron_isotopes_guillermic_2022.xlsx",52,824,53,"boron_isotopes_guillermic_2022.xlsx","boron isotopes",141,2022,"ODP 806_B_25_3_29_31","ODP 806",,,0.3185,159.3615,7.14877919657069,"Trilobatus sacculifer","300-400","16.4019869646017","3.41354044338564",,253.465,16.4019869646017,0.355996030618427,3.41354044338564,0.02,28.2662869055263,"Scenario 2A- L02/Caves2016",FALSE,FALSE,"boron_isotopes_guillermic_2022.xlsx",52,,
"removed redundant record","boron_isotopes_guillermic_2022.xlsx","boron isotopes",52,2022,"ODP 806_B_25_3_29_31","ODP 806",,,0.3185,159.3615,7.14877919657069,"Trilobatus sacculifer","300-400","16.4019869646017","3.41354044338564",,293.861,16.4019869646017,0.355996030618427,3.41354044338564,0.02,28.2662869055263,"Scenario 1A- G17/Caves2016",FALSE,TRUE,"boron_isotopes_guillermic_2022.xlsx",52,824,53,"boron_isotopes_guillermic_2022.xlsx","boron isotopes",230,2022,"ODP 806_B_25_3_29_31","ODP 806",,,0.3185,159.3615,7.14877919657069,"Trilobatus sacculifer","300-400","16.4019869646017","3.41354044338564",,263.372,16.4019869646017,0.355996030618427,3.41354044338564,0.02,28.2662869055263,"Scenario 3A- RH13/Caves2016",FALSE,FALSE,"boron_isotopes_guillermic_2022.xlsx",52,,
"removed redundant record","boron_isotopes_guillermic_2022.xlsx","boron isotopes",53,2022,"ODP 806_B_29_5_30_32","ODP 806",,,0.3185,159.3615,8.07134881349901,"Trilobatus sacculifer","300-400","16.03,16.1","3.81264190801479",,358.326,16.0634624780658,0.251727207325784,3.81264190801479,0.02,30.3118389571928,"Scenario 1A- G17/Caves2016",FALSE,TRUE,"boron_isotopes_guillermic_2022.xlsx",53,825,54,"boron_isotopes_guillermic_2022.xlsx","boron isotopes",142,2022,"ODP 806_B_29_5_30_32","ODP 806",,,0.3185,159.3615,8.07134881349901,"Trilobatus sacculifer","300-400","16.03,16.1","3.81264190801479",,300.213,16.0634624780658,0.251727207325784,3.81264190801479,0.02,30.3118389571928,"Scenario 2A- L02/Caves2016",FALSE,FALSE,"boron_isotopes_guillermic_2022.xlsx",53,,
"removed redundant record","boron_isotopes_guillermic_2022.xlsx","boron isotopes",53,2022,"ODP 806_B_29_5_30_32","ODP 806",,,0.3185,159.3615,8.07134881349901,"Trilobatus sacculifer","300-400","16.03,16.1","3.81264190801479",,358.326,16.0634624780658,0.251727207325784,3.81264190801479,0.02,30.3118389571928,"Scenario 1A- G17/Caves2016",FALSE,TRUE,"boron_isotopes_guillermic_2022.xlsx",53,825,54,"boron_isotopes_guillermic_2022.xlsx","boron isotopes",231,2022,"ODP 806_B_29_5_30_32","ODP 806",,,0.3185,159.3615,8.07134881349901,"Trilobatus sacculifer","300-400","16.03,16.1","3.81264190801479",,303.67,16.0634624780658,0.251727207325784,3.81264190801479,0.02,30.3118389571928,"Scenario 3A- RH13/Caves2016",FALSE,FALSE,"boron_isotopes_guillermic_2022.xlsx",53,,
"removed redundant record","boron_isotopes_guillermic_2022.xlsx","boron isotopes",54,2022,"ODP 806_B_30_1_30_32","ODP 806",,,0.3185,159.3615,8.1510267939941,"Trilobatus sacculifer","300-400","16.1550376273871","3.77382105144281",,339.617,16.1550376273871,0.15,3.77382105144281,0.02,30.1108463612238,"Scenario 1A- G17/Caves2016",FALSE,TRUE,"boron_isotopes_guillermic_2022.xlsx",54,826,55,"boron_isotopes_guillermic_2022.xlsx","boron isotopes",143,2022,"ODP 806_B_30_1_30_32","ODP 806",,,0.3185,159.3615,8.1510267939941,"Trilobatus sacculifer","300-400","16.1550376273871","3.77382105144281",,286.719,16.1550376273871,0.15,3.77382105144281,0.02,30.1108463612238,"Scenario 2A- L02/Caves2016",FALSE,FALSE,"boron_isotopes_guillermic_2022.xlsx",54,,
"removed redundant record","boron_isotopes_guillermic_2022.xlsx","boron isotopes",54,2022,"ODP 806_B_30_1_30_32","ODP 806",,,0.3185,159.3615,8.1510267939941,"Trilobatus sacculifer","300-400","16.1550376273871","3.77382105144281",,339.617,16.1550376273871,0.15,3.77382105144281,0.02,30.1108463612238,"Scenario 1A- G17/Caves2016",FALSE,TRUE,"boron_isotopes_guillermic_2022.xlsx",54,826,55,"boron_isotopes_guillermic_2022.xlsx","boron isotopes",232,2022,"ODP 806_B_30_1_30_32","ODP 806",,,0.3185,159.3615,8.1510267939941,"Trilobatus sacculifer","300-400","16.1550376273871","3.77382105144281",,287.146,16.1550376273871,0.15,3.77382105144281,0.02,30.1108463612238,"Scenario 3A- RH13/Caves2016",FALSE,FALSE,"boron_isotopes_guillermic_2022.xlsx",54,,
"removed redundant record","boron_isotopes_guillermic_2022.xlsx","boron isotopes",55,2022,"ODP 806_B_30_5_30_32","ODP 806",,,0.3185,159.3615,8.28774777875109,"Trilobatus sacculifer","300-400","16.4,16.85","5.11236042886892",,346.469,16.6262191869621,0.106066017177982,5.11236042886892,0.02,34.9496464566685,"Scenario 1A- G17/Caves2016",FALSE,TRUE,"boron_isotopes_guillermic_2022.xlsx",55,827,56,"boron_isotopes_guillermic_2022.xlsx","boron isotopes",144,2022,"ODP 806_B_30_5_30_32","ODP 806",,,0.3185,159.3615,8.28774777875109,"Trilobatus sacculifer","300-400","16.4,16.85","5.11236042886892",,296.281,16.6262191869621,0.106066017177982,5.11236042886892,0.02,34.9496464566685,"Scenario 2A- L02/Caves2016",FALSE,FALSE,"boron_isotopes_guillermic_2022.xlsx",55,,
"removed redundant record","boron_isotopes_guillermic_2022.xlsx","boron isotopes",55,2022,"ODP 806_B_30_5_30_32","ODP 806",,,0.3185,159.3615,8.28774777875109,"Trilobatus sacculifer","300-400","16.4,16.85","5.11236042886892",,346.469,16.6262191869621,0.106066017177982,5.11236042886892,0.02,34.9496464566685,"Scenario 1A- G17/Caves2016",FALSE,TRUE,"boron_isotopes_guillermic_2022.xlsx",55,827,56,"boron_isotopes_guillermic_2022.xlsx","boron isotopes",233,2022,"ODP 806_B_30_5_30_32","ODP 806",,,0.3185,159.3615,8.28774777875109,"Trilobatus sacculifer","300-400","16.4,16.85","5.11236042886892",,291.858,16.6262191869621,0.106066017177982,5.11236042886892,0.02,34.9496464566685,"Scenario 3A- RH13/Caves2016",FALSE,FALSE,"boron_isotopes_guillermic_2022.xlsx",55,,
"removed redundant record","boron_isotopes_guillermic_2022.xlsx","boron isotopes",56,2022,"ODP 806_B_31_5_32_34","ODP 806",,,0.3185,159.3615,8.50601659120109,"Trilobatus sacculifer","300-400","16.19,16.6","3.2596382777088",,262.787,16.3906071045696,0.251727207325784,3.2596382777088,0.02,27.7868301956873,"Scenario 1A- G17/Caves2016",FALSE,TRUE,"boron_isotopes_guillermic_2022.xlsx",56,828,57,"boron_isotopes_guillermic_2022.xlsx","boron isotopes",145,2022,"ODP 806_B_31_5_32_34","ODP 806",,,0.3185,159.3615,8.50601659120109,"Trilobatus sacculifer","300-400","16.19,16.6","3.2596382777088",,228.77,16.3906071045696,0.251727207325784,3.2596382777088,0.02,27.7868301956873,"Scenario 2A- L02/Caves2016",FALSE,FALSE,"boron_isotopes_guillermic_2022.xlsx",56,,
"removed redundant record","boron_isotopes_guillermic_2022.xlsx","boron isotopes",56,2022,"ODP 806_B_31_5_32_34","ODP 806",,,0.3185,159.3615,8.50601659120109,"Trilobatus sacculifer","300-400","16.19,16.6","3.2596382777088",,262.787,16.3906071045696,0.251727207325784,3.2596382777088,0.02,27.7868301956873,"Scenario 1A- G17/Caves2016",FALSE,TRUE,"boron_isotopes_guillermic_2022.xlsx",56,828,57,"boron_isotopes_guillermic_2022.xlsx","boron isotopes",234,2022,"ODP 806_B_31_5_32_34","ODP 806",,,0.3185,159.3615,8.50601659120109,"Trilobatus sacculifer","300-400","16.19,16.6","3.2596382777088",,219.725,16.3906071045696,0.251727207325784,3.2596382777088,0.02,27.7868301956873,"Scenario 3A- RH13/Caves2016",FALSE,FALSE,"boron_isotopes_guillermic_2022.xlsx",56,,
"removed redundant record","boron_isotopes_guillermic_2022.xlsx","boron isotopes",57,2022,"ODP 806_B_32_2_29_31","ODP 806",,,0.3185,159.3615,8.62119336182011,"Trilobatus sacculifer","300-400","16.06,16.35","3.63772257341814",,316.34,16.2037997699778,0.106066017177982,3.63772257341814,0.02,29.6830925679373,"Scenario 1A- G17/Caves2016",FALSE,TRUE,"boron_isotopes_guillermic_2022.xlsx",57,829,58,"boron_isotopes_guillermic_2022.xlsx","boron isotopes",146,2022,"ODP 806_B_32_2_29_31","ODP 806",,,0.3185,159.3615,8.62119336182011,"Trilobatus sacculifer","300-400","16.06,16.35","3.63772257341814",,276.026,16.2037997699778,0.106066017177982,3.63772257341814,0.02,29.6830925679373,"Scenario 2A- L02/Caves2016",FALSE,FALSE,"boron_isotopes_guillermic_2022.xlsx",57,,
"removed redundant record","boron_isotopes_guillermic_2022.xlsx","boron isotopes",57,2022,"ODP 806_B_32_2_29_31","ODP 806",,,0.3185,159.3615,8.62119336182011,"Trilobatus sacculifer","300-400","16.06,16.35","3.63772257341814",,316.34,16.2037997699778,0.106066017177982,3.63772257341814,0.02,29.6830925679373,"Scenario 1A- G17/Caves2016",FALSE,TRUE,"boron_isotopes_guillermic_2022.xlsx",57,829,58,"boron_isotopes_guillermic_2022.xlsx","boron isotopes",235,2022,"ODP 806_B_32_2_29_31","ODP 806",,,0.3185,159.3615,8.62119336182011,"Trilobatus sacculifer","300-400","16.06,16.35","3.63772257341814",,261.061,16.2037997699778,0.106066017177982,3.63772257341814,0.02,29.6830925679373,"Scenario 3A- RH13/Caves2016",FALSE,FALSE,"boron_isotopes_guillermic_2022.xlsx",57,,
"removed redundant record","boron_isotopes_guillermic_2022.xlsx","boron isotopes",58,2022,"ODP 806_B_33_2_30_32","ODP 806",,,0.3185,159.3615,8.84281662718424,"Trilobatus sacculifer","300-400","16.1009451485623","3.7793702461552",,313.826,16.1009451485623,0.355996030618427,3.7793702461552,0.02,30.3657325632713,"Scenario 1A- G17/Caves2016",FALSE,TRUE,"boron_isotopes_guillermic_2022.xlsx",58,830,59,"boron_isotopes_guillermic_2022.xlsx","boron isotopes",147,2022,"ODP 806_B_33_2_30_32","ODP 806",,,0.3185,159.3615,8.84281662718424,"Trilobatus sacculifer","300-400","16.1009451485623","3.7793702461552",,278.001,16.1009451485623,0.355996030618427,3.7793702461552,0.02,30.3657325632713,"Scenario 2A- L02/Caves2016",FALSE,FALSE,"boron_isotopes_guillermic_2022.xlsx",58,,
"removed redundant record","boron_isotopes_guillermic_2022.xlsx","boron isotopes",58,2022,"ODP 806_B_33_2_30_32","ODP 806",,,0.3185,159.3615,8.84281662718424,"Trilobatus sacculifer","300-400","16.1009451485623","3.7793702461552",,313.826,16.1009451485623,0.355996030618427,3.7793702461552,0.02,30.3657325632713,"Scenario 1A- G17/Caves2016",FALSE,TRUE,"boron_isotopes_guillermic_2022.xlsx",58,830,59,"boron_isotopes_guillermic_2022.xlsx","boron isotopes",236,2022,"ODP 806_B_33_2_30_32","ODP 806",,,0.3185,159.3615,8.84281662718424,"Trilobatus sacculifer","300-400","16.1009451485623","3.7793702461552",,255.948,16.1009451485623,0.355996030618427,3.7793702461552,0.02,30.3657325632713,"Scenario 3A- RH13/Caves2016",FALSE,FALSE,"boron_isotopes_guillermic_2022.xlsx",58,,
"removed redundant record","boron_isotopes_guillermic_2022.xlsx","boron isotopes",59,2022,"ODP 806_B_33_5_30_32","ODP 806",,,0.3185,159.3615,8.94898565619453,"Trilobatus sacculifer","300-400","15.3478929534207","3.69814923280863",,399.087,15.3478929534207,0.15,3.69814923280863,0.02,29.8183584610118,"Scenario 1A- G17/Caves2016",FALSE,TRUE,"boron_isotopes_guillermic_2022.xlsx",59,831,60,"boron_isotopes_guillermic_2022.xlsx","boron isotopes",148,2022,"ODP 806_B_33_5_30_32","ODP 806",,,0.3185,159.3615,8.94898565619453,"Trilobatus sacculifer","300-400","15.3478929534207","3.69814923280863",,352.648,15.3478929534207,0.15,3.69814923280863,0.02,29.8183584610118,"Scenario 2A- L02/Caves2016",FALSE,FALSE,"boron_isotopes_guillermic_2022.xlsx",59,,
"removed redundant record","boron_isotopes_guillermic_2022.xlsx","boron isotopes",59,2022,"ODP 806_B_33_5_30_32","ODP 806",,,0.3185,159.3615,8.94898565619453,"Trilobatus sacculifer","300-400","15.3478929534207","3.69814923280863",,399.087,15.3478929534207,0.15,3.69814923280863,0.02,29.8183584610118,"Scenario 1A- G17/Caves2016",FALSE,TRUE,"boron_isotopes_guillermic_2022.xlsx",59,831,60,"boron_isotopes_guillermic_2022.xlsx","boron isotopes",237,2022,"ODP 806_B_33_5_30_32","ODP 806",,,0.3185,159.3615,8.94898565619453,"Trilobatus sacculifer","300-400","15.3478929534207","3.69814923280863",,318.29,15.3478929534207,0.15,3.69814923280863,0.02,29.8183584610118,"Scenario 3A- RH13/Caves2016",FALSE,FALSE,"boron_isotopes_guillermic_2022.xlsx",59,,
"removed redundant record","boron_isotopes_guillermic_2022.xlsx","boron isotopes",60,2022,"ODP 806_B_34_5_30_32","ODP 806",,,0.3185,159.3615,9.17459161054386,"Trilobatus sacculifer","300-400","15.8959512635768","4.46501231479868",,331.471,15.8959512635768,0.355996030618427,4.46501231479868,0.02,33.1309318874652,"Scenario 1A- G17/Caves2016",FALSE,TRUE,"boron_isotopes_guillermic_2022.xlsx",60,832,61,"boron_isotopes_guillermic_2022.xlsx","boron isotopes",149,2022,"ODP 806_B_34_5_30_32","ODP 806",,,0.3185,159.3615,9.17459161054386,"Trilobatus sacculifer","300-400","15.8959512635768","4.46501231479868",,305.503,15.8959512635768,0.355996030618427,4.46501231479868,0.02,33.1309318874652,"Scenario 2A- L02/Caves2016",FALSE,FALSE,"boron_isotopes_guillermic_2022.xlsx",60,,
"removed redundant record","boron_isotopes_guillermic_2022.xlsx","boron isotopes",60,2022,"ODP 806_B_34_5_30_32","ODP 806",,,0.3185,159.3615,9.17459161054386,"Trilobatus sacculifer","300-400","15.8959512635768","4.46501231479868",,331.471,15.8959512635768,0.355996030618427,4.46501231479868,0.02,33.1309318874652,"Scenario 1A- G17/Caves2016",FALSE,TRUE,"boron_isotopes_guillermic_2022.xlsx",60,832,61,"boron_isotopes_guillermic_2022.xlsx","boron isotopes",238,2022,"ODP 806_B_34_5_30_32","ODP 806",,,0.3185,159.3615,9.17459161054386,"Trilobatus sacculifer","300-400","15.8959512635768","4.46501231479868",,272.228,15.8959512635768,0.355996030618427,4.46501231479868,0.02,33.1309318874652,"Scenario 3A- RH13/Caves2016",FALSE,FALSE,"boron_isotopes_guillermic_2022.xlsx",60,,
"removed redundant record","boron_isotopes_guillermic_2022.xlsx","boron isotopes",61,2022,"ODP 806_B_35_5_30_32","ODP 806",,,0.3185,159.3615,9.25859698021535,"Trilobatus sacculifer","300-400","14.6723020653259","4.06268580629875",,461.737,14.6723020653259,0.355996030618427,4.06268580629875,0.02,31.3971082089978,"Scenario 1A- G17/Caves2016",FALSE,TRUE,"boron_isotopes_guillermic_2022.xlsx",61,833,62,"boron_isotopes_guillermic_2022.xlsx","boron isotopes",150,2022,"ODP 806_B_35_5_30_32","ODP 806",,,0.3185,159.3615,9.25859698021535,"Trilobatus sacculifer","300-400","14.6723020653259","4.06268580629875",,427.737,14.6723020653259,0.355996030618427,4.06268580629875,0.02,31.3971082089978,"Scenario 2A- L02/Caves2016",FALSE,FALSE,"boron_isotopes_guillermic_2022.xlsx",61,,
"removed redundant record","boron_isotopes_guillermic_2022.xlsx","boron isotopes",61,2022,"ODP 806_B_35_5_30_32","ODP 806",,,0.3185,159.3615,9.25859698021535,"Trilobatus sacculifer","300-400","14.6723020653259","4.06268580629875",,461.737,14.6723020653259,0.355996030618427,4.06268580629875,0.02,31.3971082089978,"Scenario 1A- G17/Caves2016",FALSE,TRUE,"boron_isotopes_guillermic_2022.xlsx",61,833,62,"boron_isotopes_guillermic_2022.xlsx","boron isotopes",239,2022,"ODP 806_B_35_5_30_32","ODP 806",,,0.3185,159.3615,9.25859698021535,"Trilobatus sacculifer","300-400","14.6723020653259","4.06268580629875",,373.371,14.6723020653259,0.355996030618427,4.06268580629875,0.02,31.3971082089978,"Scenario 3A- RH13/Caves2016",FALSE,FALSE,"boron_isotopes_guillermic_2022.xlsx",61,,
"removed redundant record","boron_isotopes_guillermic_2022.xlsx","boron isotopes",62,2022,"ODP 806_B_36_1_32_34","ODP 806",,,0.3185,159.3615,9.49455149736663,"Trilobatus sacculifer","300-400","15.320579467551","3.87644434723032",,381.236,15.320579467551,0.218106939070212,3.87644434723032,0.02,30.6446477129892,"Scenario 1A- G17/Caves2016",FALSE,TRUE,"boron_isotopes_guillermic_2022.xlsx",62,834,63,"boron_isotopes_guillermic_2022.xlsx","boron isotopes",151,2022,"ODP 806_B_36_1_32_34","ODP 806",,,0.3185,159.3615,9.49455149736663,"Trilobatus sacculifer","300-400","15.320579467551","3.87644434723032",,369.52,15.320579467551,0.218106939070212,3.87644434723032,0.02,30.6446477129892,"Scenario 2A- L02/Caves2016",FALSE,FALSE,"boron_isotopes_guillermic_2022.xlsx",62,,
"removed redundant record","boron_isotopes_guillermic_2022.xlsx","boron isotopes",62,2022,"ODP 806_B_36_1_32_34","ODP 806",,,0.3185,159.3615,9.49455149736663,"Trilobatus sacculifer","300-400","15.320579467551","3.87644434723032",,381.236,15.320579467551,0.218106939070212,3.87644434723032,0.02,30.6446477129892,"Scenario 1A- G17/Caves2016",FALSE,TRUE,"boron_isotopes_guillermic_2022.xlsx",62,834,63,"boron_isotopes_guillermic_2022.xlsx","boron isotopes",240,2022,"ODP 806_B_36_1_32_34","ODP 806",,,0.3185,159.3615,9.49455149736663,"Trilobatus sacculifer","300-400","15.320579467551","3.87644434723032",,318.387,15.320579467551,0.218106939070212,3.87644434723032,0.02,30.6446477129892,"Scenario 3A- RH13/Caves2016",FALSE,FALSE,"boron_isotopes_guillermic_2022.xlsx",62,,
"removed redundant record","boron_isotopes_guillermic_2022.xlsx","boron isotopes",63,2022,"ODP 806_B_44_5_34_36","ODP 806",,,0.3185,159.3615,11.6930464777809,"Trilobatus sacculifer","300-400","14.9288120772462","4.69848983874337",,365.899,14.9288120772462,0.355996030618427,4.69848983874337,0.02,34.3545007446674,"Scenario 1A- G17/Caves2016",FALSE,TRUE,"boron_isotopes_guillermic_2022.xlsx",63,835,64,"boron_isotopes_guillermic_2022.xlsx","boron isotopes",152,2022,"ODP 806_B_44_5_34_36","ODP 806",,,0.3185,159.3615,11.6930464777809,"Trilobatus sacculifer","300-400","14.9288120772462","4.69848983874337",,408.402,14.9288120772462,0.355996030618427,4.69848983874337,0.02,34.3545007446674,"Scenario 2A- L02/Caves2016",FALSE,FALSE,"boron_isotopes_guillermic_2022.xlsx",63,,
"removed redundant record","boron_isotopes_guillermic_2022.xlsx","boron isotopes",63,2022,"ODP 806_B_44_5_34_36","ODP 806",,,0.3185,159.3615,11.6930464777809,"Trilobatus sacculifer","300-400","14.9288120772462","4.69848983874337",,365.899,14.9288120772462,0.355996030618427,4.69848983874337,0.02,34.3545007446674,"Scenario 1A- G17/Caves2016",FALSE,TRUE,"boron_isotopes_guillermic_2022.xlsx",63,835,64,"boron_isotopes_guillermic_2022.xlsx","boron isotopes",241,2022,"ODP 806_B_44_5_34_36","ODP 806",,,0.3185,159.3615,11.6930464777809,"Trilobatus sacculifer","300-400","14.9288120772462","4.69848983874337",,331.792,14.9288120772462,0.355996030618427,4.69848983874337,0.02,34.3545007446674,"Scenario 3A- RH13/Caves2016",FALSE,FALSE,"boron_isotopes_guillermic_2022.xlsx",63,,
"removed redundant record","boron_isotopes_guillermic_2022.xlsx","boron isotopes",64,2022,"ODP 806_B_46_1_33_35","ODP 806",,,0.3185,159.3615,12.0743291725144,"Trilobatus sacculifer","300-400","14.514874438295","4.86997416344244",,375.983,14.514874438295,0.218106939070212,4.86997416344244,0.02,35.1258129789054,"Scenario 1A- G17/Caves2016",FALSE,TRUE,"boron_isotopes_guillermic_2022.xlsx",64,836,65,"boron_isotopes_guillermic_2022.xlsx","boron isotopes",153,2022,"ODP 806_B_46_1_33_35","ODP 806",,,0.3185,159.3615,12.0743291725144,"Trilobatus sacculifer","300-400","14.514874438295","4.86997416344244",,434.111,14.514874438295,0.218106939070212,4.86997416344244,0.02,35.1258129789054,"Scenario 2A- L02/Caves2016",FALSE,FALSE,"boron_isotopes_guillermic_2022.xlsx",64,,
"removed redundant record","boron_isotopes_guillermic_2022.xlsx","boron isotopes",64,2022,"ODP 806_B_46_1_33_35","ODP 806",,,0.3185,159.3615,12.0743291725144,"Trilobatus sacculifer","300-400","14.514874438295","4.86997416344244",,375.983,14.514874438295,0.218106939070212,4.86997416344244,0.02,35.1258129789054,"Scenario 1A- G17/Caves2016",FALSE,TRUE,"boron_isotopes_guillermic_2022.xlsx",64,836,65,"boron_isotopes_guillermic_2022.xlsx","boron isotopes",242,2022,"ODP 806_B_46_1_33_35","ODP 806",,,0.3185,159.3615,12.0743291725144,"Trilobatus sacculifer","300-400","14.514874438295","4.86997416344244",,338.322,14.514874438295,0.218106939070212,4.86997416344244,0.02,35.1258129789054,"Scenario 3A- RH13/Caves2016",FALSE,FALSE,"boron_isotopes_guillermic_2022.xlsx",64,,
"removed redundant record","boron_isotopes_guillermic_2022.xlsx","boron isotopes",65,2022,"ODP 806_B_46_5_33_35","ODP 806",,,0.3185,159.3615,12.2491360536618,"Trilobatus sacculifer","300-400","14.9725423433844","4.46362004168158",,396.996,14.9725423433844,0.218106939070212,4.46362004168158,0.02,33.4779484403899,"Scenario 1A- G17/Caves2016",FALSE,TRUE,"boron_isotopes_guillermic_2022.xlsx",65,837,66,"boron_isotopes_guillermic_2022.xlsx","boron isotopes",154,2022,"ODP 806_B_46_5_33_35","ODP 806",,,0.3185,159.3615,12.2491360536618,"Trilobatus sacculifer","300-400","14.9725423433844","4.46362004168158",,453.225,14.9725423433844,0.218106939070212,4.46362004168158,0.02,33.4779484403899,"Scenario 2A- L02/Caves2016",FALSE,FALSE,"boron_isotopes_guillermic_2022.xlsx",65,,
"removed redundant record","boron_isotopes_guillermic_2022.xlsx","boron isotopes",65,2022,"ODP 806_B_46_5_33_35","ODP 806",,,0.3185,159.3615,12.2491360536618,"Trilobatus sacculifer","300-400","14.9725423433844","4.46362004168158",,396.996,14.9725423433844,0.218106939070212,4.46362004168158,0.02,33.4779484403899,"Scenario 1A- G17/Caves2016",FALSE,TRUE,"boron_isotopes_guillermic_2022.xlsx",65,837,66,"boron_isotopes_guillermic_2022.xlsx","boron isotopes",243,2022,"ODP 806_B_46_5_33_35","ODP 806",,,0.3185,159.3615,12.2491360536618,"Trilobatus sacculifer","300-400","14.9725423433844","4.46362004168158",,352.733,14.9725423433844,0.218106939070212,4.46362004168158,0.02,33.4779484403899,"Scenario 3A- RH13/Caves2016",FALSE,FALSE,"boron_isotopes_guillermic_2022.xlsx",65,,
"removed redundant record","boron_isotopes_guillermic_2022.xlsx","boron isotopes",66,2022,"ODP 806_B_47_3_34_36","ODP 806",,,0.3185,159.3615,12.4433958042479,"Trilobatus sacculifer","300-400","14.7201508573611","4.63675716441468",,393.822,14.7201508573611,0.355996030618427,4.63675716441468,0.02,34.104634548784,"Scenario 1A- G17/Caves2016",FALSE,TRUE,"boron_isotopes_guillermic_2022.xlsx",66,838,67,"boron_isotopes_guillermic_2022.xlsx","boron isotopes",155,2022,"ODP 806_B_47_3_34_36","ODP 806",,,0.3185,159.3615,12.4433958042479,"Trilobatus sacculifer","300-400","14.7201508573611","4.63675716441468",,439.935,14.7201508573611,0.355996030618427,4.63675716441468,0.02,34.104634548784,"Scenario 2A- L02/Caves2016",FALSE,FALSE,"boron_isotopes_guillermic_2022.xlsx",66,,
"removed redundant record","boron_isotopes_guillermic_2022.xlsx","boron isotopes",66,2022,"ODP 806_B_47_3_34_36","ODP 806",,,0.3185,159.3615,12.4433958042479,"Trilobatus sacculifer","300-400","14.7201508573611","4.63675716441468",,393.822,14.7201508573611,0.355996030618427,4.63675716441468,0.02,34.104634548784,"Scenario 1A- G17/Caves2016",FALSE,TRUE,"boron_isotopes_guillermic_2022.xlsx",66,838,67,"boron_isotopes_guillermic_2022.xlsx","boron isotopes",244,2022,"ODP 806_B_47_3_34_36","ODP 806",,,0.3185,159.3615,12.4433958042479,"Trilobatus sacculifer","300-400","14.7201508573611","4.63675716441468",,345.91,14.7201508573611,0.355996030618427,4.63675716441468,0.02,34.104634548784,"Scenario 3A- RH13/Caves2016",FALSE,FALSE,"boron_isotopes_guillermic_2022.xlsx",66,,
"removed redundant record","boron_isotopes_guillermic_2022.xlsx","boron isotopes",67,2022,"ODP 806_B_48_2_34_36","ODP 806",,,0.3185,159.3615,12.6875680903289,"Trilobatus sacculifer","300-400","16.3986441653323","4.53678823795979",,230.226,16.3986441653323,0.289796563578344,4.53678823795979,0.02,34.1715278966383,"Scenario 1A- G17/Caves2016",FALSE,TRUE,"boron_isotopes_guillermic_2022.xlsx",67,839,68,"boron_isotopes_guillermic_2022.xlsx","boron isotopes",156,2022,"ODP 806_B_48_2_34_36","ODP 806",,,0.3185,159.3615,12.6875680903289,"Trilobatus sacculifer","300-400","16.3986441653323","4.53678823795979",,247.371,16.3986441653323,0.289796563578344,4.53678823795979,0.02,34.1715278966383,"Scenario 2A- L02/Caves2016",FALSE,FALSE,"boron_isotopes_guillermic_2022.xlsx",67,,
"removed redundant record","boron_isotopes_guillermic_2022.xlsx","boron isotopes",67,2022,"ODP 806_B_48_2_34_36","ODP 806",,,0.3185,159.3615,12.6875680903289,"Trilobatus sacculifer","300-400","16.3986441653323","4.53678823795979",,230.226,16.3986441653323,0.289796563578344,4.53678823795979,0.02,34.1715278966383,"Scenario 1A- G17/Caves2016",FALSE,TRUE,"boron_isotopes_guillermic_2022.xlsx",67,839,68,"boron_isotopes_guillermic_2022.xlsx","boron isotopes",245,2022,"ODP 806_B_48_2_34_36","ODP 806",,,0.3185,159.3615,12.6875680903289,"Trilobatus sacculifer","300-400","16.3986441653323","4.53678823795979",,202.829,16.3986441653323,0.289796563578344,4.53678823795979,0.02,34.1715278966383,"Scenario 3A- RH13/Caves2016",FALSE,FALSE,"boron_isotopes_guillermic_2022.xlsx",67,,
"removed redundant record","boron_isotopes_guillermic_2022.xlsx","boron isotopes",68,2022,"ODP 806_B_48_5_34_36","ODP 806",,,0.3185,159.3615,12.8231641395729,"Trilobatus sacculifer","300-400","14.8642437158979","4.12909032762973",,332.858,14.8642437158979,0.249881015112098,4.12909032762973,0.02,32.4166687335936,"Scenario 1A- G17/Caves2016",FALSE,TRUE,"boron_isotopes_guillermic_2022.xlsx",68,840,69,"boron_isotopes_guillermic_2022.xlsx","boron isotopes",157,2022,"ODP 806_B_48_5_34_36","ODP 806",,,0.3185,159.3615,12.8231641395729,"Trilobatus sacculifer","300-400","14.8642437158979","4.12909032762973",,355.891,14.8642437158979,0.249881015112098,4.12909032762973,0.02,32.4166687335936,"Scenario 2A- L02/Caves2016",FALSE,FALSE,"boron_isotopes_guillermic_2022.xlsx",68,,
"removed redundant record","boron_isotopes_guillermic_2022.xlsx","boron isotopes",68,2022,"ODP 806_B_48_5_34_36","ODP 806",,,0.3185,159.3615,12.8231641395729,"Trilobatus sacculifer","300-400","14.8642437158979","4.12909032762973",,332.858,14.8642437158979,0.249881015112098,4.12909032762973,0.02,32.4166687335936,"Scenario 1A- G17/Caves2016",FALSE,TRUE,"boron_isotopes_guillermic_2022.xlsx",68,840,69,"boron_isotopes_guillermic_2022.xlsx","boron isotopes",246,2022,"ODP 806_B_48_5_34_36","ODP 806",,,0.3185,159.3615,12.8231641395729,"Trilobatus sacculifer","300-400","14.8642437158979","4.12909032762973",,286.777,14.8642437158979,0.249881015112098,4.12909032762973,0.02,32.4166687335936,"Scenario 3A- RH13/Caves2016",FALSE,FALSE,"boron_isotopes_guillermic_2022.xlsx",68,,
"removed redundant record","boron_isotopes_guillermic_2022.xlsx","boron isotopes",69,2022,"ODP 806_B_50_2_32_34","ODP 806",,,0.3185,159.3615,13.2275985034146,"Trilobatus sacculifer","300-400","13.8485094923635","4.49197274977128",,480.782,13.8485094923635,0.355996030618427,4.49197274977128,0.02,34.118865362805,"Scenario 1A- G17/Caves2016",FALSE,TRUE,"boron_isotopes_guillermic_2022.xlsx",69,841,70,"boron_isotopes_guillermic_2022.xlsx","boron isotopes",158,2022,"ODP 806_B_50_2_32_34","ODP 806",,,0.3185,159.3615,13.2275985034146,"Trilobatus sacculifer","300-400","13.8485094923635","4.49197274977128",,523.328,13.8485094923635,0.355996030618427,4.49197274977128,0.02,34.118865362805,"Scenario 2A- L02/Caves2016",FALSE,FALSE,"boron_isotopes_guillermic_2022.xlsx",69,,
"removed redundant record","boron_isotopes_guillermic_2022.xlsx","boron isotopes",69,2022,"ODP 806_B_50_2_32_34","ODP 806",,,0.3185,159.3615,13.2275985034146,"Trilobatus sacculifer","300-400","13.8485094923635","4.49197274977128",,480.782,13.8485094923635,0.355996030618427,4.49197274977128,0.02,34.118865362805,"Scenario 1A- G17/Caves2016",FALSE,TRUE,"boron_isotopes_guillermic_2022.xlsx",69,841,70,"boron_isotopes_guillermic_2022.xlsx","boron isotopes",247,2022,"ODP 806_B_50_2_32_34","ODP 806",,,0.3185,159.3615,13.2275985034146,"Trilobatus sacculifer","300-400","13.8485094923635","4.49197274977128",,414.298,13.8485094923635,0.355996030618427,4.49197274977128,0.02,34.118865362805,"Scenario 3A- RH13/Caves2016",FALSE,FALSE,"boron_isotopes_guillermic_2022.xlsx",69,,
"removed redundant record","boron_isotopes_guillermic_2022.xlsx","boron isotopes",70,2022,"ODP 806_B_51_2_29_31","ODP 806",,,0.3185,159.3615,13.5267078798778,"Trilobatus sacculifer","300-400","14.0930422101688","4.25391970282455",,434.256,14.0930422101688,0.218106939070212,4.25391970282455,0.02,33.0661062302811,"Scenario 1A- G17/Caves2016",FALSE,TRUE,"boron_isotopes_guillermic_2022.xlsx",70,842,71,"boron_isotopes_guillermic_2022.xlsx","boron isotopes",159,2022,"ODP 806_B_51_2_29_31","ODP 806",,,0.3185,159.3615,13.5267078798778,"Trilobatus sacculifer","300-400","14.0930422101688","4.25391970282455",,489.891,14.0930422101688,0.218106939070212,4.25391970282455,0.02,33.0661062302811,"Scenario 2A- L02/Caves2016",FALSE,FALSE,"boron_isotopes_guillermic_2022.xlsx",70,,
"removed redundant record","boron_isotopes_guillermic_2022.xlsx","boron isotopes",70,2022,"ODP 806_B_51_2_29_31","ODP 806",,,0.3185,159.3615,13.5267078798778,"Trilobatus sacculifer","300-400","14.0930422101688","4.25391970282455",,434.256,14.0930422101688,0.218106939070212,4.25391970282455,0.02,33.0661062302811,"Scenario 1A- G17/Caves2016",FALSE,TRUE,"boron_isotopes_guillermic_2022.xlsx",70,842,71,"boron_isotopes_guillermic_2022.xlsx","boron isotopes",248,2022,"ODP 806_B_51_2_29_31","ODP 806",,,0.3185,159.3615,13.5267078798778,"Trilobatus sacculifer","300-400","14.0930422101688","4.25391970282455",,391.107,14.0930422101688,0.218106939070212,4.25391970282455,0.02,33.0661062302811,"Scenario 3A- RH13/Caves2016",FALSE,FALSE,"boron_isotopes_guillermic_2022.xlsx",70,,
"removed redundant record","boron_isotopes_guillermic_2022.xlsx","boron isotopes",71,2022,"ODP 806_B_52_2_31_33","ODP 806",,,0.3185,159.3615,13.8181037708104,"Trilobatus sacculifer","300-400","14.541399070418","4.94441987061708",,408.551,14.541399070418,0.257084376147543,4.94441987061708,0.02,35.7632461419444,"Scenario 1A- G17/Caves2016",FALSE,TRUE,"boron_isotopes_guillermic_2022.xlsx",71,843,72,"boron_isotopes_guillermic_2022.xlsx","boron isotopes",160,2022,"ODP 806_B_52_2_31_33","ODP 806",,,0.3185,159.3615,13.8181037708104,"Trilobatus sacculifer","300-400","14.541399070418","4.94441987061708",,474.986,14.541399070418,0.257084376147543,4.94441987061708,0.02,35.7632461419444,"Scenario 2A- L02/Caves2016",FALSE,FALSE,"boron_isotopes_guillermic_2022.xlsx",71,,
"removed redundant record","boron_isotopes_guillermic_2022.xlsx","boron isotopes",71,2022,"ODP 806_B_52_2_31_33","ODP 806",,,0.3185,159.3615,13.8181037708104,"Trilobatus sacculifer","300-400","14.541399070418","4.94441987061708",,408.551,14.541399070418,0.257084376147543,4.94441987061708,0.02,35.7632461419444,"Scenario 1A- G17/Caves2016",FALSE,TRUE,"boron_isotopes_guillermic_2022.xlsx",71,843,72,"boron_isotopes_guillermic_2022.xlsx","boron isotopes",249,2022,"ODP 806_B_52_2_31_33","ODP 806",,,0.3185,159.3615,13.8181037708104,"Trilobatus sacculifer","300-400","14.541399070418","4.94441987061708",,384.567,14.541399070418,0.257084376147543,4.94441987061708,0.02,35.7632461419444,"Scenario 3A- RH13/Caves2016",FALSE,FALSE,"boron_isotopes_guillermic_2022.xlsx",71,,
"removed redundant record","boron_isotopes_guillermic_2022.xlsx","boron isotopes",72,2022,"ODP 806_B_52_4_33_35","ODP 806",,,0.3185,159.3615,13.9136233156718,"Trilobatus sacculifer","300-400","14.571632940876","5.06048645043184",,424.484,14.571632940876,0.249881015112098,5.06048645043184,0.02,36.1278254977391,"Scenario 1A- G17/Caves2016",FALSE,TRUE,"boron_isotopes_guillermic_2022.xlsx",72,844,73,"boron_isotopes_guillermic_2022.xlsx","boron isotopes",161,2022,"ODP 806_B_52_4_33_35","ODP 806",,,0.3185,159.3615,13.9136233156718,"Trilobatus sacculifer","300-400","14.571632940876","5.06048645043184",,500.374,14.571632940876,0.249881015112098,5.06048645043184,0.02,36.1278254977391,"Scenario 2A- L02/Caves2016",FALSE,FALSE,"boron_isotopes_guillermic_2022.xlsx",72,,
"removed redundant record","boron_isotopes_guillermic_2022.xlsx","boron isotopes",72,2022,"ODP 806_B_52_4_33_35","ODP 806",,,0.3185,159.3615,13.9136233156718,"Trilobatus sacculifer","300-400","14.571632940876","5.06048645043184",,424.484,14.571632940876,0.249881015112098,5.06048645043184,0.02,36.1278254977391,"Scenario 1A- G17/Caves2016",FALSE,TRUE,"boron_isotopes_guillermic_2022.xlsx",72,844,73,"boron_isotopes_guillermic_2022.xlsx","boron isotopes",250,2022,"ODP 806_B_52_4_33_35","ODP 806",,,0.3185,159.3615,13.9136233156718,"Trilobatus sacculifer","300-400","14.571632940876","5.06048645043184",,404.662,14.571632940876,0.249881015112098,5.06048645043184,0.02,36.1278254977391,"Scenario 3A- RH13/Caves2016",FALSE,FALSE,"boron_isotopes_guillermic_2022.xlsx",72,,
"removed redundant record","boron_isotopes_guillermic_2022.xlsx","boron isotopes",73,2022,"ODP 806_B_56_2_35_37","ODP 806",,,0.3185,159.3615,15.0606830478701,"Trilobatus sacculifer","300-400","13.5243454299339","4.76413978297987",,597.605,13.5243454299339,0.289796563578344,4.76413978297987,0.02,35.5144618842596,"Scenario 1A- G17/Caves2016",FALSE,TRUE,"boron_isotopes_guillermic_2022.xlsx",73,845,74,"boron_isotopes_guillermic_2022.xlsx","boron isotopes",162,2022,"ODP 806_B_56_2_35_37","ODP 806",,,0.3185,159.3615,15.0606830478701,"Trilobatus sacculifer","300-400","13.5243454299339","4.76413978297987",,725.475,13.5243454299339,0.289796563578344,4.76413978297987,0.02,35.5144618842596,"Scenario 2A- L02/Caves2016",FALSE,FALSE,"boron_isotopes_guillermic_2022.xlsx",73,,
"removed redundant record","boron_isotopes_guillermic_2022.xlsx","boron isotopes",73,2022,"ODP 806_B_56_2_35_37","ODP 806",,,0.3185,159.3615,15.0606830478701,"Trilobatus sacculifer","300-400","13.5243454299339","4.76413978297987",,597.605,13.5243454299339,0.289796563578344,4.76413978297987,0.02,35.5144618842596,"Scenario 1A- G17/Caves2016",FALSE,TRUE,"boron_isotopes_guillermic_2022.xlsx",73,845,74,"boron_isotopes_guillermic_2022.xlsx","boron isotopes",251,2022,"ODP 806_B_56_2_35_37","ODP 806",,,0.3185,159.3615,15.0606830478701,"Trilobatus sacculifer","300-400","13.5243454299339","4.76413978297987",,531.193,13.5243454299339,0.289796563578344,4.76413978297987,0.02,35.5144618842596,"Scenario 3A- RH13/Caves2016",FALSE,FALSE,"boron_isotopes_guillermic_2022.xlsx",73,,
"removed redundant record","boron_isotopes_guillermic_2022.xlsx","boron isotopes",74,2022,"ODP 806_B_58_2_33_35","ODP 806",,,0.3185,159.3615,15.6887107689339,"Trilobatus sacculifer","300-400","14.46618317487","4.86309813315101",,452.208,14.46618317487,0.209247389225913,4.86309813315101,0.02,35.9539862402968,"Scenario 1A- G17/Caves2016",FALSE,TRUE,"boron_isotopes_guillermic_2022.xlsx",74,846,75,"boron_isotopes_guillermic_2022.xlsx","boron isotopes",163,2022,"ODP 806_B_58_2_33_35","ODP 806",,,0.3185,159.3615,15.6887107689339,"Trilobatus sacculifer","300-400","14.46618317487","4.86309813315101",,533.184,14.46618317487,0.209247389225913,4.86309813315101,0.02,35.9539862402968,"Scenario 2A- L02/Caves2016",FALSE,FALSE,"boron_isotopes_guillermic_2022.xlsx",74,,
"removed redundant record","boron_isotopes_guillermic_2022.xlsx","boron isotopes",74,2022,"ODP 806_B_58_2_33_35","ODP 806",,,0.3185,159.3615,15.6887107689339,"Trilobatus sacculifer","300-400","14.46618317487","4.86309813315101",,452.208,14.46618317487,0.209247389225913,4.86309813315101,0.02,35.9539862402968,"Scenario 1A- G17/Caves2016",FALSE,TRUE,"boron_isotopes_guillermic_2022.xlsx",74,846,75,"boron_isotopes_guillermic_2022.xlsx","boron isotopes",252,2022,"ODP 806_B_58_2_33_35","ODP 806",,,0.3185,159.3615,15.6887107689339,"Trilobatus sacculifer","300-400","14.46618317487","4.86309813315101",,449.01,14.46618317487,0.209247389225913,4.86309813315101,0.02,35.9539862402968,"Scenario 3A- RH13/Caves2016",FALSE,FALSE,"boron_isotopes_guillermic_2022.xlsx",74,,
"removed redundant record","boron_isotopes_guillermic_2022.xlsx","boron isotopes",75,2022,"ODP 807_A_1_1_20_22","ODP 807",,,3.607,156.6248,0.00984,"Trilobatus sacculifer","300-400","18.17,18.38","4.23531932543763",,212.063,18.2757800233716,0.147960247867224,4.23531932543763,0.02,30.5108116795881,"Scenario 1A- G17/Caves2016",FALSE,TRUE,"boron_isotopes_guillermic_2022.xlsx",75,847,76,"boron_isotopes_guillermic_2022.xlsx","boron isotopes",164,2022,"ODP 807_A_1_1_20_22","ODP 807",,,3.607,156.6248,0.00984,"Trilobatus sacculifer","300-400","18.17,18.38","4.23531932543763",,213.909,18.2757800233716,0.147960247867224,4.23531932543763,0.02,30.5108116795881,"Scenario 2A- L02/Caves2016",FALSE,FALSE,"boron_isotopes_guillermic_2022.xlsx",75,,
"removed redundant record","boron_isotopes_guillermic_2022.xlsx","boron isotopes",75,2022,"ODP 807_A_1_1_20_22","ODP 807",,,3.607,156.6248,0.00984,"Trilobatus sacculifer","300-400","18.17,18.38","4.23531932543763",,212.063,18.2757800233716,0.147960247867224,4.23531932543763,0.02,30.5108116795881,"Scenario 1A- G17/Caves2016",FALSE,TRUE,"boron_isotopes_guillermic_2022.xlsx",75,847,76,"boron_isotopes_guillermic_2022.xlsx","boron isotopes",253,2022,"ODP 807_A_1_1_20_22","ODP 807",,,3.607,156.6248,0.00984,"Trilobatus sacculifer","300-400","18.17,18.38","4.23531932543763",,211.857,18.2757800233716,0.147960247867224,4.23531932543763,0.02,30.5108116795881,"Scenario 3A- RH13/Caves2016",FALSE,FALSE,"boron_isotopes_guillermic_2022.xlsx",75,,
"removed redundant record","boron_isotopes_guillermic_2022.xlsx","boron isotopes",76,2022,"ODP 807_A_1_1_30_32","ODP 807",,,3.607,156.6248,0.0142,"Trilobatus sacculifer","300-400","18.7392493728056","4.27281764382983",,181.712,18.7392493728056,0.257084376147543,4.27281764382983,0.02,30.4573807336649,"Scenario 1A- G17/Caves2016",FALSE,TRUE,"boron_isotopes_guillermic_2022.xlsx",76,848,77,"boron_isotopes_guillermic_2022.xlsx","boron isotopes",165,2022,"ODP 807_A_1_1_30_32","ODP 807",,,3.607,156.6248,0.0142,"Trilobatus sacculifer","300-400","18.7392493728056","4.27281764382983",,183.227,18.7392493728056,0.257084376147543,4.27281764382983,0.02,30.4573807336649,"Scenario 2A- L02/Caves2016",FALSE,FALSE,"boron_isotopes_guillermic_2022.xlsx",76,,
"removed redundant record","boron_isotopes_guillermic_2022.xlsx","boron isotopes",76,2022,"ODP 807_A_1_1_30_32","ODP 807",,,3.607,156.6248,0.0142,"Trilobatus sacculifer","300-400","18.7392493728056","4.27281764382983",,181.712,18.7392493728056,0.257084376147543,4.27281764382983,0.02,30.4573807336649,"Scenario 1A- G17/Caves2016",FALSE,TRUE,"boron_isotopes_guillermic_2022.xlsx",76,848,77,"boron_isotopes_guillermic_2022.xlsx","boron isotopes",254,2022,"ODP 807_A_1_1_30_32","ODP 807",,,3.607,156.6248,0.0142,"Trilobatus sacculifer","300-400","18.7392493728056","4.27281764382983",,181.452,18.7392493728056,0.257084376147543,4.27281764382983,0.02,30.4573807336649,"Scenario 3A- RH13/Caves2016",FALSE,FALSE,"boron_isotopes_guillermic_2022.xlsx",76,,
"removed redundant record","boron_isotopes_guillermic_2022.xlsx","boron isotopes",77,2022,"ODP 807_A_1_1_90_92","ODP 807",,,3.607,156.6248,0.04659,"Trilobatus sacculifer","300-400","19.076580376431","3.4658848793853",,151.873,19.076580376431,0.257084376147543,3.4658848793853,0.02,27.0051564832072,"Scenario 1A- G17/Caves2016",FALSE,TRUE,"boron_isotopes_guillermic_2022.xlsx",77,849,78,"boron_isotopes_guillermic_2022.xlsx","boron isotopes",166,2022,"ODP 807_A_1_1_90_92","ODP 807",,,3.607,156.6248,0.04659,"Trilobatus sacculifer","300-400","19.076580376431","3.4658848793853",,152.921,19.076580376431,0.257084376147543,3.4658848793853,0.02,27.0051564832072,"Scenario 2A- L02/Caves2016",FALSE,FALSE,"boron_isotopes_guillermic_2022.xlsx",77,,
"removed redundant record","boron_isotopes_guillermic_2022.xlsx","boron isotopes",77,2022,"ODP 807_A_1_1_90_92","ODP 807",,,3.607,156.6248,0.04659,"Trilobatus sacculifer","300-400","19.076580376431","3.4658848793853",,151.873,19.076580376431,0.257084376147543,3.4658848793853,0.02,27.0051564832072,"Scenario 1A- G17/Caves2016",FALSE,TRUE,"boron_isotopes_guillermic_2022.xlsx",77,849,78,"boron_isotopes_guillermic_2022.xlsx","boron isotopes",255,2022,"ODP 807_A_1_1_90_92","ODP 807",,,3.607,156.6248,0.04659,"Trilobatus sacculifer","300-400","19.076580376431","3.4658848793853",,151.197,19.076580376431,0.257084376147543,3.4658848793853,0.02,27.0051564832072,"Scenario 3A- RH13/Caves2016",FALSE,FALSE,"boron_isotopes_guillermic_2022.xlsx",77,,
"removed redundant record","boron_isotopes_guillermic_2022.xlsx","boron isotopes",78,2022,"ODP 807_A_1_2_0_2","ODP 807",,,3.607,156.6248,0.07897,"Trilobatus sacculifer","300-400","18.3564217074044","3.44351779669892",,173.292,18.3564217074044,0.289796563578344,3.44351779669892,0.02,27.1692272562916,"Scenario 1A- G17/Caves2016",FALSE,TRUE,"boron_isotopes_guillermic_2022.xlsx",78,850,79,"boron_isotopes_guillermic_2022.xlsx","boron isotopes",167,2022,"ODP 807_A_1_2_0_2","ODP 807",,,3.607,156.6248,0.07897,"Trilobatus sacculifer","300-400","18.3564217074044","3.44351779669892",,174.271,18.3564217074044,0.289796563578344,3.44351779669892,0.02,27.1692272562916,"Scenario 2A- L02/Caves2016",FALSE,FALSE,"boron_isotopes_guillermic_2022.xlsx",78,,
"removed redundant record","boron_isotopes_guillermic_2022.xlsx","boron isotopes",78,2022,"ODP 807_A_1_2_0_2","ODP 807",,,3.607,156.6248,0.07897,"Trilobatus sacculifer","300-400","18.3564217074044","3.44351779669892",,173.292,18.3564217074044,0.289796563578344,3.44351779669892,0.02,27.1692272562916,"Scenario 1A- G17/Caves2016",FALSE,TRUE,"boron_isotopes_guillermic_2022.xlsx",78,850,79,"boron_isotopes_guillermic_2022.xlsx","boron isotopes",256,2022,"ODP 807_A_1_2_0_2","ODP 807",,,3.607,156.6248,0.07897,"Trilobatus sacculifer","300-400","18.3564217074044","3.44351779669892",,171.978,18.3564217074044,0.289796563578344,3.44351779669892,0.02,27.1692272562916,"Scenario 3A- RH13/Caves2016",FALSE,FALSE,"boron_isotopes_guillermic_2022.xlsx",78,,
"removed redundant record","boron_isotopes_guillermic_2022.xlsx","boron isotopes",79,2022,"ODP 807_A_1_3_0_2","ODP 807",,,3.607,156.6248,0.18204,"Trilobatus sacculifer","300-400","17.1278948549611","3.25553095257516",,237.344,17.1278948549611,0.289796563578344,3.25553095257516,0.02,25.9714678888194,"Scenario 1A- G17/Caves2016",FALSE,TRUE,"boron_isotopes_guillermic_2022.xlsx",79,851,80,"boron_isotopes_guillermic_2022.xlsx","boron isotopes",168,2022,"ODP 807_A_1_3_0_2","ODP 807",,,3.607,156.6248,0.18204,"Trilobatus sacculifer","300-400","17.1278948549611","3.25553095257516",,237.885,17.1278948549611,0.289796563578344,3.25553095257516,0.02,25.9714678888194,"Scenario 2A- L02/Caves2016",FALSE,FALSE,"boron_isotopes_guillermic_2022.xlsx",79,,
"removed redundant record","boron_isotopes_guillermic_2022.xlsx","boron isotopes",79,2022,"ODP 807_A_1_3_0_2","ODP 807",,,3.607,156.6248,0.18204,"Trilobatus sacculifer","300-400","17.1278948549611","3.25553095257516",,237.344,17.1278948549611,0.289796563578344,3.25553095257516,0.02,25.9714678888194,"Scenario 1A- G17/Caves2016",FALSE,TRUE,"boron_isotopes_guillermic_2022.xlsx",79,851,80,"boron_isotopes_guillermic_2022.xlsx","boron isotopes",257,2022,"ODP 807_A_1_3_0_2","ODP 807",,,3.607,156.6248,0.18204,"Trilobatus sacculifer","300-400","17.1278948549611","3.25553095257516",,233.44,17.1278948549611,0.289796563578344,3.25553095257516,0.02,25.9714678888194,"Scenario 3A- RH13/Caves2016",FALSE,FALSE,"boron_isotopes_guillermic_2022.xlsx",79,,
"removed redundant record","boron_isotopes_guillermic_2022.xlsx","boron isotopes",80,2022,"ODP 807_A_1_3_90_92","ODP 807",,,3.607,156.6248,0.2272,"Trilobatus sacculifer","300-400","17.53,17.75","3.96187954253761",,249.424,17.6412138793557,0.181786105711041,3.96187954253761,0.02,29.0643955337105,"Scenario 1A- G17/Caves2016",FALSE,TRUE,"boron_isotopes_guillermic_2022.xlsx",80,852,81,"boron_isotopes_guillermic_2022.xlsx","boron isotopes",169,2022,"ODP 807_A_1_3_90_92","ODP 807",,,3.607,156.6248,0.2272,"Trilobatus sacculifer","300-400","17.53,17.75","3.96187954253761",,249.425,17.6412138793557,0.181786105711041,3.96187954253761,0.02,29.0643955337105,"Scenario 2A- L02/Caves2016",FALSE,FALSE,"boron_isotopes_guillermic_2022.xlsx",80,,
"removed redundant record","boron_isotopes_guillermic_2022.xlsx","boron isotopes",80,2022,"ODP 807_A_1_3_90_92","ODP 807",,,3.607,156.6248,0.2272,"Trilobatus sacculifer","300-400","17.53,17.75","3.96187954253761",,249.424,17.6412138793557,0.181786105711041,3.96187954253761,0.02,29.0643955337105,"Scenario 1A- G17/Caves2016",FALSE,TRUE,"boron_isotopes_guillermic_2022.xlsx",80,852,81,"boron_isotopes_guillermic_2022.xlsx","boron isotopes",258,2022,"ODP 807_A_1_3_90_92","ODP 807",,,3.607,156.6248,0.2272,"Trilobatus sacculifer","300-400","17.53,17.75","3.96187954253761",,244.049,17.6412138793557,0.181786105711041,3.96187954253761,0.02,29.0643955337105,"Scenario 3A- RH13/Caves2016",FALSE,FALSE,"boron_isotopes_guillermic_2022.xlsx",80,,
"removed redundant record","boron_isotopes_guillermic_2022.xlsx","boron isotopes",81,2022,"ODP 807_A_1_3_100_102","ODP 807",,,3.607,156.6248,0.2312,"Trilobatus sacculifer","300-400","16.8265422661253","3.99138579260856",,309.119,16.8265422661253,0.209247389225913,3.99138579260856,0.02,29.3564457083445,"Scenario 1A- G17/Caves2016",FALSE,TRUE,"boron_isotopes_guillermic_2022.xlsx",81,853,82,"boron_isotopes_guillermic_2022.xlsx","boron isotopes",170,2022,"ODP 807_A_1_3_100_102","ODP 807",,,3.607,156.6248,0.2312,"Trilobatus sacculifer","300-400","16.8265422661253","3.99138579260856",,309.051,16.8265422661253,0.209247389225913,3.99138579260856,0.02,29.3564457083445,"Scenario 2A- L02/Caves2016",FALSE,FALSE,"boron_isotopes_guillermic_2022.xlsx",81,,
"removed redundant record","boron_isotopes_guillermic_2022.xlsx","boron isotopes",81,2022,"ODP 807_A_1_3_100_102","ODP 807",,,3.607,156.6248,0.2312,"Trilobatus sacculifer","300-400","16.8265422661253","3.99138579260856",,309.119,16.8265422661253,0.209247389225913,3.99138579260856,0.02,29.3564457083445,"Scenario 1A- G17/Caves2016",FALSE,TRUE,"boron_isotopes_guillermic_2022.xlsx",81,853,82,"boron_isotopes_guillermic_2022.xlsx","boron isotopes",259,2022,"ODP 807_A_1_3_100_102","ODP 807",,,3.607,156.6248,0.2312,"Trilobatus sacculifer","300-400","16.8265422661253","3.99138579260856",,301.99,16.8265422661253,0.209247389225913,3.99138579260856,0.02,29.3564457083445,"Scenario 3A- RH13/Caves2016",FALSE,FALSE,"boron_isotopes_guillermic_2022.xlsx",81,,
"removed redundant record","boron_isotopes_guillermic_2022.xlsx","boron isotopes",82,2022,"ODP 807_A_2_4_0_2","ODP 807",,,3.607,156.6248,0.342,"Trilobatus sacculifer","300-400","17.8545919686415","3.58080650094467",,218.169,17.8545919686415,0.257084376147543,3.58080650094467,0.02,27.3336666797388,"Scenario 1A- G17/Caves2016",FALSE,TRUE,"boron_isotopes_guillermic_2022.xlsx",82,854,83,"boron_isotopes_guillermic_2022.xlsx","boron isotopes",171,2022,"ODP 807_A_2_4_0_2","ODP 807",,,3.607,156.6248,0.342,"Trilobatus sacculifer","300-400","17.8545919686415","3.58080650094467",,212.371,17.8545919686415,0.257084376147543,3.58080650094467,0.02,27.3336666797388,"Scenario 2A- L02/Caves2016",FALSE,FALSE,"boron_isotopes_guillermic_2022.xlsx",82,,
"removed redundant record","boron_isotopes_guillermic_2022.xlsx","boron isotopes",82,2022,"ODP 807_A_2_4_0_2","ODP 807",,,3.607,156.6248,0.342,"Trilobatus sacculifer","300-400","17.8545919686415","3.58080650094467",,218.169,17.8545919686415,0.257084376147543,3.58080650094467,0.02,27.3336666797388,"Scenario 1A- G17/Caves2016",FALSE,TRUE,"boron_isotopes_guillermic_2022.xlsx",82,854,83,"boron_isotopes_guillermic_2022.xlsx","boron isotopes",260,2022,"ODP 807_A_2_4_0_2","ODP 807",,,3.607,156.6248,0.342,"Trilobatus sacculifer","300-400","17.8545919686415","3.58080650094467",,200.648,17.8545919686415,0.257084376147543,3.58080650094467,0.02,27.3336666797388,"Scenario 3A- RH13/Caves2016",FALSE,FALSE,"boron_isotopes_guillermic_2022.xlsx",82,,
"removed redundant record","boron_isotopes_guillermic_2022.xlsx","boron isotopes",83,2022,"ODP 807_A_2_5_0_2","ODP 807",,,3.607,156.6248,0.43081,"Trilobatus sacculifer","300-400","17.6732599985401","3.81841713979394",,248.047,17.6732599985401,0.289796563578344,3.81841713979394,0.02,28.3496473209211,"Scenario 1A- G17/Caves2016",FALSE,TRUE,"boron_isotopes_guillermic_2022.xlsx",83,855,84,"boron_isotopes_guillermic_2022.xlsx","boron isotopes",172,2022,"ODP 807_A_2_5_0_2","ODP 807",,,3.607,156.6248,0.43081,"Trilobatus sacculifer","300-400","17.6732599985401","3.81841713979394",,239.026,17.6732599985401,0.289796563578344,3.81841713979394,0.02,28.3496473209211,"Scenario 2A- L02/Caves2016",FALSE,FALSE,"boron_isotopes_guillermic_2022.xlsx",83,,
"removed redundant record","boron_isotopes_guillermic_2022.xlsx","boron isotopes",83,2022,"ODP 807_A_2_5_0_2","ODP 807",,,3.607,156.6248,0.43081,"Trilobatus sacculifer","300-400","17.6732599985401","3.81841713979394",,248.047,17.6732599985401,0.289796563578344,3.81841713979394,0.02,28.3496473209211,"Scenario 1A- G17/Caves2016",FALSE,TRUE,"boron_isotopes_guillermic_2022.xlsx",83,855,84,"boron_isotopes_guillermic_2022.xlsx","boron isotopes",261,2022,"ODP 807_A_2_5_0_2","ODP 807",,,3.607,156.6248,0.43081,"Trilobatus sacculifer","300-400","17.6732599985401","3.81841713979394",,222.798,17.6732599985401,0.289796563578344,3.81841713979394,0.02,28.3496473209211,"Scenario 3A- RH13/Caves2016",FALSE,FALSE,"boron_isotopes_guillermic_2022.xlsx",83,,
"removed redundant record","boron_isotopes_guillermic_2022.xlsx","boron isotopes",84,2022,"ODP 807_A_2_6_0_2","ODP 807",,,3.607,156.6248,0.604,"Trilobatus sacculifer","300-400","17.6381226422233","4.20533422143673",,274.83,17.6381226422233,0.257084376147543,4.20533422143673,0.02,30.1437554874146,"Scenario 1A- G17/Caves2016",FALSE,TRUE,"boron_isotopes_guillermic_2022.xlsx",84,856,85,"boron_isotopes_guillermic_2022.xlsx","boron isotopes",173,2022,"ODP 807_A_2_6_0_2","ODP 807",,,3.607,156.6248,0.604,"Trilobatus sacculifer","300-400","17.6381226422233","4.20533422143673",,259.783,17.6381226422233,0.257084376147543,4.20533422143673,0.02,30.1437554874146,"Scenario 2A- L02/Caves2016",FALSE,FALSE,"boron_isotopes_guillermic_2022.xlsx",84,,
"removed redundant record","boron_isotopes_guillermic_2022.xlsx","boron isotopes",84,2022,"ODP 807_A_2_6_0_2","ODP 807",,,3.607,156.6248,0.604,"Trilobatus sacculifer","300-400","17.6381226422233","4.20533422143673",,274.83,17.6381226422233,0.257084376147543,4.20533422143673,0.02,30.1437554874146,"Scenario 1A- G17/Caves2016",FALSE,TRUE,"boron_isotopes_guillermic_2022.xlsx",84,856,85,"boron_isotopes_guillermic_2022.xlsx","boron isotopes",262,2022,"ODP 807_A_2_6_0_2","ODP 807",,,3.607,156.6248,0.604,"Trilobatus sacculifer","300-400","17.6381226422233","4.20533422143673",,236.138,17.6381226422233,0.257084376147543,4.20533422143673,0.02,30.1437554874146,"Scenario 3A- RH13/Caves2016",FALSE,FALSE,"boron_isotopes_guillermic_2022.xlsx",84,,
"removed redundant record","boron_isotopes_guillermic_2022.xlsx","boron isotopes",85,2022,"ODP 807_A_3_2_0_2","ODP 807",,,3.607,156.6248,0.857,"Trilobatus sacculifer","300-400","17.8575847318092","3.7286752109571",,244.008,17.8575847318092,0.257084376147543,3.7286752109571,0.02,28.6062557075849,"Scenario 1A- G17/Caves2016",FALSE,TRUE,"boron_isotopes_guillermic_2022.xlsx",85,857,86,"boron_isotopes_guillermic_2022.xlsx","boron isotopes",174,2022,"ODP 807_A_3_2_0_2","ODP 807",,,3.607,156.6248,0.857,"Trilobatus sacculifer","300-400","17.8575847318092","3.7286752109571",,226.628,17.8575847318092,0.257084376147543,3.7286752109571,0.02,28.6062557075849,"Scenario 2A- L02/Caves2016",FALSE,FALSE,"boron_isotopes_guillermic_2022.xlsx",85,,
"removed redundant record","boron_isotopes_guillermic_2022.xlsx","boron isotopes",85,2022,"ODP 807_A_3_2_0_2","ODP 807",,,3.607,156.6248,0.857,"Trilobatus sacculifer","300-400","17.8575847318092","3.7286752109571",,244.008,17.8575847318092,0.257084376147543,3.7286752109571,0.02,28.6062557075849,"Scenario 1A- G17/Caves2016",FALSE,TRUE,"boron_isotopes_guillermic_2022.xlsx",85,857,86,"boron_isotopes_guillermic_2022.xlsx","boron isotopes",263,2022,"ODP 807_A_3_2_0_2","ODP 807",,,3.607,156.6248,0.857,"Trilobatus sacculifer","300-400","17.8575847318092","3.7286752109571",,199.258,17.8575847318092,0.257084376147543,3.7286752109571,0.02,28.6062557075849,"Scenario 3A- RH13/Caves2016",FALSE,FALSE,"boron_isotopes_guillermic_2022.xlsx",85,,
"removed redundant record","boron_isotopes_guillermic_2022.xlsx","boron isotopes",86,2022,"ODP 807_A_3_3_0_2","ODP 807",,,3.607,156.6248,0.93967,"Trilobatus sacculifer","300-400","17.14,17.56","3.79813435780893",,286.186,17.3507522158897,0.147960247867224,3.79813435780893,0.02,28.8327303223906,"Scenario 1A- G17/Caves2016",FALSE,TRUE,"boron_isotopes_guillermic_2022.xlsx",86,858,87,"boron_isotopes_guillermic_2022.xlsx","boron isotopes",175,2022,"ODP 807_A_3_3_0_2","ODP 807",,,3.607,156.6248,0.93967,"Trilobatus sacculifer","300-400","17.14,17.56","3.79813435780893",,263.819,17.3507522158897,0.147960247867224,3.79813435780893,0.02,28.8327303223906,"Scenario 2A- L02/Caves2016",FALSE,FALSE,"boron_isotopes_guillermic_2022.xlsx",86,,
"removed redundant record","boron_isotopes_guillermic_2022.xlsx","boron isotopes",86,2022,"ODP 807_A_3_3_0_2","ODP 807",,,3.607,156.6248,0.93967,"Trilobatus sacculifer","300-400","17.14,17.56","3.79813435780893",,286.186,17.3507522158897,0.147960247867224,3.79813435780893,0.02,28.8327303223906,"Scenario 1A- G17/Caves2016",FALSE,TRUE,"boron_isotopes_guillermic_2022.xlsx",86,858,87,"boron_isotopes_guillermic_2022.xlsx","boron isotopes",264,2022,"ODP 807_A_3_3_0_2","ODP 807",,,3.607,156.6248,0.93967,"Trilobatus sacculifer","300-400","17.14,17.56","3.79813435780893",,228.457,17.3507522158897,0.147960247867224,3.79813435780893,0.02,28.8327303223906,"Scenario 3A- RH13/Caves2016",FALSE,FALSE,"boron_isotopes_guillermic_2022.xlsx",86,,
"removed redundant record","boron_isotopes_guillermic_2022.xlsx","boron isotopes",87,2022,"ODP 807_A_3_7_0_2","ODP 807",,,3.607,156.6248,1.278,"Trilobatus sacculifer","300-400","17.9142227820197","4.14937609344839",,253.991,17.9142227820197,0.257084376147543,4.14937609344839,0.02,30.2461101685407,"Scenario 1A- G17/Caves2016",FALSE,TRUE,"boron_isotopes_guillermic_2022.xlsx",87,859,88,"boron_isotopes_guillermic_2022.xlsx","boron isotopes",176,2022,"ODP 807_A_3_7_0_2","ODP 807",,,3.607,156.6248,1.278,"Trilobatus sacculifer","300-400","17.9142227820197","4.14937609344839",,229.922,17.9142227820197,0.257084376147543,4.14937609344839,0.02,30.2461101685407,"Scenario 2A- L02/Caves2016",FALSE,FALSE,"boron_isotopes_guillermic_2022.xlsx",87,,
"removed redundant record","boron_isotopes_guillermic_2022.xlsx","boron isotopes",87,2022,"ODP 807_A_3_7_0_2","ODP 807",,,3.607,156.6248,1.278,"Trilobatus sacculifer","300-400","17.9142227820197","4.14937609344839",,253.991,17.9142227820197,0.257084376147543,4.14937609344839,0.02,30.2461101685407,"Scenario 1A- G17/Caves2016",FALSE,TRUE,"boron_isotopes_guillermic_2022.xlsx",87,859,88,"boron_isotopes_guillermic_2022.xlsx","boron isotopes",265,2022,"ODP 807_A_3_7_0_2","ODP 807",,,3.607,156.6248,1.278,"Trilobatus sacculifer","300-400","17.9142227820197","4.14937609344839",,201.982,17.9142227820197,0.257084376147543,4.14937609344839,0.02,30.2461101685407,"Scenario 3A- RH13/Caves2016",FALSE,FALSE,"boron_isotopes_guillermic_2022.xlsx",87,,
"removed redundant record","boron_isotopes_guillermic_2022.xlsx","boron isotopes",88,2022,"ODP 807_A_7_6_10_12","ODP 807",,,3.607,156.6248,3.04732,"Trilobatus sacculifer","300-400","16.1589598017406","3.90799949883674",,422.455,16.1589598017406,0.334054564130627,3.90799949883674,0.02,29.9560576152129,"Scenario 1A- G17/Caves2016",FALSE,TRUE,"boron_isotopes_guillermic_2022.xlsx",88,860,89,"boron_isotopes_guillermic_2022.xlsx","boron isotopes",177,2022,"ODP 807_A_7_6_10_12","ODP 807",,,3.607,156.6248,3.04732,"Trilobatus sacculifer","300-400","16.1589598017406","3.90799949883674",,312.799,16.1589598017406,0.334054564130627,3.90799949883674,0.02,29.9560576152129,"Scenario 2A- L02/Caves2016",FALSE,FALSE,"boron_isotopes_guillermic_2022.xlsx",88,,
"removed redundant record","boron_isotopes_guillermic_2022.xlsx","boron isotopes",88,2022,"ODP 807_A_7_6_10_12","ODP 807",,,3.607,156.6248,3.04732,"Trilobatus sacculifer","300-400","16.1589598017406","3.90799949883674",,422.455,16.1589598017406,0.334054564130627,3.90799949883674,0.02,29.9560576152129,"Scenario 1A- G17/Caves2016",FALSE,TRUE,"boron_isotopes_guillermic_2022.xlsx",88,860,89,"boron_isotopes_guillermic_2022.xlsx","boron isotopes",266,2022,"ODP 807_A_7_6_10_12","ODP 807",,,3.607,156.6248,3.04732,"Trilobatus sacculifer","300-400","16.1589598017406","3.90799949883674",,339.451,16.1589598017406,0.334054564130627,3.90799949883674,0.02,29.9560576152129,"Scenario 3A- RH13/Caves2016",FALSE,FALSE,"boron_isotopes_guillermic_2022.xlsx",88,,
"removed redundant record","boron_isotopes_guillermic_2022.xlsx","boron isotopes",89,2022,"ODP 807_A_8_3_0_2","ODP 807",,,3.607,156.6248,3.21786,"Trilobatus sacculifer","300-400","15.2977200517472","3.96781523064541",,543.425,15.2977200517472,0.249881015112098,3.96781523064541,0.02,30.2731393784531,"Scenario 1A- G17/Caves2016",FALSE,TRUE,"boron_isotopes_guillermic_2022.xlsx",89,861,90,"boron_isotopes_guillermic_2022.xlsx","boron isotopes",178,2022,"ODP 807_A_8_3_0_2","ODP 807",,,3.607,156.6248,3.21786,"Trilobatus sacculifer","300-400","15.2977200517472","3.96781523064541",,391.398,15.2977200517472,0.249881015112098,3.96781523064541,0.02,30.2731393784531,"Scenario 2A- L02/Caves2016",FALSE,FALSE,"boron_isotopes_guillermic_2022.xlsx",89,,
"removed redundant record","boron_isotopes_guillermic_2022.xlsx","boron isotopes",89,2022,"ODP 807_A_8_3_0_2","ODP 807",,,3.607,156.6248,3.21786,"Trilobatus sacculifer","300-400","15.2977200517472","3.96781523064541",,543.425,15.2977200517472,0.249881015112098,3.96781523064541,0.02,30.2731393784531,"Scenario 1A- G17/Caves2016",FALSE,TRUE,"boron_isotopes_guillermic_2022.xlsx",89,861,90,"boron_isotopes_guillermic_2022.xlsx","boron isotopes",267,2022,"ODP 807_A_8_3_0_2","ODP 807",,,3.607,156.6248,3.21786,"Trilobatus sacculifer","300-400","15.2977200517472","3.96781523064541",,437.633,15.2977200517472,0.249881015112098,3.96781523064541,0.02,30.2731393784531,"Scenario 3A- RH13/Caves2016",FALSE,FALSE,"boron_isotopes_guillermic_2022.xlsx",89,,
"removed redundant record","boron_isotopes_guillermic_2022.xlsx","boron isotopes",90,2022,"ODP 807_A_8_5_0_2","ODP 807",,,3.607,156.6248,3.32499,"Trilobatus sacculifer","300-400","15.430801995679","3.90312084798388",,517.456,15.430801995679,0.249881015112098,3.90312084798388,0.02,29.9847647190781,"Scenario 1A- G17/Caves2016",FALSE,TRUE,"boron_isotopes_guillermic_2022.xlsx",90,862,91,"boron_isotopes_guillermic_2022.xlsx","boron isotopes",179,2022,"ODP 807_A_8_5_0_2","ODP 807",,,3.607,156.6248,3.32499,"Trilobatus sacculifer","300-400","15.430801995679","3.90312084798388",,373.83,15.430801995679,0.249881015112098,3.90312084798388,0.02,29.9847647190781,"Scenario 2A- L02/Caves2016",FALSE,FALSE,"boron_isotopes_guillermic_2022.xlsx",90,,
"removed redundant record","boron_isotopes_guillermic_2022.xlsx","boron isotopes",90,2022,"ODP 807_A_8_5_0_2","ODP 807",,,3.607,156.6248,3.32499,"Trilobatus sacculifer","300-400","15.430801995679","3.90312084798388",,517.456,15.430801995679,0.249881015112098,3.90312084798388,0.02,29.9847647190781,"Scenario 1A- G17/Caves2016",FALSE,TRUE,"boron_isotopes_guillermic_2022.xlsx",90,862,91,"boron_isotopes_guillermic_2022.xlsx","boron isotopes",268,2022,"ODP 807_A_8_5_0_2","ODP 807",,,3.607,156.6248,3.32499,"Trilobatus sacculifer","300-400","15.430801995679","3.90312084798388",,423.678,15.430801995679,0.249881015112098,3.90312084798388,0.02,29.9847647190781,"Scenario 3A- RH13/Caves2016",FALSE,FALSE,"boron_isotopes_guillermic_2022.xlsx",90,,
"removed redundant record","boron_isotopes_guillermic_2022.xlsx","boron isotopes",91,2022,"ODP 807_A_9_4_0_2","ODP 807",,,3.607,156.6248,3.61514,"Trilobatus sacculifer","300-400","15.5511562311546","3.40434127117707",,454.823,15.5511562311546,0.139736223494649,3.40434127117707,0.02,27.8711886084791,"Scenario 1A- G17/Caves2016",FALSE,TRUE,"boron_isotopes_guillermic_2022.xlsx",91,863,92,"boron_isotopes_guillermic_2022.xlsx","boron isotopes",180,2022,"ODP 807_A_9_4_0_2","ODP 807",,,3.607,156.6248,3.61514,"Trilobatus sacculifer","300-400","15.5511562311546","3.40434127117707",,329.725,15.5511562311546,0.139736223494649,3.40434127117707,0.02,27.8711886084791,"Scenario 2A- L02/Caves2016",FALSE,FALSE,"boron_isotopes_guillermic_2022.xlsx",91,,
"removed redundant record","boron_isotopes_guillermic_2022.xlsx","boron isotopes",91,2022,"ODP 807_A_9_4_0_2","ODP 807",,,3.607,156.6248,3.61514,"Trilobatus sacculifer","300-400","15.5511562311546","3.40434127117707",,454.823,15.5511562311546,0.139736223494649,3.40434127117707,0.02,27.8711886084791,"Scenario 1A- G17/Caves2016",FALSE,TRUE,"boron_isotopes_guillermic_2022.xlsx",91,863,92,"boron_isotopes_guillermic_2022.xlsx","boron isotopes",269,2022,"ODP 807_A_9_4_0_2","ODP 807",,,3.607,156.6248,3.61514,"Trilobatus sacculifer","300-400","15.5511562311546","3.40434127117707",,387.829,15.5511562311546,0.139736223494649,3.40434127117707,0.02,27.8711886084791,"Scenario 3A- RH13/Caves2016",FALSE,FALSE,"boron_isotopes_guillermic_2022.xlsx",91,,
"removed redundant record","boron_isotopes_guillermic_2022.xlsx","boron isotopes",92,2022,"ODP 807_A_13_4_0_2","ODP 807",,,3.607,156.6248,4.52418,"Trilobatus sacculifer","300-400","15.1432366079891","3.15427480280467",,572.005,15.1432366079891,0.139736223494649,3.15427480280467,0.02,26.8361272700912,"Scenario 1A- G17/Caves2016",FALSE,TRUE,"boron_isotopes_guillermic_2022.xlsx",92,864,93,"boron_isotopes_guillermic_2022.xlsx","boron isotopes",181,2022,"ODP 807_A_13_4_0_2","ODP 807",,,3.607,156.6248,4.52418,"Trilobatus sacculifer","300-400","15.1432366079891","3.15427480280467",,418.949,15.1432366079891,0.139736223494649,3.15427480280467,0.02,26.8361272700912,"Scenario 2A- L02/Caves2016",FALSE,FALSE,"boron_isotopes_guillermic_2022.xlsx",92,,
"removed redundant record","boron_isotopes_guillermic_2022.xlsx","boron isotopes",92,2022,"ODP 807_A_13_4_0_2","ODP 807",,,3.607,156.6248,4.52418,"Trilobatus sacculifer","300-400","15.1432366079891","3.15427480280467",,572.005,15.1432366079891,0.139736223494649,3.15427480280467,0.02,26.8361272700912,"Scenario 1A- G17/Caves2016",FALSE,TRUE,"boron_isotopes_guillermic_2022.xlsx",92,864,93,"boron_isotopes_guillermic_2022.xlsx","boron isotopes",270,2022,"ODP 807_A_13_4_0_2","ODP 807",,,3.607,156.6248,4.52418,"Trilobatus sacculifer","300-400","15.1432366079891","3.15427480280467",,499.925,15.1432366079891,0.139736223494649,3.15427480280467,0.02,26.8361272700912,"Scenario 3A- RH13/Caves2016",FALSE,FALSE,"boron_isotopes_guillermic_2022.xlsx",92,,
