"file_1","source_row_1","sample_1","study_1","method_1","file_2","source_row_2","sample_2","study_2","method_2","status"
"stomata-sr_mcelwain_1999.xlsx",7,"Jameson Land, Greenland","mcelwain_1999","sr","stomata-sr_mcelwain_1999.xlsx",8,"Jameson Land, Greenland","mcelwain_1999","sr","ambiguous: both retained; human review needed"
"stomata-sr_mcelwain_1999.xlsx",4,"Jameson Land, Greenland","mcelwain_1999","sr","stomata-sr_mcelwain_1999.xlsx",12,"Jameson Land, Greenland","mcelwain_1999","sr","ambiguous: both retained; human review needed"
"stomata-sr_mcelwain_1999.xlsx",5,"Jameson Land, Greenland","mcelwain_1999","sr","stomata-sr_mcelwain_1999.xlsx",12,"Jameson Land, Greenland","mcelwain_1999","sr","ambiguous: both retained; human review needed"
"stomata-sr_mcelwain_1999.xlsx",7,"Jameson Land, Greenland","mcelwain_1999","sr","stomata-sr_mcelwain_1999.xlsx",12,"Jameson Land, Greenland","mcelwain_1999","sr","ambiguous: both retained; human review needed"
"stomata-sr_mcelwain_1999.xlsx",11,"Jameson Land, Greenland","mcelwain_1999","sr","stomata-sr_mcelwain_1999.xlsx",12,"Jameson Land, Greenland","mcelwain_1999","sr","ambiguous: both retained; human review needed"
"stomata-sr_mcelwain_1999.xlsx",12,"Jameson Land, Greenland","mcelwain_1999","sr","stomata-sr_mcelwain_1999.xlsx",15,"Jameson Land, Greenland","mcelwain_1999","sr","ambiguous: both retained; human review needed"
"stomata-sr_mcelwain_1999.xlsx",4,"Jameson Land, Greenland","mcelwain_1999","sr","stomata-sr_mcelwain_1999.xlsx",16,"Jameson Land, Greenland","mcelwain_1999","sr","ambiguous: both retained; human review needed"
"stomata-sr_mcelwain_1999.xlsx",5,"Jameson Land, Greenland","mcelwain_1999","sr","stomata-sr_mcelwain_1999.xlsx",16,"Jameson Land, Greenland","mcelwain_1999","sr","ambiguous: both retained; human review needed"
"stomata-sr_mcelwain_1999.xlsx",7,"Jameson Land, Greenland","mcelwain_1999","sr","stomata-sr_mcelwain_1999.xlsx",16,"Jameson Land, Greenland","mcelwain_1999","sr","ambiguous: both retained; human review needed"
"stomata-sr_mcelwain_1999.xlsx",11,"Jameson Land, Greenland","mcelwain_1999","sr","stomata-sr_mcelwain_1999.xlsx",16,"Jameson Land, Greenland","mcelwain_1999","sr","ambiguous: both retained; human review needed"
"stomata-sr_mcelwain_1999.xlsx",15,"Jameson Land, Greenland","mcelwain_1999","sr","stomata-sr_mcelwain_1999.xlsx",16,"Jameson Land, Greenland","mcelwain_1999","sr","ambiguous: both retained; human review needed"
"stomata-sr_mcelwain_1999.xlsx",4,"Jameson Land, Greenland","mcelwain_1999","sr","stomata-sr_mcelwain_1999.xlsx",17,"Jameson Land, Greenland","mcelwain_1999","sr","ambiguous: both retained; human review needed"
"stomata-sr_mcelwain_1999.xlsx",5,"Jameson Land, Greenland","mcelwain_1999","sr","stomata-sr_mcelwain_1999.xlsx",17,"Jameson Land, Greenland","mcelwain_1999","sr","ambiguous: both retained; human review needed"
"stomata-sr_mcelwain_1999.xlsx",7,"Jameson Land, Greenland","mcelwain_1999","sr","stomata-sr_mcelwain_1999.xlsx",17,"Jameson Land, Greenland","mcelwain_1999","sr","ambiguous: both retained; human review needed"
"stomata-sr_mcelwain_1999.xlsx",11,"Jameson Land, Greenland","mcelwain_1999","sr","stomata-sr_mcelwain_1999.xlsx",17,"Jameson Land, Greenland","mcelwain_1999","sr","ambiguous: both retained; human review needed"
"stomata-sr_mcelwain_1999.xlsx",15,"Jameson Land, Greenland","mcelwain_1999","sr","stomata-sr_mcelwain_1999.xlsx",17,"Jameson Land, Greenland","mcelwain_1999","sr","ambiguous: both retained; human review needed"
"stomata-sr_mcelwain_1999.xlsx",12,"Jameson Land, Greenland","mcelwain_1999","sr","stomata-sr_mcelwain_1999.xlsx",19,"Jameson Land, Greenland","mcelwain_1999","sr","ambiguous: both retained; human review needed"
"stomata-sr_mcelwain_1999.xlsx",16,"Jameson Land, Greenland","mcelwain_1999","sr","stomata-sr_mcelwain_1999.xlsx",19,"Jameson Land, Greenland","mcelwain_1999","sr","ambiguous: both retained; human review needed"
"stomata-sr_mcelwain_1999.xlsx",17,"Jameson Land, Greenland","mcelwain_1999","sr","stomata-sr_mcelwain_1999.xlsx",19,"Jameson Land, Greenland","mcelwain_1999","sr","ambiguous: both retained; human review needed"
"stomata-sr_mcelwain_1999.xlsx",18,"Jameson Land, Greenland","mcelwain_1999","sr","stomata-sr_mcelwain_1999.xlsx",19,"Jameson Land, Greenland","mcelwain_1999","sr","ambiguous: both retained; human review needed"
"stomata-sr_mcelwain_1999.xlsx",15,"Jameson Land, Greenland","mcelwain_1999","sr","stomata-sr_mcelwain_1999.xlsx",20,"Jameson Land, Greenland","mcelwain_1999","sr","ambiguous: both retained; human review needed"
"stomata-sr_mcelwain_1999.xlsx",12,"Jameson Land, Greenland","mcelwain_1999","sr","stomata-sr_mcelwain_1999.xlsx",21,"Jameson Land, Greenland","mcelwain_1999","sr","ambiguous: both retained; human review needed"
"stomata-sr_mcelwain_1999.xlsx",15,"Jameson Land, Greenland","mcelwain_1999","sr","stomata-sr_mcelwain_1999.xlsx",21,"Jameson Land, Greenland","mcelwain_1999","sr","ambiguous: both retained; human review needed"
"stomata-sr_mcelwain_1999.xlsx",16,"Jameson Land, Greenland","mcelwain_1999","sr","stomata-sr_mcelwain_1999.xlsx",21,"Jameson Land, Greenland","mcelwain_1999","sr","ambiguous: both retained; human review needed"
"stomata-sr_mcelwain_1999.xlsx",17,"Jameson Land, Greenland","mcelwain_1999","sr","stomata-sr_mcelwain_1999.xlsx",21,"Jameson Land, Greenland","mcelwain_1999","sr","ambiguous: both retained; human review needed"
"stomata-sr_mcelwain_1999.xlsx",20,"Jameson Land, Greenland","mcelwain_1999","sr","stomata-sr_mcelwain_1999.xlsx",21,"Jameson Land, Greenland","mcelwain_1999","sr","ambiguous: both retained; human review needed"
"stomata-sr_mcelwain_1999.xlsx",12,"Jameson Land, Greenland","mcelwain_1999","sr","stomata-sr_mcelwain_1999.xlsx",23,"Jameson Land, Greenland","mcelwain_1999","sr","ambiguous: both retained; human review needed"
"stomata-sr_mcelwain_1999.xlsx",16,"Jameson Land, Greenland","mcelwain_1999","sr","stomata-sr_mcelwain_1999.xlsx",23,"Jameson Land, Greenland","mcelwain_1999","sr","ambiguous: both retained; human review needed"
"stomata-sr_mcelwain_1999.xlsx",17,"Jameson Land, Greenland","mcelwain_1999","sr","stomata-sr_mcelwain_1999.xlsx",23,"Jameson Land, Greenland","mcelwain_1999","sr","ambiguous: both retained; human review needed"
"stomata-sr_mcelwain_1999.xlsx",22,"Jameson Land, Greenland","mcelwain_1999","sr","stomata-sr_mcelwain_1999.xlsx",23,"Jameson Land, Greenland","mcelwain_1999","sr","ambiguous: both retained; human review needed"
"stomata-sr_mcelwain_1999.xlsx",12,"Jameson Land, Greenland","mcelwain_1999","sr","stomata-sr_mcelwain_1999.xlsx",27,"Jameson Land, Greenland","mcelwain_1999","sr","ambiguous: both retained; human review needed"
"stomata-sr_mcelwain_1999.xlsx",16,"Jameson Land, Greenland","mcelwain_1999","sr","stomata-sr_mcelwain_1999.xlsx",27,"Jameson Land, Greenland","mcelwain_1999","sr","ambiguous: both retained; human review needed"
"stomata-sr_mcelwain_1999.xlsx",17,"Jameson Land, Greenland","mcelwain_1999","sr","stomata-sr_mcelwain_1999.xlsx",27,"Jameson Land, Greenland","mcelwain_1999","sr","ambiguous: both retained; human review needed"
"stomata-sr_mcelwain_1999.xlsx",34,"Scania, Sweden","mcelwain_1999","sr","stomata-sr_mcelwain_1999.xlsx",35,"Scania, Sweden","mcelwain_1999","sr","ambiguous: both retained; human review needed"
"stomata-si_beerling_2002b.xlsx",5,,"beerling_2002b","si","stomata-si_beerling_2002b.xlsx",8,,"beerling_2002b","si","ambiguous: both retained; human review needed"
"stomata-sr_mcelwain_2002.xlsx",22,"Pine Ridge Pond","mcelwain_2002","sr","stomata-sr_mcelwain_2002.xlsx",23,"Pine Ridge Pond","mcelwain_2002","sr","ambiguous: both retained; human review needed"
"stomata-sr_mcelwain_2002.xlsx",22,"Pine Ridge Pond","mcelwain_2002","sr","stomata-sr_mcelwain_2002.xlsx",27,"Pine Ridge Pond","mcelwain_2002","sr","ambiguous: both retained; human review needed"
"stomata-sr_mcelwain_2002.xlsx",23,"Pine Ridge Pond","mcelwain_2002","sr","stomata-sr_mcelwain_2002.xlsx",27,"Pine Ridge Pond","mcelwain_2002","sr","ambiguous: both retained; human review needed"
"stomata-sr_mcelwain_2002.xlsx",21,"Pine Ridge Pond","mcelwain_2002","sr","stomata-sr_mcelwain_2002.xlsx",29,"Pine Ridge Pond","mcelwain_2002","sr","ambiguous: both retained; human review needed"
"stomata-sr_mcelwain_2002.xlsx",34,"Pine Ridge Pond","mcelwain_2002","sr","stomata-sr_mcelwain_2002.xlsx",35,"Pine Ridge Pond","mcelwain_2002","sr","ambiguous: both retained; human review needed"
"stomata-sr_mcelwain_2002.xlsx",22,"Pine Ridge Pond","mcelwain_2002","sr","stomata-sr_mcelwain_2002.xlsx",36,"Pine Ridge Pond","mcelwain_2002","sr","ambiguous: both retained; human review needed"
"stomata-sr_mcelwain_2002.xlsx",23,"Pine Ridge Pond","mcelwain_2002","sr","stomata-sr_mcelwain_2002.xlsx",36,"Pine Ridge Pond","mcelwain_2002","sr","ambiguous: both retained; human review needed"
"stomata-sr_mcelwain_2002.xlsx",27,"Pine Ridge Pond","mcelwain_2002","sr","stomata-sr_mcelwain_2002.xlsx",36,"Pine Ridge Pond","mcelwain_2002","sr","ambiguous: both retained; human review needed"
"stomata-sr_mcelwain_2002.xlsx",43,"Splan Pond","mcelwain_2002","sr","stomata-sr_mcelwain_2002.xlsx",49,"Splan Pond","mcelwain_2002","sr","ambiguous: both retained; human review needed"
"stomata-sr_haworth_2005.xlsx",4,"SW England --early Hauterivian","haworth_2005","sr","stomata-sr_haworth_2005.xlsx",13,"SW England --early Hauterivian","haworth_2005","sr","record 1 retained; record 2 removed/merged"
"stomata-sr_haworth_2005.xlsx",5,"SW England --late Hauterivian","haworth_2005","sr","stomata-sr_haworth_2005.xlsx",14,"SW England --late Hauterivian","haworth_2005","sr","record 1 retained; record 2 removed/merged"
"stomata-sr_haworth_2005.xlsx",6,"SW England --early Barremian","haworth_2005","sr","stomata-sr_haworth_2005.xlsx",15,"SW England --early Barremian","haworth_2005","sr","record 1 retained; record 2 removed/merged"
"stomata-sr_haworth_2005.xlsx",7,"SW England --late Barremian","haworth_2005","sr","stomata-sr_haworth_2005.xlsx",16,"SW England --late Barremian","haworth_2005","sr","record 1 retained; record 2 removed/merged"
"stomata-sr_haworth_2005.xlsx",8,"Dutch Gap --early Aptian","haworth_2005","sr","stomata-sr_haworth_2005.xlsx",17,"Dutch Gap --early Aptian","haworth_2005","sr","record 1 retained; record 2 removed/merged"
"stomata-sr_haworth_2005.xlsx",9,"West Walpen Chine--mid Aptian","haworth_2005","sr","stomata-sr_haworth_2005.xlsx",18,"West Walpen Chine--mid Aptian","haworth_2005","sr","record 1 retained; record 2 removed/merged"
"stomata-sr_haworth_2005.xlsx",10,"Drewrys Bluff --mid-late Aptian","haworth_2005","sr","stomata-sr_haworth_2005.xlsx",19,"Drewrys Bluff --mid-late Aptian","haworth_2005","sr","record 1 retained; record 2 removed/merged"
"stomata-sr_haworth_2005.xlsx",11,"Puddledock --early-mid Albian","haworth_2005","sr","stomata-sr_haworth_2005.xlsx",20,"Puddledock --early-mid Albian","haworth_2005","sr","record 1 retained; record 2 removed/merged"
"stomata-sr_haworth_2005.xlsx",12,"West Brothers --late Albian","haworth_2005","sr","stomata-sr_haworth_2005.xlsx",21,"West Brothers --late Albian","haworth_2005","sr","record 1 retained; record 2 removed/merged"
"stomata-franks_richey_2018.xlsx",4,"2012-53-SAM1","richey_2018","franks","stomata-franks_richey_2018.xlsx",20,"2012-53-SAM1","richey_2018","franks","record 1 retained; record 2 removed/merged"
"stomata-franks_richey_2018.xlsx",5,"2012-53-SAM4","richey_2018","franks","stomata-franks_richey_2018.xlsx",21,"2012-53-SAM4","richey_2018","franks","record 1 retained; record 2 removed/merged"
"stomata-franks_richey_2018.xlsx",6,"2012-53-SAM5","richey_2018","franks","stomata-franks_richey_2018.xlsx",22,"2012-53-SAM5","richey_2018","franks","record 1 retained; record 2 removed/merged"
"stomata-franks_richey_2018.xlsx",7,"2012-53-SAM6","richey_2018","franks","stomata-franks_richey_2018.xlsx",23,"2012-53-SAM6","richey_2018","franks","record 1 retained; record 2 removed/merged"
"stomata-franks_richey_2018.xlsx",8,"2012-53-SAM9","richey_2018","franks","stomata-franks_richey_2018.xlsx",24,"2012-53-SAM9","richey_2018","franks","record 1 retained; record 2 removed/merged"
"stomata-franks_richey_2018.xlsx",9,"2012-53-SAM10","richey_2018","franks","stomata-franks_richey_2018.xlsx",25,"2012-53-SAM10","richey_2018","franks","record 1 retained; record 2 removed/merged"
"stomata-franks_richey_2018.xlsx",10,"2012-53-SAM14","richey_2018","franks","stomata-franks_richey_2018.xlsx",26,"2012-53-SAM14","richey_2018","franks","record 1 retained; record 2 removed/merged"
"stomata-franks_richey_2018.xlsx",11,"2012-53-SAM15","richey_2018","franks","stomata-franks_richey_2018.xlsx",27,"2012-53-SAM15","richey_2018","franks","record 1 retained; record 2 removed/merged"
"stomata-franks_richey_2018.xlsx",12,"2012-53-SAM1","richey_2018","franks","stomata-franks_richey_2018.xlsx",28,"2012-53-SAM1","richey_2018","franks","record 1 retained; record 2 removed/merged"
"stomata-franks_richey_2018.xlsx",13,"2012-53-SAM4","richey_2018","franks","stomata-franks_richey_2018.xlsx",29,"2012-53-SAM4","richey_2018","franks","record 1 retained; record 2 removed/merged"
"stomata-franks_richey_2018.xlsx",14,"2012-53-SAM5","richey_2018","franks","stomata-franks_richey_2018.xlsx",30,"2012-53-SAM5","richey_2018","franks","record 1 retained; record 2 removed/merged"
"stomata-franks_richey_2018.xlsx",15,"2012-53-SAM6","richey_2018","franks","stomata-franks_richey_2018.xlsx",31,"2012-53-SAM6","richey_2018","franks","record 1 retained; record 2 removed/merged"
"stomata-franks_richey_2018.xlsx",16,"2012-53-SAM9","richey_2018","franks","stomata-franks_richey_2018.xlsx",32,"2012-53-SAM9","richey_2018","franks","record 1 retained; record 2 removed/merged"
"stomata-franks_richey_2018.xlsx",17,"2012-53-SAM10","richey_2018","franks","stomata-franks_richey_2018.xlsx",33,"2012-53-SAM10","richey_2018","franks","record 1 retained; record 2 removed/merged"
"stomata-franks_richey_2018.xlsx",18,"2012-53-SAM14","richey_2018","franks","stomata-franks_richey_2018.xlsx",34,"2012-53-SAM14","richey_2018","franks","record 1 retained; record 2 removed/merged"
"stomata-franks_richey_2018.xlsx",19,"2012-53-SAM15","richey_2018","franks","stomata-franks_richey_2018.xlsx",35,"2012-53-SAM15","richey_2018","franks","record 1 retained; record 2 removed/merged"
"stomata-franks_richey_2018.xlsx",36,"2012-53-SAM1","richey_2018","franks","stomata-franks_richey_2018.xlsx",52,"2012-53-SAM1","richey_2018","franks","record 1 retained; record 2 removed/merged"
"stomata-franks_richey_2018.xlsx",37,"2012-53-SAM4","richey_2018","franks","stomata-franks_richey_2018.xlsx",53,"2012-53-SAM4","richey_2018","franks","record 1 retained; record 2 removed/merged"
"stomata-franks_richey_2018.xlsx",38,"2012-53-SAM5","richey_2018","franks","stomata-franks_richey_2018.xlsx",54,"2012-53-SAM5","richey_2018","franks","record 1 retained; record 2 removed/merged"
"stomata-franks_richey_2018.xlsx",39,"2012-53-SAM6","richey_2018","franks","stomata-franks_richey_2018.xlsx",55,"2012-53-SAM6","richey_2018","franks","record 1 retained; record 2 removed/merged"
"stomata-franks_richey_2018.xlsx",40,"2012-53-SAM9","richey_2018","franks","stomata-franks_richey_2018.xlsx",56,"2012-53-SAM9","richey_2018","franks","record 1 retained; record 2 removed/merged"
"stomata-franks_richey_2018.xlsx",41,"2012-53-SAM10","richey_2018","franks","stomata-franks_richey_2018.xlsx",57,"2012-53-SAM10","richey_2018","franks","record 1 retained; record 2 removed/merged"
"stomata-franks_richey_2018.xlsx",42,"2012-53-SAM14","richey_2018","franks","stomata-franks_richey_2018.xlsx",58,"2012-53-SAM14","richey_2018","franks","record 1 retained; record 2 removed/merged"
"stomata-franks_richey_2018.xlsx",43,"2012-53-SAM15","richey_2018","franks","stomata-franks_richey_2018.xlsx",59,"2012-53-SAM15","richey_2018","franks","record 1 retained; record 2 removed/merged"
"stomata-franks_richey_2018.xlsx",44,"2012-53-SAM1","richey_2018","franks","stomata-franks_richey_2018.xlsx",60,"2012-53-SAM1","richey_2018","franks","record 1 retained; record 2 removed/merged"
"stomata-franks_richey_2018.xlsx",45,"2012-53-SAM4","richey_2018","franks","stomata-franks_richey_2018.xlsx",61,"2012-53-SAM4","richey_2018","franks","record 1 retained; record 2 removed/merged"
"stomata-franks_richey_2018.xlsx",46,"2012-53-SAM5","richey_2018","franks","stomata-franks_richey_2018.xlsx",62,"2012-53-SAM5","richey_2018","franks","record 1 retained; record 2 removed/merged"
"stomata-franks_richey_2018.xlsx",47,"2012-53-SAM6","richey_2018","franks","stomata-franks_richey_2018.xlsx",63,"2012-53-SAM6","richey_2018","franks","record 1 retained; record 2 removed/merged"
"stomata-franks_richey_2018.xlsx",48,"2012-53-SAM9","richey_2018","franks","stomata-franks_richey_2018.xlsx",64,"2012-53-SAM9","richey_2018","franks","record 1 retained; record 2 removed/merged"
"stomata-franks_richey_2018.xlsx",49,"2012-53-SAM10","richey_2018","franks","stomata-franks_richey_2018.xlsx",65,"2012-53-SAM10","richey_2018","franks","record 1 retained; record 2 removed/merged"
"stomata-franks_richey_2018.xlsx",50,"2012-53-SAM14","richey_2018","franks","stomata-franks_richey_2018.xlsx",66,"2012-53-SAM14","richey_2018","franks","record 1 retained; record 2 removed/merged"
"stomata-franks_richey_2018.xlsx",51,"2012-53-SAM15","richey_2018","franks","stomata-franks_richey_2018.xlsx",67,"2012-53-SAM15","richey_2018","franks","record 1 retained; record 2 removed/merged"
"stomata-franks_richey_2018.xlsx",36,"2012-53-SAM1","richey_2018","franks","stomata-franks_richey_2018.xlsx",68,"2012-53-SAM1","richey_2018","franks","ambiguous: both retained; human review needed"
"stomata-franks_richey_2018.xlsx",37,"2012-53-SAM4","richey_2018","franks","stomata-franks_richey_2018.xlsx",69,"2012-53-SAM4","richey_2018","franks","ambiguous: both retained; human review needed"
"stomata-franks_richey_2018.xlsx",38,"2012-53-SAM5","richey_2018","franks","stomata-franks_richey_2018.xlsx",70,"2012-53-SAM5","richey_2018","franks","ambiguous: both retained; human review needed"
"stomata-franks_richey_2018.xlsx",39,"2012-53-SAM6","richey_2018","franks","stomata-franks_richey_2018.xlsx",71,"2012-53-SAM6","richey_2018","franks","ambiguous: both retained; human review needed"
"stomata-franks_richey_2018.xlsx",40,"2012-53-SAM9","richey_2018","franks","stomata-franks_richey_2018.xlsx",72,"2012-53-SAM9","richey_2018","franks","ambiguous: both retained; human review needed"
"stomata-franks_richey_2018.xlsx",41,"2012-53-SAM10","richey_2018","franks","stomata-franks_richey_2018.xlsx",73,"2012-53-SAM10","richey_2018","franks","ambiguous: both retained; human review needed"
"stomata-franks_richey_2018.xlsx",42,"2012-53-SAM14","richey_2018","franks","stomata-franks_richey_2018.xlsx",74,"2012-53-SAM14","richey_2018","franks","ambiguous: both retained; human review needed"
"stomata-franks_richey_2018.xlsx",43,"2012-53-SAM15","richey_2018","franks","stomata-franks_richey_2018.xlsx",75,"2012-53-SAM15","richey_2018","franks","ambiguous: both retained; human review needed"
"stomata-franks_richey_2018.xlsx",44,"2012-53-SAM1","richey_2018","franks","stomata-franks_richey_2018.xlsx",76,"2012-53-SAM1","richey_2018","franks","ambiguous: both retained; human review needed"
"stomata-franks_richey_2018.xlsx",45,"2012-53-SAM4","richey_2018","franks","stomata-franks_richey_2018.xlsx",77,"2012-53-SAM4","richey_2018","franks","ambiguous: both retained; human review needed"
"stomata-franks_richey_2018.xlsx",46,"2012-53-SAM5","richey_2018","franks","stomata-franks_richey_2018.xlsx",78,"2012-53-SAM5","richey_2018","franks","ambiguous: both retained; human review needed"
"stomata-franks_richey_2018.xlsx",47,"2012-53-SAM6","richey_2018","franks","stomata-franks_richey_2018.xlsx",79,"2012-53-SAM6","richey_2018","franks","ambiguous: both retained; human review needed"
"stomata-franks_richey_2018.xlsx",48,"2012-53-SAM9","richey_2018","franks","stomata-franks_richey_2018.xlsx",80,"2012-53-SAM9","richey_2018","franks","ambiguous: both retained; human review needed"
"stomata-franks_richey_2018.xlsx",49,"2012-53-SAM10","richey_2018","franks","stomata-franks_richey_2018.xlsx",81,"2012-53-SAM10","richey_2018","franks","ambiguous: both retained; human review needed"
"stomata-franks_richey_2018.xlsx",50,"2012-53-SAM14","richey_2018","franks","stomata-franks_richey_2018.xlsx",82,"2012-53-SAM14","richey_2018","franks","ambiguous: both retained; human review needed"
"stomata-franks_richey_2018.xlsx",51,"2012-53-SAM15","richey_2018","franks","stomata-franks_richey_2018.xlsx",83,"2012-53-SAM15","richey_2018","franks","ambiguous: both retained; human review needed"
"stomata-franks_richey_2018.xlsx",36,"2012-53-SAM1","richey_2018","franks","stomata-franks_richey_2018.xlsx",84,"2012-53-SAM1","richey_2018","franks","ambiguous: both retained; human review needed"
"stomata-franks_richey_2018.xlsx",68,"2012-53-SAM1","richey_2018","franks","stomata-franks_richey_2018.xlsx",84,"2012-53-SAM1","richey_2018","franks","ambiguous: both retained; human review needed"
"stomata-franks_richey_2018.xlsx",37,"2012-53-SAM4","richey_2018","franks","stomata-franks_richey_2018.xlsx",85,"2012-53-SAM4","richey_2018","franks","ambiguous: both retained; human review needed"
"stomata-franks_richey_2018.xlsx",69,"2012-53-SAM4","richey_2018","franks","stomata-franks_richey_2018.xlsx",85,"2012-53-SAM4","richey_2018","franks","ambiguous: both retained; human review needed"
"stomata-franks_richey_2018.xlsx",38,"2012-53-SAM5","richey_2018","franks","stomata-franks_richey_2018.xlsx",86,"2012-53-SAM5","richey_2018","franks","ambiguous: both retained; human review needed"
"stomata-franks_richey_2018.xlsx",70,"2012-53-SAM5","richey_2018","franks","stomata-franks_richey_2018.xlsx",86,"2012-53-SAM5","richey_2018","franks","ambiguous: both retained; human review needed"
"stomata-franks_richey_2018.xlsx",39,"2012-53-SAM6","richey_2018","franks","stomata-franks_richey_2018.xlsx",87,"2012-53-SAM6","richey_2018","franks","ambiguous: both retained; human review needed"
"stomata-franks_richey_2018.xlsx",71,"2012-53-SAM6","richey_2018","franks","stomata-franks_richey_2018.xlsx",87,"2012-53-SAM6","richey_2018","franks","ambiguous: both retained; human review needed"
"stomata-franks_richey_2018.xlsx",40,"2012-53-SAM9","richey_2018","franks","stomata-franks_richey_2018.xlsx",88,"2012-53-SAM9","richey_2018","franks","ambiguous: both retained; human review needed"
"stomata-franks_richey_2018.xlsx",72,"2012-53-SAM9","richey_2018","franks","stomata-franks_richey_2018.xlsx",88,"2012-53-SAM9","richey_2018","franks","ambiguous: both retained; human review needed"
"stomata-franks_richey_2018.xlsx",41,"2012-53-SAM10","richey_2018","franks","stomata-franks_richey_2018.xlsx",89,"2012-53-SAM10","richey_2018","franks","ambiguous: both retained; human review needed"
"stomata-franks_richey_2018.xlsx",73,"2012-53-SAM10","richey_2018","franks","stomata-franks_richey_2018.xlsx",89,"2012-53-SAM10","richey_2018","franks","ambiguous: both retained; human review needed"
"stomata-franks_richey_2018.xlsx",42,"2012-53-SAM14","richey_2018","franks","stomata-franks_richey_2018.xlsx",90,"2012-53-SAM14","richey_2018","franks","ambiguous: both retained; human review needed"
"stomata-franks_richey_2018.xlsx",74,"2012-53-SAM14","richey_2018","franks","stomata-franks_richey_2018.xlsx",90,"2012-53-SAM14","richey_2018","franks","ambiguous: both retained; human review needed"
"stomata-franks_richey_2018.xlsx",43,"2012-53-SAM15","richey_2018","franks","stomata-franks_richey_2018.xlsx",91,"2012-53-SAM15","richey_2018","franks","ambiguous: both retained; human review needed"
"stomata-franks_richey_2018.xlsx",75,"2012-53-SAM15","richey_2018","franks","stomata-franks_richey_2018.xlsx",91,"2012-53-SAM15","richey_2018","franks","ambiguous: both retained; human review needed"
"stomata-franks_richey_2018.xlsx",44,"2012-53-SAM1","richey_2018","franks","stomata-franks_richey_2018.xlsx",92,"2012-53-SAM1","richey_2018","franks","ambiguous: both retained; human review needed"
"stomata-franks_richey_2018.xlsx",76,"2012-53-SAM1","richey_2018","franks","stomata-franks_richey_2018.xlsx",92,"2012-53-SAM1","richey_2018","franks","ambiguous: both retained; human review needed"
"stomata-franks_richey_2018.xlsx",45,"2012-53-SAM4","richey_2018","franks","stomata-franks_richey_2018.xlsx",93,"2012-53-SAM4","richey_2018","franks","ambiguous: both retained; human review needed"
"stomata-franks_richey_2018.xlsx",77,"2012-53-SAM4","richey_2018","franks","stomata-franks_richey_2018.xlsx",93,"2012-53-SAM4","richey_2018","franks","ambiguous: both retained; human review needed"
"stomata-franks_richey_2018.xlsx",46,"2012-53-SAM5","richey_2018","franks","stomata-franks_richey_2018.xlsx",94,"2012-53-SAM5","richey_2018","franks","ambiguous: both retained; human review needed"
"stomata-franks_richey_2018.xlsx",78,"2012-53-SAM5","richey_2018","franks","stomata-franks_richey_2018.xlsx",94,"2012-53-SAM5","richey_2018","franks","ambiguous: both retained; human review needed"
"stomata-franks_richey_2018.xlsx",47,"2012-53-SAM6","richey_2018","franks","stomata-franks_richey_2018.xlsx",95,"2012-53-SAM6","richey_2018","franks","ambiguous: both retained; human review needed"
"stomata-franks_richey_2018.xlsx",79,"2012-53-SAM6","richey_2018","franks","stomata-franks_richey_2018.xlsx",95,"2012-53-SAM6","richey_2018","franks","ambiguous: both retained; human review needed"
"stomata-franks_richey_2018.xlsx",48,"2012-53-SAM9","richey_2018","franks","stomata-franks_richey_2018.xlsx",96,"2012-53-SAM9","richey_2018","franks","ambiguous: both retained; human review needed"
"stomata-franks_richey_2018.xlsx",80,"2012-53-SAM9","richey_2018","franks","stomata-franks_richey_2018.xlsx",96,"2012-53-SAM9","richey_2018","franks","ambiguous: both retained; human review needed"
"stomata-franks_richey_2018.xlsx",49,"2012-53-SAM10","richey_2018","franks","stomata-franks_richey_2018.xlsx",97,"2012-53-SAM10","richey_2018","franks","ambiguous: both retained; human review needed"
"stomata-franks_richey_2018.xlsx",81,"2012-53-SAM10","richey_2018","franks","stomata-franks_richey_2018.xlsx",97,"2012-53-SAM10","richey_2018","franks","ambiguous: both retained; human review needed"
"stomata-franks_richey_2018.xlsx",50,"2012-53-SAM14","richey_2018","franks","stomata-franks_richey_2018.xlsx",98,"2012-53-SAM14","richey_2018","franks","ambiguous: both retained; human review needed"
"stomata-franks_richey_2018.xlsx",82,"2012-53-SAM14","richey_2018","franks","stomata-franks_richey_2018.xlsx",98,"2012-53-SAM14","richey_2018","franks","ambiguous: both retained; human review needed"
"stomata-franks_richey_2018.xlsx",51,"2012-53-SAM15","richey_2018","franks","stomata-franks_richey_2018.xlsx",99,"2012-53-SAM15","richey_2018","franks","ambiguous: both retained; human review needed"
"stomata-franks_richey_2018.xlsx",83,"2012-53-SAM15","richey_2018","franks","stomata-franks_richey_2018.xlsx",99,"2012-53-SAM15","richey_2018","franks","ambiguous: both retained; human review needed"
"stomata-franks_richey_2018.xlsx",4,"2012-53-SAM1","richey_2018","franks","stomata-franks_richey_2018.xlsx",100,"2012-53-SAM1","richey_2018","franks","ambiguous: both retained; human review needed"
"stomata-franks_richey_2018.xlsx",5,"2012-53-SAM4","richey_2018","franks","stomata-franks_richey_2018.xlsx",101,"2012-53-SAM4","richey_2018","franks","ambiguous: both retained; human review needed"
"stomata-franks_richey_2018.xlsx",6,"2012-53-SAM5","richey_2018","franks","stomata-franks_richey_2018.xlsx",102,"2012-53-SAM5","richey_2018","franks","ambiguous: both retained; human review needed"
"stomata-franks_richey_2018.xlsx",7,"2012-53-SAM6","richey_2018","franks","stomata-franks_richey_2018.xlsx",103,"2012-53-SAM6","richey_2018","franks","ambiguous: both retained; human review needed"
"stomata-franks_richey_2018.xlsx",8,"2012-53-SAM9","richey_2018","franks","stomata-franks_richey_2018.xlsx",104,"2012-53-SAM9","richey_2018","franks","ambiguous: both retained; human review needed"
"stomata-franks_richey_2018.xlsx",9,"2012-53-SAM10","richey_2018","franks","stomata-franks_richey_2018.xlsx",105,"2012-53-SAM10","richey_2018","franks","ambiguous: both retained; human review needed"
"stomata-franks_richey_2018.xlsx",10,"2012-53-SAM14","richey_2018","franks","stomata-franks_richey_2018.xlsx",106,"2012-53-SAM14","richey_2018","franks","ambiguous: both retained; human review needed"
"stomata-franks_richey_2018.xlsx",11,"2012-53-SAM15","richey_2018","franks","stomata-franks_richey_2018.xlsx",107,"2012-53-SAM15","richey_2018","franks","ambiguous: both retained; human review needed"
"stomata-franks_richey_2018.xlsx",12,"2012-53-SAM1","richey_2018","franks","stomata-franks_richey_2018.xlsx",108,"2012-53-SAM1","richey_2018","franks","ambiguous: both retained; human review needed"
"stomata-franks_richey_2018.xlsx",13,"2012-53-SAM4","richey_2018","franks","stomata-franks_richey_2018.xlsx",109,"2012-53-SAM4","richey_2018","franks","ambiguous: both retained; human review needed"
"stomata-franks_richey_2018.xlsx",14,"2012-53-SAM5","richey_2018","franks","stomata-franks_richey_2018.xlsx",110,"2012-53-SAM5","richey_2018","franks","ambiguous: both retained; human review needed"
"stomata-franks_richey_2018.xlsx",15,"2012-53-SAM6","richey_2018","franks","stomata-franks_richey_2018.xlsx",111,"2012-53-SAM6","richey_2018","franks","ambiguous: both retained; human review needed"
"stomata-franks_richey_2018.xlsx",16,"2012-53-SAM9","richey_2018","franks","stomata-franks_richey_2018.xlsx",112,"2012-53-SAM9","richey_2018","franks","ambiguous: both retained; human review needed"
"stomata-franks_richey_2018.xlsx",17,"2012-53-SAM10","richey_2018","franks","stomata-franks_richey_2018.xlsx",113,"2012-53-SAM10","richey_2018","franks","ambiguous: both retained; human review needed"
"stomata-franks_richey_2018.xlsx",18,"2012-53-SAM14","richey_2018","franks","stomata-franks_richey_2018.xlsx",114,"2012-53-SAM14","richey_2018","franks","ambiguous: both retained; human review needed"
"stomata-franks_richey_2018.xlsx",19,"2012-53-SAM15","richey_2018","franks","stomata-franks_richey_2018.xlsx",115,"2012-53-SAM15","richey_2018","franks","ambiguous: both retained; human review needed"
"stomata-franks_richey_2018.xlsx",4,"2012-53-SAM1","richey_2018","franks","stomata-franks_richey_2018.xlsx",116,"2012-53-SAM1","richey_2018","franks","ambiguous: both retained; human review needed"
"stomata-franks_richey_2018.xlsx",100,"2012-53-SAM1","richey_2018","franks","stomata-franks_richey_2018.xlsx",116,"2012-53-SAM1","richey_2018","franks","ambiguous: both retained; human review needed"
"stomata-franks_richey_2018.xlsx",5,"2012-53-SAM4","richey_2018","franks","stomata-franks_richey_2018.xlsx",117,"2012-53-SAM4","richey_2018","franks","ambiguous: both retained; human review needed"
"stomata-franks_richey_2018.xlsx",101,"2012-53-SAM4","richey_2018","franks","stomata-franks_richey_2018.xlsx",117,"2012-53-SAM4","richey_2018","franks","ambiguous: both retained; human review needed"
"stomata-franks_richey_2018.xlsx",6,"2012-53-SAM5","richey_2018","franks","stomata-franks_richey_2018.xlsx",118,"2012-53-SAM5","richey_2018","franks","ambiguous: both retained; human review needed"
"stomata-franks_richey_2018.xlsx",102,"2012-53-SAM5","richey_2018","franks","stomata-franks_richey_2018.xlsx",118,"2012-53-SAM5","richey_2018","franks","ambiguous: both retained; human review needed"
"stomata-franks_richey_2018.xlsx",7,"2012-53-SAM6","richey_2018","franks","stomata-franks_richey_2018.xlsx",119,"2012-53-SAM6","richey_2018","franks","ambiguous: both retained; human review needed"
"stomata-franks_richey_2018.xlsx",103,"2012-53-SAM6","richey_2018","franks","stomata-franks_richey_2018.xlsx",119,"2012-53-SAM6","richey_2018","franks","ambiguous: both retained; human review needed"
"stomata-franks_richey_2018.xlsx",8,"2012-53-SAM9","richey_2018","franks","stomata-franks_richey_2018.xlsx",120,"2012-53-SAM9","richey_2018","franks","ambiguous: both retained; human review needed"
"stomata-franks_richey_2018.xlsx",104,"2012-53-SAM9","richey_2018","franks","stomata-franks_richey_2018.xlsx",120,"2012-53-SAM9","richey_2018","franks","ambiguous: both retained; human review needed"
"stomata-franks_richey_2018.xlsx",9,"2012-53-SAM10","richey_2018","franks","stomata-franks_richey_2018.xlsx",121,"2012-53-SAM10","richey_2018","franks","ambiguous: both retained; human review needed"
"stomata-franks_richey_2018.xlsx",105,"2012-53-SAM10","richey_2018","franks","stomata-franks_richey_2018.xlsx",121,"2012-53-SAM10","richey_2018","franks","ambiguous: both retained; human review needed"
"stomata-franks_richey_2018.xlsx",10,"2012-53-SAM14","richey_2018","franks","stomata-franks_richey_2018.xlsx",122,"2012-53-SAM14","richey_2018","franks","ambiguous: both retained; human review needed"
"stomata-franks_richey_2018.xlsx",106,"2012-53-SAM14","richey_2018","franks","stomata-franks_richey_2018.xlsx",122,"2012-53-SAM14","richey_2018","franks","ambiguous: both retained; human review needed"
"stomata-franks_richey_2018.xlsx",11,"2012-53-SAM15","richey_2018","franks","stomata-franks_richey_2018.xlsx",123,"2012-53-SAM15","richey_2018","franks","ambiguous: both retained; human review needed"
"stomata-franks_richey_2018.xlsx",107,"2012-53-SAM15","richey_2018","franks","stomata-franks_richey_2018.xlsx",123,"2012-53-SAM15","richey_2018","franks","ambiguous: both retained; human review needed"
"stomata-franks_richey_2018.xlsx",12,"2012-53-SAM1","richey_2018","franks","stomata-franks_richey_2018.xlsx",124,"2012-53-SAM1","richey_2018","franks","ambiguous: both retained; human review needed"
"stomata-franks_richey_2018.xlsx",108,"2012-53-SAM1","richey_2018","franks","stomata-franks_richey_2018.xlsx",124,"2012-53-SAM1","richey_2018","franks","ambiguous: both retained; human review needed"
"stomata-franks_richey_2018.xlsx",13,"2012-53-SAM4","richey_2018","franks","stomata-franks_richey_2018.xlsx",125,"2012-53-SAM4","richey_2018","franks","ambiguous: both retained; human review needed"
"stomata-franks_richey_2018.xlsx",109,"2012-53-SAM4","richey_2018","franks","stomata-franks_richey_2018.xlsx",125,"2012-53-SAM4","richey_2018","franks","ambiguous: both retained; human review needed"
"stomata-franks_richey_2018.xlsx",14,"2012-53-SAM5","richey_2018","franks","stomata-franks_richey_2018.xlsx",126,"2012-53-SAM5","richey_2018","franks","ambiguous: both retained; human review needed"
"stomata-franks_richey_2018.xlsx",110,"2012-53-SAM5","richey_2018","franks","stomata-franks_richey_2018.xlsx",126,"2012-53-SAM5","richey_2018","franks","ambiguous: both retained; human review needed"
"stomata-franks_richey_2018.xlsx",15,"2012-53-SAM6","richey_2018","franks","stomata-franks_richey_2018.xlsx",127,"2012-53-SAM6","richey_2018","franks","ambiguous: both retained; human review needed"
"stomata-franks_richey_2018.xlsx",111,"2012-53-SAM6","richey_2018","franks","stomata-franks_richey_2018.xlsx",127,"2012-53-SAM6","richey_2018","franks","ambiguous: both retained; human review needed"
"stomata-franks_richey_2018.xlsx",16,"2012-53-SAM9","richey_2018","franks","stomata-franks_richey_2018.xlsx",128,"2012-53-SAM9","richey_2018","franks","ambiguous: both retained; human review needed"
"stomata-franks_richey_2018.xlsx",112,"2012-53-SAM9","richey_2018","franks","stomata-franks_richey_2018.xlsx",128,"2012-53-SAM9","richey_2018","franks","ambiguous: both retained; human review needed"
"stomata-franks_richey_2018.xlsx",17,"2012-53-SAM10","richey_2018","franks","stomata-franks_richey_2018.xlsx",129,"2012-53-SAM10","richey_2018","franks","ambiguous: both retained; human review needed"
"stomata-franks_richey_2018.xlsx",113,"2012-53-SAM10","richey_2018","franks","stomata-franks_richey_2018.xlsx",129,"2012-53-SAM10","richey_2018","franks","ambiguous: both retained; human review needed"
"stomata-franks_richey_2018.xlsx",18,"2012-53-SAM14","richey_2018","franks","stomata-franks_richey_2018.xlsx",130,"2012-53-SAM14","richey_2018","franks","ambiguous: both retained; human review needed"
"stomata-franks_richey_2018.xlsx",114,"2012-53-SAM14","richey_2018","franks","stomata-franks_richey_2018.xlsx",130,"2012-53-SAM14","richey_2018","franks","ambiguous: both retained; human review needed"
"stomata-franks_richey_2018.xlsx",19,"2012-53-SAM15","richey_2018","franks","stomata-franks_richey_2018.xlsx",131,"2012-53-SAM15","richey_2018","franks","ambiguous: both retained; human review needed"
"stomata-franks_richey_2018.xlsx",115,"2012-53-SAM15","richey_2018","franks","stomata-franks_richey_2018.xlsx",131,"2012-53-SAM15","richey_2018","franks","ambiguous: both retained; human review needed"
"stomata-franks_richey_2018.xlsx",36,"2012-53-SAM1","richey_2018","franks","stomata-franks_richey_2018.xlsx",132,"2012-53-SAM1","richey_2018","franks","ambiguous: both retained; human review needed"
"stomata-franks_richey_2018.xlsx",68,"2012-53-SAM1","richey_2018","franks","stomata-franks_richey_2018.xlsx",132,"2012-53-SAM1","richey_2018","franks","ambiguous: both retained; human review needed"
"stomata-franks_richey_2018.xlsx",84,"2012-53-SAM1","richey_2018","franks","stomata-franks_richey_2018.xlsx",132,"2012-53-SAM1","richey_2018","franks","ambiguous: both retained; human review needed"
"stomata-franks_richey_2018.xlsx",37,"2012-53-SAM4","richey_2018","franks","stomata-franks_richey_2018.xlsx",133,"2012-53-SAM4","richey_2018","franks","ambiguous: both retained; human review needed"
"stomata-franks_richey_2018.xlsx",69,"2012-53-SAM4","richey_2018","franks","stomata-franks_richey_2018.xlsx",133,"2012-53-SAM4","richey_2018","franks","ambiguous: both retained; human review needed"
"stomata-franks_richey_2018.xlsx",85,"2012-53-SAM4","richey_2018","franks","stomata-franks_richey_2018.xlsx",133,"2012-53-SAM4","richey_2018","franks","ambiguous: both retained; human review needed"
"stomata-franks_richey_2018.xlsx",38,"2012-53-SAM5","richey_2018","franks","stomata-franks_richey_2018.xlsx",134,"2012-53-SAM5","richey_2018","franks","ambiguous: both retained; human review needed"
"stomata-franks_richey_2018.xlsx",70,"2012-53-SAM5","richey_2018","franks","stomata-franks_richey_2018.xlsx",134,"2012-53-SAM5","richey_2018","franks","ambiguous: both retained; human review needed"
"stomata-franks_richey_2018.xlsx",86,"2012-53-SAM5","richey_2018","franks","stomata-franks_richey_2018.xlsx",134,"2012-53-SAM5","richey_2018","franks","ambiguous: both retained; human review needed"
"stomata-franks_richey_2018.xlsx",39,"2012-53-SAM6","richey_2018","franks","stomata-franks_richey_2018.xlsx",135,"2012-53-SAM6","richey_2018","franks","ambiguous: both retained; human review needed"
"stomata-franks_richey_2018.xlsx",71,"2012-53-SAM6","richey_2018","franks","stomata-franks_richey_2018.xlsx",135,"2012-53-SAM6","richey_2018","franks","ambiguous: both retained; human review needed"
"stomata-franks_richey_2018.xlsx",87,"2012-53-SAM6","richey_2018","franks","stomata-franks_richey_2018.xlsx",135,"2012-53-SAM6","richey_2018","franks","ambiguous: both retained; human review needed"
"stomata-franks_richey_2018.xlsx",40,"2012-53-SAM9","richey_2018","franks","stomata-franks_richey_2018.xlsx",136,"2012-53-SAM9","richey_2018","franks","ambiguous: both retained; human review needed"
"stomata-franks_richey_2018.xlsx",72,"2012-53-SAM9","richey_2018","franks","stomata-franks_richey_2018.xlsx",136,"2012-53-SAM9","richey_2018","franks","ambiguous: both retained; human review needed"
"stomata-franks_richey_2018.xlsx",88,"2012-53-SAM9","richey_2018","franks","stomata-franks_richey_2018.xlsx",136,"2012-53-SAM9","richey_2018","franks","ambiguous: both retained; human review needed"
"stomata-franks_richey_2018.xlsx",41,"2012-53-SAM10","richey_2018","franks","stomata-franks_richey_2018.xlsx",137,"2012-53-SAM10","richey_2018","franks","ambiguous: both retained; human review needed"
"stomata-franks_richey_2018.xlsx",73,"2012-53-SAM10","richey_2018","franks","stomata-franks_richey_2018.xlsx",137,"2012-53-SAM10","richey_2018","franks","ambiguous: both retained; human review needed"
"stomata-franks_richey_2018.xlsx",89,"2012-53-SAM10","richey_2018","franks","stomata-franks_richey_2018.xlsx",137,"2012-53-SAM10","richey_2018","franks","ambiguous: both retained; human review needed"
"stomata-franks_richey_2018.xlsx",42,"2012-53-SAM14","richey_2018","franks","stomata-franks_richey_2018.xlsx",138,"2012-53-SAM14","richey_2018","franks","ambiguous: both retained; human review needed"
"stomata-franks_richey_2018.xlsx",74,"2012-53-SAM14","richey_2018","franks","stomata-franks_richey_2018.xlsx",138,"2012-53-SAM14","richey_2018","franks","ambiguous: both retained; human review needed"
"stomata-franks_richey_2018.xlsx",90,"2012-53-SAM14","richey_2018","franks","stomata-franks_richey_2018.xlsx",138,"2012-53-SAM14","richey_2018","franks","ambiguous: both retained; human review needed"
"stomata-franks_richey_2018.xlsx",43,"2012-53-SAM15","richey_2018","franks","stomata-franks_richey_2018.xlsx",139,"2012-53-SAM15","richey_2018","franks","ambiguous: both retained; human review needed"
"stomata-franks_richey_2018.xlsx",75,"2012-53-SAM15","richey_2018","franks","stomata-franks_richey_2018.xlsx",139,"2012-53-SAM15","richey_2018","franks","ambiguous: both retained; human review needed"
"stomata-franks_richey_2018.xlsx",91,"2012-53-SAM15","richey_2018","franks","stomata-franks_richey_2018.xlsx",139,"2012-53-SAM15","richey_2018","franks","ambiguous: both retained; human review needed"
"stomata-franks_richey_2018.xlsx",44,"2012-53-SAM1","richey_2018","franks","stomata-franks_richey_2018.xlsx",140,"2012-53-SAM1","richey_2018","franks","ambiguous: both retained; human review needed"
"stomata-franks_richey_2018.xlsx",76,"2012-53-SAM1","richey_2018","franks","stomata-franks_richey_2018.xlsx",140,"2012-53-SAM1","richey_2018","franks","ambiguous: both retained; human review needed"
"stomata-franks_richey_2018.xlsx",92,"2012-53-SAM1","richey_2018","franks","stomata-franks_richey_2018.xlsx",140,"2012-53-SAM1","richey_2018","franks","ambiguous: both retained; human review needed"
"stomata-franks_richey_2018.xlsx",45,"2012-53-SAM4","richey_2018","franks","stomata-franks_richey_2018.xlsx",141,"2012-53-SAM4","richey_2018","franks","ambiguous: both retained; human review needed"
"stomata-franks_richey_2018.xlsx",77,"2012-53-SAM4","richey_2018","franks","stomata-franks_richey_2018.xlsx",141,"2012-53-SAM4","richey_2018","franks","ambiguous: both retained; human review needed"
"stomata-franks_richey_2018.xlsx",93,"2012-53-SAM4","richey_2018","franks","stomata-franks_richey_2018.xlsx",141,"2012-53-SAM4","richey_2018","franks","ambiguous: both retained; human review needed"
"stomata-franks_richey_2018.xlsx",46,"2012-53-SAM5","richey_2018","franks","stomata-franks_richey_2018.xlsx",142,"2012-53-SAM5","richey_2018","franks","ambiguous: both retained; human review needed"
"stomata-franks_richey_2018.xlsx",78,"2012-53-SAM5","richey_2018","franks","stomata-franks_richey_2018.xlsx",142,"2012-53-SAM5","richey_2018","franks","ambiguous: both retained; human review needed"
"stomata-franks_richey_2018.xlsx",94,"2012-53-SAM5","richey_2018","franks","stomata-franks_richey_2018.xlsx",142,"2012-53-SAM5","richey_2018","franks","ambiguous: both retained; human review needed"
"stomata-franks_richey_2018.xlsx",47,"2012-53-SAM6","richey_2018","franks","stomata-franks_richey_2018.xlsx",143,"2012-53-SAM6","richey_2018","franks","ambiguous: both retained; human review needed"
"stomata-franks_richey_2018.xlsx",79,"2012-53-SAM6","richey_2018","franks","stomata-franks_richey_2018.xlsx",143,"2012-53-SAM6","richey_2018","franks","ambiguous: both retained; human review needed"
"stomata-franks_richey_2018.xlsx",95,"2012-53-SAM6","richey_2018","franks","stomata-franks_richey_2018.xlsx",143,"2012-53-SAM6","richey_2018","franks","ambiguous: both retained; human review needed"
"stomata-franks_richey_2018.xlsx",48,"2012-53-SAM9","richey_2018","franks","stomata-franks_richey_2018.xlsx",144,"2012-53-SAM9","richey_2018","franks","ambiguous: both retained; human review needed"
"stomata-franks_richey_2018.xlsx",80,"2012-53-SAM9","richey_2018","franks","stomata-franks_richey_2018.xlsx",144,"2012-53-SAM9","richey_2018","franks","ambiguous: both retained; human review needed"
"stomata-franks_richey_2018.xlsx",96,"2012-53-SAM9","richey_2018","franks","stomata-franks_richey_2018.xlsx",144,"2012-53-SAM9","richey_2018","franks","ambiguous: both retained; human review needed"
"stomata-franks_richey_2018.xlsx",49,"2012-53-SAM10","richey_2018","franks","stomata-franks_richey_2018.xlsx",145,"2012-53-SAM10","richey_2018","franks","ambiguous: both retained; human review needed"
"stomata-franks_richey_2018.xlsx",81,"2012-53-SAM10","richey_2018","franks","stomata-franks_richey_2018.xlsx",145,"2012-53-SAM10","richey_2018","franks","ambiguous: both retained; human review needed"
"stomata-franks_richey_2018.xlsx",97,"2012-53-SAM10","richey_2018","franks","stomata-franks_richey_2018.xlsx",145,"2012-53-SAM10","richey_2018","franks","ambiguous: both retained; human review needed"
"stomata-franks_richey_2018.xlsx",50,"2012-53-SAM14","richey_2018","franks","stomata-franks_richey_2018.xlsx",146,"2012-53-SAM14","richey_2018","franks","ambiguous: both retained; human review needed"
"stomata-franks_richey_2018.xlsx",82,"2012-53-SAM14","richey_2018","franks","stomata-franks_richey_2018.xlsx",146,"2012-53-SAM14","richey_2018","franks","ambiguous: both retained; human review needed"
"stomata-franks_richey_2018.xlsx",98,"2012-53-SAM14","richey_2018","franks","stomata-franks_richey_2018.xlsx",146,"2012-53-SAM14","richey_2018","franks","ambiguous: both retained; human review needed"
"stomata-franks_richey_2018.xlsx",51,"2012-53-SAM15","richey_2018","franks","stomata-franks_richey_2018.xlsx",147,"2012-53-SAM15","richey_2018","franks","ambiguous: both retained; human review needed"
"stomata-franks_richey_2018.xlsx",83,"2012-53-SAM15","richey_2018","franks","stomata-franks_richey_2018.xlsx",147,"2012-53-SAM15","richey_2018","franks","ambiguous: both retained; human review needed"
"stomata-franks_richey_2018.xlsx",99,"2012-53-SAM15","richey_2018","franks","stomata-franks_richey_2018.xlsx",147,"2012-53-SAM15","richey_2018","franks","ambiguous: both retained; human review needed"
"stomata-franks_richey_2018.xlsx",36,"2012-53-SAM1","richey_2018","franks","stomata-franks_richey_2018.xlsx",148,"2012-53-SAM1","richey_2018","franks","ambiguous: both retained; human review needed"
"stomata-franks_richey_2018.xlsx",68,"2012-53-SAM1","richey_2018","franks","stomata-franks_richey_2018.xlsx",148,"2012-53-SAM1","richey_2018","franks","ambiguous: both retained; human review needed"
"stomata-franks_richey_2018.xlsx",84,"2012-53-SAM1","richey_2018","franks","stomata-franks_richey_2018.xlsx",148,"2012-53-SAM1","richey_2018","franks","ambiguous: both retained; human review needed"
"stomata-franks_richey_2018.xlsx",132,"2012-53-SAM1","richey_2018","franks","stomata-franks_richey_2018.xlsx",148,"2012-53-SAM1","richey_2018","franks","ambiguous: both retained; human review needed"
"stomata-franks_richey_2018.xlsx",37,"2012-53-SAM4","richey_2018","franks","stomata-franks_richey_2018.xlsx",149,"2012-53-SAM4","richey_2018","franks","ambiguous: both retained; human review needed"
"stomata-franks_richey_2018.xlsx",69,"2012-53-SAM4","richey_2018","franks","stomata-franks_richey_2018.xlsx",149,"2012-53-SAM4","richey_2018","franks","ambiguous: both retained; human review needed"
"stomata-franks_richey_2018.xlsx",85,"2012-53-SAM4","richey_2018","franks","stomata-franks_richey_2018.xlsx",149,"2012-53-SAM4","richey_2018","franks","ambiguous: both retained; human review needed"
"stomata-franks_richey_2018.xlsx",133,"2012-53-SAM4","richey_2018","franks","stomata-franks_richey_2018.xlsx",149,"2012-53-SAM4","richey_2018","franks","ambiguous: both retained; human review needed"
"stomata-franks_richey_2018.xlsx",38,"2012-53-SAM5","richey_2018","franks","stomata-franks_richey_2018.xlsx",150,"2012-53-SAM5","richey_2018","franks","ambiguous: both retained; human review needed"
"stomata-franks_richey_2018.xlsx",70,"2012-53-SAM5","richey_2018","franks","stomata-franks_richey_2018.xlsx",150,"2012-53-SAM5","richey_2018","franks","ambiguous: both retained; human review needed"
"stomata-franks_richey_2018.xlsx",86,"2012-53-SAM5","richey_2018","franks","stomata-franks_richey_2018.xlsx",150,"2012-53-SAM5","richey_2018","franks","ambiguous: both retained; human review needed"
"stomata-franks_richey_2018.xlsx",134,"2012-53-SAM5","richey_2018","franks","stomata-franks_richey_2018.xlsx",150,"2012-53-SAM5","richey_2018","franks","ambiguous: both retained; human review needed"
"stomata-franks_richey_2018.xlsx",39,"2012-53-SAM6","richey_2018","franks","stomata-franks_richey_2018.xlsx",151,"2012-53-SAM6","richey_2018","franks","ambiguous: both retained; human review needed"
"stomata-franks_richey_2018.xlsx",71,"2012-53-SAM6","richey_2018","franks","stomata-franks_richey_2018.xlsx",151,"2012-53-SAM6","richey_2018","franks","ambiguous: both retained; human review needed"
"stomata-franks_richey_2018.xlsx",87,"2012-53-SAM6","richey_2018","franks","stomata-franks_richey_2018.xlsx",151,"2012-53-SAM6","richey_2018","franks","ambiguous: both retained; human review needed"
"stomata-franks_richey_2018.xlsx",135,"2012-53-SAM6","richey_2018","franks","stomata-franks_richey_2018.xlsx",151,"2012-53-SAM6","richey_2018","franks","ambiguous: both retained; human review needed"
"stomata-franks_richey_2018.xlsx",40,"2012-53-SAM9","richey_2018","franks","stomata-franks_richey_2018.xlsx",152,"2012-53-SAM9","richey_2018","franks","ambiguous: both retained; human review needed"
"stomata-franks_richey_2018.xlsx",72,"2012-53-SAM9","richey_2018","franks","stomata-franks_richey_2018.xlsx",152,"2012-53-SAM9","richey_2018","franks","ambiguous: both retained; human review needed"
"stomata-franks_richey_2018.xlsx",88,"2012-53-SAM9","richey_2018","franks","stomata-franks_richey_2018.xlsx",152,"2012-53-SAM9","richey_2018","franks","ambiguous: both retained; human review needed"
"stomata-franks_richey_2018.xlsx",136,"2012-53-SAM9","richey_2018","franks","stomata-franks_richey_2018.xlsx",152,"2012-53-SAM9","richey_2018","franks","ambiguous: both retained; human review needed"
"stomata-franks_richey_2018.xlsx",41,"2012-53-SAM10","richey_2018","franks","stomata-franks_richey_2018.xlsx",153,"2012-53-SAM10","richey_2018","franks","ambiguous: both retained; human review needed"
"stomata-franks_richey_2018.xlsx",73,"2012-53-SAM10","richey_2018","franks","stomata-franks_richey_2018.xlsx",153,"2012-53-SAM10","richey_2018","franks","ambiguous: both retained; human review needed"
"stomata-franks_richey_2018.xlsx",89,"2012-53-SAM10","richey_2018","franks","stomata-franks_richey_2018.xlsx",153,"2012-53-SAM10","richey_2018","franks","ambiguous: both retained; human review needed"
"stomata-franks_richey_2018.xlsx",137,"2012-53-SAM10","richey_2018","franks","stomata-franks_richey_2018.xlsx",153,"2012-53-SAM10","richey_2018","franks","ambiguous: both retained; human review needed"
"stomata-franks_richey_2018.xlsx",42,"2012-53-SAM14","richey_2018","franks","stomata-franks_richey_2018.xlsx",154,"2012-53-SAM14","richey_2018","franks","ambiguous: both retained; human review needed"
"stomata-franks_richey_2018.xlsx",74,"2012-53-SAM14","richey_2018","franks","stomata-franks_richey_2018.xlsx",154,"2012-53-SAM14","richey_2018","franks","ambiguous: both retained; human review needed"
"stomata-franks_richey_2018.xlsx",90,"2012-53-SAM14","richey_2018","franks","stomata-franks_richey_2018.xlsx",154,"2012-53-SAM14","richey_2018","franks","ambiguous: both retained; human review needed"
"stomata-franks_richey_2018.xlsx",138,"2012-53-SAM14","richey_2018","franks","stomata-franks_richey_2018.xlsx",154,"2012-53-SAM14","richey_2018","franks","ambiguous: both retained; human review needed"
"stomata-franks_richey_2018.xlsx",43,"2012-53-SAM15","richey_2018","franks","stomata-franks_richey_2018.xlsx",155,"2012-53-SAM15","richey_2018","franks","ambiguous: both retained; human review needed"
"stomata-franks_richey_2018.xlsx",75,"2012-53-SAM15","richey_2018","franks","stomata-franks_richey_2018.xlsx",155,"2012-53-SAM15","richey_2018","franks","ambiguous: both retained; human review needed"
"stomata-franks_richey_2018.xlsx",91,"2012-53-SAM15","richey_2018","franks","stomata-franks_richey_2018.xlsx",155,"2012-53-SAM15","richey_2018","franks","ambiguous: both retained; human review needed"
"stomata-franks_richey_2018.xlsx",139,"2012-53-SAM15","richey_2018","franks","stomata-franks_richey_2018.xlsx",155,"2012-53-SAM15","richey_2018","franks","ambiguous: both retained; human review needed"
"stomata-franks_richey_2018.xlsx",44,"2012-53-SAM1","richey_2018","franks","stomata-franks_richey_2018.xlsx",156,"2012-53-SAM1","richey_2018","franks","ambiguous: both retained; human review needed"
"stomata-franks_richey_2018.xlsx",76,"2012-53-SAM1","richey_2018","franks","stomata-franks_richey_2018.xlsx",156,"2012-53-SAM1","richey_2018","franks","ambiguous: both retained; human review needed"
"stomata-franks_richey_2018.xlsx",92,"2012-53-SAM1","richey_2018","franks","stomata-franks_richey_2018.xlsx",156,"2012-53-SAM1","richey_2018","franks","ambiguous: both retained; human review needed"
"stomata-franks_richey_2018.xlsx",140,"2012-53-SAM1","richey_2018","franks","stomata-franks_richey_2018.xlsx",156,"2012-53-SAM1","richey_2018","franks","ambiguous: both retained; human review needed"
"stomata-franks_richey_2018.xlsx",45,"2012-53-SAM4","richey_2018","franks","stomata-franks_richey_2018.xlsx",157,"2012-53-SAM4","richey_2018","franks","ambiguous: both retained; human review needed"
"stomata-franks_richey_2018.xlsx",77,"2012-53-SAM4","richey_2018","franks","stomata-franks_richey_2018.xlsx",157,"2012-53-SAM4","richey_2018","franks","ambiguous: both retained; human review needed"
"stomata-franks_richey_2018.xlsx",93,"2012-53-SAM4","richey_2018","franks","stomata-franks_richey_2018.xlsx",157,"2012-53-SAM4","richey_2018","franks","ambiguous: both retained; human review needed"
"stomata-franks_richey_2018.xlsx",141,"2012-53-SAM4","richey_2018","franks","stomata-franks_richey_2018.xlsx",157,"2012-53-SAM4","richey_2018","franks","ambiguous: both retained; human review needed"
"stomata-franks_richey_2018.xlsx",46,"2012-53-SAM5","richey_2018","franks","stomata-franks_richey_2018.xlsx",158,"2012-53-SAM5","richey_2018","franks","ambiguous: both retained; human review needed"
"stomata-franks_richey_2018.xlsx",78,"2012-53-SAM5","richey_2018","franks","stomata-franks_richey_2018.xlsx",158,"2012-53-SAM5","richey_2018","franks","ambiguous: both retained; human review needed"
"stomata-franks_richey_2018.xlsx",94,"2012-53-SAM5","richey_2018","franks","stomata-franks_richey_2018.xlsx",158,"2012-53-SAM5","richey_2018","franks","ambiguous: both retained; human review needed"
"stomata-franks_richey_2018.xlsx",142,"2012-53-SAM5","richey_2018","franks","stomata-franks_richey_2018.xlsx",158,"2012-53-SAM5","richey_2018","franks","ambiguous: both retained; human review needed"
"stomata-franks_richey_2018.xlsx",47,"2012-53-SAM6","richey_2018","franks","stomata-franks_richey_2018.xlsx",159,"2012-53-SAM6","richey_2018","franks","ambiguous: both retained; human review needed"
"stomata-franks_richey_2018.xlsx",79,"2012-53-SAM6","richey_2018","franks","stomata-franks_richey_2018.xlsx",159,"2012-53-SAM6","richey_2018","franks","ambiguous: both retained; human review needed"
"stomata-franks_richey_2018.xlsx",95,"2012-53-SAM6","richey_2018","franks","stomata-franks_richey_2018.xlsx",159,"2012-53-SAM6","richey_2018","franks","ambiguous: both retained; human review needed"
"stomata-franks_richey_2018.xlsx",143,"2012-53-SAM6","richey_2018","franks","stomata-franks_richey_2018.xlsx",159,"2012-53-SAM6","richey_2018","franks","ambiguous: both retained; human review needed"
"stomata-franks_richey_2018.xlsx",48,"2012-53-SAM9","richey_2018","franks","stomata-franks_richey_2018.xlsx",160,"2012-53-SAM9","richey_2018","franks","ambiguous: both retained; human review needed"
"stomata-franks_richey_2018.xlsx",80,"2012-53-SAM9","richey_2018","franks","stomata-franks_richey_2018.xlsx",160,"2012-53-SAM9","richey_2018","franks","ambiguous: both retained; human review needed"
"stomata-franks_richey_2018.xlsx",96,"2012-53-SAM9","richey_2018","franks","stomata-franks_richey_2018.xlsx",160,"2012-53-SAM9","richey_2018","franks","ambiguous: both retained; human review needed"
"stomata-franks_richey_2018.xlsx",144,"2012-53-SAM9","richey_2018","franks","stomata-franks_richey_2018.xlsx",160,"2012-53-SAM9","richey_2018","franks","ambiguous: both retained; human review needed"
"stomata-franks_richey_2018.xlsx",49,"2012-53-SAM10","richey_2018","franks","stomata-franks_richey_2018.xlsx",161,"2012-53-SAM10","richey_2018","franks","ambiguous: both retained; human review needed"
"stomata-franks_richey_2018.xlsx",81,"2012-53-SAM10","richey_2018","franks","stomata-franks_richey_2018.xlsx",161,"2012-53-SAM10","richey_2018","franks","ambiguous: both retained; human review needed"
"stomata-franks_richey_2018.xlsx",97,"2012-53-SAM10","richey_2018","franks","stomata-franks_richey_2018.xlsx",161,"2012-53-SAM10","richey_2018","franks","ambiguous: both retained; human review needed"
"stomata-franks_richey_2018.xlsx",145,"2012-53-SAM10","richey_2018","franks","stomata-franks_richey_2018.xlsx",161,"2012-53-SAM10","richey_2018","franks","ambiguous: both retained; human review needed"
"stomata-franks_richey_2018.xlsx",50,"2012-53-SAM14","richey_2018","franks","stomata-franks_richey_2018.xlsx",162,"2012-53-SAM14","richey_2018","franks","ambiguous: both retained; human review needed"
"stomata-franks_richey_2018.xlsx",82,"2012-53-SAM14","richey_2018","franks","stomata-franks_richey_2018.xlsx",162,"2012-53-SAM14","richey_2018","franks","ambiguous: both retained; human review needed"
"stomata-franks_richey_2018.xlsx",98,"2012-53-SAM14","richey_2018","franks","stomata-franks_richey_2018.xlsx",162,"2012-53-SAM14","richey_2018","franks","ambiguous: both retained; human review needed"
"stomata-franks_richey_2018.xlsx",146,"2012-53-SAM14","richey_2018","franks","stomata-franks_richey_2018.xlsx",162,"2012-53-SAM14","richey_2018","franks","ambiguous: both retained; human review needed"
"stomata-franks_richey_2018.xlsx",51,"2012-53-SAM15","richey_2018","franks","stomata-franks_richey_2018.xlsx",163,"2012-53-SAM15","richey_2018","franks","ambiguous: both retained; human review needed"
"stomata-franks_richey_2018.xlsx",83,"2012-53-SAM15","richey_2018","franks","stomata-franks_richey_2018.xlsx",163,"2012-53-SAM15","richey_2018","franks","ambiguous: both retained; human review needed"
"stomata-franks_richey_2018.xlsx",99,"2012-53-SAM15","richey_2018","franks","stomata-franks_richey_2018.xlsx",163,"2012-53-SAM15","richey_2018","franks","ambiguous: both retained; human review needed"
"stomata-franks_richey_2018.xlsx",147,"2012-53-SAM15","richey_2018","franks","stomata-franks_richey_2018.xlsx",163,"2012-53-SAM15","richey_2018","franks","ambiguous: both retained; human review needed"
"stomata-franks_richey_2018.xlsx",36,"2012-53-SAM1","richey_2018","franks","stomata-franks_richey_2018.xlsx",164,"2012-53-SAM1","richey_2018","franks","ambiguous: both retained; human review needed"
"stomata-franks_richey_2018.xlsx",68,"2012-53-SAM1","richey_2018","franks","stomata-franks_richey_2018.xlsx",164,"2012-53-SAM1","richey_2018","franks","ambiguous: both retained; human review needed"
"stomata-franks_richey_2018.xlsx",84,"2012-53-SAM1","richey_2018","franks","stomata-franks_richey_2018.xlsx",164,"2012-53-SAM1","richey_2018","franks","ambiguous: both retained; human review needed"
"stomata-franks_richey_2018.xlsx",132,"2012-53-SAM1","richey_2018","franks","stomata-franks_richey_2018.xlsx",164,"2012-53-SAM1","richey_2018","franks","ambiguous: both retained; human review needed"
"stomata-franks_richey_2018.xlsx",148,"2012-53-SAM1","richey_2018","franks","stomata-franks_richey_2018.xlsx",164,"2012-53-SAM1","richey_2018","franks","ambiguous: both retained; human review needed"
"stomata-franks_richey_2018.xlsx",37,"2012-53-SAM4","richey_2018","franks","stomata-franks_richey_2018.xlsx",165,"2012-53-SAM4","richey_2018","franks","ambiguous: both retained; human review needed"
"stomata-franks_richey_2018.xlsx",69,"2012-53-SAM4","richey_2018","franks","stomata-franks_richey_2018.xlsx",165,"2012-53-SAM4","richey_2018","franks","ambiguous: both retained; human review needed"
"stomata-franks_richey_2018.xlsx",85,"2012-53-SAM4","richey_2018","franks","stomata-franks_richey_2018.xlsx",165,"2012-53-SAM4","richey_2018","franks","ambiguous: both retained; human review needed"
"stomata-franks_richey_2018.xlsx",133,"2012-53-SAM4","richey_2018","franks","stomata-franks_richey_2018.xlsx",165,"2012-53-SAM4","richey_2018","franks","ambiguous: both retained; human review needed"
"stomata-franks_richey_2018.xlsx",149,"2012-53-SAM4","richey_2018","franks","stomata-franks_richey_2018.xlsx",165,"2012-53-SAM4","richey_2018","franks","ambiguous: both retained; human review needed"
"stomata-franks_richey_2018.xlsx",38,"2012-53-SAM5","richey_2018","franks","stomata-franks_richey_2018.xlsx",166,"2012-53-SAM5","richey_2018","franks","ambiguous: both retained; human review needed"
"stomata-franks_richey_2018.xlsx",70,"2012-53-SAM5","richey_2018","franks","stomata-franks_richey_2018.xlsx",166,"2012-53-SAM5","richey_2018","franks","ambiguous: both retained; human review needed"
"stomata-franks_richey_2018.xlsx",86,"2012-53-SAM5","richey_2018","franks","stomata-franks_richey_2018.xlsx",166,"2012-53-SAM5","richey_2018","franks","ambiguous: both retained; human review needed"
"stomata-franks_richey_2018.xlsx",134,"2012-53-SAM5","richey_2018","franks","stomata-franks_richey_2018.xlsx",166,"2012-53-SAM5","richey_2018","franks","ambiguous: both retained; human review needed"
"stomata-franks_richey_2018.xlsx",150,"2012-53-SAM5","richey_2018","franks","stomata-franks_richey_2018.xlsx",166,"2012-53-SAM5","richey_2018","franks","ambiguous: both retained; human review needed"
"stomata-franks_richey_2018.xlsx",39,"2012-53-SAM6","richey_2018","franks","stomata-franks_richey_2018.xlsx",167,"2012-53-SAM6","richey_2018","franks","ambiguous: both retained; human review needed"
"stomata-franks_richey_2018.xlsx",71,"2012-53-SAM6","richey_2018","franks","stomata-franks_richey_2018.xlsx",167,"2012-53-SAM6","richey_2018","franks","ambiguous: both retained; human review needed"
"stomata-franks_richey_2018.xlsx",87,"2012-53-SAM6","richey_2018","franks","stomata-franks_richey_2018.xlsx",167,"2012-53-SAM6","richey_2018","franks","ambiguous: both retained; human review needed"
"stomata-franks_richey_2018.xlsx",135,"2012-53-SAM6","richey_2018","franks","stomata-franks_richey_2018.xlsx",167,"2012-53-SAM6","richey_2018","franks","ambiguous: both retained; human review needed"
"stomata-franks_richey_2018.xlsx",151,"2012-53-SAM6","richey_2018","franks","stomata-franks_richey_2018.xlsx",167,"2012-53-SAM6","richey_2018","franks","ambiguous: both retained; human review needed"
"stomata-franks_richey_2018.xlsx",40,"2012-53-SAM9","richey_2018","franks","stomata-franks_richey_2018.xlsx",168,"2012-53-SAM9","richey_2018","franks","ambiguous: both retained; human review needed"
"stomata-franks_richey_2018.xlsx",72,"2012-53-SAM9","richey_2018","franks","stomata-franks_richey_2018.xlsx",168,"2012-53-SAM9","richey_2018","franks","ambiguous: both retained; human review needed"
"stomata-franks_richey_2018.xlsx",88,"2012-53-SAM9","richey_2018","franks","stomata-franks_richey_2018.xlsx",168,"2012-53-SAM9","richey_2018","franks","ambiguous: both retained; human review needed"
"stomata-franks_richey_2018.xlsx",136,"2012-53-SAM9","richey_2018","franks","stomata-franks_richey_2018.xlsx",168,"2012-53-SAM9","richey_2018","franks","ambiguous: both retained; human review needed"
"stomata-franks_richey_2018.xlsx",152,"2012-53-SAM9","richey_2018","franks","stomata-franks_richey_2018.xlsx",168,"2012-53-SAM9","richey_2018","franks","ambiguous: both retained; human review needed"
"stomata-franks_richey_2018.xlsx",41,"2012-53-SAM10","richey_2018","franks","stomata-franks_richey_2018.xlsx",169,"2012-53-SAM10","richey_2018","franks","ambiguous: both retained; human review needed"
"stomata-franks_richey_2018.xlsx",73,"2012-53-SAM10","richey_2018","franks","stomata-franks_richey_2018.xlsx",169,"2012-53-SAM10","richey_2018","franks","ambiguous: both retained; human review needed"
"stomata-franks_richey_2018.xlsx",89,"2012-53-SAM10","richey_2018","franks","stomata-franks_richey_2018.xlsx",169,"2012-53-SAM10","richey_2018","franks","ambiguous: both retained; human review needed"
"stomata-franks_richey_2018.xlsx",137,"2012-53-SAM10","richey_2018","franks","stomata-franks_richey_2018.xlsx",169,"2012-53-SAM10","richey_2018","franks","ambiguous: both retained; human review needed"
"stomata-franks_richey_2018.xlsx",153,"2012-53-SAM10","richey_2018","franks","stomata-franks_richey_2018.xlsx",169,"2012-53-SAM10","richey_2018","franks","ambiguous: both retained; human review needed"
"stomata-franks_richey_2018.xlsx",42,"2012-53-SAM14","richey_2018","franks","stomata-franks_richey_2018.xlsx",170,"2012-53-SAM14","richey_2018","franks","ambiguous: both retained; human review needed"
"stomata-franks_richey_2018.xlsx",74,"2012-53-SAM14","richey_2018","franks","stomata-franks_richey_2018.xlsx",170,"2012-53-SAM14","richey_2018","franks","ambiguous: both retained; human review needed"
"stomata-franks_richey_2018.xlsx",90,"2012-53-SAM14","richey_2018","franks","stomata-franks_richey_2018.xlsx",170,"2012-53-SAM14","richey_2018","franks","ambiguous: both retained; human review needed"
"stomata-franks_richey_2018.xlsx",138,"2012-53-SAM14","richey_2018","franks","stomata-franks_richey_2018.xlsx",170,"2012-53-SAM14","richey_2018","franks","ambiguous: both retained; human review needed"
"stomata-franks_richey_2018.xlsx",154,"2012-53-SAM14","richey_2018","franks","stomata-franks_richey_2018.xlsx",170,"2012-53-SAM14","richey_2018","franks","ambiguous: both retained; human review needed"
"stomata-franks_richey_2018.xlsx",43,"2012-53-SAM15","richey_2018","franks","stomata-franks_richey_2018.xlsx",171,"2012-53-SAM15","richey_2018","franks","ambiguous: both retained; human review needed"
"stomata-franks_richey_2018.xlsx",75,"2012-53-SAM15","richey_2018","franks","stomata-franks_richey_2018.xlsx",171,"2012-53-SAM15","richey_2018","franks","ambiguous: both retained; human review needed"
"stomata-franks_richey_2018.xlsx",91,"2012-53-SAM15","richey_2018","franks","stomata-franks_richey_2018.xlsx",171,"2012-53-SAM15","richey_2018","franks","ambiguous: both retained; human review needed"
"stomata-franks_richey_2018.xlsx",139,"2012-53-SAM15","richey_2018","franks","stomata-franks_richey_2018.xlsx",171,"2012-53-SAM15","richey_2018","franks","ambiguous: both retained; human review needed"
"stomata-franks_richey_2018.xlsx",155,"2012-53-SAM15","richey_2018","franks","stomata-franks_richey_2018.xlsx",171,"2012-53-SAM15","richey_2018","franks","ambiguous: both retained; human review needed"
"stomata-franks_richey_2018.xlsx",44,"2012-53-SAM1","richey_2018","franks","stomata-franks_richey_2018.xlsx",172,"2012-53-SAM1","richey_2018","franks","ambiguous: both retained; human review needed"
"stomata-franks_richey_2018.xlsx",76,"2012-53-SAM1","richey_2018","franks","stomata-franks_richey_2018.xlsx",172,"2012-53-SAM1","richey_2018","franks","ambiguous: both retained; human review needed"
"stomata-franks_richey_2018.xlsx",92,"2012-53-SAM1","richey_2018","franks","stomata-franks_richey_2018.xlsx",172,"2012-53-SAM1","richey_2018","franks","ambiguous: both retained; human review needed"
"stomata-franks_richey_2018.xlsx",140,"2012-53-SAM1","richey_2018","franks","stomata-franks_richey_2018.xlsx",172,"2012-53-SAM1","richey_2018","franks","ambiguous: both retained; human review needed"
"stomata-franks_richey_2018.xlsx",156,"2012-53-SAM1","richey_2018","franks","stomata-franks_richey_2018.xlsx",172,"2012-53-SAM1","richey_2018","franks","ambiguous: both retained; human review needed"
"stomata-franks_richey_2018.xlsx",45,"2012-53-SAM4","richey_2018","franks","stomata-franks_richey_2018.xlsx",173,"2012-53-SAM4","richey_2018","franks","ambiguous: both retained; human review needed"
"stomata-franks_richey_2018.xlsx",77,"2012-53-SAM4","richey_2018","franks","stomata-franks_richey_2018.xlsx",173,"2012-53-SAM4","richey_2018","franks","ambiguous: both retained; human review needed"
"stomata-franks_richey_2018.xlsx",93,"2012-53-SAM4","richey_2018","franks","stomata-franks_richey_2018.xlsx",173,"2012-53-SAM4","richey_2018","franks","ambiguous: both retained; human review needed"
"stomata-franks_richey_2018.xlsx",141,"2012-53-SAM4","richey_2018","franks","stomata-franks_richey_2018.xlsx",173,"2012-53-SAM4","richey_2018","franks","ambiguous: both retained; human review needed"
"stomata-franks_richey_2018.xlsx",157,"2012-53-SAM4","richey_2018","franks","stomata-franks_richey_2018.xlsx",173,"2012-53-SAM4","richey_2018","franks","ambiguous: both retained; human review needed"
"stomata-franks_richey_2018.xlsx",46,"2012-53-SAM5","richey_2018","franks","stomata-franks_richey_2018.xlsx",174,"2012-53-SAM5","richey_2018","franks","ambiguous: both retained; human review needed"
"stomata-franks_richey_2018.xlsx",78,"2012-53-SAM5","richey_2018","franks","stomata-franks_richey_2018.xlsx",174,"2012-53-SAM5","richey_2018","franks","ambiguous: both retained; human review needed"
"stomata-franks_richey_2018.xlsx",94,"2012-53-SAM5","richey_2018","franks","stomata-franks_richey_2018.xlsx",174,"2012-53-SAM5","richey_2018","franks","ambiguous: both retained; human review needed"
"stomata-franks_richey_2018.xlsx",142,"2012-53-SAM5","richey_2018","franks","stomata-franks_richey_2018.xlsx",174,"2012-53-SAM5","richey_2018","franks","ambiguous: both retained; human review needed"
"stomata-franks_richey_2018.xlsx",158,"2012-53-SAM5","richey_2018","franks","stomata-franks_richey_2018.xlsx",174,"2012-53-SAM5","richey_2018","franks","ambiguous: both retained; human review needed"
"stomata-franks_richey_2018.xlsx",47,"2012-53-SAM6","richey_2018","franks","stomata-franks_richey_2018.xlsx",175,"2012-53-SAM6","richey_2018","franks","ambiguous: both retained; human review needed"
"stomata-franks_richey_2018.xlsx",79,"2012-53-SAM6","richey_2018","franks","stomata-franks_richey_2018.xlsx",175,"2012-53-SAM6","richey_2018","franks","ambiguous: both retained; human review needed"
"stomata-franks_richey_2018.xlsx",95,"2012-53-SAM6","richey_2018","franks","stomata-franks_richey_2018.xlsx",175,"2012-53-SAM6","richey_2018","franks","ambiguous: both retained; human review needed"
"stomata-franks_richey_2018.xlsx",143,"2012-53-SAM6","richey_2018","franks","stomata-franks_richey_2018.xlsx",175,"2012-53-SAM6","richey_2018","franks","ambiguous: both retained; human review needed"
"stomata-franks_richey_2018.xlsx",159,"2012-53-SAM6","richey_2018","franks","stomata-franks_richey_2018.xlsx",175,"2012-53-SAM6","richey_2018","franks","ambiguous: both retained; human review needed"
"stomata-franks_richey_2018.xlsx",48,"2012-53-SAM9","richey_2018","franks","stomata-franks_richey_2018.xlsx",176,"2012-53-SAM9","richey_2018","franks","ambiguous: both retained; human review needed"
"stomata-franks_richey_2018.xlsx",80,"2012-53-SAM9","richey_2018","franks","stomata-franks_richey_2018.xlsx",176,"2012-53-SAM9","richey_2018","franks","ambiguous: both retained; human review needed"
"stomata-franks_richey_2018.xlsx",96,"2012-53-SAM9","richey_2018","franks","stomata-franks_richey_2018.xlsx",176,"2012-53-SAM9","richey_2018","franks","ambiguous: both retained; human review needed"
"stomata-franks_richey_2018.xlsx",144,"2012-53-SAM9","richey_2018","franks","stomata-franks_richey_2018.xlsx",176,"2012-53-SAM9","richey_2018","franks","ambiguous: both retained; human review needed"
"stomata-franks_richey_2018.xlsx",160,"2012-53-SAM9","richey_2018","franks","stomata-franks_richey_2018.xlsx",176,"2012-53-SAM9","richey_2018","franks","ambiguous: both retained; human review needed"
"stomata-franks_richey_2018.xlsx",49,"2012-53-SAM10","richey_2018","franks","stomata-franks_richey_2018.xlsx",177,"2012-53-SAM10","richey_2018","franks","ambiguous: both retained; human review needed"
"stomata-franks_richey_2018.xlsx",81,"2012-53-SAM10","richey_2018","franks","stomata-franks_richey_2018.xlsx",177,"2012-53-SAM10","richey_2018","franks","ambiguous: both retained; human review needed"
"stomata-franks_richey_2018.xlsx",97,"2012-53-SAM10","richey_2018","franks","stomata-franks_richey_2018.xlsx",177,"2012-53-SAM10","richey_2018","franks","ambiguous: both retained; human review needed"
"stomata-franks_richey_2018.xlsx",145,"2012-53-SAM10","richey_2018","franks","stomata-franks_richey_2018.xlsx",177,"2012-53-SAM10","richey_2018","franks","ambiguous: both retained; human review needed"
"stomata-franks_richey_2018.xlsx",161,"2012-53-SAM10","richey_2018","franks","stomata-franks_richey_2018.xlsx",177,"2012-53-SAM10","richey_2018","franks","ambiguous: both retained; human review needed"
"stomata-franks_richey_2018.xlsx",50,"2012-53-SAM14","richey_2018","franks","stomata-franks_richey_2018.xlsx",178,"2012-53-SAM14","richey_2018","franks","ambiguous: both retained; human review needed"
"stomata-franks_richey_2018.xlsx",82,"2012-53-SAM14","richey_2018","franks","stomata-franks_richey_2018.xlsx",178,"2012-53-SAM14","richey_2018","franks","ambiguous: both retained; human review needed"
"stomata-franks_richey_2018.xlsx",98,"2012-53-SAM14","richey_2018","franks","stomata-franks_richey_2018.xlsx",178,"2012-53-SAM14","richey_2018","franks","ambiguous: both retained; human review needed"
"stomata-franks_richey_2018.xlsx",146,"2012-53-SAM14","richey_2018","franks","stomata-franks_richey_2018.xlsx",178,"2012-53-SAM14","richey_2018","franks","ambiguous: both retained; human review needed"
"stomata-franks_richey_2018.xlsx",162,"2012-53-SAM14","richey_2018","franks","stomata-franks_richey_2018.xlsx",178,"2012-53-SAM14","richey_2018","franks","ambiguous: both retained; human review needed"
"stomata-franks_richey_2018.xlsx",51,"2012-53-SAM15","richey_2018","franks","stomata-franks_richey_2018.xlsx",179,"2012-53-SAM15","richey_2018","franks","ambiguous: both retained; human review needed"
"stomata-franks_richey_2018.xlsx",83,"2012-53-SAM15","richey_2018","franks","stomata-franks_richey_2018.xlsx",179,"2012-53-SAM15","richey_2018","franks","ambiguous: both retained; human review needed"
"stomata-franks_richey_2018.xlsx",99,"2012-53-SAM15","richey_2018","franks","stomata-franks_richey_2018.xlsx",179,"2012-53-SAM15","richey_2018","franks","ambiguous: both retained; human review needed"
"stomata-franks_richey_2018.xlsx",147,"2012-53-SAM15","richey_2018","franks","stomata-franks_richey_2018.xlsx",179,"2012-53-SAM15","richey_2018","franks","ambiguous: both retained; human review needed"
"stomata-franks_richey_2018.xlsx",163,"2012-53-SAM15","richey_2018","franks","stomata-franks_richey_2018.xlsx",179,"2012-53-SAM15","richey_2018","franks","ambiguous: both retained; human review needed"
"stomata-franks_richey_2018.xlsx",36,"2012-53-SAM1","richey_2018","franks","stomata-franks_richey_2018.xlsx",180,"2012-53-SAM1","richey_2018","franks","ambiguous: both retained; human review needed"
"stomata-franks_richey_2018.xlsx",68,"2012-53-SAM1","richey_2018","franks","stomata-franks_richey_2018.xlsx",180,"2012-53-SAM1","richey_2018","franks","ambiguous: both retained; human review needed"
"stomata-franks_richey_2018.xlsx",84,"2012-53-SAM1","richey_2018","franks","stomata-franks_richey_2018.xlsx",180,"2012-53-SAM1","richey_2018","franks","ambiguous: both retained; human review needed"
"stomata-franks_richey_2018.xlsx",132,"2012-53-SAM1","richey_2018","franks","stomata-franks_richey_2018.xlsx",180,"2012-53-SAM1","richey_2018","franks","ambiguous: both retained; human review needed"
"stomata-franks_richey_2018.xlsx",148,"2012-53-SAM1","richey_2018","franks","stomata-franks_richey_2018.xlsx",180,"2012-53-SAM1","richey_2018","franks","ambiguous: both retained; human review needed"
"stomata-franks_richey_2018.xlsx",164,"2012-53-SAM1","richey_2018","franks","stomata-franks_richey_2018.xlsx",180,"2012-53-SAM1","richey_2018","franks","ambiguous: both retained; human review needed"
"stomata-franks_richey_2018.xlsx",37,"2012-53-SAM4","richey_2018","franks","stomata-franks_richey_2018.xlsx",181,"2012-53-SAM4","richey_2018","franks","ambiguous: both retained; human review needed"
"stomata-franks_richey_2018.xlsx",69,"2012-53-SAM4","richey_2018","franks","stomata-franks_richey_2018.xlsx",181,"2012-53-SAM4","richey_2018","franks","ambiguous: both retained; human review needed"
"stomata-franks_richey_2018.xlsx",85,"2012-53-SAM4","richey_2018","franks","stomata-franks_richey_2018.xlsx",181,"2012-53-SAM4","richey_2018","franks","ambiguous: both retained; human review needed"
"stomata-franks_richey_2018.xlsx",133,"2012-53-SAM4","richey_2018","franks","stomata-franks_richey_2018.xlsx",181,"2012-53-SAM4","richey_2018","franks","ambiguous: both retained; human review needed"
"stomata-franks_richey_2018.xlsx",149,"2012-53-SAM4","richey_2018","franks","stomata-franks_richey_2018.xlsx",181,"2012-53-SAM4","richey_2018","franks","ambiguous: both retained; human review needed"
"stomata-franks_richey_2018.xlsx",165,"2012-53-SAM4","richey_2018","franks","stomata-franks_richey_2018.xlsx",181,"2012-53-SAM4","richey_2018","franks","ambiguous: both retained; human review needed"
"stomata-franks_richey_2018.xlsx",38,"2012-53-SAM5","richey_2018","franks","stomata-franks_richey_2018.xlsx",182,"2012-53-SAM5","richey_2018","franks","ambiguous: both retained; human review needed"
"stomata-franks_richey_2018.xlsx",70,"2012-53-SAM5","richey_2018","franks","stomata-franks_richey_2018.xlsx",182,"2012-53-SAM5","richey_2018","franks","ambiguous: both retained; human review needed"
"stomata-franks_richey_2018.xlsx",86,"2012-53-SAM5","richey_2018","franks","stomata-franks_richey_2018.xlsx",182,"2012-53-SAM5","richey_2018","franks","ambiguous: both retained; human review needed"
"stomata-franks_richey_2018.xlsx",134,"2012-53-SAM5","richey_2018","franks","stomata-franks_richey_2018.xlsx",182,"2012-53-SAM5","richey_2018","franks","ambiguous: both retained; human review needed"
"stomata-franks_richey_2018.xlsx",150,"2012-53-SAM5","richey_2018","franks","stomata-franks_richey_2018.xlsx",182,"2012-53-SAM5","richey_2018","franks","ambiguous: both retained; human review needed"
"stomata-franks_richey_2018.xlsx",166,"2012-53-SAM5","richey_2018","franks","stomata-franks_richey_2018.xlsx",182,"2012-53-SAM5","richey_2018","franks","ambiguous: both retained; human review needed"
"stomata-franks_richey_2018.xlsx",39,"2012-53-SAM6","richey_2018","franks","stomata-franks_richey_2018.xlsx",183,"2012-53-SAM6","richey_2018","franks","ambiguous: both retained; human review needed"
"stomata-franks_richey_2018.xlsx",71,"2012-53-SAM6","richey_2018","franks","stomata-franks_richey_2018.xlsx",183,"2012-53-SAM6","richey_2018","franks","ambiguous: both retained; human review needed"
"stomata-franks_richey_2018.xlsx",87,"2012-53-SAM6","richey_2018","franks","stomata-franks_richey_2018.xlsx",183,"2012-53-SAM6","richey_2018","franks","ambiguous: both retained; human review needed"
"stomata-franks_richey_2018.xlsx",135,"2012-53-SAM6","richey_2018","franks","stomata-franks_richey_2018.xlsx",183,"2012-53-SAM6","richey_2018","franks","ambiguous: both retained; human review needed"
"stomata-franks_richey_2018.xlsx",151,"2012-53-SAM6","richey_2018","franks","stomata-franks_richey_2018.xlsx",183,"2012-53-SAM6","richey_2018","franks","ambiguous: both retained; human review needed"
"stomata-franks_richey_2018.xlsx",167,"2012-53-SAM6","richey_2018","franks","stomata-franks_richey_2018.xlsx",183,"2012-53-SAM6","richey_2018","franks","ambiguous: both retained; human review needed"
"stomata-franks_richey_2018.xlsx",40,"2012-53-SAM9","richey_2018","franks","stomata-franks_richey_2018.xlsx",184,"2012-53-SAM9","richey_2018","franks","ambiguous: both retained; human review needed"
"stomata-franks_richey_2018.xlsx",72,"2012-53-SAM9","richey_2018","franks","stomata-franks_richey_2018.xlsx",184,"2012-53-SAM9","richey_2018","franks","ambiguous: both retained; human review needed"
"stomata-franks_richey_2018.xlsx",88,"2012-53-SAM9","richey_2018","franks","stomata-franks_richey_2018.xlsx",184,"2012-53-SAM9","richey_2018","franks","ambiguous: both retained; human review needed"
"stomata-franks_richey_2018.xlsx",136,"2012-53-SAM9","richey_2018","franks","stomata-franks_richey_2018.xlsx",184,"2012-53-SAM9","richey_2018","franks","ambiguous: both retained; human review needed"
"stomata-franks_richey_2018.xlsx",152,"2012-53-SAM9","richey_2018","franks","stomata-franks_richey_2018.xlsx",184,"2012-53-SAM9","richey_2018","franks","ambiguous: both retained; human review needed"
"stomata-franks_richey_2018.xlsx",168,"2012-53-SAM9","richey_2018","franks","stomata-franks_richey_2018.xlsx",184,"2012-53-SAM9","richey_2018","franks","ambiguous: both retained; human review needed"
"stomata-franks_richey_2018.xlsx",41,"2012-53-SAM10","richey_2018","franks","stomata-franks_richey_2018.xlsx",185,"2012-53-SAM10","richey_2018","franks","ambiguous: both retained; human review needed"
"stomata-franks_richey_2018.xlsx",73,"2012-53-SAM10","richey_2018","franks","stomata-franks_richey_2018.xlsx",185,"2012-53-SAM10","richey_2018","franks","ambiguous: both retained; human review needed"
"stomata-franks_richey_2018.xlsx",89,"2012-53-SAM10","richey_2018","franks","stomata-franks_richey_2018.xlsx",185,"2012-53-SAM10","richey_2018","franks","ambiguous: both retained; human review needed"
"stomata-franks_richey_2018.xlsx",137,"2012-53-SAM10","richey_2018","franks","stomata-franks_richey_2018.xlsx",185,"2012-53-SAM10","richey_2018","franks","ambiguous: both retained; human review needed"
"stomata-franks_richey_2018.xlsx",153,"2012-53-SAM10","richey_2018","franks","stomata-franks_richey_2018.xlsx",185,"2012-53-SAM10","richey_2018","franks","ambiguous: both retained; human review needed"
"stomata-franks_richey_2018.xlsx",169,"2012-53-SAM10","richey_2018","franks","stomata-franks_richey_2018.xlsx",185,"2012-53-SAM10","richey_2018","franks","ambiguous: both retained; human review needed"
"stomata-franks_richey_2018.xlsx",42,"2012-53-SAM14","richey_2018","franks","stomata-franks_richey_2018.xlsx",186,"2012-53-SAM14","richey_2018","franks","ambiguous: both retained; human review needed"
"stomata-franks_richey_2018.xlsx",74,"2012-53-SAM14","richey_2018","franks","stomata-franks_richey_2018.xlsx",186,"2012-53-SAM14","richey_2018","franks","ambiguous: both retained; human review needed"
"stomata-franks_richey_2018.xlsx",90,"2012-53-SAM14","richey_2018","franks","stomata-franks_richey_2018.xlsx",186,"2012-53-SAM14","richey_2018","franks","ambiguous: both retained; human review needed"
"stomata-franks_richey_2018.xlsx",138,"2012-53-SAM14","richey_2018","franks","stomata-franks_richey_2018.xlsx",186,"2012-53-SAM14","richey_2018","franks","ambiguous: both retained; human review needed"
"stomata-franks_richey_2018.xlsx",154,"2012-53-SAM14","richey_2018","franks","stomata-franks_richey_2018.xlsx",186,"2012-53-SAM14","richey_2018","franks","ambiguous: both retained; human review needed"
"stomata-franks_richey_2018.xlsx",170,"2012-53-SAM14","richey_2018","franks","stomata-franks_richey_2018.xlsx",186,"2012-53-SAM14","richey_2018","franks","ambiguous: both retained; human review needed"
"stomata-franks_richey_2018.xlsx",43,"2012-53-SAM15","richey_2018","franks","stomata-franks_richey_2018.xlsx",187,"2012-53-SAM15","richey_2018","franks","ambiguous: both retained; human review needed"
"stomata-franks_richey_2018.xlsx",75,"2012-53-SAM15","richey_2018","franks","stomata-franks_richey_2018.xlsx",187,"2012-53-SAM15","richey_2018","franks","ambiguous: both retained; human review needed"
"stomata-franks_richey_2018.xlsx",91,"2012-53-SAM15","richey_2018","franks","stomata-franks_richey_2018.xlsx",187,"2012-53-SAM15","richey_2018","franks","ambiguous: both retained; human review needed"
"stomata-franks_richey_2018.xlsx",139,"2012-53-SAM15","richey_2018","franks","stomata-franks_richey_2018.xlsx",187,"2012-53-SAM15","richey_2018","franks","ambiguous: both retained; human review needed"
"stomata-franks_richey_2018.xlsx",155,"2012-53-SAM15","richey_2018","franks","stomata-franks_richey_2018.xlsx",187,"2012-53-SAM15","richey_2018","franks","ambiguous: both retained; human review needed"
"stomata-franks_richey_2018.xlsx",171,"2012-53-SAM15","richey_2018","franks","stomata-franks_richey_2018.xlsx",187,"2012-53-SAM15","richey_2018","franks","ambiguous: both retained; human review needed"
"stomata-franks_richey_2018.xlsx",44,"2012-53-SAM1","richey_2018","franks","stomata-franks_richey_2018.xlsx",188,"2012-53-SAM1","richey_2018","franks","ambiguous: both retained; human review needed"
"stomata-franks_richey_2018.xlsx",76,"2012-53-SAM1","richey_2018","franks","stomata-franks_richey_2018.xlsx",188,"2012-53-SAM1","richey_2018","franks","ambiguous: both retained; human review needed"
"stomata-franks_richey_2018.xlsx",92,"2012-53-SAM1","richey_2018","franks","stomata-franks_richey_2018.xlsx",188,"2012-53-SAM1","richey_2018","franks","ambiguous: both retained; human review needed"
"stomata-franks_richey_2018.xlsx",140,"2012-53-SAM1","richey_2018","franks","stomata-franks_richey_2018.xlsx",188,"2012-53-SAM1","richey_2018","franks","ambiguous: both retained; human review needed"
"stomata-franks_richey_2018.xlsx",156,"2012-53-SAM1","richey_2018","franks","stomata-franks_richey_2018.xlsx",188,"2012-53-SAM1","richey_2018","franks","ambiguous: both retained; human review needed"
"stomata-franks_richey_2018.xlsx",172,"2012-53-SAM1","richey_2018","franks","stomata-franks_richey_2018.xlsx",188,"2012-53-SAM1","richey_2018","franks","ambiguous: both retained; human review needed"
"stomata-franks_richey_2018.xlsx",45,"2012-53-SAM4","richey_2018","franks","stomata-franks_richey_2018.xlsx",189,"2012-53-SAM4","richey_2018","franks","ambiguous: both retained; human review needed"
"stomata-franks_richey_2018.xlsx",77,"2012-53-SAM4","richey_2018","franks","stomata-franks_richey_2018.xlsx",189,"2012-53-SAM4","richey_2018","franks","ambiguous: both retained; human review needed"
"stomata-franks_richey_2018.xlsx",93,"2012-53-SAM4","richey_2018","franks","stomata-franks_richey_2018.xlsx",189,"2012-53-SAM4","richey_2018","franks","ambiguous: both retained; human review needed"
"stomata-franks_richey_2018.xlsx",141,"2012-53-SAM4","richey_2018","franks","stomata-franks_richey_2018.xlsx",189,"2012-53-SAM4","richey_2018","franks","ambiguous: both retained; human review needed"
"stomata-franks_richey_2018.xlsx",157,"2012-53-SAM4","richey_2018","franks","stomata-franks_richey_2018.xlsx",189,"2012-53-SAM4","richey_2018","franks","ambiguous: both retained; human review needed"
"stomata-franks_richey_2018.xlsx",173,"2012-53-SAM4","richey_2018","franks","stomata-franks_richey_2018.xlsx",189,"2012-53-SAM4","richey_2018","franks","ambiguous: both retained; human review needed"
"stomata-franks_richey_2018.xlsx",46,"2012-53-SAM5","richey_2018","franks","stomata-franks_richey_2018.xlsx",190,"2012-53-SAM5","richey_2018","franks","ambiguous: both retained; human review needed"
"stomata-franks_richey_2018.xlsx",78,"2012-53-SAM5","richey_2018","franks","stomata-franks_richey_2018.xlsx",190,"2012-53-SAM5","richey_2018","franks","ambiguous: both retained; human review needed"
"stomata-franks_richey_2018.xlsx",94,"2012-53-SAM5","richey_2018","franks","stomata-franks_richey_2018.xlsx",190,"2012-53-SAM5","richey_2018","franks","ambiguous: both retained; human review needed"
"stomata-franks_richey_2018.xlsx",142,"2012-53-SAM5","richey_2018","franks","stomata-franks_richey_2018.xlsx",190,"2012-53-SAM5","richey_2018","franks","ambiguous: both retained; human review needed"
"stomata-franks_richey_2018.xlsx",158,"2012-53-SAM5","richey_2018","franks","stomata-franks_richey_2018.xlsx",190,"2012-53-SAM5","richey_2018","franks","ambiguous: both retained; human review needed"
"stomata-franks_richey_2018.xlsx",174,"2012-53-SAM5","richey_2018","franks","stomata-franks_richey_2018.xlsx",190,"2012-53-SAM5","richey_2018","franks","ambiguous: both retained; human review needed"
"stomata-franks_richey_2018.xlsx",47,"2012-53-SAM6","richey_2018","franks","stomata-franks_richey_2018.xlsx",191,"2012-53-SAM6","richey_2018","franks","ambiguous: both retained; human review needed"
"stomata-franks_richey_2018.xlsx",79,"2012-53-SAM6","richey_2018","franks","stomata-franks_richey_2018.xlsx",191,"2012-53-SAM6","richey_2018","franks","ambiguous: both retained; human review needed"
"stomata-franks_richey_2018.xlsx",95,"2012-53-SAM6","richey_2018","franks","stomata-franks_richey_2018.xlsx",191,"2012-53-SAM6","richey_2018","franks","ambiguous: both retained; human review needed"
"stomata-franks_richey_2018.xlsx",143,"2012-53-SAM6","richey_2018","franks","stomata-franks_richey_2018.xlsx",191,"2012-53-SAM6","richey_2018","franks","ambiguous: both retained; human review needed"
"stomata-franks_richey_2018.xlsx",159,"2012-53-SAM6","richey_2018","franks","stomata-franks_richey_2018.xlsx",191,"2012-53-SAM6","richey_2018","franks","ambiguous: both retained; human review needed"
"stomata-franks_richey_2018.xlsx",175,"2012-53-SAM6","richey_2018","franks","stomata-franks_richey_2018.xlsx",191,"2012-53-SAM6","richey_2018","franks","ambiguous: both retained; human review needed"
"stomata-franks_richey_2018.xlsx",48,"2012-53-SAM9","richey_2018","franks","stomata-franks_richey_2018.xlsx",192,"2012-53-SAM9","richey_2018","franks","ambiguous: both retained; human review needed"
"stomata-franks_richey_2018.xlsx",80,"2012-53-SAM9","richey_2018","franks","stomata-franks_richey_2018.xlsx",192,"2012-53-SAM9","richey_2018","franks","ambiguous: both retained; human review needed"
"stomata-franks_richey_2018.xlsx",96,"2012-53-SAM9","richey_2018","franks","stomata-franks_richey_2018.xlsx",192,"2012-53-SAM9","richey_2018","franks","ambiguous: both retained; human review needed"
"stomata-franks_richey_2018.xlsx",144,"2012-53-SAM9","richey_2018","franks","stomata-franks_richey_2018.xlsx",192,"2012-53-SAM9","richey_2018","franks","ambiguous: both retained; human review needed"
"stomata-franks_richey_2018.xlsx",160,"2012-53-SAM9","richey_2018","franks","stomata-franks_richey_2018.xlsx",192,"2012-53-SAM9","richey_2018","franks","ambiguous: both retained; human review needed"
"stomata-franks_richey_2018.xlsx",176,"2012-53-SAM9","richey_2018","franks","stomata-franks_richey_2018.xlsx",192,"2012-53-SAM9","richey_2018","franks","ambiguous: both retained; human review needed"
"stomata-franks_richey_2018.xlsx",49,"2012-53-SAM10","richey_2018","franks","stomata-franks_richey_2018.xlsx",193,"2012-53-SAM10","richey_2018","franks","ambiguous: both retained; human review needed"
"stomata-franks_richey_2018.xlsx",81,"2012-53-SAM10","richey_2018","franks","stomata-franks_richey_2018.xlsx",193,"2012-53-SAM10","richey_2018","franks","ambiguous: both retained; human review needed"
"stomata-franks_richey_2018.xlsx",97,"2012-53-SAM10","richey_2018","franks","stomata-franks_richey_2018.xlsx",193,"2012-53-SAM10","richey_2018","franks","ambiguous: both retained; human review needed"
"stomata-franks_richey_2018.xlsx",145,"2012-53-SAM10","richey_2018","franks","stomata-franks_richey_2018.xlsx",193,"2012-53-SAM10","richey_2018","franks","ambiguous: both retained; human review needed"
"stomata-franks_richey_2018.xlsx",161,"2012-53-SAM10","richey_2018","franks","stomata-franks_richey_2018.xlsx",193,"2012-53-SAM10","richey_2018","franks","ambiguous: both retained; human review needed"
"stomata-franks_richey_2018.xlsx",177,"2012-53-SAM10","richey_2018","franks","stomata-franks_richey_2018.xlsx",193,"2012-53-SAM10","richey_2018","franks","ambiguous: both retained; human review needed"
"stomata-franks_richey_2018.xlsx",50,"2012-53-SAM14","richey_2018","franks","stomata-franks_richey_2018.xlsx",194,"2012-53-SAM14","richey_2018","franks","ambiguous: both retained; human review needed"
"stomata-franks_richey_2018.xlsx",82,"2012-53-SAM14","richey_2018","franks","stomata-franks_richey_2018.xlsx",194,"2012-53-SAM14","richey_2018","franks","ambiguous: both retained; human review needed"
"stomata-franks_richey_2018.xlsx",98,"2012-53-SAM14","richey_2018","franks","stomata-franks_richey_2018.xlsx",194,"2012-53-SAM14","richey_2018","franks","ambiguous: both retained; human review needed"
"stomata-franks_richey_2018.xlsx",146,"2012-53-SAM14","richey_2018","franks","stomata-franks_richey_2018.xlsx",194,"2012-53-SAM14","richey_2018","franks","ambiguous: both retained; human review needed"
"stomata-franks_richey_2018.xlsx",162,"2012-53-SAM14","richey_2018","franks","stomata-franks_richey_2018.xlsx",194,"2012-53-SAM14","richey_2018","franks","ambiguous: both retained; human review needed"
"stomata-franks_richey_2018.xlsx",178,"2012-53-SAM14","richey_2018","franks","stomata-franks_richey_2018.xlsx",194,"2012-53-SAM14","richey_2018","franks","ambiguous: both retained; human review needed"
"stomata-franks_richey_2018.xlsx",51,"2012-53-SAM15","richey_2018","franks","stomata-franks_richey_2018.xlsx",195,"2012-53-SAM15","richey_2018","franks","ambiguous: both retained; human review needed"
"stomata-franks_richey_2018.xlsx",83,"2012-53-SAM15","richey_2018","franks","stomata-franks_richey_2018.xlsx",195,"2012-53-SAM15","richey_2018","franks","ambiguous: both retained; human review needed"
"stomata-franks_richey_2018.xlsx",99,"2012-53-SAM15","richey_2018","franks","stomata-franks_richey_2018.xlsx",195,"2012-53-SAM15","richey_2018","franks","ambiguous: both retained; human review needed"
"stomata-franks_richey_2018.xlsx",147,"2012-53-SAM15","richey_2018","franks","stomata-franks_richey_2018.xlsx",195,"2012-53-SAM15","richey_2018","franks","ambiguous: both retained; human review needed"
"stomata-franks_richey_2018.xlsx",163,"2012-53-SAM15","richey_2018","franks","stomata-franks_richey_2018.xlsx",195,"2012-53-SAM15","richey_2018","franks","ambiguous: both retained; human review needed"
"stomata-franks_richey_2018.xlsx",179,"2012-53-SAM15","richey_2018","franks","stomata-franks_richey_2018.xlsx",195,"2012-53-SAM15","richey_2018","franks","ambiguous: both retained; human review needed"
"stomata-si_royer_2001_p1.1.xlsx",22,"Juliaetta site (P6)","royer_2001","si","stomata-si_beerling_2009_p1.0.xlsx",28,"Juliaetta site (P6)","beerling_2009","si","ambiguous: both retained; human review needed"
"stomata-si_kuerschner_2008_p1.0.xlsx",3,"GA","kuerschner_2008","si","stomata-si_beerling_2009_p1.0.xlsx",32,"GA","beerling_2009","si","record 1 retained; record 2 removed/merged"
"stomata-si_kuerschner_2008_p1.0.xlsx",5,"HB2/1,HB2/2","kuerschner_2008","si","stomata-si_beerling_2009_p1.0.xlsx",33,"HB2/1,HB2/2","beerling_2009","si","record 1 retained; record 2 removed/merged"
"stomata-si_kuerschner_2008_p1.0.xlsx",9,"Literature","kuerschner_2008","si","stomata-si_beerling_2009_p1.0.xlsx",34,"Literature","beerling_2009","si","record 1 retained; record 2 removed/merged"
"stomata-sr_passalia_2009.xlsx",4,"Bajo Comisión 1 (BC1)","passalia_2009","sr","stomata-sr_passalia_2009.xlsx",20,"Bajo Comisión 1 (BC1)","passalia_2009","sr","record 1 retained; record 2 removed/merged"
"stomata-sr_passalia_2009.xlsx",5,"Bajo Comisión 1 (BC1)","passalia_2009","sr","stomata-sr_passalia_2009.xlsx",21,"Bajo Comisión 1 (BC1)","passalia_2009","sr","record 1 retained; record 2 removed/merged"
"stomata-sr_passalia_2009.xlsx",6,"Bajo Comisión 1 (BC1)","passalia_2009","sr","stomata-sr_passalia_2009.xlsx",22,"Bajo Comisión 1 (BC1)","passalia_2009","sr","record 1 retained; record 2 removed/merged"
"stomata-sr_passalia_2009.xlsx",7,"Bajo Comisión 1 (BC1)","passalia_2009","sr","stomata-sr_passalia_2009.xlsx",23,"Bajo Comisión 1 (BC1)","passalia_2009","sr","record 1 retained; record 2 removed/merged"
"stomata-sr_passalia_2009.xlsx",8,"Punta del Barco Sur (PBs)","passalia_2009","sr","stomata-sr_passalia_2009.xlsx",24,"Punta del Barco Sur (PBs)","passalia_2009","sr","record 1 retained; record 2 removed/merged"
"stomata-sr_passalia_2009.xlsx",9,"Bajo Grande (Bg)","passalia_2009","sr","stomata-sr_passalia_2009.xlsx",25,"Bajo Grande (Bg)","passalia_2009","sr","record 1 retained; record 2 removed/merged"
"stomata-sr_passalia_2009.xlsx",10,"Bajo Grande (Bg)","passalia_2009","sr","stomata-sr_passalia_2009.xlsx",26,"Bajo Grande (Bg)","passalia_2009","sr","ambiguous: both retained; human review needed"
"stomata-sr_passalia_2009.xlsx",11,"Bajo Grande (Bg)","passalia_2009","sr","stomata-sr_passalia_2009.xlsx",27,"Bajo Grande (Bg)","passalia_2009","sr","record 1 retained; record 2 removed/merged"
"stomata-sr_passalia_2009.xlsx",12,"Bajo Tigre (Bt)","passalia_2009","sr","stomata-sr_passalia_2009.xlsx",28,"Bajo Tigre (Bt)","passalia_2009","sr","record 1 retained; record 2 removed/merged"
"stomata-sr_passalia_2009.xlsx",13,"Bajo Tigre (Bt)","passalia_2009","sr","stomata-sr_passalia_2009.xlsx",29,"Bajo Tigre (Bt)","passalia_2009","sr","record 1 retained; record 2 removed/merged"
"stomata-sr_passalia_2009.xlsx",14,"Anfiteatro de Ticó (At)","passalia_2009","sr","stomata-sr_passalia_2009.xlsx",30,"Anfiteatro de Ticó (At)","passalia_2009","sr","record 1 retained; record 2 removed/merged"
"stomata-sr_passalia_2009.xlsx",15,"Anfiteatro de Ticó (At)","passalia_2009","sr","stomata-sr_passalia_2009.xlsx",31,"Anfiteatro de Ticó (At)","passalia_2009","sr","record 1 retained; record 2 removed/merged"
"stomata-sr_passalia_2009.xlsx",16,"Anfiteatro de Ticó (At)","passalia_2009","sr","stomata-sr_passalia_2009.xlsx",32,"Anfiteatro de Ticó (At)","passalia_2009","sr","record 1 retained; record 2 removed/merged"
"stomata-sr_passalia_2009.xlsx",17,"Anfiteatro de Ticó (At)","passalia_2009","sr","stomata-sr_passalia_2009.xlsx",33,"Anfiteatro de Ticó (At)","passalia_2009","sr","record 1 retained; record 2 removed/merged"
"stomata-sr_passalia_2009.xlsx",18,"Anfiteatro de Ticó (At)","passalia_2009","sr","stomata-sr_passalia_2009.xlsx",34,"Anfiteatro de Ticó (At)","passalia_2009","sr","record 1 retained; record 2 removed/merged"
"stomata-sr_passalia_2009.xlsx",19,"Anfiteatro de Ticó (At)","passalia_2009","sr","stomata-sr_passalia_2009.xlsx",35,"Anfiteatro de Ticó (At)","passalia_2009","sr","record 1 retained; record 2 removed/merged"
"stomata-si_quan_2009.xlsx",5,,"quan_2009","si","stomata-si_quan_2009.xlsx",11,,"quan_2009","si","ambiguous: both retained; human review needed"
"stomata-si_quan_2009.xlsx",4,,"quan_2009","si","stomata-sr_quan_2009.xlsx",4,,"quan_2009","sr","record 1 retained; record 2 removed/merged"
"stomata-si_quan_2009.xlsx",5,,"quan_2009","si","stomata-sr_quan_2009.xlsx",5,,"quan_2009","sr","ambiguous: both retained; human review needed"
"stomata-si_quan_2009.xlsx",11,,"quan_2009","si","stomata-sr_quan_2009.xlsx",5,,"quan_2009","sr","ambiguous: both retained; human review needed"
"stomata-si_quan_2009.xlsx",6,,"quan_2009","si","stomata-sr_quan_2009.xlsx",6,,"quan_2009","sr","record 1 retained; record 2 removed/merged"
"stomata-si_quan_2009.xlsx",7,,"quan_2009","si","stomata-sr_quan_2009.xlsx",7,,"quan_2009","sr","record 1 retained; record 2 removed/merged"
"stomata-si_quan_2009.xlsx",8,,"quan_2009","si","stomata-sr_quan_2009.xlsx",8,,"quan_2009","sr","record 1 retained; record 2 removed/merged"
"stomata-si_quan_2009.xlsx",9,,"quan_2009","si","stomata-sr_quan_2009.xlsx",9,,"quan_2009","sr","record 1 retained; record 2 removed/merged"
"stomata-si_quan_2009.xlsx",10,,"quan_2009","si","stomata-sr_quan_2009.xlsx",10,,"quan_2009","sr","record 1 retained; record 2 removed/merged"
"stomata-si_quan_2009.xlsx",5,,"quan_2009","si","stomata-sr_quan_2009.xlsx",11,,"quan_2009","sr","ambiguous: both retained; human review needed"
"stomata-si_quan_2009.xlsx",11,,"quan_2009","si","stomata-sr_quan_2009.xlsx",11,,"quan_2009","sr","ambiguous: both retained; human review needed"
"stomata-sr_quan_2009.xlsx",5,,"quan_2009","sr","stomata-sr_quan_2009.xlsx",11,,"quan_2009","sr","ambiguous: both retained; human review needed"
"stomata-si_quan_2009.xlsx",12,,"quan_2009","si","stomata-sr_quan_2009.xlsx",12,,"quan_2009","sr","record 1 retained; record 2 removed/merged"
"stomata-si_quan_2009.xlsx",13,,"quan_2009","si","stomata-sr_quan_2009.xlsx",13,,"quan_2009","sr","record 1 retained; record 2 removed/merged"
"stomata-si_quan_2009.xlsx",14,,"quan_2009","si","stomata-sr_quan_2009.xlsx",14,,"quan_2009","sr","record 1 retained; record 2 removed/merged"
"stomata-si_quan_2009.xlsx",4,,"quan_2009","si","stomata-sr_quan_2009.xlsx",15,,"quan_2009","sr","record 1 retained; record 2 removed/merged"
"stomata-sr_steinthorsdottir_2011.xlsx",33,"Bed WL5","steinthorsdottir_2011","sr","stomata-sr_steinthorsdottir_2011.xlsx",49,"Bed WL5","steinthorsdottir_2011","sr","ambiguous: both retained; human review needed"
"stomata-si_wan_2011.xlsx",4,"mean of YN3","wan_2011","si","stomata-si_wan_2011.xlsx",7,"mean of YN3","wan_2011","si","record 1 retained; record 2 removed/merged"
"stomata-si_wan_2011.xlsx",5,"mean of YN2","wan_2011","si","stomata-si_wan_2011.xlsx",8,"mean of YN2","wan_2011","si","record 1 retained; record 2 removed/merged"
"stomata-si_wan_2011.xlsx",6,"mean of YN1","wan_2011","si","stomata-si_wan_2011.xlsx",9,"mean of YN1","wan_2011","si","record 1 retained; record 2 removed/merged"
"stomata-si_wan_2011.xlsx",4,"mean of YN3","wan_2011","si","stomata-si_wan_2011.xlsx",10,"mean of YN3","wan_2011","si","record 1 retained; record 2 removed/merged"
"stomata-si_wan_2011.xlsx",5,"mean of YN2","wan_2011","si","stomata-si_wan_2011.xlsx",11,"mean of YN2","wan_2011","si","record 1 retained; record 2 removed/merged"
"stomata-si_wan_2011.xlsx",6,"mean of YN1","wan_2011","si","stomata-si_wan_2011.xlsx",12,"mean of YN1","wan_2011","si","record 1 retained; record 2 removed/merged"
"stomata-si_quan_2009.xlsx",5,,"quan_2009","si","stomata-sr_quan_2009.xlsx",16,,"quan_2009","sr","ambiguous: both retained; human review needed"
"stomata-si_quan_2009.xlsx",11,,"quan_2009","si","stomata-sr_quan_2009.xlsx",16,,"quan_2009","sr","ambiguous: both retained; human review needed"
"stomata-sr_quan_2009.xlsx",5,,"quan_2009","sr","stomata-sr_quan_2009.xlsx",16,,"quan_2009","sr","ambiguous: both retained; human review needed"
"stomata-sr_quan_2009.xlsx",11,,"quan_2009","sr","stomata-sr_quan_2009.xlsx",16,,"quan_2009","sr","ambiguous: both retained; human review needed"
"stomata-si_quan_2009.xlsx",6,,"quan_2009","si","stomata-sr_quan_2009.xlsx",17,,"quan_2009","sr","record 1 retained; record 2 removed/merged"
"stomata-si_quan_2009.xlsx",7,,"quan_2009","si","stomata-sr_quan_2009.xlsx",18,,"quan_2009","sr","record 1 retained; record 2 removed/merged"
"stomata-sd_hu_2015.xlsx",4,"Quercus preguyavifolia (HST)","hu_2015","sd","stomata-si_hu_2015.xlsx",4,"Quercus preguyavifolia (HST)","hu_2015","si","record 1 retained; record 2 removed/merged"
"stomata-sd_hu_2015.xlsx",5,"Quercus preguyavifolia (QFC)","hu_2015","sd","stomata-si_hu_2015.xlsx",5,"Quercus preguyavifolia (QFC)","hu_2015","si","record 1 retained; record 2 removed/merged"
"stomata-sr_mays_2015.xlsx",4,"See paper for GNS reg.nr.","mays_2015","sr","stomata-sr_mays_2015.xlsx",5,"See paper for GNS reg.nr.","mays_2015","sr","record 1 retained; record 2 removed/merged"
"stomata-sr_mays_2015.xlsx",4,"See paper for GNS reg.nr.","mays_2015","sr","stomata-sr_mays_2015.xlsx",6,"See paper for GNS reg.nr.","mays_2015","sr","record 1 retained; record 2 removed/merged"
"stomata-sr_mays_2015.xlsx",4,"See paper for GNS reg.nr.","mays_2015","sr","stomata-sr_mays_2015.xlsx",7,"See paper for GNS reg.nr.","mays_2015","sr","record 1 retained; record 2 removed/merged"
"stomata-si_quan_2009.xlsx",8,,"quan_2009","si","stomata-sr_quan_2009.xlsx",19,,"quan_2009","sr","record 1 retained; record 2 removed/merged"
"stomata-sr_du_2016.xlsx",4,"Hanxiak195-2-10","du_2016","sr","stomata-sr_du_2016.xlsx",72,"Hanxiak195-2-10","du_2016","sr","record 1 retained; record 2 removed/merged"
"stomata-sr_du_2016.xlsx",5,"Hanxiak195-2-10","du_2016","sr","stomata-sr_du_2016.xlsx",73,"Hanxiak195-2-10","du_2016","sr","record 1 retained; record 2 removed/merged"
"stomata-sr_du_2016.xlsx",6,"Hanxiak195-2-10","du_2016","sr","stomata-sr_du_2016.xlsx",74,"Hanxiak195-2-10","du_2016","sr","record 1 retained; record 2 removed/merged"
"stomata-sr_du_2016.xlsx",7,"Hanxiak195-2-10","du_2016","sr","stomata-sr_du_2016.xlsx",75,"Hanxiak195-2-10","du_2016","sr","record 1 retained; record 2 removed/merged"
"stomata-sr_du_2016.xlsx",8,"Hanxiak195-2-10","du_2016","sr","stomata-sr_du_2016.xlsx",76,"Hanxiak195-2-10","du_2016","sr","record 1 retained; record 2 removed/merged"
"stomata-sr_du_2016.xlsx",9,"Hanxiak195-2-11","du_2016","sr","stomata-sr_du_2016.xlsx",77,"Hanxiak195-2-11","du_2016","sr","record 1 retained; record 2 removed/merged"
"stomata-sr_du_2016.xlsx",10,"Hanxiak195-2-11","du_2016","sr","stomata-sr_du_2016.xlsx",78,"Hanxiak195-2-11","du_2016","sr","record 1 retained; record 2 removed/merged"
"stomata-sr_du_2016.xlsx",11,"Hanxiak195-2-11","du_2016","sr","stomata-sr_du_2016.xlsx",79,"Hanxiak195-2-11","du_2016","sr","record 1 retained; record 2 removed/merged"
"stomata-sr_du_2016.xlsx",12,"Hanxiak195-2-11","du_2016","sr","stomata-sr_du_2016.xlsx",80,"Hanxiak195-2-11","du_2016","sr","record 1 retained; record 2 removed/merged"
"stomata-sr_du_2016.xlsx",13,"Hanxiak195-2-11","du_2016","sr","stomata-sr_du_2016.xlsx",81,"Hanxiak195-2-11","du_2016","sr","record 1 retained; record 2 removed/merged"
"stomata-sr_du_2016.xlsx",14,"Hanxiak195-3-132","du_2016","sr","stomata-sr_du_2016.xlsx",82,"Hanxiak195-3-132","du_2016","sr","record 1 retained; record 2 removed/merged"
"stomata-sr_du_2016.xlsx",15,"Hanxiak195-3-132","du_2016","sr","stomata-sr_du_2016.xlsx",83,"Hanxiak195-3-132","du_2016","sr","record 1 retained; record 2 removed/merged"
"stomata-sr_du_2016.xlsx",16,"Hanxiak195-3-132","du_2016","sr","stomata-sr_du_2016.xlsx",84,"Hanxiak195-3-132","du_2016","sr","record 1 retained; record 2 removed/merged"
"stomata-sr_du_2016.xlsx",17,"Hanxiak195-3-132","du_2016","sr","stomata-sr_du_2016.xlsx",85,"Hanxiak195-3-132","du_2016","sr","record 1 retained; record 2 removed/merged"
"stomata-sr_du_2016.xlsx",18,"Hanxiak195-3-132","du_2016","sr","stomata-sr_du_2016.xlsx",86,"Hanxiak195-3-132","du_2016","sr","record 1 retained; record 2 removed/merged"
"stomata-sr_du_2016.xlsx",19,"Hanxiak195-3-152","du_2016","sr","stomata-sr_du_2016.xlsx",87,"Hanxiak195-3-152","du_2016","sr","record 1 retained; record 2 removed/merged"
"stomata-sr_du_2016.xlsx",20,"Hanxiak195-3-152","du_2016","sr","stomata-sr_du_2016.xlsx",88,"Hanxiak195-3-152","du_2016","sr","record 1 retained; record 2 removed/merged"
"stomata-sr_du_2016.xlsx",21,"Hanxiak195-3-152","du_2016","sr","stomata-sr_du_2016.xlsx",89,"Hanxiak195-3-152","du_2016","sr","record 1 retained; record 2 removed/merged"
"stomata-sr_du_2016.xlsx",22,"Hanxiak195-3-152","du_2016","sr","stomata-sr_du_2016.xlsx",90,"Hanxiak195-3-152","du_2016","sr","record 1 retained; record 2 removed/merged"
"stomata-sr_du_2016.xlsx",23,"Hanxiak195-3-152","du_2016","sr","stomata-sr_du_2016.xlsx",91,"Hanxiak195-3-152","du_2016","sr","record 1 retained; record 2 removed/merged"
"stomata-sr_du_2016.xlsx",24,"Hanxiak195-4-1","du_2016","sr","stomata-sr_du_2016.xlsx",92,"Hanxiak195-4-1","du_2016","sr","record 1 retained; record 2 removed/merged"
"stomata-sr_du_2016.xlsx",25,"Hanxiak195-4-1","du_2016","sr","stomata-sr_du_2016.xlsx",93,"Hanxiak195-4-1","du_2016","sr","record 1 retained; record 2 removed/merged"
"stomata-sr_du_2016.xlsx",26,"Hanxiak195-4-1","du_2016","sr","stomata-sr_du_2016.xlsx",94,"Hanxiak195-4-1","du_2016","sr","record 1 retained; record 2 removed/merged"
"stomata-sr_du_2016.xlsx",27,"Hanxiak195-4-1","du_2016","sr","stomata-sr_du_2016.xlsx",95,"Hanxiak195-4-1","du_2016","sr","record 1 retained; record 2 removed/merged"
"stomata-sr_du_2016.xlsx",28,"Hanxiak195-4-1","du_2016","sr","stomata-sr_du_2016.xlsx",96,"Hanxiak195-4-1","du_2016","sr","record 1 retained; record 2 removed/merged"
"stomata-sr_du_2016.xlsx",29,"Hanxiak195-4-29","du_2016","sr","stomata-sr_du_2016.xlsx",97,"Hanxiak195-4-29","du_2016","sr","record 1 retained; record 2 removed/merged"
"stomata-sr_du_2016.xlsx",30,"Hanxiak195-4-29","du_2016","sr","stomata-sr_du_2016.xlsx",98,"Hanxiak195-4-29","du_2016","sr","record 1 retained; record 2 removed/merged"
"stomata-sr_du_2016.xlsx",31,"Hanxiak195-4-29","du_2016","sr","stomata-sr_du_2016.xlsx",99,"Hanxiak195-4-29","du_2016","sr","record 1 retained; record 2 removed/merged"
"stomata-sr_du_2016.xlsx",32,"Hanxiak195-4-29","du_2016","sr","stomata-sr_du_2016.xlsx",100,"Hanxiak195-4-29","du_2016","sr","record 1 retained; record 2 removed/merged"
"stomata-sr_du_2016.xlsx",33,"Hanxiak195-4-29","du_2016","sr","stomata-sr_du_2016.xlsx",101,"Hanxiak195-4-29","du_2016","sr","record 1 retained; record 2 removed/merged"
"stomata-sr_du_2016.xlsx",34,"Hanxiak195-5-29","du_2016","sr","stomata-sr_du_2016.xlsx",102,"Hanxiak195-5-29","du_2016","sr","record 1 retained; record 2 removed/merged"
"stomata-sr_du_2016.xlsx",35,"Hanxiak195-5-29","du_2016","sr","stomata-sr_du_2016.xlsx",103,"Hanxiak195-5-29","du_2016","sr","record 1 retained; record 2 removed/merged"
"stomata-sr_du_2016.xlsx",36,"Hanxiak195-5-29","du_2016","sr","stomata-sr_du_2016.xlsx",104,"Hanxiak195-5-29","du_2016","sr","record 1 retained; record 2 removed/merged"
"stomata-sr_du_2016.xlsx",37,"Hanxiak195-5-29","du_2016","sr","stomata-sr_du_2016.xlsx",105,"Hanxiak195-5-29","du_2016","sr","record 1 retained; record 2 removed/merged"
"stomata-sr_du_2016.xlsx",38,"Hanxiak195-5-29","du_2016","sr","stomata-sr_du_2016.xlsx",106,"Hanxiak195-5-29","du_2016","sr","record 1 retained; record 2 removed/merged"
"stomata-sr_du_2016.xlsx",39,"Hanxiak195-5-8","du_2016","sr","stomata-sr_du_2016.xlsx",107,"Hanxiak195-5-8","du_2016","sr","record 1 retained; record 2 removed/merged"
"stomata-sr_du_2016.xlsx",40,"Hanxiak195-5-8","du_2016","sr","stomata-sr_du_2016.xlsx",108,"Hanxiak195-5-8","du_2016","sr","record 1 retained; record 2 removed/merged"
"stomata-sr_du_2016.xlsx",41,"Hanxiak195-5-8","du_2016","sr","stomata-sr_du_2016.xlsx",109,"Hanxiak195-5-8","du_2016","sr","record 1 retained; record 2 removed/merged"
"stomata-sr_du_2016.xlsx",42,"Hanxiak195-5-8","du_2016","sr","stomata-sr_du_2016.xlsx",110,"Hanxiak195-5-8","du_2016","sr","record 1 retained; record 2 removed/merged"
"stomata-sr_du_2016.xlsx",43,"Hanxiak195-5-8","du_2016","sr","stomata-sr_du_2016.xlsx",111,"Hanxiak195-5-8","du_2016","sr","record 1 retained; record 2 removed/merged"
"stomata-sr_du_2016.xlsx",44,"Hanxiak195-6-1","du_2016","sr","stomata-sr_du_2016.xlsx",112,"Hanxiak195-6-1","du_2016","sr","record 1 retained; record 2 removed/merged"
"stomata-sr_du_2016.xlsx",45,"Hanxiak195-6-1","du_2016","sr","stomata-sr_du_2016.xlsx",113,"Hanxiak195-6-1","du_2016","sr","record 1 retained; record 2 removed/merged"
"stomata-sr_du_2016.xlsx",46,"Hanxiak195-6-1","du_2016","sr","stomata-sr_du_2016.xlsx",114,"Hanxiak195-6-1","du_2016","sr","record 1 retained; record 2 removed/merged"
"stomata-sr_du_2016.xlsx",47,"Hanxiak195-6-1","du_2016","sr","stomata-sr_du_2016.xlsx",115,"Hanxiak195-6-1","du_2016","sr","record 1 retained; record 2 removed/merged"
"stomata-sr_du_2016.xlsx",48,"Hanxiak195-6-1","du_2016","sr","stomata-sr_du_2016.xlsx",116,"Hanxiak195-6-1","du_2016","sr","record 1 retained; record 2 removed/merged"
"stomata-sr_du_2016.xlsx",49,"Hanxiak195-6-2","du_2016","sr","stomata-sr_du_2016.xlsx",117,"Hanxiak195-6-2","du_2016","sr","record 1 retained; record 2 removed/merged"
"stomata-sr_du_2016.xlsx",50,"Hanxiak195-6-2","du_2016","sr","stomata-sr_du_2016.xlsx",118,"Hanxiak195-6-2","du_2016","sr","record 1 retained; record 2 removed/merged"
"stomata-sr_du_2016.xlsx",51,"Hanxiak195-6-2","du_2016","sr","stomata-sr_du_2016.xlsx",119,"Hanxiak195-6-2","du_2016","sr","record 1 retained; record 2 removed/merged"
"stomata-sr_du_2016.xlsx",52,"Hanxiak195-6-2","du_2016","sr","stomata-sr_du_2016.xlsx",120,"Hanxiak195-6-2","du_2016","sr","record 1 retained; record 2 removed/merged"
"stomata-sr_du_2016.xlsx",53,"Hanxiak195-6-2","du_2016","sr","stomata-sr_du_2016.xlsx",121,"Hanxiak195-6-2","du_2016","sr","record 1 retained; record 2 removed/merged"
"stomata-sr_du_2016.xlsx",54,"Hanxiak195-3-13","du_2016","sr","stomata-sr_du_2016.xlsx",122,"Hanxiak195-3-13","du_2016","sr","record 1 retained; record 2 removed/merged"
"stomata-sr_du_2016.xlsx",55,"Hanxiak195-3-13","du_2016","sr","stomata-sr_du_2016.xlsx",123,"Hanxiak195-3-13","du_2016","sr","record 1 retained; record 2 removed/merged"
"stomata-sr_du_2016.xlsx",56,"Hanxiak195-3-13","du_2016","sr","stomata-sr_du_2016.xlsx",124,"Hanxiak195-3-13","du_2016","sr","record 1 retained; record 2 removed/merged"
"stomata-sr_du_2016.xlsx",57,"Hanxiak195-3-13","du_2016","sr","stomata-sr_du_2016.xlsx",125,"Hanxiak195-3-13","du_2016","sr","record 1 retained; record 2 removed/merged"
"stomata-sr_du_2016.xlsx",58,"Hanxiak195-3-13","du_2016","sr","stomata-sr_du_2016.xlsx",126,"Hanxiak195-3-13","du_2016","sr","record 1 retained; record 2 removed/merged"
"stomata-sr_du_2016.xlsx",59,"Hanxiak195-3-13","du_2016","sr","stomata-sr_du_2016.xlsx",127,"Hanxiak195-3-13","du_2016","sr","record 1 retained; record 2 removed/merged"
"stomata-sr_du_2016.xlsx",60,"Hanxiak195-3-18","du_2016","sr","stomata-sr_du_2016.xlsx",128,"Hanxiak195-3-18","du_2016","sr","record 1 retained; record 2 removed/merged"
"stomata-sr_du_2016.xlsx",61,"Hanxiak195-3-18","du_2016","sr","stomata-sr_du_2016.xlsx",129,"Hanxiak195-3-18","du_2016","sr","record 1 retained; record 2 removed/merged"
"stomata-sr_du_2016.xlsx",62,"Hanxiak195-3-18","du_2016","sr","stomata-sr_du_2016.xlsx",130,"Hanxiak195-3-18","du_2016","sr","record 1 retained; record 2 removed/merged"
"stomata-sr_du_2016.xlsx",63,"Hanxiak195-3-18","du_2016","sr","stomata-sr_du_2016.xlsx",131,"Hanxiak195-3-18","du_2016","sr","record 1 retained; record 2 removed/merged"
"stomata-sr_du_2016.xlsx",64,"Hanxiak195-3-18","du_2016","sr","stomata-sr_du_2016.xlsx",132,"Hanxiak195-3-18","du_2016","sr","record 1 retained; record 2 removed/merged"
"stomata-sr_du_2016.xlsx",65,"Hanxiak195-3-18","du_2016","sr","stomata-sr_du_2016.xlsx",133,"Hanxiak195-3-18","du_2016","sr","record 1 retained; record 2 removed/merged"
"stomata-sr_du_2016.xlsx",66,"Hanxiak195-5-11(A)","du_2016","sr","stomata-sr_du_2016.xlsx",134,"Hanxiak195-5-11(A)","du_2016","sr","record 1 retained; record 2 removed/merged"
"stomata-sr_du_2016.xlsx",67,"Hanxiak195-5-11(A)","du_2016","sr","stomata-sr_du_2016.xlsx",135,"Hanxiak195-5-11(A)","du_2016","sr","record 1 retained; record 2 removed/merged"
"stomata-sr_du_2016.xlsx",68,"Hanxiak195-5-11(A)","du_2016","sr","stomata-sr_du_2016.xlsx",136,"Hanxiak195-5-11(A)","du_2016","sr","record 1 retained; record 2 removed/merged"
"stomata-sr_du_2016.xlsx",69,"Hanxiak195-5-11(A)","du_2016","sr","stomata-sr_du_2016.xlsx",137,"Hanxiak195-5-11(A)","du_2016","sr","record 1 retained; record 2 removed/merged"
"stomata-sr_du_2016.xlsx",70,"Hanxiak195-5-11(A)","du_2016","sr","stomata-sr_du_2016.xlsx",138,"Hanxiak195-5-11(A)","du_2016","sr","record 1 retained; record 2 removed/merged"
"stomata-sr_du_2016.xlsx",71,"Hanxiak195-5-11(A)","du_2016","sr","stomata-sr_du_2016.xlsx",139,"Hanxiak195-5-11(A)","du_2016","sr","record 1 retained; record 2 removed/merged"
"stomata-sd_huang_2016.xlsx",4,"Quercus heqingensis (HQHY)","huang_2016","sd","stomata-si_huang_2016.xlsx",4,"Quercus heqingensis (HQHY)","huang_2016","si","record 1 retained; record 2 removed/merged"
"stomata-si_quan_2009.xlsx",9,,"quan_2009","si","stomata-sr_quan_2009.xlsx",20,,"quan_2009","sr","record 1 retained; record 2 removed/merged"
"stomata-sr_sun_2016.xlsx",4,,"sun_2016","sr","stomata-sr_sun_2016.xlsx",8,,"sun_2016","sr","record 1 retained; record 2 removed/merged"
"stomata-sr_sun_2016.xlsx",5,,"sun_2016","sr","stomata-sr_sun_2016.xlsx",9,,"sun_2016","sr","record 1 retained; record 2 removed/merged"
"stomata-sr_sun_2016.xlsx",6,,"sun_2016","sr","stomata-sr_sun_2016.xlsx",10,,"sun_2016","sr","record 1 retained; record 2 removed/merged"
"stomata-sr_sun_2016.xlsx",7,,"sun_2016","sr","stomata-sr_sun_2016.xlsx",11,,"sun_2016","sr","record 1 retained; record 2 removed/merged"
"stomata-sr_sun_2016.xlsx",4,,"sun_2016","sr","stomata-sr_sun_2016.xlsx",12,,"sun_2016","sr","record 1 retained; record 2 removed/merged"
"stomata-sr_sun_2016.xlsx",5,,"sun_2016","sr","stomata-sr_sun_2016.xlsx",13,,"sun_2016","sr","record 1 retained; record 2 removed/merged"
"stomata-sr_sun_2016.xlsx",6,,"sun_2016","sr","stomata-sr_sun_2016.xlsx",14,,"sun_2016","sr","record 1 retained; record 2 removed/merged"
"stomata-sr_sun_2016.xlsx",7,,"sun_2016","sr","stomata-sr_sun_2016.xlsx",15,,"sun_2016","sr","record 1 retained; record 2 removed/merged"
"stomata-si_jin_2017.xlsx",4,"176-1","jin_2017","si","stomata-sr_jin_2017.xlsx",4,"176-1","jin_2017","sr","record 1 retained; record 2 removed/merged"
"stomata-si_jin_2017.xlsx",5,"176-2","jin_2017","si","stomata-sr_jin_2017.xlsx",5,"176-2","jin_2017","sr","record 1 retained; record 2 removed/merged"
"stomata-si_jin_2017.xlsx",6,"176-3","jin_2017","si","stomata-sr_jin_2017.xlsx",6,"176-3","jin_2017","sr","record 1 retained; record 2 removed/merged"
"stomata-si_jin_2017.xlsx",7,"176-4","jin_2017","si","stomata-sr_jin_2017.xlsx",7,"176-4","jin_2017","sr","record 1 retained; record 2 removed/merged"
"stomata-si_jin_2017.xlsx",8,"176-5","jin_2017","si","stomata-sr_jin_2017.xlsx",8,"176-5","jin_2017","sr","record 1 retained; record 2 removed/merged"
"stomata-si_jin_2017.xlsx",9,"176-6","jin_2017","si","stomata-sr_jin_2017.xlsx",9,"176-6","jin_2017","sr","record 1 retained; record 2 removed/merged"
"stomata-si_jin_2017.xlsx",10,"176-average","jin_2017","si","stomata-sr_jin_2017.xlsx",10,"176-average","jin_2017","sr","record 1 retained; record 2 removed/merged"
"stomata-si_jin_2017.xlsx",11,"184-1","jin_2017","si","stomata-sr_jin_2017.xlsx",11,"184-1","jin_2017","sr","record 1 retained; record 2 removed/merged"
"stomata-si_jin_2017.xlsx",12,"184-2","jin_2017","si","stomata-sr_jin_2017.xlsx",12,"184-2","jin_2017","sr","record 1 retained; record 2 removed/merged"
"stomata-si_jin_2017.xlsx",13,"184-3","jin_2017","si","stomata-sr_jin_2017.xlsx",13,"184-3","jin_2017","sr","record 1 retained; record 2 removed/merged"
"stomata-si_jin_2017.xlsx",14,"184-average","jin_2017","si","stomata-sr_jin_2017.xlsx",14,"184-average","jin_2017","sr","record 1 retained; record 2 removed/merged"
"stomata-si_jin_2017.xlsx",15,"186-1","jin_2017","si","stomata-sr_jin_2017.xlsx",15,"186-1","jin_2017","sr","ambiguous: both retained; human review needed"
"stomata-si_jin_2017.xlsx",16,"186-2","jin_2017","si","stomata-sr_jin_2017.xlsx",16,"186-2","jin_2017","sr","ambiguous: both retained; human review needed"
"stomata-si_jin_2017.xlsx",17,"186-3","jin_2017","si","stomata-sr_jin_2017.xlsx",17,"186-3","jin_2017","sr","ambiguous: both retained; human review needed"
"stomata-si_jin_2017.xlsx",18,"186-average","jin_2017","si","stomata-sr_jin_2017.xlsx",18,"186-average","jin_2017","sr","ambiguous: both retained; human review needed"
"stomata-si_jin_2017.xlsx",19,"185-1","jin_2017","si","stomata-sr_jin_2017.xlsx",19,"185-1","jin_2017","sr","record 1 retained; record 2 removed/merged"
"stomata-si_jin_2017.xlsx",20,"185-2","jin_2017","si","stomata-sr_jin_2017.xlsx",20,"185-2","jin_2017","sr","record 1 retained; record 2 removed/merged"
"stomata-si_jin_2017.xlsx",21,"185-3","jin_2017","si","stomata-sr_jin_2017.xlsx",21,"185-3","jin_2017","sr","record 1 retained; record 2 removed/merged"
"stomata-si_jin_2017.xlsx",22,"185-average","jin_2017","si","stomata-sr_jin_2017.xlsx",22,"185-average","jin_2017","sr","record 1 retained; record 2 removed/merged"
"stomata-si_quan_2009.xlsx",10,,"quan_2009","si","stomata-sr_quan_2009.xlsx",21,,"quan_2009","sr","record 1 retained; record 2 removed/merged"
"stomata-sr_dai_2018.xlsx",4,"YA5-2","dai_2018","sr","stomata-sr_dai_2018.xlsx",20,"YA5-2","dai_2018","sr","record 1 retained; record 2 removed/merged"
"stomata-sr_dai_2018.xlsx",5,"YA5-3","dai_2018","sr","stomata-sr_dai_2018.xlsx",21,"YA5-3","dai_2018","sr","record 1 retained; record 2 removed/merged"
"stomata-sr_dai_2018.xlsx",6,"YA5-4","dai_2018","sr","stomata-sr_dai_2018.xlsx",22,"YA5-4","dai_2018","sr","record 1 retained; record 2 removed/merged"
"stomata-sr_dai_2018.xlsx",7,"YA5-5","dai_2018","sr","stomata-sr_dai_2018.xlsx",23,"YA5-5","dai_2018","sr","record 1 retained; record 2 removed/merged"
"stomata-sr_dai_2018.xlsx",8,"YA5-6","dai_2018","sr","stomata-sr_dai_2018.xlsx",24,"YA5-6","dai_2018","sr","record 1 retained; record 2 removed/merged"
"stomata-sr_dai_2018.xlsx",9,"YA5-7","dai_2018","sr","stomata-sr_dai_2018.xlsx",25,"YA5-7","dai_2018","sr","record 1 retained; record 2 removed/merged"
"stomata-sr_dai_2018.xlsx",10,"SX9-3","dai_2018","sr","stomata-sr_dai_2018.xlsx",26,"SX9-3","dai_2018","sr","record 1 retained; record 2 removed/merged"
"stomata-sr_dai_2018.xlsx",11,"SX9-5","dai_2018","sr","stomata-sr_dai_2018.xlsx",27,"SX9-5","dai_2018","sr","record 1 retained; record 2 removed/merged"
"stomata-sr_dai_2018.xlsx",12,"SX9-6","dai_2018","sr","stomata-sr_dai_2018.xlsx",28,"SX9-6","dai_2018","sr","record 1 retained; record 2 removed/merged"
"stomata-sr_dai_2018.xlsx",13,"SX9-8","dai_2018","sr","stomata-sr_dai_2018.xlsx",29,"SX9-8","dai_2018","sr","record 1 retained; record 2 removed/merged"
"stomata-sr_dai_2018.xlsx",14,"GX18-1","dai_2018","sr","stomata-sr_dai_2018.xlsx",30,"GX18-1","dai_2018","sr","record 1 retained; record 2 removed/merged"
"stomata-sr_dai_2018.xlsx",15,"GX18-4","dai_2018","sr","stomata-sr_dai_2018.xlsx",31,"GX18-4","dai_2018","sr","record 1 retained; record 2 removed/merged"
"stomata-sr_dai_2018.xlsx",16,"GX18-5","dai_2018","sr","stomata-sr_dai_2018.xlsx",32,"GX18-5","dai_2018","sr","record 1 retained; record 2 removed/merged"
"stomata-sr_dai_2018.xlsx",17,"GX18-17","dai_2018","sr","stomata-sr_dai_2018.xlsx",33,"GX18-17","dai_2018","sr","record 1 retained; record 2 removed/merged"
"stomata-sr_dai_2018.xlsx",18,"GX18-25","dai_2018","sr","stomata-sr_dai_2018.xlsx",34,"GX18-25","dai_2018","sr","record 1 retained; record 2 removed/merged"
"stomata-sr_dai_2018.xlsx",19,"GX18-28","dai_2018","sr","stomata-sr_dai_2018.xlsx",35,"GX18-28","dai_2018","sr","record 1 retained; record 2 removed/merged"
"stomata-si_quan_2009.xlsx",5,,"quan_2009","si","stomata-sr_quan_2009.xlsx",22,,"quan_2009","sr","ambiguous: both retained; human review needed"
"stomata-si_quan_2009.xlsx",11,,"quan_2009","si","stomata-sr_quan_2009.xlsx",22,,"quan_2009","sr","ambiguous: both retained; human review needed"
"stomata-sr_quan_2009.xlsx",5,,"quan_2009","sr","stomata-sr_quan_2009.xlsx",22,,"quan_2009","sr","ambiguous: both retained; human review needed"
"stomata-sr_quan_2009.xlsx",11,,"quan_2009","sr","stomata-sr_quan_2009.xlsx",22,,"quan_2009","sr","ambiguous: both retained; human review needed"
"stomata-sr_quan_2009.xlsx",16,,"quan_2009","sr","stomata-sr_quan_2009.xlsx",22,,"quan_2009","sr","ambiguous: both retained; human review needed"
"stomata-sr_sun_2018.xlsx",4,"Daohugou region","sun_2018","sr","stomata-sr_sun_2018.xlsx",5,"Daohugou region","sun_2018","sr","record 1 retained; record 2 removed/merged"
"stomata-sr_sun_2018.xlsx",4,"Daohugou region","sun_2018","sr","stomata-sr_sun_2018.xlsx",6,"Daohugou region","sun_2018","sr","record 1 retained; record 2 removed/merged"
"stomata-franks_li_2019.xlsx",4,"ds-2-11-(5)","li_2019","franks","stomata-franks_li_2019.xlsx",53,"ds-2-11-(5)","li_2019","franks","ambiguous: both retained; human review needed"
"stomata-franks_li_2019.xlsx",5,"ds-2-11-(5)","li_2019","franks","stomata-franks_li_2019.xlsx",54,"ds-2-11-(5)","li_2019","franks","ambiguous: both retained; human review needed"
"stomata-franks_li_2019.xlsx",6,"ds-2-11-(5)","li_2019","franks","stomata-franks_li_2019.xlsx",55,"ds-2-11-(5)","li_2019","franks","ambiguous: both retained; human review needed"
"stomata-franks_li_2019.xlsx",7,"ds-2-11-(6)","li_2019","franks","stomata-franks_li_2019.xlsx",56,"ds-2-11-(6)","li_2019","franks","ambiguous: both retained; human review needed"
"stomata-franks_li_2019.xlsx",8,"ds-2-11-(6)","li_2019","franks","stomata-franks_li_2019.xlsx",57,"ds-2-11-(6)","li_2019","franks","ambiguous: both retained; human review needed"
"stomata-franks_li_2019.xlsx",9,"ds-2-11-(6)","li_2019","franks","stomata-franks_li_2019.xlsx",58,"ds-2-11-(6)","li_2019","franks","ambiguous: both retained; human review needed"
"stomata-franks_li_2019.xlsx",10,"ds-2-11-(6)","li_2019","franks","stomata-franks_li_2019.xlsx",59,"ds-2-11-(6)","li_2019","franks","ambiguous: both retained; human review needed"
"stomata-franks_li_2019.xlsx",11,"ds-2-11-(13)","li_2019","franks","stomata-franks_li_2019.xlsx",60,"ds-2-11-(13)","li_2019","franks","ambiguous: both retained; human review needed"
"stomata-franks_li_2019.xlsx",12,"ds-2-15-(1)","li_2019","franks","stomata-franks_li_2019.xlsx",61,"ds-2-15-(1)","li_2019","franks","ambiguous: both retained; human review needed"
"stomata-franks_li_2019.xlsx",13,"ds-2-15-(1)","li_2019","franks","stomata-franks_li_2019.xlsx",62,"ds-2-15-(1)","li_2019","franks","ambiguous: both retained; human review needed"
"stomata-franks_li_2019.xlsx",14,"ds-2-16-(2)","li_2019","franks","stomata-franks_li_2019.xlsx",63,"ds-2-16-(2)","li_2019","franks","ambiguous: both retained; human review needed"
"stomata-franks_li_2019.xlsx",15,"ds-2-18-(1)","li_2019","franks","stomata-franks_li_2019.xlsx",64,"ds-2-18-(1)","li_2019","franks","ambiguous: both retained; human review needed"
"stomata-franks_li_2019.xlsx",16,"ds-2-18-(1)","li_2019","franks","stomata-franks_li_2019.xlsx",65,"ds-2-18-(1)","li_2019","franks","ambiguous: both retained; human review needed"
"stomata-franks_li_2019.xlsx",17,"ds-2-18-(1)","li_2019","franks","stomata-franks_li_2019.xlsx",66,"ds-2-18-(1)","li_2019","franks","ambiguous: both retained; human review needed"
"stomata-franks_li_2019.xlsx",18,"ds-2-18-(1)","li_2019","franks","stomata-franks_li_2019.xlsx",67,"ds-2-18-(1)","li_2019","franks","ambiguous: both retained; human review needed"
"stomata-franks_li_2019.xlsx",19,"ds-2-18-(1)","li_2019","franks","stomata-franks_li_2019.xlsx",68,"ds-2-18-(1)","li_2019","franks","ambiguous: both retained; human review needed"
"stomata-franks_li_2019.xlsx",20,"ds-2-18-(2)","li_2019","franks","stomata-franks_li_2019.xlsx",69,"ds-2-18-(2)","li_2019","franks","ambiguous: both retained; human review needed"
"stomata-franks_li_2019.xlsx",21,"ds-2-18-(2)","li_2019","franks","stomata-franks_li_2019.xlsx",70,"ds-2-18-(2)","li_2019","franks","ambiguous: both retained; human review needed"
"stomata-franks_li_2019.xlsx",22,"ds-2-18-(2)","li_2019","franks","stomata-franks_li_2019.xlsx",71,"ds-2-18-(2)","li_2019","franks","ambiguous: both retained; human review needed"
"stomata-franks_li_2019.xlsx",23,"ds-2-18-(2)","li_2019","franks","stomata-franks_li_2019.xlsx",72,"ds-2-18-(2)","li_2019","franks","ambiguous: both retained; human review needed"
"stomata-franks_li_2019.xlsx",24,"ds-2-18-(2)","li_2019","franks","stomata-franks_li_2019.xlsx",73,"ds-2-18-(2)","li_2019","franks","ambiguous: both retained; human review needed"
"stomata-franks_li_2019.xlsx",25,"ds-2-18-(2)","li_2019","franks","stomata-franks_li_2019.xlsx",74,"ds-2-18-(2)","li_2019","franks","ambiguous: both retained; human review needed"
"stomata-franks_li_2019.xlsx",26,"ds-2-18-(2)","li_2019","franks","stomata-franks_li_2019.xlsx",75,"ds-2-18-(2)","li_2019","franks","ambiguous: both retained; human review needed"
"stomata-franks_li_2019.xlsx",27,"ds-2-18-(2)","li_2019","franks","stomata-franks_li_2019.xlsx",76,"ds-2-18-(2)","li_2019","franks","ambiguous: both retained; human review needed"
"stomata-franks_li_2019.xlsx",28,"ds-2-18-(2)","li_2019","franks","stomata-franks_li_2019.xlsx",77,"ds-2-18-(2)","li_2019","franks","ambiguous: both retained; human review needed"
"stomata-franks_li_2019.xlsx",29,"ds-2-18-(2)","li_2019","franks","stomata-franks_li_2019.xlsx",78,"ds-2-18-(2)","li_2019","franks","ambiguous: both retained; human review needed"
"stomata-franks_li_2019.xlsx",30,"ds-2-18-(2)","li_2019","franks","stomata-franks_li_2019.xlsx",79,"ds-2-18-(2)","li_2019","franks","ambiguous: both retained; human review needed"
"stomata-franks_li_2019.xlsx",31,"ds-2-18-(2)","li_2019","franks","stomata-franks_li_2019.xlsx",80,"ds-2-18-(2)","li_2019","franks","ambiguous: both retained; human review needed"
"stomata-franks_li_2019.xlsx",32,"ds-2-18-(3)","li_2019","franks","stomata-franks_li_2019.xlsx",81,"ds-2-18-(3)","li_2019","franks","ambiguous: both retained; human review needed"
"stomata-franks_li_2019.xlsx",33,"ds-2-18-(3)","li_2019","franks","stomata-franks_li_2019.xlsx",82,"ds-2-18-(3)","li_2019","franks","ambiguous: both retained; human review needed"
"stomata-franks_li_2019.xlsx",34,"ds-2-18-(3)","li_2019","franks","stomata-franks_li_2019.xlsx",83,"ds-2-18-(3)","li_2019","franks","ambiguous: both retained; human review needed"
"stomata-franks_li_2019.xlsx",35,"ds-2-18-(3)","li_2019","franks","stomata-franks_li_2019.xlsx",84,"ds-2-18-(3)","li_2019","franks","ambiguous: both retained; human review needed"
"stomata-franks_li_2019.xlsx",36,"ds-2-18-(3)","li_2019","franks","stomata-franks_li_2019.xlsx",85,"ds-2-18-(3)","li_2019","franks","ambiguous: both retained; human review needed"
"stomata-franks_li_2019.xlsx",37,"ds-2-18-(3)","li_2019","franks","stomata-franks_li_2019.xlsx",86,"ds-2-18-(3)","li_2019","franks","ambiguous: both retained; human review needed"
"stomata-franks_li_2019.xlsx",38,"ds-2-18-(3)","li_2019","franks","stomata-franks_li_2019.xlsx",87,"ds-2-18-(3)","li_2019","franks","ambiguous: both retained; human review needed"
"stomata-franks_li_2019.xlsx",39,"ds-2-18-(3)","li_2019","franks","stomata-franks_li_2019.xlsx",88,"ds-2-18-(3)","li_2019","franks","ambiguous: both retained; human review needed"
"stomata-franks_li_2019.xlsx",40,"ds-2-18-(3)","li_2019","franks","stomata-franks_li_2019.xlsx",89,"ds-2-18-(3)","li_2019","franks","ambiguous: both retained; human review needed"
"stomata-franks_li_2019.xlsx",41,"ds-2-18-(4)","li_2019","franks","stomata-franks_li_2019.xlsx",90,"ds-2-18-(4)","li_2019","franks","ambiguous: both retained; human review needed"
"stomata-franks_li_2019.xlsx",42,"ds-2-18-(4)","li_2019","franks","stomata-franks_li_2019.xlsx",91,"ds-2-18-(4)","li_2019","franks","ambiguous: both retained; human review needed"
"stomata-franks_li_2019.xlsx",43,"ds-2-18-(4)","li_2019","franks","stomata-franks_li_2019.xlsx",92,"ds-2-18-(4)","li_2019","franks","ambiguous: both retained; human review needed"
"stomata-franks_li_2019.xlsx",44,"ds-2-18-(4)","li_2019","franks","stomata-franks_li_2019.xlsx",93,"ds-2-18-(4)","li_2019","franks","ambiguous: both retained; human review needed"
"stomata-franks_li_2019.xlsx",45,"ds-2-18-(4)","li_2019","franks","stomata-franks_li_2019.xlsx",94,"ds-2-18-(4)","li_2019","franks","ambiguous: both retained; human review needed"
"stomata-franks_li_2019.xlsx",46,"ds-3-(1)","li_2019","franks","stomata-franks_li_2019.xlsx",95,"ds-3-(1)","li_2019","franks","ambiguous: both retained; human review needed"
"stomata-franks_li_2019.xlsx",47,"ds-3-(1)","li_2019","franks","stomata-franks_li_2019.xlsx",96,"ds-3-(1)","li_2019","franks","ambiguous: both retained; human review needed"
"stomata-franks_li_2019.xlsx",48,"ds-3-(1)","li_2019","franks","stomata-franks_li_2019.xlsx",97,"ds-3-(1)","li_2019","franks","ambiguous: both retained; human review needed"
"stomata-franks_li_2019.xlsx",49,"ds-3-(1)","li_2019","franks","stomata-franks_li_2019.xlsx",98,"ds-3-(1)","li_2019","franks","ambiguous: both retained; human review needed"
"stomata-franks_li_2019.xlsx",50,"ds-4-(1)","li_2019","franks","stomata-franks_li_2019.xlsx",99,"ds-4-(1)","li_2019","franks","ambiguous: both retained; human review needed"
"stomata-franks_li_2019.xlsx",51,"ds-4-(1)","li_2019","franks","stomata-franks_li_2019.xlsx",100,"ds-4-(1)","li_2019","franks","ambiguous: both retained; human review needed"
"stomata-franks_li_2019.xlsx",52,"ds-4-(1)","li_2019","franks","stomata-franks_li_2019.xlsx",101,"ds-4-(1)","li_2019","franks","ambiguous: both retained; human review needed"
"stomata-franks_li_2019.xlsx",4,"ds-2-11-(5)","li_2019","franks","stomata-franks_li_2019.xlsx",102,"ds-2-11-(5)","li_2019","franks","ambiguous: both retained; human review needed"
"stomata-franks_li_2019.xlsx",53,"ds-2-11-(5)","li_2019","franks","stomata-franks_li_2019.xlsx",102,"ds-2-11-(5)","li_2019","franks","ambiguous: both retained; human review needed"
"stomata-franks_li_2019.xlsx",5,"ds-2-11-(5)","li_2019","franks","stomata-franks_li_2019.xlsx",103,"ds-2-11-(5)","li_2019","franks","ambiguous: both retained; human review needed"
"stomata-franks_li_2019.xlsx",54,"ds-2-11-(5)","li_2019","franks","stomata-franks_li_2019.xlsx",103,"ds-2-11-(5)","li_2019","franks","ambiguous: both retained; human review needed"
"stomata-franks_li_2019.xlsx",6,"ds-2-11-(5)","li_2019","franks","stomata-franks_li_2019.xlsx",104,"ds-2-11-(5)","li_2019","franks","ambiguous: both retained; human review needed"
"stomata-franks_li_2019.xlsx",55,"ds-2-11-(5)","li_2019","franks","stomata-franks_li_2019.xlsx",104,"ds-2-11-(5)","li_2019","franks","ambiguous: both retained; human review needed"
"stomata-franks_li_2019.xlsx",7,"ds-2-11-(6)","li_2019","franks","stomata-franks_li_2019.xlsx",105,"ds-2-11-(6)","li_2019","franks","ambiguous: both retained; human review needed"
"stomata-franks_li_2019.xlsx",56,"ds-2-11-(6)","li_2019","franks","stomata-franks_li_2019.xlsx",105,"ds-2-11-(6)","li_2019","franks","ambiguous: both retained; human review needed"
"stomata-franks_li_2019.xlsx",8,"ds-2-11-(6)","li_2019","franks","stomata-franks_li_2019.xlsx",106,"ds-2-11-(6)","li_2019","franks","ambiguous: both retained; human review needed"
"stomata-franks_li_2019.xlsx",57,"ds-2-11-(6)","li_2019","franks","stomata-franks_li_2019.xlsx",106,"ds-2-11-(6)","li_2019","franks","ambiguous: both retained; human review needed"
"stomata-franks_li_2019.xlsx",9,"ds-2-11-(6)","li_2019","franks","stomata-franks_li_2019.xlsx",107,"ds-2-11-(6)","li_2019","franks","ambiguous: both retained; human review needed"
"stomata-franks_li_2019.xlsx",58,"ds-2-11-(6)","li_2019","franks","stomata-franks_li_2019.xlsx",107,"ds-2-11-(6)","li_2019","franks","ambiguous: both retained; human review needed"
"stomata-franks_li_2019.xlsx",10,"ds-2-11-(6)","li_2019","franks","stomata-franks_li_2019.xlsx",108,"ds-2-11-(6)","li_2019","franks","ambiguous: both retained; human review needed"
"stomata-franks_li_2019.xlsx",59,"ds-2-11-(6)","li_2019","franks","stomata-franks_li_2019.xlsx",108,"ds-2-11-(6)","li_2019","franks","ambiguous: both retained; human review needed"
"stomata-franks_li_2019.xlsx",11,"ds-2-11-(13)","li_2019","franks","stomata-franks_li_2019.xlsx",109,"ds-2-11-(13)","li_2019","franks","ambiguous: both retained; human review needed"
"stomata-franks_li_2019.xlsx",60,"ds-2-11-(13)","li_2019","franks","stomata-franks_li_2019.xlsx",109,"ds-2-11-(13)","li_2019","franks","ambiguous: both retained; human review needed"
"stomata-franks_li_2019.xlsx",12,"ds-2-15-(1)","li_2019","franks","stomata-franks_li_2019.xlsx",110,"ds-2-15-(1)","li_2019","franks","ambiguous: both retained; human review needed"
"stomata-franks_li_2019.xlsx",61,"ds-2-15-(1)","li_2019","franks","stomata-franks_li_2019.xlsx",110,"ds-2-15-(1)","li_2019","franks","ambiguous: both retained; human review needed"
"stomata-franks_li_2019.xlsx",13,"ds-2-15-(1)","li_2019","franks","stomata-franks_li_2019.xlsx",111,"ds-2-15-(1)","li_2019","franks","ambiguous: both retained; human review needed"
"stomata-franks_li_2019.xlsx",62,"ds-2-15-(1)","li_2019","franks","stomata-franks_li_2019.xlsx",111,"ds-2-15-(1)","li_2019","franks","ambiguous: both retained; human review needed"
"stomata-franks_li_2019.xlsx",14,"ds-2-16-(2)","li_2019","franks","stomata-franks_li_2019.xlsx",112,"ds-2-16-(2)","li_2019","franks","ambiguous: both retained; human review needed"
"stomata-franks_li_2019.xlsx",63,"ds-2-16-(2)","li_2019","franks","stomata-franks_li_2019.xlsx",112,"ds-2-16-(2)","li_2019","franks","ambiguous: both retained; human review needed"
"stomata-franks_li_2019.xlsx",15,"ds-2-18-(1)","li_2019","franks","stomata-franks_li_2019.xlsx",113,"ds-2-18-(1)","li_2019","franks","ambiguous: both retained; human review needed"
"stomata-franks_li_2019.xlsx",64,"ds-2-18-(1)","li_2019","franks","stomata-franks_li_2019.xlsx",113,"ds-2-18-(1)","li_2019","franks","ambiguous: both retained; human review needed"
"stomata-franks_li_2019.xlsx",16,"ds-2-18-(1)","li_2019","franks","stomata-franks_li_2019.xlsx",114,"ds-2-18-(1)","li_2019","franks","ambiguous: both retained; human review needed"
"stomata-franks_li_2019.xlsx",65,"ds-2-18-(1)","li_2019","franks","stomata-franks_li_2019.xlsx",114,"ds-2-18-(1)","li_2019","franks","ambiguous: both retained; human review needed"
"stomata-franks_li_2019.xlsx",17,"ds-2-18-(1)","li_2019","franks","stomata-franks_li_2019.xlsx",115,"ds-2-18-(1)","li_2019","franks","ambiguous: both retained; human review needed"
"stomata-franks_li_2019.xlsx",66,"ds-2-18-(1)","li_2019","franks","stomata-franks_li_2019.xlsx",115,"ds-2-18-(1)","li_2019","franks","ambiguous: both retained; human review needed"
"stomata-franks_li_2019.xlsx",18,"ds-2-18-(1)","li_2019","franks","stomata-franks_li_2019.xlsx",116,"ds-2-18-(1)","li_2019","franks","ambiguous: both retained; human review needed"
"stomata-franks_li_2019.xlsx",67,"ds-2-18-(1)","li_2019","franks","stomata-franks_li_2019.xlsx",116,"ds-2-18-(1)","li_2019","franks","ambiguous: both retained; human review needed"
"stomata-franks_li_2019.xlsx",19,"ds-2-18-(1)","li_2019","franks","stomata-franks_li_2019.xlsx",117,"ds-2-18-(1)","li_2019","franks","ambiguous: both retained; human review needed"
"stomata-franks_li_2019.xlsx",68,"ds-2-18-(1)","li_2019","franks","stomata-franks_li_2019.xlsx",117,"ds-2-18-(1)","li_2019","franks","ambiguous: both retained; human review needed"
"stomata-franks_li_2019.xlsx",20,"ds-2-18-(2)","li_2019","franks","stomata-franks_li_2019.xlsx",118,"ds-2-18-(2)","li_2019","franks","ambiguous: both retained; human review needed"
"stomata-franks_li_2019.xlsx",69,"ds-2-18-(2)","li_2019","franks","stomata-franks_li_2019.xlsx",118,"ds-2-18-(2)","li_2019","franks","ambiguous: both retained; human review needed"
"stomata-franks_li_2019.xlsx",21,"ds-2-18-(2)","li_2019","franks","stomata-franks_li_2019.xlsx",119,"ds-2-18-(2)","li_2019","franks","ambiguous: both retained; human review needed"
"stomata-franks_li_2019.xlsx",70,"ds-2-18-(2)","li_2019","franks","stomata-franks_li_2019.xlsx",119,"ds-2-18-(2)","li_2019","franks","ambiguous: both retained; human review needed"
"stomata-franks_li_2019.xlsx",22,"ds-2-18-(2)","li_2019","franks","stomata-franks_li_2019.xlsx",120,"ds-2-18-(2)","li_2019","franks","ambiguous: both retained; human review needed"
"stomata-franks_li_2019.xlsx",71,"ds-2-18-(2)","li_2019","franks","stomata-franks_li_2019.xlsx",120,"ds-2-18-(2)","li_2019","franks","ambiguous: both retained; human review needed"
"stomata-franks_li_2019.xlsx",23,"ds-2-18-(2)","li_2019","franks","stomata-franks_li_2019.xlsx",121,"ds-2-18-(2)","li_2019","franks","ambiguous: both retained; human review needed"
"stomata-franks_li_2019.xlsx",72,"ds-2-18-(2)","li_2019","franks","stomata-franks_li_2019.xlsx",121,"ds-2-18-(2)","li_2019","franks","ambiguous: both retained; human review needed"
"stomata-franks_li_2019.xlsx",24,"ds-2-18-(2)","li_2019","franks","stomata-franks_li_2019.xlsx",122,"ds-2-18-(2)","li_2019","franks","ambiguous: both retained; human review needed"
"stomata-franks_li_2019.xlsx",73,"ds-2-18-(2)","li_2019","franks","stomata-franks_li_2019.xlsx",122,"ds-2-18-(2)","li_2019","franks","ambiguous: both retained; human review needed"
"stomata-franks_li_2019.xlsx",25,"ds-2-18-(2)","li_2019","franks","stomata-franks_li_2019.xlsx",123,"ds-2-18-(2)","li_2019","franks","ambiguous: both retained; human review needed"
"stomata-franks_li_2019.xlsx",74,"ds-2-18-(2)","li_2019","franks","stomata-franks_li_2019.xlsx",123,"ds-2-18-(2)","li_2019","franks","ambiguous: both retained; human review needed"
"stomata-franks_li_2019.xlsx",26,"ds-2-18-(2)","li_2019","franks","stomata-franks_li_2019.xlsx",124,"ds-2-18-(2)","li_2019","franks","ambiguous: both retained; human review needed"
"stomata-franks_li_2019.xlsx",75,"ds-2-18-(2)","li_2019","franks","stomata-franks_li_2019.xlsx",124,"ds-2-18-(2)","li_2019","franks","ambiguous: both retained; human review needed"
"stomata-franks_li_2019.xlsx",27,"ds-2-18-(2)","li_2019","franks","stomata-franks_li_2019.xlsx",125,"ds-2-18-(2)","li_2019","franks","ambiguous: both retained; human review needed"
"stomata-franks_li_2019.xlsx",76,"ds-2-18-(2)","li_2019","franks","stomata-franks_li_2019.xlsx",125,"ds-2-18-(2)","li_2019","franks","ambiguous: both retained; human review needed"
"stomata-franks_li_2019.xlsx",28,"ds-2-18-(2)","li_2019","franks","stomata-franks_li_2019.xlsx",126,"ds-2-18-(2)","li_2019","franks","ambiguous: both retained; human review needed"
"stomata-franks_li_2019.xlsx",77,"ds-2-18-(2)","li_2019","franks","stomata-franks_li_2019.xlsx",126,"ds-2-18-(2)","li_2019","franks","ambiguous: both retained; human review needed"
"stomata-franks_li_2019.xlsx",29,"ds-2-18-(2)","li_2019","franks","stomata-franks_li_2019.xlsx",127,"ds-2-18-(2)","li_2019","franks","ambiguous: both retained; human review needed"
"stomata-franks_li_2019.xlsx",78,"ds-2-18-(2)","li_2019","franks","stomata-franks_li_2019.xlsx",127,"ds-2-18-(2)","li_2019","franks","ambiguous: both retained; human review needed"
"stomata-franks_li_2019.xlsx",30,"ds-2-18-(2)","li_2019","franks","stomata-franks_li_2019.xlsx",128,"ds-2-18-(2)","li_2019","franks","ambiguous: both retained; human review needed"
"stomata-franks_li_2019.xlsx",79,"ds-2-18-(2)","li_2019","franks","stomata-franks_li_2019.xlsx",128,"ds-2-18-(2)","li_2019","franks","ambiguous: both retained; human review needed"
"stomata-franks_li_2019.xlsx",31,"ds-2-18-(2)","li_2019","franks","stomata-franks_li_2019.xlsx",129,"ds-2-18-(2)","li_2019","franks","ambiguous: both retained; human review needed"
"stomata-franks_li_2019.xlsx",80,"ds-2-18-(2)","li_2019","franks","stomata-franks_li_2019.xlsx",129,"ds-2-18-(2)","li_2019","franks","ambiguous: both retained; human review needed"
"stomata-franks_li_2019.xlsx",32,"ds-2-18-(3)","li_2019","franks","stomata-franks_li_2019.xlsx",130,"ds-2-18-(3)","li_2019","franks","ambiguous: both retained; human review needed"
"stomata-franks_li_2019.xlsx",81,"ds-2-18-(3)","li_2019","franks","stomata-franks_li_2019.xlsx",130,"ds-2-18-(3)","li_2019","franks","ambiguous: both retained; human review needed"
"stomata-franks_li_2019.xlsx",33,"ds-2-18-(3)","li_2019","franks","stomata-franks_li_2019.xlsx",131,"ds-2-18-(3)","li_2019","franks","ambiguous: both retained; human review needed"
"stomata-franks_li_2019.xlsx",82,"ds-2-18-(3)","li_2019","franks","stomata-franks_li_2019.xlsx",131,"ds-2-18-(3)","li_2019","franks","ambiguous: both retained; human review needed"
"stomata-franks_li_2019.xlsx",34,"ds-2-18-(3)","li_2019","franks","stomata-franks_li_2019.xlsx",132,"ds-2-18-(3)","li_2019","franks","ambiguous: both retained; human review needed"
"stomata-franks_li_2019.xlsx",83,"ds-2-18-(3)","li_2019","franks","stomata-franks_li_2019.xlsx",132,"ds-2-18-(3)","li_2019","franks","ambiguous: both retained; human review needed"
"stomata-franks_li_2019.xlsx",35,"ds-2-18-(3)","li_2019","franks","stomata-franks_li_2019.xlsx",133,"ds-2-18-(3)","li_2019","franks","ambiguous: both retained; human review needed"
"stomata-franks_li_2019.xlsx",84,"ds-2-18-(3)","li_2019","franks","stomata-franks_li_2019.xlsx",133,"ds-2-18-(3)","li_2019","franks","ambiguous: both retained; human review needed"
"stomata-franks_li_2019.xlsx",36,"ds-2-18-(3)","li_2019","franks","stomata-franks_li_2019.xlsx",134,"ds-2-18-(3)","li_2019","franks","ambiguous: both retained; human review needed"
"stomata-franks_li_2019.xlsx",85,"ds-2-18-(3)","li_2019","franks","stomata-franks_li_2019.xlsx",134,"ds-2-18-(3)","li_2019","franks","ambiguous: both retained; human review needed"
"stomata-franks_li_2019.xlsx",37,"ds-2-18-(3)","li_2019","franks","stomata-franks_li_2019.xlsx",135,"ds-2-18-(3)","li_2019","franks","ambiguous: both retained; human review needed"
"stomata-franks_li_2019.xlsx",86,"ds-2-18-(3)","li_2019","franks","stomata-franks_li_2019.xlsx",135,"ds-2-18-(3)","li_2019","franks","ambiguous: both retained; human review needed"
"stomata-franks_li_2019.xlsx",38,"ds-2-18-(3)","li_2019","franks","stomata-franks_li_2019.xlsx",136,"ds-2-18-(3)","li_2019","franks","ambiguous: both retained; human review needed"
"stomata-franks_li_2019.xlsx",87,"ds-2-18-(3)","li_2019","franks","stomata-franks_li_2019.xlsx",136,"ds-2-18-(3)","li_2019","franks","ambiguous: both retained; human review needed"
"stomata-franks_li_2019.xlsx",39,"ds-2-18-(3)","li_2019","franks","stomata-franks_li_2019.xlsx",137,"ds-2-18-(3)","li_2019","franks","ambiguous: both retained; human review needed"
"stomata-franks_li_2019.xlsx",88,"ds-2-18-(3)","li_2019","franks","stomata-franks_li_2019.xlsx",137,"ds-2-18-(3)","li_2019","franks","ambiguous: both retained; human review needed"
"stomata-franks_li_2019.xlsx",40,"ds-2-18-(3)","li_2019","franks","stomata-franks_li_2019.xlsx",138,"ds-2-18-(3)","li_2019","franks","ambiguous: both retained; human review needed"
"stomata-franks_li_2019.xlsx",89,"ds-2-18-(3)","li_2019","franks","stomata-franks_li_2019.xlsx",138,"ds-2-18-(3)","li_2019","franks","ambiguous: both retained; human review needed"
"stomata-franks_li_2019.xlsx",41,"ds-2-18-(4)","li_2019","franks","stomata-franks_li_2019.xlsx",139,"ds-2-18-(4)","li_2019","franks","ambiguous: both retained; human review needed"
"stomata-franks_li_2019.xlsx",90,"ds-2-18-(4)","li_2019","franks","stomata-franks_li_2019.xlsx",139,"ds-2-18-(4)","li_2019","franks","ambiguous: both retained; human review needed"
"stomata-franks_li_2019.xlsx",42,"ds-2-18-(4)","li_2019","franks","stomata-franks_li_2019.xlsx",140,"ds-2-18-(4)","li_2019","franks","ambiguous: both retained; human review needed"
"stomata-franks_li_2019.xlsx",91,"ds-2-18-(4)","li_2019","franks","stomata-franks_li_2019.xlsx",140,"ds-2-18-(4)","li_2019","franks","ambiguous: both retained; human review needed"
"stomata-franks_li_2019.xlsx",43,"ds-2-18-(4)","li_2019","franks","stomata-franks_li_2019.xlsx",141,"ds-2-18-(4)","li_2019","franks","ambiguous: both retained; human review needed"
"stomata-franks_li_2019.xlsx",92,"ds-2-18-(4)","li_2019","franks","stomata-franks_li_2019.xlsx",141,"ds-2-18-(4)","li_2019","franks","ambiguous: both retained; human review needed"
"stomata-franks_li_2019.xlsx",44,"ds-2-18-(4)","li_2019","franks","stomata-franks_li_2019.xlsx",142,"ds-2-18-(4)","li_2019","franks","ambiguous: both retained; human review needed"
"stomata-franks_li_2019.xlsx",93,"ds-2-18-(4)","li_2019","franks","stomata-franks_li_2019.xlsx",142,"ds-2-18-(4)","li_2019","franks","ambiguous: both retained; human review needed"
"stomata-franks_li_2019.xlsx",45,"ds-2-18-(4)","li_2019","franks","stomata-franks_li_2019.xlsx",143,"ds-2-18-(4)","li_2019","franks","ambiguous: both retained; human review needed"
"stomata-franks_li_2019.xlsx",94,"ds-2-18-(4)","li_2019","franks","stomata-franks_li_2019.xlsx",143,"ds-2-18-(4)","li_2019","franks","ambiguous: both retained; human review needed"
"stomata-franks_li_2019.xlsx",46,"ds-3-(1)","li_2019","franks","stomata-franks_li_2019.xlsx",144,"ds-3-(1)","li_2019","franks","ambiguous: both retained; human review needed"
"stomata-franks_li_2019.xlsx",95,"ds-3-(1)","li_2019","franks","stomata-franks_li_2019.xlsx",144,"ds-3-(1)","li_2019","franks","ambiguous: both retained; human review needed"
"stomata-franks_li_2019.xlsx",47,"ds-3-(1)","li_2019","franks","stomata-franks_li_2019.xlsx",145,"ds-3-(1)","li_2019","franks","ambiguous: both retained; human review needed"
"stomata-franks_li_2019.xlsx",96,"ds-3-(1)","li_2019","franks","stomata-franks_li_2019.xlsx",145,"ds-3-(1)","li_2019","franks","ambiguous: both retained; human review needed"
"stomata-franks_li_2019.xlsx",48,"ds-3-(1)","li_2019","franks","stomata-franks_li_2019.xlsx",146,"ds-3-(1)","li_2019","franks","ambiguous: both retained; human review needed"
"stomata-franks_li_2019.xlsx",97,"ds-3-(1)","li_2019","franks","stomata-franks_li_2019.xlsx",146,"ds-3-(1)","li_2019","franks","ambiguous: both retained; human review needed"
"stomata-franks_li_2019.xlsx",49,"ds-3-(1)","li_2019","franks","stomata-franks_li_2019.xlsx",147,"ds-3-(1)","li_2019","franks","ambiguous: both retained; human review needed"
"stomata-franks_li_2019.xlsx",98,"ds-3-(1)","li_2019","franks","stomata-franks_li_2019.xlsx",147,"ds-3-(1)","li_2019","franks","ambiguous: both retained; human review needed"
"stomata-franks_li_2019.xlsx",50,"ds-4-(1)","li_2019","franks","stomata-franks_li_2019.xlsx",148,"ds-4-(1)","li_2019","franks","ambiguous: both retained; human review needed"
"stomata-franks_li_2019.xlsx",99,"ds-4-(1)","li_2019","franks","stomata-franks_li_2019.xlsx",148,"ds-4-(1)","li_2019","franks","ambiguous: both retained; human review needed"
"stomata-franks_li_2019.xlsx",51,"ds-4-(1)","li_2019","franks","stomata-franks_li_2019.xlsx",149,"ds-4-(1)","li_2019","franks","ambiguous: both retained; human review needed"
"stomata-franks_li_2019.xlsx",100,"ds-4-(1)","li_2019","franks","stomata-franks_li_2019.xlsx",149,"ds-4-(1)","li_2019","franks","ambiguous: both retained; human review needed"
"stomata-franks_li_2019.xlsx",52,"ds-4-(1)","li_2019","franks","stomata-franks_li_2019.xlsx",150,"ds-4-(1)","li_2019","franks","ambiguous: both retained; human review needed"
"stomata-franks_li_2019.xlsx",101,"ds-4-(1)","li_2019","franks","stomata-franks_li_2019.xlsx",150,"ds-4-(1)","li_2019","franks","ambiguous: both retained; human review needed"
"stomata-franks_li_2019.xlsx",4,"ds-2-11-(5)","li_2019","franks","stomata-franks_li_2019.xlsx",151,"ds-2-11-(5)","li_2019","franks","ambiguous: both retained; human review needed"
"stomata-franks_li_2019.xlsx",53,"ds-2-11-(5)","li_2019","franks","stomata-franks_li_2019.xlsx",151,"ds-2-11-(5)","li_2019","franks","ambiguous: both retained; human review needed"
"stomata-franks_li_2019.xlsx",102,"ds-2-11-(5)","li_2019","franks","stomata-franks_li_2019.xlsx",151,"ds-2-11-(5)","li_2019","franks","ambiguous: both retained; human review needed"
"stomata-franks_li_2019.xlsx",5,"ds-2-11-(5)","li_2019","franks","stomata-franks_li_2019.xlsx",152,"ds-2-11-(5)","li_2019","franks","ambiguous: both retained; human review needed"
"stomata-franks_li_2019.xlsx",54,"ds-2-11-(5)","li_2019","franks","stomata-franks_li_2019.xlsx",152,"ds-2-11-(5)","li_2019","franks","ambiguous: both retained; human review needed"
"stomata-franks_li_2019.xlsx",103,"ds-2-11-(5)","li_2019","franks","stomata-franks_li_2019.xlsx",152,"ds-2-11-(5)","li_2019","franks","ambiguous: both retained; human review needed"
"stomata-franks_li_2019.xlsx",6,"ds-2-11-(5)","li_2019","franks","stomata-franks_li_2019.xlsx",153,"ds-2-11-(5)","li_2019","franks","ambiguous: both retained; human review needed"
"stomata-franks_li_2019.xlsx",55,"ds-2-11-(5)","li_2019","franks","stomata-franks_li_2019.xlsx",153,"ds-2-11-(5)","li_2019","franks","ambiguous: both retained; human review needed"
"stomata-franks_li_2019.xlsx",104,"ds-2-11-(5)","li_2019","franks","stomata-franks_li_2019.xlsx",153,"ds-2-11-(5)","li_2019","franks","ambiguous: both retained; human review needed"
"stomata-franks_li_2019.xlsx",7,"ds-2-11-(6)","li_2019","franks","stomata-franks_li_2019.xlsx",154,"ds-2-11-(6)","li_2019","franks","ambiguous: both retained; human review needed"
"stomata-franks_li_2019.xlsx",56,"ds-2-11-(6)","li_2019","franks","stomata-franks_li_2019.xlsx",154,"ds-2-11-(6)","li_2019","franks","ambiguous: both retained; human review needed"
"stomata-franks_li_2019.xlsx",105,"ds-2-11-(6)","li_2019","franks","stomata-franks_li_2019.xlsx",154,"ds-2-11-(6)","li_2019","franks","ambiguous: both retained; human review needed"
"stomata-franks_li_2019.xlsx",8,"ds-2-11-(6)","li_2019","franks","stomata-franks_li_2019.xlsx",155,"ds-2-11-(6)","li_2019","franks","ambiguous: both retained; human review needed"
"stomata-franks_li_2019.xlsx",57,"ds-2-11-(6)","li_2019","franks","stomata-franks_li_2019.xlsx",155,"ds-2-11-(6)","li_2019","franks","ambiguous: both retained; human review needed"
"stomata-franks_li_2019.xlsx",106,"ds-2-11-(6)","li_2019","franks","stomata-franks_li_2019.xlsx",155,"ds-2-11-(6)","li_2019","franks","ambiguous: both retained; human review needed"
"stomata-franks_li_2019.xlsx",9,"ds-2-11-(6)","li_2019","franks","stomata-franks_li_2019.xlsx",156,"ds-2-11-(6)","li_2019","franks","ambiguous: both retained; human review needed"
"stomata-franks_li_2019.xlsx",58,"ds-2-11-(6)","li_2019","franks","stomata-franks_li_2019.xlsx",156,"ds-2-11-(6)","li_2019","franks","ambiguous: both retained; human review needed"
"stomata-franks_li_2019.xlsx",107,"ds-2-11-(6)","li_2019","franks","stomata-franks_li_2019.xlsx",156,"ds-2-11-(6)","li_2019","franks","ambiguous: both retained; human review needed"
"stomata-franks_li_2019.xlsx",10,"ds-2-11-(6)","li_2019","franks","stomata-franks_li_2019.xlsx",157,"ds-2-11-(6)","li_2019","franks","ambiguous: both retained; human review needed"
"stomata-franks_li_2019.xlsx",59,"ds-2-11-(6)","li_2019","franks","stomata-franks_li_2019.xlsx",157,"ds-2-11-(6)","li_2019","franks","ambiguous: both retained; human review needed"
"stomata-franks_li_2019.xlsx",108,"ds-2-11-(6)","li_2019","franks","stomata-franks_li_2019.xlsx",157,"ds-2-11-(6)","li_2019","franks","ambiguous: both retained; human review needed"
"stomata-franks_li_2019.xlsx",11,"ds-2-11-(13)","li_2019","franks","stomata-franks_li_2019.xlsx",158,"ds-2-11-(13)","li_2019","franks","ambiguous: both retained; human review needed"
"stomata-franks_li_2019.xlsx",60,"ds-2-11-(13)","li_2019","franks","stomata-franks_li_2019.xlsx",158,"ds-2-11-(13)","li_2019","franks","ambiguous: both retained; human review needed"
"stomata-franks_li_2019.xlsx",109,"ds-2-11-(13)","li_2019","franks","stomata-franks_li_2019.xlsx",158,"ds-2-11-(13)","li_2019","franks","ambiguous: both retained; human review needed"
"stomata-franks_li_2019.xlsx",12,"ds-2-15-(1)","li_2019","franks","stomata-franks_li_2019.xlsx",159,"ds-2-15-(1)","li_2019","franks","ambiguous: both retained; human review needed"
"stomata-franks_li_2019.xlsx",61,"ds-2-15-(1)","li_2019","franks","stomata-franks_li_2019.xlsx",159,"ds-2-15-(1)","li_2019","franks","ambiguous: both retained; human review needed"
"stomata-franks_li_2019.xlsx",110,"ds-2-15-(1)","li_2019","franks","stomata-franks_li_2019.xlsx",159,"ds-2-15-(1)","li_2019","franks","ambiguous: both retained; human review needed"
"stomata-franks_li_2019.xlsx",13,"ds-2-15-(1)","li_2019","franks","stomata-franks_li_2019.xlsx",160,"ds-2-15-(1)","li_2019","franks","ambiguous: both retained; human review needed"
"stomata-franks_li_2019.xlsx",62,"ds-2-15-(1)","li_2019","franks","stomata-franks_li_2019.xlsx",160,"ds-2-15-(1)","li_2019","franks","ambiguous: both retained; human review needed"
"stomata-franks_li_2019.xlsx",111,"ds-2-15-(1)","li_2019","franks","stomata-franks_li_2019.xlsx",160,"ds-2-15-(1)","li_2019","franks","ambiguous: both retained; human review needed"
"stomata-franks_li_2019.xlsx",14,"ds-2-16-(2)","li_2019","franks","stomata-franks_li_2019.xlsx",161,"ds-2-16-(2)","li_2019","franks","ambiguous: both retained; human review needed"
"stomata-franks_li_2019.xlsx",63,"ds-2-16-(2)","li_2019","franks","stomata-franks_li_2019.xlsx",161,"ds-2-16-(2)","li_2019","franks","ambiguous: both retained; human review needed"
"stomata-franks_li_2019.xlsx",112,"ds-2-16-(2)","li_2019","franks","stomata-franks_li_2019.xlsx",161,"ds-2-16-(2)","li_2019","franks","ambiguous: both retained; human review needed"
"stomata-franks_li_2019.xlsx",15,"ds-2-18-(1)","li_2019","franks","stomata-franks_li_2019.xlsx",162,"ds-2-18-(1)","li_2019","franks","ambiguous: both retained; human review needed"
"stomata-franks_li_2019.xlsx",64,"ds-2-18-(1)","li_2019","franks","stomata-franks_li_2019.xlsx",162,"ds-2-18-(1)","li_2019","franks","ambiguous: both retained; human review needed"
"stomata-franks_li_2019.xlsx",113,"ds-2-18-(1)","li_2019","franks","stomata-franks_li_2019.xlsx",162,"ds-2-18-(1)","li_2019","franks","ambiguous: both retained; human review needed"
"stomata-franks_li_2019.xlsx",16,"ds-2-18-(1)","li_2019","franks","stomata-franks_li_2019.xlsx",163,"ds-2-18-(1)","li_2019","franks","ambiguous: both retained; human review needed"
"stomata-franks_li_2019.xlsx",65,"ds-2-18-(1)","li_2019","franks","stomata-franks_li_2019.xlsx",163,"ds-2-18-(1)","li_2019","franks","ambiguous: both retained; human review needed"
"stomata-franks_li_2019.xlsx",114,"ds-2-18-(1)","li_2019","franks","stomata-franks_li_2019.xlsx",163,"ds-2-18-(1)","li_2019","franks","ambiguous: both retained; human review needed"
"stomata-franks_li_2019.xlsx",17,"ds-2-18-(1)","li_2019","franks","stomata-franks_li_2019.xlsx",164,"ds-2-18-(1)","li_2019","franks","ambiguous: both retained; human review needed"
"stomata-franks_li_2019.xlsx",66,"ds-2-18-(1)","li_2019","franks","stomata-franks_li_2019.xlsx",164,"ds-2-18-(1)","li_2019","franks","ambiguous: both retained; human review needed"
"stomata-franks_li_2019.xlsx",115,"ds-2-18-(1)","li_2019","franks","stomata-franks_li_2019.xlsx",164,"ds-2-18-(1)","li_2019","franks","ambiguous: both retained; human review needed"
"stomata-franks_li_2019.xlsx",18,"ds-2-18-(1)","li_2019","franks","stomata-franks_li_2019.xlsx",165,"ds-2-18-(1)","li_2019","franks","ambiguous: both retained; human review needed"
"stomata-franks_li_2019.xlsx",67,"ds-2-18-(1)","li_2019","franks","stomata-franks_li_2019.xlsx",165,"ds-2-18-(1)","li_2019","franks","ambiguous: both retained; human review needed"
"stomata-franks_li_2019.xlsx",116,"ds-2-18-(1)","li_2019","franks","stomata-franks_li_2019.xlsx",165,"ds-2-18-(1)","li_2019","franks","ambiguous: both retained; human review needed"
"stomata-franks_li_2019.xlsx",19,"ds-2-18-(1)","li_2019","franks","stomata-franks_li_2019.xlsx",166,"ds-2-18-(1)","li_2019","franks","ambiguous: both retained; human review needed"
"stomata-franks_li_2019.xlsx",68,"ds-2-18-(1)","li_2019","franks","stomata-franks_li_2019.xlsx",166,"ds-2-18-(1)","li_2019","franks","ambiguous: both retained; human review needed"
"stomata-franks_li_2019.xlsx",117,"ds-2-18-(1)","li_2019","franks","stomata-franks_li_2019.xlsx",166,"ds-2-18-(1)","li_2019","franks","ambiguous: both retained; human review needed"
"stomata-franks_li_2019.xlsx",20,"ds-2-18-(2)","li_2019","franks","stomata-franks_li_2019.xlsx",167,"ds-2-18-(2)","li_2019","franks","ambiguous: both retained; human review needed"
"stomata-franks_li_2019.xlsx",69,"ds-2-18-(2)","li_2019","franks","stomata-franks_li_2019.xlsx",167,"ds-2-18-(2)","li_2019","franks","ambiguous: both retained; human review needed"
"stomata-franks_li_2019.xlsx",118,"ds-2-18-(2)","li_2019","franks","stomata-franks_li_2019.xlsx",167,"ds-2-18-(2)","li_2019","franks","ambiguous: both retained; human review needed"
"stomata-franks_li_2019.xlsx",21,"ds-2-18-(2)","li_2019","franks","stomata-franks_li_2019.xlsx",168,"ds-2-18-(2)","li_2019","franks","ambiguous: both retained; human review needed"
"stomata-franks_li_2019.xlsx",70,"ds-2-18-(2)","li_2019","franks","stomata-franks_li_2019.xlsx",168,"ds-2-18-(2)","li_2019","franks","ambiguous: both retained; human review needed"
"stomata-franks_li_2019.xlsx",119,"ds-2-18-(2)","li_2019","franks","stomata-franks_li_2019.xlsx",168,"ds-2-18-(2)","li_2019","franks","ambiguous: both retained; human review needed"
"stomata-franks_li_2019.xlsx",22,"ds-2-18-(2)","li_2019","franks","stomata-franks_li_2019.xlsx",169,"ds-2-18-(2)","li_2019","franks","ambiguous: both retained; human review needed"
"stomata-franks_li_2019.xlsx",71,"ds-2-18-(2)","li_2019","franks","stomata-franks_li_2019.xlsx",169,"ds-2-18-(2)","li_2019","franks","ambiguous: both retained; human review needed"
"stomata-franks_li_2019.xlsx",120,"ds-2-18-(2)","li_2019","franks","stomata-franks_li_2019.xlsx",169,"ds-2-18-(2)","li_2019","franks","ambiguous: both retained; human review needed"
"stomata-franks_li_2019.xlsx",23,"ds-2-18-(2)","li_2019","franks","stomata-franks_li_2019.xlsx",170,"ds-2-18-(2)","li_2019","franks","ambiguous: both retained; human review needed"
"stomata-franks_li_2019.xlsx",72,"ds-2-18-(2)","li_2019","franks","stomata-franks_li_2019.xlsx",170,"ds-2-18-(2)","li_2019","franks","ambiguous: both retained; human review needed"
"stomata-franks_li_2019.xlsx",121,"ds-2-18-(2)","li_2019","franks","stomata-franks_li_2019.xlsx",170,"ds-2-18-(2)","li_2019","franks","ambiguous: both retained; human review needed"
"stomata-franks_li_2019.xlsx",24,"ds-2-18-(2)","li_2019","franks","stomata-franks_li_2019.xlsx",171,"ds-2-18-(2)","li_2019","franks","ambiguous: both retained; human review needed"
"stomata-franks_li_2019.xlsx",73,"ds-2-18-(2)","li_2019","franks","stomata-franks_li_2019.xlsx",171,"ds-2-18-(2)","li_2019","franks","ambiguous: both retained; human review needed"
"stomata-franks_li_2019.xlsx",122,"ds-2-18-(2)","li_2019","franks","stomata-franks_li_2019.xlsx",171,"ds-2-18-(2)","li_2019","franks","ambiguous: both retained; human review needed"
"stomata-franks_li_2019.xlsx",25,"ds-2-18-(2)","li_2019","franks","stomata-franks_li_2019.xlsx",172,"ds-2-18-(2)","li_2019","franks","ambiguous: both retained; human review needed"
"stomata-franks_li_2019.xlsx",74,"ds-2-18-(2)","li_2019","franks","stomata-franks_li_2019.xlsx",172,"ds-2-18-(2)","li_2019","franks","ambiguous: both retained; human review needed"
"stomata-franks_li_2019.xlsx",123,"ds-2-18-(2)","li_2019","franks","stomata-franks_li_2019.xlsx",172,"ds-2-18-(2)","li_2019","franks","ambiguous: both retained; human review needed"
"stomata-franks_li_2019.xlsx",26,"ds-2-18-(2)","li_2019","franks","stomata-franks_li_2019.xlsx",173,"ds-2-18-(2)","li_2019","franks","ambiguous: both retained; human review needed"
"stomata-franks_li_2019.xlsx",75,"ds-2-18-(2)","li_2019","franks","stomata-franks_li_2019.xlsx",173,"ds-2-18-(2)","li_2019","franks","ambiguous: both retained; human review needed"
"stomata-franks_li_2019.xlsx",124,"ds-2-18-(2)","li_2019","franks","stomata-franks_li_2019.xlsx",173,"ds-2-18-(2)","li_2019","franks","ambiguous: both retained; human review needed"
"stomata-franks_li_2019.xlsx",27,"ds-2-18-(2)","li_2019","franks","stomata-franks_li_2019.xlsx",174,"ds-2-18-(2)","li_2019","franks","ambiguous: both retained; human review needed"
"stomata-franks_li_2019.xlsx",76,"ds-2-18-(2)","li_2019","franks","stomata-franks_li_2019.xlsx",174,"ds-2-18-(2)","li_2019","franks","ambiguous: both retained; human review needed"
"stomata-franks_li_2019.xlsx",125,"ds-2-18-(2)","li_2019","franks","stomata-franks_li_2019.xlsx",174,"ds-2-18-(2)","li_2019","franks","ambiguous: both retained; human review needed"
"stomata-franks_li_2019.xlsx",28,"ds-2-18-(2)","li_2019","franks","stomata-franks_li_2019.xlsx",175,"ds-2-18-(2)","li_2019","franks","ambiguous: both retained; human review needed"
"stomata-franks_li_2019.xlsx",77,"ds-2-18-(2)","li_2019","franks","stomata-franks_li_2019.xlsx",175,"ds-2-18-(2)","li_2019","franks","ambiguous: both retained; human review needed"
"stomata-franks_li_2019.xlsx",126,"ds-2-18-(2)","li_2019","franks","stomata-franks_li_2019.xlsx",175,"ds-2-18-(2)","li_2019","franks","ambiguous: both retained; human review needed"
"stomata-franks_li_2019.xlsx",29,"ds-2-18-(2)","li_2019","franks","stomata-franks_li_2019.xlsx",176,"ds-2-18-(2)","li_2019","franks","ambiguous: both retained; human review needed"
"stomata-franks_li_2019.xlsx",78,"ds-2-18-(2)","li_2019","franks","stomata-franks_li_2019.xlsx",176,"ds-2-18-(2)","li_2019","franks","ambiguous: both retained; human review needed"
"stomata-franks_li_2019.xlsx",127,"ds-2-18-(2)","li_2019","franks","stomata-franks_li_2019.xlsx",176,"ds-2-18-(2)","li_2019","franks","ambiguous: both retained; human review needed"
"stomata-franks_li_2019.xlsx",30,"ds-2-18-(2)","li_2019","franks","stomata-franks_li_2019.xlsx",177,"ds-2-18-(2)","li_2019","franks","ambiguous: both retained; human review needed"
"stomata-franks_li_2019.xlsx",79,"ds-2-18-(2)","li_2019","franks","stomata-franks_li_2019.xlsx",177,"ds-2-18-(2)","li_2019","franks","ambiguous: both retained; human review needed"
"stomata-franks_li_2019.xlsx",128,"ds-2-18-(2)","li_2019","franks","stomata-franks_li_2019.xlsx",177,"ds-2-18-(2)","li_2019","franks","ambiguous: both retained; human review needed"
"stomata-franks_li_2019.xlsx",31,"ds-2-18-(2)","li_2019","franks","stomata-franks_li_2019.xlsx",178,"ds-2-18-(2)","li_2019","franks","ambiguous: both retained; human review needed"
"stomata-franks_li_2019.xlsx",80,"ds-2-18-(2)","li_2019","franks","stomata-franks_li_2019.xlsx",178,"ds-2-18-(2)","li_2019","franks","ambiguous: both retained; human review needed"
"stomata-franks_li_2019.xlsx",129,"ds-2-18-(2)","li_2019","franks","stomata-franks_li_2019.xlsx",178,"ds-2-18-(2)","li_2019","franks","ambiguous: both retained; human review needed"
"stomata-franks_li_2019.xlsx",32,"ds-2-18-(3)","li_2019","franks","stomata-franks_li_2019.xlsx",179,"ds-2-18-(3)","li_2019","franks","ambiguous: both retained; human review needed"
"stomata-franks_li_2019.xlsx",81,"ds-2-18-(3)","li_2019","franks","stomata-franks_li_2019.xlsx",179,"ds-2-18-(3)","li_2019","franks","ambiguous: both retained; human review needed"
"stomata-franks_li_2019.xlsx",130,"ds-2-18-(3)","li_2019","franks","stomata-franks_li_2019.xlsx",179,"ds-2-18-(3)","li_2019","franks","ambiguous: both retained; human review needed"
"stomata-franks_li_2019.xlsx",33,"ds-2-18-(3)","li_2019","franks","stomata-franks_li_2019.xlsx",180,"ds-2-18-(3)","li_2019","franks","ambiguous: both retained; human review needed"
"stomata-franks_li_2019.xlsx",82,"ds-2-18-(3)","li_2019","franks","stomata-franks_li_2019.xlsx",180,"ds-2-18-(3)","li_2019","franks","ambiguous: both retained; human review needed"
"stomata-franks_li_2019.xlsx",131,"ds-2-18-(3)","li_2019","franks","stomata-franks_li_2019.xlsx",180,"ds-2-18-(3)","li_2019","franks","ambiguous: both retained; human review needed"
"stomata-franks_li_2019.xlsx",34,"ds-2-18-(3)","li_2019","franks","stomata-franks_li_2019.xlsx",181,"ds-2-18-(3)","li_2019","franks","ambiguous: both retained; human review needed"
"stomata-franks_li_2019.xlsx",83,"ds-2-18-(3)","li_2019","franks","stomata-franks_li_2019.xlsx",181,"ds-2-18-(3)","li_2019","franks","ambiguous: both retained; human review needed"
"stomata-franks_li_2019.xlsx",132,"ds-2-18-(3)","li_2019","franks","stomata-franks_li_2019.xlsx",181,"ds-2-18-(3)","li_2019","franks","ambiguous: both retained; human review needed"
"stomata-franks_li_2019.xlsx",35,"ds-2-18-(3)","li_2019","franks","stomata-franks_li_2019.xlsx",182,"ds-2-18-(3)","li_2019","franks","ambiguous: both retained; human review needed"
"stomata-franks_li_2019.xlsx",84,"ds-2-18-(3)","li_2019","franks","stomata-franks_li_2019.xlsx",182,"ds-2-18-(3)","li_2019","franks","ambiguous: both retained; human review needed"
"stomata-franks_li_2019.xlsx",133,"ds-2-18-(3)","li_2019","franks","stomata-franks_li_2019.xlsx",182,"ds-2-18-(3)","li_2019","franks","ambiguous: both retained; human review needed"
"stomata-franks_li_2019.xlsx",36,"ds-2-18-(3)","li_2019","franks","stomata-franks_li_2019.xlsx",183,"ds-2-18-(3)","li_2019","franks","ambiguous: both retained; human review needed"
"stomata-franks_li_2019.xlsx",85,"ds-2-18-(3)","li_2019","franks","stomata-franks_li_2019.xlsx",183,"ds-2-18-(3)","li_2019","franks","ambiguous: both retained; human review needed"
"stomata-franks_li_2019.xlsx",134,"ds-2-18-(3)","li_2019","franks","stomata-franks_li_2019.xlsx",183,"ds-2-18-(3)","li_2019","franks","ambiguous: both retained; human review needed"
"stomata-franks_li_2019.xlsx",37,"ds-2-18-(3)","li_2019","franks","stomata-franks_li_2019.xlsx",184,"ds-2-18-(3)","li_2019","franks","ambiguous: both retained; human review needed"
"stomata-franks_li_2019.xlsx",86,"ds-2-18-(3)","li_2019","franks","stomata-franks_li_2019.xlsx",184,"ds-2-18-(3)","li_2019","franks","ambiguous: both retained; human review needed"
"stomata-franks_li_2019.xlsx",135,"ds-2-18-(3)","li_2019","franks","stomata-franks_li_2019.xlsx",184,"ds-2-18-(3)","li_2019","franks","ambiguous: both retained; human review needed"
"stomata-franks_li_2019.xlsx",38,"ds-2-18-(3)","li_2019","franks","stomata-franks_li_2019.xlsx",185,"ds-2-18-(3)","li_2019","franks","ambiguous: both retained; human review needed"
"stomata-franks_li_2019.xlsx",87,"ds-2-18-(3)","li_2019","franks","stomata-franks_li_2019.xlsx",185,"ds-2-18-(3)","li_2019","franks","ambiguous: both retained; human review needed"
"stomata-franks_li_2019.xlsx",136,"ds-2-18-(3)","li_2019","franks","stomata-franks_li_2019.xlsx",185,"ds-2-18-(3)","li_2019","franks","ambiguous: both retained; human review needed"
"stomata-franks_li_2019.xlsx",39,"ds-2-18-(3)","li_2019","franks","stomata-franks_li_2019.xlsx",186,"ds-2-18-(3)","li_2019","franks","ambiguous: both retained; human review needed"
"stomata-franks_li_2019.xlsx",88,"ds-2-18-(3)","li_2019","franks","stomata-franks_li_2019.xlsx",186,"ds-2-18-(3)","li_2019","franks","ambiguous: both retained; human review needed"
"stomata-franks_li_2019.xlsx",137,"ds-2-18-(3)","li_2019","franks","stomata-franks_li_2019.xlsx",186,"ds-2-18-(3)","li_2019","franks","ambiguous: both retained; human review needed"
"stomata-franks_li_2019.xlsx",40,"ds-2-18-(3)","li_2019","franks","stomata-franks_li_2019.xlsx",187,"ds-2-18-(3)","li_2019","franks","ambiguous: both retained; human review needed"
"stomata-franks_li_2019.xlsx",89,"ds-2-18-(3)","li_2019","franks","stomata-franks_li_2019.xlsx",187,"ds-2-18-(3)","li_2019","franks","ambiguous: both retained; human review needed"
"stomata-franks_li_2019.xlsx",138,"ds-2-18-(3)","li_2019","franks","stomata-franks_li_2019.xlsx",187,"ds-2-18-(3)","li_2019","franks","ambiguous: both retained; human review needed"
"stomata-franks_li_2019.xlsx",41,"ds-2-18-(4)","li_2019","franks","stomata-franks_li_2019.xlsx",188,"ds-2-18-(4)","li_2019","franks","ambiguous: both retained; human review needed"
"stomata-franks_li_2019.xlsx",90,"ds-2-18-(4)","li_2019","franks","stomata-franks_li_2019.xlsx",188,"ds-2-18-(4)","li_2019","franks","ambiguous: both retained; human review needed"
"stomata-franks_li_2019.xlsx",139,"ds-2-18-(4)","li_2019","franks","stomata-franks_li_2019.xlsx",188,"ds-2-18-(4)","li_2019","franks","ambiguous: both retained; human review needed"
"stomata-franks_li_2019.xlsx",42,"ds-2-18-(4)","li_2019","franks","stomata-franks_li_2019.xlsx",189,"ds-2-18-(4)","li_2019","franks","ambiguous: both retained; human review needed"
"stomata-franks_li_2019.xlsx",91,"ds-2-18-(4)","li_2019","franks","stomata-franks_li_2019.xlsx",189,"ds-2-18-(4)","li_2019","franks","ambiguous: both retained; human review needed"
"stomata-franks_li_2019.xlsx",140,"ds-2-18-(4)","li_2019","franks","stomata-franks_li_2019.xlsx",189,"ds-2-18-(4)","li_2019","franks","ambiguous: both retained; human review needed"
"stomata-franks_li_2019.xlsx",43,"ds-2-18-(4)","li_2019","franks","stomata-franks_li_2019.xlsx",190,"ds-2-18-(4)","li_2019","franks","ambiguous: both retained; human review needed"
"stomata-franks_li_2019.xlsx",92,"ds-2-18-(4)","li_2019","franks","stomata-franks_li_2019.xlsx",190,"ds-2-18-(4)","li_2019","franks","ambiguous: both retained; human review needed"
"stomata-franks_li_2019.xlsx",141,"ds-2-18-(4)","li_2019","franks","stomata-franks_li_2019.xlsx",190,"ds-2-18-(4)","li_2019","franks","ambiguous: both retained; human review needed"
"stomata-franks_li_2019.xlsx",44,"ds-2-18-(4)","li_2019","franks","stomata-franks_li_2019.xlsx",191,"ds-2-18-(4)","li_2019","franks","ambiguous: both retained; human review needed"
"stomata-franks_li_2019.xlsx",93,"ds-2-18-(4)","li_2019","franks","stomata-franks_li_2019.xlsx",191,"ds-2-18-(4)","li_2019","franks","ambiguous: both retained; human review needed"
"stomata-franks_li_2019.xlsx",142,"ds-2-18-(4)","li_2019","franks","stomata-franks_li_2019.xlsx",191,"ds-2-18-(4)","li_2019","franks","ambiguous: both retained; human review needed"
"stomata-franks_li_2019.xlsx",45,"ds-2-18-(4)","li_2019","franks","stomata-franks_li_2019.xlsx",192,"ds-2-18-(4)","li_2019","franks","ambiguous: both retained; human review needed"
"stomata-franks_li_2019.xlsx",94,"ds-2-18-(4)","li_2019","franks","stomata-franks_li_2019.xlsx",192,"ds-2-18-(4)","li_2019","franks","ambiguous: both retained; human review needed"
"stomata-franks_li_2019.xlsx",143,"ds-2-18-(4)","li_2019","franks","stomata-franks_li_2019.xlsx",192,"ds-2-18-(4)","li_2019","franks","ambiguous: both retained; human review needed"
"stomata-franks_li_2019.xlsx",46,"ds-3-(1)","li_2019","franks","stomata-franks_li_2019.xlsx",193,"ds-3-(1)","li_2019","franks","ambiguous: both retained; human review needed"
"stomata-franks_li_2019.xlsx",95,"ds-3-(1)","li_2019","franks","stomata-franks_li_2019.xlsx",193,"ds-3-(1)","li_2019","franks","ambiguous: both retained; human review needed"
"stomata-franks_li_2019.xlsx",144,"ds-3-(1)","li_2019","franks","stomata-franks_li_2019.xlsx",193,"ds-3-(1)","li_2019","franks","ambiguous: both retained; human review needed"
"stomata-franks_li_2019.xlsx",47,"ds-3-(1)","li_2019","franks","stomata-franks_li_2019.xlsx",194,"ds-3-(1)","li_2019","franks","ambiguous: both retained; human review needed"
"stomata-franks_li_2019.xlsx",96,"ds-3-(1)","li_2019","franks","stomata-franks_li_2019.xlsx",194,"ds-3-(1)","li_2019","franks","ambiguous: both retained; human review needed"
"stomata-franks_li_2019.xlsx",145,"ds-3-(1)","li_2019","franks","stomata-franks_li_2019.xlsx",194,"ds-3-(1)","li_2019","franks","ambiguous: both retained; human review needed"
"stomata-franks_li_2019.xlsx",48,"ds-3-(1)","li_2019","franks","stomata-franks_li_2019.xlsx",195,"ds-3-(1)","li_2019","franks","ambiguous: both retained; human review needed"
"stomata-franks_li_2019.xlsx",97,"ds-3-(1)","li_2019","franks","stomata-franks_li_2019.xlsx",195,"ds-3-(1)","li_2019","franks","ambiguous: both retained; human review needed"
"stomata-franks_li_2019.xlsx",146,"ds-3-(1)","li_2019","franks","stomata-franks_li_2019.xlsx",195,"ds-3-(1)","li_2019","franks","ambiguous: both retained; human review needed"
"stomata-franks_li_2019.xlsx",49,"ds-3-(1)","li_2019","franks","stomata-franks_li_2019.xlsx",196,"ds-3-(1)","li_2019","franks","ambiguous: both retained; human review needed"
"stomata-franks_li_2019.xlsx",98,"ds-3-(1)","li_2019","franks","stomata-franks_li_2019.xlsx",196,"ds-3-(1)","li_2019","franks","ambiguous: both retained; human review needed"
"stomata-franks_li_2019.xlsx",147,"ds-3-(1)","li_2019","franks","stomata-franks_li_2019.xlsx",196,"ds-3-(1)","li_2019","franks","ambiguous: both retained; human review needed"
"stomata-franks_li_2019.xlsx",50,"ds-4-(1)","li_2019","franks","stomata-franks_li_2019.xlsx",197,"ds-4-(1)","li_2019","franks","ambiguous: both retained; human review needed"
"stomata-franks_li_2019.xlsx",99,"ds-4-(1)","li_2019","franks","stomata-franks_li_2019.xlsx",197,"ds-4-(1)","li_2019","franks","ambiguous: both retained; human review needed"
"stomata-franks_li_2019.xlsx",148,"ds-4-(1)","li_2019","franks","stomata-franks_li_2019.xlsx",197,"ds-4-(1)","li_2019","franks","ambiguous: both retained; human review needed"
"stomata-franks_li_2019.xlsx",51,"ds-4-(1)","li_2019","franks","stomata-franks_li_2019.xlsx",198,"ds-4-(1)","li_2019","franks","ambiguous: both retained; human review needed"
"stomata-franks_li_2019.xlsx",100,"ds-4-(1)","li_2019","franks","stomata-franks_li_2019.xlsx",198,"ds-4-(1)","li_2019","franks","ambiguous: both retained; human review needed"
"stomata-franks_li_2019.xlsx",149,"ds-4-(1)","li_2019","franks","stomata-franks_li_2019.xlsx",198,"ds-4-(1)","li_2019","franks","ambiguous: both retained; human review needed"
"stomata-franks_li_2019.xlsx",52,"ds-4-(1)","li_2019","franks","stomata-franks_li_2019.xlsx",199,"ds-4-(1)","li_2019","franks","ambiguous: both retained; human review needed"
"stomata-franks_li_2019.xlsx",101,"ds-4-(1)","li_2019","franks","stomata-franks_li_2019.xlsx",199,"ds-4-(1)","li_2019","franks","ambiguous: both retained; human review needed"
"stomata-franks_li_2019.xlsx",150,"ds-4-(1)","li_2019","franks","stomata-franks_li_2019.xlsx",199,"ds-4-(1)","li_2019","franks","ambiguous: both retained; human review needed"
"stomata-franks_li_2019.xlsx",4,"ds-2-11-(5)","li_2019","franks","stomata-franks_li_2019.xlsx",200,"ds-2-11-(5)","li_2019","franks","ambiguous: both retained; human review needed"
"stomata-franks_li_2019.xlsx",53,"ds-2-11-(5)","li_2019","franks","stomata-franks_li_2019.xlsx",200,"ds-2-11-(5)","li_2019","franks","ambiguous: both retained; human review needed"
"stomata-franks_li_2019.xlsx",102,"ds-2-11-(5)","li_2019","franks","stomata-franks_li_2019.xlsx",200,"ds-2-11-(5)","li_2019","franks","ambiguous: both retained; human review needed"
"stomata-franks_li_2019.xlsx",151,"ds-2-11-(5)","li_2019","franks","stomata-franks_li_2019.xlsx",200,"ds-2-11-(5)","li_2019","franks","ambiguous: both retained; human review needed"
"stomata-franks_li_2019.xlsx",5,"ds-2-11-(5)","li_2019","franks","stomata-franks_li_2019.xlsx",201,"ds-2-11-(5)","li_2019","franks","ambiguous: both retained; human review needed"
"stomata-franks_li_2019.xlsx",54,"ds-2-11-(5)","li_2019","franks","stomata-franks_li_2019.xlsx",201,"ds-2-11-(5)","li_2019","franks","ambiguous: both retained; human review needed"
"stomata-franks_li_2019.xlsx",103,"ds-2-11-(5)","li_2019","franks","stomata-franks_li_2019.xlsx",201,"ds-2-11-(5)","li_2019","franks","ambiguous: both retained; human review needed"
"stomata-franks_li_2019.xlsx",152,"ds-2-11-(5)","li_2019","franks","stomata-franks_li_2019.xlsx",201,"ds-2-11-(5)","li_2019","franks","ambiguous: both retained; human review needed"
"stomata-franks_li_2019.xlsx",6,"ds-2-11-(5)","li_2019","franks","stomata-franks_li_2019.xlsx",202,"ds-2-11-(5)","li_2019","franks","ambiguous: both retained; human review needed"
"stomata-franks_li_2019.xlsx",55,"ds-2-11-(5)","li_2019","franks","stomata-franks_li_2019.xlsx",202,"ds-2-11-(5)","li_2019","franks","ambiguous: both retained; human review needed"
"stomata-franks_li_2019.xlsx",104,"ds-2-11-(5)","li_2019","franks","stomata-franks_li_2019.xlsx",202,"ds-2-11-(5)","li_2019","franks","ambiguous: both retained; human review needed"
"stomata-franks_li_2019.xlsx",153,"ds-2-11-(5)","li_2019","franks","stomata-franks_li_2019.xlsx",202,"ds-2-11-(5)","li_2019","franks","ambiguous: both retained; human review needed"
"stomata-franks_li_2019.xlsx",7,"ds-2-11-(6)","li_2019","franks","stomata-franks_li_2019.xlsx",203,"ds-2-11-(6)","li_2019","franks","ambiguous: both retained; human review needed"
"stomata-franks_li_2019.xlsx",56,"ds-2-11-(6)","li_2019","franks","stomata-franks_li_2019.xlsx",203,"ds-2-11-(6)","li_2019","franks","ambiguous: both retained; human review needed"
"stomata-franks_li_2019.xlsx",105,"ds-2-11-(6)","li_2019","franks","stomata-franks_li_2019.xlsx",203,"ds-2-11-(6)","li_2019","franks","ambiguous: both retained; human review needed"
"stomata-franks_li_2019.xlsx",154,"ds-2-11-(6)","li_2019","franks","stomata-franks_li_2019.xlsx",203,"ds-2-11-(6)","li_2019","franks","ambiguous: both retained; human review needed"
"stomata-franks_li_2019.xlsx",8,"ds-2-11-(6)","li_2019","franks","stomata-franks_li_2019.xlsx",204,"ds-2-11-(6)","li_2019","franks","ambiguous: both retained; human review needed"
"stomata-franks_li_2019.xlsx",57,"ds-2-11-(6)","li_2019","franks","stomata-franks_li_2019.xlsx",204,"ds-2-11-(6)","li_2019","franks","ambiguous: both retained; human review needed"
"stomata-franks_li_2019.xlsx",106,"ds-2-11-(6)","li_2019","franks","stomata-franks_li_2019.xlsx",204,"ds-2-11-(6)","li_2019","franks","ambiguous: both retained; human review needed"
"stomata-franks_li_2019.xlsx",155,"ds-2-11-(6)","li_2019","franks","stomata-franks_li_2019.xlsx",204,"ds-2-11-(6)","li_2019","franks","ambiguous: both retained; human review needed"
"stomata-franks_li_2019.xlsx",9,"ds-2-11-(6)","li_2019","franks","stomata-franks_li_2019.xlsx",205,"ds-2-11-(6)","li_2019","franks","ambiguous: both retained; human review needed"
"stomata-franks_li_2019.xlsx",58,"ds-2-11-(6)","li_2019","franks","stomata-franks_li_2019.xlsx",205,"ds-2-11-(6)","li_2019","franks","ambiguous: both retained; human review needed"
"stomata-franks_li_2019.xlsx",107,"ds-2-11-(6)","li_2019","franks","stomata-franks_li_2019.xlsx",205,"ds-2-11-(6)","li_2019","franks","ambiguous: both retained; human review needed"
"stomata-franks_li_2019.xlsx",156,"ds-2-11-(6)","li_2019","franks","stomata-franks_li_2019.xlsx",205,"ds-2-11-(6)","li_2019","franks","ambiguous: both retained; human review needed"
"stomata-franks_li_2019.xlsx",10,"ds-2-11-(6)","li_2019","franks","stomata-franks_li_2019.xlsx",206,"ds-2-11-(6)","li_2019","franks","ambiguous: both retained; human review needed"
"stomata-franks_li_2019.xlsx",59,"ds-2-11-(6)","li_2019","franks","stomata-franks_li_2019.xlsx",206,"ds-2-11-(6)","li_2019","franks","ambiguous: both retained; human review needed"
"stomata-franks_li_2019.xlsx",108,"ds-2-11-(6)","li_2019","franks","stomata-franks_li_2019.xlsx",206,"ds-2-11-(6)","li_2019","franks","ambiguous: both retained; human review needed"
"stomata-franks_li_2019.xlsx",157,"ds-2-11-(6)","li_2019","franks","stomata-franks_li_2019.xlsx",206,"ds-2-11-(6)","li_2019","franks","ambiguous: both retained; human review needed"
"stomata-franks_li_2019.xlsx",11,"ds-2-11-(13)","li_2019","franks","stomata-franks_li_2019.xlsx",207,"ds-2-11-(13)","li_2019","franks","ambiguous: both retained; human review needed"
"stomata-franks_li_2019.xlsx",60,"ds-2-11-(13)","li_2019","franks","stomata-franks_li_2019.xlsx",207,"ds-2-11-(13)","li_2019","franks","ambiguous: both retained; human review needed"
"stomata-franks_li_2019.xlsx",109,"ds-2-11-(13)","li_2019","franks","stomata-franks_li_2019.xlsx",207,"ds-2-11-(13)","li_2019","franks","ambiguous: both retained; human review needed"
"stomata-franks_li_2019.xlsx",158,"ds-2-11-(13)","li_2019","franks","stomata-franks_li_2019.xlsx",207,"ds-2-11-(13)","li_2019","franks","ambiguous: both retained; human review needed"
"stomata-franks_li_2019.xlsx",12,"ds-2-15-(1)","li_2019","franks","stomata-franks_li_2019.xlsx",208,"ds-2-15-(1)","li_2019","franks","ambiguous: both retained; human review needed"
"stomata-franks_li_2019.xlsx",61,"ds-2-15-(1)","li_2019","franks","stomata-franks_li_2019.xlsx",208,"ds-2-15-(1)","li_2019","franks","ambiguous: both retained; human review needed"
"stomata-franks_li_2019.xlsx",110,"ds-2-15-(1)","li_2019","franks","stomata-franks_li_2019.xlsx",208,"ds-2-15-(1)","li_2019","franks","ambiguous: both retained; human review needed"
"stomata-franks_li_2019.xlsx",159,"ds-2-15-(1)","li_2019","franks","stomata-franks_li_2019.xlsx",208,"ds-2-15-(1)","li_2019","franks","ambiguous: both retained; human review needed"
"stomata-franks_li_2019.xlsx",13,"ds-2-15-(1)","li_2019","franks","stomata-franks_li_2019.xlsx",209,"ds-2-15-(1)","li_2019","franks","ambiguous: both retained; human review needed"
"stomata-franks_li_2019.xlsx",62,"ds-2-15-(1)","li_2019","franks","stomata-franks_li_2019.xlsx",209,"ds-2-15-(1)","li_2019","franks","ambiguous: both retained; human review needed"
"stomata-franks_li_2019.xlsx",111,"ds-2-15-(1)","li_2019","franks","stomata-franks_li_2019.xlsx",209,"ds-2-15-(1)","li_2019","franks","ambiguous: both retained; human review needed"
"stomata-franks_li_2019.xlsx",160,"ds-2-15-(1)","li_2019","franks","stomata-franks_li_2019.xlsx",209,"ds-2-15-(1)","li_2019","franks","ambiguous: both retained; human review needed"
"stomata-franks_li_2019.xlsx",14,"ds-2-16-(2)","li_2019","franks","stomata-franks_li_2019.xlsx",210,"ds-2-16-(2)","li_2019","franks","ambiguous: both retained; human review needed"
"stomata-franks_li_2019.xlsx",63,"ds-2-16-(2)","li_2019","franks","stomata-franks_li_2019.xlsx",210,"ds-2-16-(2)","li_2019","franks","ambiguous: both retained; human review needed"
"stomata-franks_li_2019.xlsx",112,"ds-2-16-(2)","li_2019","franks","stomata-franks_li_2019.xlsx",210,"ds-2-16-(2)","li_2019","franks","ambiguous: both retained; human review needed"
"stomata-franks_li_2019.xlsx",161,"ds-2-16-(2)","li_2019","franks","stomata-franks_li_2019.xlsx",210,"ds-2-16-(2)","li_2019","franks","ambiguous: both retained; human review needed"
"stomata-franks_li_2019.xlsx",15,"ds-2-18-(1)","li_2019","franks","stomata-franks_li_2019.xlsx",211,"ds-2-18-(1)","li_2019","franks","ambiguous: both retained; human review needed"
"stomata-franks_li_2019.xlsx",64,"ds-2-18-(1)","li_2019","franks","stomata-franks_li_2019.xlsx",211,"ds-2-18-(1)","li_2019","franks","ambiguous: both retained; human review needed"
"stomata-franks_li_2019.xlsx",113,"ds-2-18-(1)","li_2019","franks","stomata-franks_li_2019.xlsx",211,"ds-2-18-(1)","li_2019","franks","ambiguous: both retained; human review needed"
"stomata-franks_li_2019.xlsx",162,"ds-2-18-(1)","li_2019","franks","stomata-franks_li_2019.xlsx",211,"ds-2-18-(1)","li_2019","franks","ambiguous: both retained; human review needed"
"stomata-franks_li_2019.xlsx",16,"ds-2-18-(1)","li_2019","franks","stomata-franks_li_2019.xlsx",212,"ds-2-18-(1)","li_2019","franks","ambiguous: both retained; human review needed"
"stomata-franks_li_2019.xlsx",65,"ds-2-18-(1)","li_2019","franks","stomata-franks_li_2019.xlsx",212,"ds-2-18-(1)","li_2019","franks","ambiguous: both retained; human review needed"
"stomata-franks_li_2019.xlsx",114,"ds-2-18-(1)","li_2019","franks","stomata-franks_li_2019.xlsx",212,"ds-2-18-(1)","li_2019","franks","ambiguous: both retained; human review needed"
"stomata-franks_li_2019.xlsx",163,"ds-2-18-(1)","li_2019","franks","stomata-franks_li_2019.xlsx",212,"ds-2-18-(1)","li_2019","franks","ambiguous: both retained; human review needed"
"stomata-franks_li_2019.xlsx",17,"ds-2-18-(1)","li_2019","franks","stomata-franks_li_2019.xlsx",213,"ds-2-18-(1)","li_2019","franks","ambiguous: both retained; human review needed"
"stomata-franks_li_2019.xlsx",66,"ds-2-18-(1)","li_2019","franks","stomata-franks_li_2019.xlsx",213,"ds-2-18-(1)","li_2019","franks","ambiguous: both retained; human review needed"
"stomata-franks_li_2019.xlsx",115,"ds-2-18-(1)","li_2019","franks","stomata-franks_li_2019.xlsx",213,"ds-2-18-(1)","li_2019","franks","ambiguous: both retained; human review needed"
"stomata-franks_li_2019.xlsx",164,"ds-2-18-(1)","li_2019","franks","stomata-franks_li_2019.xlsx",213,"ds-2-18-(1)","li_2019","franks","ambiguous: both retained; human review needed"
"stomata-franks_li_2019.xlsx",18,"ds-2-18-(1)","li_2019","franks","stomata-franks_li_2019.xlsx",214,"ds-2-18-(1)","li_2019","franks","ambiguous: both retained; human review needed"
"stomata-franks_li_2019.xlsx",67,"ds-2-18-(1)","li_2019","franks","stomata-franks_li_2019.xlsx",214,"ds-2-18-(1)","li_2019","franks","ambiguous: both retained; human review needed"
"stomata-franks_li_2019.xlsx",116,"ds-2-18-(1)","li_2019","franks","stomata-franks_li_2019.xlsx",214,"ds-2-18-(1)","li_2019","franks","ambiguous: both retained; human review needed"
"stomata-franks_li_2019.xlsx",165,"ds-2-18-(1)","li_2019","franks","stomata-franks_li_2019.xlsx",214,"ds-2-18-(1)","li_2019","franks","ambiguous: both retained; human review needed"
"stomata-franks_li_2019.xlsx",19,"ds-2-18-(1)","li_2019","franks","stomata-franks_li_2019.xlsx",215,"ds-2-18-(1)","li_2019","franks","ambiguous: both retained; human review needed"
"stomata-franks_li_2019.xlsx",68,"ds-2-18-(1)","li_2019","franks","stomata-franks_li_2019.xlsx",215,"ds-2-18-(1)","li_2019","franks","ambiguous: both retained; human review needed"
"stomata-franks_li_2019.xlsx",117,"ds-2-18-(1)","li_2019","franks","stomata-franks_li_2019.xlsx",215,"ds-2-18-(1)","li_2019","franks","ambiguous: both retained; human review needed"
"stomata-franks_li_2019.xlsx",166,"ds-2-18-(1)","li_2019","franks","stomata-franks_li_2019.xlsx",215,"ds-2-18-(1)","li_2019","franks","ambiguous: both retained; human review needed"
"stomata-franks_li_2019.xlsx",20,"ds-2-18-(2)","li_2019","franks","stomata-franks_li_2019.xlsx",216,"ds-2-18-(2)","li_2019","franks","ambiguous: both retained; human review needed"
"stomata-franks_li_2019.xlsx",69,"ds-2-18-(2)","li_2019","franks","stomata-franks_li_2019.xlsx",216,"ds-2-18-(2)","li_2019","franks","ambiguous: both retained; human review needed"
"stomata-franks_li_2019.xlsx",118,"ds-2-18-(2)","li_2019","franks","stomata-franks_li_2019.xlsx",216,"ds-2-18-(2)","li_2019","franks","ambiguous: both retained; human review needed"
"stomata-franks_li_2019.xlsx",167,"ds-2-18-(2)","li_2019","franks","stomata-franks_li_2019.xlsx",216,"ds-2-18-(2)","li_2019","franks","ambiguous: both retained; human review needed"
"stomata-franks_li_2019.xlsx",21,"ds-2-18-(2)","li_2019","franks","stomata-franks_li_2019.xlsx",217,"ds-2-18-(2)","li_2019","franks","ambiguous: both retained; human review needed"
"stomata-franks_li_2019.xlsx",70,"ds-2-18-(2)","li_2019","franks","stomata-franks_li_2019.xlsx",217,"ds-2-18-(2)","li_2019","franks","ambiguous: both retained; human review needed"
"stomata-franks_li_2019.xlsx",119,"ds-2-18-(2)","li_2019","franks","stomata-franks_li_2019.xlsx",217,"ds-2-18-(2)","li_2019","franks","ambiguous: both retained; human review needed"
"stomata-franks_li_2019.xlsx",168,"ds-2-18-(2)","li_2019","franks","stomata-franks_li_2019.xlsx",217,"ds-2-18-(2)","li_2019","franks","ambiguous: both retained; human review needed"
"stomata-franks_li_2019.xlsx",22,"ds-2-18-(2)","li_2019","franks","stomata-franks_li_2019.xlsx",218,"ds-2-18-(2)","li_2019","franks","ambiguous: both retained; human review needed"
"stomata-franks_li_2019.xlsx",71,"ds-2-18-(2)","li_2019","franks","stomata-franks_li_2019.xlsx",218,"ds-2-18-(2)","li_2019","franks","ambiguous: both retained; human review needed"
"stomata-franks_li_2019.xlsx",120,"ds-2-18-(2)","li_2019","franks","stomata-franks_li_2019.xlsx",218,"ds-2-18-(2)","li_2019","franks","ambiguous: both retained; human review needed"
"stomata-franks_li_2019.xlsx",169,"ds-2-18-(2)","li_2019","franks","stomata-franks_li_2019.xlsx",218,"ds-2-18-(2)","li_2019","franks","ambiguous: both retained; human review needed"
"stomata-franks_li_2019.xlsx",23,"ds-2-18-(2)","li_2019","franks","stomata-franks_li_2019.xlsx",219,"ds-2-18-(2)","li_2019","franks","ambiguous: both retained; human review needed"
"stomata-franks_li_2019.xlsx",72,"ds-2-18-(2)","li_2019","franks","stomata-franks_li_2019.xlsx",219,"ds-2-18-(2)","li_2019","franks","ambiguous: both retained; human review needed"
"stomata-franks_li_2019.xlsx",121,"ds-2-18-(2)","li_2019","franks","stomata-franks_li_2019.xlsx",219,"ds-2-18-(2)","li_2019","franks","ambiguous: both retained; human review needed"
"stomata-franks_li_2019.xlsx",170,"ds-2-18-(2)","li_2019","franks","stomata-franks_li_2019.xlsx",219,"ds-2-18-(2)","li_2019","franks","ambiguous: both retained; human review needed"
"stomata-franks_li_2019.xlsx",24,"ds-2-18-(2)","li_2019","franks","stomata-franks_li_2019.xlsx",220,"ds-2-18-(2)","li_2019","franks","ambiguous: both retained; human review needed"
"stomata-franks_li_2019.xlsx",73,"ds-2-18-(2)","li_2019","franks","stomata-franks_li_2019.xlsx",220,"ds-2-18-(2)","li_2019","franks","ambiguous: both retained; human review needed"
"stomata-franks_li_2019.xlsx",122,"ds-2-18-(2)","li_2019","franks","stomata-franks_li_2019.xlsx",220,"ds-2-18-(2)","li_2019","franks","ambiguous: both retained; human review needed"
"stomata-franks_li_2019.xlsx",171,"ds-2-18-(2)","li_2019","franks","stomata-franks_li_2019.xlsx",220,"ds-2-18-(2)","li_2019","franks","ambiguous: both retained; human review needed"
"stomata-franks_li_2019.xlsx",25,"ds-2-18-(2)","li_2019","franks","stomata-franks_li_2019.xlsx",221,"ds-2-18-(2)","li_2019","franks","ambiguous: both retained; human review needed"
"stomata-franks_li_2019.xlsx",74,"ds-2-18-(2)","li_2019","franks","stomata-franks_li_2019.xlsx",221,"ds-2-18-(2)","li_2019","franks","ambiguous: both retained; human review needed"
"stomata-franks_li_2019.xlsx",123,"ds-2-18-(2)","li_2019","franks","stomata-franks_li_2019.xlsx",221,"ds-2-18-(2)","li_2019","franks","ambiguous: both retained; human review needed"
"stomata-franks_li_2019.xlsx",172,"ds-2-18-(2)","li_2019","franks","stomata-franks_li_2019.xlsx",221,"ds-2-18-(2)","li_2019","franks","ambiguous: both retained; human review needed"
"stomata-franks_li_2019.xlsx",26,"ds-2-18-(2)","li_2019","franks","stomata-franks_li_2019.xlsx",222,"ds-2-18-(2)","li_2019","franks","ambiguous: both retained; human review needed"
"stomata-franks_li_2019.xlsx",75,"ds-2-18-(2)","li_2019","franks","stomata-franks_li_2019.xlsx",222,"ds-2-18-(2)","li_2019","franks","ambiguous: both retained; human review needed"
"stomata-franks_li_2019.xlsx",124,"ds-2-18-(2)","li_2019","franks","stomata-franks_li_2019.xlsx",222,"ds-2-18-(2)","li_2019","franks","ambiguous: both retained; human review needed"
"stomata-franks_li_2019.xlsx",173,"ds-2-18-(2)","li_2019","franks","stomata-franks_li_2019.xlsx",222,"ds-2-18-(2)","li_2019","franks","ambiguous: both retained; human review needed"
"stomata-franks_li_2019.xlsx",27,"ds-2-18-(2)","li_2019","franks","stomata-franks_li_2019.xlsx",223,"ds-2-18-(2)","li_2019","franks","ambiguous: both retained; human review needed"
"stomata-franks_li_2019.xlsx",76,"ds-2-18-(2)","li_2019","franks","stomata-franks_li_2019.xlsx",223,"ds-2-18-(2)","li_2019","franks","ambiguous: both retained; human review needed"
"stomata-franks_li_2019.xlsx",125,"ds-2-18-(2)","li_2019","franks","stomata-franks_li_2019.xlsx",223,"ds-2-18-(2)","li_2019","franks","ambiguous: both retained; human review needed"
"stomata-franks_li_2019.xlsx",174,"ds-2-18-(2)","li_2019","franks","stomata-franks_li_2019.xlsx",223,"ds-2-18-(2)","li_2019","franks","ambiguous: both retained; human review needed"
"stomata-franks_li_2019.xlsx",28,"ds-2-18-(2)","li_2019","franks","stomata-franks_li_2019.xlsx",224,"ds-2-18-(2)","li_2019","franks","ambiguous: both retained; human review needed"
"stomata-franks_li_2019.xlsx",77,"ds-2-18-(2)","li_2019","franks","stomata-franks_li_2019.xlsx",224,"ds-2-18-(2)","li_2019","franks","ambiguous: both retained; human review needed"
"stomata-franks_li_2019.xlsx",126,"ds-2-18-(2)","li_2019","franks","stomata-franks_li_2019.xlsx",224,"ds-2-18-(2)","li_2019","franks","ambiguous: both retained; human review needed"
"stomata-franks_li_2019.xlsx",175,"ds-2-18-(2)","li_2019","franks","stomata-franks_li_2019.xlsx",224,"ds-2-18-(2)","li_2019","franks","ambiguous: both retained; human review needed"
"stomata-franks_li_2019.xlsx",29,"ds-2-18-(2)","li_2019","franks","stomata-franks_li_2019.xlsx",225,"ds-2-18-(2)","li_2019","franks","ambiguous: both retained; human review needed"
"stomata-franks_li_2019.xlsx",78,"ds-2-18-(2)","li_2019","franks","stomata-franks_li_2019.xlsx",225,"ds-2-18-(2)","li_2019","franks","ambiguous: both retained; human review needed"
"stomata-franks_li_2019.xlsx",127,"ds-2-18-(2)","li_2019","franks","stomata-franks_li_2019.xlsx",225,"ds-2-18-(2)","li_2019","franks","ambiguous: both retained; human review needed"
"stomata-franks_li_2019.xlsx",176,"ds-2-18-(2)","li_2019","franks","stomata-franks_li_2019.xlsx",225,"ds-2-18-(2)","li_2019","franks","ambiguous: both retained; human review needed"
"stomata-franks_li_2019.xlsx",30,"ds-2-18-(2)","li_2019","franks","stomata-franks_li_2019.xlsx",226,"ds-2-18-(2)","li_2019","franks","ambiguous: both retained; human review needed"
"stomata-franks_li_2019.xlsx",79,"ds-2-18-(2)","li_2019","franks","stomata-franks_li_2019.xlsx",226,"ds-2-18-(2)","li_2019","franks","ambiguous: both retained; human review needed"
"stomata-franks_li_2019.xlsx",128,"ds-2-18-(2)","li_2019","franks","stomata-franks_li_2019.xlsx",226,"ds-2-18-(2)","li_2019","franks","ambiguous: both retained; human review needed"
"stomata-franks_li_2019.xlsx",177,"ds-2-18-(2)","li_2019","franks","stomata-franks_li_2019.xlsx",226,"ds-2-18-(2)","li_2019","franks","ambiguous: both retained; human review needed"
"stomata-franks_li_2019.xlsx",31,"ds-2-18-(2)","li_2019","franks","stomata-franks_li_2019.xlsx",227,"ds-2-18-(2)","li_2019","franks","ambiguous: both retained; human review needed"
"stomata-franks_li_2019.xlsx",80,"ds-2-18-(2)","li_2019","franks","stomata-franks_li_2019.xlsx",227,"ds-2-18-(2)","li_2019","franks","ambiguous: both retained; human review needed"
"stomata-franks_li_2019.xlsx",129,"ds-2-18-(2)","li_2019","franks","stomata-franks_li_2019.xlsx",227,"ds-2-18-(2)","li_2019","franks","ambiguous: both retained; human review needed"
"stomata-franks_li_2019.xlsx",178,"ds-2-18-(2)","li_2019","franks","stomata-franks_li_2019.xlsx",227,"ds-2-18-(2)","li_2019","franks","ambiguous: both retained; human review needed"
"stomata-franks_li_2019.xlsx",32,"ds-2-18-(3)","li_2019","franks","stomata-franks_li_2019.xlsx",228,"ds-2-18-(3)","li_2019","franks","ambiguous: both retained; human review needed"
"stomata-franks_li_2019.xlsx",81,"ds-2-18-(3)","li_2019","franks","stomata-franks_li_2019.xlsx",228,"ds-2-18-(3)","li_2019","franks","ambiguous: both retained; human review needed"
"stomata-franks_li_2019.xlsx",130,"ds-2-18-(3)","li_2019","franks","stomata-franks_li_2019.xlsx",228,"ds-2-18-(3)","li_2019","franks","ambiguous: both retained; human review needed"
"stomata-franks_li_2019.xlsx",179,"ds-2-18-(3)","li_2019","franks","stomata-franks_li_2019.xlsx",228,"ds-2-18-(3)","li_2019","franks","ambiguous: both retained; human review needed"
"stomata-franks_li_2019.xlsx",33,"ds-2-18-(3)","li_2019","franks","stomata-franks_li_2019.xlsx",229,"ds-2-18-(3)","li_2019","franks","ambiguous: both retained; human review needed"
"stomata-franks_li_2019.xlsx",82,"ds-2-18-(3)","li_2019","franks","stomata-franks_li_2019.xlsx",229,"ds-2-18-(3)","li_2019","franks","ambiguous: both retained; human review needed"
"stomata-franks_li_2019.xlsx",131,"ds-2-18-(3)","li_2019","franks","stomata-franks_li_2019.xlsx",229,"ds-2-18-(3)","li_2019","franks","ambiguous: both retained; human review needed"
"stomata-franks_li_2019.xlsx",180,"ds-2-18-(3)","li_2019","franks","stomata-franks_li_2019.xlsx",229,"ds-2-18-(3)","li_2019","franks","ambiguous: both retained; human review needed"
"stomata-franks_li_2019.xlsx",34,"ds-2-18-(3)","li_2019","franks","stomata-franks_li_2019.xlsx",230,"ds-2-18-(3)","li_2019","franks","ambiguous: both retained; human review needed"
"stomata-franks_li_2019.xlsx",83,"ds-2-18-(3)","li_2019","franks","stomata-franks_li_2019.xlsx",230,"ds-2-18-(3)","li_2019","franks","ambiguous: both retained; human review needed"
"stomata-franks_li_2019.xlsx",132,"ds-2-18-(3)","li_2019","franks","stomata-franks_li_2019.xlsx",230,"ds-2-18-(3)","li_2019","franks","ambiguous: both retained; human review needed"
"stomata-franks_li_2019.xlsx",181,"ds-2-18-(3)","li_2019","franks","stomata-franks_li_2019.xlsx",230,"ds-2-18-(3)","li_2019","franks","ambiguous: both retained; human review needed"
"stomata-franks_li_2019.xlsx",35,"ds-2-18-(3)","li_2019","franks","stomata-franks_li_2019.xlsx",231,"ds-2-18-(3)","li_2019","franks","ambiguous: both retained; human review needed"
"stomata-franks_li_2019.xlsx",84,"ds-2-18-(3)","li_2019","franks","stomata-franks_li_2019.xlsx",231,"ds-2-18-(3)","li_2019","franks","ambiguous: both retained; human review needed"
"stomata-franks_li_2019.xlsx",133,"ds-2-18-(3)","li_2019","franks","stomata-franks_li_2019.xlsx",231,"ds-2-18-(3)","li_2019","franks","ambiguous: both retained; human review needed"
"stomata-franks_li_2019.xlsx",182,"ds-2-18-(3)","li_2019","franks","stomata-franks_li_2019.xlsx",231,"ds-2-18-(3)","li_2019","franks","ambiguous: both retained; human review needed"
"stomata-franks_li_2019.xlsx",36,"ds-2-18-(3)","li_2019","franks","stomata-franks_li_2019.xlsx",232,"ds-2-18-(3)","li_2019","franks","ambiguous: both retained; human review needed"
"stomata-franks_li_2019.xlsx",85,"ds-2-18-(3)","li_2019","franks","stomata-franks_li_2019.xlsx",232,"ds-2-18-(3)","li_2019","franks","ambiguous: both retained; human review needed"
"stomata-franks_li_2019.xlsx",134,"ds-2-18-(3)","li_2019","franks","stomata-franks_li_2019.xlsx",232,"ds-2-18-(3)","li_2019","franks","ambiguous: both retained; human review needed"
"stomata-franks_li_2019.xlsx",183,"ds-2-18-(3)","li_2019","franks","stomata-franks_li_2019.xlsx",232,"ds-2-18-(3)","li_2019","franks","ambiguous: both retained; human review needed"
"stomata-franks_li_2019.xlsx",37,"ds-2-18-(3)","li_2019","franks","stomata-franks_li_2019.xlsx",233,"ds-2-18-(3)","li_2019","franks","ambiguous: both retained; human review needed"
"stomata-franks_li_2019.xlsx",86,"ds-2-18-(3)","li_2019","franks","stomata-franks_li_2019.xlsx",233,"ds-2-18-(3)","li_2019","franks","ambiguous: both retained; human review needed"
"stomata-franks_li_2019.xlsx",135,"ds-2-18-(3)","li_2019","franks","stomata-franks_li_2019.xlsx",233,"ds-2-18-(3)","li_2019","franks","ambiguous: both retained; human review needed"
"stomata-franks_li_2019.xlsx",184,"ds-2-18-(3)","li_2019","franks","stomata-franks_li_2019.xlsx",233,"ds-2-18-(3)","li_2019","franks","ambiguous: both retained; human review needed"
"stomata-franks_li_2019.xlsx",38,"ds-2-18-(3)","li_2019","franks","stomata-franks_li_2019.xlsx",234,"ds-2-18-(3)","li_2019","franks","ambiguous: both retained; human review needed"
"stomata-franks_li_2019.xlsx",87,"ds-2-18-(3)","li_2019","franks","stomata-franks_li_2019.xlsx",234,"ds-2-18-(3)","li_2019","franks","ambiguous: both retained; human review needed"
"stomata-franks_li_2019.xlsx",136,"ds-2-18-(3)","li_2019","franks","stomata-franks_li_2019.xlsx",234,"ds-2-18-(3)","li_2019","franks","ambiguous: both retained; human review needed"
"stomata-franks_li_2019.xlsx",185,"ds-2-18-(3)","li_2019","franks","stomata-franks_li_2019.xlsx",234,"ds-2-18-(3)","li_2019","franks","ambiguous: both retained; human review needed"
"stomata-franks_li_2019.xlsx",39,"ds-2-18-(3)","li_2019","franks","stomata-franks_li_2019.xlsx",235,"ds-2-18-(3)","li_2019","franks","ambiguous: both retained; human review needed"
"stomata-franks_li_2019.xlsx",88,"ds-2-18-(3)","li_2019","franks","stomata-franks_li_2019.xlsx",235,"ds-2-18-(3)","li_2019","franks","ambiguous: both retained; human review needed"
"stomata-franks_li_2019.xlsx",137,"ds-2-18-(3)","li_2019","franks","stomata-franks_li_2019.xlsx",235,"ds-2-18-(3)","li_2019","franks","ambiguous: both retained; human review needed"
"stomata-franks_li_2019.xlsx",186,"ds-2-18-(3)","li_2019","franks","stomata-franks_li_2019.xlsx",235,"ds-2-18-(3)","li_2019","franks","ambiguous: both retained; human review needed"
"stomata-franks_li_2019.xlsx",40,"ds-2-18-(3)","li_2019","franks","stomata-franks_li_2019.xlsx",236,"ds-2-18-(3)","li_2019","franks","ambiguous: both retained; human review needed"
"stomata-franks_li_2019.xlsx",89,"ds-2-18-(3)","li_2019","franks","stomata-franks_li_2019.xlsx",236,"ds-2-18-(3)","li_2019","franks","ambiguous: both retained; human review needed"
"stomata-franks_li_2019.xlsx",138,"ds-2-18-(3)","li_2019","franks","stomata-franks_li_2019.xlsx",236,"ds-2-18-(3)","li_2019","franks","ambiguous: both retained; human review needed"
"stomata-franks_li_2019.xlsx",187,"ds-2-18-(3)","li_2019","franks","stomata-franks_li_2019.xlsx",236,"ds-2-18-(3)","li_2019","franks","ambiguous: both retained; human review needed"
"stomata-franks_li_2019.xlsx",41,"ds-2-18-(4)","li_2019","franks","stomata-franks_li_2019.xlsx",237,"ds-2-18-(4)","li_2019","franks","ambiguous: both retained; human review needed"
"stomata-franks_li_2019.xlsx",90,"ds-2-18-(4)","li_2019","franks","stomata-franks_li_2019.xlsx",237,"ds-2-18-(4)","li_2019","franks","ambiguous: both retained; human review needed"
"stomata-franks_li_2019.xlsx",139,"ds-2-18-(4)","li_2019","franks","stomata-franks_li_2019.xlsx",237,"ds-2-18-(4)","li_2019","franks","ambiguous: both retained; human review needed"
"stomata-franks_li_2019.xlsx",188,"ds-2-18-(4)","li_2019","franks","stomata-franks_li_2019.xlsx",237,"ds-2-18-(4)","li_2019","franks","ambiguous: both retained; human review needed"
"stomata-franks_li_2019.xlsx",42,"ds-2-18-(4)","li_2019","franks","stomata-franks_li_2019.xlsx",238,"ds-2-18-(4)","li_2019","franks","ambiguous: both retained; human review needed"
"stomata-franks_li_2019.xlsx",91,"ds-2-18-(4)","li_2019","franks","stomata-franks_li_2019.xlsx",238,"ds-2-18-(4)","li_2019","franks","ambiguous: both retained; human review needed"
"stomata-franks_li_2019.xlsx",140,"ds-2-18-(4)","li_2019","franks","stomata-franks_li_2019.xlsx",238,"ds-2-18-(4)","li_2019","franks","ambiguous: both retained; human review needed"
"stomata-franks_li_2019.xlsx",189,"ds-2-18-(4)","li_2019","franks","stomata-franks_li_2019.xlsx",238,"ds-2-18-(4)","li_2019","franks","ambiguous: both retained; human review needed"
"stomata-franks_li_2019.xlsx",43,"ds-2-18-(4)","li_2019","franks","stomata-franks_li_2019.xlsx",239,"ds-2-18-(4)","li_2019","franks","ambiguous: both retained; human review needed"
"stomata-franks_li_2019.xlsx",92,"ds-2-18-(4)","li_2019","franks","stomata-franks_li_2019.xlsx",239,"ds-2-18-(4)","li_2019","franks","ambiguous: both retained; human review needed"
"stomata-franks_li_2019.xlsx",141,"ds-2-18-(4)","li_2019","franks","stomata-franks_li_2019.xlsx",239,"ds-2-18-(4)","li_2019","franks","ambiguous: both retained; human review needed"
"stomata-franks_li_2019.xlsx",190,"ds-2-18-(4)","li_2019","franks","stomata-franks_li_2019.xlsx",239,"ds-2-18-(4)","li_2019","franks","ambiguous: both retained; human review needed"
"stomata-franks_li_2019.xlsx",44,"ds-2-18-(4)","li_2019","franks","stomata-franks_li_2019.xlsx",240,"ds-2-18-(4)","li_2019","franks","ambiguous: both retained; human review needed"
"stomata-franks_li_2019.xlsx",93,"ds-2-18-(4)","li_2019","franks","stomata-franks_li_2019.xlsx",240,"ds-2-18-(4)","li_2019","franks","ambiguous: both retained; human review needed"
"stomata-franks_li_2019.xlsx",142,"ds-2-18-(4)","li_2019","franks","stomata-franks_li_2019.xlsx",240,"ds-2-18-(4)","li_2019","franks","ambiguous: both retained; human review needed"
"stomata-franks_li_2019.xlsx",191,"ds-2-18-(4)","li_2019","franks","stomata-franks_li_2019.xlsx",240,"ds-2-18-(4)","li_2019","franks","ambiguous: both retained; human review needed"
"stomata-franks_li_2019.xlsx",45,"ds-2-18-(4)","li_2019","franks","stomata-franks_li_2019.xlsx",241,"ds-2-18-(4)","li_2019","franks","ambiguous: both retained; human review needed"
"stomata-franks_li_2019.xlsx",94,"ds-2-18-(4)","li_2019","franks","stomata-franks_li_2019.xlsx",241,"ds-2-18-(4)","li_2019","franks","ambiguous: both retained; human review needed"
"stomata-franks_li_2019.xlsx",143,"ds-2-18-(4)","li_2019","franks","stomata-franks_li_2019.xlsx",241,"ds-2-18-(4)","li_2019","franks","ambiguous: both retained; human review needed"
"stomata-franks_li_2019.xlsx",192,"ds-2-18-(4)","li_2019","franks","stomata-franks_li_2019.xlsx",241,"ds-2-18-(4)","li_2019","franks","ambiguous: both retained; human review needed"
"stomata-franks_li_2019.xlsx",46,"ds-3-(1)","li_2019","franks","stomata-franks_li_2019.xlsx",242,"ds-3-(1)","li_2019","franks","ambiguous: both retained; human review needed"
"stomata-franks_li_2019.xlsx",95,"ds-3-(1)","li_2019","franks","stomata-franks_li_2019.xlsx",242,"ds-3-(1)","li_2019","franks","ambiguous: both retained; human review needed"
"stomata-franks_li_2019.xlsx",144,"ds-3-(1)","li_2019","franks","stomata-franks_li_2019.xlsx",242,"ds-3-(1)","li_2019","franks","ambiguous: both retained; human review needed"
"stomata-franks_li_2019.xlsx",193,"ds-3-(1)","li_2019","franks","stomata-franks_li_2019.xlsx",242,"ds-3-(1)","li_2019","franks","ambiguous: both retained; human review needed"
"stomata-franks_li_2019.xlsx",47,"ds-3-(1)","li_2019","franks","stomata-franks_li_2019.xlsx",243,"ds-3-(1)","li_2019","franks","ambiguous: both retained; human review needed"
"stomata-franks_li_2019.xlsx",96,"ds-3-(1)","li_2019","franks","stomata-franks_li_2019.xlsx",243,"ds-3-(1)","li_2019","franks","ambiguous: both retained; human review needed"
"stomata-franks_li_2019.xlsx",145,"ds-3-(1)","li_2019","franks","stomata-franks_li_2019.xlsx",243,"ds-3-(1)","li_2019","franks","ambiguous: both retained; human review needed"
"stomata-franks_li_2019.xlsx",194,"ds-3-(1)","li_2019","franks","stomata-franks_li_2019.xlsx",243,"ds-3-(1)","li_2019","franks","ambiguous: both retained; human review needed"
"stomata-franks_li_2019.xlsx",48,"ds-3-(1)","li_2019","franks","stomata-franks_li_2019.xlsx",244,"ds-3-(1)","li_2019","franks","ambiguous: both retained; human review needed"
"stomata-franks_li_2019.xlsx",97,"ds-3-(1)","li_2019","franks","stomata-franks_li_2019.xlsx",244,"ds-3-(1)","li_2019","franks","ambiguous: both retained; human review needed"
"stomata-franks_li_2019.xlsx",146,"ds-3-(1)","li_2019","franks","stomata-franks_li_2019.xlsx",244,"ds-3-(1)","li_2019","franks","ambiguous: both retained; human review needed"
"stomata-franks_li_2019.xlsx",195,"ds-3-(1)","li_2019","franks","stomata-franks_li_2019.xlsx",244,"ds-3-(1)","li_2019","franks","ambiguous: both retained; human review needed"
"stomata-franks_li_2019.xlsx",49,"ds-3-(1)","li_2019","franks","stomata-franks_li_2019.xlsx",245,"ds-3-(1)","li_2019","franks","ambiguous: both retained; human review needed"
"stomata-franks_li_2019.xlsx",98,"ds-3-(1)","li_2019","franks","stomata-franks_li_2019.xlsx",245,"ds-3-(1)","li_2019","franks","ambiguous: both retained; human review needed"
"stomata-franks_li_2019.xlsx",147,"ds-3-(1)","li_2019","franks","stomata-franks_li_2019.xlsx",245,"ds-3-(1)","li_2019","franks","ambiguous: both retained; human review needed"
"stomata-franks_li_2019.xlsx",196,"ds-3-(1)","li_2019","franks","stomata-franks_li_2019.xlsx",245,"ds-3-(1)","li_2019","franks","ambiguous: both retained; human review needed"
"stomata-franks_li_2019.xlsx",50,"ds-4-(1)","li_2019","franks","stomata-franks_li_2019.xlsx",246,"ds-4-(1)","li_2019","franks","ambiguous: both retained; human review needed"
"stomata-franks_li_2019.xlsx",99,"ds-4-(1)","li_2019","franks","stomata-franks_li_2019.xlsx",246,"ds-4-(1)","li_2019","franks","ambiguous: both retained; human review needed"
"stomata-franks_li_2019.xlsx",148,"ds-4-(1)","li_2019","franks","stomata-franks_li_2019.xlsx",246,"ds-4-(1)","li_2019","franks","ambiguous: both retained; human review needed"
"stomata-franks_li_2019.xlsx",197,"ds-4-(1)","li_2019","franks","stomata-franks_li_2019.xlsx",246,"ds-4-(1)","li_2019","franks","ambiguous: both retained; human review needed"
"stomata-franks_li_2019.xlsx",51,"ds-4-(1)","li_2019","franks","stomata-franks_li_2019.xlsx",247,"ds-4-(1)","li_2019","franks","ambiguous: both retained; human review needed"
"stomata-franks_li_2019.xlsx",100,"ds-4-(1)","li_2019","franks","stomata-franks_li_2019.xlsx",247,"ds-4-(1)","li_2019","franks","ambiguous: both retained; human review needed"
"stomata-franks_li_2019.xlsx",149,"ds-4-(1)","li_2019","franks","stomata-franks_li_2019.xlsx",247,"ds-4-(1)","li_2019","franks","ambiguous: both retained; human review needed"
"stomata-franks_li_2019.xlsx",198,"ds-4-(1)","li_2019","franks","stomata-franks_li_2019.xlsx",247,"ds-4-(1)","li_2019","franks","ambiguous: both retained; human review needed"
"stomata-franks_li_2019.xlsx",52,"ds-4-(1)","li_2019","franks","stomata-franks_li_2019.xlsx",248,"ds-4-(1)","li_2019","franks","ambiguous: both retained; human review needed"
"stomata-franks_li_2019.xlsx",101,"ds-4-(1)","li_2019","franks","stomata-franks_li_2019.xlsx",248,"ds-4-(1)","li_2019","franks","ambiguous: both retained; human review needed"
"stomata-franks_li_2019.xlsx",150,"ds-4-(1)","li_2019","franks","stomata-franks_li_2019.xlsx",248,"ds-4-(1)","li_2019","franks","ambiguous: both retained; human review needed"
"stomata-franks_li_2019.xlsx",199,"ds-4-(1)","li_2019","franks","stomata-franks_li_2019.xlsx",248,"ds-4-(1)","li_2019","franks","ambiguous: both retained; human review needed"
"stomata-si_quan_2009.xlsx",12,,"quan_2009","si","stomata-sr_quan_2009.xlsx",23,,"quan_2009","sr","record 1 retained; record 2 removed/merged"
"stomata-si_steinthorsdottir_2019a_p1.0.xlsx",2,"Grey Lake","steinthorsdottir_2019a","si","stomata-si_steinthorsdottir_2019a_p1.0.xlsx",5,"Grey Lake","steinthorsdottir_2019a","si","record 1 retained; record 2 removed/merged"
"stomata-si_steinthorsdottir_2019a_p1.0.xlsx",3,"Mataura River","steinthorsdottir_2019a","si","stomata-si_steinthorsdottir_2019a_p1.0.xlsx",6,"Mataura River","steinthorsdottir_2019a","si","record 1 retained; record 2 removed/merged"
"stomata-si_steinthorsdottir_2019a_p1.0.xlsx",4,"Foulden Maar","steinthorsdottir_2019a","si","stomata-si_steinthorsdottir_2019a_p1.0.xlsx",7,"Foulden Maar","steinthorsdottir_2019a","si","record 1 retained; record 2 removed/merged"
"stomata-si_steinthorsdottir_2019a_p1.0.xlsx",2,"Grey Lake","steinthorsdottir_2019a","si","stomata-si_steinthorsdottir_2019a_p1.0.xlsx",8,"Grey Lake","steinthorsdottir_2019a","si","record 1 retained; record 2 removed/merged"
"stomata-si_steinthorsdottir_2019a_p1.0.xlsx",3,"Mataura River","steinthorsdottir_2019a","si","stomata-si_steinthorsdottir_2019a_p1.0.xlsx",9,"Mataura River","steinthorsdottir_2019a","si","record 1 retained; record 2 removed/merged"
"stomata-si_steinthorsdottir_2019a_p1.0.xlsx",4,"Foulden Maar","steinthorsdottir_2019a","si","stomata-si_steinthorsdottir_2019a_p1.0.xlsx",10,"Foulden Maar","steinthorsdottir_2019a","si","record 1 retained; record 2 removed/merged"
"stomata-si_steinthorsdottir_2019b_p1.0.xlsx",3,"Huntley Mine locality","steinthorsdottir_2019b","si","stomata-sr_steinthorsdottir_2019b_p1.0.xlsx",3,"Huntley Mine locality","steinthorsdottir_2019b","sr","record 1 retained; record 2 removed/merged"
"stomata-si_steinthorsdottir_2019b_p1.0.xlsx",4,"Rotowaro locality","steinthorsdottir_2019b","si","stomata-sr_steinthorsdottir_2019b_p1.0.xlsx",4,"Rotowaro locality","steinthorsdottir_2019b","sr","record 1 retained; record 2 removed/merged"
"stomata-si_steinthorsdottir_2019b_p1.0.xlsx",5,"Anglesea locality","steinthorsdottir_2019b","si","stomata-sr_steinthorsdottir_2019b_p1.0.xlsx",5,"Anglesea locality","steinthorsdottir_2019b","sr","record 1 retained; record 2 removed/merged"
"stomata-si_steinthorsdottir_2019b_p1.0.xlsx",6,"Gannon's Bridge locality","steinthorsdottir_2019b","si","stomata-sr_steinthorsdottir_2019b_p1.0.xlsx",6,"Gannon's Bridge locality","steinthorsdottir_2019b","sr","record 1 retained; record 2 removed/merged"
"stomata-si_steinthorsdottir_2019b_p1.0.xlsx",7,"Hastie's locality","steinthorsdottir_2019b","si","stomata-sr_steinthorsdottir_2019b_p1.0.xlsx",7,"Hastie's locality","steinthorsdottir_2019b","sr","record 1 retained; record 2 removed/merged"
"stomata-si_steinthorsdottir_2019b_p1.0.xlsx",8,"Golden Grove and Nelly Creek localities","steinthorsdottir_2019b","si","stomata-sr_steinthorsdottir_2019b_p1.0.xlsx",8,"Golden Grove and Nelly Creek localities","steinthorsdottir_2019b","sr","record 1 retained; record 2 removed/merged"
"stomata-si_steinthorsdottir_2019b_p1.0.xlsx",9,"Dean's Marsh locality","steinthorsdottir_2019b","si","stomata-sr_steinthorsdottir_2019b_p1.0.xlsx",9,"Dean's Marsh locality","steinthorsdottir_2019b","sr","record 1 retained; record 2 removed/merged"
"stomata-si_steinthorsdottir_2019b_p1.0.xlsx",10,"Regatta Point locality","steinthorsdottir_2019b","si","stomata-sr_steinthorsdottir_2019b_p1.0.xlsx",10,"Regatta Point locality","steinthorsdottir_2019b","sr","record 1 retained; record 2 removed/merged"
"stomata-si_steinthorsdottir_2019b_p1.0.xlsx",11,"Otaio River locality","steinthorsdottir_2019b","si","stomata-sr_steinthorsdottir_2019b_p1.0.xlsx",11,"Otaio River locality","steinthorsdottir_2019b","sr","record 1 retained; record 2 removed/merged"
"stomata-si_quan_2009.xlsx",13,,"quan_2009","si","stomata-sr_quan_2009.xlsx",24,,"quan_2009","sr","record 1 retained; record 2 removed/merged"
"stomata-franks_zhou_2020.xlsx",4,"B12-1","zhou_2020","franks","stomata-franks_zhou_2020.xlsx",144,"B12-1","zhou_2020","franks","record 1 retained; record 2 removed/merged"
"stomata-franks_zhou_2020.xlsx",5,"B12-2","zhou_2020","franks","stomata-franks_zhou_2020.xlsx",145,"B12-2","zhou_2020","franks","record 1 retained; record 2 removed/merged"
"stomata-franks_zhou_2020.xlsx",6,"B12-3","zhou_2020","franks","stomata-franks_zhou_2020.xlsx",146,"B12-3","zhou_2020","franks","record 1 retained; record 2 removed/merged"
"stomata-franks_zhou_2020.xlsx",7,"B12-4","zhou_2020","franks","stomata-franks_zhou_2020.xlsx",147,"B12-4","zhou_2020","franks","record 1 retained; record 2 removed/merged"
"stomata-franks_zhou_2020.xlsx",8,"B12-5","zhou_2020","franks","stomata-franks_zhou_2020.xlsx",148,"B12-5","zhou_2020","franks","record 1 retained; record 2 removed/merged"
"stomata-franks_zhou_2020.xlsx",9,"B12-6","zhou_2020","franks","stomata-franks_zhou_2020.xlsx",149,"B12-6","zhou_2020","franks","record 1 retained; record 2 removed/merged"
"stomata-franks_zhou_2020.xlsx",10,"B12-7","zhou_2020","franks","stomata-franks_zhou_2020.xlsx",150,"B12-7","zhou_2020","franks","record 1 retained; record 2 removed/merged"
"stomata-franks_zhou_2020.xlsx",11,"B12-8","zhou_2020","franks","stomata-franks_zhou_2020.xlsx",151,"B12-8","zhou_2020","franks","record 1 retained; record 2 removed/merged"
"stomata-franks_zhou_2020.xlsx",12,"B12-9","zhou_2020","franks","stomata-franks_zhou_2020.xlsx",152,"B12-9","zhou_2020","franks","record 1 retained; record 2 removed/merged"
"stomata-franks_zhou_2020.xlsx",13,"B12-10","zhou_2020","franks","stomata-franks_zhou_2020.xlsx",153,"B12-10","zhou_2020","franks","record 1 retained; record 2 removed/merged"
"stomata-franks_zhou_2020.xlsx",14,"B12-11","zhou_2020","franks","stomata-franks_zhou_2020.xlsx",154,"B12-11","zhou_2020","franks","record 1 retained; record 2 removed/merged"
"stomata-franks_zhou_2020.xlsx",15,"B12-12","zhou_2020","franks","stomata-franks_zhou_2020.xlsx",155,"B12-12","zhou_2020","franks","record 1 retained; record 2 removed/merged"
"stomata-franks_zhou_2020.xlsx",16,"B12-13","zhou_2020","franks","stomata-franks_zhou_2020.xlsx",156,"B12-13","zhou_2020","franks","record 1 retained; record 2 removed/merged"
"stomata-franks_zhou_2020.xlsx",17,"B12-14","zhou_2020","franks","stomata-franks_zhou_2020.xlsx",157,"B12-14","zhou_2020","franks","record 1 retained; record 2 removed/merged"
"stomata-franks_zhou_2020.xlsx",18,"B12-15","zhou_2020","franks","stomata-franks_zhou_2020.xlsx",158,"B12-15","zhou_2020","franks","record 1 retained; record 2 removed/merged"
"stomata-franks_zhou_2020.xlsx",19,"B12-16","zhou_2020","franks","stomata-franks_zhou_2020.xlsx",159,"B12-16","zhou_2020","franks","record 1 retained; record 2 removed/merged"
"stomata-franks_zhou_2020.xlsx",20,"B12-17","zhou_2020","franks","stomata-franks_zhou_2020.xlsx",160,"B12-17","zhou_2020","franks","record 1 retained; record 2 removed/merged"
"stomata-franks_zhou_2020.xlsx",21,"B12-18","zhou_2020","franks","stomata-franks_zhou_2020.xlsx",161,"B12-18","zhou_2020","franks","record 1 retained; record 2 removed/merged"
"stomata-franks_zhou_2020.xlsx",22,"B12-19","zhou_2020","franks","stomata-franks_zhou_2020.xlsx",162,"B12-19","zhou_2020","franks","record 1 retained; record 2 removed/merged"
"stomata-franks_zhou_2020.xlsx",23,"B12-20","zhou_2020","franks","stomata-franks_zhou_2020.xlsx",163,"B12-20","zhou_2020","franks","record 1 retained; record 2 removed/merged"
"stomata-franks_zhou_2020.xlsx",24,"B11-1","zhou_2020","franks","stomata-franks_zhou_2020.xlsx",164,"B11-1","zhou_2020","franks","record 1 retained; record 2 removed/merged"
"stomata-franks_zhou_2020.xlsx",25,"B11-2","zhou_2020","franks","stomata-franks_zhou_2020.xlsx",165,"B11-2","zhou_2020","franks","record 1 retained; record 2 removed/merged"
"stomata-franks_zhou_2020.xlsx",26,"B11-3","zhou_2020","franks","stomata-franks_zhou_2020.xlsx",166,"B11-3","zhou_2020","franks","record 1 retained; record 2 removed/merged"
"stomata-franks_zhou_2020.xlsx",27,"B11-4","zhou_2020","franks","stomata-franks_zhou_2020.xlsx",167,"B11-4","zhou_2020","franks","record 1 retained; record 2 removed/merged"
"stomata-franks_zhou_2020.xlsx",28,"B11-5","zhou_2020","franks","stomata-franks_zhou_2020.xlsx",168,"B11-5","zhou_2020","franks","record 1 retained; record 2 removed/merged"
"stomata-franks_zhou_2020.xlsx",29,"B11-6","zhou_2020","franks","stomata-franks_zhou_2020.xlsx",169,"B11-6","zhou_2020","franks","record 1 retained; record 2 removed/merged"
"stomata-franks_zhou_2020.xlsx",30,"B11-7","zhou_2020","franks","stomata-franks_zhou_2020.xlsx",170,"B11-7","zhou_2020","franks","record 1 retained; record 2 removed/merged"
"stomata-franks_zhou_2020.xlsx",31,"B11-8","zhou_2020","franks","stomata-franks_zhou_2020.xlsx",171,"B11-8","zhou_2020","franks","record 1 retained; record 2 removed/merged"
"stomata-franks_zhou_2020.xlsx",32,"B11-9","zhou_2020","franks","stomata-franks_zhou_2020.xlsx",172,"B11-9","zhou_2020","franks","record 1 retained; record 2 removed/merged"
"stomata-franks_zhou_2020.xlsx",33,"B11-10","zhou_2020","franks","stomata-franks_zhou_2020.xlsx",173,"B11-10","zhou_2020","franks","record 1 retained; record 2 removed/merged"
"stomata-franks_zhou_2020.xlsx",34,"B11-11","zhou_2020","franks","stomata-franks_zhou_2020.xlsx",174,"B11-11","zhou_2020","franks","record 1 retained; record 2 removed/merged"
"stomata-franks_zhou_2020.xlsx",35,"B11-12","zhou_2020","franks","stomata-franks_zhou_2020.xlsx",175,"B11-12","zhou_2020","franks","record 1 retained; record 2 removed/merged"
"stomata-franks_zhou_2020.xlsx",36,"B11-13","zhou_2020","franks","stomata-franks_zhou_2020.xlsx",176,"B11-13","zhou_2020","franks","record 1 retained; record 2 removed/merged"
"stomata-franks_zhou_2020.xlsx",37,"B11-14","zhou_2020","franks","stomata-franks_zhou_2020.xlsx",177,"B11-14","zhou_2020","franks","record 1 retained; record 2 removed/merged"
"stomata-franks_zhou_2020.xlsx",38,"B11-15","zhou_2020","franks","stomata-franks_zhou_2020.xlsx",178,"B11-15","zhou_2020","franks","record 1 retained; record 2 removed/merged"
"stomata-franks_zhou_2020.xlsx",39,"B11-16","zhou_2020","franks","stomata-franks_zhou_2020.xlsx",179,"B11-16","zhou_2020","franks","record 1 retained; record 2 removed/merged"
"stomata-franks_zhou_2020.xlsx",40,"B11-17","zhou_2020","franks","stomata-franks_zhou_2020.xlsx",180,"B11-17","zhou_2020","franks","record 1 retained; record 2 removed/merged"
"stomata-franks_zhou_2020.xlsx",41,"B11-18","zhou_2020","franks","stomata-franks_zhou_2020.xlsx",181,"B11-18","zhou_2020","franks","record 1 retained; record 2 removed/merged"
"stomata-franks_zhou_2020.xlsx",42,"B11-19","zhou_2020","franks","stomata-franks_zhou_2020.xlsx",182,"B11-19","zhou_2020","franks","record 1 retained; record 2 removed/merged"
"stomata-franks_zhou_2020.xlsx",43,"B11-20","zhou_2020","franks","stomata-franks_zhou_2020.xlsx",183,"B11-20","zhou_2020","franks","record 1 retained; record 2 removed/merged"
"stomata-franks_zhou_2020.xlsx",44,"B10-1","zhou_2020","franks","stomata-franks_zhou_2020.xlsx",184,"B10-1","zhou_2020","franks","record 1 retained; record 2 removed/merged"
"stomata-franks_zhou_2020.xlsx",45,"B10-2","zhou_2020","franks","stomata-franks_zhou_2020.xlsx",185,"B10-2","zhou_2020","franks","record 1 retained; record 2 removed/merged"
"stomata-franks_zhou_2020.xlsx",46,"B10-3","zhou_2020","franks","stomata-franks_zhou_2020.xlsx",186,"B10-3","zhou_2020","franks","record 1 retained; record 2 removed/merged"
"stomata-franks_zhou_2020.xlsx",47,"B10-4","zhou_2020","franks","stomata-franks_zhou_2020.xlsx",187,"B10-4","zhou_2020","franks","record 1 retained; record 2 removed/merged"
"stomata-franks_zhou_2020.xlsx",48,"B10-5","zhou_2020","franks","stomata-franks_zhou_2020.xlsx",188,"B10-5","zhou_2020","franks","record 1 retained; record 2 removed/merged"
"stomata-franks_zhou_2020.xlsx",49,"B10-6","zhou_2020","franks","stomata-franks_zhou_2020.xlsx",189,"B10-6","zhou_2020","franks","record 1 retained; record 2 removed/merged"
"stomata-franks_zhou_2020.xlsx",50,"B10-7","zhou_2020","franks","stomata-franks_zhou_2020.xlsx",190,"B10-7","zhou_2020","franks","record 1 retained; record 2 removed/merged"
"stomata-franks_zhou_2020.xlsx",51,"B10-8","zhou_2020","franks","stomata-franks_zhou_2020.xlsx",191,"B10-8","zhou_2020","franks","record 1 retained; record 2 removed/merged"
"stomata-franks_zhou_2020.xlsx",52,"B10-9","zhou_2020","franks","stomata-franks_zhou_2020.xlsx",192,"B10-9","zhou_2020","franks","record 1 retained; record 2 removed/merged"
"stomata-franks_zhou_2020.xlsx",53,"B10-10","zhou_2020","franks","stomata-franks_zhou_2020.xlsx",193,"B10-10","zhou_2020","franks","record 1 retained; record 2 removed/merged"
"stomata-franks_zhou_2020.xlsx",54,"B10-11","zhou_2020","franks","stomata-franks_zhou_2020.xlsx",194,"B10-11","zhou_2020","franks","record 1 retained; record 2 removed/merged"
"stomata-franks_zhou_2020.xlsx",55,"B10-12","zhou_2020","franks","stomata-franks_zhou_2020.xlsx",195,"B10-12","zhou_2020","franks","record 1 retained; record 2 removed/merged"
"stomata-franks_zhou_2020.xlsx",56,"B10-13","zhou_2020","franks","stomata-franks_zhou_2020.xlsx",196,"B10-13","zhou_2020","franks","record 1 retained; record 2 removed/merged"
"stomata-franks_zhou_2020.xlsx",57,"B10-14","zhou_2020","franks","stomata-franks_zhou_2020.xlsx",197,"B10-14","zhou_2020","franks","record 1 retained; record 2 removed/merged"
"stomata-franks_zhou_2020.xlsx",58,"B10-15","zhou_2020","franks","stomata-franks_zhou_2020.xlsx",198,"B10-15","zhou_2020","franks","record 1 retained; record 2 removed/merged"
"stomata-franks_zhou_2020.xlsx",59,"B10-16","zhou_2020","franks","stomata-franks_zhou_2020.xlsx",199,"B10-16","zhou_2020","franks","record 1 retained; record 2 removed/merged"
"stomata-franks_zhou_2020.xlsx",60,"B10-17","zhou_2020","franks","stomata-franks_zhou_2020.xlsx",200,"B10-17","zhou_2020","franks","record 1 retained; record 2 removed/merged"
"stomata-franks_zhou_2020.xlsx",61,"B10-18","zhou_2020","franks","stomata-franks_zhou_2020.xlsx",201,"B10-18","zhou_2020","franks","record 1 retained; record 2 removed/merged"
"stomata-franks_zhou_2020.xlsx",62,"B10-19","zhou_2020","franks","stomata-franks_zhou_2020.xlsx",202,"B10-19","zhou_2020","franks","record 1 retained; record 2 removed/merged"
"stomata-franks_zhou_2020.xlsx",63,"B10-20","zhou_2020","franks","stomata-franks_zhou_2020.xlsx",203,"B10-20","zhou_2020","franks","record 1 retained; record 2 removed/merged"
"stomata-franks_zhou_2020.xlsx",64,"B9-1","zhou_2020","franks","stomata-franks_zhou_2020.xlsx",204,"B9-1","zhou_2020","franks","record 1 retained; record 2 removed/merged"
"stomata-franks_zhou_2020.xlsx",65,"B9-2","zhou_2020","franks","stomata-franks_zhou_2020.xlsx",205,"B9-2","zhou_2020","franks","record 1 retained; record 2 removed/merged"
"stomata-franks_zhou_2020.xlsx",66,"B9-3","zhou_2020","franks","stomata-franks_zhou_2020.xlsx",206,"B9-3","zhou_2020","franks","record 1 retained; record 2 removed/merged"
"stomata-franks_zhou_2020.xlsx",67,"B9-4","zhou_2020","franks","stomata-franks_zhou_2020.xlsx",207,"B9-4","zhou_2020","franks","record 1 retained; record 2 removed/merged"
"stomata-franks_zhou_2020.xlsx",68,"B9-5","zhou_2020","franks","stomata-franks_zhou_2020.xlsx",208,"B9-5","zhou_2020","franks","record 1 retained; record 2 removed/merged"
"stomata-franks_zhou_2020.xlsx",69,"B9-6","zhou_2020","franks","stomata-franks_zhou_2020.xlsx",209,"B9-6","zhou_2020","franks","record 1 retained; record 2 removed/merged"
"stomata-franks_zhou_2020.xlsx",70,"B9-7","zhou_2020","franks","stomata-franks_zhou_2020.xlsx",210,"B9-7","zhou_2020","franks","record 1 retained; record 2 removed/merged"
"stomata-franks_zhou_2020.xlsx",71,"B9-8","zhou_2020","franks","stomata-franks_zhou_2020.xlsx",211,"B9-8","zhou_2020","franks","record 1 retained; record 2 removed/merged"
"stomata-franks_zhou_2020.xlsx",72,"B9-9","zhou_2020","franks","stomata-franks_zhou_2020.xlsx",212,"B9-9","zhou_2020","franks","record 1 retained; record 2 removed/merged"
"stomata-franks_zhou_2020.xlsx",73,"B9-10","zhou_2020","franks","stomata-franks_zhou_2020.xlsx",213,"B9-10","zhou_2020","franks","record 1 retained; record 2 removed/merged"
"stomata-franks_zhou_2020.xlsx",74,"B9-11","zhou_2020","franks","stomata-franks_zhou_2020.xlsx",214,"B9-11","zhou_2020","franks","record 1 retained; record 2 removed/merged"
"stomata-franks_zhou_2020.xlsx",75,"B9-12","zhou_2020","franks","stomata-franks_zhou_2020.xlsx",215,"B9-12","zhou_2020","franks","record 1 retained; record 2 removed/merged"
"stomata-franks_zhou_2020.xlsx",76,"B9-13","zhou_2020","franks","stomata-franks_zhou_2020.xlsx",216,"B9-13","zhou_2020","franks","record 1 retained; record 2 removed/merged"
"stomata-franks_zhou_2020.xlsx",77,"B9-14","zhou_2020","franks","stomata-franks_zhou_2020.xlsx",217,"B9-14","zhou_2020","franks","record 1 retained; record 2 removed/merged"
"stomata-franks_zhou_2020.xlsx",78,"B9-15","zhou_2020","franks","stomata-franks_zhou_2020.xlsx",218,"B9-15","zhou_2020","franks","record 1 retained; record 2 removed/merged"
"stomata-franks_zhou_2020.xlsx",79,"B9-16","zhou_2020","franks","stomata-franks_zhou_2020.xlsx",219,"B9-16","zhou_2020","franks","record 1 retained; record 2 removed/merged"
"stomata-franks_zhou_2020.xlsx",80,"B9-17","zhou_2020","franks","stomata-franks_zhou_2020.xlsx",220,"B9-17","zhou_2020","franks","record 1 retained; record 2 removed/merged"
"stomata-franks_zhou_2020.xlsx",81,"B9-18","zhou_2020","franks","stomata-franks_zhou_2020.xlsx",221,"B9-18","zhou_2020","franks","record 1 retained; record 2 removed/merged"
"stomata-franks_zhou_2020.xlsx",82,"B9-19","zhou_2020","franks","stomata-franks_zhou_2020.xlsx",222,"B9-19","zhou_2020","franks","record 1 retained; record 2 removed/merged"
"stomata-franks_zhou_2020.xlsx",83,"B9-20","zhou_2020","franks","stomata-franks_zhou_2020.xlsx",223,"B9-20","zhou_2020","franks","record 1 retained; record 2 removed/merged"
"stomata-franks_zhou_2020.xlsx",84,"AB-1","zhou_2020","franks","stomata-franks_zhou_2020.xlsx",224,"AB-1","zhou_2020","franks","record 1 retained; record 2 removed/merged"
"stomata-franks_zhou_2020.xlsx",85,"AB-2","zhou_2020","franks","stomata-franks_zhou_2020.xlsx",225,"AB-2","zhou_2020","franks","record 1 retained; record 2 removed/merged"
"stomata-franks_zhou_2020.xlsx",86,"AB-3","zhou_2020","franks","stomata-franks_zhou_2020.xlsx",226,"AB-3","zhou_2020","franks","record 1 retained; record 2 removed/merged"
"stomata-franks_zhou_2020.xlsx",87,"AB-4","zhou_2020","franks","stomata-franks_zhou_2020.xlsx",227,"AB-4","zhou_2020","franks","record 1 retained; record 2 removed/merged"
"stomata-franks_zhou_2020.xlsx",88,"AB-5","zhou_2020","franks","stomata-franks_zhou_2020.xlsx",228,"AB-5","zhou_2020","franks","record 1 retained; record 2 removed/merged"
"stomata-franks_zhou_2020.xlsx",89,"AB-6","zhou_2020","franks","stomata-franks_zhou_2020.xlsx",229,"AB-6","zhou_2020","franks","record 1 retained; record 2 removed/merged"
"stomata-franks_zhou_2020.xlsx",90,"AB-7","zhou_2020","franks","stomata-franks_zhou_2020.xlsx",230,"AB-7","zhou_2020","franks","record 1 retained; record 2 removed/merged"
"stomata-franks_zhou_2020.xlsx",91,"AB-8","zhou_2020","franks","stomata-franks_zhou_2020.xlsx",231,"AB-8","zhou_2020","franks","record 1 retained; record 2 removed/merged"
"stomata-franks_zhou_2020.xlsx",92,"AB-9","zhou_2020","franks","stomata-franks_zhou_2020.xlsx",232,"AB-9","zhou_2020","franks","record 1 retained; record 2 removed/merged"
"stomata-franks_zhou_2020.xlsx",93,"AB-10","zhou_2020","franks","stomata-franks_zhou_2020.xlsx",233,"AB-10","zhou_2020","franks","record 1 retained; record 2 removed/merged"
"stomata-franks_zhou_2020.xlsx",94,"AB-11","zhou_2020","franks","stomata-franks_zhou_2020.xlsx",234,"AB-11","zhou_2020","franks","record 1 retained; record 2 removed/merged"
"stomata-franks_zhou_2020.xlsx",95,"AB-12","zhou_2020","franks","stomata-franks_zhou_2020.xlsx",235,"AB-12","zhou_2020","franks","record 1 retained; record 2 removed/merged"
"stomata-franks_zhou_2020.xlsx",96,"AB-13","zhou_2020","franks","stomata-franks_zhou_2020.xlsx",236,"AB-13","zhou_2020","franks","record 1 retained; record 2 removed/merged"
"stomata-franks_zhou_2020.xlsx",97,"AB-14","zhou_2020","franks","stomata-franks_zhou_2020.xlsx",237,"AB-14","zhou_2020","franks","record 1 retained; record 2 removed/merged"
"stomata-franks_zhou_2020.xlsx",98,"AB-15","zhou_2020","franks","stomata-franks_zhou_2020.xlsx",238,"AB-15","zhou_2020","franks","record 1 retained; record 2 removed/merged"
"stomata-franks_zhou_2020.xlsx",99,"AB-16","zhou_2020","franks","stomata-franks_zhou_2020.xlsx",239,"AB-16","zhou_2020","franks","record 1 retained; record 2 removed/merged"
"stomata-franks_zhou_2020.xlsx",100,"AB-17","zhou_2020","franks","stomata-franks_zhou_2020.xlsx",240,"AB-17","zhou_2020","franks","record 1 retained; record 2 removed/merged"
"stomata-franks_zhou_2020.xlsx",101,"AB-18","zhou_2020","franks","stomata-franks_zhou_2020.xlsx",241,"AB-18","zhou_2020","franks","record 1 retained; record 2 removed/merged"
"stomata-franks_zhou_2020.xlsx",102,"AB-19","zhou_2020","franks","stomata-franks_zhou_2020.xlsx",242,"AB-19","zhou_2020","franks","record 1 retained; record 2 removed/merged"
"stomata-franks_zhou_2020.xlsx",103,"AB-20","zhou_2020","franks","stomata-franks_zhou_2020.xlsx",243,"AB-20","zhou_2020","franks","record 1 retained; record 2 removed/merged"
"stomata-franks_zhou_2020.xlsx",104,"A2-1","zhou_2020","franks","stomata-franks_zhou_2020.xlsx",244,"A2-1","zhou_2020","franks","record 1 retained; record 2 removed/merged"
"stomata-franks_zhou_2020.xlsx",105,"A2-2","zhou_2020","franks","stomata-franks_zhou_2020.xlsx",245,"A2-2","zhou_2020","franks","record 1 retained; record 2 removed/merged"
"stomata-franks_zhou_2020.xlsx",106,"A2-3","zhou_2020","franks","stomata-franks_zhou_2020.xlsx",246,"A2-3","zhou_2020","franks","record 1 retained; record 2 removed/merged"
"stomata-franks_zhou_2020.xlsx",107,"A2-4","zhou_2020","franks","stomata-franks_zhou_2020.xlsx",247,"A2-4","zhou_2020","franks","record 1 retained; record 2 removed/merged"
"stomata-franks_zhou_2020.xlsx",108,"A2-5","zhou_2020","franks","stomata-franks_zhou_2020.xlsx",248,"A2-5","zhou_2020","franks","record 1 retained; record 2 removed/merged"
"stomata-franks_zhou_2020.xlsx",109,"A2-6","zhou_2020","franks","stomata-franks_zhou_2020.xlsx",249,"A2-6","zhou_2020","franks","record 1 retained; record 2 removed/merged"
"stomata-franks_zhou_2020.xlsx",110,"A2-7","zhou_2020","franks","stomata-franks_zhou_2020.xlsx",250,"A2-7","zhou_2020","franks","record 1 retained; record 2 removed/merged"
"stomata-franks_zhou_2020.xlsx",111,"A2-8","zhou_2020","franks","stomata-franks_zhou_2020.xlsx",251,"A2-8","zhou_2020","franks","record 1 retained; record 2 removed/merged"
"stomata-franks_zhou_2020.xlsx",112,"A2-9","zhou_2020","franks","stomata-franks_zhou_2020.xlsx",252,"A2-9","zhou_2020","franks","record 1 retained; record 2 removed/merged"
"stomata-franks_zhou_2020.xlsx",113,"A2-10","zhou_2020","franks","stomata-franks_zhou_2020.xlsx",253,"A2-10","zhou_2020","franks","record 1 retained; record 2 removed/merged"
"stomata-franks_zhou_2020.xlsx",114,"A2-11","zhou_2020","franks","stomata-franks_zhou_2020.xlsx",254,"A2-11","zhou_2020","franks","record 1 retained; record 2 removed/merged"
"stomata-franks_zhou_2020.xlsx",115,"A2-12","zhou_2020","franks","stomata-franks_zhou_2020.xlsx",255,"A2-12","zhou_2020","franks","record 1 retained; record 2 removed/merged"
"stomata-franks_zhou_2020.xlsx",116,"A2-13","zhou_2020","franks","stomata-franks_zhou_2020.xlsx",256,"A2-13","zhou_2020","franks","record 1 retained; record 2 removed/merged"
"stomata-franks_zhou_2020.xlsx",117,"A2-14","zhou_2020","franks","stomata-franks_zhou_2020.xlsx",257,"A2-14","zhou_2020","franks","record 1 retained; record 2 removed/merged"
"stomata-franks_zhou_2020.xlsx",118,"A2-15","zhou_2020","franks","stomata-franks_zhou_2020.xlsx",258,"A2-15","zhou_2020","franks","record 1 retained; record 2 removed/merged"
"stomata-franks_zhou_2020.xlsx",119,"A2-16","zhou_2020","franks","stomata-franks_zhou_2020.xlsx",259,"A2-16","zhou_2020","franks","record 1 retained; record 2 removed/merged"
"stomata-franks_zhou_2020.xlsx",120,"A2-17","zhou_2020","franks","stomata-franks_zhou_2020.xlsx",260,"A2-17","zhou_2020","franks","record 1 retained; record 2 removed/merged"
"stomata-franks_zhou_2020.xlsx",121,"A2-18","zhou_2020","franks","stomata-franks_zhou_2020.xlsx",261,"A2-18","zhou_2020","franks","record 1 retained; record 2 removed/merged"
"stomata-franks_zhou_2020.xlsx",122,"A2-19","zhou_2020","franks","stomata-franks_zhou_2020.xlsx",262,"A2-19","zhou_2020","franks","record 1 retained; record 2 removed/merged"
"stomata-franks_zhou_2020.xlsx",123,"A2-20","zhou_2020","franks","stomata-franks_zhou_2020.xlsx",263,"A2-20","zhou_2020","franks","record 1 retained; record 2 removed/merged"
"stomata-franks_zhou_2020.xlsx",124,"SA2-1","zhou_2020","franks","stomata-franks_zhou_2020.xlsx",264,"SA2-1","zhou_2020","franks","record 1 retained; record 2 removed/merged"
"stomata-franks_zhou_2020.xlsx",125,"SA2-2","zhou_2020","franks","stomata-franks_zhou_2020.xlsx",265,"SA2-2","zhou_2020","franks","record 1 retained; record 2 removed/merged"
"stomata-franks_zhou_2020.xlsx",126,"SA2-3","zhou_2020","franks","stomata-franks_zhou_2020.xlsx",266,"SA2-3","zhou_2020","franks","record 1 retained; record 2 removed/merged"
"stomata-franks_zhou_2020.xlsx",127,"SA2-4","zhou_2020","franks","stomata-franks_zhou_2020.xlsx",267,"SA2-4","zhou_2020","franks","record 1 retained; record 2 removed/merged"
"stomata-franks_zhou_2020.xlsx",128,"SA2-5","zhou_2020","franks","stomata-franks_zhou_2020.xlsx",268,"SA2-5","zhou_2020","franks","record 1 retained; record 2 removed/merged"
"stomata-franks_zhou_2020.xlsx",129,"SA2-6","zhou_2020","franks","stomata-franks_zhou_2020.xlsx",269,"SA2-6","zhou_2020","franks","record 1 retained; record 2 removed/merged"
"stomata-franks_zhou_2020.xlsx",130,"SA2-7","zhou_2020","franks","stomata-franks_zhou_2020.xlsx",270,"SA2-7","zhou_2020","franks","record 1 retained; record 2 removed/merged"
"stomata-franks_zhou_2020.xlsx",131,"SA2-8","zhou_2020","franks","stomata-franks_zhou_2020.xlsx",271,"SA2-8","zhou_2020","franks","record 1 retained; record 2 removed/merged"
"stomata-franks_zhou_2020.xlsx",132,"SA2-9","zhou_2020","franks","stomata-franks_zhou_2020.xlsx",272,"SA2-9","zhou_2020","franks","record 1 retained; record 2 removed/merged"
"stomata-franks_zhou_2020.xlsx",133,"SA2-10","zhou_2020","franks","stomata-franks_zhou_2020.xlsx",273,"SA2-10","zhou_2020","franks","record 1 retained; record 2 removed/merged"
"stomata-franks_zhou_2020.xlsx",134,"SA2-11","zhou_2020","franks","stomata-franks_zhou_2020.xlsx",274,"SA2-11","zhou_2020","franks","record 1 retained; record 2 removed/merged"
"stomata-franks_zhou_2020.xlsx",135,"SA2-12","zhou_2020","franks","stomata-franks_zhou_2020.xlsx",275,"SA2-12","zhou_2020","franks","record 1 retained; record 2 removed/merged"
"stomata-franks_zhou_2020.xlsx",136,"SA2-13","zhou_2020","franks","stomata-franks_zhou_2020.xlsx",276,"SA2-13","zhou_2020","franks","record 1 retained; record 2 removed/merged"
"stomata-franks_zhou_2020.xlsx",137,"SA2-14","zhou_2020","franks","stomata-franks_zhou_2020.xlsx",277,"SA2-14","zhou_2020","franks","record 1 retained; record 2 removed/merged"
"stomata-franks_zhou_2020.xlsx",138,"SA2-15","zhou_2020","franks","stomata-franks_zhou_2020.xlsx",278,"SA2-15","zhou_2020","franks","record 1 retained; record 2 removed/merged"
"stomata-franks_zhou_2020.xlsx",139,"SA2-16","zhou_2020","franks","stomata-franks_zhou_2020.xlsx",279,"SA2-16","zhou_2020","franks","record 1 retained; record 2 removed/merged"
"stomata-franks_zhou_2020.xlsx",140,"SA2-17","zhou_2020","franks","stomata-franks_zhou_2020.xlsx",280,"SA2-17","zhou_2020","franks","record 1 retained; record 2 removed/merged"
"stomata-franks_zhou_2020.xlsx",141,"SA2-18","zhou_2020","franks","stomata-franks_zhou_2020.xlsx",281,"SA2-18","zhou_2020","franks","record 1 retained; record 2 removed/merged"
"stomata-franks_zhou_2020.xlsx",142,"SA2-19","zhou_2020","franks","stomata-franks_zhou_2020.xlsx",282,"SA2-19","zhou_2020","franks","record 1 retained; record 2 removed/merged"
"stomata-franks_zhou_2020.xlsx",143,"SA2-20","zhou_2020","franks","stomata-franks_zhou_2020.xlsx",283,"SA2-20","zhou_2020","franks","record 1 retained; record 2 removed/merged"
"stomata-si_quan_2009.xlsx",14,,"quan_2009","si","stomata-sr_quan_2009.xlsx",25,,"quan_2009","sr","record 1 retained; record 2 removed/merged"
"stomata-sr_li_2022.xlsx",4,"Zhixin Basin","li_2022","sr","stomata-sr_li_2022.xlsx",5,"Zhixin Basin","li_2022","sr","record 1 retained; record 2 removed/merged"
"stomata-sr_li_2022.xlsx",6,"Luozigou Basin","li_2022","sr","stomata-sr_li_2022.xlsx",7,"Luozigou Basin","li_2022","sr","record 1 retained; record 2 removed/merged"
"stomata-sr_degani-schmidt_2023.xlsx",4,"Três Irmãos and Pedra Branca limestone quarries","degani-schmidt_2023","sr","stomata-sr_degani-schmidt_2023.xlsx",5,"Três Irmãos and Pedra Branca limestone quarries","degani-schmidt_2023","sr","record 1 retained; record 2 removed/merged"
"stomata-si_xiao_2024.xlsx",4,"SDL-2-010","xiao_2024","si","stomata-sr_xiao_2024.xlsx",4,"SDL-2-010","xiao_2024","sr","ambiguous: both retained; human review needed"
"stomata-si_xiao_2024.xlsx",5,"SDL-2-006","xiao_2024","si","stomata-sr_xiao_2024.xlsx",5,"SDL-2-006","xiao_2024","sr","ambiguous: both retained; human review needed"
"stomata-si_xiao_2024.xlsx",6,"SDL-4-011","xiao_2024","si","stomata-sr_xiao_2024.xlsx",6,"SDL-4-011","xiao_2024","sr","ambiguous: both retained; human review needed"
"stomata-si_xiao_2024.xlsx",7,"SDL-8-041","xiao_2024","si","stomata-sr_xiao_2024.xlsx",7,"SDL-8-041","xiao_2024","sr","ambiguous: both retained; human review needed"
"stomata-si_xiao_2024.xlsx",8,"SDL-10-023","xiao_2024","si","stomata-sr_xiao_2024.xlsx",8,"SDL-10-023","xiao_2024","sr","ambiguous: both retained; human review needed"
"stomata-si_xiao_2024.xlsx",9,"SDL-14-063","xiao_2024","si","stomata-sr_xiao_2024.xlsx",9,"SDL-14-063","xiao_2024","sr","ambiguous: both retained; human review needed"
"stomata-si_xiao_2024.xlsx",10,"SDL-16-107","xiao_2024","si","stomata-sr_xiao_2024.xlsx",10,"SDL-16-107","xiao_2024","sr","ambiguous: both retained; human review needed"
"stomata-si_xiao_2024.xlsx",11,"SDL-18-141","xiao_2024","si","stomata-sr_xiao_2024.xlsx",11,"SDL-18-141","xiao_2024","sr","ambiguous: both retained; human review needed"
"stomata-si_xiao_2024.xlsx",12,"SDL-20-146","xiao_2024","si","stomata-sr_xiao_2024.xlsx",12,"SDL-20-146","xiao_2024","sr","ambiguous: both retained; human review needed"
"stomata-si_xiao_2024.xlsx",13,"SDL-22-156","xiao_2024","si","stomata-sr_xiao_2024.xlsx",13,"SDL-22-156","xiao_2024","sr","ambiguous: both retained; human review needed"
"stomata-si_xiao_2024.xlsx",14,"SDL-24-184","xiao_2024","si","stomata-sr_xiao_2024.xlsx",14,"SDL-24-184","xiao_2024","sr","ambiguous: both retained; human review needed"
"stomata-si_xiao_2024.xlsx",15,"SDL-24-195","xiao_2024","si","stomata-sr_xiao_2024.xlsx",15,"SDL-24-195","xiao_2024","sr","ambiguous: both retained; human review needed"
"stomata-sr_liu_2025.xlsx",4,"CT096-2","liu_2025","sr","stomata-sr_liu_2025.xlsx",29,"CT096-2","liu_2025","sr","record 1 retained; record 2 removed/merged"
"stomata-sr_liu_2025.xlsx",5,"CT096-2","liu_2025","sr","stomata-sr_liu_2025.xlsx",30,"CT096-2","liu_2025","sr","record 1 retained; record 2 removed/merged"
"stomata-sr_liu_2025.xlsx",6,"CT096-2","liu_2025","sr","stomata-sr_liu_2025.xlsx",31,"CT096-2","liu_2025","sr","record 1 retained; record 2 removed/merged"
"stomata-sr_liu_2025.xlsx",7,"CT096-2","liu_2025","sr","stomata-sr_liu_2025.xlsx",32,"CT096-2","liu_2025","sr","record 1 retained; record 2 removed/merged"
"stomata-sr_liu_2025.xlsx",8,"CT096-2","liu_2025","sr","stomata-sr_liu_2025.xlsx",33,"CT096-2","liu_2025","sr","record 1 retained; record 2 removed/merged"
"stomata-sr_liu_2025.xlsx",9,"CT086","liu_2025","sr","stomata-sr_liu_2025.xlsx",34,"CT086","liu_2025","sr","record 1 retained; record 2 removed/merged"
"stomata-sr_liu_2025.xlsx",10,"CT086","liu_2025","sr","stomata-sr_liu_2025.xlsx",35,"CT086","liu_2025","sr","record 1 retained; record 2 removed/merged"
"stomata-sr_liu_2025.xlsx",11,"CT086","liu_2025","sr","stomata-sr_liu_2025.xlsx",36,"CT086","liu_2025","sr","record 1 retained; record 2 removed/merged"
"stomata-sr_liu_2025.xlsx",12,"CT086","liu_2025","sr","stomata-sr_liu_2025.xlsx",37,"CT086","liu_2025","sr","record 1 retained; record 2 removed/merged"
"stomata-sr_liu_2025.xlsx",13,"CT086","liu_2025","sr","stomata-sr_liu_2025.xlsx",38,"CT086","liu_2025","sr","record 1 retained; record 2 removed/merged"
"stomata-sr_liu_2025.xlsx",14,"CT007","liu_2025","sr","stomata-sr_liu_2025.xlsx",39,"CT007","liu_2025","sr","record 1 retained; record 2 removed/merged"
"stomata-sr_liu_2025.xlsx",15,"CT007","liu_2025","sr","stomata-sr_liu_2025.xlsx",40,"CT007","liu_2025","sr","record 1 retained; record 2 removed/merged"
"stomata-sr_liu_2025.xlsx",16,"CT007","liu_2025","sr","stomata-sr_liu_2025.xlsx",41,"CT007","liu_2025","sr","record 1 retained; record 2 removed/merged"
"stomata-sr_liu_2025.xlsx",17,"CT007","liu_2025","sr","stomata-sr_liu_2025.xlsx",42,"CT007","liu_2025","sr","record 1 retained; record 2 removed/merged"
"stomata-sr_liu_2025.xlsx",18,"CT007","liu_2025","sr","stomata-sr_liu_2025.xlsx",43,"CT007","liu_2025","sr","record 1 retained; record 2 removed/merged"
"stomata-sr_liu_2025.xlsx",19,"CT023","liu_2025","sr","stomata-sr_liu_2025.xlsx",44,"CT023","liu_2025","sr","record 1 retained; record 2 removed/merged"
"stomata-sr_liu_2025.xlsx",20,"CT023","liu_2025","sr","stomata-sr_liu_2025.xlsx",45,"CT023","liu_2025","sr","record 1 retained; record 2 removed/merged"
"stomata-sr_liu_2025.xlsx",21,"CT023","liu_2025","sr","stomata-sr_liu_2025.xlsx",46,"CT023","liu_2025","sr","record 1 retained; record 2 removed/merged"
"stomata-sr_liu_2025.xlsx",22,"CT023","liu_2025","sr","stomata-sr_liu_2025.xlsx",47,"CT023","liu_2025","sr","record 1 retained; record 2 removed/merged"
"stomata-sr_liu_2025.xlsx",23,"CT023","liu_2025","sr","stomata-sr_liu_2025.xlsx",48,"CT023","liu_2025","sr","record 1 retained; record 2 removed/merged"
"stomata-sr_liu_2025.xlsx",24,"CT021","liu_2025","sr","stomata-sr_liu_2025.xlsx",49,"CT021","liu_2025","sr","record 1 retained; record 2 removed/merged"
"stomata-sr_liu_2025.xlsx",25,"CT021","liu_2025","sr","stomata-sr_liu_2025.xlsx",50,"CT021","liu_2025","sr","record 1 retained; record 2 removed/merged"
"stomata-sr_liu_2025.xlsx",26,"CT021","liu_2025","sr","stomata-sr_liu_2025.xlsx",51,"CT021","liu_2025","sr","record 1 retained; record 2 removed/merged"
"stomata-sr_liu_2025.xlsx",27,"CT021","liu_2025","sr","stomata-sr_liu_2025.xlsx",52,"CT021","liu_2025","sr","record 1 retained; record 2 removed/merged"
"stomata-sr_liu_2025.xlsx",28,"CT021","liu_2025","sr","stomata-sr_liu_2025.xlsx",53,"CT021","liu_2025","sr","record 1 retained; record 2 removed/merged"
"stomata-sr_liu_2025.xlsx",4,"CT096-2","liu_2025","sr","stomata-sr_liu_2025.xlsx",54,"CT096-2","liu_2025","sr","record 1 retained; record 2 removed/merged"
"stomata-sr_liu_2025.xlsx",5,"CT096-2","liu_2025","sr","stomata-sr_liu_2025.xlsx",55,"CT096-2","liu_2025","sr","record 1 retained; record 2 removed/merged"
"stomata-sr_liu_2025.xlsx",6,"CT096-2","liu_2025","sr","stomata-sr_liu_2025.xlsx",56,"CT096-2","liu_2025","sr","record 1 retained; record 2 removed/merged"
"stomata-sr_liu_2025.xlsx",7,"CT096-2","liu_2025","sr","stomata-sr_liu_2025.xlsx",57,"CT096-2","liu_2025","sr","record 1 retained; record 2 removed/merged"
"stomata-sr_liu_2025.xlsx",8,"CT096-2","liu_2025","sr","stomata-sr_liu_2025.xlsx",58,"CT096-2","liu_2025","sr","record 1 retained; record 2 removed/merged"
"stomata-sr_liu_2025.xlsx",9,"CT086","liu_2025","sr","stomata-sr_liu_2025.xlsx",59,"CT086","liu_2025","sr","record 1 retained; record 2 removed/merged"
"stomata-sr_liu_2025.xlsx",10,"CT086","liu_2025","sr","stomata-sr_liu_2025.xlsx",60,"CT086","liu_2025","sr","record 1 retained; record 2 removed/merged"
"stomata-sr_liu_2025.xlsx",11,"CT086","liu_2025","sr","stomata-sr_liu_2025.xlsx",61,"CT086","liu_2025","sr","record 1 retained; record 2 removed/merged"
"stomata-sr_liu_2025.xlsx",12,"CT086","liu_2025","sr","stomata-sr_liu_2025.xlsx",62,"CT086","liu_2025","sr","record 1 retained; record 2 removed/merged"
"stomata-sr_liu_2025.xlsx",13,"CT086","liu_2025","sr","stomata-sr_liu_2025.xlsx",63,"CT086","liu_2025","sr","record 1 retained; record 2 removed/merged"
"stomata-sr_liu_2025.xlsx",14,"CT007","liu_2025","sr","stomata-sr_liu_2025.xlsx",64,"CT007","liu_2025","sr","record 1 retained; record 2 removed/merged"
"stomata-sr_liu_2025.xlsx",15,"CT007","liu_2025","sr","stomata-sr_liu_2025.xlsx",65,"CT007","liu_2025","sr","record 1 retained; record 2 removed/merged"
"stomata-sr_liu_2025.xlsx",16,"CT007","liu_2025","sr","stomata-sr_liu_2025.xlsx",66,"CT007","liu_2025","sr","record 1 retained; record 2 removed/merged"
"stomata-sr_liu_2025.xlsx",17,"CT007","liu_2025","sr","stomata-sr_liu_2025.xlsx",67,"CT007","liu_2025","sr","record 1 retained; record 2 removed/merged"
"stomata-sr_liu_2025.xlsx",18,"CT007","liu_2025","sr","stomata-sr_liu_2025.xlsx",68,"CT007","liu_2025","sr","record 1 retained; record 2 removed/merged"
"stomata-sr_liu_2025.xlsx",19,"CT023","liu_2025","sr","stomata-sr_liu_2025.xlsx",69,"CT023","liu_2025","sr","record 1 retained; record 2 removed/merged"
"stomata-sr_liu_2025.xlsx",20,"CT023","liu_2025","sr","stomata-sr_liu_2025.xlsx",70,"CT023","liu_2025","sr","record 1 retained; record 2 removed/merged"
"stomata-sr_liu_2025.xlsx",21,"CT023","liu_2025","sr","stomata-sr_liu_2025.xlsx",71,"CT023","liu_2025","sr","record 1 retained; record 2 removed/merged"
"stomata-sr_liu_2025.xlsx",22,"CT023","liu_2025","sr","stomata-sr_liu_2025.xlsx",72,"CT023","liu_2025","sr","record 1 retained; record 2 removed/merged"
"stomata-sr_liu_2025.xlsx",23,"CT023","liu_2025","sr","stomata-sr_liu_2025.xlsx",73,"CT023","liu_2025","sr","record 1 retained; record 2 removed/merged"
"stomata-sr_liu_2025.xlsx",24,"CT021","liu_2025","sr","stomata-sr_liu_2025.xlsx",74,"CT021","liu_2025","sr","record 1 retained; record 2 removed/merged"
"stomata-sr_liu_2025.xlsx",25,"CT021","liu_2025","sr","stomata-sr_liu_2025.xlsx",75,"CT021","liu_2025","sr","record 1 retained; record 2 removed/merged"
"stomata-sr_liu_2025.xlsx",26,"CT021","liu_2025","sr","stomata-sr_liu_2025.xlsx",76,"CT021","liu_2025","sr","record 1 retained; record 2 removed/merged"
"stomata-sr_liu_2025.xlsx",27,"CT021","liu_2025","sr","stomata-sr_liu_2025.xlsx",77,"CT021","liu_2025","sr","record 1 retained; record 2 removed/merged"
"stomata-sr_yang_2025.xlsx",4,"WJD-21","yang_2025","sr","stomata-sr_yang_2025.xlsx",5,"WJD-21","yang_2025","sr","record 1 retained; record 2 removed/merged"
"stomata-si_steinthorsdottir_2016b_p1.0.xlsx",2,"Mt. Somers","steinthorsdottir_2016b","si","stomata-si_steinthorsdottir_2016b_p1.0.xlsx",5,"Mt. Somers","steinthorsdottir_2016b","si","record 1 retained; record 2 removed/merged"
"stomata-si_steinthorsdottir_2016b_p1.0.xlsx",3,"Flock Hill/ Cave-29","steinthorsdottir_2016b","si","stomata-si_steinthorsdottir_2016b_p1.0.xlsx",6,"Flock Hill/ Cave-29","steinthorsdottir_2016b","si","record 1 retained; record 2 removed/merged"
"stomata-si_steinthorsdottir_2016b_p1.0.xlsx",4,"Flock Hill/ Cave-34","steinthorsdottir_2016b","si","stomata-si_steinthorsdottir_2016b_p1.0.xlsx",7,"Flock Hill/ Cave-34","steinthorsdottir_2016b","si","record 1 retained; record 2 removed/merged"
"stomata-si_steinthorsdottir_2016b_p1.0.xlsx",3,"Flock Hill/ Cave-29","steinthorsdottir_2016b","si","stomata-sr_steinthorsdottir_2016b_p1.0.xlsx",4,"Flock Hill/ Cave-29","steinthorsdottir_2016b","sr","record 1 retained; record 2 removed/merged"
"stomata-si_steinthorsdottir_2016b_p1.0.xlsx",4,"Flock Hill/ Cave-34","steinthorsdottir_2016b","si","stomata-sr_steinthorsdottir_2016b_p1.0.xlsx",5,"Flock Hill/ Cave-34","steinthorsdottir_2016b","sr","record 1 retained; record 2 removed/merged"
