"file","source_row","age_Ma","min_age_Ma","max_age_Ma","status"
"boron_isotopes_anderson_2024.xlsx",4,17.651,0,23.03,"included"
"boron_isotopes_anderson_2024.xlsx",5,17.662,0,23.03,"included"
"boron_isotopes_anderson_2024.xlsx",6,17.677,0,23.03,"included"
"boron_isotopes_anderson_2024.xlsx",7,17.689,0,23.03,"included"
"boron_isotopes_anderson_2024.xlsx",8,17.651,0,23.03,"included"
"boron_isotopes_anderson_2024.xlsx",9,17.662,0,23.03,"included"
"boron_isotopes_anderson_2024.xlsx",10,17.677,0,23.03,"included"
"boron_isotopes_anderson_2024.xlsx",11,17.689,0,23.03,"included"
"boron_isotopes_anderson_2024.xlsx",12,20.1,0,23.03,"included"
"boron_isotopes_anderson_2024.xlsx",13,22.42,0,23.03,"included"
"boron_isotopes_anderson_2024.xlsx",14,23.25,0,23.03,"outside age range"
"boron_isotopes_anderson_2024.xlsx",15,25.572,0,23.03,"outside age range"
"boron_isotopes_anderson_2024.xlsx",16,25.577,0,23.03,"outside age range"
"boron_isotopes_anderson_2024.xlsx",17,25.572,0,23.03,"outside age range"
"boron_isotopes_anderson_2024.xlsx",18,25.577,0,23.03,"outside age range"
"boron_isotopes_anderson_2024.xlsx",19,26.35,0,23.03,"outside age range"
"boron_isotopes_anderson_2024.xlsx",20,27.31,0,23.03,"outside age range"
"boron_isotopes_badger_2013.xlsx",4,13.79850762,0,23.03,"included"
"boron_isotopes_badger_2013.xlsx",5,13.7856227,0,23.03,"included"
"boron_isotopes_badger_2013.xlsx",6,13.766,0,23.03,"included"
"boron_isotopes_badger_2013.xlsx",7,13.7405255,0,23.03,"included"
"boron_isotopes_badger_2013.xlsx",8,13.73567484,0,23.03,"included"
"boron_isotopes_badger_2013.xlsx",9,13.69823109,0,23.03,"included"
"boron_isotopes_bartoli_2011.xlsx",4,1.975132,0,23.03,"included"
"boron_isotopes_bartoli_2011.xlsx",5,2.026542,0,23.03,"included"
"boron_isotopes_bartoli_2011.xlsx",6,2.078094545,0,23.03,"included"
"boron_isotopes_bartoli_2011.xlsx",7,2.161008,0,23.03,"included"
"boron_isotopes_bartoli_2011.xlsx",8,2.166038,0,23.03,"included"
"boron_isotopes_bartoli_2011.xlsx",9,2.201944,0,23.03,"included"
"boron_isotopes_bartoli_2011.xlsx",10,2.304672,0,23.03,"included"
"boron_isotopes_bartoli_2011.xlsx",11,2.502936,0,23.03,"included"
"boron_isotopes_bartoli_2011.xlsx",12,2.558577,0,23.03,"included"
"boron_isotopes_bartoli_2011.xlsx",13,2.600862,0,23.03,"included"
"boron_isotopes_bartoli_2011.xlsx",14,2.685473,0,23.03,"included"
"boron_isotopes_bartoli_2011.xlsx",15,2.702225,0,23.03,"included"
"boron_isotopes_bartoli_2011.xlsx",16,2.70551,0,23.03,"included"
"boron_isotopes_bartoli_2011.xlsx",17,2.708112,0,23.03,"included"
"boron_isotopes_bartoli_2011.xlsx",18,2.710464,0,23.03,"included"
"boron_isotopes_bartoli_2011.xlsx",19,2.751564,0,23.03,"included"
"boron_isotopes_bartoli_2011.xlsx",20,2.77286,0,23.03,"included"
"boron_isotopes_bartoli_2011.xlsx",21,2.778718,0,23.03,"included"
"boron_isotopes_bartoli_2011.xlsx",22,2.781414,0,23.03,"included"
"boron_isotopes_bartoli_2011.xlsx",23,2.795485,0,23.03,"included"
"boron_isotopes_bartoli_2011.xlsx",24,2.918768,0,23.03,"included"
"boron_isotopes_bartoli_2011.xlsx",25,3.000572,0,23.03,"included"
"boron_isotopes_bartoli_2011.xlsx",26,3.073916,0,23.03,"included"
"boron_isotopes_bartoli_2011.xlsx",27,3.081375,0,23.03,"included"
"boron_isotopes_bartoli_2011.xlsx",28,3.10491,0,23.03,"included"
"boron_isotopes_bartoli_2011.xlsx",29,3.155922,0,23.03,"included"
"boron_isotopes_bartoli_2011.xlsx",30,3.21857,0,23.03,"included"
"boron_isotopes_bartoli_2011.xlsx",31,3.239165,0,23.03,"included"
"boron_isotopes_bartoli_2011.xlsx",32,3.259145,0,23.03,"included"
"boron_isotopes_bartoli_2011.xlsx",33,3.321595,0,23.03,"included"
"boron_isotopes_bartoli_2011.xlsx",34,3.403243,0,23.03,"included"
"boron_isotopes_bartoli_2011.xlsx",35,3.40673,0,23.03,"included"
"boron_isotopes_bartoli_2011.xlsx",36,3.471466,0,23.03,"included"
"boron_isotopes_bartoli_2011.xlsx",37,3.542526,0,23.03,"included"
"boron_isotopes_bartoli_2011.xlsx",38,3.59077,0,23.03,"included"
"boron_isotopes_bartoli_2011.xlsx",39,3.716058,0,23.03,"included"
"boron_isotopes_bartoli_2011.xlsx",40,3.792177,0,23.03,"included"
"boron_isotopes_bartoli_2011.xlsx",41,3.870131,0,23.03,"included"
"boron_isotopes_bartoli_2011.xlsx",42,3.961068,0,23.03,"included"
"boron_isotopes_bartoli_2011.xlsx",43,4.036184,0,23.03,"included"
"boron_isotopes_bartoli_2011.xlsx",44,4.117132,0,23.03,"included"
"boron_isotopes_bartoli_2011.xlsx",45,4.580295,0,23.03,"included"
"boron_isotopes_brown_2022.xlsx",4,4.93571538461539,0,23.03,"included"
"boron_isotopes_brown_2022.xlsx",5,4.97690909090909,0,23.03,"included"
"boron_isotopes_brown_2022.xlsx",6,4.99852892561983,0,23.03,"included"
"boron_isotopes_brown_2022.xlsx",7,5.05233584905661,0,23.03,"included"
"boron_isotopes_brown_2022.xlsx",8,5.0576774045099,0,23.03,"included"
"boron_isotopes_brown_2022.xlsx",9,5.11957894736842,0,23.03,"included"
"boron_isotopes_brown_2022.xlsx",10,5.16889351851852,0,23.03,"included"
"boron_isotopes_brown_2022.xlsx",11,5.17946913580247,0,23.03,"included"
"boron_isotopes_brown_2022.xlsx",12,5.19915277777778,0,23.03,"included"
"boron_isotopes_brown_2022.xlsx",13,5.23413333333333,0,23.03,"included"
"boron_isotopes_brown_2022.xlsx",14,5.2724,0,23.03,"included"
"boron_isotopes_brown_2022.xlsx",15,5.3055,0,23.03,"included"
"boron_isotopes_brown_2022.xlsx",16,5.35875609756098,0,23.03,"included"
"boron_isotopes_brown_2022.xlsx",17,5.38192682926829,0,23.03,"included"
"boron_isotopes_brown_2022.xlsx",18,5.41683950617284,0,23.03,"included"
"boron_isotopes_brown_2022.xlsx",19,5.45200980392157,0,23.03,"included"
"boron_isotopes_brown_2022.xlsx",20,5.49402631578948,0,23.03,"included"
"boron_isotopes_brown_2022.xlsx",21,5.53666666666667,0,23.03,"included"
"boron_isotopes_brown_2022.xlsx",22,5.57955555555556,0,23.03,"included"
"boron_isotopes_brown_2022.xlsx",23,5.6015641025641,0,23.03,"included"
"boron_isotopes_brown_2022.xlsx",24,5.65411111111111,0,23.03,"included"
"boron_isotopes_brown_2022.xlsx",25,5.70816216216216,0,23.03,"included"
"boron_isotopes_brown_2022.xlsx",26,5.71483783783784,0,23.03,"included"
"boron_isotopes_brown_2022.xlsx",27,5.76598809523809,0,23.03,"included"
"boron_isotopes_brown_2022.xlsx",28,5.80740425531915,0,23.03,"included"
"boron_isotopes_brown_2022.xlsx",29,5.85219480519481,0,23.03,"included"
"boron_isotopes_brown_2022.xlsx",30,5.8927037037037,0,23.03,"included"
"boron_isotopes_brown_2022.xlsx",31,5.971375,0,23.03,"included"
"boron_isotopes_brown_2022.xlsx",32,6.0185,0,23.03,"included"
"boron_isotopes_brown_2022.xlsx",33,6.06146153846154,0,23.03,"included"
"boron_isotopes_brown_2022.xlsx",34,6.1029375,0,23.03,"included"
"boron_isotopes_brown_2022.xlsx",35,6.22933333333333,0,23.03,"included"
"boron_isotopes_brown_2022.xlsx",36,6.29175675675676,0,23.03,"included"
"boron_isotopes_brown_2022.xlsx",37,6.29889189189189,0,23.03,"included"
"boron_isotopes_brown_2022.xlsx",38,6.34642857142857,0,23.03,"included"
"boron_isotopes_brown_2022.xlsx",39,6.38508333333333,0,23.03,"included"
"boron_isotopes_brown_2022.xlsx",40,6.45696551724138,0,23.03,"included"
"boron_isotopes_brown_2022.xlsx",41,6.50464705882353,0,23.03,"included"
"boron_isotopes_brown_2022.xlsx",42,6.56347674418605,0,23.03,"included"
"boron_isotopes_brown_2022.xlsx",43,6.58842528735632,0,23.03,"included"
"boron_isotopes_brown_2022.xlsx",44,6.6046,0,23.03,"included"
"boron_isotopes_brown_2022.xlsx",45,6.63252173913044,0,23.03,"included"
"boron_isotopes_brown_2022.xlsx",46,6.77237024221453,0,23.03,"included"
"boron_isotopes_brown_2022.xlsx",47,6.78752505446622,0,23.03,"included"
"boron_isotopes_brown_2022.xlsx",48,6.93085714285714,0,23.03,"included"
"boron_isotopes_chalk_2017.xlsx",4,0.003911025047,0,23.03,"included"
"boron_isotopes_chalk_2017.xlsx",5,0.00463,0,23.03,"included"
"boron_isotopes_chalk_2017.xlsx",6,0.00502,0,23.03,"included"
"boron_isotopes_chalk_2017.xlsx",7,0.00782,0,23.03,"included"
"boron_isotopes_chalk_2017.xlsx",8,0.00782,0,23.03,"included"
"boron_isotopes_chalk_2017.xlsx",9,0.00949,0,23.03,"included"
"boron_isotopes_chalk_2017.xlsx",10,0.01032,0,23.03,"included"
"boron_isotopes_chalk_2017.xlsx",11,0.01165,0,23.03,"included"
"boron_isotopes_chalk_2017.xlsx",12,0.01401,0,23.03,"included"
"boron_isotopes_chalk_2017.xlsx",13,0.01507,0,23.03,"included"
"boron_isotopes_chalk_2017.xlsx",14,0.01507,0,23.03,"included"
"boron_isotopes_chalk_2017.xlsx",15,0.01726,0,23.03,"included"
"boron_isotopes_chalk_2017.xlsx",16,0.01919,0,23.03,"included"
"boron_isotopes_chalk_2017.xlsx",17,0.02112,0,23.03,"included"
"boron_isotopes_chalk_2017.xlsx",18,0.02261,0,23.03,"included"
"boron_isotopes_chalk_2017.xlsx",19,0.02438,0,23.03,"included"
"boron_isotopes_chalk_2017.xlsx",20,0.02551,0,23.03,"included"
"boron_isotopes_chalk_2017.xlsx",21,0.02551,0,23.03,"included"
"boron_isotopes_chalk_2017.xlsx",22,0.03582,0,23.03,"included"
"boron_isotopes_chalk_2017.xlsx",23,0.04661,0,23.03,"included"
"boron_isotopes_chalk_2017.xlsx",24,0.05214,0,23.03,"included"
"boron_isotopes_chalk_2017.xlsx",25,0.06128,0,23.03,"included"
"boron_isotopes_chalk_2017.xlsx",26,0.0773,0,23.03,"included"
"boron_isotopes_chalk_2017.xlsx",27,0.08433,0,23.03,"included"
"boron_isotopes_chalk_2017.xlsx",28,0.08911,0,23.03,"included"
"boron_isotopes_chalk_2017.xlsx",29,0.10036,0,23.03,"included"
"boron_isotopes_chalk_2017.xlsx",30,0.10612,0,23.03,"included"
"boron_isotopes_chalk_2017.xlsx",31,0.11132,0,23.03,"included"
"boron_isotopes_chalk_2017.xlsx",32,0.11682,0,23.03,"included"
"boron_isotopes_chalk_2017.xlsx",33,0.11881,0,23.03,"included"
"boron_isotopes_chalk_2017.xlsx",34,0.11906,0,23.03,"included"
"boron_isotopes_chalk_2017.xlsx",35,0.12179,0,23.03,"included"
"boron_isotopes_chalk_2017.xlsx",36,0.12377,0,23.03,"included"
"boron_isotopes_chalk_2017.xlsx",37,0.12437,0,23.03,"included"
"boron_isotopes_chalk_2017.xlsx",38,0.12748,0,23.03,"included"
"boron_isotopes_chalk_2017.xlsx",39,0.13086,0,23.03,"included"
"boron_isotopes_chalk_2017.xlsx",40,0.13191,0,23.03,"included"
"boron_isotopes_chalk_2017.xlsx",41,0.13322,0,23.03,"included"
"boron_isotopes_chalk_2017.xlsx",42,0.134,0,23.03,"included"
"boron_isotopes_chalk_2017.xlsx",43,0.13557,0,23.03,"included"
"boron_isotopes_chalk_2017.xlsx",44,0.13897,0,23.03,"included"
"boron_isotopes_chalk_2017.xlsx",45,0.14669,0,23.03,"included"
"boron_isotopes_chalk_2017.xlsx",46,0.15004,0,23.03,"included"
"boron_isotopes_chalk_2017.xlsx",47,0.16976,0,23.03,"included"
"boron_isotopes_chalk_2017.xlsx",48,0.17994,0,23.03,"included"
"boron_isotopes_chalk_2017.xlsx",49,0.18437,0,23.03,"included"
"boron_isotopes_chalk_2017.xlsx",50,0.19001,0,23.03,"included"
"boron_isotopes_chalk_2017.xlsx",51,0.19168,0,23.03,"included"
"boron_isotopes_chalk_2017.xlsx",52,0.19807,0,23.03,"included"
"boron_isotopes_chalk_2017.xlsx",53,0.21157,0,23.03,"included"
"boron_isotopes_chalk_2017.xlsx",54,0.22044,0,23.03,"included"
"boron_isotopes_chalk_2017.xlsx",55,0.22366,0,23.03,"included"
"boron_isotopes_chalk_2017.xlsx",56,0.2271,0,23.03,"included"
"boron_isotopes_chalk_2017.xlsx",57,0.23576,0,23.03,"included"
"boron_isotopes_chalk_2017.xlsx",58,0.23948,0,23.03,"included"
"boron_isotopes_chalk_2017.xlsx",59,0.2429,0,23.03,"included"
"boron_isotopes_chalk_2017.xlsx",60,0.24718,0,23.03,"included"
"boron_isotopes_chalk_2017.xlsx",61,0.25007,0,23.03,"included"
"boron_isotopes_chalk_2017.xlsx",62,0.25784,0,23.03,"included"
"boron_isotopes_chalk_2017.xlsx",63,1.08726,0,23.03,"included"
"boron_isotopes_chalk_2017.xlsx",64,1.08869,0,23.03,"included"
"boron_isotopes_chalk_2017.xlsx",65,1.09003,0,23.03,"included"
"boron_isotopes_chalk_2017.xlsx",66,1.09267,0,23.03,"included"
"boron_isotopes_chalk_2017.xlsx",67,1.09471,0,23.03,"included"
"boron_isotopes_chalk_2017.xlsx",68,1.09946,0,23.03,"included"
"boron_isotopes_chalk_2017.xlsx",69,1.10242,0,23.03,"included"
"boron_isotopes_chalk_2017.xlsx",70,1.10316,0,23.03,"included"
"boron_isotopes_chalk_2017.xlsx",71,1.1062,0,23.03,"included"
"boron_isotopes_chalk_2017.xlsx",72,1.10782,0,23.03,"included"
"boron_isotopes_chalk_2017.xlsx",73,1.1103,0,23.03,"included"
"boron_isotopes_chalk_2017.xlsx",74,1.1128,0,23.03,"included"
"boron_isotopes_chalk_2017.xlsx",75,1.11526,0,23.03,"included"
"boron_isotopes_chalk_2017.xlsx",76,1.11786,0,23.03,"included"
"boron_isotopes_chalk_2017.xlsx",77,1.12036,0,23.03,"included"
"boron_isotopes_chalk_2017.xlsx",78,1.12309,0,23.03,"included"
"boron_isotopes_chalk_2017.xlsx",79,1.12606,0,23.03,"included"
"boron_isotopes_chalk_2017.xlsx",80,1.12781,0,23.03,"included"
"boron_isotopes_chalk_2017.xlsx",81,1.13097,0,23.03,"included"
"boron_isotopes_chalk_2017.xlsx",82,1.13657,0,23.03,"included"
"boron_isotopes_chalk_2017.xlsx",83,1.14003,0,23.03,"included"
"boron_isotopes_chalk_2017.xlsx",84,1.14323,0,23.03,"included"
"boron_isotopes_chalk_2017.xlsx",85,1.14533,0,23.03,"included"
"boron_isotopes_chalk_2017.xlsx",86,1.1489,0,23.03,"included"
"boron_isotopes_chalk_2017.xlsx",87,1.15094,0,23.03,"included"
"boron_isotopes_chalk_2017.xlsx",88,1.15409,0,23.03,"included"
"boron_isotopes_chalk_2017.xlsx",89,1.15777,0,23.03,"included"
"boron_isotopes_chalk_2017.xlsx",90,1.16073,0,23.03,"included"
"boron_isotopes_chalk_2017.xlsx",91,1.16285,0,23.03,"included"
"boron_isotopes_chalk_2017.xlsx",92,1.16986,0,23.03,"included"
"boron_isotopes_chalk_2017.xlsx",93,1.17757,0,23.03,"included"
"boron_isotopes_chalk_2017.xlsx",94,1.17966,0,23.03,"included"
"boron_isotopes_chalk_2017.xlsx",95,1.18175,0,23.03,"included"
"boron_isotopes_chalk_2017.xlsx",96,1.18406,0,23.03,"included"
"boron_isotopes_chalk_2017.xlsx",97,1.18597,0,23.03,"included"
"boron_isotopes_chalk_2017.xlsx",98,1.18807,0,23.03,"included"
"boron_isotopes_chalk_2017.xlsx",99,1.19131,0,23.03,"included"
"boron_isotopes_chalk_2017.xlsx",100,1.19515,0,23.03,"included"
"boron_isotopes_chalk_2017.xlsx",101,1.20326,0,23.03,"included"
"boron_isotopes_chalk_2017.xlsx",102,1.20676,0,23.03,"included"
"boron_isotopes_chalk_2017.xlsx",103,1.20999,0,23.03,"included"
"boron_isotopes_chalk_2017.xlsx",104,1.21448,0,23.03,"included"
"boron_isotopes_chalk_2017.xlsx",105,1.21642,0,23.03,"included"
"boron_isotopes_chalk_2017.xlsx",106,1.21854,0,23.03,"included"
"boron_isotopes_chalk_2017.xlsx",107,1.22418,0,23.03,"included"
"boron_isotopes_chalk_2017.xlsx",108,1.22717,0,23.03,"included"
"boron_isotopes_chalk_2017.xlsx",109,1.23072,0,23.03,"included"
"boron_isotopes_chalk_2017.xlsx",110,1.2339,0,23.03,"included"
"boron_isotopes_chalk_2017.xlsx",111,1.23618,0,23.03,"included"
"boron_isotopes_chalk_2017.xlsx",112,1.23983,0,23.03,"included"
"boron_isotopes_chalk_2017.xlsx",113,1.24325,0,23.03,"included"
"boron_isotopes_clarkson_2015.xlsx",4,252.13,0,23.03,"outside age range"
"boron_isotopes_clarkson_2015.xlsx",5,252.09,0,23.03,"outside age range"
"boron_isotopes_clarkson_2015.xlsx",6,252.06,0,23.03,"outside age range"
"boron_isotopes_clarkson_2015.xlsx",7,252.05,0,23.03,"outside age range"
"boron_isotopes_clarkson_2015.xlsx",8,252.04,0,23.03,"outside age range"
"boron_isotopes_clarkson_2015.xlsx",9,252.02,0,23.03,"outside age range"
"boron_isotopes_clarkson_2015.xlsx",10,252.01,0,23.03,"outside age range"
"boron_isotopes_clarkson_2015.xlsx",11,252,0,23.03,"outside age range"
"boron_isotopes_clarkson_2015.xlsx",12,251.98,0,23.03,"outside age range"
"boron_isotopes_clarkson_2015.xlsx",13,251.97,0,23.03,"outside age range"
"boron_isotopes_clarkson_2015.xlsx",14,251.95,0,23.03,"outside age range"
"boron_isotopes_clarkson_2015.xlsx",15,251.92,0,23.03,"outside age range"
"boron_isotopes_clarkson_2015.xlsx",16,251.9,0,23.03,"outside age range"
"boron_isotopes_clarkson_2015.xlsx",17,251.9,0,23.03,"outside age range"
"boron_isotopes_clarkson_2015.xlsx",18,251.9,0,23.03,"outside age range"
"boron_isotopes_clarkson_2015.xlsx",19,251.89,0,23.03,"outside age range"
"boron_isotopes_clarkson_2015.xlsx",20,251.89,0,23.03,"outside age range"
"boron_isotopes_clarkson_2015.xlsx",21,251.88,0,23.03,"outside age range"
"boron_isotopes_clarkson_2015.xlsx",22,251.88,0,23.03,"outside age range"
"boron_isotopes_clarkson_2015.xlsx",23,251.88,0,23.03,"outside age range"
"boron_isotopes_clarkson_2015.xlsx",24,251.88,0,23.03,"outside age range"
"boron_isotopes_clarkson_2015.xlsx",25,251.88,0,23.03,"outside age range"
"boron_isotopes_clarkson_2015.xlsx",26,251.88,0,23.03,"outside age range"
"boron_isotopes_clarkson_2015.xlsx",27,251.88,0,23.03,"outside age range"
"boron_isotopes_clarkson_2015.xlsx",28,251.86,0,23.03,"outside age range"
"boron_isotopes_delavega_2020.xlsx",4,2.34014,0,23.03,"included"
"boron_isotopes_delavega_2020.xlsx",5,2.35085,0,23.03,"included"
"boron_isotopes_delavega_2020.xlsx",6,2.35808,0,23.03,"included"
"boron_isotopes_delavega_2020.xlsx",7,2.37892,0,23.03,"included"
"boron_isotopes_delavega_2020.xlsx",8,2.38839,0,23.03,"included"
"boron_isotopes_delavega_2020.xlsx",9,2.39671,0,23.03,"included"
"boron_isotopes_delavega_2020.xlsx",10,2.41093,0,23.03,"included"
"boron_isotopes_delavega_2020.xlsx",11,2.42663,0,23.03,"included"
"boron_isotopes_delavega_2020.xlsx",12,2.45451,0,23.03,"included"
"boron_isotopes_delavega_2020.xlsx",13,2.47382,0,23.03,"included"
"boron_isotopes_delavega_2020.xlsx",14,2.49734,0,23.03,"included"
"boron_isotopes_delavega_2020.xlsx",15,2.4983,0,23.03,"included"
"boron_isotopes_delavega_2020.xlsx",16,2.51716,0,23.03,"included"
"boron_isotopes_delavega_2020.xlsx",17,2.54044,0,23.03,"included"
"boron_isotopes_delavega_2020.xlsx",18,2.5724,0,23.03,"included"
"boron_isotopes_delavega_2020.xlsx",19,2.5865,0,23.03,"included"
"boron_isotopes_delavega_2020.xlsx",20,2.60034,0,23.03,"included"
"boron_isotopes_delavega_2020.xlsx",21,2.61869,0,23.03,"included"
"boron_isotopes_delavega_2020.xlsx",22,2.62686,0,23.03,"included"
"boron_isotopes_delavega_2020.xlsx",23,2.63274,0,23.03,"included"
"boron_isotopes_delavega_2020.xlsx",24,2.64736,0,23.03,"included"
"boron_isotopes_delavega_2020.xlsx",25,2.66138,0,23.03,"included"
"boron_isotopes_delavega_2020.xlsx",26,2.67105,0,23.03,"included"
"boron_isotopes_delavega_2020.xlsx",27,2.67921,0,23.03,"included"
"boron_isotopes_delavega_2020.xlsx",28,2.68616,0,23.03,"included"
"boron_isotopes_delavega_2020.xlsx",29,2.69825,0,23.03,"included"
"boron_isotopes_delavega_2020.xlsx",30,2.70551,0,23.03,"included"
"boron_isotopes_delavega_2020.xlsx",31,2.71004,0,23.03,"included"
"boron_isotopes_delavega_2020.xlsx",32,2.71609,0,23.03,"included"
"boron_isotopes_delavega_2020.xlsx",33,2.74451,0,23.03,"included"
"boron_isotopes_delavega_2020.xlsx",34,2.75111,0,23.03,"included"
"boron_isotopes_delavega_2020.xlsx",35,2.76459,0,23.03,"included"
"boron_isotopes_delavega_2020.xlsx",36,2.77807,0,23.03,"included"
"boron_isotopes_delavega_2020.xlsx",37,2.79952,0,23.03,"included"
"boron_isotopes_delavega_2020.xlsx",38,2.82186,0,23.03,"included"
"boron_isotopes_delavega_2020.xlsx",39,2.82345,0,23.03,"included"
"boron_isotopes_delavega_2020.xlsx",40,2.83234,0,23.03,"included"
"boron_isotopes_delavega_2020.xlsx",41,2.84505,0,23.03,"included"
"boron_isotopes_delavega_2020.xlsx",42,2.88285,0,23.03,"included"
"boron_isotopes_delavega_2020.xlsx",43,2.9162,0,23.03,"included"
"boron_isotopes_delavega_2020.xlsx",44,2.927,0,23.03,"included"
"boron_isotopes_delavega_2020.xlsx",45,2.94297,0,23.03,"included"
"boron_isotopes_delavega_2020.xlsx",46,2.95022,0,23.03,"included"
"boron_isotopes_delavega_2020.xlsx",47,2.95022,0,23.03,"included"
"boron_isotopes_delavega_2020.xlsx",48,2.95669,0,23.03,"included"
"boron_isotopes_delavega_2020.xlsx",49,2.9717,0,23.03,"included"
"boron_isotopes_delavega_2020.xlsx",50,2.99811,0,23.03,"included"
"boron_isotopes_delavega_2020.xlsx",51,3.00665,0,23.03,"included"
"boron_isotopes_delavega_2020.xlsx",52,3.02322,0,23.03,"included"
"boron_isotopes_delavega_2020.xlsx",53,3.04193,0,23.03,"included"
"boron_isotopes_delavega_2020.xlsx",54,3.05127,0,23.03,"included"
"boron_isotopes_delavega_2020.xlsx",55,3.0608,0,23.03,"included"
"boron_isotopes_delavega_2020.xlsx",56,3.06467,0,23.03,"included"
"boron_isotopes_delavega_2020.xlsx",57,3.06799,0,23.03,"included"
"boron_isotopes_delavega_2020.xlsx",58,3.0912,0,23.03,"included"
"boron_isotopes_delavega_2020.xlsx",59,3.09949,0,23.03,"included"
"boron_isotopes_delavega_2020.xlsx",60,3.1122,0,23.03,"included"
"boron_isotopes_delavega_2020.xlsx",61,3.13459,0,23.03,"included"
"boron_isotopes_delavega_2020.xlsx",62,3.14671,0,23.03,"included"
"boron_isotopes_delavega_2020.xlsx",63,3.1498,0,23.03,"included"
"boron_isotopes_delavega_2020.xlsx",64,3.15175,0,23.03,"included"
"boron_isotopes_delavega_2020.xlsx",65,3.15224,0,23.03,"included"
"boron_isotopes_delavega_2020.xlsx",66,3.15305,0,23.03,"included"
"boron_isotopes_delavega_2020.xlsx",67,3.15435,0,23.03,"included"
"boron_isotopes_delavega_2020.xlsx",68,3.15533,0,23.03,"included"
"boron_isotopes_delavega_2020.xlsx",69,3.1568,0,23.03,"included"
"boron_isotopes_delavega_2020.xlsx",70,3.15875,0,23.03,"included"
"boron_isotopes_delavega_2020.xlsx",71,3.16005,0,23.03,"included"
"boron_isotopes_delavega_2020.xlsx",72,3.16038,0,23.03,"included"
"boron_isotopes_delavega_2020.xlsx",73,3.16192,0,23.03,"included"
"boron_isotopes_delavega_2020.xlsx",74,3.16314,0,23.03,"included"
"boron_isotopes_delavega_2020.xlsx",75,3.17665,0,23.03,"included"
"boron_isotopes_delavega_2020.xlsx",76,3.18088,0,23.03,"included"
"boron_isotopes_delavega_2020.xlsx",77,3.18153,0,23.03,"included"
"boron_isotopes_delavega_2020.xlsx",78,3.18478,0,23.03,"included"
"boron_isotopes_delavega_2020.xlsx",79,3.18527,0,23.03,"included"
"boron_isotopes_delavega_2020.xlsx",80,3.18641,0,23.03,"included"
"boron_isotopes_delavega_2020.xlsx",81,3.19083,0,23.03,"included"
"boron_isotopes_delavega_2020.xlsx",82,3.19203,0,23.03,"included"
"boron_isotopes_delavega_2020.xlsx",83,3.19595,0,23.03,"included"
"boron_isotopes_delavega_2020.xlsx",84,3.20288,0,23.03,"included"
"boron_isotopes_delavega_2020.xlsx",85,3.20469,0,23.03,"included"
"boron_isotopes_delavega_2020.xlsx",86,3.2053,0,23.03,"included"
"boron_isotopes_delavega_2020.xlsx",87,3.20831,0,23.03,"included"
"boron_isotopes_delavega_2020.xlsx",88,3.21102,0,23.03,"included"
"boron_isotopes_delavega_2020.xlsx",89,3.21614,0,23.03,"included"
"boron_isotopes_delavega_2020.xlsx",90,3.21795,0,23.03,"included"
"boron_isotopes_delavega_2020.xlsx",91,3.22006,0,23.03,"included"
"boron_isotopes_delavega_2020.xlsx",92,3.22067,0,23.03,"included"
"boron_isotopes_delavega_2020.xlsx",93,3.22308,0,23.03,"included"
"boron_isotopes_delavega_2020.xlsx",94,3.22398,0,23.03,"included"
"boron_isotopes_delavega_2020.xlsx",95,3.23061,0,23.03,"included"
"boron_isotopes_delavega_2020.xlsx",96,3.23302,0,23.03,"included"
"boron_isotopes_delavega_2020.xlsx",97,3.23513,0,23.03,"included"
"boron_isotopes_delavega_2020.xlsx",98,3.23604,0,23.03,"included"
"boron_isotopes_delavega_2020.xlsx",99,3.24782,0,23.03,"included"
"boron_isotopes_delavega_2020.xlsx",100,3.25214,0,23.03,"included"
"boron_isotopes_delavega_2020.xlsx",101,3.25413,0,23.03,"included"
"boron_isotopes_delavega_2020.xlsx",102,3.26077,0,23.03,"included"
"boron_isotopes_delavega_2020.xlsx",103,3.26807,0,23.03,"included"
"boron_isotopes_delavega_2020.xlsx",104,3.27206,0,23.03,"included"
"boron_isotopes_delavega_2020.xlsx",105,3.2787,0,23.03,"included"
"boron_isotopes_delavega_2020.xlsx",106,3.28667,0,23.03,"included"
"boron_isotopes_delavega_2020.xlsx",107,3.29024,0,23.03,"included"
"boron_isotopes_delavega_2020.xlsx",108,3.29311,0,23.03,"included"
"boron_isotopes_delavega_2020.xlsx",109,3.29643,0,23.03,"included"
"boron_isotopes_delavega_2020.xlsx",110,3.29945,0,23.03,"included"
"boron_isotopes_delavega_2020.xlsx",111,3.30261,0,23.03,"included"
"boron_isotopes_delavega_2020.xlsx",112,3.30412,0,23.03,"included"
"boron_isotopes_delavega_2020.xlsx",113,3.31076,0,23.03,"included"
"boron_isotopes_delavega_2020.xlsx",114,3.3146,0,23.03,"included"
"boron_isotopes_delavega_2020.xlsx",115,3.31752,0,23.03,"included"
"boron_isotopes_delavega_2020.xlsx",116,3.3203,0,23.03,"included"
"boron_isotopes_delavega_2020.xlsx",117,3.32322,0,23.03,"included"
"boron_isotopes_delavega_2020.xlsx",118,3.32614,0,23.03,"included"
"boron_isotopes_delavega_2020.xlsx",119,3.3292,0,23.03,"included"
"boron_isotopes_delavega_2020.xlsx",120,3.33213,0,23.03,"included"
"boron_isotopes_delavega_2020.xlsx",121,2.019288,0,23.03,"included"
"boron_isotopes_delavega_2020.xlsx",122,2.941223,0,23.03,"included"
"boron_isotopes_delavega_2020.xlsx",123,3.180879089,0,23.03,"included"
"boron_isotopes_delavega_2020.xlsx",124,3.204404,0,23.03,"included"
"boron_isotopes_delavega_2020.xlsx",125,3.235131485,0,23.03,"included"
"boron_isotopes_delavega_2020.xlsx",126,4.003177,0,23.03,"included"
"boron_isotopes_delavega_2020.xlsx",127,4.225709,0,23.03,"included"
"boron_isotopes_dyez_2018.xlsx",4,1.384,0,23.03,"included"
"boron_isotopes_dyez_2018.xlsx",5,1.392666667,0,23.03,"included"
"boron_isotopes_dyez_2018.xlsx",6,1.397333333,0,23.03,"included"
"boron_isotopes_dyez_2018.xlsx",7,1.402,0,23.03,"included"
"boron_isotopes_dyez_2018.xlsx",8,1.408,0,23.03,"included"
"boron_isotopes_dyez_2018.xlsx",9,1.414,0,23.03,"included"
"boron_isotopes_dyez_2018.xlsx",10,1.42,0,23.03,"included"
"boron_isotopes_dyez_2018.xlsx",11,1.425166667,0,23.03,"included"
"boron_isotopes_dyez_2018.xlsx",12,1.430333333,0,23.03,"included"
"boron_isotopes_dyez_2018.xlsx",13,1.4355,0,23.03,"included"
"boron_isotopes_dyez_2018.xlsx",14,1.440666667,0,23.03,"included"
"boron_isotopes_dyez_2018.xlsx",15,1.445833333,0,23.03,"included"
"boron_isotopes_dyez_2018.xlsx",16,1.451025316,0,23.03,"included"
"boron_isotopes_dyez_2018.xlsx",17,1.455522152,0,23.03,"included"
"boron_isotopes_dyez_2018.xlsx",18,1.459376582,0,23.03,"included"
"boron_isotopes_dyez_2018.xlsx",19,1.464515823,0,23.03,"included"
"boron_isotopes_dyez_2018.xlsx",20,1.473509494,0,23.03,"included"
"boron_isotopes_dyez_2018.xlsx",21,1.478006329,0,23.03,"included"
"boron_isotopes_dyez_2018.xlsx",22,1.482503165,0,23.03,"included"
"boron_isotopes_dyez_2018.xlsx",23,1.49,0,23.03,"included"
"boron_isotopes_dyez_2018.xlsx",24,1.493,0,23.03,"included"
"boron_isotopes_dyez_2018.xlsx",25,1.496428571,0,23.03,"included"
"boron_isotopes_dyez_2018.xlsx",26,1.499,0,23.03,"included"
"boron_isotopes_dyez_2018.xlsx",27,1.502333333,0,23.03,"included"
"boron_isotopes_dyez_2018.xlsx",28,1.505666667,0,23.03,"included"
"boron_isotopes_dyez_2018.xlsx",29,1.509,0,23.03,"included"
"boron_isotopes_dyez_2018.xlsx",30,1.512333333,0,23.03,"included"
"boron_isotopes_dyez_2018.xlsx",31,1.515666667,0,23.03,"included"
"boron_isotopes_dyez_2018.xlsx",32,1.519,0,23.03,"included"
"boron_isotopes_dyez_2018.xlsx",33,1.522333333,0,23.03,"included"
"boron_isotopes_dyez_2018.xlsx",34,1.525666667,0,23.03,"included"
"boron_isotopes_dyez_2018.xlsx",35,1.529,0,23.03,"included"
"boron_isotopes_dyez_2018.xlsx",36,1.535666667,0,23.03,"included"
"boron_isotopes_dyez_2018.xlsx",37,0.0036,0,23.03,"included"
"boron_isotopes_dyez_2018.xlsx",38,0.0036,0,23.03,"included"
"boron_isotopes_dyez_2018.xlsx",39,0.0146,0,23.03,"included"
"boron_isotopes_dyez_2018.xlsx",40,0.0146,0,23.03,"included"
"boron_isotopes_dyez_2018.xlsx",41,0.0204,0,23.03,"included"
"boron_isotopes_dyez_2018.xlsx",42,0.0408,0,23.03,"included"
"boron_isotopes_dyez_2018.xlsx",43,0.0706,0,23.03,"included"
"boron_isotopes_dyez_2018.xlsx",44,0.1136,0,23.03,"included"
"boron_isotopes_dyez_2018.xlsx",45,0.1232,0,23.03,"included"
"boron_isotopes_dyez_2018.xlsx",46,0.1281,0,23.03,"included"
"boron_isotopes_dyez_2018.xlsx",47,0.1368,0,23.03,"included"
"boron_isotopes_dyez_2018.xlsx",48,0.1386,0,23.03,"included"
"boron_isotopes_dyez_2018.xlsx",49,0.3291,0,23.03,"included"
"boron_isotopes_dyez_2018.xlsx",50,0.3585,0,23.03,"included"
"boron_isotopes_dyez_2018.xlsx",51,0.3669,0,23.03,"included"
"boron_isotopes_dyez_2018.xlsx",52,0.3864,0,23.03,"included"
"boron_isotopes_dyez_2018.xlsx",53,0.4091,0,23.03,"included"
"boron_isotopes_dyez_2018.xlsx",54,0.4188,0,23.03,"included"
"boron_isotopes_dyez_2018.xlsx",55,0.5416,0,23.03,"included"
"boron_isotopes_dyez_2018.xlsx",56,0.6163,0,23.03,"included"
"boron_isotopes_dyez_2018.xlsx",57,0.651,0,23.03,"included"
"boron_isotopes_dyez_2018.xlsx",58,0.6621,0,23.03,"included"
"boron_isotopes_dyez_2018.xlsx",59,0.675,0,23.03,"included"
"boron_isotopes_dyez_2018.xlsx",60,0.7022,0,23.03,"included"
"boron_isotopes_dyez_2018.xlsx",61,0.7035,0,23.03,"included"
"boron_isotopes_dyez_2018.xlsx",62,0.731,0,23.03,"included"
"boron_isotopes_dyez_2018.xlsx",63,0.7524,0,23.03,"included"
"boron_isotopes_dyez_2018.xlsx",64,0.8919,0,23.03,"included"
"boron_isotopes_dyez_2018.xlsx",65,0.95,0,23.03,"included"
"boron_isotopes_dyez_2018.xlsx",66,0.9528,0,23.03,"included"
"boron_isotopes_dyez_2018.xlsx",67,1.0728,0,23.03,"included"
"boron_isotopes_dyez_2018.xlsx",68,1.0789,0,23.03,"included"
"boron_isotopes_dyez_2018.xlsx",69,1.1683,0,23.03,"included"
"boron_isotopes_dyez_2018.xlsx",70,1.1924,0,23.03,"included"
"boron_isotopes_dyez_2018.xlsx",71,1.2125,0,23.03,"included"
"boron_isotopes_dyez_2018.xlsx",72,1.2333,0,23.03,"included"
"boron_isotopes_dyez_2018.xlsx",73,1.2387,0,23.03,"included"
"boron_isotopes_dyez_2018.xlsx",74,1.253,0,23.03,"included"
"boron_isotopes_dyez_2018.xlsx",75,1.2617,0,23.03,"included"
"boron_isotopes_dyez_2018.xlsx",76,1.351571,0,23.03,"included"
"boron_isotopes_dyez_2018.xlsx",77,1.380308,0,23.03,"included"
"boron_isotopes_dyez_2018.xlsx",78,1.487,0,23.03,"included"
"boron_isotopes_dyez_2018.xlsx",79,1.499,0,23.03,"included"
"boron_isotopes_dyez_2018.xlsx",80,1.539,0,23.03,"included"
"boron_isotopes_dyez_2018.xlsx",81,1.5413,0,23.03,"included"
"boron_isotopes_dyez_2018.xlsx",82,1.5423,0,23.03,"included"
"boron_isotopes_dyez_2018.xlsx",83,1.5741,0,23.03,"included"
"boron_isotopes_dyez_2018.xlsx",84,1.5774,0,23.03,"included"
"boron_isotopes_dyez_2018.xlsx",85,1.616,0,23.03,"included"
"boron_isotopes_dyez_2018.xlsx",86,1.6446,0,23.03,"included"
"boron_isotopes_dyez_2018.xlsx",87,1.6487,0,23.03,"included"
"boron_isotopes_dyez_2018.xlsx",88,1.6595,0,23.03,"included"
"boron_isotopes_dyez_2018.xlsx",89,1.6985,0,23.03,"included"
"boron_isotopes_dyez_2018.xlsx",90,1.7531,0,23.03,"included"
"boron_isotopes_dyez_2018.xlsx",91,1.7749,0,23.03,"included"
"boron_isotopes_dyez_2018.xlsx",92,1.7796,0,23.03,"included"
"boron_isotopes_dyez_2018.xlsx",93,1.975132,0,23.03,"included"
"boron_isotopes_dyez_2018.xlsx",94,2.026542,0,23.03,"included"
"boron_isotopes_dyez_2018.xlsx",95,2.078094545,0,23.03,"included"
"boron_isotopes_dyez_2018.xlsx",96,2.161008,0,23.03,"included"
"boron_isotopes_dyez_2018.xlsx",97,2.166038,0,23.03,"included"
"boron_isotopes_dyez_2018.xlsx",98,2.201944,0,23.03,"included"
"boron_isotopes_dyez_2018.xlsx",99,2.304672,0,23.03,"included"
"boron_isotopes_dyez_2018.xlsx",100,2.502936,0,23.03,"included"
"boron_isotopes_dyez_2018.xlsx",101,2.558577,0,23.03,"included"
"boron_isotopes_dyez_2018.xlsx",102,2.600862,0,23.03,"included"
"boron_isotopes_dyez_2018.xlsx",103,2.685473,0,23.03,"included"
"boron_isotopes_dyez_2018.xlsx",104,2.702225,0,23.03,"included"
"boron_isotopes_dyez_2018.xlsx",105,2.70551,0,23.03,"included"
"boron_isotopes_dyez_2018.xlsx",106,2.708112,0,23.03,"included"
"boron_isotopes_dyez_2018.xlsx",107,2.710464,0,23.03,"included"
"boron_isotopes_dyez_2018.xlsx",108,2.751564,0,23.03,"included"
"boron_isotopes_dyez_2018.xlsx",109,2.77286,0,23.03,"included"
"boron_isotopes_dyez_2018.xlsx",110,2.778718,0,23.03,"included"
"boron_isotopes_dyez_2018.xlsx",111,2.781414,0,23.03,"included"
"boron_isotopes_dyez_2018.xlsx",112,2.795485,0,23.03,"included"
"boron_isotopes_dyez_2018.xlsx",113,2.918768,0,23.03,"included"
"boron_isotopes_dyez_2018.xlsx",114,3.000572,0,23.03,"included"
"boron_isotopes_dyez_2018.xlsx",115,3.073916,0,23.03,"included"
"boron_isotopes_dyez_2018.xlsx",116,3.081375,0,23.03,"included"
"boron_isotopes_dyez_2018.xlsx",117,3.10491,0,23.03,"included"
"boron_isotopes_dyez_2018.xlsx",118,3.155922,0,23.03,"included"
"boron_isotopes_dyez_2018.xlsx",119,3.21857,0,23.03,"included"
"boron_isotopes_dyez_2018.xlsx",120,3.239165,0,23.03,"included"
"boron_isotopes_dyez_2018.xlsx",121,3.259145,0,23.03,"included"
"boron_isotopes_dyez_2018.xlsx",122,3.321595,0,23.03,"included"
"boron_isotopes_dyez_2018.xlsx",123,3.403243,0,23.03,"included"
"boron_isotopes_dyez_2018.xlsx",124,3.40673,0,23.03,"included"
"boron_isotopes_dyez_2018.xlsx",125,3.471466,0,23.03,"included"
"boron_isotopes_dyez_2018.xlsx",126,3.542526,0,23.03,"included"
"boron_isotopes_dyez_2018.xlsx",127,3.59077,0,23.03,"included"
"boron_isotopes_dyez_2018.xlsx",128,3.716058,0,23.03,"included"
"boron_isotopes_dyez_2018.xlsx",129,3.792177,0,23.03,"included"
"boron_isotopes_dyez_2018.xlsx",130,3.870131,0,23.03,"included"
"boron_isotopes_dyez_2018.xlsx",131,3.961068,0,23.03,"included"
"boron_isotopes_dyez_2018.xlsx",132,4.036184,0,23.03,"included"
"boron_isotopes_dyez_2018.xlsx",133,4.117132,0,23.03,"included"
"boron_isotopes_dyez_2018.xlsx",134,4.580295,0,23.03,"included"
"boron_isotopes_dyez_2018.xlsx",135,2.33782251,0,23.03,"included"
"boron_isotopes_dyez_2018.xlsx",136,2.346710693,0,23.03,"included"
"boron_isotopes_dyez_2018.xlsx",137,2.352717773,0,23.03,"included"
"boron_isotopes_dyez_2018.xlsx",138,2.362218994,0,23.03,"included"
"boron_isotopes_dyez_2018.xlsx",139,2.372198242,0,23.03,"included"
"boron_isotopes_dyez_2018.xlsx",140,2.381290283,0,23.03,"included"
"boron_isotopes_dyez_2018.xlsx",141,2.389315918,0,23.03,"included"
"boron_isotopes_dyez_2018.xlsx",142,2.410920166,0,23.03,"included"
"boron_isotopes_dyez_2018.xlsx",143,2.424888916,0,23.03,"included"
"boron_isotopes_dyez_2018.xlsx",144,2.451231689,0,23.03,"included"
"boron_isotopes_dyez_2018.xlsx",145,2.474494141,0,23.03,"included"
"boron_isotopes_dyez_2018.xlsx",146,2.50040332,0,23.03,"included"
"boron_isotopes_dyez_2018.xlsx",147,2.501402588,0,23.03,"included"
"boron_isotopes_dyez_2018.xlsx",148,2.521932373,0,23.03,"included"
"boron_isotopes_dyez_2018.xlsx",149,2.545154541,0,23.03,"included"
"boron_isotopes_dyez_2018.xlsx",150,2.561898438,0,23.03,"included"
"boron_isotopes_dyez_2018.xlsx",151,2.579425049,0,23.03,"included"
"boron_isotopes_dyez_2018.xlsx",152,2.594836426,0,23.03,"included"
"boron_isotopes_dyez_2018.xlsx",153,2.615069336,0,23.03,"included"
"boron_isotopes_dyez_2018.xlsx",154,2.624496094,0,23.03,"included"
"boron_isotopes_dyez_2018.xlsx",155,2.630914795,0,23.03,"included"
"boron_isotopes_dyez_2018.xlsx",156,2.648257813,0,23.03,"included"
"boron_isotopes_dyez_2018.xlsx",157,2.664697021,0,23.03,"included"
"boron_isotopes_dyez_2018.xlsx",158,2.673016113,0,23.03,"included"
"boron_isotopes_dyez_2018.xlsx",159,2.680359375,0,23.03,"included"
"boron_isotopes_dyez_2018.xlsx",160,2.686560303,0,23.03,"included"
"boron_isotopes_dyez_2018.xlsx",161,2.695158203,0,23.03,"included"
"boron_isotopes_dyez_2018.xlsx",162,2.700043457,0,23.03,"included"
"boron_isotopes_dyez_2018.xlsx",163,2.703202637,0,23.03,"included"
"boron_isotopes_dyez_2018.xlsx",164,2.707214111,0,23.03,"included"
"boron_isotopes_dyez_2018.xlsx",165,2.745515625,0,23.03,"included"
"boron_isotopes_dyez_2018.xlsx",166,2.751482666,0,23.03,"included"
"boron_isotopes_dyez_2018.xlsx",167,2.764187012,0,23.03,"included"
"boron_isotopes_dyez_2018.xlsx",168,2.777480957,0,23.03,"included"
"boron_isotopes_dyez_2018.xlsx",169,2.798543701,0,23.03,"included"
"boron_isotopes_dyez_2018.xlsx",170,2.83017627,0,23.03,"included"
"boron_isotopes_dyez_2018.xlsx",171,2.831683838,0,23.03,"included"
"boron_isotopes_dyez_2018.xlsx",172,2.838900635,0,23.03,"included"
"boron_isotopes_dyez_2018.xlsx",173,2.849182373,0,23.03,"included"
"boron_isotopes_dyez_2018.xlsx",174,2.858321045,0,23.03,"included"
"boron_isotopes_dyez_2018.xlsx",175,2.912384277,0,23.03,"included"
"boron_isotopes_dyez_2018.xlsx",176,2.92355957,0,23.03,"included"
"boron_isotopes_dyez_2018.xlsx",177,2.941578125,0,23.03,"included"
"boron_isotopes_dyez_2018.xlsx",178,2.950492676,0,23.03,"included"
"boron_isotopes_dyez_2018.xlsx",179,2.951161377,0,23.03,"included"
"boron_isotopes_dyez_2018.xlsx",180,2.959599365,0,23.03,"included"
"boron_isotopes_dyez_2018.xlsx",181,2.978066406,0,23.03,"included"
"boron_isotopes_dyez_2018.xlsx",182,3.002813721,0,23.03,"included"
"boron_isotopes_dyez_2018.xlsx",183,3.010996094,0,23.03,"included"
"boron_isotopes_dyez_2018.xlsx",184,3.027581543,0,23.03,"included"
"boron_isotopes_dyez_2018.xlsx",185,3.04266333,0,23.03,"included"
"boron_isotopes_dyez_2018.xlsx",186,3.050016113,0,23.03,"included"
"boron_isotopes_dyez_2018.xlsx",187,3.059026123,0,23.03,"included"
"boron_isotopes_dyez_2018.xlsx",188,3.062960938,0,23.03,"included"
"boron_isotopes_dyez_2018.xlsx",189,3.066538086,0,23.03,"included"
"boron_isotopes_dyez_2018.xlsx",190,3.09118335,0,23.03,"included"
"boron_isotopes_dyez_2018.xlsx",191,3.100177002,0,23.03,"included"
"boron_isotopes_dyez_2018.xlsx",192,3.114238281,0,23.03,"included"
"boron_isotopes_dyez_2018.xlsx",193,3.133154785,0,23.03,"included"
"boron_isotopes_dyez_2018.xlsx",194,3.143166016,0,23.03,"included"
"boron_isotopes_dyez_2018.xlsx",195,3.151899902,0,23.03,"included"
"boron_isotopes_dyez_2018.xlsx",196,3.157937012,0,23.03,"included"
"boron_isotopes_dyez_2018.xlsx",197,3.171554932,0,23.03,"included"
"boron_isotopes_dyez_2018.xlsx",198,3.179787109,0,23.03,"included"
"boron_isotopes_dyez_2018.xlsx",199,3.189189941,0,23.03,"included"
"boron_isotopes_dyez_2018.xlsx",200,3.198729248,0,23.03,"included"
"boron_isotopes_dyez_2018.xlsx",201,3.209375244,0,23.03,"included"
"boron_isotopes_dyez_2018.xlsx",202,3.224604492,0,23.03,"included"
"boron_isotopes_dyez_2018.xlsx",203,3.239885986,0,23.03,"included"
"boron_isotopes_dyez_2018.xlsx",204,3.242925293,0,23.03,"included"
"boron_isotopes_dyez_2018.xlsx",205,3.245811768,0,23.03,"included"
"boron_isotopes_dyez_2018.xlsx",206,3.259577881,0,23.03,"included"
"boron_isotopes_dyez_2018.xlsx",207,3.270168457,0,23.03,"included"
"boron_isotopes_dyez_2018.xlsx",208,3.280600586,0,23.03,"included"
"boron_isotopes_dyez_2018.xlsx",209,0.0039,0,23.03,"included"
"boron_isotopes_dyez_2018.xlsx",210,0.4563,0,23.03,"included"
"boron_isotopes_dyez_2018.xlsx",211,0.9,0,23.03,"included"
"boron_isotopes_dyez_2018.xlsx",212,1.5,0,23.03,"included"
"boron_isotopes_dyez_2018.xlsx",213,2.109,0,23.03,"included"
"boron_isotopes_dyez_2018.xlsx",214,2.592,0,23.03,"included"
"boron_isotopes_dyez_2018.xlsx",215,2.785,0,23.03,"included"
"boron_isotopes_dyez_2018.xlsx",216,2.889523,0,23.03,"included"
"boron_isotopes_dyez_2018.xlsx",217,2.985,0,23.03,"included"
"boron_isotopes_dyez_2018.xlsx",218,3.0499,0,23.03,"included"
"boron_isotopes_dyez_2018.xlsx",219,3.172,0,23.03,"included"
"boron_isotopes_dyez_2018.xlsx",220,3.4959,0,23.03,"included"
"boron_isotopes_dyez_2018.xlsx",221,0.003911025047,0,23.03,"included"
"boron_isotopes_dyez_2018.xlsx",222,0.00463,0,23.03,"included"
"boron_isotopes_dyez_2018.xlsx",223,0.00502,0,23.03,"included"
"boron_isotopes_dyez_2018.xlsx",224,0.00782,0,23.03,"included"
"boron_isotopes_dyez_2018.xlsx",225,0.00782,0,23.03,"included"
"boron_isotopes_dyez_2018.xlsx",226,0.00949,0,23.03,"included"
"boron_isotopes_dyez_2018.xlsx",227,0.01032,0,23.03,"included"
"boron_isotopes_dyez_2018.xlsx",228,0.01165,0,23.03,"included"
"boron_isotopes_dyez_2018.xlsx",229,0.01401,0,23.03,"included"
"boron_isotopes_dyez_2018.xlsx",230,0.01507,0,23.03,"included"
"boron_isotopes_dyez_2018.xlsx",231,0.01507,0,23.03,"included"
"boron_isotopes_dyez_2018.xlsx",232,0.01726,0,23.03,"included"
"boron_isotopes_dyez_2018.xlsx",233,0.01919,0,23.03,"included"
"boron_isotopes_dyez_2018.xlsx",234,0.02112,0,23.03,"included"
"boron_isotopes_dyez_2018.xlsx",235,0.02261,0,23.03,"included"
"boron_isotopes_dyez_2018.xlsx",236,0.02438,0,23.03,"included"
"boron_isotopes_dyez_2018.xlsx",237,0.02551,0,23.03,"included"
"boron_isotopes_dyez_2018.xlsx",238,0.02551,0,23.03,"included"
"boron_isotopes_dyez_2018.xlsx",239,0.03582,0,23.03,"included"
"boron_isotopes_dyez_2018.xlsx",240,0.04661,0,23.03,"included"
"boron_isotopes_dyez_2018.xlsx",241,0.05214,0,23.03,"included"
"boron_isotopes_dyez_2018.xlsx",242,0.06128,0,23.03,"included"
"boron_isotopes_dyez_2018.xlsx",243,0.0773,0,23.03,"included"
"boron_isotopes_dyez_2018.xlsx",244,0.08433,0,23.03,"included"
"boron_isotopes_dyez_2018.xlsx",245,0.08911,0,23.03,"included"
"boron_isotopes_dyez_2018.xlsx",246,0.10036,0,23.03,"included"
"boron_isotopes_dyez_2018.xlsx",247,0.10612,0,23.03,"included"
"boron_isotopes_dyez_2018.xlsx",248,0.11132,0,23.03,"included"
"boron_isotopes_dyez_2018.xlsx",249,0.11682,0,23.03,"included"
"boron_isotopes_dyez_2018.xlsx",250,0.11881,0,23.03,"included"
"boron_isotopes_dyez_2018.xlsx",251,0.11906,0,23.03,"included"
"boron_isotopes_dyez_2018.xlsx",252,0.12179,0,23.03,"included"
"boron_isotopes_dyez_2018.xlsx",253,0.12377,0,23.03,"included"
"boron_isotopes_dyez_2018.xlsx",254,0.12437,0,23.03,"included"
"boron_isotopes_dyez_2018.xlsx",255,0.12748,0,23.03,"included"
"boron_isotopes_dyez_2018.xlsx",256,0.13086,0,23.03,"included"
"boron_isotopes_dyez_2018.xlsx",257,0.13191,0,23.03,"included"
"boron_isotopes_dyez_2018.xlsx",258,0.13322,0,23.03,"included"
"boron_isotopes_dyez_2018.xlsx",259,0.134,0,23.03,"included"
"boron_isotopes_dyez_2018.xlsx",260,0.13557,0,23.03,"included"
"boron_isotopes_dyez_2018.xlsx",261,0.13897,0,23.03,"included"
"boron_isotopes_dyez_2018.xlsx",262,0.14669,0,23.03,"included"
"boron_isotopes_dyez_2018.xlsx",263,0.15004,0,23.03,"included"
"boron_isotopes_dyez_2018.xlsx",264,0.16976,0,23.03,"included"
"boron_isotopes_dyez_2018.xlsx",265,0.17994,0,23.03,"included"
"boron_isotopes_dyez_2018.xlsx",266,0.18437,0,23.03,"included"
"boron_isotopes_dyez_2018.xlsx",267,0.19001,0,23.03,"included"
"boron_isotopes_dyez_2018.xlsx",268,0.19168,0,23.03,"included"
"boron_isotopes_dyez_2018.xlsx",269,0.19807,0,23.03,"included"
"boron_isotopes_dyez_2018.xlsx",270,0.21157,0,23.03,"included"
"boron_isotopes_dyez_2018.xlsx",271,0.22044,0,23.03,"included"
"boron_isotopes_dyez_2018.xlsx",272,0.22366,0,23.03,"included"
"boron_isotopes_dyez_2018.xlsx",273,0.2271,0,23.03,"included"
"boron_isotopes_dyez_2018.xlsx",274,0.23576,0,23.03,"included"
"boron_isotopes_dyez_2018.xlsx",275,0.23948,0,23.03,"included"
"boron_isotopes_dyez_2018.xlsx",276,0.2429,0,23.03,"included"
"boron_isotopes_dyez_2018.xlsx",277,0.24718,0,23.03,"included"
"boron_isotopes_dyez_2018.xlsx",278,0.25007,0,23.03,"included"
"boron_isotopes_dyez_2018.xlsx",279,0.25784,0,23.03,"included"
"boron_isotopes_dyez_2018.xlsx",280,1.08726,0,23.03,"included"
"boron_isotopes_dyez_2018.xlsx",281,1.08869,0,23.03,"included"
"boron_isotopes_dyez_2018.xlsx",282,1.09003,0,23.03,"included"
"boron_isotopes_dyez_2018.xlsx",283,1.09267,0,23.03,"included"
"boron_isotopes_dyez_2018.xlsx",284,1.09471,0,23.03,"included"
"boron_isotopes_dyez_2018.xlsx",285,1.09946,0,23.03,"included"
"boron_isotopes_dyez_2018.xlsx",286,1.10242,0,23.03,"included"
"boron_isotopes_dyez_2018.xlsx",287,1.10316,0,23.03,"included"
"boron_isotopes_dyez_2018.xlsx",288,1.1062,0,23.03,"included"
"boron_isotopes_dyez_2018.xlsx",289,1.10782,0,23.03,"included"
"boron_isotopes_dyez_2018.xlsx",290,1.1103,0,23.03,"included"
"boron_isotopes_dyez_2018.xlsx",291,1.1128,0,23.03,"included"
"boron_isotopes_dyez_2018.xlsx",292,1.11526,0,23.03,"included"
"boron_isotopes_dyez_2018.xlsx",293,1.11786,0,23.03,"included"
"boron_isotopes_dyez_2018.xlsx",294,1.12036,0,23.03,"included"
"boron_isotopes_dyez_2018.xlsx",295,1.12309,0,23.03,"included"
"boron_isotopes_dyez_2018.xlsx",296,1.12606,0,23.03,"included"
"boron_isotopes_dyez_2018.xlsx",297,1.12781,0,23.03,"included"
"boron_isotopes_dyez_2018.xlsx",298,1.13097,0,23.03,"included"
"boron_isotopes_dyez_2018.xlsx",299,1.13657,0,23.03,"included"
"boron_isotopes_dyez_2018.xlsx",300,1.14003,0,23.03,"included"
"boron_isotopes_dyez_2018.xlsx",301,1.14323,0,23.03,"included"
"boron_isotopes_dyez_2018.xlsx",302,1.14533,0,23.03,"included"
"boron_isotopes_dyez_2018.xlsx",303,1.1489,0,23.03,"included"
"boron_isotopes_dyez_2018.xlsx",304,1.15094,0,23.03,"included"
"boron_isotopes_dyez_2018.xlsx",305,1.15409,0,23.03,"included"
"boron_isotopes_dyez_2018.xlsx",306,1.15777,0,23.03,"included"
"boron_isotopes_dyez_2018.xlsx",307,1.16073,0,23.03,"included"
"boron_isotopes_dyez_2018.xlsx",308,1.16285,0,23.03,"included"
"boron_isotopes_dyez_2018.xlsx",309,1.16986,0,23.03,"included"
"boron_isotopes_dyez_2018.xlsx",310,1.17757,0,23.03,"included"
"boron_isotopes_dyez_2018.xlsx",311,1.17966,0,23.03,"included"
"boron_isotopes_dyez_2018.xlsx",312,1.18175,0,23.03,"included"
"boron_isotopes_dyez_2018.xlsx",313,1.18406,0,23.03,"included"
"boron_isotopes_dyez_2018.xlsx",314,1.18597,0,23.03,"included"
"boron_isotopes_dyez_2018.xlsx",315,1.18807,0,23.03,"included"
"boron_isotopes_dyez_2018.xlsx",316,1.19131,0,23.03,"included"
"boron_isotopes_dyez_2018.xlsx",317,1.19515,0,23.03,"included"
"boron_isotopes_dyez_2018.xlsx",318,1.20326,0,23.03,"included"
"boron_isotopes_dyez_2018.xlsx",319,1.20676,0,23.03,"included"
"boron_isotopes_dyez_2018.xlsx",320,1.20999,0,23.03,"included"
"boron_isotopes_dyez_2018.xlsx",321,1.21448,0,23.03,"included"
"boron_isotopes_dyez_2018.xlsx",322,1.21642,0,23.03,"included"
"boron_isotopes_dyez_2018.xlsx",323,1.21854,0,23.03,"included"
"boron_isotopes_dyez_2018.xlsx",324,1.22418,0,23.03,"included"
"boron_isotopes_dyez_2018.xlsx",325,1.22717,0,23.03,"included"
"boron_isotopes_dyez_2018.xlsx",326,1.23072,0,23.03,"included"
"boron_isotopes_dyez_2018.xlsx",327,1.2339,0,23.03,"included"
"boron_isotopes_dyez_2018.xlsx",328,1.23618,0,23.03,"included"
"boron_isotopes_dyez_2018.xlsx",329,1.23983,0,23.03,"included"
"boron_isotopes_dyez_2018.xlsx",330,1.24325,0,23.03,"included"
"boron_isotopes_foster_2008.xlsx",4,0.0039,0,23.03,"included"
"boron_isotopes_foster_2008.xlsx",5,0.0046,0,23.03,"included"
"boron_isotopes_foster_2008.xlsx",6,0.005,0,23.03,"included"
"boron_isotopes_foster_2008.xlsx",7,0.0078,0,23.03,"included"
"boron_isotopes_foster_2008.xlsx",8,0.0078,0,23.03,"included"
"boron_isotopes_foster_2008.xlsx",9,0.0095,0,23.03,"included"
"boron_isotopes_foster_2008.xlsx",10,0.0103,0,23.03,"included"
"boron_isotopes_foster_2008.xlsx",11,0.0117,0,23.03,"included"
"boron_isotopes_foster_2008.xlsx",12,0.014,0,23.03,"included"
"boron_isotopes_foster_2008.xlsx",13,0.0151,0,23.03,"included"
"boron_isotopes_foster_2008.xlsx",14,0.0151,0,23.03,"included"
"boron_isotopes_foster_2008.xlsx",15,0.0173,0,23.03,"included"
"boron_isotopes_foster_2008.xlsx",16,0.0192,0,23.03,"included"
"boron_isotopes_foster_2008.xlsx",17,0.0211,0,23.03,"included"
"boron_isotopes_foster_2008.xlsx",18,0.0225,0,23.03,"included"
"boron_isotopes_foster_2008.xlsx",19,0.0248,0,23.03,"included"
"boron_isotopes_foster_2008.xlsx",20,0.0263,0,23.03,"included"
"boron_isotopes_foster_2008.xlsx",21,0.0263,0,23.03,"included"
"boron_isotopes_foster_2008.xlsx",22,0.0369,0,23.03,"included"
"boron_isotopes_foster_2008.xlsx",23,0.0471,0,23.03,"included"
"boron_isotopes_foster_2008.xlsx",24,0.0523,0,23.03,"included"
"boron_isotopes_foster_2008.xlsx",25,0.0614,0,23.03,"included"
"boron_isotopes_foster_2008.xlsx",26,0.0763,0,23.03,"included"
"boron_isotopes_foster_2008.xlsx",27,0.083,0,23.03,"included"
"boron_isotopes_foster_2008.xlsx",28,0.0881,0,23.03,"included"
"boron_isotopes_foster_2008.xlsx",29,0.0996,0,23.03,"included"
"boron_isotopes_foster_2008.xlsx",30,0.1045,0,23.03,"included"
"boron_isotopes_foster_2008.xlsx",31,0.1142,0,23.03,"included"
"boron_isotopes_foster_2008.xlsx",32,0.1161,0,23.03,"included"
"boron_isotopes_foster_2008.xlsx",33,0.1191,0,23.03,"included"
"boron_isotopes_foster_2008.xlsx",34,0.1223,0,23.03,"included"
"boron_isotopes_foster_2008.xlsx",35,0.131,0,23.03,"included"
"boron_isotopes_foster_2012.xlsx",4,12.28,0,23.03,"included"
"boron_isotopes_foster_2012.xlsx",5,12.72,0,23.03,"included"
"boron_isotopes_foster_2012.xlsx",6,13.25,0,23.03,"included"
"boron_isotopes_foster_2012.xlsx",7,13.48,0,23.03,"included"
"boron_isotopes_foster_2012.xlsx",8,13.72,0,23.03,"included"
"boron_isotopes_foster_2012.xlsx",9,13.83,0,23.03,"included"
"boron_isotopes_foster_2012.xlsx",10,14.17,0,23.03,"included"
"boron_isotopes_foster_2012.xlsx",11,14.31,0,23.03,"included"
"boron_isotopes_foster_2012.xlsx",12,14.8,0,23.03,"included"
"boron_isotopes_foster_2012.xlsx",13,15.04,0,23.03,"included"
"boron_isotopes_foster_2012.xlsx",14,15.56,0,23.03,"included"
"boron_isotopes_foster_2012.xlsx",15,15.87,0,23.03,"included"
"boron_isotopes_foster_2012.xlsx",16,16.38,0,23.03,"included"
"boron_isotopes_foster_2012.xlsx",17,11.8,0,23.03,"included"
"boron_isotopes_foster_2012.xlsx",18,13.6,0,23.03,"included"
"boron_isotopes_foster_2012.xlsx",19,14.94,0,23.03,"included"
"boron_isotopes_greenop_2014.xlsx",4,15.5413446057536,0,23.03,"included"
"boron_isotopes_greenop_2014.xlsx",5,15.5995538285503,0,23.03,"included"
"boron_isotopes_greenop_2014.xlsx",6,15.6127704814786,0,23.03,"included"
"boron_isotopes_greenop_2014.xlsx",7,15.6259863059728,0,23.03,"included"
"boron_isotopes_greenop_2014.xlsx",8,15.652422949722,0,23.03,"included"
"boron_isotopes_greenop_2014.xlsx",9,15.6921190865328,0,23.03,"included"
"boron_isotopes_greenop_2014.xlsx",10,15.7186334988088,0,23.03,"included"
"boron_isotopes_greenop_2014.xlsx",11,15.7585210184465,0,23.03,"included"
"boron_isotopes_greenop_2014.xlsx",12,15.7718560666336,0,23.03,"included"
"boron_isotopes_greenop_2014.xlsx",13,15.8066408416427,0,23.03,"included"
"boron_isotopes_greenop_2014.xlsx",14,15.8389217488025,0,23.03,"included"
"boron_isotopes_greenop_2014.xlsx",15,15.893176039366,0,23.03,"included"
"boron_isotopes_greenop_2014.xlsx",16,15.9536639968479,0,23.03,"included"
"boron_isotopes_greenop_2014.xlsx",17,15.9619887213555,0,23.03,"included"
"boron_isotopes_greenop_2014.xlsx",18,15.9759079143261,0,23.03,"included"
"boron_isotopes_greenop_2014.xlsx",19,15.9898850845291,0,23.03,"included"
"boron_isotopes_greenop_2014.xlsx",20,16.0607295037388,0,23.03,"included"
"boron_isotopes_greenop_2014.xlsx",21,16.1187117246145,0,23.03,"included"
"boron_isotopes_greenop_2014.xlsx",22,16.1481973390996,0,23.03,"included"
"boron_isotopes_greenop_2014.xlsx",23,16.1780420384073,0,23.03,"included"
"boron_isotopes_greenop_2014.xlsx",24,16.2082683669835,0,23.03,"included"
"boron_isotopes_greenop_2014.xlsx",25,16.238899256133,0,23.03,"included"
"boron_isotopes_greenop_2014.xlsx",26,16.2699580233698,0,23.03,"included"
"boron_isotopes_greenop_2014.xlsx",27,16.301468372819,0,23.03,"included"
"boron_isotopes_greenop_2014.xlsx",28,16.3334543948001,0,23.03,"included"
"boron_isotopes_greenop_2014.xlsx",29,16.3659405665142,0,23.03,"included"
"boron_isotopes_greenop_2014.xlsx",30,16.3989517513654,0,23.03,"included"
"boron_isotopes_greenop_2014.xlsx",31,16.4156620992969,0,23.03,"included"
"boron_isotopes_greenop_2014.xlsx",32,16.4666505467096,0,23.03,"included"
"boron_isotopes_greenop_2014.xlsx",33,16.5910456638765,0,23.03,"included"
"boron_isotopes_greenop_2014.xlsx",34,16.6469001037533,0,23.03,"included"
"boron_isotopes_greenop_2014.xlsx",35,16.6850528552325,0,23.03,"included"
"boron_isotopes_greenop_2014.xlsx",36,16.7636856131901,0,23.03,"included"
"boron_isotopes_greenop_2014.xlsx",37,16.9752108641057,0,23.03,"included"
"boron_isotopes_greenop_2014.xlsx",38,17.1135877151835,0,23.03,"included"
"boron_isotopes_greenop_2019.xlsx",4,22.022,0,23.03,"included"
"boron_isotopes_greenop_2019.xlsx",5,22.161,0,23.03,"included"
"boron_isotopes_greenop_2019.xlsx",6,22.442,0,23.03,"included"
"boron_isotopes_greenop_2019.xlsx",7,22.51,0,23.03,"included"
"boron_isotopes_greenop_2019.xlsx",8,22.521,0,23.03,"included"
"boron_isotopes_greenop_2019.xlsx",9,22.58,0,23.03,"included"
"boron_isotopes_greenop_2019.xlsx",10,22.589,0,23.03,"included"
"boron_isotopes_greenop_2019.xlsx",11,22.661,0,23.03,"included"
"boron_isotopes_greenop_2019.xlsx",12,22.673,0,23.03,"included"
"boron_isotopes_greenop_2019.xlsx",13,22.696,0,23.03,"included"
"boron_isotopes_greenop_2019.xlsx",14,22.728,0,23.03,"included"
"boron_isotopes_greenop_2019.xlsx",15,22.736,0,23.03,"included"
"boron_isotopes_greenop_2019.xlsx",16,22.81,0,23.03,"included"
"boron_isotopes_greenop_2019.xlsx",17,22.815,0,23.03,"included"
"boron_isotopes_greenop_2019.xlsx",18,22.82,0,23.03,"included"
"boron_isotopes_greenop_2019.xlsx",19,22.872,0,23.03,"included"
"boron_isotopes_greenop_2019.xlsx",20,22.895,0,23.03,"included"
"boron_isotopes_greenop_2019.xlsx",21,22.939,0,23.03,"included"
"boron_isotopes_greenop_2019.xlsx",22,22.968,0,23.03,"included"
"boron_isotopes_greenop_2019.xlsx",23,23.008,0,23.03,"included"
"boron_isotopes_greenop_2019.xlsx",24,23.023,0,23.03,"included"
"boron_isotopes_greenop_2019.xlsx",25,23.075,0,23.03,"outside age range"
"boron_isotopes_greenop_2019.xlsx",26,23.087,0,23.03,"outside age range"
"boron_isotopes_greenop_2019.xlsx",27,23.094,0,23.03,"outside age range"
"boron_isotopes_greenop_2019.xlsx",28,23.157,0,23.03,"outside age range"
"boron_isotopes_greenop_2019.xlsx",29,23.249,0,23.03,"outside age range"
"boron_isotopes_greenop_2019.xlsx",30,23.264,0,23.03,"outside age range"
"boron_isotopes_greenop_2019.xlsx",31,23.306,0,23.03,"outside age range"
"boron_isotopes_greenop_2019.xlsx",32,23.338,0,23.03,"outside age range"
"boron_isotopes_greenop_2019.xlsx",33,23.575,0,23.03,"outside age range"
"boron_isotopes_greenop_2019.xlsx",34,23.579,0,23.03,"outside age range"
"boron_isotopes_greenop_2019.xlsx",35,23.662,0,23.03,"outside age range"
"boron_isotopes_greenop_2019.xlsx",36,23.733,0,23.03,"outside age range"
"boron_isotopes_greenop_2019.xlsx",37,23.797,0,23.03,"outside age range"
"boron_isotopes_greenop_2019.xlsx",38,23.821,0,23.03,"outside age range"
"boron_isotopes_greenop_2019.xlsx",39,23.857,0,23.03,"outside age range"
"boron_isotopes_greenop_2019.xlsx",40,23.928,0,23.03,"outside age range"
"boron_isotopes_greenop_2019.xlsx",41,23.978,0,23.03,"outside age range"
"boron_isotopes_greenop_2019.xlsx",42,24.018,0,23.03,"outside age range"
"boron_isotopes_greenop_2019.xlsx",43,21.16732075,0,23.03,"included"
"boron_isotopes_greenop_2019.xlsx",44,21.39607544,0,23.03,"included"
"boron_isotopes_greenop_2019.xlsx",45,21.83969502,0,23.03,"included"
"boron_isotopes_guillermic_2022.xlsx",4,0.90395,0,23.03,"included"
"boron_isotopes_guillermic_2022.xlsx",5,1.01859,0,23.03,"included"
"boron_isotopes_guillermic_2022.xlsx",6,1.0457,0,23.03,"included"
"boron_isotopes_guillermic_2022.xlsx",7,1.0537,0,23.03,"included"
"boron_isotopes_guillermic_2022.xlsx",8,1.24026,0,23.03,"included"
"boron_isotopes_guillermic_2022.xlsx",9,1.26695,0,23.03,"included"
"boron_isotopes_guillermic_2022.xlsx",10,1.63758137812951,0,23.03,"included"
"boron_isotopes_guillermic_2022.xlsx",11,1.93309566986964,0,23.03,"included"
"boron_isotopes_guillermic_2022.xlsx",12,2.06202109792738,0,23.03,"included"
"boron_isotopes_guillermic_2022.xlsx",13,2.35804995766209,0,23.03,"included"
"boron_isotopes_guillermic_2022.xlsx",14,2.37641348044425,0,23.03,"included"
"boron_isotopes_guillermic_2022.xlsx",15,2.39958593810049,0,23.03,"included"
"boron_isotopes_guillermic_2022.xlsx",16,2.43792730372649,0,23.03,"included"
"boron_isotopes_guillermic_2022.xlsx",17,2.44720444612591,0,23.03,"included"
"boron_isotopes_guillermic_2022.xlsx",18,2.46239452636003,0,23.03,"included"
"boron_isotopes_guillermic_2022.xlsx",19,2.47792370397612,0,23.03,"included"
"boron_isotopes_guillermic_2022.xlsx",20,2.48124726086275,0,23.03,"included"
"boron_isotopes_guillermic_2022.xlsx",21,2.50078986987786,0,23.03,"included"
"boron_isotopes_guillermic_2022.xlsx",22,2.50815138177535,0,23.03,"included"
"boron_isotopes_guillermic_2022.xlsx",23,2.53642665173807,0,23.03,"included"
"boron_isotopes_guillermic_2022.xlsx",24,2.55619326696427,0,23.03,"included"
"boron_isotopes_guillermic_2022.xlsx",25,2.57299084115138,0,23.03,"included"
"boron_isotopes_guillermic_2022.xlsx",26,2.79014133072861,0,23.03,"included"
"boron_isotopes_guillermic_2022.xlsx",27,2.93055439849975,0,23.03,"included"
"boron_isotopes_guillermic_2022.xlsx",28,2.99391875699556,0,23.03,"included"
"boron_isotopes_guillermic_2022.xlsx",29,0.0043,0,23.03,"included"
"boron_isotopes_guillermic_2022.xlsx",30,0.0899,0,23.03,"included"
"boron_isotopes_guillermic_2022.xlsx",31,0.1474666667,0,23.03,"included"
"boron_isotopes_guillermic_2022.xlsx",32,0.22725,0,23.03,"included"
"boron_isotopes_guillermic_2022.xlsx",33,0.7941,0,23.03,"included"
"boron_isotopes_guillermic_2022.xlsx",34,0.7961,0,23.03,"included"
"boron_isotopes_guillermic_2022.xlsx",35,0.823636,0,23.03,"included"
"boron_isotopes_guillermic_2022.xlsx",36,0.88145,0,23.03,"included"
"boron_isotopes_guillermic_2022.xlsx",37,0.92975,0,23.03,"included"
"boron_isotopes_guillermic_2022.xlsx",38,0.98989,0,23.03,"included"
"boron_isotopes_guillermic_2022.xlsx",39,0.99194,0,23.03,"included"
"boron_isotopes_guillermic_2022.xlsx",40,1.04834,0,23.03,"included"
"boron_isotopes_guillermic_2022.xlsx",41,1.23336,0,23.03,"included"
"boron_isotopes_guillermic_2022.xlsx",42,1.273539326,0,23.03,"included"
"boron_isotopes_guillermic_2022.xlsx",43,1.42678601773634,0,23.03,"included"
"boron_isotopes_guillermic_2022.xlsx",44,3.44005288363102,0,23.03,"included"
"boron_isotopes_guillermic_2022.xlsx",45,3.50787424937459,0,23.03,"included"
"boron_isotopes_guillermic_2022.xlsx",46,3.70764094313002,0,23.03,"included"
"boron_isotopes_guillermic_2022.xlsx",47,4.17800645608518,0,23.03,"included"
"boron_isotopes_guillermic_2022.xlsx",48,4.58074606503804,0,23.03,"included"
"boron_isotopes_guillermic_2022.xlsx",49,4.72408281091584,0,23.03,"included"
"boron_isotopes_guillermic_2022.xlsx",50,4.9207534506387,0,23.03,"included"
"boron_isotopes_guillermic_2022.xlsx",51,5.14684675556901,0,23.03,"included"
"boron_isotopes_guillermic_2022.xlsx",52,7.14877919657069,0,23.03,"included"
"boron_isotopes_guillermic_2022.xlsx",53,8.07134881349901,0,23.03,"included"
"boron_isotopes_guillermic_2022.xlsx",54,8.1510267939941,0,23.03,"included"
"boron_isotopes_guillermic_2022.xlsx",55,8.28774777875109,0,23.03,"included"
"boron_isotopes_guillermic_2022.xlsx",56,8.50601659120109,0,23.03,"included"
"boron_isotopes_guillermic_2022.xlsx",57,8.62119336182011,0,23.03,"included"
"boron_isotopes_guillermic_2022.xlsx",58,8.84281662718424,0,23.03,"included"
"boron_isotopes_guillermic_2022.xlsx",59,8.94898565619453,0,23.03,"included"
"boron_isotopes_guillermic_2022.xlsx",60,9.17459161054386,0,23.03,"included"
"boron_isotopes_guillermic_2022.xlsx",61,9.25859698021535,0,23.03,"included"
"boron_isotopes_guillermic_2022.xlsx",62,9.49455149736663,0,23.03,"included"
"boron_isotopes_guillermic_2022.xlsx",63,11.6930464777809,0,23.03,"included"
"boron_isotopes_guillermic_2022.xlsx",64,12.0743291725144,0,23.03,"included"
"boron_isotopes_guillermic_2022.xlsx",65,12.2491360536618,0,23.03,"included"
"boron_isotopes_guillermic_2022.xlsx",66,12.4433958042479,0,23.03,"included"
"boron_isotopes_guillermic_2022.xlsx",67,12.6875680903289,0,23.03,"included"
"boron_isotopes_guillermic_2022.xlsx",68,12.8231641395729,0,23.03,"included"
"boron_isotopes_guillermic_2022.xlsx",69,13.2275985034146,0,23.03,"included"
"boron_isotopes_guillermic_2022.xlsx",70,13.5267078798778,0,23.03,"included"
"boron_isotopes_guillermic_2022.xlsx",71,13.8181037708104,0,23.03,"included"
"boron_isotopes_guillermic_2022.xlsx",72,13.9136233156718,0,23.03,"included"
"boron_isotopes_guillermic_2022.xlsx",73,15.0606830478701,0,23.03,"included"
"boron_isotopes_guillermic_2022.xlsx",74,15.6887107689339,0,23.03,"included"
"boron_isotopes_guillermic_2022.xlsx",75,0.00984,0,23.03,"included"
"boron_isotopes_guillermic_2022.xlsx",76,0.0142,0,23.03,"included"
"boron_isotopes_guillermic_2022.xlsx",77,0.04659,0,23.03,"included"
"boron_isotopes_guillermic_2022.xlsx",78,0.07897,0,23.03,"included"
"boron_isotopes_guillermic_2022.xlsx",79,0.18204,0,23.03,"included"
"boron_isotopes_guillermic_2022.xlsx",80,0.2272,0,23.03,"included"
"boron_isotopes_guillermic_2022.xlsx",81,0.2312,0,23.03,"included"
"boron_isotopes_guillermic_2022.xlsx",82,0.342,0,23.03,"included"
"boron_isotopes_guillermic_2022.xlsx",83,0.43081,0,23.03,"included"
"boron_isotopes_guillermic_2022.xlsx",84,0.604,0,23.03,"included"
"boron_isotopes_guillermic_2022.xlsx",85,0.857,0,23.03,"included"
"boron_isotopes_guillermic_2022.xlsx",86,0.93967,0,23.03,"included"
"boron_isotopes_guillermic_2022.xlsx",87,1.278,0,23.03,"included"
"boron_isotopes_guillermic_2022.xlsx",88,3.04732,0,23.03,"included"
"boron_isotopes_guillermic_2022.xlsx",89,3.21786,0,23.03,"included"
"boron_isotopes_guillermic_2022.xlsx",90,3.32499,0,23.03,"included"
"boron_isotopes_guillermic_2022.xlsx",91,3.61514,0,23.03,"included"
"boron_isotopes_guillermic_2022.xlsx",92,4.52418,0,23.03,"included"
"boron_isotopes_guillermic_2022.xlsx",93,0.90395,0,23.03,"included"
"boron_isotopes_guillermic_2022.xlsx",94,1.01859,0,23.03,"included"
"boron_isotopes_guillermic_2022.xlsx",95,1.0457,0,23.03,"included"
"boron_isotopes_guillermic_2022.xlsx",96,1.0537,0,23.03,"included"
"boron_isotopes_guillermic_2022.xlsx",97,1.24026,0,23.03,"included"
"boron_isotopes_guillermic_2022.xlsx",98,1.26695,0,23.03,"included"
"boron_isotopes_guillermic_2022.xlsx",99,1.63758137812951,0,23.03,"included"
"boron_isotopes_guillermic_2022.xlsx",100,1.93309566986964,0,23.03,"included"
"boron_isotopes_guillermic_2022.xlsx",101,2.06202109792738,0,23.03,"included"
"boron_isotopes_guillermic_2022.xlsx",102,2.35804995766209,0,23.03,"included"
"boron_isotopes_guillermic_2022.xlsx",103,2.37641348044425,0,23.03,"included"
"boron_isotopes_guillermic_2022.xlsx",104,2.39958593810049,0,23.03,"included"
"boron_isotopes_guillermic_2022.xlsx",105,2.43792730372649,0,23.03,"included"
"boron_isotopes_guillermic_2022.xlsx",106,2.44720444612591,0,23.03,"included"
"boron_isotopes_guillermic_2022.xlsx",107,2.46239452636003,0,23.03,"included"
"boron_isotopes_guillermic_2022.xlsx",108,2.47792370397612,0,23.03,"included"
"boron_isotopes_guillermic_2022.xlsx",109,2.48124726086275,0,23.03,"included"
"boron_isotopes_guillermic_2022.xlsx",110,2.50078986987786,0,23.03,"included"
"boron_isotopes_guillermic_2022.xlsx",111,2.50815138177535,0,23.03,"included"
"boron_isotopes_guillermic_2022.xlsx",112,2.53642665173807,0,23.03,"included"
"boron_isotopes_guillermic_2022.xlsx",113,2.55619326696427,0,23.03,"included"
"boron_isotopes_guillermic_2022.xlsx",114,2.57299084115138,0,23.03,"included"
"boron_isotopes_guillermic_2022.xlsx",115,2.79014133072861,0,23.03,"included"
"boron_isotopes_guillermic_2022.xlsx",116,2.93055439849975,0,23.03,"included"
"boron_isotopes_guillermic_2022.xlsx",117,2.99391875699556,0,23.03,"included"
"boron_isotopes_guillermic_2022.xlsx",118,0.0043,0,23.03,"included"
"boron_isotopes_guillermic_2022.xlsx",119,0.0899,0,23.03,"included"
"boron_isotopes_guillermic_2022.xlsx",120,0.1474666667,0,23.03,"included"
"boron_isotopes_guillermic_2022.xlsx",121,0.22725,0,23.03,"included"
"boron_isotopes_guillermic_2022.xlsx",122,0.7941,0,23.03,"included"
"boron_isotopes_guillermic_2022.xlsx",123,0.7961,0,23.03,"included"
"boron_isotopes_guillermic_2022.xlsx",124,0.823636,0,23.03,"included"
"boron_isotopes_guillermic_2022.xlsx",125,0.88145,0,23.03,"included"
"boron_isotopes_guillermic_2022.xlsx",126,0.92975,0,23.03,"included"
"boron_isotopes_guillermic_2022.xlsx",127,0.98989,0,23.03,"included"
"boron_isotopes_guillermic_2022.xlsx",128,0.99194,0,23.03,"included"
"boron_isotopes_guillermic_2022.xlsx",129,1.04834,0,23.03,"included"
"boron_isotopes_guillermic_2022.xlsx",130,1.23336,0,23.03,"included"
"boron_isotopes_guillermic_2022.xlsx",131,1.273539326,0,23.03,"included"
"boron_isotopes_guillermic_2022.xlsx",132,1.42678601773634,0,23.03,"included"
"boron_isotopes_guillermic_2022.xlsx",133,3.44005288363102,0,23.03,"included"
"boron_isotopes_guillermic_2022.xlsx",134,3.50787424937459,0,23.03,"included"
"boron_isotopes_guillermic_2022.xlsx",135,3.70764094313002,0,23.03,"included"
"boron_isotopes_guillermic_2022.xlsx",136,4.17800645608518,0,23.03,"included"
"boron_isotopes_guillermic_2022.xlsx",137,4.58074606503804,0,23.03,"included"
"boron_isotopes_guillermic_2022.xlsx",138,4.72408281091584,0,23.03,"included"
"boron_isotopes_guillermic_2022.xlsx",139,4.9207534506387,0,23.03,"included"
"boron_isotopes_guillermic_2022.xlsx",140,5.14684675556901,0,23.03,"included"
"boron_isotopes_guillermic_2022.xlsx",141,7.14877919657069,0,23.03,"included"
"boron_isotopes_guillermic_2022.xlsx",142,8.07134881349901,0,23.03,"included"
"boron_isotopes_guillermic_2022.xlsx",143,8.1510267939941,0,23.03,"included"
"boron_isotopes_guillermic_2022.xlsx",144,8.28774777875109,0,23.03,"included"
"boron_isotopes_guillermic_2022.xlsx",145,8.50601659120109,0,23.03,"included"
"boron_isotopes_guillermic_2022.xlsx",146,8.62119336182011,0,23.03,"included"
"boron_isotopes_guillermic_2022.xlsx",147,8.84281662718424,0,23.03,"included"
"boron_isotopes_guillermic_2022.xlsx",148,8.94898565619453,0,23.03,"included"
"boron_isotopes_guillermic_2022.xlsx",149,9.17459161054386,0,23.03,"included"
"boron_isotopes_guillermic_2022.xlsx",150,9.25859698021535,0,23.03,"included"
"boron_isotopes_guillermic_2022.xlsx",151,9.49455149736663,0,23.03,"included"
"boron_isotopes_guillermic_2022.xlsx",152,11.6930464777809,0,23.03,"included"
"boron_isotopes_guillermic_2022.xlsx",153,12.0743291725144,0,23.03,"included"
"boron_isotopes_guillermic_2022.xlsx",154,12.2491360536618,0,23.03,"included"
"boron_isotopes_guillermic_2022.xlsx",155,12.4433958042479,0,23.03,"included"
"boron_isotopes_guillermic_2022.xlsx",156,12.6875680903289,0,23.03,"included"
"boron_isotopes_guillermic_2022.xlsx",157,12.8231641395729,0,23.03,"included"
"boron_isotopes_guillermic_2022.xlsx",158,13.2275985034146,0,23.03,"included"
"boron_isotopes_guillermic_2022.xlsx",159,13.5267078798778,0,23.03,"included"
"boron_isotopes_guillermic_2022.xlsx",160,13.8181037708104,0,23.03,"included"
"boron_isotopes_guillermic_2022.xlsx",161,13.9136233156718,0,23.03,"included"
"boron_isotopes_guillermic_2022.xlsx",162,15.0606830478701,0,23.03,"included"
"boron_isotopes_guillermic_2022.xlsx",163,15.6887107689339,0,23.03,"included"
"boron_isotopes_guillermic_2022.xlsx",164,0.00984,0,23.03,"included"
"boron_isotopes_guillermic_2022.xlsx",165,0.0142,0,23.03,"included"
"boron_isotopes_guillermic_2022.xlsx",166,0.04659,0,23.03,"included"
"boron_isotopes_guillermic_2022.xlsx",167,0.07897,0,23.03,"included"
"boron_isotopes_guillermic_2022.xlsx",168,0.18204,0,23.03,"included"
"boron_isotopes_guillermic_2022.xlsx",169,0.2272,0,23.03,"included"
"boron_isotopes_guillermic_2022.xlsx",170,0.2312,0,23.03,"included"
"boron_isotopes_guillermic_2022.xlsx",171,0.342,0,23.03,"included"
"boron_isotopes_guillermic_2022.xlsx",172,0.43081,0,23.03,"included"
"boron_isotopes_guillermic_2022.xlsx",173,0.604,0,23.03,"included"
"boron_isotopes_guillermic_2022.xlsx",174,0.857,0,23.03,"included"
"boron_isotopes_guillermic_2022.xlsx",175,0.93967,0,23.03,"included"
"boron_isotopes_guillermic_2022.xlsx",176,1.278,0,23.03,"included"
"boron_isotopes_guillermic_2022.xlsx",177,3.04732,0,23.03,"included"
"boron_isotopes_guillermic_2022.xlsx",178,3.21786,0,23.03,"included"
"boron_isotopes_guillermic_2022.xlsx",179,3.32499,0,23.03,"included"
"boron_isotopes_guillermic_2022.xlsx",180,3.61514,0,23.03,"included"
"boron_isotopes_guillermic_2022.xlsx",181,4.52418,0,23.03,"included"
"boron_isotopes_guillermic_2022.xlsx",182,0.90395,0,23.03,"included"
"boron_isotopes_guillermic_2022.xlsx",183,1.01859,0,23.03,"included"
"boron_isotopes_guillermic_2022.xlsx",184,1.0457,0,23.03,"included"
"boron_isotopes_guillermic_2022.xlsx",185,1.0537,0,23.03,"included"
"boron_isotopes_guillermic_2022.xlsx",186,1.24026,0,23.03,"included"
"boron_isotopes_guillermic_2022.xlsx",187,1.26695,0,23.03,"included"
"boron_isotopes_guillermic_2022.xlsx",188,1.63758137812951,0,23.03,"included"
"boron_isotopes_guillermic_2022.xlsx",189,1.93309566986964,0,23.03,"included"
"boron_isotopes_guillermic_2022.xlsx",190,2.06202109792738,0,23.03,"included"
"boron_isotopes_guillermic_2022.xlsx",191,2.35804995766209,0,23.03,"included"
"boron_isotopes_guillermic_2022.xlsx",192,2.37641348044425,0,23.03,"included"
"boron_isotopes_guillermic_2022.xlsx",193,2.39958593810049,0,23.03,"included"
"boron_isotopes_guillermic_2022.xlsx",194,2.43792730372649,0,23.03,"included"
"boron_isotopes_guillermic_2022.xlsx",195,2.44720444612591,0,23.03,"included"
"boron_isotopes_guillermic_2022.xlsx",196,2.46239452636003,0,23.03,"included"
"boron_isotopes_guillermic_2022.xlsx",197,2.47792370397612,0,23.03,"included"
"boron_isotopes_guillermic_2022.xlsx",198,2.48124726086275,0,23.03,"included"
"boron_isotopes_guillermic_2022.xlsx",199,2.50078986987786,0,23.03,"included"
"boron_isotopes_guillermic_2022.xlsx",200,2.50815138177535,0,23.03,"included"
"boron_isotopes_guillermic_2022.xlsx",201,2.53642665173807,0,23.03,"included"
"boron_isotopes_guillermic_2022.xlsx",202,2.55619326696427,0,23.03,"included"
"boron_isotopes_guillermic_2022.xlsx",203,2.57299084115138,0,23.03,"included"
"boron_isotopes_guillermic_2022.xlsx",204,2.79014133072861,0,23.03,"included"
"boron_isotopes_guillermic_2022.xlsx",205,2.93055439849975,0,23.03,"included"
"boron_isotopes_guillermic_2022.xlsx",206,2.99391875699556,0,23.03,"included"
"boron_isotopes_guillermic_2022.xlsx",207,0.0043,0,23.03,"included"
"boron_isotopes_guillermic_2022.xlsx",208,0.0899,0,23.03,"included"
"boron_isotopes_guillermic_2022.xlsx",209,0.1474666667,0,23.03,"included"
"boron_isotopes_guillermic_2022.xlsx",210,0.22725,0,23.03,"included"
"boron_isotopes_guillermic_2022.xlsx",211,0.7941,0,23.03,"included"
"boron_isotopes_guillermic_2022.xlsx",212,0.7961,0,23.03,"included"
"boron_isotopes_guillermic_2022.xlsx",213,0.823636,0,23.03,"included"
"boron_isotopes_guillermic_2022.xlsx",214,0.88145,0,23.03,"included"
"boron_isotopes_guillermic_2022.xlsx",215,0.92975,0,23.03,"included"
"boron_isotopes_guillermic_2022.xlsx",216,0.98989,0,23.03,"included"
"boron_isotopes_guillermic_2022.xlsx",217,0.99194,0,23.03,"included"
"boron_isotopes_guillermic_2022.xlsx",218,1.04834,0,23.03,"included"
"boron_isotopes_guillermic_2022.xlsx",219,1.23336,0,23.03,"included"
"boron_isotopes_guillermic_2022.xlsx",220,1.273539326,0,23.03,"included"
"boron_isotopes_guillermic_2022.xlsx",221,1.42678601773634,0,23.03,"included"
"boron_isotopes_guillermic_2022.xlsx",222,3.44005288363102,0,23.03,"included"
"boron_isotopes_guillermic_2022.xlsx",223,3.50787424937459,0,23.03,"included"
"boron_isotopes_guillermic_2022.xlsx",224,3.70764094313002,0,23.03,"included"
"boron_isotopes_guillermic_2022.xlsx",225,4.17800645608518,0,23.03,"included"
"boron_isotopes_guillermic_2022.xlsx",226,4.58074606503804,0,23.03,"included"
"boron_isotopes_guillermic_2022.xlsx",227,4.72408281091584,0,23.03,"included"
"boron_isotopes_guillermic_2022.xlsx",228,4.9207534506387,0,23.03,"included"
"boron_isotopes_guillermic_2022.xlsx",229,5.14684675556901,0,23.03,"included"
"boron_isotopes_guillermic_2022.xlsx",230,7.14877919657069,0,23.03,"included"
"boron_isotopes_guillermic_2022.xlsx",231,8.07134881349901,0,23.03,"included"
"boron_isotopes_guillermic_2022.xlsx",232,8.1510267939941,0,23.03,"included"
"boron_isotopes_guillermic_2022.xlsx",233,8.28774777875109,0,23.03,"included"
"boron_isotopes_guillermic_2022.xlsx",234,8.50601659120109,0,23.03,"included"
"boron_isotopes_guillermic_2022.xlsx",235,8.62119336182011,0,23.03,"included"
"boron_isotopes_guillermic_2022.xlsx",236,8.84281662718424,0,23.03,"included"
"boron_isotopes_guillermic_2022.xlsx",237,8.94898565619453,0,23.03,"included"
"boron_isotopes_guillermic_2022.xlsx",238,9.17459161054386,0,23.03,"included"
"boron_isotopes_guillermic_2022.xlsx",239,9.25859698021535,0,23.03,"included"
"boron_isotopes_guillermic_2022.xlsx",240,9.49455149736663,0,23.03,"included"
"boron_isotopes_guillermic_2022.xlsx",241,11.6930464777809,0,23.03,"included"
"boron_isotopes_guillermic_2022.xlsx",242,12.0743291725144,0,23.03,"included"
"boron_isotopes_guillermic_2022.xlsx",243,12.2491360536618,0,23.03,"included"
"boron_isotopes_guillermic_2022.xlsx",244,12.4433958042479,0,23.03,"included"
"boron_isotopes_guillermic_2022.xlsx",245,12.6875680903289,0,23.03,"included"
"boron_isotopes_guillermic_2022.xlsx",246,12.8231641395729,0,23.03,"included"
"boron_isotopes_guillermic_2022.xlsx",247,13.2275985034146,0,23.03,"included"
"boron_isotopes_guillermic_2022.xlsx",248,13.5267078798778,0,23.03,"included"
"boron_isotopes_guillermic_2022.xlsx",249,13.8181037708104,0,23.03,"included"
"boron_isotopes_guillermic_2022.xlsx",250,13.9136233156718,0,23.03,"included"
"boron_isotopes_guillermic_2022.xlsx",251,15.0606830478701,0,23.03,"included"
"boron_isotopes_guillermic_2022.xlsx",252,15.6887107689339,0,23.03,"included"
"boron_isotopes_guillermic_2022.xlsx",253,0.00984,0,23.03,"included"
"boron_isotopes_guillermic_2022.xlsx",254,0.0142,0,23.03,"included"
"boron_isotopes_guillermic_2022.xlsx",255,0.04659,0,23.03,"included"
"boron_isotopes_guillermic_2022.xlsx",256,0.07897,0,23.03,"included"
"boron_isotopes_guillermic_2022.xlsx",257,0.18204,0,23.03,"included"
"boron_isotopes_guillermic_2022.xlsx",258,0.2272,0,23.03,"included"
"boron_isotopes_guillermic_2022.xlsx",259,0.2312,0,23.03,"included"
"boron_isotopes_guillermic_2022.xlsx",260,0.342,0,23.03,"included"
"boron_isotopes_guillermic_2022.xlsx",261,0.43081,0,23.03,"included"
"boron_isotopes_guillermic_2022.xlsx",262,0.604,0,23.03,"included"
"boron_isotopes_guillermic_2022.xlsx",263,0.857,0,23.03,"included"
"boron_isotopes_guillermic_2022.xlsx",264,0.93967,0,23.03,"included"
"boron_isotopes_guillermic_2022.xlsx",265,1.278,0,23.03,"included"
"boron_isotopes_guillermic_2022.xlsx",266,3.04732,0,23.03,"included"
"boron_isotopes_guillermic_2022.xlsx",267,3.21786,0,23.03,"included"
"boron_isotopes_guillermic_2022.xlsx",268,3.32499,0,23.03,"included"
"boron_isotopes_guillermic_2022.xlsx",269,3.61514,0,23.03,"included"
"boron_isotopes_guillermic_2022.xlsx",270,4.52418,0,23.03,"included"
"boron_isotopes_henehan_2013.xlsx",4,0.003915,0,23.03,"included"
"boron_isotopes_henehan_2013.xlsx",5,0.00463,0,23.03,"included"
"boron_isotopes_henehan_2013.xlsx",6,0.005025,0,23.03,"included"
"boron_isotopes_henehan_2013.xlsx",7,0.00782,0,23.03,"included"
"boron_isotopes_henehan_2013.xlsx",8,0.00782,0,23.03,"included"
"boron_isotopes_henehan_2013.xlsx",9,0.009488,0,23.03,"included"
"boron_isotopes_henehan_2013.xlsx",10,0.01032,0,23.03,"included"
"boron_isotopes_henehan_2013.xlsx",11,0.01165,0,23.03,"included"
"boron_isotopes_henehan_2013.xlsx",12,0.014014,0,23.03,"included"
"boron_isotopes_henehan_2013.xlsx",13,0.01507,0,23.03,"included"
"boron_isotopes_henehan_2013.xlsx",14,0.01507,0,23.03,"included"
"boron_isotopes_henehan_2013.xlsx",15,0.01726,0,23.03,"included"
"boron_isotopes_henehan_2013.xlsx",16,0.019186,0,23.03,"included"
"boron_isotopes_henehan_2013.xlsx",17,0.021122,0,23.03,"included"
"boron_isotopes_henehan_2013.xlsx",18,0.022462,0,23.03,"included"
"boron_isotopes_henehan_2013.xlsx",19,0.024794,0,23.03,"included"
"boron_isotopes_henehan_2013.xlsx",20,0.026278,0,23.03,"included"
"boron_isotopes_henehan_2013.xlsx",21,0.026278,0,23.03,"included"
"boron_isotopes_henehan_2013.xlsx",22,0.003102142,0,23.03,"included"
"boron_isotopes_henehan_2013.xlsx",23,0.005982497,0,23.03,"included"
"boron_isotopes_henehan_2013.xlsx",24,0.008517854,0,23.03,"included"
"boron_isotopes_henehan_2013.xlsx",25,0.010535702,0,23.03,"included"
"boron_isotopes_henehan_2013.xlsx",26,0.01255356,0,23.03,"included"
"boron_isotopes_henehan_2013.xlsx",27,0.01457142,0,23.03,"included"
"boron_isotopes_henehan_2013.xlsx",28,0.01658926,0,23.03,"included"
"boron_isotopes_henehan_2013.xlsx",29,0.01816,0,23.03,"included"
"boron_isotopes_henehan_2013.xlsx",30,0.01906,0,23.03,"included"
"boron_isotopes_henehan_2013.xlsx",31,0.02086,0,23.03,"included"
"boron_isotopes_henehan_2013.xlsx",32,0.0238578,0,23.03,"included"
"boron_isotopes_henehan_2013.xlsx",33,0.0273689,0,23.03,"included"
"boron_isotopes_henehan_2013.xlsx",34,0.03088,0,23.03,"included"
"boron_isotopes_hoenisch_2005.xlsx",4,0.003833,0,23.03,"included"
"boron_isotopes_hoenisch_2005.xlsx",5,0.011013,0,23.03,"included"
"boron_isotopes_hoenisch_2005.xlsx",6,0.022723,0,23.03,"included"
"boron_isotopes_hoenisch_2005.xlsx",7,0.049414,0,23.03,"included"
"boron_isotopes_hoenisch_2005.xlsx",8,0.068107,0,23.03,"included"
"boron_isotopes_hoenisch_2005.xlsx",9,0.109163,0,23.03,"included"
"boron_isotopes_hoenisch_2005.xlsx",10,0.128399,0,23.03,"included"
"boron_isotopes_hoenisch_2005.xlsx",11,0.13132,0,23.03,"included"
"boron_isotopes_hoenisch_2005.xlsx",12,0.136632,0,23.03,"included"
"boron_isotopes_hoenisch_2005.xlsx",13,0.137694,0,23.03,"included"
"boron_isotopes_hoenisch_2005.xlsx",14,0.317445,0,23.03,"included"
"boron_isotopes_hoenisch_2005.xlsx",15,0.362425,0,23.03,"included"
"boron_isotopes_hoenisch_2005.xlsx",16,0.370031,0,23.03,"included"
"boron_isotopes_hoenisch_2005.xlsx",17,0.383734,0,23.03,"included"
"boron_isotopes_hoenisch_2005.xlsx",18,0.414085,0,23.03,"included"
"boron_isotopes_hoenisch_2005.xlsx",19,0.421574,0,23.03,"included"
"boron_isotopes_hoenisch_2009.xlsx",4,0.003633489769,0,23.03,"included"
"boron_isotopes_hoenisch_2009.xlsx",5,0.003633489769,0,23.03,"included"
"boron_isotopes_hoenisch_2009.xlsx",6,0.01460959912,0,23.03,"included"
"boron_isotopes_hoenisch_2009.xlsx",7,0.01460959912,0,23.03,"included"
"boron_isotopes_hoenisch_2009.xlsx",8,0.02043604101,0,23.03,"included"
"boron_isotopes_hoenisch_2009.xlsx",9,0.04083738889,0,23.03,"included"
"boron_isotopes_hoenisch_2009.xlsx",10,0.07057601416,0,23.03,"included"
"boron_isotopes_hoenisch_2009.xlsx",11,0.113572093,0,23.03,"included"
"boron_isotopes_hoenisch_2009.xlsx",12,0.1232337454,0,23.03,"included"
"boron_isotopes_hoenisch_2009.xlsx",13,0.128057612,0,23.03,"included"
"boron_isotopes_hoenisch_2009.xlsx",14,0.136837314,0,23.03,"included"
"boron_isotopes_hoenisch_2009.xlsx",15,0.1385932544,0,23.03,"included"
"boron_isotopes_hoenisch_2009.xlsx",16,0.3291084577,0,23.03,"included"
"boron_isotopes_hoenisch_2009.xlsx",17,0.3585476801,0,23.03,"included"
"boron_isotopes_hoenisch_2009.xlsx",18,0.3668924332,0,23.03,"included"
"boron_isotopes_hoenisch_2009.xlsx",19,0.3863719272,0,23.03,"included"
"boron_isotopes_hoenisch_2009.xlsx",20,0.409091674,0,23.03,"included"
"boron_isotopes_hoenisch_2009.xlsx",21,0.4188140124,0,23.03,"included"
"boron_isotopes_hoenisch_2009.xlsx",22,0.5415533271,0,23.03,"included"
"boron_isotopes_hoenisch_2009.xlsx",23,0.6162669419,0,23.03,"included"
"boron_isotopes_hoenisch_2009.xlsx",24,0.6509888885,0,23.03,"included"
"boron_isotopes_hoenisch_2009.xlsx",25,0.6620787662,0,23.03,"included"
"boron_isotopes_hoenisch_2009.xlsx",26,0.6750397195,0,23.03,"included"
"boron_isotopes_hoenisch_2009.xlsx",27,0.7021715786,0,23.03,"included"
"boron_isotopes_hoenisch_2009.xlsx",28,0.7035076784,0,23.03,"included"
"boron_isotopes_hoenisch_2009.xlsx",29,0.7310244511,0,23.03,"included"
"boron_isotopes_hoenisch_2009.xlsx",30,0.7524259159,0,23.03,"included"
"boron_isotopes_hoenisch_2009.xlsx",31,0.8918939458,0,23.03,"included"
"boron_isotopes_hoenisch_2009.xlsx",32,0.9499855935,0,23.03,"included"
"boron_isotopes_hoenisch_2009.xlsx",33,0.9528391112,0,23.03,"included"
"boron_isotopes_hoenisch_2009.xlsx",34,1.072816744,0,23.03,"included"
"boron_isotopes_hoenisch_2009.xlsx",35,1.078918302,0,23.03,"included"
"boron_isotopes_hoenisch_2009.xlsx",36,1.168280601,0,23.03,"included"
"boron_isotopes_hoenisch_2009.xlsx",37,1.19244841,0,23.03,"included"
"boron_isotopes_hoenisch_2009.xlsx",38,1.212548537,0,23.03,"included"
"boron_isotopes_hoenisch_2009.xlsx",39,1.233289148,0,23.03,"included"
"boron_isotopes_hoenisch_2009.xlsx",40,1.238673954,0,23.03,"included"
"boron_isotopes_hoenisch_2009.xlsx",41,1.252997506,0,23.03,"included"
"boron_isotopes_hoenisch_2009.xlsx",42,1.261657928,0,23.03,"included"
"boron_isotopes_hoenisch_2009.xlsx",43,1.353310353,0,23.03,"included"
"boron_isotopes_hoenisch_2009.xlsx",44,1.412700896,0,23.03,"included"
"boron_isotopes_hoenisch_2009.xlsx",45,1.4991555,0,23.03,"included"
"boron_isotopes_hoenisch_2009.xlsx",46,1.578882673,0,23.03,"included"
"boron_isotopes_hoenisch_2009.xlsx",47,1.653010236,0,23.03,"included"
"boron_isotopes_hoenisch_2009.xlsx",48,1.666789992,0,23.03,"included"
"boron_isotopes_hoenisch_2009.xlsx",49,1.673687301,0,23.03,"included"
"boron_isotopes_hoenisch_2009.xlsx",50,1.854154015,0,23.03,"included"
"boron_isotopes_hoenisch_2009.xlsx",51,1.863783488,0,23.03,"included"
"boron_isotopes_hoenisch_2009.xlsx",52,1.931754155,0,23.03,"included"
"boron_isotopes_hoenisch_2009.xlsx",53,1.94634205,0,23.03,"included"
"boron_isotopes_hoenisch_2009.xlsx",54,1.948173226,0,23.03,"included"
"boron_isotopes_hoenisch_2009.xlsx",55,1.955829769,0,23.03,"included"
"boron_isotopes_hoenisch_2009.xlsx",56,1.979302676,0,23.03,"included"
"boron_isotopes_hoenisch_2009.xlsx",57,2.019731325,0,23.03,"included"
"boron_isotopes_hoenisch_2009.xlsx",58,2.042227782,0,23.03,"included"
"boron_isotopes_hoenisch_2009.xlsx",59,2.048189944,0,23.03,"included"
"boron_isotopes_martinez-boti_2015.xlsx",4,2.33782251,0,23.03,"included"
"boron_isotopes_martinez-boti_2015.xlsx",5,2.346710693,0,23.03,"included"
"boron_isotopes_martinez-boti_2015.xlsx",6,2.352717773,0,23.03,"included"
"boron_isotopes_martinez-boti_2015.xlsx",7,2.362218994,0,23.03,"included"
"boron_isotopes_martinez-boti_2015.xlsx",8,2.372198242,0,23.03,"included"
"boron_isotopes_martinez-boti_2015.xlsx",9,2.381290283,0,23.03,"included"
"boron_isotopes_martinez-boti_2015.xlsx",10,2.389315918,0,23.03,"included"
"boron_isotopes_martinez-boti_2015.xlsx",11,2.410920166,0,23.03,"included"
"boron_isotopes_martinez-boti_2015.xlsx",12,2.424888916,0,23.03,"included"
"boron_isotopes_martinez-boti_2015.xlsx",13,2.451231689,0,23.03,"included"
"boron_isotopes_martinez-boti_2015.xlsx",14,2.474494141,0,23.03,"included"
"boron_isotopes_martinez-boti_2015.xlsx",15,2.50040332,0,23.03,"included"
"boron_isotopes_martinez-boti_2015.xlsx",16,2.501402588,0,23.03,"included"
"boron_isotopes_martinez-boti_2015.xlsx",17,2.521932373,0,23.03,"included"
"boron_isotopes_martinez-boti_2015.xlsx",18,2.545154541,0,23.03,"included"
"boron_isotopes_martinez-boti_2015.xlsx",19,2.561898438,0,23.03,"included"
"boron_isotopes_martinez-boti_2015.xlsx",20,2.579425049,0,23.03,"included"
"boron_isotopes_martinez-boti_2015.xlsx",21,2.594836426,0,23.03,"included"
"boron_isotopes_martinez-boti_2015.xlsx",22,2.615069336,0,23.03,"included"
"boron_isotopes_martinez-boti_2015.xlsx",23,2.624496094,0,23.03,"included"
"boron_isotopes_martinez-boti_2015.xlsx",24,2.630914795,0,23.03,"included"
"boron_isotopes_martinez-boti_2015.xlsx",25,2.648257813,0,23.03,"included"
"boron_isotopes_martinez-boti_2015.xlsx",26,2.664697021,0,23.03,"included"
"boron_isotopes_martinez-boti_2015.xlsx",27,2.673016113,0,23.03,"included"
"boron_isotopes_martinez-boti_2015.xlsx",28,2.680359375,0,23.03,"included"
"boron_isotopes_martinez-boti_2015.xlsx",29,2.686560303,0,23.03,"included"
"boron_isotopes_martinez-boti_2015.xlsx",30,2.695158203,0,23.03,"included"
"boron_isotopes_martinez-boti_2015.xlsx",31,2.700043457,0,23.03,"included"
"boron_isotopes_martinez-boti_2015.xlsx",32,2.703202637,0,23.03,"included"
"boron_isotopes_martinez-boti_2015.xlsx",33,2.707214111,0,23.03,"included"
"boron_isotopes_martinez-boti_2015.xlsx",34,2.745515625,0,23.03,"included"
"boron_isotopes_martinez-boti_2015.xlsx",35,2.751482666,0,23.03,"included"
"boron_isotopes_martinez-boti_2015.xlsx",36,2.764187012,0,23.03,"included"
"boron_isotopes_martinez-boti_2015.xlsx",37,2.777480957,0,23.03,"included"
"boron_isotopes_martinez-boti_2015.xlsx",38,2.798543701,0,23.03,"included"
"boron_isotopes_martinez-boti_2015.xlsx",39,2.83017627,0,23.03,"included"
"boron_isotopes_martinez-boti_2015.xlsx",40,2.831683838,0,23.03,"included"
"boron_isotopes_martinez-boti_2015.xlsx",41,2.838900635,0,23.03,"included"
"boron_isotopes_martinez-boti_2015.xlsx",42,2.849182373,0,23.03,"included"
"boron_isotopes_martinez-boti_2015.xlsx",43,2.858321045,0,23.03,"included"
"boron_isotopes_martinez-boti_2015.xlsx",44,2.912384277,0,23.03,"included"
"boron_isotopes_martinez-boti_2015.xlsx",45,2.92355957,0,23.03,"included"
"boron_isotopes_martinez-boti_2015.xlsx",46,2.941578125,0,23.03,"included"
"boron_isotopes_martinez-boti_2015.xlsx",47,2.950492676,0,23.03,"included"
"boron_isotopes_martinez-boti_2015.xlsx",48,2.951161377,0,23.03,"included"
"boron_isotopes_martinez-boti_2015.xlsx",49,2.959599365,0,23.03,"included"
"boron_isotopes_martinez-boti_2015.xlsx",50,2.978066406,0,23.03,"included"
"boron_isotopes_martinez-boti_2015.xlsx",51,3.002813721,0,23.03,"included"
"boron_isotopes_martinez-boti_2015.xlsx",52,3.010996094,0,23.03,"included"
"boron_isotopes_martinez-boti_2015.xlsx",53,3.027581543,0,23.03,"included"
"boron_isotopes_martinez-boti_2015.xlsx",54,3.04266333,0,23.03,"included"
"boron_isotopes_martinez-boti_2015.xlsx",55,3.050016113,0,23.03,"included"
"boron_isotopes_martinez-boti_2015.xlsx",56,3.059026123,0,23.03,"included"
"boron_isotopes_martinez-boti_2015.xlsx",57,3.062960938,0,23.03,"included"
"boron_isotopes_martinez-boti_2015.xlsx",58,3.066538086,0,23.03,"included"
"boron_isotopes_martinez-boti_2015.xlsx",59,3.09118335,0,23.03,"included"
"boron_isotopes_martinez-boti_2015.xlsx",60,3.100177002,0,23.03,"included"
"boron_isotopes_martinez-boti_2015.xlsx",61,3.114238281,0,23.03,"included"
"boron_isotopes_martinez-boti_2015.xlsx",62,3.133154785,0,23.03,"included"
"boron_isotopes_martinez-boti_2015.xlsx",63,3.143166016,0,23.03,"included"
"boron_isotopes_martinez-boti_2015.xlsx",64,3.151899902,0,23.03,"included"
"boron_isotopes_martinez-boti_2015.xlsx",65,3.157937012,0,23.03,"included"
"boron_isotopes_martinez-boti_2015.xlsx",66,3.171554932,0,23.03,"included"
"boron_isotopes_martinez-boti_2015.xlsx",67,3.179787109,0,23.03,"included"
"boron_isotopes_martinez-boti_2015.xlsx",68,3.189189941,0,23.03,"included"
"boron_isotopes_martinez-boti_2015.xlsx",69,3.198729248,0,23.03,"included"
"boron_isotopes_martinez-boti_2015.xlsx",70,3.209375244,0,23.03,"included"
"boron_isotopes_martinez-boti_2015.xlsx",71,3.224604492,0,23.03,"included"
"boron_isotopes_martinez-boti_2015.xlsx",72,3.239885986,0,23.03,"included"
"boron_isotopes_martinez-boti_2015.xlsx",73,3.242925293,0,23.03,"included"
"boron_isotopes_martinez-boti_2015.xlsx",74,3.245811768,0,23.03,"included"
"boron_isotopes_martinez-boti_2015.xlsx",75,3.259577881,0,23.03,"included"
"boron_isotopes_martinez-boti_2015.xlsx",76,3.270168457,0,23.03,"included"
"boron_isotopes_martinez-boti_2015.xlsx",77,3.280600586,0,23.03,"included"
"boron_isotopes_martinez-boti_2015.xlsx",78,2.347234375,0,23.03,"included"
"boron_isotopes_martinez-boti_2015.xlsx",79,2.417172607,0,23.03,"included"
"boron_isotopes_martinez-boti_2015.xlsx",80,2.498358643,0,23.03,"included"
"boron_isotopes_martinez-boti_2015.xlsx",81,2.626144531,0,23.03,"included"
"boron_isotopes_martinez-boti_2015.xlsx",82,2.750568604,0,23.03,"included"
"boron_isotopes_martinez-boti_2015.xlsx",83,2.828275879,0,23.03,"included"
"boron_isotopes_martinez-boti_2015.xlsx",84,3.160107422,0,23.03,"included"
"boron_isotopes_martinez-boti_2015.xlsx",85,3.2449021,0,23.03,"included"
"boron_isotopes_pearson_2000.xlsx",4,0.085,0,23.03,"included"
"boron_isotopes_pearson_2000.xlsx",5,0.98,0,23.03,"included"
"boron_isotopes_pearson_2000.xlsx",6,1.49,0,23.03,"included"
"boron_isotopes_pearson_2000.xlsx",7,3,0,23.03,"included"
"boron_isotopes_pearson_2000.xlsx",8,3.31,0,23.03,"included"
"boron_isotopes_pearson_2000.xlsx",9,3.87,0,23.03,"included"
"boron_isotopes_pearson_2000.xlsx",10,6,0,23.03,"included"
"boron_isotopes_pearson_2000.xlsx",11,6.2,0,23.03,"included"
"boron_isotopes_pearson_2000.xlsx",12,9.02,0,23.03,"included"
"boron_isotopes_pearson_2000.xlsx",13,10.39,0,23.03,"included"
"boron_isotopes_pearson_2000.xlsx",14,11.4,0,23.03,"included"
"boron_isotopes_pearson_2000.xlsx",15,11.81,0,23.03,"included"
"boron_isotopes_pearson_2000.xlsx",16,13.06,0,23.03,"included"
"boron_isotopes_pearson_2000.xlsx",17,14.73,0,23.03,"included"
"boron_isotopes_pearson_2000.xlsx",18,14.96,0,23.03,"included"
"boron_isotopes_pearson_2000.xlsx",19,16.23,0,23.03,"included"
"boron_isotopes_pearson_2000.xlsx",20,16.7,0,23.03,"included"
"boron_isotopes_pearson_2000.xlsx",21,18.38,0,23.03,"included"
"boron_isotopes_pearson_2000.xlsx",22,19.85,0,23.03,"included"
"boron_isotopes_pearson_2000.xlsx",23,21.7,0,23.03,"included"
"boron_isotopes_pearson_2000.xlsx",24,23,0,23.03,"included"
"boron_isotopes_pearson_2000.xlsx",25,23.51,0,23.03,"outside age range"
"boron_isotopes_pearson_2000.xlsx",26,40.12,0,23.03,"outside age range"
"boron_isotopes_pearson_2000.xlsx",27,42.52,0,23.03,"outside age range"
"boron_isotopes_pearson_2000.xlsx",28,44.26,0,23.03,"outside age range"
"boron_isotopes_pearson_2000.xlsx",29,45.69,0,23.03,"outside age range"
"boron_isotopes_pearson_2000.xlsx",30,46.07,0,23.03,"outside age range"
"boron_isotopes_pearson_2000.xlsx",31,46.97,0,23.03,"outside age range"
"boron_isotopes_pearson_2000.xlsx",32,50.33,0,23.03,"outside age range"
"boron_isotopes_pearson_2000.xlsx",33,51.02,0,23.03,"outside age range"
"boron_isotopes_pearson_2000.xlsx",34,52.22,0,23.03,"outside age range"
"boron_isotopes_pearson_2000.xlsx",35,53.24,0,23.03,"outside age range"
"boron_isotopes_pearson_2000.xlsx",36,55.84,0,23.03,"outside age range"
"boron_isotopes_pearson_2000.xlsx",37,57.12,0,23.03,"outside age range"
"boron_isotopes_pearson_2000.xlsx",38,59.88,0,23.03,"outside age range"
"boron_isotopes_pearson_2009.xlsx",4,32.98,0,23.03,"outside age range"
"boron_isotopes_pearson_2009.xlsx",5,33.17,0,23.03,"outside age range"
"boron_isotopes_pearson_2009.xlsx",6,33.33,0,23.03,"outside age range"
"boron_isotopes_pearson_2009.xlsx",7,33.47,0,23.03,"outside age range"
"boron_isotopes_pearson_2009.xlsx",8,33.59,0,23.03,"outside age range"
"boron_isotopes_pearson_2009.xlsx",9,33.96,0,23.03,"outside age range"
"boron_isotopes_pearson_2009.xlsx",10,34.21,0,23.03,"outside age range"
"boron_isotopes_pearson_2009.xlsx",11,34.42,0,23.03,"outside age range"
"boron_isotopes_pearson_2009.xlsx",12,34.63,0,23.03,"outside age range"
"boron_isotopes_seki_2010.xlsx",4,0.004,0,23.03,"included"
"boron_isotopes_seki_2010.xlsx",5,0.456,0,23.03,"included"
"boron_isotopes_seki_2010.xlsx",6,0.9,0,23.03,"included"
"boron_isotopes_seki_2010.xlsx",7,1.5,0,23.03,"included"
"boron_isotopes_seki_2010.xlsx",8,2.109,0,23.03,"included"
"boron_isotopes_seki_2010.xlsx",9,2.592,0,23.03,"included"
"boron_isotopes_seki_2010.xlsx",10,2.785,0,23.03,"included"
"boron_isotopes_seki_2010.xlsx",11,2.89,0,23.03,"included"
"boron_isotopes_seki_2010.xlsx",12,2.985,0,23.03,"included"
"boron_isotopes_seki_2010.xlsx",13,3.05,0,23.03,"included"
"boron_isotopes_seki_2010.xlsx",14,3.172,0,23.03,"included"
"boron_isotopes_seki_2010.xlsx",15,3.496,0,23.03,"included"
"boron_isotopes_seki_2010.xlsx",16,0.004,0,23.03,"included"
"boron_isotopes_seki_2010.xlsx",17,0.9,0,23.03,"included"
"boron_isotopes_seki_2010.xlsx",18,1.5,0,23.03,"included"
"boron_isotopes_seki_2010.xlsx",19,2.109,0,23.03,"included"
"boron_isotopes_seki_2010.xlsx",20,2.985,0,23.03,"included"
"boron_isotopes_seki_2010.xlsx",21,3.229,0,23.03,"included"
"boron_isotopes_seki_2010.xlsx",22,4.028,0,23.03,"included"
"boron_isotopes_seki_2010.xlsx",23,4.342,0,23.03,"included"
"boron_isotopes_sosdian_2018.xlsx",4,16.72,0,23.03,"included"
"boron_isotopes_sosdian_2018.xlsx",5,17.72,0,23.03,"included"
"boron_isotopes_sosdian_2018.xlsx",6,18.51,0,23.03,"included"
"boron_isotopes_sosdian_2018.xlsx",7,19.43,0,23.03,"included"
"boron_isotopes_sosdian_2018.xlsx",8,20.02,0,23.03,"included"
"boron_isotopes_sosdian_2018.xlsx",9,20.56,0,23.03,"included"
"boron_isotopes_sosdian_2018.xlsx",10,21.78,0,23.03,"included"
"boron_isotopes_sosdian_2018.xlsx",11,11.54,0,23.03,"included"
"boron_isotopes_sosdian_2018.xlsx",12,12.1,0,23.03,"included"
"boron_isotopes_sosdian_2018.xlsx",13,12.52,0,23.03,"included"
"boron_isotopes_sosdian_2018.xlsx",14,0.017,0,23.03,"included"
"boron_isotopes_sosdian_2018.xlsx",15,0.56,0,23.03,"included"
"boron_isotopes_sosdian_2018.xlsx",16,1.53,0,23.03,"included"
"boron_isotopes_sosdian_2018.xlsx",17,1.88,0,23.03,"included"
"boron_isotopes_sosdian_2018.xlsx",18,2.21,0,23.03,"included"
"boron_isotopes_sosdian_2018.xlsx",19,2.55,0,23.03,"included"
"boron_isotopes_sosdian_2018.xlsx",20,2.88,0,23.03,"included"
"boron_isotopes_sosdian_2018.xlsx",21,3.25,0,23.03,"included"
"boron_isotopes_sosdian_2018.xlsx",22,4.42,0,23.03,"included"
"boron_isotopes_sosdian_2018.xlsx",23,4.86,0,23.03,"included"
"boron_isotopes_sosdian_2018.xlsx",24,5.33,0,23.03,"included"
"boron_isotopes_sosdian_2018.xlsx",25,5.8,0,23.03,"included"
"boron_isotopes_sosdian_2018.xlsx",26,8.56,0,23.03,"included"
"boron_isotopes_sosdian_2018.xlsx",27,9.24,0,23.03,"included"
"boron_isotopes_sosdian_2018.xlsx",28,9.87,0,23.03,"included"
"boron_isotopes_sosdian_2018.xlsx",29,10.6,0,23.03,"included"
"boron_isotopes_sosdian_2018.xlsx",30,16.38,0,23.03,"included"
"boron_isotopes_sosdian_2018.xlsx",31,16.01,0,23.03,"included"
"boron_isotopes_sosdian_2018.xlsx",32,16.02,0,23.03,"included"
"boron_isotopes_sosdian_2018.xlsx",33,16.07,0,23.03,"included"
"boron_isotopes_sosdian_2018.xlsx",34,16.86,0,23.03,"included"
"boron_isotopes_sosdian_2018.xlsx",35,16.9,0,23.03,"included"
"boron_isotopes_sosdian_2018.xlsx",36,17.08,0,23.03,"included"
"boron_isotopes_sosdian_2018.xlsx",37,18.25,0,23.03,"included"
"boron_isotopes_sosdian_2018.xlsx",38,19.14,0,23.03,"included"
"boron_isotopes_sosdian_2018.xlsx",39,20.09,0,23.03,"included"
"boron_isotopes_sosdian_2018.xlsx",40,5.81,0,23.03,"included"
"boron_isotopes_sosdian_2018.xlsx",41,6.54,0,23.03,"included"
"boron_isotopes_sosdian_2018.xlsx",42,7,0,23.03,"included"
"boron_isotopes_sosdian_2018.xlsx",43,8.45,0,23.03,"included"
"boron_isotopes_sosdian_2018.xlsx",44,13.95,0,23.03,"included"
"boron_isotopes_sosdian_2018.xlsx",45,13.90177,0,23.03,"included"
"boron_isotopes_sosdian_2018.xlsx",46,13.82942,0,23.03,"included"
"boron_isotopes_sosdian_2018.xlsx",47,13.73297,0,23.03,"included"
"boron_isotopes_sosdian_2018.xlsx",48,13.70885,0,23.03,"included"
"boron_isotopes_sosdian_2018.xlsx",49,13.6468,0,23.03,"included"
"boron_isotopes_sosdian_2018.xlsx",50,0.00166,0,23.03,"included"
"boron_isotopes_sosdian_2018.xlsx",51,0.930471170405786,0,23.03,"included"
"boron_isotopes_sosdian_2018.xlsx",52,1.4262647001579,0,23.03,"included"
"boron_isotopes_sosdian_2018.xlsx",53,2.01928793751238,0,23.03,"included"
"boron_isotopes_sosdian_2018.xlsx",54,2.94122261078642,0,23.03,"included"
"boron_isotopes_sosdian_2018.xlsx",55,3.20440420423842,0,23.03,"included"
"boron_isotopes_sosdian_2018.xlsx",56,4.00317681138602,0,23.03,"included"
"boron_isotopes_sosdian_2018.xlsx",57,4.22570892817334,0,23.03,"included"
"boron_isotopes_sosdian_2018.xlsx",58,15.653578,0,23.03,"included"
"boron_isotopes_sosdian_2018.xlsx",59,15.715464,0,23.03,"included"
"boron_isotopes_sosdian_2018.xlsx",60,15.729529,0,23.03,"included"
"boron_isotopes_sosdian_2018.xlsx",61,15.743594,0,23.03,"included"
"boron_isotopes_sosdian_2018.xlsx",62,15.771724,0,23.03,"included"
"boron_isotopes_sosdian_2018.xlsx",63,15.813919,0,23.03,"included"
"boron_isotopes_sosdian_2018.xlsx",64,15.842049,0,23.03,"included"
"boron_isotopes_sosdian_2018.xlsx",65,15.884244,0,23.03,"included"
"boron_isotopes_sosdian_2018.xlsx",66,15.898309,0,23.03,"included"
"boron_isotopes_sosdian_2018.xlsx",67,15.934878,0,23.03,"included"
"boron_isotopes_sosdian_2018.xlsx",68,15.968634,0,23.03,"included"
"boron_isotopes_sosdian_2018.xlsx",69,16.011514,0,23.03,"included"
"boron_isotopes_sosdian_2018.xlsx",70,16.03908,0,23.03,"included"
"boron_isotopes_sosdian_2018.xlsx",71,16.042839,0,23.03,"included"
"boron_isotopes_sosdian_2018.xlsx",72,16.049104,0,23.03,"included"
"boron_isotopes_sosdian_2018.xlsx",73,16.055369,0,23.03,"included"
"boron_isotopes_sosdian_2018.xlsx",74,16.086694,0,23.03,"included"
"boron_isotopes_sosdian_2018.xlsx",75,16.111754,0,23.03,"included"
"boron_isotopes_sosdian_2018.xlsx",76,16.124284,0,23.03,"included"
"boron_isotopes_sosdian_2018.xlsx",77,16.136814,0,23.03,"included"
"boron_isotopes_sosdian_2018.xlsx",78,16.149344,0,23.03,"included"
"boron_isotopes_sosdian_2018.xlsx",79,16.161874,0,23.03,"included"
"boron_isotopes_sosdian_2018.xlsx",80,16.174404,0,23.03,"included"
"boron_isotopes_sosdian_2018.xlsx",81,16.186934,0,23.03,"included"
"boron_isotopes_sosdian_2018.xlsx",82,16.199464,0,23.03,"included"
"boron_isotopes_sosdian_2018.xlsx",83,16.211994,0,23.03,"included"
"boron_isotopes_sosdian_2018.xlsx",84,16.224524,0,23.03,"included"
"boron_isotopes_sosdian_2018.xlsx",85,16.230789,0,23.03,"included"
"boron_isotopes_sosdian_2018.xlsx",86,16.249584,0,23.03,"included"
"boron_isotopes_sosdian_2018.xlsx",87,16.292614,0,23.03,"included"
"boron_isotopes_sosdian_2018.xlsx",88,16.307284,0,23.03,"included"
"boron_isotopes_sosdian_2018.xlsx",89,16.317064,0,23.03,"included"
"boron_isotopes_sosdian_2018.xlsx",90,16.336624,0,23.03,"included"
"boron_isotopes_sosdian_2018.xlsx",91,16.385524,0,23.03,"included"
"boron_isotopes_sosdian_2018.xlsx",92,16.484,0,23.03,"included"
"boron_isotopes_sosdian_2018.xlsx",93,12.37457895,0,23.03,"included"
"boron_isotopes_sosdian_2018.xlsx",94,12.77405263,0,23.03,"included"
"boron_isotopes_sosdian_2018.xlsx",95,13.224375,0,23.03,"included"
"boron_isotopes_sosdian_2018.xlsx",96,13.385,0,23.03,"included"
"boron_isotopes_sosdian_2018.xlsx",97,13.535,0,23.03,"included"
"boron_isotopes_sosdian_2018.xlsx",98,13.61,0,23.03,"included"
"boron_isotopes_sosdian_2018.xlsx",99,13.87052174,0,23.03,"included"
"boron_isotopes_sosdian_2018.xlsx",100,13.93665217,0,23.03,"included"
"boron_isotopes_sosdian_2018.xlsx",101,14.18421739,0,23.03,"included"
"boron_isotopes_sosdian_2018.xlsx",102,15.1365625,0,23.03,"included"
"boron_isotopes_sosdian_2018.xlsx",103,15.6709375,0,23.03,"included"
"boron_isotopes_sosdian_2018.xlsx",104,15.994375,0,23.03,"included"
"boron_isotopes_sosdian_2018.xlsx",105,16.22,0,23.03,"included"
"boron_isotopes_sosdian_2018.xlsx",106,11.697869404005,0,23.03,"included"
"boron_isotopes_sosdian_2018.xlsx",107,13.7631335165792,0,23.03,"included"
"boron_isotopes_sosdian_2018.xlsx",108,15.8380710187646,0,23.03,"included"
"boron_isotopes_sosdian_2018.xlsx",109,0.003911025047,0,23.03,"included"
"boron_isotopes_sosdian_2018.xlsx",110,0.00463,0,23.03,"included"
"boron_isotopes_sosdian_2018.xlsx",111,0.00502,0,23.03,"included"
"boron_isotopes_sosdian_2018.xlsx",112,0.00782,0,23.03,"included"
"boron_isotopes_sosdian_2018.xlsx",113,0.00782,0,23.03,"included"
"boron_isotopes_sosdian_2018.xlsx",114,0.00949,0,23.03,"included"
"boron_isotopes_sosdian_2018.xlsx",115,0.01032,0,23.03,"included"
"boron_isotopes_sosdian_2018.xlsx",116,0.01165,0,23.03,"included"
"boron_isotopes_sosdian_2018.xlsx",117,0.01401,0,23.03,"included"
"boron_isotopes_sosdian_2018.xlsx",118,0.01507,0,23.03,"included"
"boron_isotopes_sosdian_2018.xlsx",119,0.01507,0,23.03,"included"
"boron_isotopes_sosdian_2018.xlsx",120,0.01726,0,23.03,"included"
"boron_isotopes_sosdian_2018.xlsx",121,0.01919,0,23.03,"included"
"boron_isotopes_sosdian_2018.xlsx",122,0.02112,0,23.03,"included"
"boron_isotopes_sosdian_2018.xlsx",123,0.02261,0,23.03,"included"
"boron_isotopes_sosdian_2018.xlsx",124,0.02438,0,23.03,"included"
"boron_isotopes_sosdian_2018.xlsx",125,0.02551,0,23.03,"included"
"boron_isotopes_sosdian_2018.xlsx",126,0.02551,0,23.03,"included"
"boron_isotopes_sosdian_2018.xlsx",127,0.03582,0,23.03,"included"
"boron_isotopes_sosdian_2018.xlsx",128,0.04661,0,23.03,"included"
"boron_isotopes_sosdian_2018.xlsx",129,0.05214,0,23.03,"included"
"boron_isotopes_sosdian_2018.xlsx",130,0.06128,0,23.03,"included"
"boron_isotopes_sosdian_2018.xlsx",131,0.0773,0,23.03,"included"
"boron_isotopes_sosdian_2018.xlsx",132,0.08433,0,23.03,"included"
"boron_isotopes_sosdian_2018.xlsx",133,0.08911,0,23.03,"included"
"boron_isotopes_sosdian_2018.xlsx",134,0.10036,0,23.03,"included"
"boron_isotopes_sosdian_2018.xlsx",135,0.10612,0,23.03,"included"
"boron_isotopes_sosdian_2018.xlsx",136,0.11132,0,23.03,"included"
"boron_isotopes_sosdian_2018.xlsx",137,0.11682,0,23.03,"included"
"boron_isotopes_sosdian_2018.xlsx",138,0.11881,0,23.03,"included"
"boron_isotopes_sosdian_2018.xlsx",139,0.11906,0,23.03,"included"
"boron_isotopes_sosdian_2018.xlsx",140,0.12179,0,23.03,"included"
"boron_isotopes_sosdian_2018.xlsx",141,0.12377,0,23.03,"included"
"boron_isotopes_sosdian_2018.xlsx",142,0.12437,0,23.03,"included"
"boron_isotopes_sosdian_2018.xlsx",143,0.12748,0,23.03,"included"
"boron_isotopes_sosdian_2018.xlsx",144,0.13086,0,23.03,"included"
"boron_isotopes_sosdian_2018.xlsx",145,0.13191,0,23.03,"included"
"boron_isotopes_sosdian_2018.xlsx",146,0.13322,0,23.03,"included"
"boron_isotopes_sosdian_2018.xlsx",147,0.134,0,23.03,"included"
"boron_isotopes_sosdian_2018.xlsx",148,0.13557,0,23.03,"included"
"boron_isotopes_sosdian_2018.xlsx",149,0.13897,0,23.03,"included"
"boron_isotopes_sosdian_2018.xlsx",150,0.14669,0,23.03,"included"
"boron_isotopes_sosdian_2018.xlsx",151,0.15004,0,23.03,"included"
"boron_isotopes_sosdian_2018.xlsx",152,0.16976,0,23.03,"included"
"boron_isotopes_sosdian_2018.xlsx",153,0.17994,0,23.03,"included"
"boron_isotopes_sosdian_2018.xlsx",154,0.18437,0,23.03,"included"
"boron_isotopes_sosdian_2018.xlsx",155,0.19001,0,23.03,"included"
"boron_isotopes_sosdian_2018.xlsx",156,0.19168,0,23.03,"included"
"boron_isotopes_sosdian_2018.xlsx",157,0.19807,0,23.03,"included"
"boron_isotopes_sosdian_2018.xlsx",158,0.21157,0,23.03,"included"
"boron_isotopes_sosdian_2018.xlsx",159,0.22044,0,23.03,"included"
"boron_isotopes_sosdian_2018.xlsx",160,0.22366,0,23.03,"included"
"boron_isotopes_sosdian_2018.xlsx",161,0.2271,0,23.03,"included"
"boron_isotopes_sosdian_2018.xlsx",162,0.23576,0,23.03,"included"
"boron_isotopes_sosdian_2018.xlsx",163,0.23948,0,23.03,"included"
"boron_isotopes_sosdian_2018.xlsx",164,0.2429,0,23.03,"included"
"boron_isotopes_sosdian_2018.xlsx",165,0.24718,0,23.03,"included"
"boron_isotopes_sosdian_2018.xlsx",166,0.25007,0,23.03,"included"
"boron_isotopes_sosdian_2018.xlsx",167,0.25784,0,23.03,"included"
"boron_isotopes_sosdian_2018.xlsx",168,1.08726,0,23.03,"included"
"boron_isotopes_sosdian_2018.xlsx",169,1.08869,0,23.03,"included"
"boron_isotopes_sosdian_2018.xlsx",170,1.09003,0,23.03,"included"
"boron_isotopes_sosdian_2018.xlsx",171,1.09267,0,23.03,"included"
"boron_isotopes_sosdian_2018.xlsx",172,1.09471,0,23.03,"included"
"boron_isotopes_sosdian_2018.xlsx",173,1.09946,0,23.03,"included"
"boron_isotopes_sosdian_2018.xlsx",174,1.10242,0,23.03,"included"
"boron_isotopes_sosdian_2018.xlsx",175,1.10316,0,23.03,"included"
"boron_isotopes_sosdian_2018.xlsx",176,1.1062,0,23.03,"included"
"boron_isotopes_sosdian_2018.xlsx",177,1.10782,0,23.03,"included"
"boron_isotopes_sosdian_2018.xlsx",178,1.1103,0,23.03,"included"
"boron_isotopes_sosdian_2018.xlsx",179,1.1128,0,23.03,"included"
"boron_isotopes_sosdian_2018.xlsx",180,1.11526,0,23.03,"included"
"boron_isotopes_sosdian_2018.xlsx",181,1.11786,0,23.03,"included"
"boron_isotopes_sosdian_2018.xlsx",182,1.12036,0,23.03,"included"
"boron_isotopes_sosdian_2018.xlsx",183,1.12309,0,23.03,"included"
"boron_isotopes_sosdian_2018.xlsx",184,1.12606,0,23.03,"included"
"boron_isotopes_sosdian_2018.xlsx",185,1.12781,0,23.03,"included"
"boron_isotopes_sosdian_2018.xlsx",186,1.13097,0,23.03,"included"
"boron_isotopes_sosdian_2018.xlsx",187,1.13657,0,23.03,"included"
"boron_isotopes_sosdian_2018.xlsx",188,1.14003,0,23.03,"included"
"boron_isotopes_sosdian_2018.xlsx",189,1.14323,0,23.03,"included"
"boron_isotopes_sosdian_2018.xlsx",190,1.14533,0,23.03,"included"
"boron_isotopes_sosdian_2018.xlsx",191,1.1489,0,23.03,"included"
"boron_isotopes_sosdian_2018.xlsx",192,1.15094,0,23.03,"included"
"boron_isotopes_sosdian_2018.xlsx",193,1.15409,0,23.03,"included"
"boron_isotopes_sosdian_2018.xlsx",194,1.15777,0,23.03,"included"
"boron_isotopes_sosdian_2018.xlsx",195,1.16073,0,23.03,"included"
"boron_isotopes_sosdian_2018.xlsx",196,1.16285,0,23.03,"included"
"boron_isotopes_sosdian_2018.xlsx",197,1.16986,0,23.03,"included"
"boron_isotopes_sosdian_2018.xlsx",198,1.17757,0,23.03,"included"
"boron_isotopes_sosdian_2018.xlsx",199,1.17966,0,23.03,"included"
"boron_isotopes_sosdian_2018.xlsx",200,1.18175,0,23.03,"included"
"boron_isotopes_sosdian_2018.xlsx",201,1.18406,0,23.03,"included"
"boron_isotopes_sosdian_2018.xlsx",202,1.18597,0,23.03,"included"
"boron_isotopes_sosdian_2018.xlsx",203,1.18807,0,23.03,"included"
"boron_isotopes_sosdian_2018.xlsx",204,1.19131,0,23.03,"included"
"boron_isotopes_sosdian_2018.xlsx",205,1.19515,0,23.03,"included"
"boron_isotopes_sosdian_2018.xlsx",206,1.20326,0,23.03,"included"
"boron_isotopes_sosdian_2018.xlsx",207,1.20676,0,23.03,"included"
"boron_isotopes_sosdian_2018.xlsx",208,1.20999,0,23.03,"included"
"boron_isotopes_sosdian_2018.xlsx",209,1.21448,0,23.03,"included"
"boron_isotopes_sosdian_2018.xlsx",210,1.21642,0,23.03,"included"
"boron_isotopes_sosdian_2018.xlsx",211,1.21854,0,23.03,"included"
"boron_isotopes_sosdian_2018.xlsx",212,1.22418,0,23.03,"included"
"boron_isotopes_sosdian_2018.xlsx",213,1.22717,0,23.03,"included"
"boron_isotopes_sosdian_2018.xlsx",214,1.23072,0,23.03,"included"
"boron_isotopes_sosdian_2018.xlsx",215,1.2339,0,23.03,"included"
"boron_isotopes_sosdian_2018.xlsx",216,1.23618,0,23.03,"included"
"boron_isotopes_sosdian_2018.xlsx",217,1.23983,0,23.03,"included"
"boron_isotopes_sosdian_2018.xlsx",218,1.24325,0,23.03,"included"
"boron_isotopes_sosdian_2018.xlsx",219,2.33782251,0,23.03,"included"
"boron_isotopes_sosdian_2018.xlsx",220,2.346710693,0,23.03,"included"
"boron_isotopes_sosdian_2018.xlsx",221,2.352717773,0,23.03,"included"
"boron_isotopes_sosdian_2018.xlsx",222,2.362218994,0,23.03,"included"
"boron_isotopes_sosdian_2018.xlsx",223,2.372198242,0,23.03,"included"
"boron_isotopes_sosdian_2018.xlsx",224,2.381290283,0,23.03,"included"
"boron_isotopes_sosdian_2018.xlsx",225,2.389315918,0,23.03,"included"
"boron_isotopes_sosdian_2018.xlsx",226,2.410920166,0,23.03,"included"
"boron_isotopes_sosdian_2018.xlsx",227,2.424888916,0,23.03,"included"
"boron_isotopes_sosdian_2018.xlsx",228,2.451231689,0,23.03,"included"
"boron_isotopes_sosdian_2018.xlsx",229,2.474494141,0,23.03,"included"
"boron_isotopes_sosdian_2018.xlsx",230,2.50040332,0,23.03,"included"
"boron_isotopes_sosdian_2018.xlsx",231,2.501402588,0,23.03,"included"
"boron_isotopes_sosdian_2018.xlsx",232,2.521932373,0,23.03,"included"
"boron_isotopes_sosdian_2018.xlsx",233,2.545154541,0,23.03,"included"
"boron_isotopes_sosdian_2018.xlsx",234,2.561898438,0,23.03,"included"
"boron_isotopes_sosdian_2018.xlsx",235,2.579425049,0,23.03,"included"
"boron_isotopes_sosdian_2018.xlsx",236,2.594836426,0,23.03,"included"
"boron_isotopes_sosdian_2018.xlsx",237,2.615069336,0,23.03,"included"
"boron_isotopes_sosdian_2018.xlsx",238,2.624496094,0,23.03,"included"
"boron_isotopes_sosdian_2018.xlsx",239,2.630914795,0,23.03,"included"
"boron_isotopes_sosdian_2018.xlsx",240,2.648257813,0,23.03,"included"
"boron_isotopes_sosdian_2018.xlsx",241,2.664697021,0,23.03,"included"
"boron_isotopes_sosdian_2018.xlsx",242,2.673016113,0,23.03,"included"
"boron_isotopes_sosdian_2018.xlsx",243,2.680359375,0,23.03,"included"
"boron_isotopes_sosdian_2018.xlsx",244,2.686560303,0,23.03,"included"
"boron_isotopes_sosdian_2018.xlsx",245,2.695158203,0,23.03,"included"
"boron_isotopes_sosdian_2018.xlsx",246,2.700043457,0,23.03,"included"
"boron_isotopes_sosdian_2018.xlsx",247,2.703202637,0,23.03,"included"
"boron_isotopes_sosdian_2018.xlsx",248,2.707214111,0,23.03,"included"
"boron_isotopes_sosdian_2018.xlsx",249,2.745515625,0,23.03,"included"
"boron_isotopes_sosdian_2018.xlsx",250,2.751482666,0,23.03,"included"
"boron_isotopes_sosdian_2018.xlsx",251,2.764187012,0,23.03,"included"
"boron_isotopes_sosdian_2018.xlsx",252,2.777480957,0,23.03,"included"
"boron_isotopes_sosdian_2018.xlsx",253,2.798543701,0,23.03,"included"
"boron_isotopes_sosdian_2018.xlsx",254,2.83017627,0,23.03,"included"
"boron_isotopes_sosdian_2018.xlsx",255,2.831683838,0,23.03,"included"
"boron_isotopes_sosdian_2018.xlsx",256,2.838900635,0,23.03,"included"
"boron_isotopes_sosdian_2018.xlsx",257,2.849182373,0,23.03,"included"
"boron_isotopes_sosdian_2018.xlsx",258,2.858321045,0,23.03,"included"
"boron_isotopes_sosdian_2018.xlsx",259,2.912384277,0,23.03,"included"
"boron_isotopes_sosdian_2018.xlsx",260,2.92355957,0,23.03,"included"
"boron_isotopes_sosdian_2018.xlsx",261,2.941578125,0,23.03,"included"
"boron_isotopes_sosdian_2018.xlsx",262,2.950492676,0,23.03,"included"
"boron_isotopes_sosdian_2018.xlsx",263,2.951161377,0,23.03,"included"
"boron_isotopes_sosdian_2018.xlsx",264,2.959599365,0,23.03,"included"
"boron_isotopes_sosdian_2018.xlsx",265,2.978066406,0,23.03,"included"
"boron_isotopes_sosdian_2018.xlsx",266,3.002813721,0,23.03,"included"
"boron_isotopes_sosdian_2018.xlsx",267,3.010996094,0,23.03,"included"
"boron_isotopes_sosdian_2018.xlsx",268,3.027581543,0,23.03,"included"
"boron_isotopes_sosdian_2018.xlsx",269,3.04266333,0,23.03,"included"
"boron_isotopes_sosdian_2018.xlsx",270,3.050016113,0,23.03,"included"
"boron_isotopes_sosdian_2018.xlsx",271,3.059026123,0,23.03,"included"
"boron_isotopes_sosdian_2018.xlsx",272,3.062960938,0,23.03,"included"
"boron_isotopes_sosdian_2018.xlsx",273,3.066538086,0,23.03,"included"
"boron_isotopes_sosdian_2018.xlsx",274,3.09118335,0,23.03,"included"
"boron_isotopes_sosdian_2018.xlsx",275,3.100177002,0,23.03,"included"
"boron_isotopes_sosdian_2018.xlsx",276,3.114238281,0,23.03,"included"
"boron_isotopes_sosdian_2018.xlsx",277,3.133154785,0,23.03,"included"
"boron_isotopes_sosdian_2018.xlsx",278,3.143166016,0,23.03,"included"
"boron_isotopes_sosdian_2018.xlsx",279,3.151899902,0,23.03,"included"
"boron_isotopes_sosdian_2018.xlsx",280,3.157937012,0,23.03,"included"
"boron_isotopes_sosdian_2018.xlsx",281,3.171554932,0,23.03,"included"
"boron_isotopes_sosdian_2018.xlsx",282,3.179787109,0,23.03,"included"
"boron_isotopes_sosdian_2018.xlsx",283,3.189189941,0,23.03,"included"
"boron_isotopes_sosdian_2018.xlsx",284,3.198729248,0,23.03,"included"
"boron_isotopes_sosdian_2018.xlsx",285,3.209375244,0,23.03,"included"
"boron_isotopes_sosdian_2018.xlsx",286,3.224604492,0,23.03,"included"
"boron_isotopes_sosdian_2018.xlsx",287,3.239885986,0,23.03,"included"
"boron_isotopes_sosdian_2018.xlsx",288,3.242925293,0,23.03,"included"
"boron_isotopes_sosdian_2018.xlsx",289,3.245811768,0,23.03,"included"
"boron_isotopes_sosdian_2018.xlsx",290,3.259577881,0,23.03,"included"
"boron_isotopes_sosdian_2018.xlsx",291,3.270168457,0,23.03,"included"
"boron_isotopes_sosdian_2018.xlsx",292,3.280600586,0,23.03,"included"
"boron_isotopes_stap_2016.xlsx",4,0.5387,0,23.03,"included"
"boron_isotopes_stap_2016.xlsx",5,0.5418,0,23.03,"included"
"boron_isotopes_stap_2016.xlsx",6,0.5963,0,23.03,"included"
"boron_isotopes_stap_2016.xlsx",7,0.6204,0,23.03,"included"
"boron_isotopes_stap_2016.xlsx",8,0.7579,0,23.03,"included"
"boron_isotopes_stap_2016.xlsx",9,0.8194,0,23.03,"included"
"boron_isotopes_stap_2016.xlsx",10,0.8588,0,23.03,"included"
"boron_isotopes_stap_2016.xlsx",11,0.9445,0,23.03,"included"
"boron_isotopes_stap_2016.xlsx",12,1.8204,0,23.03,"included"
"boron_isotopes_stap_2016.xlsx",13,2.736,0,23.03,"included"
"boron_isotopes_stap_2016.xlsx",14,2.8872,0,23.03,"included"
"boron_isotopes_stap_2016.xlsx",15,3.0408,0,23.03,"included"
"boron_isotopes_stap_2016.xlsx",16,3.2145,0,23.03,"included"
"boron_isotopes_stap_2016.xlsx",17,3.6594,0,23.03,"included"
"boron_isotopes_stap_2016.xlsx",18,3.887,0,23.03,"included"
"boron_isotopes_stap_2016.xlsx",19,4.0995,0,23.03,"included"
"boron_isotopes_stap_2016.xlsx",20,4.1991,0,23.03,"included"
"boron_isotopes_stap_2016.xlsx",21,5.185,0,23.03,"included"
"boron_isotopes_stap_2016.xlsx",22,6.35,0,23.03,"included"
