"file","sheet","source_row","publication_year","sample","site","depth_m","composite_depth_m","lat","lon","age_Ma","species","shell_size","d11B_replicates","MgCa_replicates","replicate_2SE","published_pCO2","d11B","d11B_2s","MgCa","MgCa_2s","temperature","source_notes","MgCa_from_replicates","retained","retained_file","retained_source_row","combined_row","intermediate_row"
"boron_isotopes_anderson_2024.xlsx","4. boron isotopes",4,2024,"ODP 1264_B_21_1_6_9","ODP 1264",187.87,207.92,-28.533,2.845,17.651,"Trilobatus trilobus","300-355 µm","14.29,14.99","3.41",0.700000000000001,650,14.64,0.44,3.41,0.08525,27.1,,FALSE,TRUE,"boron_isotopes_anderson_2024.xlsx",4,5,5
"boron_isotopes_anderson_2024.xlsx","4. boron isotopes",5,2024,"ODP 1264_B_21_1_13_16","ODP 1264",187.94,207.99,-28.533,2.845,17.662,"Trilobatus trilobus","300-355 µm","15.11,15.2","3.42",0.0899999999999999,522,15.16,0.44,3.42,0.0855,27.2,,FALSE,TRUE,"boron_isotopes_anderson_2024.xlsx",5,6,6
"boron_isotopes_anderson_2024.xlsx","4. boron isotopes",6,2024,"ODP 1264_B_21_1_20_23","ODP 1264",188.01,208.06,-28.533,2.845,17.677,"Trilobatus trilobus","300-355 µm","14.85,15.77","3.37",0.92,488,15.31,0.44,3.37,0.08425,27,,FALSE,TRUE,"boron_isotopes_anderson_2024.xlsx",6,7,7
"boron_isotopes_anderson_2024.xlsx","4. boron isotopes",7,2024,"ODP 1264_B_21_1_27_30","ODP 1264",188.08,208.13,-28.533,2.845,17.689,"Trilobatus trilobus","300-355 µm","15.71,15.9","3.64",0.19,422,15.81,0.44,3.64,0.091,28.2,,FALSE,TRUE,"boron_isotopes_anderson_2024.xlsx",7,8,8
"boron_isotopes_anderson_2024.xlsx","4. boron isotopes",8,2024,"ODP 1264_B_21_1_6_9","ODP 1264",187.87,207.92,-28.533,2.845,17.651,"Globoturborotalita pseudopraebulloides","250-300 µm","14.53,15.16","4.26",0.630000000000001,565,14.85,0.44,4.26,0.1065,26,,FALSE,TRUE,"boron_isotopes_anderson_2024.xlsx",8,9,9
"boron_isotopes_anderson_2024.xlsx","4. boron isotopes",9,2024,"ODP 1264_B_21_1_13_16","ODP 1264",187.94,207.99,-28.533,2.845,17.662,"Globoturborotalita pseudopraebulloides","250-300 µm","14.19,14.37","4.17",0.18,703,14.28,0.44,4.17,0.10425,24.7,,FALSE,TRUE,"boron_isotopes_anderson_2024.xlsx",9,10,10
"boron_isotopes_anderson_2024.xlsx","4. boron isotopes",10,2024,"ODP 1264_B_21_1_20_23","ODP 1264",188.01,208.06,-28.533,2.845,17.677,"Globoturborotalita pseudopraebulloides","250-300 µm","14.82,14.98","4.66",0.16,581,14.9,0.44,4.66,0.1165,27.4,,FALSE,TRUE,"boron_isotopes_anderson_2024.xlsx",10,11,11
"boron_isotopes_anderson_2024.xlsx","4. boron isotopes",11,2024,"ODP 1264_B_21_1_27_30","ODP 1264",188.08,208.13,-28.533,2.845,17.689,"Globoturborotalita pseudopraebulloides","250-300 µm","14.74,15.73","3.02",0.99,423,15.24,0.44,3.02,0.0755,21.7,,FALSE,TRUE,"boron_isotopes_anderson_2024.xlsx",11,12,12
"boron_isotopes_anderson_2024.xlsx","4. boron isotopes",12,2024,"ODP 1264_B_22_5_55_60","ODP 1264",203.87,224.63,-28.533,2.845,20.1,"Globoturborotalita pseudopraebulloides","250-300 µm","14.86,15.33","4.03",0.470000000000001,560,15.1,0.44,4.03,0.10075,26.1,,FALSE,TRUE,"boron_isotopes_anderson_2024.xlsx",12,13,13
"boron_isotopes_anderson_2024.xlsx","4. boron isotopes",13,2024,"ODP 1264_B_24_5_20_24","ODP 1264",222.52,244.87,-28.533,2.845,22.42,"Globoturborotalita pseudopraebulloides","250-300 µm","15.34,15.83","4",0.49,473,15.59,0.44,4,0.1,27.1,,FALSE,TRUE,"boron_isotopes_anderson_2024.xlsx",13,14,14
"boron_isotopes_badger_2013.xlsx","boron isotopes",4,2013,"Blue Clay Formation of Malta (at Ras il-Pellegrin)_____","Blue Clay Formation of Malta (at Ras il-Pellegrin)",13798.50762,0,35.926,4.335,13.79850762,"Globigerinoides trilobus","250-355",,"13798.50762",,310.664913632764,15.83,0.23,6.56,0.1312,33.5,,FALSE,TRUE,"boron_isotopes_badger_2013.xlsx",4,15,5
"boron_isotopes_badger_2013.xlsx","boron isotopes",5,2013,"Blue Clay Formation of Malta (at Ras il-Pellegrin)_____","Blue Clay Formation of Malta (at Ras il-Pellegrin)",13785.6227,0.7,35.926,4.335,13.7856227,"Globigerinoides trilobus","250-355",,"13785.6227",,284.645084259322,15.85,0.23,5.03,0.1006,30.6,,FALSE,TRUE,"boron_isotopes_badger_2013.xlsx",5,16,6
"boron_isotopes_badger_2013.xlsx","boron isotopes",6,2013,"Blue Clay Formation of Malta (at Ras il-Pellegrin)_____","Blue Clay Formation of Malta (at Ras il-Pellegrin)",13772.73779,,35.926,4.335,13.766,"Globigerinoides trilobus","250-355",,"13766",,298.500064478328,15.75,0.23,5.43,0.1086,31.4,,FALSE,TRUE,"boron_isotopes_badger_2013.xlsx",6,17,7
"boron_isotopes_badger_2013.xlsx","boron isotopes",7,2013,"Blue Clay Formation of Malta (at Ras il-Pellegrin)_____","Blue Clay Formation of Malta (at Ras il-Pellegrin)",13740.5255,3.15,35.926,4.335,13.7405255,"Globigerinoides trilobus","250-355",,"13740.5255",,233.526359528415,16.53,0.23,5,0.1,30.5,,FALSE,TRUE,"boron_isotopes_badger_2013.xlsx",7,18,8
"boron_isotopes_badger_2013.xlsx","boron isotopes",8,2013,"Blue Clay Formation of Malta (at Ras il-Pellegrin)_____","Blue Clay Formation of Malta (at Ras il-Pellegrin)",13735.67484,3.5,35.926,4.335,13.73567484,"Globigerinoides trilobus","250-355",,"13735.67484",,264.545700813315,15.98,0.23,4.13,0.0826,28.4,,FALSE,TRUE,"boron_isotopes_badger_2013.xlsx",8,19,9
"boron_isotopes_badger_2013.xlsx","boron isotopes",9,2013,"Blue Clay Formation of Malta (at Ras il-Pellegrin)_____","Blue Clay Formation of Malta (at Ras il-Pellegrin)",13730.82418,3.85,35.926,4.335,13.69823109,"Globigerinoides trilobus","250-355",,"13698.23109",,256.326657031484,16.17,0.23,4.72,0.0944,29.9,,FALSE,TRUE,"boron_isotopes_badger_2013.xlsx",9,20,10
"boron_isotopes_bartoli_2011.xlsx","boron isotopes",4,2011,"ODP 999_A_7_7_64_66","ODP 999",64.74,,12.91083333,-78.83333333,1.975132,"Globigerinoides saculifer","425-500","21.45,21.55,21.59,21.62,21.89","na, data interpolated from groeneveld, j.",0.146696966567138,201.6,21.62,0.3,,,25.6954640515477,,FALSE,TRUE,"boron_isotopes_bartoli_2011.xlsx",4,21,5
"boron_isotopes_bartoli_2011.xlsx","boron isotopes",5,2011,"ODP 999_A_8_2_47_49","ODP 999",66.57,,12.91083333,-78.83333333,2.026542,"Globigerinoides saculifer","425-500","20.96,21.02,21.23,21.3,21.46","na, data interpolated from groeneveld, j.",0.183477519058876,244.7,21.1959374348897,0.3,,,25.6954640515477,,FALSE,TRUE,"boron_isotopes_bartoli_2011.xlsx",5,22,6
"boron_isotopes_bartoli_2011.xlsx","boron isotopes",6,2011,"ODP 999_A_8_3_103_105","ODP 999",68.63,,12.91083333,-78.83333333,2.078094545,"Globigerinoides saculifer","425-500","21.38,21.41,21.46,21.8","na, data interpolated from groeneveld, j.",0.194486503387768,228.7,21.5159836749324,0.33,,,25.6954640515477,,FALSE,TRUE,"boron_isotopes_bartoli_2011.xlsx",6,23,7
"boron_isotopes_bartoli_2011.xlsx","boron isotopes",7,2011,"ODP 999_A_8_5_71_73","ODP 999",71.31,,12.91083333,-78.83333333,2.161008,"Globigerinoides saculifer","425-500","21.54,21.7,21.76,21.78","na, data interpolated from groeneveld, j.",0.108781125813872,204.2,21.6969583806658,0.33,,,25.6954640515477,,FALSE,TRUE,"boron_isotopes_bartoli_2011.xlsx",7,24,8
"boron_isotopes_bartoli_2011.xlsx","boron isotopes",8,2011,"ODP 999_A_8_5_87_89","ODP 999",71.47,,12.91083333,-78.83333333,2.166038,"Globigerinoides saculifer","425-500","20,20.5,20.58,20.58,20.6","na, data interpolated from groeneveld, j.",0.228595712995673,365.6,20.451513081551,0.3,,,25.6954640515477,,FALSE,TRUE,"boron_isotopes_bartoli_2011.xlsx",8,25,9
"boron_isotopes_bartoli_2011.xlsx","boron isotopes",9,2011,"ODP 999_A_8_6_49_51","ODP 999",72.59,,12.91083333,-78.83333333,2.201944,"Globigerinoides saculifer","425-500","19.96,20.29,20.31,20.46,20.64,20.65","na, data interpolated from groeneveld, j.",0.211707345172528,368.8,20.3849776569641,0.279924034236554,,,25.6954640515477,,FALSE,TRUE,"boron_isotopes_bartoli_2011.xlsx",9,26,10
"boron_isotopes_bartoli_2011.xlsx","boron isotopes",10,2011,"ODP 999_A_9_1_127_129","ODP 999",75.37,,12.91083333,-78.83333333,2.304672,"Globigerinoides saculifer","425-500","21.35,21.59,21.6,21.65","na, data interpolated from groeneveld, j.",0.134257215820975,220.6,21.5452747037262,0.33,,,26.1111800054395,,FALSE,TRUE,"boron_isotopes_bartoli_2011.xlsx",10,27,11
"boron_isotopes_bartoli_2011.xlsx","boron isotopes",11,2011,"ODP 999_A_9_6_64_66","ODP 999",82.24,,12.91083333,-78.83333333,2.502936,"Globigerinoides saculifer","425-500","20.44,20.47,20.5,20.65,20.89","na, data interpolated from groeneveld, j.",0.166493243106139,350.4,20.59115051837,0.3,,,25.1272533683123,,FALSE,TRUE,"boron_isotopes_bartoli_2011.xlsx",11,28,12
"boron_isotopes_bartoli_2011.xlsx","boron isotopes",12,2011,"ODP 999_A_9_7_67_69","ODP 999",83.77,,12.91083333,-78.83333333,2.558577,"Globigerinoides saculifer","425-500","20.68,21.15,21.31","na, data interpolated from groeneveld, j.",0.378124024332992,292.7,21.0460174781756,0.38,,,26.2049452126157,,FALSE,TRUE,"boron_isotopes_bartoli_2011.xlsx",12,29,13
"boron_isotopes_bartoli_2011.xlsx","boron isotopes",13,2011,"ODP 999_A_10_1_127_129","ODP 999",84.87,,12.91083333,-78.83333333,2.600862,"Globigerinoides saculifer","425-500","21.41,21.42,21.53,21.68,21.84","na, data interpolated from groeneveld, j.",0.164024388430501,185.6,21.5757688573111,0.3,,,24.4192998751333,,FALSE,TRUE,"boron_isotopes_bartoli_2011.xlsx",13,30,14
"boron_isotopes_bartoli_2011.xlsx","boron isotopes",14,2011,"ODP 999_A_10_3_98_100","ODP 999",87.58,,12.91083333,-78.83333333,2.685473,"Globigerinoides saculifer","425-500","21.49,21.57,21.61","na, data interpolated from groeneveld, j.",0.0705533682950565,176.5,21.5537619599545,0.39,,,22.8517598944677,,FALSE,TRUE,"boron_isotopes_bartoli_2011.xlsx",14,31,15
"boron_isotopes_bartoli_2011.xlsx","boron isotopes",15,2011,"ODP 999_A_10_4_20_22","ODP 999",88.3,,12.91083333,-78.83333333,2.702225,"Globigerinoides saculifer","425-500","20.45,20.49,20.59,20.67","na, data interpolated from groeneveld, j.",0.0993310961716768,340.5,20.5532839458935,0.33,,,24.272130689022,,FALSE,TRUE,"boron_isotopes_bartoli_2011.xlsx",15,32,16
"boron_isotopes_bartoli_2011.xlsx","boron isotopes",16,2011,"ODP 999_A_10_4_35_37","ODP 999",88.45,,12.91083333,-78.83333333,2.70551,"Globigerinoides saculifer","425-500","20.52,20.58,20.64,20.87,20.94","na, data interpolated from groeneveld, j.",0.165166582576501,297,20.709903807724,0.3,,,23.933695050303,,FALSE,TRUE,"boron_isotopes_bartoli_2011.xlsx",16,33,17
"boron_isotopes_bartoli_2011.xlsx","boron isotopes",17,2011,"ODP 999_A_10_4_47_49","ODP 999",88.57,,12.91083333,-78.83333333,2.708112,"Globigerinoides saculifer","425-500","21.16,21.22,21.28,21.4","na, data interpolated from groeneveld, j.",0.102469507659596,221.3,21.2629963417794,0.33,,,23.933695050303,,FALSE,TRUE,"boron_isotopes_bartoli_2011.xlsx",17,34,18
"boron_isotopes_bartoli_2011.xlsx","boron isotopes",18,2011,"ODP 999_A_10_4_57_59","ODP 999",88.67,,12.91083333,-78.83333333,2.710464,"Globigerinoides saculifer","425-500","19.35,20.84,20.92,21.04","na, data interpolated from groeneveld, j.",0.82,316.8,20.5376444511591,0.816055428799475,,,23.345668367477,,FALSE,TRUE,"boron_isotopes_bartoli_2011.xlsx",18,35,19
"boron_isotopes_bartoli_2011.xlsx","boron isotopes",19,2011,"ODP 999_A_10_5_4_6","ODP 999",89.64,,12.91083333,-78.83333333,2.751564,"Globigerinoides saculifer","425-500","20.71,20.88,20.91,21.02,21.18","na, data interpolated from groeneveld, j.",0.155820409446259,282.7,20.9399942402635,0.3,,,25.2296606472559,,FALSE,TRUE,"boron_isotopes_bartoli_2011.xlsx",19,36,20
"boron_isotopes_bartoli_2011.xlsx","boron isotopes",20,2011,"ODP 999_A_10_5_50_52","ODP 999",90.1,,12.91083333,-78.83333333,2.77286,"Globigerinoides saculifer","425-500","20.04,20.39,20.46,20.47,20.78","na, data interpolated from groeneveld, j.",0.236084730552402,386.5,20.4285550118084,0.3,,,26.0166167869071,,FALSE,TRUE,"boron_isotopes_bartoli_2011.xlsx",20,37,21
"boron_isotopes_bartoli_2011.xlsx","boron isotopes",21,2011,"ODP 999_A_10_5_77_79","ODP 999",90.37,,12.91083333,-78.83333333,2.778718,"Globigerinoides saculifer","425-500","20.16,20.26,20.27,20.28,20.33","na, data interpolated from groeneveld, j.",0.055497747702046,401.3,20.2600349839493,0.3,,,24.7434719766214,,FALSE,TRUE,"boron_isotopes_bartoli_2011.xlsx",21,38,22
"boron_isotopes_bartoli_2011.xlsx","boron isotopes",22,2011,"ODP 999_A_10_5_92_94","ODP 999",90.52,,12.91083333,-78.83333333,2.781414,"Globigerinoides saculifer","425-500","20.4,20.72,20.78,20.9,20.97","na, data interpolated from groeneveld, j.",0.197544931597852,298.8,20.7542907418671,0.3,,,24.9892253683283,,FALSE,TRUE,"boron_isotopes_bartoli_2011.xlsx",22,39,23
"boron_isotopes_bartoli_2011.xlsx","boron isotopes",23,2011,"ODP 999_A_10_6_20_22","ODP 999",91.3,,12.91083333,-78.83333333,2.795485,"Globigerinoides saculifer","425-500","20.56,20.85,21,21.04","na, data interpolated from groeneveld, j.",0.217619698863254,297.4,20.8631229367595,0.33,,,25.2296606472559,,FALSE,TRUE,"boron_isotopes_bartoli_2011.xlsx",23,40,24
"boron_isotopes_bartoli_2011.xlsx","boron isotopes",24,2011,"ODP 999_A_11_1_117_119","ODP 999",94.27,,12.91083333,-78.83333333,2.918768,"Globigerinoides saculifer","425-500","20.75,21.21,21.38,21.45","na, data interpolated from groeneveld, j.",0.31489416211377,224.1,21.1964684623558,0.33,,,23.2648599304872,,FALSE,TRUE,"boron_isotopes_bartoli_2011.xlsx",24,41,25
"boron_isotopes_bartoli_2011.xlsx","boron isotopes",25,2011,"ODP 999_A_11_3_77_79","ODP 999",96.87,,12.91083333,-78.83333333,3.000572,"Globigerinoides saculifer","425-500","20.21,20.23,20.33,20.46,20.58","na, data interpolated from groeneveld, j.",0.140484874630687,336.8,20.3602724982893,0.3,,,23.545155074328,,FALSE,TRUE,"boron_isotopes_bartoli_2011.xlsx",25,42,26
"boron_isotopes_bartoli_2011.xlsx","boron isotopes",26,2011,"ODP 999_A_11_5_57_59","ODP 999",99.67,,12.91083333,-78.83333333,3.073916,"Globigerinoides saculifer","425-500","20.46,21.01,21.08,21.17,21.23","na, data interpolated from groeneveld, j.",0.275463246187218,247.5,20.9892536424081,0.3,,,24.1604602906497,,FALSE,TRUE,"boron_isotopes_bartoli_2011.xlsx",26,43,27
"boron_isotopes_bartoli_2011.xlsx","boron isotopes",27,2011,"ODP 999_A_11_5_80_82","ODP 999",99.9,,12.91083333,-78.83333333,3.081375,"Globigerinoides saculifer","425-500","20.08,20.15,20.25,20.46","na, data interpolated from groeneveld, j.",0.165428735915702,393.6,20.2352617074866,0.33,,,23.933695050303,,FALSE,TRUE,"boron_isotopes_bartoli_2011.xlsx",27,44,28
"boron_isotopes_bartoli_2011.xlsx","boron isotopes",28,2011,"ODP 999_A_11_6_5_6","ODP 999",100.65,,12.91083333,-78.83333333,3.10491,"Globigerinoides saculifer","425-500","20.82,20.9,21.08,21.09,21.16,21.19","na, data interpolated from groeneveld, j.",0.120554275466834,231.9,21.0404786897636,0.27,,,24.3459589414516,,FALSE,TRUE,"boron_isotopes_bartoli_2011.xlsx",28,45,29
"boron_isotopes_bartoli_2011.xlsx","boron isotopes",29,2011,"ODP 999_A_11_7_17_19","ODP 999",102.27,,12.91083333,-78.83333333,3.155922,"Globigerinoides saculifer","425-500","20.61,21.3,21.47,21.53,21.93","na, data interpolated from groeneveld, j.",0.431666537966519,215.7,21.3700357673762,0.43,,,25.3647518081426,,FALSE,TRUE,"boron_isotopes_bartoli_2011.xlsx",29,46,30
"boron_isotopes_bartoli_2011.xlsx","boron isotopes",30,2011,"ODP 999_A_12_1_50_52","ODP 999",103.1,,12.91083333,-78.83333333,3.21857,"Globigerinoides saculifer","425-500","21.15,21.32,21.37","na, data interpolated from groeneveld, j.",0.100884973002811,224.9,21.2794461759713,0.39,,,25.2635877304436,,FALSE,TRUE,"boron_isotopes_bartoli_2011.xlsx",30,47,31
"boron_isotopes_bartoli_2011.xlsx","boron isotopes",31,2011,"ODP 999_A_12_1_90_92","ODP 999",103.5,,12.91083333,-78.83333333,3.239165,"Globigerinoides saculifer","425-500","20.37,20.42,20.54,20.65,20.97,20.99","na, data interpolated from groeneveld, j.",0.21943361436004,313.4,20.6564740727104,0.27,,,25.4982202131205,,FALSE,TRUE,"boron_isotopes_bartoli_2011.xlsx",31,48,32
"boron_isotopes_bartoli_2011.xlsx","boron isotopes",32,2011,"ODP 999_A_12_2_20_22","ODP 999",104.3,,12.91083333,-78.83333333,3.259145,"Globigerinoides saculifer","425-500","21.15,21.19,21.35","na, data interpolated from groeneveld, j.",0.122202018532157,234.5,21.2321374268285,0.39,,,25.6954640515477,,FALSE,TRUE,"boron_isotopes_bartoli_2011.xlsx",32,49,33
"boron_isotopes_bartoli_2011.xlsx","boron isotopes",33,2011,"ODP 999_A_12_3_90_92","ODP 999",106.5,,12.91083333,-78.83333333,3.321595,"Globigerinoides saculifer","425-500","20.85,20.89,20.91,21.04","na, data interpolated from groeneveld, j.",0.0822090830342559,256.6,20.9219860982702,0.33,,,24.1604602906497,,FALSE,TRUE,"boron_isotopes_bartoli_2011.xlsx",33,50,34
"boron_isotopes_bartoli_2011.xlsx","boron isotopes",34,2011,"ODP 999_A_12_5_12_14","ODP 999",108.72,,12.91083333,-78.83333333,3.403243,"Globigerinoides saculifer","425-500","20.8,20.93,21.21,21.21,21.36","na, data interpolated from groeneveld, j.",0.205270553173123,237.8,21.1009114224723,0.3,,,24.9195630015106,,FALSE,TRUE,"boron_isotopes_bartoli_2011.xlsx",34,51,35
"boron_isotopes_bartoli_2011.xlsx","boron isotopes",35,2011,"ODP 999_A_12_5_20_22","ODP 999",108.8,,12.91083333,-78.83333333,3.40673,"Globigerinoides saculifer","425-500","20.94,20.94,21.25","na, data interpolated from groeneveld, j.",0.203415284031898,233.5,21.0446098763084,0.39,,,23.971812106934,,FALSE,TRUE,"boron_isotopes_bartoli_2011.xlsx",35,52,36
"boron_isotopes_bartoli_2011.xlsx","boron isotopes",36,2011,"ODP 999_A_12_6_57_59","ODP 999",110.67,,12.91083333,-78.83333333,3.471466,"Globigerinoides saculifer","425-500","20.71,20.73,20.82,21.04","na, data interpolated from groeneveld, j.",0.151107026088574,274.6,20.8267355955942,0.33,,,25.0238934498421,,FALSE,TRUE,"boron_isotopes_bartoli_2011.xlsx",36,53,37
"boron_isotopes_bartoli_2011.xlsx","boron isotopes",37,2011,"ODP 999_A_13_1_77_79","ODP 999",112.87,,12.91083333,-78.83333333,3.542526,"Globigerinoides saculifer","425-500","20.69,20.72,20.75","na, data interpolated from groeneveld, j.",0.0346410161513768,312.3,20.7203367195509,0.39,,,25.5643579745349,,FALSE,TRUE,"boron_isotopes_bartoli_2011.xlsx",37,54,38
"boron_isotopes_bartoli_2011.xlsx","boron isotopes",38,2011,"ODP 999_A_13_2_57_59","ODP 999",114.17,,12.91083333,-78.83333333,3.59077,"Globigerinoides saculifer","425-500","20.71,20.81,20.86,21","na, data interpolated from groeneveld, j.",0.120692446601544,265.2,20.8438871682029,0.33,,,24.3826899207238,,FALSE,TRUE,"boron_isotopes_bartoli_2011.xlsx",38,55,39
"boron_isotopes_bartoli_2011.xlsx","boron isotopes",39,2011,"ODP 999_A_13_4_117_119","ODP 999",117.77,,12.91083333,-78.83333333,3.716058,"Globigerinoides saculifer","425-500","20.6,20.61,20.68,21.04","na, data interpolated from groeneveld, j.",0.208066495781196,292.8,20.7318349111339,0.33,,,24.455789599591,,FALSE,TRUE,"boron_isotopes_bartoli_2011.xlsx",39,56,40
"boron_isotopes_bartoli_2011.xlsx","boron isotopes",40,2011,"ODP 999_A_13_6_48_50","ODP 999",120.08,,12.91083333,-78.83333333,3.792177,"Globigerinoides saculifer","425-500","21.07,21.08,21.12","na, data interpolated from groeneveld, j.",0.0305505046330398,270.5,21.0906526166715,0.39,,,25.6628322773998,,FALSE,TRUE,"boron_isotopes_bartoli_2011.xlsx",40,57,41
"boron_isotopes_bartoli_2011.xlsx","boron isotopes",41,2011,"ODP 999_A_14_1_48_50","ODP 999",122.08,,12.91083333,-78.83333333,3.870131,"Globigerinoides saculifer","425-500","19.96,20.18,20.22,20.32","na, data interpolated from groeneveld, j.",0.151877143331926,390.9,20.1718946364514,0.33,,,23.1014582928239,,FALSE,TRUE,"boron_isotopes_bartoli_2011.xlsx",41,58,42
"boron_isotopes_bartoli_2011.xlsx","boron isotopes",42,2011,"ODP 999_A_14_3_7_9","ODP 999",124.67,,12.91083333,-78.83333333,3.961068,"Globigerinoides saculifer","425-500","20.6,20.77,20.8,20.82","na, data interpolated from groeneveld, j.",0.100457287772797,277.5,20.7458424021574,0.33,,,25.2635877304436,,FALSE,TRUE,"boron_isotopes_bartoli_2011.xlsx",42,59,43
"boron_isotopes_bartoli_2011.xlsx","boron isotopes",43,2011,"ODP 999_A_14_4_98_100","ODP 999",127.08,,12.91083333,-78.83333333,4.036184,"Globigerinoides saculifer","425-500","20.37,20.46,20.56,20.8","na, data interpolated from groeneveld, j.",0.185360010070493,317.4,20.5476868544457,0.33,,,24.455789599591,,FALSE,TRUE,"boron_isotopes_bartoli_2011.xlsx",43,60,44
"boron_isotopes_bartoli_2011.xlsx","boron isotopes",44,2011,"ODP 999_A_14_6_38_40","ODP 999",129.51,,12.91083333,-78.83333333,4.117132,"Globigerinoides saculifer","425-500","19.84,20.14,20.15,20.57,20.86","na, data interpolated from groeneveld, j.",0.359299318117917,376.7,20.3121654941107,0.36,,,24.9544487793402,,FALSE,TRUE,"boron_isotopes_bartoli_2011.xlsx",44,61,45
"boron_isotopes_bartoli_2011.xlsx","boron isotopes",45,2011,"ODP 999_A_16_1_18_20","ODP 999",140.78,,12.91083333,-78.83333333,4.580295,"Globigerinoides saculifer","425-500","19.98,20.1,20.14,20.22","na, data interpolated from groeneveld, j.",0.0999999999999994,407.7,20.1084463576162,0.33,,,24.7789141473781,,FALSE,TRUE,"boron_isotopes_bartoli_2011.xlsx",45,62,46
"boron_isotopes_brown_2022.xlsx","boron isotopes",4,2022,"ODP 926_B_15_4_23.5_25","ODP 926",135.235,151.775,3.7212472,-42.9132861111111,4.93571538461539,"Trilobatus trilobus, Cibicidoides wuellerstorfi","300–355 μm","18.16,18.32","2.893746531096",,312.133308735042,18.237073044377,0.186429790121463,2.893746531096,0.05,25.0567261991134,"note that DIC uncertainty is assumed as a generous +/- 250 µmol/kg and has been arbitrarily defined by authors as 1 sigma",FALSE,TRUE,"boron_isotopes_brown_2022.xlsx",4,63,5
"boron_isotopes_brown_2022.xlsx","boron isotopes",5,2022,"ODP 926_B_15_4_137.5_139","ODP 926",136.375,152.915,3.7212472,-42.9132861111111,4.97690909090909,"Trilobatus trilobus, Cibicidoides wuellerstorfi","300–355 μm","18.03,18.08","2.82582962939314",,327.152991664026,18.0538114655431,0.248367566089573,2.82582962939314,0.05,24.8008106851136,"note that DIC uncertainty is assumed as a generous +/- 250 µmol/kg and has been arbitrarily defined by authors as 1 sigma",FALSE,TRUE,"boron_isotopes_brown_2022.xlsx",5,64,6
"boron_isotopes_brown_2022.xlsx","boron isotopes",6,2022,"ODP 926_B_15_5_42_43.5","ODP 926",136.92,153.46,3.7212472,-42.9132861111111,4.99852892561983,"Trilobatus trilobus, Cibicidoides wuellerstorfi","300–355 μm","18.17,18.32","3.09074816196611",,319.938641689928,18.2463624472565,0.261003977059031,3.09074816196611,0.05,25.8006727756449,"note that DIC uncertainty is assumed as a generous +/- 250 µmol/kg and has been arbitrarily defined by authors as 1 sigma",FALSE,TRUE,"boron_isotopes_brown_2022.xlsx",6,65,7
"boron_isotopes_brown_2022.xlsx","boron isotopes",7,2022,"ODP 926_B_15_6_2_3.5","ODP 926",138.02,154.844528301887,3.7212472,-42.9132861111111,5.05233584905661,"Trilobatus trilobus, Cibicidoides wuellerstorfi","300–355 μm","18.27,18.42","3.33615968106307",,319.364186189915,18.3466065352923,0.190625691014856,3.33615968106307,0.05,26.6600415956718,"note that DIC uncertainty is assumed as a generous +/- 250 µmol/kg and has been arbitrarily defined by authors as 1 sigma",FALSE,TRUE,"boron_isotopes_brown_2022.xlsx",7,66,8
"boron_isotopes_brown_2022.xlsx","boron isotopes",8,2022,"ODP 926_C_15_4_10_11.5","ODP 926",138.1,155.012075471698,3.7212472,-42.9132861111111,5.0576774045099,"Trilobatus trilobus, Cibicidoides wuellerstorfi","300–355 μm","17.75,17.76","3.58167439640953",,391.876549281142,17.7526792820363,0.182722044407288,3.58167439640953,0.05,27.450073977886,"note that DIC uncertainty is assumed as a generous +/- 250 µmol/kg and has been arbitrarily defined by authors as 1 sigma",FALSE,TRUE,"boron_isotopes_brown_2022.xlsx",8,67,9
"boron_isotopes_brown_2022.xlsx","boron isotopes",9,2022,"ODP 926_C_15_4_109_110.5","ODP 926",139.09,156.21,3.7212472,-42.9132861111111,5.11957894736842,"Trilobatus trilobus, Cibicidoides wuellerstorfi","300–355 μm","17.48,17.53","2.43658354907651",,366.357283670931,17.5033093046048,0.202656113335365,2.43658354907651,0.05,23.1816504269824,"note that DIC uncertainty is assumed as a generous +/- 250 µmol/kg and has been arbitrarily defined by authors as 1 sigma",FALSE,TRUE,"boron_isotopes_brown_2022.xlsx",9,68,10
"boron_isotopes_brown_2022.xlsx","boron isotopes",10,2022,"ODP 926_C_15_5_55.5_57","ODP 926",140.055,157.425277777778,3.7212472,-42.9132861111111,5.16889351851852,"Trilobatus trilobus, Cibicidoides wuellerstorfi","300–355 μm","18.51,18.53","3.53493701760767",,310.382553407659,18.5213026478048,0.169522966652848,3.53493701760767,0.05,27.325587428635,"note that DIC uncertainty is assumed as a generous +/- 250 µmol/kg and has been arbitrarily defined by authors as 1 sigma",FALSE,TRUE,"boron_isotopes_brown_2022.xlsx",10,69,11
"boron_isotopes_brown_2022.xlsx","boron isotopes",11,2022,"ODP 926_A_16_3_18.5_20","ODP 926",140.185,157.678055555556,3.7212472,-42.9132861111111,5.17946913580247,"Trilobatus trilobus, Cibicidoides wuellerstorfi","300–355 μm","18.66,18.73","3.64036176118465",,298.278074058314,18.6929222242376,0.22333385289136,3.64036176118465,0.05,27.6541537945104,"note that DIC uncertainty is assumed as a generous +/- 250 µmol/kg and has been arbitrarily defined by authors as 1 sigma",FALSE,TRUE,"boron_isotopes_brown_2022.xlsx",11,70,12
"boron_isotopes_brown_2022.xlsx","boron isotopes",12,2022,"ODP 926_C_15_5_119.5_121","ODP 926",140.695,158.103055555556,3.7212472,-42.9132861111111,5.19915277777778,"Trilobatus trilobus, Cibicidoides wuellerstorfi","300–355 μm","18.29,18.31","3.58890619193158",,332.174623177964,18.2981352134962,0.176467222425706,3.58890619193158,0.05,27.4997720076003,"note that DIC uncertainty is assumed as a generous +/- 250 µmol/kg and has been arbitrarily defined by authors as 1 sigma",FALSE,TRUE,"boron_isotopes_brown_2022.xlsx",12,71,13
"boron_isotopes_brown_2022.xlsx","boron isotopes",13,2022,"ODP 926_A_16_3_121_122.5","ODP 926",141.21,158.84,3.7212472,-42.9132861111111,5.23413333333333,"Trilobatus trilobus, Cibicidoides wuellerstorfi","300–355 μm","18.25,18.49","3.06435278604771",,307.047209704287,18.370387120324,0.190945685128731,3.06435278604771,0.05,25.7508271227662,"note that DIC uncertainty is assumed as a generous +/- 250 µmol/kg and has been arbitrarily defined by authors as 1 sigma",FALSE,TRUE,"boron_isotopes_brown_2022.xlsx",13,72,14
"boron_isotopes_brown_2022.xlsx","boron isotopes",14,2022,"ODP 926_A_16_4_61.5_63","ODP 926",142.115,159.745,3.7212472,-42.9132861111111,5.2724,"Trilobatus trilobus, Cibicidoides wuellerstorfi","300–355 μm","17.75,17.8","3.37668283263953",,382.396481394774,17.7734946117356,0.229889157605699,3.37668283263953,0.05,26.8366036941229,"note that DIC uncertainty is assumed as a generous +/- 250 µmol/kg and has been arbitrarily defined by authors as 1 sigma",FALSE,TRUE,"boron_isotopes_brown_2022.xlsx",14,73,15
"boron_isotopes_brown_2022.xlsx","boron isotopes",15,2022,"ODP 926_A_16_4_140_141.5","ODP 926",142.9,160.53,3.7212472,-42.9132861111111,5.3055,"Trilobatus trilobus, Cibicidoides wuellerstorfi","300–355 μm","18.8,18.8","3.68096388000124",,290.507085962713,18.8011743418478,0.183736501993947,3.68096388000124,0.05,27.8016414276749,"note that DIC uncertainty is assumed as a generous +/- 250 µmol/kg and has been arbitrarily defined by authors as 1 sigma",FALSE,TRUE,"boron_isotopes_brown_2022.xlsx",15,74,16
"boron_isotopes_brown_2022.xlsx","boron isotopes",16,2022,"ODP 926_A_16_5_90_91.5","ODP 926",143.9,161.67512195122,3.7212472,-42.9132861111111,5.35875609756098,"Trilobatus trilobus, Cibicidoides wuellerstorfi","300–355 μm","18.21,18.36","3.53686057009125",,332.83818888238,18.2829660847469,0.163838720215026,3.53686057009125,0.05,27.3681438245238,"note that DIC uncertainty is assumed as a generous +/- 250 µmol/kg and has been arbitrarily defined by authors as 1 sigma",FALSE,TRUE,"boron_isotopes_brown_2022.xlsx",16,75,17
"boron_isotopes_brown_2022.xlsx","boron isotopes",17,2022,"ODP 926_C_16_1_115_116.5","ODP 926",144.15,162.138536585366,3.7212472,-42.9132861111111,5.38192682926829,"Trilobatus trilobus, Cibicidoides wuellerstorfi","300–355 μm","18.13,18.23","3.76608348201785",,351.397764679253,18.1797218574242,0.166610775535302,3.76608348201785,0.05,28.07032391301,"note that DIC uncertainty is assumed as a generous +/- 250 µmol/kg and has been arbitrarily defined by authors as 1 sigma",FALSE,TRUE,"boron_isotopes_brown_2022.xlsx",17,76,18
"boron_isotopes_brown_2022.xlsx","boron isotopes",18,2022,"ODP 926_A_16_6_38_39.5","ODP 926",144.88,162.898888888889,3.7212472,-42.9132861111111,5.41683950617284,"Trilobatus trilobus, Cibicidoides wuellerstorfi","300–355 μm","18.62,18.77","3.68061502677693",,299.972873458742,18.6988750895015,0.177221985269219,3.68061502677693,0.05,27.8219543090922,"note that DIC uncertainty is assumed as a generous +/- 250 µmol/kg and has been arbitrarily defined by authors as 1 sigma",FALSE,TRUE,"boron_isotopes_brown_2022.xlsx",18,77,19
"boron_isotopes_brown_2022.xlsx","boron isotopes",19,2022,"ODP 926_C_16_2_85.5_87","ODP 926",145.355,163.685,3.7212472,-42.9132861111111,5.45200980392157,"Trilobatus trilobus, Cibicidoides wuellerstorfi","300–355 μm","17.67,17.7","2.8893065828919",,370.858893288466,17.6841276479109,0.207627873201061,2.8893065828919,0.05,25.1391000315713,"note that DIC uncertainty is assumed as a generous +/- 250 µmol/kg and has been arbitrarily defined by authors as 1 sigma",FALSE,TRUE,"boron_isotopes_brown_2022.xlsx",19,78,20
"boron_isotopes_brown_2022.xlsx","boron isotopes",20,2022,"ODP 926_C_16_3_14.5_16","ODP 926",146.145,164.475,3.7212472,-42.9132861111111,5.49402631578948,"Trilobatus trilobus, Cibicidoides wuellerstorfi","300–355 μm","18.03,18.08","3.19342403439818",,344.073455968972,18.0561416629574,0.182789564093452,3.19342403439818,0.05,26.2591116082256,"note that DIC uncertainty is assumed as a generous +/- 250 µmol/kg and has been arbitrarily defined by authors as 1 sigma",FALSE,TRUE,"boron_isotopes_brown_2022.xlsx",20,79,21
"boron_isotopes_brown_2022.xlsx","boron isotopes",21,2022,"ODP 926_C_16_3_95_96.5","ODP 926",146.95,165.28,3.7212472,-42.9132861111111,5.53666666666667,"Trilobatus trilobus, Cibicidoides wuellerstorfi","300–355 μm","18.29,18.3","3.41420801302935",,328.729358172983,18.2947266082607,0.203115765641241,3.41420801302935,0.05,27.0100646309271,"note that DIC uncertainty is assumed as a generous +/- 250 µmol/kg and has been arbitrarily defined by authors as 1 sigma",FALSE,TRUE,"boron_isotopes_brown_2022.xlsx",21,80,22
"boron_isotopes_brown_2022.xlsx","boron isotopes",22,2022,"ODP 926_C_16_4_40_41.5","ODP 926",147.9,166.23,3.7212472,-42.9132861111111,5.57955555555556,"Trilobatus trilobus, Cibicidoides wuellerstorfi","300–355 μm","17.33,17.57","2.9080263098207",,400.790352736432,17.44782639983,0.199653728147464,2.9080263098207,0.05,25.2352485332714,"note that DIC uncertainty is assumed as a generous +/- 250 µmol/kg and has been arbitrarily defined by authors as 1 sigma",FALSE,TRUE,"boron_isotopes_brown_2022.xlsx",22,81,23
"boron_isotopes_brown_2022.xlsx","boron isotopes",23,2022,"ODP 926_C_16_4_100_101.5","ODP 926",148.5,166.83,3.7212472,-42.9132861111111,5.6015641025641,"Trilobatus trilobus, Cibicidoides wuellerstorfi","300–355 μm","18.34,18.37","2.7872471860233",,299.254385193404,18.3529771877782,0.243027497837837,2.7872471860233,0.05,24.7681152163842,"note that DIC uncertainty is assumed as a generous +/- 250 µmol/kg and has been arbitrarily defined by authors as 1 sigma",FALSE,TRUE,"boron_isotopes_brown_2022.xlsx",23,82,24
"boron_isotopes_brown_2022.xlsx","boron isotopes",24,2022,"ODP 926_C_16_5_55_56.5","ODP 926",149.55,167.88,3.7212472,-42.9132861111111,5.65411111111111,"Trilobatus trilobus, Cibicidoides wuellerstorfi","300–355 μm","17.64,17.64","2.79452265290479",,372.212958547137,17.6408299043119,0.23253356308409,2.79452265290479,0.05,24.807104314938,"note that DIC uncertainty is assumed as a generous +/- 250 µmol/kg and has been arbitrarily defined by authors as 1 sigma",FALSE,TRUE,"boron_isotopes_brown_2022.xlsx",24,83,25
"boron_isotopes_brown_2022.xlsx","boron isotopes",25,2022,"ODP 926_B_17_1_90_93","ODP 926",150.4,168.992702702703,3.7212472,-42.9132861111111,5.70816216216216,"Trilobatus trilobus, Cibicidoides wuellerstorfi","300–355 μm","18.43,18.53","3.13934941857619",,297.461999743243,18.4773208009406,0.198142375720442,3.13934941857619,0.05,26.1114989854383,"note that DIC uncertainty is assumed as a generous +/- 250 µmol/kg and has been arbitrarily defined by authors as 1 sigma",FALSE,TRUE,"boron_isotopes_brown_2022.xlsx",25,84,26
"boron_isotopes_brown_2022.xlsx","boron isotopes",26,2022,"ODP 926_C_16_5_127_128.5","ODP 926",150.27,169.147297297297,3.7212472,-42.9132861111111,5.71483783783784,"Trilobatus trilobus, Cibicidoides wuellerstorfi","300–355 μm","18.49,18.65","3.25341204488417",,302.056787226017,18.567571032266,0.15989477445035,3.25341204488417,0.05,26.5067692763833,"note that DIC uncertainty is assumed as a generous +/- 250 µmol/kg and has been arbitrarily defined by authors as 1 sigma",FALSE,TRUE,"boron_isotopes_brown_2022.xlsx",26,85,27
"boron_isotopes_brown_2022.xlsx","boron isotopes",27,2022,"ODP 926_B_17_2_7.5_10.5","ODP 926",151.075,170.215,3.7212472,-42.9132861111111,5.76598809523809,"Trilobatus trilobus, Cibicidoides wuellerstorfi","300–355 μm","17.25,17.29","2.63335205577948",,409.440918532204,17.2692530887703,0.218854918044896,2.63335205577948,0.05,24.1683646305515,"note that DIC uncertainty is assumed as a generous +/- 250 µmol/kg and has been arbitrarily defined by authors as 1 sigma",FALSE,TRUE,"boron_isotopes_brown_2022.xlsx",27,86,28
"boron_isotopes_brown_2022.xlsx","boron isotopes",28,2022,"ODP 926_B_17_2_117_120","ODP 926",152.17,171.31,3.7212472,-42.9132861111111,5.80740425531915,"Trilobatus trilobus, Cibicidoides wuellerstorfi","300–355 μm","18.42,18.52","2.9324543307187",,294.695728774908,18.4704989501362,0.228099535289996,2.9324543307187,0.05,25.3715936870395,"note that DIC uncertainty is assumed as a generous +/- 250 µmol/kg and has been arbitrarily defined by authors as 1 sigma",FALSE,TRUE,"boron_isotopes_brown_2022.xlsx",28,87,29
"boron_isotopes_brown_2022.xlsx","boron isotopes",29,2022,"ODP 926_B_17_3_80_83","ODP 926",153.3,172.44,3.7212472,-42.9132861111111,5.85219480519481,"Trilobatus trilobus, Cibicidoides wuellerstorfi","300–355 μm","18.55,18.69","2.94026563581833",,283.047291831079,18.6183520542528,0.153717070866339,2.94026563581833,0.05,25.409656202623,"note that DIC uncertainty is assumed as a generous +/- 250 µmol/kg and has been arbitrarily defined by authors as 1 sigma",FALSE,TRUE,"boron_isotopes_brown_2022.xlsx",29,88,30
"boron_isotopes_brown_2022.xlsx","boron isotopes",30,2022,"ODP 926_B_17_4_22_25","ODP 926",154.22,173.36,3.7212472,-42.9132861111111,5.8927037037037,"Trilobatus trilobus, Cibicidoides wuellerstorfi","300–355 μm","18.7,18.78","3.15168811442528",,280.779806697108,18.7391252315222,0.164671207080839,3.15168811442528,0.05,26.1888768342649,"note that DIC uncertainty is assumed as a generous +/- 250 µmol/kg and has been arbitrarily defined by authors as 1 sigma",FALSE,TRUE,"boron_isotopes_brown_2022.xlsx",30,89,31
"boron_isotopes_brown_2022.xlsx","boron isotopes",31,2022,"ODP 926_C_17_3_4_7","ODP 926",155.54,174.94,3.7212472,-42.9132861111111,5.971375,"Trilobatus trilobus, Cibicidoides wuellerstorfi","300–355 μm","18.34,18.38","2.89984126405943",,302.775210525005,18.3597729970953,0.172813690443335,2.89984126405943,0.05,25.2784210567886,"note that DIC uncertainty is assumed as a generous +/- 250 µmol/kg and has been arbitrarily defined by authors as 1 sigma",FALSE,TRUE,"boron_isotopes_brown_2022.xlsx",31,90,32
"boron_isotopes_brown_2022.xlsx","boron isotopes",32,2022,"ODP 926_C_17_3_109_112","ODP 926",156.59,175.99,3.7212472,-42.9132861111111,6.0185,"Trilobatus trilobus, Cibicidoides wuellerstorfi","300–355 μm","17.51,17.97","3.05224815726617",,373.583170327014,17.7405015493861,0.198549442214476,3.05224815726617,0.05,25.8564724118311,"note that DIC uncertainty is assumed as a generous +/- 250 µmol/kg and has been arbitrarily defined by authors as 1 sigma",FALSE,TRUE,"boron_isotopes_brown_2022.xlsx",32,91,33
"boron_isotopes_brown_2022.xlsx","boron isotopes",33,2022,"ODP 926_C_17_4_39_43","ODP 926",157.39,176.79,3.7212472,-42.9132861111111,6.06146153846154,"Trilobatus trilobus, Cibicidoides wuellerstorfi","300–355 μm","17.5,18.25","2.770281145839",,345.343605588767,17.872855091133,0.187949811283132,2.770281145839,0.05,24.7875939245962,"note that DIC uncertainty is assumed as a generous +/- 250 µmol/kg and has been arbitrarily defined by authors as 1 sigma",FALSE,TRUE,"boron_isotopes_brown_2022.xlsx",33,92,34
"boron_isotopes_brown_2022.xlsx","boron isotopes",34,2022,"ODP 926_C_17_4_122_126","ODP 926",158.22,177.62,3.7212472,-42.9132861111111,6.1029375,"Trilobatus trilobus, Cibicidoides wuellerstorfi","300–355 μm","17.64,17.95","2.88323008853166",,359.409001319011,17.7956676081213,0.220684202991727,2.88323008853166,0.05,25.2394492981365,"note that DIC uncertainty is assumed as a generous +/- 250 µmol/kg and has been arbitrarily defined by authors as 1 sigma",FALSE,TRUE,"boron_isotopes_brown_2022.xlsx",34,93,35
"boron_isotopes_brown_2022.xlsx","boron isotopes",35,2022,"ODP 926_C_17_6_34_37","ODP 926",160.34,179.74,3.7212472,-42.9132861111111,6.22933333333333,"Trilobatus trilobus, Cibicidoides wuellerstorfi","300–355 μm","17.06,17.41","2.59532478367937",,413.737509863898,17.2346986039542,0.192534115431707,2.59532478367937,0.05,24.0943742649163,"note that DIC uncertainty is assumed as a generous +/- 250 µmol/kg and has been arbitrarily defined by authors as 1 sigma",FALSE,TRUE,"boron_isotopes_brown_2022.xlsx",35,94,36
"boron_isotopes_brown_2022.xlsx","boron isotopes",36,2022,"ODP 926_C_17_6_109_112","ODP 926",161.09,180.8,3.7212472,-42.9132861111111,6.29175675675676,"Trilobatus trilobus, Cibicidoides wuellerstorfi","300–355 μm","18.05,18.22","2.99759157711614",,328.791602294909,18.1357969916639,0.158801055913643,2.99759157711614,0.05,25.7071891196994,"note that DIC uncertainty is assumed as a generous +/- 250 µmol/kg and has been arbitrarily defined by authors as 1 sigma",FALSE,TRUE,"boron_isotopes_brown_2022.xlsx",36,95,37
"boron_isotopes_brown_2022.xlsx","boron isotopes",37,2022,"ODP 926_B_18_2_71_74","ODP 926",161.21,180.92,3.7212472,-42.9132861111111,6.29889189189189,"Trilobatus trilobus, Cibicidoides wuellerstorfi","300–355 μm","17.4,17.73","2.78735295113696",,381.472358638214,17.56509584793,0.204259807994015,2.78735295113696,0.05,24.9005647456552,"note that DIC uncertainty is assumed as a generous +/- 250 µmol/kg and has been arbitrarily defined by authors as 1 sigma",FALSE,TRUE,"boron_isotopes_brown_2022.xlsx",37,96,38
"boron_isotopes_brown_2022.xlsx","boron isotopes",38,2022,"ODP 926_B_18_3_15.5_18.5","ODP 926",162.155,181.865,3.7212472,-42.9132861111111,6.34642857142857,"Trilobatus trilobus, Cibicidoides wuellerstorfi","300–355 μm","17.47,17.73","2.75240047645231",,376.370759324283,17.6036655180449,0.328546006839667,2.75240047645231,0.05,24.7692744111029,"note that DIC uncertainty is assumed as a generous +/- 250 µmol/kg and has been arbitrarily defined by authors as 1 sigma",FALSE,TRUE,"boron_isotopes_brown_2022.xlsx",38,97,39
"boron_isotopes_brown_2022.xlsx","boron isotopes",39,2022,"ODP 926_B_18_3_91_94","ODP 926",162.91,182.62,3.7212472,-42.9132861111111,6.38508333333333,"Trilobatus trilobus, Cibicidoides wuellerstorfi","300–355 μm","18.25,18.26","2.79426644571819",,309.749677992788,18.2541488384014,0.217513835550401,2.79426644571819,0.05,24.9442556607148,"note that DIC uncertainty is assumed as a generous +/- 250 µmol/kg and has been arbitrarily defined by authors as 1 sigma",FALSE,TRUE,"boron_isotopes_brown_2022.xlsx",39,98,40
"boron_isotopes_brown_2022.xlsx","boron isotopes",40,2022,"ODP 926_B_18_4_81_84","ODP 926",164.31,184.02,3.7212472,-42.9132861111111,6.45696551724138,"Trilobatus trilobus, Cibicidoides wuellerstorfi","300–355 μm","17.43,17.69","2.79794311040321",,384.172841813162,17.562293490425,0.177368404929585,2.79794311040321,0.05,24.9723217155615,"note that DIC uncertainty is assumed as a generous +/- 250 µmol/kg and has been arbitrarily defined by authors as 1 sigma",FALSE,TRUE,"boron_isotopes_brown_2022.xlsx",40,99,41
"boron_isotopes_brown_2022.xlsx","boron isotopes",41,2022,"ODP 926_B_18_5_16_19","ODP 926",165.16,184.87,3.7212472,-42.9132861111111,6.50464705882353,"Trilobatus trilobus, Cibicidoides wuellerstorfi","300–355 μm","18.12,18.18","2.79522905907927",,320.675648002762,18.1502620211084,0.215707336854781,2.79522905907927,0.05,24.9704507962813,"note that DIC uncertainty is assumed as a generous +/- 250 µmol/kg and has been arbitrarily defined by authors as 1 sigma",FALSE,TRUE,"boron_isotopes_brown_2022.xlsx",41,100,42
"boron_isotopes_brown_2022.xlsx","boron isotopes",42,2022,"ODP 926_B_18_5_125.5_128.5","ODP 926",166.255,185.965,3.7212472,-42.9132861111111,6.56347674418605,"Trilobatus trilobus, Cibicidoides wuellerstorfi","300–355 μm","17.69,17.81","3.16310862366078",,378.129429438878,17.7515005884307,0.139940170190311,3.16310862366078,0.05,26.3552234902749,"note that DIC uncertainty is assumed as a generous +/- 250 µmol/kg and has been arbitrarily defined by authors as 1 sigma",FALSE,TRUE,"boron_isotopes_brown_2022.xlsx",42,101,43
"boron_isotopes_brown_2022.xlsx","boron isotopes",43,2022,"ODP 926_C_18_4_56_59","ODP 926",167.06,186.384367816092,3.7212472,-42.9132861111111,6.58842528735632,"Trilobatus trilobus, Cibicidoides wuellerstorfi","300–355 μm","18.03,18.35","3.04146061513017",,327.756082605063,18.1872781756597,0.173909157137374,3.04146061513017,0.05,25.9241263806837,"note that DIC uncertainty is assumed as a generous +/- 250 µmol/kg and has been arbitrarily defined by authors as 1 sigma",FALSE,TRUE,"boron_isotopes_brown_2022.xlsx",43,102,44
"boron_isotopes_brown_2022.xlsx","boron isotopes",44,2022,"ODP 926_C_18_4_106_109","ODP 926",167.56,186.72,3.7212472,-42.9132861111111,6.6046,"Trilobatus trilobus, Cibicidoides wuellerstorfi","300–355 μm","17.15,17.31","2.91848580481963",,434.232367203071,17.2293436162422,0.131067768669683,2.91848580481963,0.05,25.4685525412973,"note that DIC uncertainty is assumed as a generous +/- 250 µmol/kg and has been arbitrarily defined by authors as 1 sigma",FALSE,TRUE,"boron_isotopes_brown_2022.xlsx",44,103,45
"boron_isotopes_brown_2022.xlsx","boron isotopes",45,2022,"ODP 926_C_18_5_21_24","ODP 926",168.21,187.37,3.7212472,-42.9132861111111,6.63252173913044,"Trilobatus trilobus, Cibicidoides wuellerstorfi","300–355 μm","17.5,17.71","2.80107778746054",,378.801745073091,17.6010391180542,0.150197171284905,2.80107778746054,0.05,25.0175237991765,"note that DIC uncertainty is assumed as a generous +/- 250 µmol/kg and has been arbitrarily defined by authors as 1 sigma",FALSE,TRUE,"boron_isotopes_brown_2022.xlsx",45,104,46
"boron_isotopes_brown_2022.xlsx","boron isotopes",46,2022,"ODP 926_C_18_5_116_119","ODP 926",169.16,189.680294117647,3.7212472,-42.9132861111111,6.77237024221453,"Trilobatus trilobus, Cibicidoides wuellerstorfi","300–355 μm","17.43,17.52","3.07390543030793",,408.273909012881,17.4781148692559,0.15276866812945,3.07390543030793,0.05,26.0762341403015,"note that DIC uncertainty is assumed as a generous +/- 250 µmol/kg and has been arbitrarily defined by authors as 1 sigma",FALSE,TRUE,"boron_isotopes_brown_2022.xlsx",46,105,47
"boron_isotopes_brown_2022.xlsx","boron isotopes",47,2022,"ODP 926_C_18_6_131_134","ODP 926",170.81,189.902352941176,3.7212472,-42.9132861111111,6.78752505446622,"Trilobatus trilobus, Cibicidoides wuellerstorfi","300–355 μm","17.99,18.28","3.08568678708064",,333.748593855175,18.1340480111772,0.128582790103722,3.08568678708064,0.05,26.1287764911126,"note that DIC uncertainty is assumed as a generous +/- 250 µmol/kg and has been arbitrarily defined by authors as 1 sigma",FALSE,TRUE,"boron_isotopes_brown_2022.xlsx",47,106,48
"boron_isotopes_brown_2022.xlsx","boron isotopes",48,2022,"ODP 926_B_19_3_31.5_33","ODP 926",171.315,192.325,3.7212472,-42.9132861111111,6.93085714285714,"Trilobatus trilobus, Cibicidoides wuellerstorfi","300–355 μm","17.28,18.07","3.09003230849904",,390.267339174181,17.672928467737,0.778886497894552,3.09003230849904,0.05,26.1637174737179,"note that DIC uncertainty is assumed as a generous +/- 250 µmol/kg and has been arbitrarily defined by authors as 1 sigma",FALSE,TRUE,"boron_isotopes_brown_2022.xlsx",48,107,49
"boron_isotopes_chalk_2017.xlsx","boron isotopes",4,2017,"ODP 999_A_1_1_4_5","ODP 999",0.045,0.045,12.74,-78.74,0.003911025047,"Globigerinoides ruber white (sensu stricto)","300-355",,,,276.029443406422,20.67,0.18,4.14,0.1656,28.3,,FALSE,TRUE,"boron_isotopes_chalk_2017.xlsx",4,108,5
"boron_isotopes_chalk_2017.xlsx","boron isotopes",5,2017,"ODP 999_A_1_1_11_13","ODP 999",0.11,0.11,12.74,-78.74,0.00463,"Globigerinoides ruber white (sensu stricto)","300-355",,,,263.954570667811,20.79,0.12,4.161,0.16644,28.54,,FALSE,TRUE,"boron_isotopes_chalk_2017.xlsx",5,109,6
"boron_isotopes_chalk_2017.xlsx","boron isotopes",6,2017,"ODP 999_A_1_1_14.5_16.5","ODP 999",0.145,0.145,12.74,-78.74,0.00502,"Globigerinoides ruber white (sensu stricto)","300-355",,,,284.337990672246,20.59,0.16,4.062,0.16248,28.13,,FALSE,TRUE,"boron_isotopes_chalk_2017.xlsx",6,110,7
"boron_isotopes_chalk_2017.xlsx","boron isotopes",7,2017,"ODP 999_A_1_1_31_33","ODP 999",0.31,0.31,12.74,-78.74,0.00782,"Globigerinoides ruber white (sensu stricto)","300-355",,,,258.238687407883,20.82,0.18,4.057,0.16228,28.26,,FALSE,TRUE,"boron_isotopes_chalk_2017.xlsx",7,111,8
"boron_isotopes_chalk_2017.xlsx","boron isotopes",8,2017,"ODP 999_A_1_1_31_33","ODP 999",0.31,0.31,12.74,-78.74,0.00782,"Globigerinoides ruber white (sensu stricto)","300-355",,,,269.698564876918,20.72,0.22,4.253,0.17012,28.26,,FALSE,TRUE,"boron_isotopes_chalk_2017.xlsx",8,112,9
"boron_isotopes_chalk_2017.xlsx","boron isotopes",9,2017,"ODP 999_A_1_1_39_41","ODP 999",0.39,0.39,12.74,-78.74,0.00949,"Globigerinoides ruber white (sensu stricto)","300-355",,,,267.944127400603,20.68,0.18,4.229,0.16916,27.5,,FALSE,TRUE,"boron_isotopes_chalk_2017.xlsx",9,113,10
"boron_isotopes_chalk_2017.xlsx","boron isotopes",10,2017,"ODP 999_A_1_1_43_45","ODP 999",0.43,0.43,12.74,-78.74,0.01032,"Globigerinoides ruber white (sensu stricto)","300-355",,,,240.025390319282,20.93,0.24,3.967,0.15868,27.45,,FALSE,TRUE,"boron_isotopes_chalk_2017.xlsx",10,114,11
"boron_isotopes_chalk_2017.xlsx","boron isotopes",11,2017,"ODP 999_A_1_1_48_50","ODP 999",0.48,0.48,12.74,-78.74,0.01165,"Globigerinoides ruber white (sensu stricto)","300-355",,,,258.417366607346,20.72,0.2,4.147,0.16588,26.91,,FALSE,TRUE,"boron_isotopes_chalk_2017.xlsx",11,115,12
"boron_isotopes_chalk_2017.xlsx","boron isotopes",12,2017,"ODP 999_A_1_1_57_59","ODP 999",0.57,0.57,12.74,-78.74,0.01401,"Globigerinoides ruber white (sensu stricto)","300-355",,,,233.989398856204,20.98,0.18,4.155,0.1662,27.33,,FALSE,TRUE,"boron_isotopes_chalk_2017.xlsx",12,116,13
"boron_isotopes_chalk_2017.xlsx","boron isotopes",13,2017,"ODP 999_A_1_1_61_63","ODP 999",0.61,0.61,12.74,-78.74,0.01507,"Globigerinoides ruber white (sensu stricto)","300-355",,,,230.137470057755,21.02,0.18,4.145,0.1658,27.35,,FALSE,TRUE,"boron_isotopes_chalk_2017.xlsx",13,117,14
"boron_isotopes_chalk_2017.xlsx","boron isotopes",14,2017,"ODP 999_A_1_1_61_63","ODP 999",0.61,0.61,12.74,-78.74,0.01507,"Globigerinoides ruber white (sensu stricto)","300-355",,,,217.667117991638,21.15,0.2,3.891,0.15564,27.35,,FALSE,TRUE,"boron_isotopes_chalk_2017.xlsx",14,118,15
"boron_isotopes_chalk_2017.xlsx","boron isotopes",15,2017,"ODP 999_A_1_1_71_73","ODP 999",0.71,0.71,12.74,-78.74,0.01726,"Globigerinoides ruber white (sensu stricto)","300-355",,,,222.056328700607,21.04,0.16,3.854,0.15416,26.5,,FALSE,TRUE,"boron_isotopes_chalk_2017.xlsx",15,119,16
"boron_isotopes_chalk_2017.xlsx","boron isotopes",16,2017,"ODP 999_A_1_1_82_84","ODP 999",0.82,0.82,12.74,-78.74,0.01919,"Globigerinoides ruber white (sensu stricto)","300-355",,,,161.353140333239,21.75,0.2,3.672,0.14688,25.99,,FALSE,TRUE,"boron_isotopes_chalk_2017.xlsx",16,120,17
"boron_isotopes_chalk_2017.xlsx","boron isotopes",17,2017,"ODP 999_A_1_1_93_95","ODP 999",0.93,0.93,12.74,-78.74,0.02112,"Globigerinoides ruber white (sensu stricto)","300-355",,,,199.337525626132,21.23,0.14,3.718,0.14872,25.68,,FALSE,TRUE,"boron_isotopes_chalk_2017.xlsx",17,121,18
"boron_isotopes_chalk_2017.xlsx","boron isotopes",18,2017,"ODP 999_A_1_1_102_104","ODP 999",1.02,1.02,12.74,-78.74,0.02261,"Globigerinoides ruber white (sensu stricto)","300-355",,,,201.604709247407,21.26,0.16,3.808,0.15232,26.43,,FALSE,TRUE,"boron_isotopes_chalk_2017.xlsx",18,122,19
"boron_isotopes_chalk_2017.xlsx","boron isotopes",19,2017,"ODP 999_A_1_1_113_115","ODP 999",1.13,1.13,12.74,-78.74,0.02438,"Globigerinoides ruber white (sensu stricto)","300-355",,,,179.595559055892,21.51,0.14,3.819,0.15276,26.15,,FALSE,TRUE,"boron_isotopes_chalk_2017.xlsx",19,123,20
"boron_isotopes_chalk_2017.xlsx","boron isotopes",20,2017,"ODP 999_A_1_1_120_122","ODP 999",1.2,1.2,12.74,-78.74,0.02551,"Globigerinoides ruber white (sensu stricto)","300-355",,,,170.823056012498,21.62,0.24,3.712,0.14848,26.05,,FALSE,TRUE,"boron_isotopes_chalk_2017.xlsx",20,124,21
"boron_isotopes_chalk_2017.xlsx","boron isotopes",21,2017,"ODP 999_A_1_1_120_122","ODP 999",1.2,1.2,12.74,-78.74,0.02551,"Globigerinoides ruber white (sensu stricto)","300-355",,,,165.811199569252,21.69,0.16,3.537,0.14148,26.05,,FALSE,TRUE,"boron_isotopes_chalk_2017.xlsx",21,125,22
"boron_isotopes_chalk_2017.xlsx","boron isotopes",22,2017,"ODP 999_A_1_2_20_22","ODP 999",1.72,1.72,12.74,-78.74,0.03582,"Globigerinoides ruber white (sensu stricto)","300-355",,,,213.11642408947,21.12,0.18,3.373,0.13492,26.31,,FALSE,TRUE,"boron_isotopes_chalk_2017.xlsx",22,126,23
"boron_isotopes_chalk_2017.xlsx","boron isotopes",23,2017,"ODP 999_A_1_2_61_63","ODP 999",2.13,2.13,12.74,-78.74,0.04661,"Globigerinoides ruber white (sensu stricto)","300-355",,,,208.339773648083,21.16,0.16,3.347,0.13388,26.15,,FALSE,TRUE,"boron_isotopes_chalk_2017.xlsx",23,127,24
"boron_isotopes_chalk_2017.xlsx","boron isotopes",24,2017,"ODP 999_A_1_2_82_84","ODP 999",2.34,2.34,12.74,-78.74,0.05214,"Globigerinoides ruber white (sensu stricto)","300-355",,,,198.122635456367,21.29,0.2,3.509,0.14036,26.32,,FALSE,TRUE,"boron_isotopes_chalk_2017.xlsx",24,128,25
"boron_isotopes_chalk_2017.xlsx","boron isotopes",25,2017,"ODP 999_A_1_2_119_121","ODP 999",2.71,2.71,12.74,-78.74,0.06128,"Globigerinoides ruber white (sensu stricto)","300-355",,,,198.085445243739,21.31,0.28,3.225,0.129,26.59,,FALSE,TRUE,"boron_isotopes_chalk_2017.xlsx",25,129,26
"boron_isotopes_chalk_2017.xlsx","boron isotopes",26,2017,"ODP 999_A_1_3_29_31","ODP 999",3.31,3.31,12.74,-78.74,0.0773,"Globigerinoides ruber white (sensu stricto)","300-355",,,,237.107367655591,20.89,0.2,3.351,0.13404,26.6,,FALSE,TRUE,"boron_isotopes_chalk_2017.xlsx",26,130,27
"boron_isotopes_chalk_2017.xlsx","boron isotopes",27,2017,"ODP 999_A_1_3_54_56","ODP 999",3.56,3.56,12.74,-78.74,0.08433,"Globigerinoides ruber white (sensu stricto)","300-355",,,,238.299876804764,20.88,0.26,3.537,0.14148,26.63,,FALSE,TRUE,"boron_isotopes_chalk_2017.xlsx",27,131,28
"boron_isotopes_chalk_2017.xlsx","boron isotopes",28,2017,"ODP 999_A_1_3_71_73","ODP 999",3.73,3.73,12.74,-78.74,0.08911,"Globigerinoides ruber white (sensu stricto)","300-355",,,,264.456735984171,20.68,0.2,3.458,0.13832,27.18,,FALSE,TRUE,"boron_isotopes_chalk_2017.xlsx",28,132,29
"boron_isotopes_chalk_2017.xlsx","boron isotopes",29,2017,"ODP 999_A_1_3_111_113","ODP 999",4.13,4.13,12.74,-78.74,0.10036,"Globigerinoides ruber white (sensu stricto)","300-355",,,,274.782102082972,20.58,0.24,3.495,0.1398,27.02,,FALSE,TRUE,"boron_isotopes_chalk_2017.xlsx",29,133,30
"boron_isotopes_chalk_2017.xlsx","boron isotopes",30,2017,"ODP 999_A_1_3_132_134","ODP 999",4.335,4.335,12.74,-78.74,0.10612,"Globigerinoides ruber white (sensu stricto)","300-355",,,,251.538141297725,20.76,0.22,3.334,0.13336,26.72,,FALSE,TRUE,"boron_isotopes_chalk_2017.xlsx",30,134,31
"boron_isotopes_chalk_2017.xlsx","boron isotopes",31,2017,"ODP 999_A_1_4_1_3","ODP 999",4.51,4.51,12.74,-78.74,0.11132,"Globigerinoides ruber white (sensu stricto)","300-355",,,,283.114986033202,20.37598969,0.220508226,3.65109406059863,0.146043762423945,25.14,,FALSE,TRUE,"boron_isotopes_chalk_2017.xlsx",31,135,32
"boron_isotopes_chalk_2017.xlsx","boron isotopes",32,2017,"ODP 999_A_1_4_22_24","ODP 999",4.74,4.74,12.74,-78.74,0.11682,"Globigerinoides ruber white (sensu stricto)","300-355",,,,312.00267213309,20.26,0.3,3.409,0.13636,26.56,,FALSE,TRUE,"boron_isotopes_chalk_2017.xlsx",32,136,33
"boron_isotopes_chalk_2017.xlsx","boron isotopes",33,2017,"ODP 999_A_1_4_30_32","ODP 999",4.82,4.82,12.74,-78.74,0.11881,"Globigerinoides ruber white (sensu stricto)","300-355",,,,329.454604285588,20.18,0.3,3.7,0.148,27.14,,FALSE,TRUE,"boron_isotopes_chalk_2017.xlsx",33,137,34
"boron_isotopes_chalk_2017.xlsx","boron isotopes",34,2017,"ODP 999_A_1_4_32_34","ODP 999",4.82,4.82,12.74,-78.74,0.11906,"Globigerinoides ruber white (sensu stricto)","300-355",,,,303.959841552333,20.30873924,0.271016996,4.1007913793755,0.16403165517502,26.43,,FALSE,TRUE,"boron_isotopes_chalk_2017.xlsx",34,138,35
"boron_isotopes_chalk_2017.xlsx","boron isotopes",35,2017,"ODP 999_A_1_4_42_44","ODP 999",4.94,4.94,12.74,-78.74,0.12179,"Globigerinoides ruber white (sensu stricto)","300-355",,,,340.563104601156,20.12,0.2,3.594,0.14376,27.33,,FALSE,TRUE,"boron_isotopes_chalk_2017.xlsx",35,139,36
"boron_isotopes_chalk_2017.xlsx","boron isotopes",36,2017,"ODP 999_A_1_4_51_53","ODP 999",5.01,5.01,12.74,-78.74,0.12377,"Globigerinoides ruber white (sensu stricto)","300-355",,,,283.843978995094,20.55224777,0.189169518,4.59166797960123,0.183666719184049,27.69,,FALSE,TRUE,"boron_isotopes_chalk_2017.xlsx",36,140,37
"boron_isotopes_chalk_2017.xlsx","boron isotopes",37,2017,"ODP 999_A_1_4_52_54","ODP 999",5.04,5.04,12.74,-78.74,0.12437,"Globigerinoides ruber white (sensu stricto)","300-355",,,,266.800940310633,20.75,0.2,3.471,0.13884,28.47,,FALSE,TRUE,"boron_isotopes_chalk_2017.xlsx",37,141,38
"boron_isotopes_chalk_2017.xlsx","boron isotopes",38,2017,"ODP 999_A_1_4_62_64","ODP 999",5.12,5.12,12.74,-78.74,0.12748,"Globigerinoides ruber white (sensu stricto)","300-355",,,,273.430094058021,20.66956359,0.224892372,4.78183275179172,0.191273310071669,28.14,,FALSE,TRUE,"boron_isotopes_chalk_2017.xlsx",38,142,39
"boron_isotopes_chalk_2017.xlsx","boron isotopes",39,2017,"ODP 999_A_1_4_71_73","ODP 999",5.23,5.23,12.74,-78.74,0.13086,"Globigerinoides ruber white (sensu stricto)","300-355",,,,282.016225540395,20.67,0.3,3.415,0.1366,29.14,,FALSE,TRUE,"boron_isotopes_chalk_2017.xlsx",39,143,40
"boron_isotopes_chalk_2017.xlsx","boron isotopes",40,2017,"ODP 999_A_1_4_76_78","ODP 999",5.26,5.26,12.74,-78.74,0.13191,"Globigerinoides ruber white (sensu stricto)","300-355",,,,246.892530037025,20.88489985,0.218432624,4.66814896138176,0.186725958455271,27.87,,FALSE,TRUE,"boron_isotopes_chalk_2017.xlsx",40,144,41
"boron_isotopes_chalk_2017.xlsx","boron isotopes",41,2017,"ODP 999_A_1_4_81_83","ODP 999",5.31,5.31,12.74,-78.74,0.13322,"Globigerinoides ruber white (sensu stricto)","300-355",,,,235.324965440768,20.92334602,0.218582774,4.26841561223188,0.170736624489275,26.88,,FALSE,TRUE,"boron_isotopes_chalk_2017.xlsx",41,145,42
"boron_isotopes_chalk_2017.xlsx","boron isotopes",42,2017,"ODP 999_A_1_4_84_86","ODP 999",5.34,5.34,12.74,-78.74,0.134,"Globigerinoides ruber white (sensu stricto)","300-355",,,,206.839217064347,21.23761547,0.244205006,4.33798129212586,0.173519251685034,27.06,,FALSE,TRUE,"boron_isotopes_chalk_2017.xlsx",42,146,43
"boron_isotopes_chalk_2017.xlsx","boron isotopes",43,2017,"ODP 999_A_1_4_90_92","ODP 999",5.4,5.4,12.74,-78.74,0.13557,"Globigerinoides ruber white (sensu stricto)","300-355",,,,206.638005590503,21.17828108,0.240849178,4.02942345121776,0.16117693804871,26.24,,FALSE,TRUE,"boron_isotopes_chalk_2017.xlsx",43,147,44
"boron_isotopes_chalk_2017.xlsx","boron isotopes",44,2017,"ODP 999_A_1_4_103_105","ODP 999",5.53,5.53,12.74,-78.74,0.13897,"Globigerinoides ruber white (sensu stricto)","300-355",,,,205.836923105067,21.18932677,0.222625014,4.04033492748293,0.161613397099317,26.27,,FALSE,TRUE,"boron_isotopes_chalk_2017.xlsx",44,148,45
"boron_isotopes_chalk_2017.xlsx","boron isotopes",45,2017,"ODP 999_A_1_4_132_134","ODP 999",5.82,5.82,12.74,-78.74,0.14669,"Globigerinoides ruber white (sensu stricto)","300-355",,,,213.742352921119,21.11484762,0.230114186,4.11102094963637,0.164440837985455,26.46,,FALSE,TRUE,"boron_isotopes_chalk_2017.xlsx",45,149,46
"boron_isotopes_chalk_2017.xlsx","boron isotopes",46,2017,"ODP 999_A_1_4_142_144","ODP 999",5.92,5.92,12.74,-78.74,0.15004,"Globigerinoides ruber white (sensu stricto)","300-355",,,,206.17637376001,21.21530042,0.220959364,4.19218170608589,0.167687268243435,26.68,,FALSE,TRUE,"boron_isotopes_chalk_2017.xlsx",46,150,47
"boron_isotopes_chalk_2017.xlsx","boron isotopes",47,2017,"ODP 999_A_1_5_51_53","ODP 999",6.51,6.51,12.74,-78.74,0.16976,"Globigerinoides ruber white (sensu stricto)","300-355",,,,205.877526790347,21.22,0.222956886,4.21063142308041,0.168425256923216,26.72,,FALSE,TRUE,"boron_isotopes_chalk_2017.xlsx",47,151,48
"boron_isotopes_chalk_2017.xlsx","boron isotopes",48,2017,"ODP 999_A_1_5_91_93","ODP 999",6.91,6.91,12.74,-78.74,0.17994,"Globigerinoides ruber white (sensu stricto)","300-355",,,,203.83036013867,21.17179403,0.216747484,3.86725549003783,0.154690219601513,25.78,,FALSE,TRUE,"boron_isotopes_chalk_2017.xlsx",48,152,49
"boron_isotopes_chalk_2017.xlsx","boron isotopes",49,2017,"ODP 999_A_1_6_12_14","ODP 999",7.12,7.12,12.74,-78.74,0.18437,"Globigerinoides ruber white (sensu stricto)","300-355",,,,212.907950890678,21.06374018,0.234692072,3.84094335277769,0.153637734111108,25.7,,FALSE,TRUE,"boron_isotopes_chalk_2017.xlsx",49,153,50
"boron_isotopes_chalk_2017.xlsx","boron isotopes",50,2017,"ODP 999_A_1_6_33_35","ODP 999",7.33,7.33,12.74,-78.74,0.19001,"Globigerinoides ruber white (sensu stricto)","300-355",,,,223.070142365755,20.95412232,0.209211778,3.83613259274542,0.153445303709817,25.69,,FALSE,TRUE,"boron_isotopes_chalk_2017.xlsx",50,154,51
"boron_isotopes_chalk_2017.xlsx","boron isotopes",51,2017,"ODP 999_A_1_6_39_41","ODP 999",7.39,7.39,12.74,-78.74,0.19168,"Globigerinoides ruber white (sensu stricto)","300-355",,,,223.95051602147,20.86016767,0.226310952,3.46533433416718,0.138613373366687,24.56,,FALSE,TRUE,"boron_isotopes_chalk_2017.xlsx",51,155,52
"boron_isotopes_chalk_2017.xlsx","boron isotopes",52,2017,"ODP 999_A_1_CC_7_9","ODP 999",7.62,7.62,12.74,-78.74,0.19807,"Globigerinoides ruber white (sensu stricto)","300-355",,,,249.582030521952,20.56,0.198417126,3.25795610314654,0.130318244125862,23.87,,FALSE,TRUE,"boron_isotopes_chalk_2017.xlsx",52,156,53
"boron_isotopes_chalk_2017.xlsx","boron isotopes",53,2017,"ODP 999_A_2_1_39_40","ODP 999",7.99,7.99,12.74,-78.74,0.21157,"Globigerinoides ruber white (sensu stricto)","300-355",,,,280.046560683587,20.36,0.230040258,3.50874071981334,0.140349628792534,24.7,,FALSE,TRUE,"boron_isotopes_chalk_2017.xlsx",53,157,54
"boron_isotopes_chalk_2017.xlsx","boron isotopes",54,2017,"ODP 999_A_2_1_59_61","ODP 999",8.19,8.19,12.74,-78.74,0.22044,"Globigerinoides ruber white (sensu stricto)","300-355",,,,261.436548122407,20.66815105,0.193945338,4.24318895714849,0.16972755828594,26.81,,FALSE,TRUE,"boron_isotopes_chalk_2017.xlsx",54,158,55
"boron_isotopes_chalk_2017.xlsx","boron isotopes",55,2017,"ODP 999_A_2_1_69_71","ODP 999",8.29,8.29,12.74,-78.74,0.22366,"Globigerinoides ruber white (sensu stricto)","300-355",,,,259.575327691261,20.67404603,0.267600052,4.1891310946355,0.16756524378542,26.67,,FALSE,TRUE,"boron_isotopes_chalk_2017.xlsx",55,159,56
"boron_isotopes_chalk_2017.xlsx","boron isotopes",56,2017,"ODP 999_A_2_1_91_93","ODP 999",8.51,8.51,12.74,-78.74,0.2271,"Globigerinoides ruber white (sensu stricto)","300-355",,,,232.906235275353,20.82277042,0.235569734,3.70727207225,0.14829088289,25.31,,FALSE,TRUE,"boron_isotopes_chalk_2017.xlsx",56,160,57
"boron_isotopes_chalk_2017.xlsx","boron isotopes",57,2017,"ODP 999_A_2_1_111_113","ODP 999",8.71,8.71,12.74,-78.74,0.23576,"Globigerinoides ruber white (sensu stricto)","300-355",,,,263.583032420664,20.47082045,0.244505476,3.4087062644453,0.136348250577812,24.38,,FALSE,TRUE,"boron_isotopes_chalk_2017.xlsx",57,161,58
"boron_isotopes_chalk_2017.xlsx","boron isotopes",58,2017,"ODP 999_A_2_1_123_125","ODP 999",8.83,8.83,12.74,-78.74,0.23948,"Globigerinoides ruber white (sensu stricto)","300-355",,,,243.183140305201,20.69868197,0.220059774,3.60231711112691,0.144092684445076,24.99,,FALSE,TRUE,"boron_isotopes_chalk_2017.xlsx",58,162,59
"boron_isotopes_chalk_2017.xlsx","boron isotopes",59,2017,"ODP 999_A_2_1_139_141","ODP 999",8.99,8.99,12.74,-78.74,0.2429,"Globigerinoides ruber white (sensu stricto)","300-355",,,,278.571876695663,20.4421857,0.250989742,3.84376380135746,0.153750552054298,25.71,,FALSE,TRUE,"boron_isotopes_chalk_2017.xlsx",59,163,60
"boron_isotopes_chalk_2017.xlsx","boron isotopes",60,2017,"ODP 999_A_2_2_9_11","ODP 999",9.19,9.19,12.74,-78.74,0.24718,"Globigerinoides ruber white (sensu stricto)","300-355",,,,262.251188330194,20.58735224,0.216252722,3.88580908607676,0.15543236344307,25.83,,FALSE,TRUE,"boron_isotopes_chalk_2017.xlsx",60,164,61
"boron_isotopes_chalk_2017.xlsx","boron isotopes",61,2017,"ODP 999_A_2_2_23_24","ODP 999",9.33,9.33,12.74,-78.74,0.25007,"Globigerinoides ruber white (sensu stricto)","300-355",,,,222.839039102828,21.00136596,0.217118038,4.07297289305613,0.162918915722245,26.36,,FALSE,TRUE,"boron_isotopes_chalk_2017.xlsx",61,165,62
"boron_isotopes_chalk_2017.xlsx","boron isotopes",62,2017,"ODP 999_A_2_2_63_65","ODP 999",9.73,9.73,12.74,-78.74,0.25784,"Globigerinoides ruber white (sensu stricto)","300-355",,,,232.397398184821,20.84304009,0.197655604,3.7879258128868,0.151517032515472,25.55,,FALSE,TRUE,"boron_isotopes_chalk_2017.xlsx",62,166,63
"boron_isotopes_chalk_2017.xlsx","boron isotopes",63,2017,"ODP 999_A_4_7_22_24","ODP 999",35.82,35.82,12.74,-78.74,1.08726,"Globigerinoides ruber white (sensu stricto)","300-355",,,,228.1514302,20.82,0.18918473,3.59438733831348,0.143775493532539,25.57223978,,FALSE,TRUE,"boron_isotopes_chalk_2017.xlsx",63,167,64
"boron_isotopes_chalk_2017.xlsx","boron isotopes",64,2017,"ODP 999_A_4_7_32.8883769999998_34.8883769999998","ODP 999",35.92960246,35.92960246,12.74,-78.74,1.08869,"Globigerinoides ruber white (sensu stricto)","300-355",,,,255.0779985,20.56583042,0.195735082,3.59673132939335,0.143869253175734,25.57998655,,FALSE,TRUE,"boron_isotopes_chalk_2017.xlsx",64,168,65
"boron_isotopes_chalk_2017.xlsx","boron isotopes",65,2017,"ODP 999_A_4_7_41.6941029999998_43.6941029999998","ODP 999",36.01765972,36.01765972,12.74,-78.74,1.09003,"Globigerinoides ruber white (sensu stricto)","300-355",,,,218.113728,20.925,0.171493264,3.59704656542061,0.143881862616824,25.58146369,,FALSE,TRUE,"boron_isotopes_chalk_2017.xlsx",65,169,66
"boron_isotopes_chalk_2017.xlsx","boron isotopes",66,2017,"ODP 999_A_4_7_51.6954790000001_53.6954790000001","ODP 999",36.11767348,36.11767348,12.74,-78.74,1.09267,"Globigerinoides ruber white (sensu stricto)","300-355",,,,236.6639629,20.8,0.19560462,3.8933859020864,0.155735436083456,26.46159021,,FALSE,TRUE,"boron_isotopes_chalk_2017.xlsx",66,170,67
"boron_isotopes_chalk_2017.xlsx","boron isotopes",67,2017,"ODP 999_A_4_7_60_62","ODP 999",36.2,36.2,12.74,-78.74,1.09471,"Globigerinoides ruber white (sensu stricto)","300-355",,,,246.542707,20.73435804,0.218499886,4.01013909503901,0.16040556380156,26.79039075,,FALSE,TRUE,"boron_isotopes_chalk_2017.xlsx",67,171,68
"boron_isotopes_chalk_2017.xlsx","boron isotopes",68,2017,"ODP 999_A_4_CC_11_13","ODP 999",36.43,36.43,12.74,-78.74,1.09946,"Globigerinoides ruber white (sensu stricto)","300-355",,,,322.5493274,20.0893291,0.194254126,3.84246010936239,0.153698404374495,26.31680769,,FALSE,TRUE,"boron_isotopes_chalk_2017.xlsx",68,172,69
"boron_isotopes_chalk_2017.xlsx","boron isotopes",69,2017,"ODP 999_A_5_1_12_14","ODP 999",36.22,36.22,12.74,-78.74,1.10242,"Globigerinoides ruber white (sensu stricto)","300-355",,,,300.9691008,20.22975767,0.193047956,3.79373895665355,0.151749558266142,26.17602889,,FALSE,TRUE,"boron_isotopes_chalk_2017.xlsx",69,173,70
"boron_isotopes_chalk_2017.xlsx","boron isotopes",70,2017,"ODP 999_A_5_1_17_19","ODP 999",36.27,36.27,12.74,-78.74,1.10316,"Globigerinoides ruber white (sensu stricto)","300-355",,,,286.691333,20.23,0.292175806,4.14637186634105,0.165854874653642,24.6625114,,FALSE,TRUE,"boron_isotopes_chalk_2017.xlsx",70,174,71
"boron_isotopes_chalk_2017.xlsx","boron isotopes",71,2017,"ODP 999_A_5_1_37.5173090000004_39.5173090000004","ODP 999",36.47494841,36.47494841,12.74,-78.74,1.1062,"Globigerinoides ruber white (sensu stricto)","300-355",,,,242.2057225,20.74592762,0.149970348,3.88554821414494,0.155421928565798,26.44272553,,FALSE,TRUE,"boron_isotopes_chalk_2017.xlsx",71,175,72
"boron_isotopes_chalk_2017.xlsx","boron isotopes",72,2017,"ODP 999_A_5_1_48.3991950000003_50.3991950000003","ODP 999",36.58376727,36.58376727,12.74,-78.74,1.10782,"Globigerinoides ruber white (sensu stricto)","300-355",,,,260.5005316,20.51,0.20036323,3.57146012009718,0.142858404803887,25.50617469,,FALSE,TRUE,"boron_isotopes_chalk_2017.xlsx",72,176,73
"boron_isotopes_chalk_2017.xlsx","boron isotopes",73,2017,"ODP 999_A_5_1_59.2812659999999_61.2812659999999","ODP 999",36.69258798,36.69258798,12.74,-78.74,1.1103,"Globigerinoides ruber white (sensu stricto)","300-355",,,,281.6599423,20.42,0.185226512,3.97927006846004,0.159170802738401,26.70855904,,FALSE,TRUE,"boron_isotopes_chalk_2017.xlsx",73,177,74
"boron_isotopes_chalk_2017.xlsx","boron isotopes",74,2017,"ODP 999_A_5_1_70.1630350000001_72.1630350000001","ODP 999",36.80140567,36.80140567,12.74,-78.74,1.1128,"Globigerinoides ruber white (sensu stricto)","300-355",,,,241.6421844,20.77558234,0.196604712,4.00277064822679,0.160110825929072,26.7438494,,FALSE,TRUE,"boron_isotopes_chalk_2017.xlsx",74,178,75
"boron_isotopes_chalk_2017.xlsx","boron isotopes",75,2017,"ODP 999_A_5_1_80.8929320000004_82.8929320000004","ODP 999",36.90870464,36.90870464,12.74,-78.74,1.11526,"Globigerinoides ruber white (sensu stricto)","300-355",,,,222.3368582,20.935,0.194005138,3.8664286885938,0.154657147543752,26.32885001,,FALSE,TRUE,"boron_isotopes_chalk_2017.xlsx",75,179,76
"boron_isotopes_chalk_2017.xlsx","boron isotopes",76,2017,"ODP 999_A_5_1_90.3610010000001_92.3610010000001","ODP 999",37.00338533,37.00338533,12.74,-78.74,1.11786,"Globigerinoides ruber white (sensu stricto)","300-355",,,,208.91475,21.10718257,0.149424944,3.98977043452111,0.159590817380844,26.64802335,,FALSE,TRUE,"boron_isotopes_chalk_2017.xlsx",76,180,77
"boron_isotopes_chalk_2017.xlsx","boron isotopes",77,2017,"ODP 999_A_5_1_98.80171_100.80171","ODP 999",37.08779242,37.08779242,12.74,-78.74,1.12036,"Globigerinoides ruber white (sensu stricto)","300-355",,,,243.3561393,20.78548538,0.153323524,4.17549653002872,0.167019861201149,27.09466544,,FALSE,TRUE,"boron_isotopes_chalk_2017.xlsx",77,181,78
"boron_isotopes_chalk_2017.xlsx","boron isotopes",78,2017,"ODP 999_A_5_1_108_110","ODP 999",37.18,37.18,12.74,-78.74,1.12309,"Globigerinoides ruber white (sensu stricto)","300-355",,,,196.9340645,21.25171635,0.148085706,4.0589616152941,0.162358464611764,26.75098201,,FALSE,TRUE,"boron_isotopes_chalk_2017.xlsx",78,182,79
"boron_isotopes_chalk_2017.xlsx","boron isotopes",79,2017,"ODP 999_A_5_1_118_120","ODP 999",37.28,37.28,12.74,-78.74,1.12606,"Globigerinoides ruber white (sensu stricto)","300-355",,,,242.7501916,20.63550701,0.213532924,3.50243112915968,0.140097245166387,25.05464023,,FALSE,TRUE,"boron_isotopes_chalk_2017.xlsx",79,183,80
"boron_isotopes_chalk_2017.xlsx","boron isotopes",80,2017,"ODP 999_A_5_1_123_125","ODP 999",37.33,37.33,12.74,-78.74,1.12781,"Globigerinoides ruber white (sensu stricto)","300-355",,,,241.5571446,20.63164885,0.220123392,3.44828945697593,0.137931578279037,24.88153981,,FALSE,TRUE,"boron_isotopes_chalk_2017.xlsx",80,184,81
"boron_isotopes_chalk_2017.xlsx","boron isotopes",81,2017,"ODP 999_A_5_1_132_134","ODP 999",37.42,37.42,12.74,-78.74,1.13097,"Globigerinoides ruber white (sensu stricto)","300-355",,,,246.5238334,20.63375582,0.162198646,3.67607769980666,0.147043107992266,25.53523177,,FALSE,TRUE,"boron_isotopes_chalk_2017.xlsx",81,185,82
"boron_isotopes_chalk_2017.xlsx","boron isotopes",82,2017,"ODP 999_A_5_1_148_150","ODP 999",37.58,37.58,12.74,-78.74,1.13657,"Globigerinoides ruber white (sensu stricto)","300-355",,,,292.2240119,20.23242814,0.150044744,3.63230954488759,0.145292381795503,25.31786885,,FALSE,TRUE,"boron_isotopes_chalk_2017.xlsx",82,186,83
"boron_isotopes_chalk_2017.xlsx","boron isotopes",83,2017,"ODP 999_A_5_2_7.88640199999969_9.88640199999969","ODP 999",37.67863934,37.67863934,12.74,-78.74,1.14003,"Globigerinoides ruber white (sensu stricto)","300-355",,,,308.4677426,20.04,0.194540186,3.34239657097292,0.133695862838917,24.33830867,,FALSE,TRUE,"boron_isotopes_chalk_2017.xlsx",83,187,84
"boron_isotopes_chalk_2017.xlsx","boron isotopes",84,2017,"ODP 999_A_5_2_17_19","ODP 999",37.77,37.77,12.74,-78.74,1.14323,"Globigerinoides ruber white (sensu stricto)","300-355",,,,280.0698408,20.18038387,0.244226122,3.05248359705826,0.12209934388233,23.30275375,,FALSE,TRUE,"boron_isotopes_chalk_2017.xlsx",84,188,85
"boron_isotopes_chalk_2017.xlsx","boron isotopes",85,2017,"ODP 999_A_5_2_23_25","ODP 999",37.83,37.83,12.74,-78.74,1.14533,"Globigerinoides ruber white (sensu stricto)","300-355",,,,298.2105357,20.09301133,0.2298189,3.27154204492687,0.130861681797075,24.04556758,,FALSE,TRUE,"boron_isotopes_chalk_2017.xlsx",85,189,86
"boron_isotopes_chalk_2017.xlsx","boron isotopes",86,2017,"ODP 999_A_5_2_33.2083490000002_35.2083490000002","ODP 999",37.93185881,37.93185881,12.74,-78.74,1.1489,"Globigerinoides ruber white (sensu stricto)","300-355",,,,314.9261227,19.96260764,0.353400798,3.22507102165924,0.129002840866369,23.83258767,,FALSE,TRUE,"boron_isotopes_chalk_2017.xlsx",86,190,87
"boron_isotopes_chalk_2017.xlsx","boron isotopes",87,2017,"ODP 999_A_5_2_39_41","ODP 999",37.99,37.99,12.74,-78.74,1.15094,"Globigerinoides ruber white (sensu stricto)","300-355",,,,262.1271581,20.31,0.239075512,3.00579208004753,0.120231683201901,23.02344032,,FALSE,TRUE,"boron_isotopes_chalk_2017.xlsx",87,191,88
"boron_isotopes_chalk_2017.xlsx","boron isotopes",88,2017,"ODP 999_A_5_2_48_50","ODP 999",38.08,38.08,12.74,-78.74,1.15409,"Globigerinoides ruber white (sensu stricto)","300-355",,,,246.3945483,20.51910395,0.222955026,3.27463965781407,0.130985586312563,24.00345636,,FALSE,TRUE,"boron_isotopes_chalk_2017.xlsx",88,192,89
"boron_isotopes_chalk_2017.xlsx","boron isotopes",89,2017,"ODP 999_A_5_2_58.5305750000003_60.5305750000003","ODP 999",38.18508107,38.18508107,12.74,-78.74,1.15777,"Globigerinoides ruber white (sensu stricto)","300-355",,,,301.9340588,20.10275801,0.217485602,3.42884898829603,0.137153959531841,24.5289015,,FALSE,TRUE,"boron_isotopes_chalk_2017.xlsx",89,193,90
"boron_isotopes_chalk_2017.xlsx","boron isotopes",90,2017,"ODP 999_A_5_2_66.9712349999997_68.9712349999997","ODP 999",38.26948767,38.26948767,12.74,-78.74,1.16073,"Globigerinoides ruber white (sensu stricto)","300-355",,,,311.4114266,19.98,0.216434172,3.21562745787586,0.128625098315035,23.84397179,,FALSE,TRUE,"boron_isotopes_chalk_2017.xlsx",90,194,91
"boron_isotopes_chalk_2017.xlsx","boron isotopes",91,2017,"ODP 999_A_5_2_73_75","ODP 999",38.33,38.33,12.74,-78.74,1.16285,"Globigerinoides ruber white (sensu stricto)","300-355",,,,273.6699449,20.37160853,0.194265602,3.64538459058335,0.145815383623334,25.25202297,,FALSE,TRUE,"boron_isotopes_chalk_2017.xlsx",91,195,92
"boron_isotopes_chalk_2017.xlsx","boron isotopes",92,2017,"ODP 999_A_5_2_93_95","ODP 999",38.53,38.53,12.74,-78.74,1.16986,"Globigerinoides ruber white (sensu stricto)","300-355",,,,283.1137826,20.29128744,0.15786813,3.60441026452159,0.144176410580864,25.16953816,,FALSE,TRUE,"boron_isotopes_chalk_2017.xlsx",92,196,93
"boron_isotopes_chalk_2017.xlsx","boron isotopes",93,2017,"ODP 999_A_5_2_120.225904_122.225904","ODP 999",38.80203436,38.80203436,12.74,-78.74,1.17757,"Globigerinoides ruber white (sensu stricto)","300-355",,,,271.5235759,20.36443733,0.175489924,3.51787735336773,0.140715094134709,24.95765846,,FALSE,TRUE,"boron_isotopes_chalk_2017.xlsx",93,197,94
"boron_isotopes_chalk_2017.xlsx","boron isotopes",94,2017,"ODP 999_A_5_2_130.456421_132.456421","ODP 999",38.90433953,38.90433953,12.74,-78.74,1.17966,"Globigerinoides ruber white (sensu stricto)","300-355",,,,261.6177012,20.49759292,0.197263004,3.70383601521777,0.148153440608711,25.54465357,,FALSE,TRUE,"boron_isotopes_chalk_2017.xlsx",94,198,95
"boron_isotopes_chalk_2017.xlsx","boron isotopes",95,2017,"ODP 999_A_5_2_140.686983_142.686983","ODP 999",39.00664515,39.00664515,12.74,-78.74,1.18175,"Globigerinoides ruber white (sensu stricto)","300-355",,,,228.5045237,20.84918402,0.146377636,3.89588619758302,0.155835447903321,26.12103894,,FALSE,TRUE,"boron_isotopes_chalk_2017.xlsx",95,199,96
"boron_isotopes_chalk_2017.xlsx","boron isotopes",96,2017,"ODP 999_A_5_3_2_4","ODP 999",39.12,39.12,12.74,-78.74,1.18406,"Globigerinoides ruber white (sensu stricto)","300-355",,,,222.4168825,20.83236237,0.179484052,3.52603488575814,0.141041395430325,25.04226976,,FALSE,TRUE,"boron_isotopes_chalk_2017.xlsx",96,200,97
"boron_isotopes_chalk_2017.xlsx","boron isotopes",97,2017,"ODP 999_A_5_3_10.1112679999999_12.1112679999999","ODP 999",39.200888,39.200888,12.74,-78.74,1.18597,"Globigerinoides ruber white (sensu stricto)","300-355",,,,254.3598884,20.57424038,0.194733544,3.74703382614043,0.149881353045617,25.71772053,,FALSE,TRUE,"boron_isotopes_chalk_2017.xlsx",97,201,98
"boron_isotopes_chalk_2017.xlsx","boron isotopes",98,2017,"ODP 999_A_5_3_18.570803_20.570803","ODP 999",39.28548335,39.28548335,12.74,-78.74,1.18807,"Globigerinoides ruber white (sensu stricto)","300-355",,,,263.5738661,20.44412932,0.186174602,3.53555289173819,0.141422115669527,25.10194787,,FALSE,TRUE,"boron_isotopes_chalk_2017.xlsx",98,202,99
"boron_isotopes_chalk_2017.xlsx","boron isotopes",99,2017,"ODP 999_A_5_3_27.0297110000001_29.0297110000001","ODP 999",39.37007243,39.37007243,12.74,-78.74,1.19131,"Globigerinoides ruber white (sensu stricto)","300-355",,,,211.0156353,20.94635892,0.146908178,3.4738315536438,0.138953262145752,24.9212003,,FALSE,TRUE,"boron_isotopes_chalk_2017.xlsx",99,203,100
"boron_isotopes_chalk_2017.xlsx","boron isotopes",100,2017,"ODP 999_A_5_3_37_39","ODP 999",39.47,39.47,12.74,-78.74,1.19515,"Globigerinoides ruber white (sensu stricto)","300-355",,,,203.2736453,20.97,0.178041634,3.23396949333361,0.129358779733344,24.15624373,,FALSE,TRUE,"boron_isotopes_chalk_2017.xlsx",100,204,101
"boron_isotopes_chalk_2017.xlsx","boron isotopes",101,2017,"ODP 999_A_5_3_58_60","ODP 999",39.68,39.68,12.74,-78.74,1.20326,"Globigerinoides ruber white (sensu stricto)","300-355",,,,189.3004466,21.22068439,0.14698282,3.54491176416157,0.141796470566463,25.23691556,,FALSE,TRUE,"boron_isotopes_chalk_2017.xlsx",101,205,102
"boron_isotopes_chalk_2017.xlsx","boron isotopes",102,2017,"ODP 999_A_5_3_67_69","ODP 999",39.77,39.77,12.74,-78.74,1.20676,"Globigerinoides ruber white (sensu stricto)","300-355",,,,212.9832313,20.99090554,0.143877406,3.73621278295408,0.149448511318163,25.85153169,,FALSE,TRUE,"boron_isotopes_chalk_2017.xlsx",102,206,103
"boron_isotopes_chalk_2017.xlsx","boron isotopes",103,2017,"ODP 999_A_5_3_77.7851810000001_79.7851810000001","ODP 999",39.87762713,39.87762713,12.74,-78.74,1.20999,"Globigerinoides ruber white (sensu stricto)","300-355",,,,235.1503955,20.71,0.180537414,3.50528546227142,0.140211418490857,25.15802715,,FALSE,TRUE,"boron_isotopes_chalk_2017.xlsx",103,207,104
"boron_isotopes_chalk_2017.xlsx","boron isotopes",104,2017,"ODP 999_A_5_3_94.703501_96.703501","ODP 999",40.04681033,40.04681033,12.74,-78.74,1.21448,"Globigerinoides ruber white (sensu stricto)","300-355",,,,288.0500356,20.235,0.17693286,3.4343385689548,0.137373542758192,24.97731603,,FALSE,TRUE,"boron_isotopes_chalk_2017.xlsx",104,208,105
"boron_isotopes_chalk_2017.xlsx","boron isotopes",105,2017,"ODP 999_A_5_3_102_104","ODP 999",40.12,40.12,12.74,-78.74,1.21642,"Globigerinoides ruber white (sensu stricto)","300-355",,,,271.698564,20.35653815,0.21990036,3.3902624608115,0.13561049843246,24.84939455,,FALSE,TRUE,"boron_isotopes_chalk_2017.xlsx",105,209,106
"boron_isotopes_chalk_2017.xlsx","boron isotopes",106,2017,"ODP 999_A_5_3_110_112","ODP 999",40.2,40.2,12.74,-78.74,1.21854,"Globigerinoides ruber white (sensu stricto)","300-355",,,,301.0778935,20.0734272,0.221015738,3.17299089299868,0.126919635719947,24.12913015,,FALSE,TRUE,"boron_isotopes_chalk_2017.xlsx",106,210,107
"boron_isotopes_chalk_2017.xlsx","boron isotopes",107,2017,"ODP 999_A_5_3_128.540584_130.540584","ODP 999",40.38518116,40.38518116,12.74,-78.74,1.22418,"Globigerinoides ruber white (sensu stricto)","300-355",,,,252.5312915,20.53190458,0.236324504,3.4122606243375,0.1364904249735,24.9842008,,FALSE,TRUE,"boron_isotopes_chalk_2017.xlsx",107,211,108
"boron_isotopes_chalk_2017.xlsx","boron isotopes",108,2017,"ODP 999_A_5_3_136.999882_138.999882","ODP 999",40.46977414,40.46977414,12.74,-78.74,1.22717,"Globigerinoides ruber white (sensu stricto)","300-355",,,,270.713052,20.3767401,0.21315179,3.42531978883855,0.137012791553542,25.04251594,,FALSE,TRUE,"boron_isotopes_chalk_2017.xlsx",108,212,109
"boron_isotopes_chalk_2017.xlsx","boron isotopes",109,2017,"ODP 999_A_5_3_147_149","ODP 999",40.57,40.57,12.74,-78.74,1.23072,"Globigerinoides ruber white (sensu stricto)","300-355",,,,314.0395733,20.04119615,0.248398278,3.4155211868097,0.136620847472388,25.04259769,,FALSE,TRUE,"boron_isotopes_chalk_2017.xlsx",109,213,110
"boron_isotopes_chalk_2017.xlsx","boron isotopes",110,2017,"ODP 999_A_5_4_6_8","ODP 999",40.66,40.66,12.74,-78.74,1.2339,"Globigerinoides ruber white (sensu stricto)","300-355",,,,295.24228,20.225,0.207754982,3.60413587498121,0.144165434999248,25.65588179,,FALSE,TRUE,"boron_isotopes_chalk_2017.xlsx",110,214,111
"boron_isotopes_chalk_2017.xlsx","boron isotopes",111,2017,"ODP 999_A_5_4_12.4591639999998_14.4591639999998","ODP 999",40.72436696,40.72436696,12.74,-78.74,1.23618,"Globigerinoides ruber white (sensu stricto)","300-355",,,,259.779582,20.56400114,0.17050942,3.80979027425383,0.152391610970153,26.30471175,,FALSE,TRUE,"boron_isotopes_chalk_2017.xlsx",111,215,112
"boron_isotopes_chalk_2017.xlsx","boron isotopes",112,2017,"ODP 999_A_5_4_21_23","ODP 999",40.81,40.81,12.74,-78.74,1.23983,"Globigerinoides ruber white (sensu stricto)","300-355",,,,265.6476428,20.54738004,0.207386182,3.97438248576291,0.158975299430516,26.79087047,,FALSE,TRUE,"boron_isotopes_chalk_2017.xlsx",112,216,113
"boron_isotopes_chalk_2017.xlsx","boron isotopes",113,2017,"ODP 999_A_5_4_29_31","ODP 999",40.89,40.89,12.74,-78.74,1.24325,"Globigerinoides ruber white (sensu stricto)","300-355",,,,288.5075635,20.46,0.152598054,4.49185392325176,0.17967415693007,28.17123082,,FALSE,TRUE,"boron_isotopes_chalk_2017.xlsx",113,217,114
"boron_isotopes_delavega_2020.xlsx","Boron isotopes",4,2020,"999_A_9_2_89_91","999",,,12.75,-78.73,2.34014,"Globigerinoides ruber white","300-355",,"3.85",,310.83596585057,20.23,0.1,3.85,0.1925,28.4092065194859,"MB15",TRUE,TRUE,"boron_isotopes_delavega_2020.xlsx",4,218,5
"boron_isotopes_delavega_2020.xlsx","Boron isotopes",5,2020,"999_A_9_2_120_122","999",,,12.75,-78.73,2.35085,"Globigerinoides ruber white","300-355",,"3.71",,308.162968428904,20.21,0.18,3.71,0.1855,28.0028343404637,"MB15",TRUE,TRUE,"boron_isotopes_delavega_2020.xlsx",5,219,6
"boron_isotopes_delavega_2020.xlsx","Boron isotopes",6,2020,"999_A_9_2_141_143","999",,,12.75,-78.73,2.35808,"Globigerinoides ruber white","300-355",,"4.31",,300.912420634062,20.4,0.11,4.31,0.2155,29.6719689046784,"MB15",TRUE,TRUE,"boron_isotopes_delavega_2020.xlsx",6,220,7
"boron_isotopes_delavega_2020.xlsx","Boron isotopes",7,2020,"999_A_9_3_51_53","999",,,12.75,-78.73,2.37892,"Globigerinoides ruber white","300-355",,"3.87",,397.515953069341,19.65,0.12,3.87,0.1935,28.485625105684,"MB15",TRUE,TRUE,"boron_isotopes_delavega_2020.xlsx",7,221,8
"boron_isotopes_delavega_2020.xlsx","Boron isotopes",8,2020,"999_A_9_3_78_80","999",,,12.75,-78.73,2.38839,"Globigerinoides ruber white","300-355",,"3.91",,365.235060318069,19.89,0.12,3.91,0.1955,28.6044936821973,"MB15",TRUE,TRUE,"boron_isotopes_delavega_2020.xlsx",8,222,9
"boron_isotopes_delavega_2020.xlsx","Boron isotopes",9,2020,"999_A_9_3_102_104","999",,,12.75,-78.73,2.39671,"Globigerinoides ruber white","300-355",,"3.8",,372.629603966722,19.83,0.1,3.8,0.19,28.2914815946888,"MB15",TRUE,TRUE,"boron_isotopes_delavega_2020.xlsx",9,223,10
"boron_isotopes_delavega_2020.xlsx","Boron isotopes",10,2020,"999_A_9_4_29_31","999",,,12.75,-78.73,2.41093,"Globigerinoides ruber white","300-355",,"4.06",,278.026784305801,20.57,0.09,4.06,0.203,29.0337801519592,"MB15",TRUE,TRUE,"boron_isotopes_delavega_2020.xlsx",10,224,11
"boron_isotopes_delavega_2020.xlsx","Boron isotopes",11,2020,"999_A_9_4_96_98","999",,,12.75,-78.73,2.42663,"Globigerinoides ruber white","300-355",,"3.81",,328.643051977913,20.1,0.1,3.81,0.1905,28.3353060688874,"MB15",TRUE,TRUE,"boron_isotopes_delavega_2020.xlsx",11,225,12
"boron_isotopes_delavega_2020.xlsx","Boron isotopes",12,2020,"999_A_9_5_45_47","999",,,12.75,-78.73,2.45451,"Globigerinoides ruber white","300-355",,"3.85",,317.71094051129,20.2,0.09,3.85,0.1925,28.4650185210335,"MB15",TRUE,TRUE,"boron_isotopes_delavega_2020.xlsx",12,226,13
"boron_isotopes_delavega_2020.xlsx","Boron isotopes",13,2020,"999_A_9_5_123_125","999",,,12.75,-78.73,2.47382,"Globigerinoides ruber white","300-355",,"3.81",,337.646541796745,20.04,0.09,3.81,0.1905,28.3584655561218,"MB15",TRUE,TRUE,"boron_isotopes_delavega_2020.xlsx",13,227,14
"boron_isotopes_delavega_2020.xlsx","Boron isotopes",14,2020,"999_A_9_6_50_52","999",,,12.75,-78.73,2.49734,"Globigerinoides ruber white","300-355",,"3.7",,351.965423225419,19.91,0.11,3.7,0.185,28.0445373894221,"MB15",TRUE,TRUE,"boron_isotopes_delavega_2020.xlsx",14,228,15
"boron_isotopes_delavega_2020.xlsx","Boron isotopes",15,2020,"999_A_9_6_53_55","999",,,12.75,-78.73,2.4983,"Globigerinoides ruber white","300-355",,"3.69",,349.766978489516,19.88,0.09,3.69,0.1845,28.0149402723986,"MB15",TRUE,TRUE,"boron_isotopes_delavega_2020.xlsx",15,229,16
"boron_isotopes_delavega_2020.xlsx","Boron isotopes",16,2020,"999_A_9_6_112_114","999",,,12.75,-78.73,2.51716,"Globigerinoides ruber white","300-355",,"3.49",,247.629125228197,20.71,0.09,3.49,0.1745,27.4049495459711,"MB15",TRUE,TRUE,"boron_isotopes_delavega_2020.xlsx",16,230,17
"boron_isotopes_delavega_2020.xlsx","Boron isotopes",17,2020,"999_A_9_7_37_39","999",,,12.75,-78.73,2.54044,"Globigerinoides ruber white","300-355",,"3.48",,333.806611231028,20,0.09,3.48,0.174,27.3834326375656,"MB15",TRUE,TRUE,"boron_isotopes_delavega_2020.xlsx",17,231,18
"boron_isotopes_delavega_2020.xlsx","Boron isotopes",18,2020,"999_A_9_CC_23_25","999",,,12.75,-78.73,2.5724,"Globigerinoides ruber white","300-355",,"3.8",,303.126114120331,20.32,0.1,3.8,0.19,28.3725519314583,"MB15",TRUE,TRUE,"boron_isotopes_delavega_2020.xlsx",18,232,19
"boron_isotopes_delavega_2020.xlsx","Boron isotopes",19,2020,"999_A_10_1_52_54","999",,,12.75,-78.73,2.5865,"Globigerinoides ruber white","300-355",,"3.52",,326.165109520814,20.04,0.1,3.52,0.176,27.5272728633036,"MB15",TRUE,TRUE,"boron_isotopes_delavega_2020.xlsx",19,233,20
"boron_isotopes_delavega_2020.xlsx","Boron isotopes",20,2020,"999_A_10_1_107_109","999",,,12.75,-78.73,2.60034,"Globigerinoides ruber white","300-355",,"3.97",,357.546886478972,19.93,0.13,3.97,0.1985,28.8690729266199,"MB15",TRUE,TRUE,"boron_isotopes_delavega_2020.xlsx",20,234,21
"boron_isotopes_delavega_2020.xlsx","Boron isotopes",21,2020,"999_A_10_2_21_23","999",,,12.75,-78.73,2.61869,"Globigerinoides ruber white","300-355",,"3.53",,282.931691284355,20.42,0.09,3.53,0.1765,27.5706101694832,"MB15",TRUE,TRUE,"boron_isotopes_delavega_2020.xlsx",21,235,22
"boron_isotopes_delavega_2020.xlsx","Boron isotopes",22,2020,"999_A_10_2_50_52","999",,,12.75,-78.73,2.62686,"Globigerinoides ruber white","300-355",,"3.6",,304.927805763065,20.23,0.1,3.6,0.18,27.7917916155134,"MB15",TRUE,TRUE,"boron_isotopes_delavega_2020.xlsx",22,236,23
"boron_isotopes_delavega_2020.xlsx","Boron isotopes",23,2020,"999_A_10_2_70_72","999",,,12.75,-78.73,2.63274,"Globigerinoides ruber white","300-355",,"3.89",,252.938988912063,20.8,0.1,3.89,0.1945,28.6547916064264,"MB15",TRUE,TRUE,"boron_isotopes_delavega_2020.xlsx",23,237,24
"boron_isotopes_delavega_2020.xlsx","Boron isotopes",24,2020,"999_A_10_2_121_123","999",,,12.75,-78.73,2.64736,"Globigerinoides ruber white","300-355",,"3.67",,283.706142270853,20.43,0.09,3.67,0.1835,28.013313542376,"MB15",TRUE,TRUE,"boron_isotopes_delavega_2020.xlsx",24,238,25
"boron_isotopes_delavega_2020.xlsx","Boron isotopes",25,2020,"999_A_10_3_19_20","999",,,12.75,-78.73,2.66138,"Globigerinoides ruber white","300-355",,"4.12",,305.099099420982,20.36,0.11,4.12,0.206,29.3038782124233,"MB15",TRUE,TRUE,"boron_isotopes_delavega_2020.xlsx",25,239,26
"boron_isotopes_delavega_2020.xlsx","Boron isotopes",26,2020,"999_A_10_3_50_52","999",,,12.75,-78.73,2.67105,"Globigerinoides ruber white","300-355",,"3.61",,263.895090691287,20.58,0.11,3.61,0.1805,27.8396339019265,"MB15",TRUE,TRUE,"boron_isotopes_delavega_2020.xlsx",26,240,27
"boron_isotopes_delavega_2020.xlsx","Boron isotopes",27,2020,"999_A_10_3_77_79","999",,,12.75,-78.73,2.67921,"Globigerinoides ruber white","300-355",,"3.34",,320.159888469179,20.04,0.09,3.34,0.167,26.9792999241461,"MB15",TRUE,TRUE,"boron_isotopes_delavega_2020.xlsx",27,241,28
"boron_isotopes_delavega_2020.xlsx","Boron isotopes",28,2020,"999_A_10_3_100_102","999",,,12.75,-78.73,2.68616,"Globigerinoides ruber white","300-355",,"3.28",,282.432265047415,20.31,0.1,3.28,0.164,26.7805135006702,"MB15",TRUE,TRUE,"boron_isotopes_delavega_2020.xlsx",28,242,29
"boron_isotopes_delavega_2020.xlsx","Boron isotopes",29,2020,"999_A_10_3_140_142","999",,,12.75,-78.73,2.69825,"Globigerinoides ruber white","300-355",,"3.13",,281.505026288931,20.35,0.09,3.13,0.1565,26.264530195051,"MB15",TRUE,TRUE,"boron_isotopes_delavega_2020.xlsx",29,243,30
"boron_isotopes_delavega_2020.xlsx","Boron isotopes",30,2020,"999_A_10_4_14_16","999",,,12.75,-78.73,2.70551,"Globigerinoides ruber white","300-355",,"3.21",,239.499518841884,20.75,0.22,3.21,0.1605,26.547434990629,"MB15",TRUE,TRUE,"boron_isotopes_delavega_2020.xlsx",30,244,31
"boron_isotopes_delavega_2020.xlsx","Boron isotopes",31,2020,"999_A_10_4_29_31","999",,,12.75,-78.73,2.71004,"Globigerinoides ruber white","300-355",,"3.26",,312.86585996597,20.05,0.13,3.26,0.163,26.7207213904538,"MB15",TRUE,TRUE,"boron_isotopes_delavega_2020.xlsx",31,245,32
"boron_isotopes_delavega_2020.xlsx","Boron isotopes",32,2020,"999_A_10_4_49_51","999",,,12.75,-78.73,2.71609,"Globigerinoides ruber white","300-355",,"3.33",,262.251221795855,20.51,0.09,3.33,0.1665,26.9588493275444,"MB15",TRUE,TRUE,"boron_isotopes_delavega_2020.xlsx",32,246,33
"boron_isotopes_delavega_2020.xlsx","Boron isotopes",33,2020,"999_A_10_4_148_150","999",,,12.75,-78.73,2.74451,"Globigerinoides ruber white","300-355",,"3.6",,332.260788002057,19.99,0.09,3.6,0.18,27.8348306844547,"MB15",TRUE,TRUE,"boron_isotopes_delavega_2020.xlsx",33,247,34
"boron_isotopes_delavega_2020.xlsx","Boron isotopes",34,2020,"999_A_10_5_22_24","999",,,12.75,-78.73,2.75111,"Globigerinoides ruber white","300-355",,"3.58",,316.601778689475,20.11,0.15,3.58,0.179,27.775195562216,"MB15",TRUE,TRUE,"boron_isotopes_delavega_2020.xlsx",34,248,35
"boron_isotopes_delavega_2020.xlsx","Boron isotopes",35,2020,"999_A_10_5_71_73","999",,,12.75,-78.73,2.76459,"Globigerinoides ruber white","300-355",,"3.55",,356.670483463705,19.86,0.11,3.55,0.1775,27.6863237407535,"MB15",TRUE,TRUE,"boron_isotopes_delavega_2020.xlsx",35,249,36
"boron_isotopes_delavega_2020.xlsx","Boron isotopes",36,2020,"999_A_10_5_120_122","999",,,12.75,-78.73,2.77807,"Globigerinoides ruber white","300-355",,"3.34",,278.789138546845,20.37,0.09,3.34,0.167,27.013438857448,"MB15",TRUE,TRUE,"boron_isotopes_delavega_2020.xlsx",36,250,37
"boron_isotopes_delavega_2020.xlsx","Boron isotopes",37,2020,"999_A_10_6_48_50","999",,,12.75,-78.73,2.79952,"Globigerinoides ruber white","300-355",,"3.52",,280.102622454209,20.4,0.11,3.52,0.176,27.6040483956964,"MB15",TRUE,TRUE,"boron_isotopes_delavega_2020.xlsx",37,251,38
"boron_isotopes_delavega_2020.xlsx","Boron isotopes",38,2020,"999_A_10_6_127_129","999",,,12.75,-78.73,2.82186,"Globigerinoides ruber white","300-355",,"3.87",,314.096181676183,20.2,0.11,3.87,0.1935,28.6641278687121,"MB15",TRUE,TRUE,"boron_isotopes_delavega_2020.xlsx",38,252,39
"boron_isotopes_delavega_2020.xlsx","Boron isotopes",39,2020,"999_A_10_6_132_134","999",,,12.75,-78.73,2.82345,"Globigerinoides ruber white","300-355",,"3.68",,352.264276294225,19.87,0.24,3.68,0.184,28.1051591469322,"MB15",TRUE,TRUE,"boron_isotopes_delavega_2020.xlsx",39,253,40
"boron_isotopes_delavega_2020.xlsx","Boron isotopes",40,2020,"999_A_10_7_10_12","999",,,12.75,-78.73,2.83234,"Globigerinoides ruber white","300-355",,"3.47",,376.245141684443,19.67,0.1,3.47,0.1735,27.4544389531598,"MB15",TRUE,TRUE,"boron_isotopes_delavega_2020.xlsx",40,254,41
"boron_isotopes_delavega_2020.xlsx","Boron isotopes",41,2020,"999_A_10_7_50_52","999",,,12.75,-78.73,2.84505,"Globigerinoides ruber white","300-355",,"3.36",,308.985621005308,20.16,0.11,3.36,0.168,27.0995829205547,"MB15",TRUE,TRUE,"boron_isotopes_delavega_2020.xlsx",41,255,42
"boron_isotopes_delavega_2020.xlsx","Boron isotopes",42,2020,"999_A_10_CC_19_21","999",,,12.75,-78.73,2.88285,"Globigerinoides ruber white","300-355",,"3.13",,421.063721285843,19.31,0.1,3.13,0.1565,26.3120142432707,"MB15",TRUE,TRUE,"boron_isotopes_delavega_2020.xlsx",42,256,43
"boron_isotopes_delavega_2020.xlsx","Boron isotopes",43,2020,"999_A_11_1_89_90","999",,,12.75,-78.73,2.9162,"Globigerinoides ruber white","300-355",,"3.16",,365.889615181015,19.7,0.1,3.16,0.158,26.4131625902235,"MB15",TRUE,TRUE,"boron_isotopes_delavega_2020.xlsx",43,257,44
"boron_isotopes_delavega_2020.xlsx","Boron isotopes",44,2020,"999_A_11_1_122_124","999",,,12.75,-78.73,2.927,"Globigerinoides ruber white","300-355",,"3.11",,362.808765370274,19.66,0.1,3.11,0.1555,26.2343815973755,"MB15",TRUE,TRUE,"boron_isotopes_delavega_2020.xlsx",44,258,45
"boron_isotopes_delavega_2020.xlsx","Boron isotopes",45,2020,"999_A_11_2_27_29","999",,,12.75,-78.73,2.94297,"Globigerinoides ruber white","300-355",,"3.43",,331.44786001765,19.97,0.09,3.43,0.1715,27.3202609795342,"MB15",TRUE,TRUE,"boron_isotopes_delavega_2020.xlsx",45,259,46
"boron_isotopes_delavega_2020.xlsx","Boron isotopes",46,2020,"999_A_11_2_53_57","999",,,12.75,-78.73,2.95022,"Globigerinoides ruber white","300-355",,"3.06",,350.059233703737,19.76,0.11,3.06,0.153,26.0509285946636,"MB15",TRUE,TRUE,"boron_isotopes_delavega_2020.xlsx",46,260,47
"boron_isotopes_delavega_2020.xlsx","Boron isotopes",47,2020,"999_A_11_2_55_57","999",,,12.75,-78.73,2.95022,"Globigerinoides ruber white","300-355",,"3.22",,391.957652565731,19.46,0.2,3.22,0.161,26.6172224123528,"MB15",TRUE,TRUE,"boron_isotopes_delavega_2020.xlsx",47,261,48
"boron_isotopes_delavega_2020.xlsx","Boron isotopes",48,2020,"999_A_11_2_80_82","999",,,12.75,-78.73,2.95669,"Globigerinoides ruber white","300-355",,"3.86",,341.787246842668,20.01,0.09,3.86,0.193,28.6305718265367,"MB15",TRUE,TRUE,"boron_isotopes_delavega_2020.xlsx",48,262,49
"boron_isotopes_delavega_2020.xlsx","Boron isotopes",49,2020,"999_A_11_2_139_140","999",,,12.75,-78.73,2.9717,"Globigerinoides ruber white","300-355",,"3.4",,323.365215600764,20.02,0.09,3.4,0.17,27.2184892309046,"MB15",TRUE,TRUE,"boron_isotopes_delavega_2020.xlsx",49,263,50
"boron_isotopes_delavega_2020.xlsx","Boron isotopes",50,2020,"999_A_11_3_90_92","999",,,12.75,-78.73,2.99811,"Globigerinoides ruber white","300-355",,"3.28",,366.027353829029,19.74,0.1,3.28,0.164,26.8154216368356,"MB15",TRUE,TRUE,"boron_isotopes_delavega_2020.xlsx",50,264,51
"boron_isotopes_delavega_2020.xlsx","Boron isotopes",51,2020,"999_A_11_3_123_125","999",,,12.75,-78.73,3.00665,"Globigerinoides ruber white","300-355",,"3.18",,346.458074014422,19.79,0.11,3.18,0.159,26.4701613645009,"MB15",TRUE,TRUE,"boron_isotopes_delavega_2020.xlsx",51,265,52
"boron_isotopes_delavega_2020.xlsx","Boron isotopes",52,2020,"999_A_11_4_37_39","999",,,12.75,-78.73,3.02322,"Globigerinoides ruber white","300-355",,"3.18",,366.796515098787,19.65,0.1,3.18,0.159,26.4669689158299,"MB15",TRUE,TRUE,"boron_isotopes_delavega_2020.xlsx",52,266,53
"boron_isotopes_delavega_2020.xlsx","Boron isotopes",53,2020,"999_A_11_4_93_95","999",,,12.75,-78.73,3.04193,"Globigerinoides ruber white","300-355",,"3.22",,412.621676355751,19.46,0.13,3.22,0.161,26.6012129785007,"MB15",TRUE,TRUE,"boron_isotopes_delavega_2020.xlsx",53,267,54
"boron_isotopes_delavega_2020.xlsx","Boron isotopes",54,2020,"999_A_11_4_120_122","999",,,12.75,-78.73,3.05127,"Globigerinoides ruber white","300-355",,"3.75",,411.239019245671,19.58,0.09,3.75,0.1875,28.2919449412353,"MB15",TRUE,TRUE,"boron_isotopes_delavega_2020.xlsx",54,268,55
"boron_isotopes_delavega_2020.xlsx","Boron isotopes",55,2020,"999_A_11_5_2_4","999",,,12.75,-78.73,3.0608,"Globigerinoides ruber white","300-355",,"3.46",,349.914595644395,19.84,0.15,3.46,0.173,27.3952783979155,"MB15",TRUE,TRUE,"boron_isotopes_delavega_2020.xlsx",55,269,56
"boron_isotopes_delavega_2020.xlsx","Boron isotopes",56,2020,"999_A_11_5_16_18","999",,,12.75,-78.73,3.06467,"Globigerinoides ruber white","300-355",,"3.35",,401.62488435954,19.52,0.11,3.35,0.1675,27.035835386319,"MB15",TRUE,TRUE,"boron_isotopes_delavega_2020.xlsx",56,270,57
"boron_isotopes_delavega_2020.xlsx","Boron isotopes",57,2020,"999_A_11_5_28_30","999",,,12.75,-78.73,3.06799,"Globigerinoides ruber white","300-355",,"3.21",,373.108974663786,19.67,0.11,3.21,0.1605,26.5611129681979,"MB15",TRUE,TRUE,"boron_isotopes_delavega_2020.xlsx",57,271,58
"boron_isotopes_delavega_2020.xlsx","Boron isotopes",58,2020,"999_A_11_5_112_114","999",,,12.75,-78.73,3.0912,"Globigerinoides ruber white","300-355",,"3.57",,330.524207209239,20.03,0.11,3.57,0.1785,27.7393996816884,"MB15",TRUE,TRUE,"boron_isotopes_delavega_2020.xlsx",58,272,59
"boron_isotopes_delavega_2020.xlsx","Boron isotopes",59,2020,"999_A_11_5_142_144","999",,,12.75,-78.73,3.09949,"Globigerinoides ruber white","300-355",,"3.45",,312.533619483071,20.1,0.11,3.45,0.1725,27.3585084328638,"MB15",TRUE,TRUE,"boron_isotopes_delavega_2020.xlsx",59,273,60
"boron_isotopes_delavega_2020.xlsx","Boron isotopes",60,2020,"999_A_11_6_38_40","999",,,12.75,-78.73,3.1122,"Globigerinoides ruber white","300-355",,"3.23",,376.675193536757,19.61,0.1,3.23,0.1615,26.6248609306557,"MB15",TRUE,TRUE,"boron_isotopes_delavega_2020.xlsx",60,274,61
"boron_isotopes_delavega_2020.xlsx","Boron isotopes",61,2020,"999_A_11_6_99_101","999",,,12.75,-78.73,3.13459,"Globigerinoides ruber white","300-355",,"2.91",,331.999747387276,19.8,0.13,2.91,0.1455,25.4629848872832,"MB15",TRUE,TRUE,"boron_isotopes_delavega_2020.xlsx",61,275,62
"boron_isotopes_delavega_2020.xlsx","Boron isotopes",62,2020,"999_A_11_6_127_129","999",,,12.75,-78.73,3.14671,"Globigerinoides ruber white","300-355",,"3.2",,326.234407054696,19.95,0.15,3.2,0.16,26.5170736294986,"MB15",TRUE,TRUE,"boron_isotopes_delavega_2020.xlsx",62,276,63
"boron_isotopes_delavega_2020.xlsx","Boron isotopes",63,2020,"999_A_11_6_138_140","999",,,12.75,-78.73,3.1498,"Globigerinoides ruber white","300-355",,"3.69",,285.044467399136,20.42,0.16,3.69,0.1845,28.0997689302949,"EdlV20",TRUE,TRUE,"boron_isotopes_delavega_2020.xlsx",63,277,64
"boron_isotopes_delavega_2020.xlsx","Boron isotopes",64,2020,"999_A_11_7_0_2","999",,,12.75,-78.73,3.15175,"Globigerinoides ruber white","300-355",,"2.99",,377.093260409437,19.51,0.33,2.99,0.1495,25.7622807143384,"MB15",TRUE,TRUE,"boron_isotopes_delavega_2020.xlsx",64,278,65
"boron_isotopes_delavega_2020.xlsx","Boron isotopes",65,2020,"999_A_11_7_3_5","999",,,12.75,-78.73,3.15224,"Globigerinoides ruber white","300-355",,"3.57",,351.633090936498,19.85,0.19,3.57,0.1785,27.7321358766109,"EdlV20",TRUE,TRUE,"boron_isotopes_delavega_2020.xlsx",65,279,66
"boron_isotopes_delavega_2020.xlsx","Boron isotopes",66,2020,"999_A_11_7_8_10","999",,,12.75,-78.73,3.15305,"Globigerinoides ruber white","300-355",,"3.52",,331.483156144139,19.97,0.23,3.52,0.176,27.5753217173756,"EdlV20",TRUE,TRUE,"boron_isotopes_delavega_2020.xlsx",66,280,67
"boron_isotopes_delavega_2020.xlsx","Boron isotopes",67,2020,"999_A_11_7_16_18","999",,,12.75,-78.73,3.15435,"Globigerinoides ruber white","300-355",,"3.27",,331.951478613372,19.93,0.11,3.27,0.1635,26.756600426677,"MB15",TRUE,TRUE,"boron_isotopes_delavega_2020.xlsx",67,281,68
"boron_isotopes_delavega_2020.xlsx","Boron isotopes",68,2020,"999_A_11_7_22_24","999",,,12.75,-78.73,3.15533,"Globigerinoides ruber white","300-355",,"3.81",,318.313871642254,20.17,0.12,3.81,0.1905,28.4546884506824,"EdlV20",TRUE,TRUE,"boron_isotopes_delavega_2020.xlsx",68,282,69
"boron_isotopes_delavega_2020.xlsx","Boron isotopes",69,2020,"999_A_11_7_31_33","999",,,12.75,-78.73,3.1568,"Globigerinoides ruber white","300-355",,"3.54",,458.652713280299,19.24,0.18,3.54,0.177,27.6377854730649,"EdlV20",TRUE,TRUE,"boron_isotopes_delavega_2020.xlsx",69,283,70
"boron_isotopes_delavega_2020.xlsx","Boron isotopes",70,2020,"999_A_11_7_43_45","999",,,12.75,-78.73,3.15875,"Globigerinoides ruber white","300-355",,"3.88",,324.008556639929,20.11,0.13,3.88,0.194,28.6564908185712,"EdlV20",TRUE,TRUE,"boron_isotopes_delavega_2020.xlsx",70,284,71
"boron_isotopes_delavega_2020.xlsx","Boron isotopes",71,2020,"999_A_11_7_51_53","999",,,12.75,-78.73,3.16005,"Globigerinoides ruber white","300-355",,"3.75",,327.254040233008,20.08,0.2,3.75,0.1875,28.2776470066563,"EdlV20",TRUE,TRUE,"boron_isotopes_delavega_2020.xlsx",71,285,72
"boron_isotopes_delavega_2020.xlsx","Boron isotopes",72,2020,"999_A_11_7_53_55","999",,,12.75,-78.73,3.16038,"Globigerinoides ruber white","300-355",,"3.66",,434.925915281495,19.41,0.11,3.66,0.183,28.0076812980354,"MB15",TRUE,TRUE,"boron_isotopes_delavega_2020.xlsx",72,286,73
"boron_isotopes_delavega_2020.xlsx","Boron isotopes",73,2020,"999_A_11_7_62.5_64.5","999",,,12.75,-78.73,3.16192,"Globigerinoides ruber white","300-355",,"3.62",,403.70065415199,19.55,0.21,3.62,0.181,27.8853610761885,"EdlV20",TRUE,TRUE,"boron_isotopes_delavega_2020.xlsx",73,287,74
"boron_isotopes_delavega_2020.xlsx","Boron isotopes",74,2020,"999_A_11_7_70_72","999",,,12.75,-78.73,3.16314,"Globigerinoides ruber white","300-355",,"3.78",,360.57806609672,19.87,0.16,3.78,0.189,28.3657430678229,"EdlV20",TRUE,TRUE,"boron_isotopes_delavega_2020.xlsx",74,288,75
"boron_isotopes_delavega_2020.xlsx","Boron isotopes",75,2020,"999_A_11_CC_3_5","999",,,12.75,-78.73,3.17665,"Globigerinoides ruber white","300-355",,"3.57",,369.446141822658,19.75,0.09,3.57,0.1785,27.7287300087418,"MB15",TRUE,TRUE,"boron_isotopes_delavega_2020.xlsx",75,289,76
"boron_isotopes_delavega_2020.xlsx","Boron isotopes",76,2020,"999_A_12_1_4_6","999",,,12.75,-78.73,3.18088,"Globigerinoides ruber white","300-355",,"3.81",,282.720148808531,20.46,0.1,3.81,0.1905,28.4510579692602,"MB15",TRUE,TRUE,"boron_isotopes_delavega_2020.xlsx",76,290,77
"boron_isotopes_delavega_2020.xlsx","Boron isotopes",77,2020,"999_A_12_1_8_10","999",,,12.75,-78.73,3.18153,"Globigerinoides ruber white","300-355",,"3.75",,309.251513806075,20.22,0.17,3.75,0.1875,28.2745951002235,"EdlV20",TRUE,TRUE,"boron_isotopes_delavega_2020.xlsx",77,291,78
"boron_isotopes_delavega_2020.xlsx","Boron isotopes",78,2020,"999_A_12_1_29_30","999",,,12.75,-78.73,3.18478,"Globigerinoides ruber white","300-355",,"3.58",,324.961356378697,20.06,0.12,3.58,0.179,27.758655296567,"MB15",TRUE,TRUE,"boron_isotopes_delavega_2020.xlsx",78,292,79
"boron_isotopes_delavega_2020.xlsx","Boron isotopes",79,2020,"999_A_12_1_31_33","999",,,12.75,-78.73,3.18527,"Globigerinoides ruber white","300-355",,"3.56",,335.65420194435,19.94,0.16,3.56,0.178,27.6963384237513,"EdlV20",TRUE,TRUE,"boron_isotopes_delavega_2020.xlsx",79,293,80
"boron_isotopes_delavega_2020.xlsx","Boron isotopes",80,2020,"999_A_12_1_38_40","999",,,12.75,-78.73,3.18641,"Globigerinoides ruber white","300-355",,"3.6",,470.591401028438,19.15,0.27,3.6,0.18,27.8203243114856,"EdlV20",TRUE,TRUE,"boron_isotopes_delavega_2020.xlsx",80,294,81
"boron_isotopes_delavega_2020.xlsx","Boron isotopes",81,2020,"999_A_12_1_53_55","999",,,12.75,-78.73,3.19083,"Globigerinoides ruber white","300-355",,"3.5",,396.780645839625,19.59,0.27,3.5,0.175,27.5066869170968,"EdlV20",TRUE,TRUE,"boron_isotopes_delavega_2020.xlsx",81,295,82
"boron_isotopes_delavega_2020.xlsx","Boron isotopes",82,2020,"999_A_12_1_57_59","999",,,12.75,-78.73,3.19203,"Globigerinoides ruber white","300-355",,"3.73",,317.908362976573,20.12,0.15,3.73,0.1865,28.2136861421141,"MB15",TRUE,TRUE,"boron_isotopes_delavega_2020.xlsx",82,296,83
"boron_isotopes_delavega_2020.xlsx","Boron isotopes",83,2020,"999_A_12_1_70_72","999",,,12.75,-78.73,3.19595,"Globigerinoides ruber white","300-355",,"3.49",,432.020860818456,19.37,0.21,3.49,0.1745,27.4741685034463,"EdlV20",TRUE,TRUE,"boron_isotopes_delavega_2020.xlsx",83,297,84
"boron_isotopes_delavega_2020.xlsx","Boron isotopes",84,2020,"999_A_12_1_93_95","999",,,12.75,-78.73,3.20288,"Globigerinoides ruber white","300-355",,"3.79",,349.997689768975,19.95,0.14,3.79,0.1895,28.3894545680741,"EdlV20",TRUE,TRUE,"boron_isotopes_delavega_2020.xlsx",84,298,85
"boron_isotopes_delavega_2020.xlsx","Boron isotopes",85,2020,"999_A_12_1_99_101","999",,,12.75,-78.73,3.20469,"Globigerinoides ruber white","300-355",,"3.51",,362.430450274237,19.77,0.13,3.51,0.1755,27.5364200917744,"MB15",TRUE,TRUE,"boron_isotopes_delavega_2020.xlsx",85,299,86
"boron_isotopes_delavega_2020.xlsx","Boron isotopes",86,2020,"999_A_12_1_101_103","999",,,12.75,-78.73,3.2053,"Globigerinoides ruber white","300-355",,"3.58",,426.951452331905,19.39,0.29,3.58,0.179,27.7557419915963,"EdlV20",TRUE,TRUE,"boron_isotopes_delavega_2020.xlsx",86,300,87
"boron_isotopes_delavega_2020.xlsx","Boron isotopes",87,2020,"999_A_12_1_111_113","999",,,12.75,-78.73,3.20831,"Globigerinoides ruber white","300-355",,"3.66",,361.091844562004,19.78,0.23,3.66,0.183,28.0008742178405,"EdlV20",TRUE,TRUE,"boron_isotopes_delavega_2020.xlsx",87,301,88
"boron_isotopes_delavega_2020.xlsx","Boron isotopes",88,2020,"999_A_12_1_120_122","999",,,12.75,-78.73,3.21102,"Globigerinoides ruber white","300-355",,"3.24",,392.391903712001,19.54,0.26,3.24,0.162,26.64615833703,"EdlV20",TRUE,TRUE,"boron_isotopes_delavega_2020.xlsx",88,302,89
"boron_isotopes_delavega_2020.xlsx","Boron isotopes",89,2020,"999_A_12_1_137_139","999",,,12.75,-78.73,3.21614,"Globigerinoides ruber white","300-355",,"3.33",,350.62234419414,19.79,0.22,3.33,0.1665,26.9498648968479,"EdlV20",TRUE,TRUE,"boron_isotopes_delavega_2020.xlsx",89,303,90
"boron_isotopes_delavega_2020.xlsx","Boron isotopes",90,2020,"999_A_12_1_143_145","999",,,12.75,-78.73,3.21795,"Globigerinoides ruber white","300-355",,"3.3",,398.28020539339,19.47,0.25,3.3,0.165,26.8490543721582,"MB15",TRUE,TRUE,"boron_isotopes_delavega_2020.xlsx",90,304,91
"boron_isotopes_delavega_2020.xlsx","Boron isotopes",91,2020,"999_A_12_2_0_2","999",,,12.75,-78.73,3.22006,"Globigerinoides ruber white","300-355",,"3.28",,382.432968545639,19.54,0.29,3.28,0.164,26.7812100743482,"EdlV20",TRUE,TRUE,"boron_isotopes_delavega_2020.xlsx",91,305,92
"boron_isotopes_delavega_2020.xlsx","Boron isotopes",92,2020,"999_A_12_2_2_4","999",,,12.75,-78.73,3.22067,"Globigerinoides ruber white","300-355",,"3.2",,345.222602003438,19.83,0.11,3.2,0.16,26.5067611764394,"MB15",TRUE,TRUE,"boron_isotopes_delavega_2020.xlsx",92,306,93
"boron_isotopes_delavega_2020.xlsx","Boron isotopes",93,2020,"999_A_12_2_10_12","999",,,12.75,-78.73,3.22308,"Globigerinoides ruber white","300-355",,"3.55",,307.786766116953,20.16,0.1,3.55,0.1775,27.6597170127734,"MB15",TRUE,TRUE,"boron_isotopes_delavega_2020.xlsx",93,307,94
"boron_isotopes_delavega_2020.xlsx","Boron isotopes",94,2020,"999_A_12_2_13_15","999",,,12.75,-78.73,3.22398,"Globigerinoides ruber white","300-355",,"3.39",,369.380327514956,19.63,0.27,3.39,0.1695,27.1471706596509,"EdlV20",TRUE,TRUE,"boron_isotopes_delavega_2020.xlsx",94,308,95
"boron_isotopes_delavega_2020.xlsx","Boron isotopes",95,2020,"999_A_12_2_35_37","999",,,12.75,-78.73,3.23061,"Globigerinoides ruber white","300-355",,"3.26",,416.509836682071,19.36,0.24,3.26,0.163,26.7117555843185,"EdlV20",TRUE,TRUE,"boron_isotopes_delavega_2020.xlsx",95,309,96
"boron_isotopes_delavega_2020.xlsx","Boron isotopes",96,2020,"999_A_12_2_43_45","999",,,12.75,-78.73,3.23302,"Globigerinoides ruber white","300-355",,"3.52",,306.515615939183,20.17,0.26,3.52,0.176,27.5640115325445,"EdlV20",TRUE,TRUE,"boron_isotopes_delavega_2020.xlsx",96,310,97
"boron_isotopes_delavega_2020.xlsx","Boron isotopes",97,2020,"999_A_12_2_50_52","999",,,12.75,-78.73,3.23513,"Globigerinoides ruber white","300-355",,"3.33",,338.183555012953,19.9,0.19,3.33,0.1665,26.9471713802483,"MB15",TRUE,TRUE,"boron_isotopes_delavega_2020.xlsx",97,311,98
"boron_isotopes_delavega_2020.xlsx","Boron isotopes",98,2020,"999_A_12_2_53_55","999",,,12.75,-78.73,3.23604,"Globigerinoides ruber white","300-355",,"3.41",,366.186965604799,19.71,0.24,3.41,0.1705,27.2108199837249,"EdlV20",TRUE,TRUE,"boron_isotopes_delavega_2020.xlsx",98,312,99
"boron_isotopes_delavega_2020.xlsx","Boron isotopes",99,2020,"999_A_12_2_73.5_75.5","999",,,12.75,-78.73,3.24782,"Globigerinoides ruber white","300-355",,"3.7",,384.484023759456,19.66,0.25,3.7,0.185,28.1160447308414,"EdlV20",TRUE,TRUE,"boron_isotopes_delavega_2020.xlsx",99,313,100
"boron_isotopes_delavega_2020.xlsx","Boron isotopes",100,2020,"999_A_12_2_80_82","999",,,12.75,-78.73,3.25214,"Globigerinoides ruber white","300-355",,"3.91",,349.649669668288,19.92,0.23,3.91,0.1955,28.7288163890365,"MB15",TRUE,TRUE,"boron_isotopes_delavega_2020.xlsx",100,314,101
"boron_isotopes_delavega_2020.xlsx","Boron isotopes",101,2020,"999_A_12_2_83_85","999",,,12.75,-78.73,3.25413,"Globigerinoides ruber white","300-355",,"3.38",,352.264491452255,19.76,0.24,3.38,0.169,27.110071432619,"EdlV20",TRUE,TRUE,"boron_isotopes_delavega_2020.xlsx",101,315,102
"boron_isotopes_delavega_2020.xlsx","Boron isotopes",102,2020,"999_A_12_2_93_95","999",,,12.75,-78.73,3.26077,"Globigerinoides ruber white","300-355",,"3.53",,366.839874557725,19.71,0.28,3.53,0.1765,27.5915990163478,"EdlV20",TRUE,TRUE,"boron_isotopes_delavega_2020.xlsx",102,316,103
"boron_isotopes_delavega_2020.xlsx","Boron isotopes",103,2020,"999_A_12_2_104_106","999",,,12.75,-78.73,3.26807,"Globigerinoides ruber white","300-355",,"3.72",,351.089836964782,19.87,0.18,3.72,0.186,28.1730737021664,"EdlV20",TRUE,TRUE,"boron_isotopes_delavega_2020.xlsx",103,317,104
"boron_isotopes_delavega_2020.xlsx","Boron isotopes",104,2020,"999_A_12_2_110_112","999",,,12.75,-78.73,3.27206,"Globigerinoides ruber white","300-355",,"3.41",,306.484047851166,20.15,0.12,3.41,0.1705,27.2057154699747,"MB15",TRUE,TRUE,"boron_isotopes_delavega_2020.xlsx",104,318,105
"boron_isotopes_delavega_2020.xlsx","Boron isotopes",105,2020,"999_A_12_2_120_122","999",,,12.75,-78.73,3.2787,"Globigerinoides ruber white","300-355",,"3.48",,389.690932789403,19.59,0.25,3.48,0.174,27.4305529230381,"EdlV20",TRUE,TRUE,"boron_isotopes_delavega_2020.xlsx",105,319,106
"boron_isotopes_delavega_2020.xlsx","Boron isotopes",106,2020,"999_A_12_2_132_134","999",,,12.75,-78.73,3.28667,"Globigerinoides ruber white","300-355",,"3.45",,308.398469337854,20.14,0.17,3.45,0.1725,27.3332237760437,"EdlV20",TRUE,TRUE,"boron_isotopes_delavega_2020.xlsx",106,320,107
"boron_isotopes_delavega_2020.xlsx","Boron isotopes",107,2020,"999_A_12_2_142_144","999",,,12.75,-78.73,3.29024,"Globigerinoides ruber white","300-355",,"3.28",,354.003528541079,19.74,0.29,3.28,0.164,26.771264971019,"EdlV20",TRUE,TRUE,"boron_isotopes_delavega_2020.xlsx",107,321,108
"boron_isotopes_delavega_2020.xlsx","Boron isotopes",108,2020,"999_A_12_3_2.5_3.5","999",,,12.75,-78.73,3.29311,"Globigerinoides ruber white","300-355",,"3.3",,301.001176801326,20.14,0.16,3.3,0.165,26.8384036857179,"EdlV20",TRUE,TRUE,"boron_isotopes_delavega_2020.xlsx",108,322,109
"boron_isotopes_delavega_2020.xlsx","Boron isotopes",109,2020,"999_A_12_3_12.5_14.5","999",,,12.75,-78.73,3.29643,"Globigerinoides ruber white","300-355",,"3.33",,387.35904436225,19.55,0.24,3.33,0.1665,26.9384875207646,"EdlV20",TRUE,TRUE,"boron_isotopes_delavega_2020.xlsx",109,323,110
"boron_isotopes_delavega_2020.xlsx","Boron isotopes",110,2020,"999_A_12_3_22.5_24.5","999",,,12.75,-78.73,3.29945,"Globigerinoides ruber white","300-355",,"3.5",,379.754003127186,19.68,0.23,3.5,0.175,27.4912897357003,"EdlV20",TRUE,TRUE,"boron_isotopes_delavega_2020.xlsx",110,324,111
"boron_isotopes_delavega_2020.xlsx","Boron isotopes",111,2020,"999_A_12_3_33_35","999",,,12.75,-78.73,3.30261,"Globigerinoides ruber white","300-355",,"3.39",,458.938806912969,19.21,0.23,3.39,0.1695,27.1360309406811,"EdlV20",TRUE,TRUE,"boron_isotopes_delavega_2020.xlsx",111,325,112
"boron_isotopes_delavega_2020.xlsx","Boron isotopes",112,2020,"999_A_12_3_38_40","999",,,12.75,-78.73,3.30412,"Globigerinoides ruber white","300-355",,"3.35",,415.344208029663,19.42,0.21,3.35,0.1675,27.0039331085249,"EdlV20",TRUE,TRUE,"boron_isotopes_delavega_2020.xlsx",112,326,113
"boron_isotopes_delavega_2020.xlsx","Boron isotopes",113,2020,"999_A_12_3_60_62","999",,,12.75,-78.73,3.31076,"Globigerinoides ruber white","300-355",,"3.3",,400.569725863693,19.48,0.23,3.3,0.165,26.8359061661341,"EdlV20",TRUE,TRUE,"boron_isotopes_delavega_2020.xlsx",113,327,114
"boron_isotopes_delavega_2020.xlsx","Boron isotopes",114,2020,"999_A_12_3_73_75","999",,,12.75,-78.73,3.3146,"Globigerinoides ruber white","300-355",,"3.56",,421.779372365127,19.46,0.22,3.56,0.178,27.6783152210449,"EdlV20",TRUE,TRUE,"boron_isotopes_delavega_2020.xlsx",114,328,115
"boron_isotopes_delavega_2020.xlsx","Boron isotopes",115,2020,"999_A_12_3_83_85","999",,,12.75,-78.73,3.31752,"Globigerinoides ruber white","300-355",,"3.8",,323.988433352722,20.1,0.21,3.8,0.19,28.4032099084716,"EdlV20",TRUE,TRUE,"boron_isotopes_delavega_2020.xlsx",115,329,116
"boron_isotopes_delavega_2020.xlsx","Boron isotopes",116,2020,"999_A_12_3_92.5_94.5","999",,,12.75,-78.73,3.3203,"Globigerinoides ruber white","300-355",,"3.71",,368.6609943424,19.77,0.14,3.71,0.1855,28.1368855738827,"EdlV20",TRUE,TRUE,"boron_isotopes_delavega_2020.xlsx",116,330,117
"boron_isotopes_delavega_2020.xlsx","Boron isotopes",117,2020,"999_A_12_3_102.5_104.5","999",,,12.75,-78.73,3.32322,"Globigerinoides ruber white","300-355",,"3.62",,293.809290869775,20.25,0.21,3.62,0.181,27.8640205651976,"EdlV20",TRUE,TRUE,"boron_isotopes_delavega_2020.xlsx",117,331,118
"boron_isotopes_delavega_2020.xlsx","Boron isotopes",118,2020,"999_A_12_3_112.5_114.5","999",,,12.75,-78.73,3.32614,"Globigerinoides ruber white","300-355",,"3.86",,413.924299213227,19.5,0.22,3.86,0.193,28.5772778722982,"EdlV20",TRUE,TRUE,"boron_isotopes_delavega_2020.xlsx",118,332,119
"boron_isotopes_delavega_2020.xlsx","Boron isotopes",119,2020,"999_A_12_3_123_125","999",,,12.75,-78.73,3.3292,"Globigerinoides ruber white","300-355",,"3.69",,327.854956025785,20.04,0.22,3.69,0.1845,28.0768253675837,"EdlV20",TRUE,TRUE,"boron_isotopes_delavega_2020.xlsx",119,333,120
"boron_isotopes_delavega_2020.xlsx","Boron isotopes",120,2020,"999_A_12_3_133_135","999",,,12.75,-78.73,3.33213,"Globigerinoides ruber white","300-355",,"3.64",,315.763287065311,20.13,0.21,3.64,0.182,27.9252389630972,"EdlV20",TRUE,TRUE,"boron_isotopes_delavega_2020.xlsx",120,334,121
"boron_isotopes_delavega_2020.xlsx","Boron isotopes",121,2020,"999_A_8_4_51_53","999",,,12.75,-78.73,2.019288,"Trilobatus sacculifer","300-355",,,,347.528827987581,17.82,0.25,,,27.3,"Seki10",FALSE,TRUE,"boron_isotopes_delavega_2020.xlsx",121,335,122
"boron_isotopes_delavega_2020.xlsx","Boron isotopes",122,2020,"999_A_11_3_13_15","999",,,12.75,-78.73,2.941223,"Trilobatus sacculifer","300-355",,,,321.936935624221,18.2,0.25,,,28.9,"Seki10",FALSE,TRUE,"boron_isotopes_delavega_2020.xlsx",122,336,123
"boron_isotopes_delavega_2020.xlsx","Boron isotopes",123,2020,"999_A_12_1_4_6","999",,,12.75,-78.73,3.180879089,"Trilobatus sacculifer","300-355",,"3.22",,270.327958680885,18.57,0.2,3.22,0.161,26.58046,"EdlV20",TRUE,TRUE,"boron_isotopes_delavega_2020.xlsx",123,337,124
"boron_isotopes_delavega_2020.xlsx","Boron isotopes",124,2020,"999_A_12_1_81_83","999",,,12.75,-78.73,3.204404,"Trilobatus sacculifer","300-355",,,,338.295986605665,18,0.25,,,28.4,"Seki10",FALSE,TRUE,"boron_isotopes_delavega_2020.xlsx",124,338,125
"boron_isotopes_delavega_2020.xlsx","Boron isotopes",125,2020,"999_A_12_2_50_52","999",,,12.75,-78.73,3.235131485,"Trilobatus sacculifer","300-355",,"3.18",,320.450528904199,17.98,0.2,3.18,0.159,26.43158,"EdlV20",TRUE,TRUE,"boron_isotopes_delavega_2020.xlsx",125,339,126
"boron_isotopes_delavega_2020.xlsx","Boron isotopes",126,2020,"999_A_14_4_52_54","999",,,12.75,-78.73,4.003177,"Trilobatus sacculifer","300-355",,,,386.248154795972,17.74,0.25,,,29.8,"Seki10",FALSE,TRUE,"boron_isotopes_delavega_2020.xlsx",126,340,127
"boron_isotopes_delavega_2020.xlsx","Boron isotopes",127,2020,"999_A_15_3_53_55","999",,,12.75,-78.73,4.225709,"Trilobatus sacculifer","300-355",,,,364.475076091449,17.92,0.25,,,30.1,"Seki10",FALSE,TRUE,"boron_isotopes_delavega_2020.xlsx",127,341,128
"boron_isotopes_dyez_2018.xlsx","boron isotopes",4,2018,"668_B_3H_6_92_94","668",20.63,,4.7705,-20.927,1.384,"T. sacculifer",">500","21.39,21.56,21.84,21.85,21.91,22,22.07","3.7646742",0.182208611141178,213.859,21.8021436956867,0.214550969585668,3.7646742,0.0828228324,27.505388090632,,TRUE,TRUE,"boron_isotopes_dyez_2018.xlsx",4,342,5
"boron_isotopes_dyez_2018.xlsx","boron isotopes",5,2018,"668_B_3H_6_105_107","668",20.76,,4.7705,-20.927,1.392666667,"T. sacculifer",">500","20.46,20.52,20.81,21.02,21.33","3.4818588",0.324163635269397,282.217,20.830527093425,0.324163635269397,3.4818588,0.0766008936,26.6519832296038,,TRUE,TRUE,"boron_isotopes_dyez_2018.xlsx",5,343,6
"boron_isotopes_dyez_2018.xlsx","boron isotopes",6,2018,"668_B_3H_6_112_114","668",20.83,,4.7705,-20.927,1.397333333,"T. sacculifer",">500","20.59,20.65,20.76,20.86,21.2,21.21,21.22","3.390849",0.209047869265222,271.211,20.9266032685401,0.214550969585668,3.390849,0.074598678,26.3675263350942,,TRUE,TRUE,"boron_isotopes_dyez_2018.xlsx",6,344,7
"boron_isotopes_dyez_2018.xlsx","boron isotopes",7,2018,"668_B_3H_6_119_121","668",20.9,,4.7705,-20.927,1.402,"T. sacculifer",">500","20.04,20.14,20.3,20.38,20.41","2.8545762",0.141398632462469,320.215,20.2558031642244,0.253860130722038,2.8545762,0.0628006764,24.4626250845941,,TRUE,TRUE,"boron_isotopes_dyez_2018.xlsx",7,345,8
"boron_isotopes_dyez_2018.xlsx","boron isotopes",8,2018,"668_B_3H_6_126_128","668",20.97,,4.7705,-20.927,1.408,"T. sacculifer",">500","19.3,19.85,20.19,20.35,20.58,20.6,21.38","3.1422846",0.492766132723591,326.843,20.32096903191,0.492766132723591,3.1422846,0.0691302612,25.537645703092,,TRUE,TRUE,"boron_isotopes_dyez_2018.xlsx",8,346,9
"boron_isotopes_dyez_2018.xlsx","boron isotopes",9,2018,"668_B_3H_6_133_135","668",21.04,,4.7705,-20.927,1.414,"T. sacculifer",">500","20.76,21.02,21.05,21.05,21.1,21.14","3.1520706",0.110209613611126,260.47,21.0211373842955,0.231741533412784,3.1520706,0.0693455532,25.5807251872247,,TRUE,TRUE,"boron_isotopes_dyez_2018.xlsx",9,347,10
"boron_isotopes_dyez_2018.xlsx","boron isotopes",10,2018,"668_B_3H_6_140_142","668",21.11,,4.7705,-20.927,1.42,"T. sacculifer",">500","21.77,21.88,21.99","3.2949462",0.12876322520205,200.752,21.8822755813781,0.327732019517497,3.2949462,0.0724888164,26.0815445995902,,TRUE,TRUE,"boron_isotopes_dyez_2018.xlsx",10,348,11
"boron_isotopes_dyez_2018.xlsx","boron isotopes",11,2018,"668_B_3H_6_147_149","668",21.18,,4.7705,-20.927,1.425166667,"T. sacculifer",">500","21.17,21.27,21.42,21.47,21.62","3.3996564",0.156134302488125,234.247,21.3896914747519,0.253860130722038,3.3996564,0.0747924408,26.4368193961461,,TRUE,TRUE,"boron_isotopes_dyez_2018.xlsx",11,349,12
"boron_isotopes_dyez_2018.xlsx","boron isotopes",12,2018,"668_B_3H_7_2_4","668",21.25,,4.7705,-20.927,1.430333333,"T. sacculifer",">500","21.49,21.53,21.58","3.5092596",0.0537818471494246,225.769,21.5330768223113,0.327732019517497,3.5092596,0.0772037112,26.7967428506556,,TRUE,TRUE,"boron_isotopes_dyez_2018.xlsx",12,350,13
"boron_isotopes_dyez_2018.xlsx","boron isotopes",13,2018,"668_B_3H_7_9_11","668",21.32,,4.7705,-20.927,1.4355,"T. sacculifer",">500","21.33","3.581676",,241.87,21.3335192084716,0.567648509071459,3.581676,0.078796872,27.0311036403255,,TRUE,TRUE,"boron_isotopes_dyez_2018.xlsx",13,351,14
"boron_isotopes_dyez_2018.xlsx","boron isotopes",14,2018,"668_B_3H_7_16_18","668",21.39,,4.7705,-20.927,1.440666667,"T. sacculifer",">500","20.25,20.46,20.8,20.93,20.93,21.12,21.13","3.5024094",0.251409608371141,284.888,20.8019548582525,0.251409608371141,3.5024094,0.0770530068,26.7898599635703,,TRUE,TRUE,"boron_isotopes_dyez_2018.xlsx",14,352,15
"boron_isotopes_dyez_2018.xlsx","boron isotopes",15,2018,"668_B_3H_7_23_25","668",21.46,,4.7705,-20.927,1.445833333,"T. sacculifer",">500","20.35,20.68,20.75,21.03,21.34","3.664857",0.333503567103356,286.654,20.8312566033767,0.333503567103356,3.664857,0.080626854,27.3010135794667,,TRUE,TRUE,"boron_isotopes_dyez_2018.xlsx",15,353,16
"boron_isotopes_dyez_2018.xlsx","boron isotopes",16,2018,"668_B_3H_7_30_32","668",21.53,,4.7705,-20.927,1.451025316,"T. sacculifer",">500","20.7,21.08,21.62","3.429993",0.533397533526482,256.453,21.1360851681216,0.533397533526482,3.429993,0.075459846,26.5723045989277,,TRUE,TRUE,"boron_isotopes_dyez_2018.xlsx",16,354,17
"boron_isotopes_dyez_2018.xlsx","boron isotopes",17,2018,"668_B_3H_7_37_39","668",21.6,,4.7705,-20.927,1.455522152,"T. sacculifer",">500","21.35,21.38,21.45,21.52","3.4143354",0.0739505612522975,237.099,21.4247641646724,0.28382425453573,3.4143354,0.0751153788,26.5279859297242,,TRUE,TRUE,"boron_isotopes_dyez_2018.xlsx",17,355,18
"boron_isotopes_dyez_2018.xlsx","boron isotopes",18,2018,"668_B_3H_7_42_45","668",21.66,,4.7705,-20.927,1.459376582,"T. sacculifer",">500","21.03,21.05,21.06,21.08,21.09","3.2117652",0.020338315527371,260.683,21.0610272549415,0.253860130722038,3.2117652,0.0706588344,25.8546816167681,,TRUE,TRUE,"boron_isotopes_dyez_2018.xlsx",18,356,19
"boron_isotopes_dyez_2018.xlsx","boron isotopes",19,2018,"668_B_4H_1_3_5","668",21.74,,4.7705,-20.927,1.464515823,"T. sacculifer",">500","21,21.14,21.23,21.24,21.28,21.67","3.449565",0.182156191916114,248.873,21.2600643850827,0.231741533412784,3.449565,0.07589043,26.656664323494,,TRUE,TRUE,"boron_isotopes_dyez_2018.xlsx",19,357,20
"boron_isotopes_dyez_2018.xlsx","boron isotopes",20,2018,"668_B_4H_1_17_19","668",21.88,,4.7705,-20.927,1.473509494,"T. sacculifer",">500","20.29,20.58,20.8,20.83,20.87,20.9,20.95,21.21","3.258738",0.191724910029289,278.521,20.8033253661854,0.200694055047431,3.258738,0.071692236,26.0343418108267,,TRUE,TRUE,"boron_isotopes_dyez_2018.xlsx",20,358,21
"boron_isotopes_dyez_2018.xlsx","boron isotopes",21,2018,"668_B_4H_1_24_26","668",21.95,,4.7705,-20.927,1.478006329,"T. sacculifer",">500","20.55,20.68,20.77,20.8,21.03,21.13,21.28","3.283203",0.198050477752739,271.891,20.892872355852,0.214550969585668,3.283203,0.072230466,26.1256073113354,,TRUE,TRUE,"boron_isotopes_dyez_2018.xlsx",21,359,22
"boron_isotopes_dyez_2018.xlsx","boron isotopes",22,2018,"668_B_4H_1_31_33","668",22.02,,4.7705,-20.927,1.482503165,"T. sacculifer",">500","21.07,21.44,21.48,21.49,21.51,21.51,21.51,21.57","3.2029578",0.112336186781843,226.542,21.4483764281344,0.200694055047431,3.2029578,0.0704650716,25.857204163261,,TRUE,TRUE,"boron_isotopes_dyez_2018.xlsx",22,360,23
"boron_isotopes_dyez_2018.xlsx","boron isotopes",23,2018,"668_B_4H_1_45_47","668",22.16,,4.7705,-20.927,1.49,"T. sacculifer",">500","20.44,20.63,20.71,20.83,20.93,21.04,21.16","3.762717",0.186619242394661,292.225,20.820392472785,0.214550969585668,3.762717,0.082779774,27.657752026834,,TRUE,TRUE,"boron_isotopes_dyez_2018.xlsx",23,361,24
"boron_isotopes_dyez_2018.xlsx","boron isotopes",24,2018,"668_B_4H_1_52_54","668",22.23,,4.7705,-20.927,1.493,"T. sacculifer",">500","21.36,21.54,21.61,21.83,21.89,21.93,22.1","3.4867518",0.193381029556912,214.554,21.7494005544633,0.214550969585668,3.4867518,0.0767085396,26.8159315316267,,TRUE,TRUE,"boron_isotopes_dyez_2018.xlsx",24,362,25
"boron_isotopes_dyez_2018.xlsx","boron isotopes",25,2018,"668_B_4H_1_60_62","668",22.31,,4.7705,-20.927,1.496428571,"T. sacculifer",">500","21.77,21.82,22,22.02,22.09,22.16","3.4456506",0.124782835621434,200.978,21.9760167773965,0.231741533412784,3.4456506,0.0758043132,26.6887029703265,,TRUE,TRUE,"boron_isotopes_dyez_2018.xlsx",25,363,26
"boron_isotopes_dyez_2018.xlsx","boron isotopes",26,2018,"668_B_4H_1_66_68","668",22.37,,4.7705,-20.927,1.499,"T. sacculifer",">500","21.49,21.52,21.57,21.69,21.76,21.97,22.38","3.5591682",0.238225037158458,223.782,21.6629146270993,0.157437369684449,3.5591682,0.0783017004,27.053166708304,,TRUE,TRUE,"boron_isotopes_dyez_2018.xlsx",26,364,27
"boron_isotopes_dyez_2018.xlsx","boron isotopes",27,2018,"668_B_4H_1_73_76","668",22.44,,4.7705,-20.927,1.502333333,"T. sacculifer",">500","22,22.01,22.09,22.21,22.27,22.3,22.46","3.1520706",0.128032747043804,182.926,22.1927919919794,0.214550969585668,3.1520706,0.0693455532,25.706869234091,,TRUE,TRUE,"boron_isotopes_dyez_2018.xlsx",27,365,28
"boron_isotopes_dyez_2018.xlsx","boron isotopes",28,2018,"668_B_4H_1_80_82","668",22.51,,4.7705,-20.927,1.505666667,"T. sacculifer",">500","20.73,20.88,20.88,20.92,21.05,21.08,21.14,21.18,21.23,21.32,21.69,21.73","3.08259",0.171254869664318,249.076,21.1513499140286,0.178247719711607,3.08259,0.06781698,25.4622259638378,,TRUE,TRUE,"boron_isotopes_dyez_2018.xlsx",28,366,29
"boron_isotopes_dyez_2018.xlsx","boron isotopes",29,2018,"668_B_4H_1_87_89","668",22.58,,4.7705,-20.927,1.509,"T. sacculifer",">500","20.46,20.69,21.03,21.05,21.3","3.3702984",0.296706328426797,276.633,20.8985613913854,0.242516271606213,3.3702984,0.0741465648,26.4566793921744,,TRUE,TRUE,"boron_isotopes_dyez_2018.xlsx",29,367,30
"boron_isotopes_dyez_2018.xlsx","boron isotopes",30,2018,"668_B_4H_1_94_96","668",22.65,,4.7705,-20.927,1.512333333,"T. sacculifer",">500","20.95,21.39,21.47,21.5,21.57,21.74,21.93,22.11","3.4123782",0.251444901162612,223.244,21.5822646137457,0.251444901162612,3.4123782,0.0750723204,26.5975464304409,,TRUE,TRUE,"boron_isotopes_dyez_2018.xlsx",30,368,31
"boron_isotopes_dyez_2018.xlsx","boron isotopes",31,2018,"668_B_4H_1_101_103","668",22.72,,4.7705,-20.927,1.515666667,"T. sacculifer",">500","20.37,20.38,20.47,20.56,20.83,21.11","3.2802672",0.238873980458102,298.892,20.6212560046123,0.238873980458102,3.2802672,0.0721658784,26.1618517187134,,TRUE,TRUE,"boron_isotopes_dyez_2018.xlsx",31,369,32
"boron_isotopes_dyez_2018.xlsx","boron isotopes",32,2018,"668_B_4H_1_108_110","668",22.79,,4.7705,-20.927,1.519,"T. sacculifer",">500","20.59,20.61,20.93,20.93,21.18","3.283203",0.222119496515361,277.925,20.8463414701174,0.253860130722038,3.283203,0.072230466,26.1747939092443,,TRUE,TRUE,"boron_isotopes_dyez_2018.xlsx",32,370,33
"boron_isotopes_dyez_2018.xlsx","boron isotopes",33,2018,"668_B_4H_1_115_117","668",22.86,,4.7705,-20.927,1.522333333,"T. sacculifer",">500","20.43,20.71,20.98,21.13","3.371277",0.309363572435591,283.64,20.811176342292,0.309363572435591,3.371277,0.074168094,26.4719330379565,,TRUE,TRUE,"boron_isotopes_dyez_2018.xlsx",33,371,34
"boron_isotopes_dyez_2018.xlsx","boron isotopes",34,2018,"668_B_4H_1_122_124","668",22.93,,4.7705,-20.927,1.525666667,"T. sacculifer",">500","20.37,20.43,20.49,20.66,20.75,20.75,20.76,21.13","3.6609426",0.172413768171615,305.939,20.66786323787,0.200694055047431,3.6609426,0.0805407372,27.3908402811003,,TRUE,TRUE,"boron_isotopes_dyez_2018.xlsx",34,372,35
"boron_isotopes_dyez_2018.xlsx","boron isotopes",35,2018,"668_B_4H_1_129_132","668",23,,4.7705,-20.927,1.529,"T. sacculifer",">500","20.48,20.95,21.05,21.07,21.08,21.23,21.23,21.29,21.38,21.47,21.54","3.390849",0.17516798107123,255.819,21.1609464978265,0.17516798107123,3.390849,0.074598678,26.5430587836466,,TRUE,TRUE,"boron_isotopes_dyez_2018.xlsx",35,373,36
"boron_isotopes_dyez_2018.xlsx","boron isotopes",36,2018,"668_B_4H_1_143_145","668",23.14,,4.7705,-20.927,1.535666667,"T. sacculifer",">500","20.24,20.34,20.51,20.54,20.57,20.66,21.06,21.17","3.053232",0.22990927864052,295.543,20.6373462376649,0.22990927864052,3.053232,0.067171104,25.3822578028877,,TRUE,TRUE,"boron_isotopes_dyez_2018.xlsx",36,374,37
"boron_isotopes_dyez_2018.xlsx","boron isotopes",37,2018,"668_B_1H_1_2_4","668",0.03,,4.77,-20.93,0.0036,"Globigerinoides sacculifer","515-865","20.87,20.9,20.92","3.34",0.0290593262902714,263.257,20.9,0.23,3.34,0.07348,25.2231930206034,"d11B data originally published by Hönisch & Hemming 2005, Dyez used the averaged d11B uncertainty",TRUE,TRUE,"boron_isotopes_dyez_2018.xlsx",37,375,38
"boron_isotopes_dyez_2018.xlsx","boron isotopes",38,2018,"668_B_1H_1_2_4","668",0.03,,4.77,-20.93,0.0036,"Globigerinoides sacculifer","515-865","20.42,20.82,21.03,21.07","3.34",0.297601523293592,268.377,20.84,0.23,3.34,0.07348,25.2231930206034,"d11B data originally published by Hönisch & Hemming 2005, Dyez used the averaged d11B uncertainty",TRUE,TRUE,"boron_isotopes_dyez_2018.xlsx",38,376,39
"boron_isotopes_dyez_2018.xlsx","boron isotopes",39,2018,"668_B_1H_1_25_27","668",0.26,,4.77,-20.93,0.0146,"Globigerinoides sacculifer","515-865","21.18,21.26,21.49","3.51",0.18583146486355,241.986,21.31,0.23,3.51,0.07722,25.8165592046133,"d11B data originally published by Hönisch & Hemming 2005, Dyez used the averaged d11B uncertainty",TRUE,TRUE,"boron_isotopes_dyez_2018.xlsx",39,377,40
"boron_isotopes_dyez_2018.xlsx","boron isotopes",40,2018,"668_B_1H_1_25_27","668",0.26,,4.77,-20.93,0.0146,"Globigerinoides sacculifer","515-865","21.32,21.33,21.69","3.51",0.24340181684705,232.362,21.44,0.23,3.51,0.07722,25.8165592046133,"d11B data originally published by Hönisch & Hemming 2005, Dyez used the averaged d11B uncertainty",TRUE,TRUE,"boron_isotopes_dyez_2018.xlsx",40,378,41
"boron_isotopes_dyez_2018.xlsx","boron isotopes",41,2018,"668_B_1H_1_33_35","668",0.34,,4.77,-20.93,0.0204,"Globigerinoides sacculifer","515-865","20.66,20.77,21.14","2.88",0.083533093907611,178.769,22.118934409799,0.23,2.88,0.06336,23.6406654039428,"d11B data originally published by Hönisch & Hemming 2005, Dyez used the averaged d11B uncertainty",TRUE,TRUE,"boron_isotopes_dyez_2018.xlsx",41,379,42
"boron_isotopes_dyez_2018.xlsx","boron isotopes",42,2018,"668_B_1H_1_70_72","668",0.71,,4.77,-20.93,0.0408,"Globigerinoides sacculifer","515-865","21.35,21.62,21.69","3.01",0.207310824072883,213.72,21.5539420340399,0.23,3.01,0.06622,24.2100643029945,"d11B data originally published by Hönisch & Hemming 2005, Dyez used the averaged d11B uncertainty",TRUE,TRUE,"boron_isotopes_dyez_2018.xlsx",42,380,43
"boron_isotopes_dyez_2018.xlsx","boron isotopes",43,2018,"668_B_1H_1_105_107","668",1.06,,4.77,-20.93,0.0706,"Globigerinoides sacculifer","515-865","21.03,21.1,21.16","2.87",0.0751295177972304,242.253,21.0967338443685,0.23,2.87,0.06314,23.7985499859128,"d11B data originally published by Hönisch & Hemming 2005, Dyez used the averaged d11B uncertainty",TRUE,TRUE,"boron_isotopes_dyez_2018.xlsx",43,381,44
"boron_isotopes_dyez_2018.xlsx","boron isotopes",44,2018,"668_B_1H_2_25_27","668",1.76,,4.77,-20.93,0.1136,"Globigerinoides sacculifer","515-865","20.88,21,21.19","3.41",0.18049315160908,260.118,21.0247666598402,0.23,3.41,0.07502,25.8580181644121,"d11B data originally published by Hönisch & Hemming 2005, Dyez used the averaged d11B uncertainty",TRUE,TRUE,"boron_isotopes_dyez_2018.xlsx",44,382,45
"boron_isotopes_dyez_2018.xlsx","boron isotopes",45,2018,"668_B_1H_2_39_41","668",1.9,,4.77,-20.93,0.1232,"Globigerinoides sacculifer","515-865","20.49,20.58,20.8,20.87","4",0.179350680697529,303.174,20.6845259688654,0.23,4,0.088,27.6487008974672,"d11B data originally published by Hönisch & Hemming 2005, Dyez used the averaged d11B uncertainty",TRUE,TRUE,"boron_isotopes_dyez_2018.xlsx",45,383,46
"boron_isotopes_dyez_2018.xlsx","boron isotopes",46,2018,"668_B_1H_2_49_51","668",2,,4.77,-20.93,0.1281,"Globigerinoides sacculifer","515-865","20.88,20.98,21.1","3.72",0.127191893522261,270.468,20.987533637289,0.23,3.72,0.08184,26.8513431015988,"d11B data originally published by Hönisch & Hemming 2005, Dyez used the averaged d11B uncertainty",TRUE,TRUE,"boron_isotopes_dyez_2018.xlsx",46,384,47
"boron_isotopes_dyez_2018.xlsx","boron isotopes",47,2018,"668_B_1H_2_70_72","668",2.21,,4.77,-20.93,0.1368,"Globigerinoides sacculifer","515-865","21.76,21.86,22.02","2.84",0.194479361944197,197.646,21.8148368216884,0.23,2.84,0.06248,23.8682298610266,"d11B data originally published by Hönisch & Hemming 2005, Dyez used the averaged d11B uncertainty",TRUE,TRUE,"boron_isotopes_dyez_2018.xlsx",47,385,48
"boron_isotopes_dyez_2018.xlsx","boron isotopes",48,2018,"668_B_1H_2_74_76","668",2.25,,4.77,-20.93,0.1386,"Globigerinoides sacculifer","515-865","21.74,22.39,22.55","3",0.495356213020266,177.222,22.2316121978439,0.23,3,0.066,24.4805263103222,"d11B data originally published by Hönisch & Hemming 2005, Dyez used the averaged d11B uncertainty",TRUE,TRUE,"boron_isotopes_dyez_2018.xlsx",48,386,49
"boron_isotopes_dyez_2018.xlsx","boron isotopes",49,2018,"668_B_2H_2_56_58","668",10.85,,4.77,-20.93,0.3291,"Globigerinoides sacculifer","515-865","20.36,20.54,20.73","3.23",0.213645604786161,296.874,20.5452353157084,0.23,3.23,0.07106,25.4743080914942,"d11B data originally published by Hönisch & Hemming 2005, Dyez used the averaged d11B uncertainty",TRUE,TRUE,"boron_isotopes_dyez_2018.xlsx",49,387,50
"boron_isotopes_dyez_2018.xlsx","boron isotopes",50,2018,"668_B_2H_2_105_107","668",11.34,,4.77,-20.93,0.3585,"Globigerinoides sacculifer","515-865","21.47,21.51,21.65","2.8",0.109138036958299,212.408,21.5436134103345,0.23,2.8,0.0616,23.875111707781,"d11B data originally published by Hönisch & Hemming 2005, Dyez used the averaged d11B uncertainty",TRUE,TRUE,"boron_isotopes_dyez_2018.xlsx",50,388,51
"boron_isotopes_dyez_2018.xlsx","boron isotopes",51,2018,"668_B_2H_2_130_132","668",11.59,,4.77,-20.93,0.3669,"Globigerinoides sacculifer","515-865","21.09,21.36,21.82","3",0.426197658891323,224.228,21.4242069565657,0.23,3,0.066,24.6383239984377,"d11B data originally published by Hönisch & Hemming 2005, Dyez used the averaged d11B uncertainty",TRUE,TRUE,"boron_isotopes_dyez_2018.xlsx",51,389,52
"boron_isotopes_dyez_2018.xlsx","boron isotopes",52,2018,"668_B_2H_3_14_16","668",11.92,,4.77,-20.93,0.3864,"Globigerinoides sacculifer","515-865","20.73,21.11,21.13,21.45","3.19",0.294561821468204,251.417,21.1037904200709,0.23,3.19,0.07018,25.3128164990683,"d11B data originally published by Hönisch & Hemming 2005, Dyez used the averaged d11B uncertainty",TRUE,TRUE,"boron_isotopes_dyez_2018.xlsx",52,390,53
"boron_isotopes_dyez_2018.xlsx","boron isotopes",53,2018,"668_B_2H_3_56_58","668",12.34,,4.77,-20.93,0.4091,"Globigerinoides sacculifer","515-865","20.54,20.55,20.9","3.66",0.236737078727529,296.977,20.6661801674853,0.23,3.66,0.08052,26.8299492146533,"d11B data originally published by Hönisch & Hemming 2005, Dyez used the averaged d11B uncertainty",TRUE,TRUE,"boron_isotopes_dyez_2018.xlsx",53,391,54
"boron_isotopes_dyez_2018.xlsx","boron isotopes",54,2018,"668_B_2H_3_70_72","668",12.48,,4.77,-20.93,0.4188,"Globigerinoides sacculifer","515-865","20.44,20.86,21.06,21.15","3.42",0.315845426329609,274.774,20.8784375494002,0.23,3.42,0.07524,26.0715163211499,"d11B data originally published by Hönisch & Hemming 2005, Dyez used the averaged d11B uncertainty",TRUE,TRUE,"boron_isotopes_dyez_2018.xlsx",54,392,55
"boron_isotopes_dyez_2018.xlsx","boron isotopes",55,2018,"668_B_2H_4_94_96","668",14.2,,4.77,-20.93,0.5416,"Globigerinoides sacculifer","515-865","20.98,21.2,21.3,21.34","3.13",0.161141759536958,244.389,21.2042834746559,0.23,3.13,0.06886,25.0137620050938,"d11B data originally published by Hönisch et al. 2009, Dyez used the averaged d11B uncertainty",TRUE,TRUE,"boron_isotopes_dyez_2018.xlsx",55,393,56
"boron_isotopes_dyez_2018.xlsx","boron isotopes",56,2018,"668_B_2H_5_37_39","668",15.12,,4.77,-20.93,0.6163,"Globigerinoides sacculifer","515-865","21.09,21.2,21.37","3.62",0.162890556304942,249.796,21.2225663220494,0.23,3.62,0.07964,26.576140761901,"d11B data originally published by Hönisch et al. 2009, Dyez used the averaged d11B uncertainty",TRUE,TRUE,"boron_isotopes_dyez_2018.xlsx",56,394,57
"boron_isotopes_dyez_2018.xlsx","boron isotopes",57,2018,"668_B_2H_5_73_75","668",15.48,,4.77,-20.93,0.651,"Globigerinoides sacculifer","515-865","22.18,22.28,22.4","3.08",0.127191893522259,174.361,22.29,0.23,3.08,0.06776,24.7643744915832,"d11B data originally published by Hönisch et al. 2009, Dyez used the averaged d11B uncertainty",TRUE,TRUE,"boron_isotopes_dyez_2018.xlsx",57,395,58
"boron_isotopes_dyez_2018.xlsx","boron isotopes",58,2018,"668_B_2H_5_80_82","668",15.55,,4.77,-20.93,0.6621,"Globigerinoides sacculifer","515-865","21.73,21.81,21.97","3.04",0.141106736590111,198.745,21.84,0.23,3.04,0.06688,24.6137591621779,"d11B data originally published by Hönisch et al. 2009, Dyez used the averaged d11B uncertainty",TRUE,TRUE,"boron_isotopes_dyez_2018.xlsx",58,396,59
"boron_isotopes_dyez_2018.xlsx","boron isotopes",59,2018,"668_B_2H_5_87_89","668",15.62,,4.77,-20.93,0.675,"Globigerinoides sacculifer","515-865","21.29,21.29,21.69,21.71,22.16","3.3",0.323134646857932,216.549,21.63,0.23,3.3,0.0726,25.5193591304718,"d11B data originally published by Hönisch et al. 2009, Dyez used the averaged d11B uncertainty",TRUE,TRUE,"boron_isotopes_dyez_2018.xlsx",59,397,60
"boron_isotopes_dyez_2018.xlsx","boron isotopes",60,2018,"668_B_2H_6_14_16","668",16.38,,4.77,-20.93,0.7022,"Globigerinoides sacculifer","515-865","20.97,21.26,21.5","3.82",0.306449198254966,252.969,21.24,0.23,3.82,0.08404,27.1327466043078,"d11B data originally published by Hönisch et al. 2009, Dyez used the averaged d11B uncertainty",TRUE,TRUE,"boron_isotopes_dyez_2018.xlsx",60,398,61
"boron_isotopes_dyez_2018.xlsx","boron isotopes",61,2018,"668_B_2H_6_25_27","668",16.49,,4.77,-20.93,0.7035,"Globigerinoides sacculifer","515-865","20.91,21.01,21.31","3.69",0.240370085030931,263.354,21.08,0.23,3.69,0.08118,26.7477855059924,"d11B data originally published by Hönisch et al. 2009, Dyez used the averaged d11B uncertainty",TRUE,TRUE,"boron_isotopes_dyez_2018.xlsx",61,399,62
"boron_isotopes_dyez_2018.xlsx","boron isotopes",62,2018,"668_B_2H_6_69_71","668",16.93,,4.77,-20.93,0.731,"Globigerinoides sacculifer","515-865","21.21,21.74,21.75","3.5",0.356713392577912,223.799,21.56,0.23,3.5,0.077,26.1551201024457,"d11B data originally published by Hönisch et al. 2009, Dyez used the averaged d11B uncertainty",TRUE,TRUE,"boron_isotopes_dyez_2018.xlsx",62,400,63
"boron_isotopes_dyez_2018.xlsx","boron isotopes",63,2018,"668_B_2H_6_90_92","668",17.14,,4.77,-20.93,0.7524,"Globigerinoides sacculifer","515-865","21.4,21.41,21.79,22.05","3.03",0.315739871835451,208.841,21.66,0.23,3.03,0.06666,24.5487791061446,"d11B data originally published by Hönisch et al. 2009, Dyez used the averaged d11B uncertainty",TRUE,TRUE,"boron_isotopes_dyez_2018.xlsx",63,401,64
"boron_isotopes_dyez_2018.xlsx","boron isotopes",64,2018,"668_B_3H_1_99_101","668",19.45,,4.77,-20.93,0.8919,"Globigerinoides sacculifer","515-865","21.5,21.82,21.9,21.98","3.12",0.210396451174127,202.006,21.8,0.23,3.12,0.06864,24.9091496673746,"d11B data originally published by Hönisch et al. 2009, Dyez used the averaged d11B uncertainty",TRUE,TRUE,"boron_isotopes_dyez_2018.xlsx",64,402,65
"boron_isotopes_dyez_2018.xlsx","boron isotopes",65,2018,"668_B_3H_2_39_41","668",20.33,,4.77,-20.93,0.95,"Globigerinoides sacculifer","515-865","20.77,20.84","3.56",0.0700000000000003,281.666,20.8,0.23,3.56,0.07832,26.4032314521903,"d11B data originally published by Hönisch et al. 2009, Dyez used the averaged d11B uncertainty",TRUE,TRUE,"boron_isotopes_dyez_2018.xlsx",65,403,66
"boron_isotopes_dyez_2018.xlsx","boron isotopes",66,2018,"668_B_3H_2_46_48","668",20.4,,4.77,-20.93,0.9528,"Globigerinoides sacculifer","515-865","20.41,20.65,20.82","3.82",0.237860836998817,304.682,20.63,0.23,3.82,0.08404,27.187816750981,"d11B data originally published by Hönisch et al. 2009, Dyez used the averaged d11B uncertainty",TRUE,TRUE,"boron_isotopes_dyez_2018.xlsx",66,404,67
"boron_isotopes_dyez_2018.xlsx","boron isotopes",67,2018,"668_B_3H_3_44_46","668",21.86,,4.77,-20.93,1.0728,"Globigerinoides sacculifer","515-865","20.17,20.74,20.76,21.05","3.55",0.368329562574967,293.261,20.68,0.23,3.55,0.0781,26.4682887609444,"d11B data originally published by Hönisch et al. 2009, Dyez used the averaged d11B uncertainty",TRUE,TRUE,"boron_isotopes_dyez_2018.xlsx",67,405,68
"boron_isotopes_dyez_2018.xlsx","boron isotopes",68,2018,"668_B_3H_3_51_53","668",21.93,,4.77,-20.93,1.0789,"Globigerinoides sacculifer","515-865","20.82,21.15,21.16,21.19","3.46",0.174164673034842,258.096,21.08,0.23,3.46,0.07612,26.1890415822263,"d11B data originally published by Hönisch et al. 2009, Dyez used the averaged d11B uncertainty",TRUE,TRUE,"boron_isotopes_dyez_2018.xlsx",68,406,69
"boron_isotopes_dyez_2018.xlsx","boron isotopes",69,2018,"668_B_3H_4_5_7","668",22.95,,4.77,-20.93,1.1683,"Globigerinoides sacculifer","515-865","20.79,20.81,21.36","3.45",0.373511862075505,265.483,20.99,0.23,3.45,0.0759,26.246860819101,"d11B data originally published by Hönisch et al. 2009, Dyez used the averaged d11B uncertainty",TRUE,TRUE,"boron_isotopes_dyez_2018.xlsx",69,407,70
"boron_isotopes_dyez_2018.xlsx","boron isotopes",70,2018,"668_B_3H_4_40_42","668",23.3,,4.77,-20.93,1.1924,"Globigerinoides sacculifer","515-865","21.4,21.75,21.9","3.26",0.296273147243853,213.017,21.68,0.23,3.26,0.07172,25.6420125672011,"d11B data originally published by Hönisch et al. 2009, Dyez used the averaged d11B uncertainty",TRUE,TRUE,"boron_isotopes_dyez_2018.xlsx",70,408,71
"boron_isotopes_dyez_2018.xlsx","boron isotopes",71,2018,"668_B_3H_4_68_70","668",23.58,,4.77,-20.93,1.2125,"Globigerinoides sacculifer","515-865","21.17,21.45,21.63","3.1",0.267664798665128,226.409,21.42,0.23,3.1,0.0682,25.1047165534083,"d11B data originally published by Hönisch et al. 2009, Dyez used the averaged d11B uncertainty",TRUE,TRUE,"boron_isotopes_dyez_2018.xlsx",71,409,72
"boron_isotopes_dyez_2018.xlsx","boron isotopes",72,2018,"668_B_3H_4_96_98","668",23.86,,4.77,-20.93,1.2333,"Globigerinoides sacculifer","515-865","20.86,21.25,21.36","3.31",0.303388273412874,247.228,21.16,0.23,3.31,0.07282,25.8565624251207,"d11B data originally published by Hönisch et al. 2009, Dyez used the averaged d11B uncertainty",TRUE,TRUE,"boron_isotopes_dyez_2018.xlsx",72,410,73
"boron_isotopes_dyez_2018.xlsx","boron isotopes",73,2018,"668_B_3H_4_103_105","668",23.93,,4.77,-20.93,1.2387,"Globigerinoides sacculifer","515-865","20.9,20.97,21","3.59",0.0592546294487713,270.7,20.96,0.23,3.59,0.07898,26.764964736309,"d11B data originally published by Hönisch et al. 2009, Dyez used the averaged d11B uncertainty",TRUE,TRUE,"boron_isotopes_dyez_2018.xlsx",73,411,74
"boron_isotopes_dyez_2018.xlsx","boron isotopes",74,2018,"668_B_3H_4_138_140","668",24.28,,4.77,-20.93,1.253,"Globigerinoides sacculifer","515-865","21.64,21.69,21.86","2.98",0.133166562369587,204.312,21.73,0.23,2.98,0.06556,24.7120424530022,"d11B data originally published by Hönisch et al. 2009, Dyez used the averaged d11B uncertainty",TRUE,TRUE,"boron_isotopes_dyez_2018.xlsx",74,412,75
"boron_isotopes_dyez_2018.xlsx","boron isotopes",75,2018,"668_B_3H_5_2_4","668",24.4,,4.77,-20.93,1.2617,"Globigerinoides sacculifer","515-865","21,21.26,21.56","3.29",0.323590962653642,241.022,21.27,0.23,3.29,0.07238,25.8215832804201,"d11B data originally published by Hönisch et al. 2009, Dyez used the averaged d11B uncertainty",TRUE,TRUE,"boron_isotopes_dyez_2018.xlsx",75,413,76
"boron_isotopes_dyez_2018.xlsx","boron isotopes",76,2018,"668_B_3H_6_3_5","668",25.89,,4.77,-20.93,1.351571,"Globigerinoides sacculifer","515-865","20.38,20.76,20.9,21.17","3.53",0.329076992004405,285.216,20.8,0.23,3.53,0.07766,26.7354246313789,"d11B data originally published by Hönisch et al. 2009, Dyez used the averaged d11B uncertainty",TRUE,TRUE,"boron_isotopes_dyez_2018.xlsx",76,414,77
"boron_isotopes_dyez_2018.xlsx","boron isotopes",77,2018,"668_B_3H_6_80_82","668",26.66,,4.77,-20.93,1.380308,"Globigerinoides sacculifer","515-865","21.37,21.65,21.73","3.29",0.218276073916598,219.769,21.58,0.23,3.29,0.07238,26.002490222133,"d11B data originally published by Hönisch et al. 2009, Dyez used the averaged d11B uncertainty",TRUE,TRUE,"boron_isotopes_dyez_2018.xlsx",77,415,78
"boron_isotopes_dyez_2018.xlsx","boron isotopes",78,2018,"668_B_4H_1_38_40","668",28.18,,4.77,-20.93,1.487,"Globigerinoides sacculifer","515-865","20.81,21.26,21.32","3.49",0.321869538788623,257.444,21.13,0.23,3.49,0.07678,26.8173861444082,"d11B data originally published by Hönisch et al. 2009, Dyez used the averaged d11B uncertainty",TRUE,TRUE,"boron_isotopes_dyez_2018.xlsx",78,416,79
"boron_isotopes_dyez_2018.xlsx","boron isotopes",79,2018,"668_B_4H_1_66_68","668",28.46,,4.77,-20.93,1.499,"Globigerinoides sacculifer","515-865","21.32,21.52,21.79","3.23",0.272355976210873,225.279,21.54,0.23,3.23,0.07106,25.9746763856872,"d11B data originally published by Hönisch et al. 2009, Dyez used the averaged d11B uncertainty",TRUE,TRUE,"boron_isotopes_dyez_2018.xlsx",79,417,80
"boron_isotopes_dyez_2018.xlsx","boron isotopes",80,2018,"668_B_4H_2_0_2","668",29.29,,4.77,-20.93,1.539,"Globigerinoides sacculifer","515-865","21.18,21.58,21.68","3.07",0.305505046330389,225.678,21.48,0.23,3.07,0.06754,25.4468736711944,"d11B data originally published by Hönisch et al. 2009, Dyez used the averaged d11B uncertainty",TRUE,TRUE,"boron_isotopes_dyez_2018.xlsx",80,418,81
"boron_isotopes_dyez_2018.xlsx","boron isotopes",81,2018,"668_B_4H_2_7_9","668",29.36,,4.77,-20.93,1.5413,"Globigerinoides sacculifer","515-865","21.28,21.41,21.53,21.58","3.11",0.133915396177337,227.886,21.45,0.23,3.11,0.06842,25.5927950634716,"d11B data originally published by Hönisch et al. 2009, Dyez used the averaged d11B uncertainty",TRUE,TRUE,"boron_isotopes_dyez_2018.xlsx",81,419,82
"boron_isotopes_dyez_2018.xlsx","boron isotopes",82,2018,"668_B_4H_2_10_12","668",29.39,,4.77,-20.93,1.5423,"Globigerinoides sacculifer","515-865","20.73,20.81,20.92","3.16",0.110151410945723,279.087,20.82,0.23,3.16,0.06952,25.7709168782227,"d11B data originally published by Hönisch et al. 2009, Dyez used the averaged d11B uncertainty",TRUE,TRUE,"boron_isotopes_dyez_2018.xlsx",82,420,83
"boron_isotopes_dyez_2018.xlsx","boron isotopes",83,2018,"668_B_4H_2_105_107","668",30.34,,4.77,-20.93,1.5741,"Globigerinoides sacculifer","515-865","20.26,20.72,21.16,21.21,21.38","3.46",0.406329915216686,276.96,20.95,0.23,3.46,0.07612,26.8076049852099,"d11B data originally published by Hönisch et al. 2009, Dyez used the averaged d11B uncertainty",TRUE,TRUE,"boron_isotopes_dyez_2018.xlsx",83,421,84
"boron_isotopes_dyez_2018.xlsx","boron isotopes",84,2018,"668_B_4H_2_115_117","668",30.44,,4.77,-20.93,1.5774,"Globigerinoides sacculifer","515-865","21.28,21.32,21.56,21.63,22.1","2.96",0.293557490110541,215.334,21.58,0.23,2.96,0.06512,25.0764049660052,"d11B data originally published by Hönisch et al. 2009, Dyez used the averaged d11B uncertainty",TRUE,TRUE,"boron_isotopes_dyez_2018.xlsx",84,422,85
"boron_isotopes_dyez_2018.xlsx","boron isotopes",85,2018,"668_B_4H_3_25_27","668",31.03,,4.77,-20.93,1.616,"Globigerinoides sacculifer","515-865","20.38,20.65,20.94","3.44",0.323384875616932,301.081,20.66,0.23,3.44,0.07568,26.7816185012303,"d11B data originally published by Hönisch et al. 2009, Dyez used the averaged d11B uncertainty",TRUE,TRUE,"boron_isotopes_dyez_2018.xlsx",85,423,86
"boron_isotopes_dyez_2018.xlsx","boron isotopes",86,2018,"668_B_4H_3_46_48","668",31.24,,4.77,-20.93,1.6446,"Globigerinoides sacculifer","515-865","21.92,22.15,22.16","3.24",0.15677301355073,190.283,22.08,0.23,3.24,0.07128,26.1424996472376,"d11B data originally published by Hönisch et al. 2009, Dyez used the averaged d11B uncertainty, considered an outlier in original publication",TRUE,TRUE,"boron_isotopes_dyez_2018.xlsx",86,424,87
"boron_isotopes_dyez_2018.xlsx","boron isotopes",87,2018,"668_B_4H_3_49_51","668",31.27,,4.77,-20.93,1.6487,"Globigerinoides sacculifer","515-865","21.69,22.05,22.19","3.34",0.297844105382516,198.308,21.99,0.23,3.34,0.07348,26.4840488951109,"d11B data originally published by Hönisch et al. 2009, Dyez used the averaged d11B uncertainty",TRUE,TRUE,"boron_isotopes_dyez_2018.xlsx",87,425,88
"boron_isotopes_dyez_2018.xlsx","boron isotopes",88,2018,"668_B_4H_3_56_58","668",31.34,,4.77,-20.93,1.6595,"Globigerinoides sacculifer","515-865","21.85,22.08","2.99",0.229999999999997,192.552,21.96,0.23,2.99,0.06578,25.2641012033772,"d11B data originally published by Hönisch et al. 2009, Dyez used the averaged d11B uncertainty",TRUE,TRUE,"boron_isotopes_dyez_2018.xlsx",88,426,89
"boron_isotopes_dyez_2018.xlsx","boron isotopes",89,2018,"668_B_4H_3_81_83","668",31.59,,4.77,-20.93,1.6985,"Globigerinoides sacculifer","515-865","20.69,20.73,20.74","3.22",0.0305505046330375,290.906,20.72,0.23,3.22,0.07084,26.1239043204424,"d11B data originally published by Hönisch et al. 2009, Dyez used the averaged d11B uncertainty",TRUE,TRUE,"boron_isotopes_dyez_2018.xlsx",89,427,90
"boron_isotopes_dyez_2018.xlsx","boron isotopes",90,2018,"668_B_4H_3_116_118","668",31.94,,4.77,-20.93,1.7531,"Globigerinoides sacculifer","515-865","20.31,20.54,20.8,20.81,21.05","3.09",0.253881862290319,286.95,20.7,0.23,3.09,0.06798,25.7048822291443,"d11B data originally published by Hönisch et al. 2009, Dyez used the averaged d11B uncertainty",TRUE,TRUE,"boron_isotopes_dyez_2018.xlsx",90,428,91
"boron_isotopes_dyez_2018.xlsx","boron isotopes",91,2018,"668_B_4H_3_130_132","668",32.08,,4.77,-20.93,1.7749,"Globigerinoides sacculifer","515-865","21.31,21.65,21.82,22.14","3.46",0.345928701709857,214.859,21.73,0.23,3.46,0.07612,26.9769917393824,"d11B data originally published by Hönisch et al. 2009, Dyez used the averaged d11B uncertainty, considered an outlier in original publication",TRUE,TRUE,"boron_isotopes_dyez_2018.xlsx",91,429,92
"boron_isotopes_dyez_2018.xlsx","boron isotopes",92,2018,"668_B_4H_3_133_135","668",32.11,,4.77,-20.93,1.7796,"Globigerinoides sacculifer","515-865","21.49,21.61,21.7","3.48",0.121655250605965,224.587,21.6,0.23,3.48,0.07656,27.0443752122283,"d11B data originally published by Hönisch et al. 2009, Dyez used the averaged d11B uncertainty",TRUE,TRUE,"boron_isotopes_dyez_2018.xlsx",92,430,93
"boron_isotopes_dyez_2018.xlsx","boron isotopes",93,2018,"999_A_7H_7_64_66","999",64.74,,12.91083333,-78.83333333,1.975132,"Globigerinoides sacculifer","425-500","21.45,21.55,21.59,21.62,21.89",,0.146696966567138,202.267,21.62,0.3,,,27.14,"d11B data originally published by Bartoli et al. 2011",FALSE,TRUE,"boron_isotopes_dyez_2018.xlsx",93,431,94
"boron_isotopes_dyez_2018.xlsx","boron isotopes",94,2018,"999_A_8H_2_47_49","999",66.57,,12.91083333,-78.83333333,2.026542,"Globigerinoides sacculifer","425-500","20.96,21.02,21.23,21.3,21.46","3.47841453428585",0.183477519058876,234.265,21.1959374348897,0.3,3.47841453428585,0.0765251197542887,27.1389569528673,"d11B data originally published by Bartoli et al. 2011",TRUE,TRUE,"boron_isotopes_dyez_2018.xlsx",94,432,95
"boron_isotopes_dyez_2018.xlsx","boron isotopes",95,2018,"999_A_8H_3_103_105","999",68.63,,12.91083333,-78.83333333,2.078094545,"Globigerinoides sacculifer","425-500","21.38,21.41,21.46,21.8","3.71671638484788",0.194486503387768,215.401,21.5159836749324,0.33,3.71671638484788,0.0817677604666534,26.7861935838208,"d11B data originally published by Bartoli et al. 2011",TRUE,TRUE,"boron_isotopes_dyez_2018.xlsx",95,433,96
"boron_isotopes_dyez_2018.xlsx","boron isotopes",96,2018,"999_A_8H_5_71_73","999",71.31,,12.91083333,-78.83333333,2.161008,"Globigerinoides sacculifer","425-500","21.54,21.7,21.76,21.78","3.6898136237328",0.108781125813872,201.492,21.6969583806658,0.33,3.6898136237328,0.0811758997221216,26.6751417790586,"d11B data originally published by Bartoli et al. 2011",TRUE,TRUE,"boron_isotopes_dyez_2018.xlsx",96,434,97
"boron_isotopes_dyez_2018.xlsx","boron isotopes",97,2018,"999_A_8H_5_87_89","999",71.47,,12.91083333,-78.83333333,2.166038,"Globigerinoides sacculifer","425-500","20,20.5,20.58,20.58,20.6","3.70193698933277",0.228595712995673,309.39,20.451513081551,0.3,3.70193698933277,0.0814426137653209,26.7115889456522,"d11B data originally published by Bartoli et al. 2011",TRUE,TRUE,"boron_isotopes_dyez_2018.xlsx",97,435,98
"boron_isotopes_dyez_2018.xlsx","boron isotopes",98,2018,"999_A_8H_6_49_51","999",72.59,,12.91083333,-78.83333333,2.201944,"Globigerinoides sacculifer","425-500","19.96,20.29,20.31,20.46,20.64,20.65","3.73591131771683",0.211707345172528,318.132,20.3849776569641,0.279924034236554,3.73591131771683,0.0821900489897704,26.7824398294156,"d11B data originally published by Bartoli et al. 2011",TRUE,TRUE,"boron_isotopes_dyez_2018.xlsx",98,436,99
"boron_isotopes_dyez_2018.xlsx","boron isotopes",99,2018,"999_A_9H_1_127_129","999",75.37,,12.91083333,-78.83333333,2.304672,"Globigerinoides sacculifer","425-500","21.35,21.59,21.6,21.65",,0.134257215820975,210.415,21.5452747037262,0.33,,,27.58,"d11B data originally published by Bartoli et al. 2011",FALSE,TRUE,"boron_isotopes_dyez_2018.xlsx",99,437,100
"boron_isotopes_dyez_2018.xlsx","boron isotopes",100,2018,"999_A_9H_6_64_66","999",82.24,,12.91083333,-78.83333333,2.502936,"Globigerinoides sacculifer","425-500","20.44,20.47,20.5,20.65,20.89","3.64278174212973",0.166493243106139,289.402,20.59115051837,0.3,3.64278174212973,0.0801411983268541,27.096415585003,"d11B data originally published by Bartoli et al. 2011",TRUE,TRUE,"boron_isotopes_dyez_2018.xlsx",100,438,101
"boron_isotopes_dyez_2018.xlsx","boron isotopes",101,2018,"999_A_9H_7_67_69","999",83.77,,12.91083333,-78.83333333,2.558577,"Globigerinoides sacculifer","425-500","20.68,21.15,21.31",,0.378124024332992,242.728,21.0460174781756,0.38,,,26.79,"d11B data originally published by Bartoli et al. 2011",FALSE,TRUE,"boron_isotopes_dyez_2018.xlsx",101,439,102
"boron_isotopes_dyez_2018.xlsx","boron isotopes",102,2018,"999_A_10H_1_127_129","999",84.87,,12.91083333,-78.83333333,2.600862,"Globigerinoides sacculifer","425-500","21.41,21.42,21.53,21.68,21.84","3.45851528622344",0.164024388430501,201.452,21.5757688573111,0.3,3.45851528622344,0.0760873362969157,26.5623698658642,"d11B data originally published by Bartoli et al. 2011",TRUE,TRUE,"boron_isotopes_dyez_2018.xlsx",102,440,103
"boron_isotopes_dyez_2018.xlsx","boron isotopes",103,2018,"999_A_10H_3_98_100","999",87.58,,12.91083333,-78.83333333,2.685473,"Globigerinoides sacculifer","425-500","21.49,21.57,21.61","3.10625371134338",0.0705533682950565,195.324,21.5537619599545,0.39,3.10625371134338,0.0683375816495543,25.412324176436,"d11B data originally published by Bartoli et al. 2011",TRUE,TRUE,"boron_isotopes_dyez_2018.xlsx",103,441,104
"boron_isotopes_dyez_2018.xlsx","boron isotopes",104,2018,"999_A_10H_4_20_22","999",88.3,,12.91083333,-78.83333333,2.702225,"Globigerinoides sacculifer","425-500","20.45,20.49,20.59,20.67","3.15457564989711",0.0993310961716768,278.669,20.5532839458935,0.33,3.15457564989711,0.0694006642977364,25.5838417371178,"d11B data originally published by Bartoli et al. 2011",TRUE,TRUE,"boron_isotopes_dyez_2018.xlsx",104,442,105
"boron_isotopes_dyez_2018.xlsx","boron isotopes",105,2018,"999_A_10H_4_35_37","999",88.45,,12.91083333,-78.83333333,2.70551,"Globigerinoides sacculifer","425-500","20.52,20.58,20.64,20.87,20.94",,0.165166582576501,267.997,20.709903807724,0.3,,,26.03,"d11B data originally published by Bartoli et al. 2011",FALSE,TRUE,"boron_isotopes_dyez_2018.xlsx",105,443,106
"boron_isotopes_dyez_2018.xlsx","boron isotopes",106,2018,"999_A_10H_4_47_49","999",88.57,,12.91083333,-78.83333333,2.708112,"Globigerinoides sacculifer","425-500","21.16,21.22,21.28,21.4","3.39159387088101",0.102469507659596,223.879,21.2629963417794,0.33,3.39159387088101,0.0746150651593823,26.3887972168643,"d11B data originally published by Bartoli et al. 2011",TRUE,TRUE,"boron_isotopes_dyez_2018.xlsx",106,444,107
"boron_isotopes_dyez_2018.xlsx","boron isotopes",107,2018,"999_A_10H_4_57_59","999",88.67,,12.91083333,-78.83333333,2.710464,"Globigerinoides sacculifer","425-500","19.35,20.84,20.92,21.04","3.39320703819354",0.82,287.621,20.5376444511591,0.816055428799475,3.39320703819354,0.0746505548402579,26.3940808152567,"d11B data originally published by Bartoli et al. 2011",TRUE,TRUE,"boron_isotopes_dyez_2018.xlsx",107,445,108
"boron_isotopes_dyez_2018.xlsx","boron isotopes",108,2018,"999_A_10H_5_4_6","999",89.64,,12.91083333,-78.83333333,2.751564,"Globigerinoides sacculifer","425-500","20.71,20.88,20.91,21.02,21.18","3.501",0.155820409446259,251.204,20.9399942402635,0.3,3.501,0.077022,26.763741238346,"d11B data originally published by Bartoli et al. 2011",TRUE,TRUE,"boron_isotopes_dyez_2018.xlsx",108,446,109
"boron_isotopes_dyez_2018.xlsx","boron isotopes",109,2018,"999_A_10H_5_50_52","999",90.1,,12.91083333,-78.83333333,2.77286,"Globigerinoides sacculifer","425-500","20.04,20.39,20.46,20.47,20.78","3.24974271330016",0.236084730552402,292.879,20.4285550118084,0.3,3.24974271330016,0.0714943396926035,25.9362655283124,"d11B data originally published by Bartoli et al. 2011",TRUE,TRUE,"boron_isotopes_dyez_2018.xlsx",109,447,110
"boron_isotopes_dyez_2018.xlsx","boron isotopes",110,2018,"999_A_10H_5_77_79","999",90.37,,12.91083333,-78.83333333,2.778718,"Globigerinoides sacculifer","425-500","20.16,20.26,20.27,20.28,20.33","3.91245143584946",0.055497747702046,333.065,20.2600349839493,0.3,3.91245143584946,0.0860739315886882,28.0933802372651,"d11B data originally published by Bartoli et al. 2011",TRUE,TRUE,"boron_isotopes_dyez_2018.xlsx",110,448,111
"boron_isotopes_dyez_2018.xlsx","boron isotopes",111,2018,"999_A_10H_5_92_94","999",90.52,,12.91083333,-78.83333333,2.781414,"Globigerinoides sacculifer","425-500","20.4,20.72,20.78,20.9,20.97","3.72298883443074",0.197544931597852,274.7,20.7542907418671,0.3,3.72298883443074,0.0819057543574763,27.5418541548294,"d11B data originally published by Bartoli et al. 2011",TRUE,TRUE,"boron_isotopes_dyez_2018.xlsx",111,449,112
"boron_isotopes_dyez_2018.xlsx","boron isotopes",112,2018,"999_A_10H_6_20_22","999",91.3,,12.91083333,-78.83333333,2.795485,"Globigerinoides sacculifer","425-500","20.56,20.85,21,21.04","3.6862634970181",0.217619698863254,264.04,20.8631229367595,0.33,3.6862634970181,0.0810977969343982,27.4317046746353,"d11B data originally published by Bartoli et al. 2011",TRUE,TRUE,"boron_isotopes_dyez_2018.xlsx",112,450,113
"boron_isotopes_dyez_2018.xlsx","boron isotopes",113,2018,"999_A_11H_1_117_119","999",94.27,,12.91083333,-78.83333333,2.918768,"Globigerinoides sacculifer","425-500","20.75,21.21,21.38,21.45","3.06763456567274",0.31489416211377,221.408,21.1964684623558,0.33,3.06763456567274,0.0674879604448003,25.5759414643685,"d11B data originally published by Bartoli et al. 2011",TRUE,TRUE,"boron_isotopes_dyez_2018.xlsx",113,451,114
"boron_isotopes_dyez_2018.xlsx","boron isotopes",114,2018,"999_A_11H_3_77_79","999",96.87,,12.91083333,-78.83333333,3.000572,"Globigerinoides sacculifer","425-500","20.21,20.23,20.33,20.46,20.58","3.15553297808003",0.140484874630687,301.399,20.3602724982893,0.3,3.15553297808003,0.0694217255177607,26.0694827823532,"d11B data originally published by Bartoli et al. 2011",TRUE,TRUE,"boron_isotopes_dyez_2018.xlsx",114,452,115
"boron_isotopes_dyez_2018.xlsx","boron isotopes",115,2018,"999_A_11H_5_57_59","999",99.67,,12.91083333,-78.83333333,3.073916,"Globigerinoides sacculifer","425-500","20.46,21.01,21.08,21.17,21.23","3.30434006291021",0.275463246187218,246.266,20.9892536424081,0.3,3.30434006291021,0.0726954813840246,26.6749507592688,"d11B data originally published by Bartoli et al. 2011",TRUE,TRUE,"boron_isotopes_dyez_2018.xlsx",115,453,116
"boron_isotopes_dyez_2018.xlsx","boron isotopes",116,2018,"999_A_11H_5_80_82","999",99.9,,12.91083333,-78.83333333,3.081375,"Globigerinoides sacculifer","425-500","20.08,20.15,20.25,20.46","3.39152577338501",0.165428735915702,325.272,20.2352617074866,0.33,3.39152577338501,0.0746135670144702,27.0562951513305,"d11B data originally published by Bartoli et al. 2011",TRUE,TRUE,"boron_isotopes_dyez_2018.xlsx",116,454,117
"boron_isotopes_dyez_2018.xlsx","boron isotopes",117,2018,"999_A_11H_6_5_6","999",100.65,,12.91083333,-78.83333333,3.10491,"Globigerinoides sacculifer","425-500","20.82,20.9,21.08,21.09,21.16,21.19","3.66682250434004",0.120554275466834,251.689,21.0404786897636,0.27,3.66682250434004,0.0806700950954809,27.9234683027723,"d11B data originally published by Bartoli et al. 2011",TRUE,TRUE,"boron_isotopes_dyez_2018.xlsx",117,455,118
"boron_isotopes_dyez_2018.xlsx","boron isotopes",118,2018,"999_A_11H_7_17_19","999",102.27,,12.91083333,-78.83333333,3.155922,"Globigerinoides sacculifer","425-500","20.61,21.3,21.47,21.53,21.93","3.69209063658818",0.431666537966519,225.889,21.3700357673762,0.43,3.69209063658818,0.0812259940049399,28.0903116085023,"d11B data originally published by Bartoli et al. 2011",TRUE,TRUE,"boron_isotopes_dyez_2018.xlsx",118,456,119
"boron_isotopes_dyez_2018.xlsx","boron isotopes",119,2018,"999_A_12H_1_50_52","999",103.1,,12.91083333,-78.83333333,3.21857,"Globigerinoides sacculifer","425-500","21.15,21.32,21.37","3.2351527316329",0.100884973002811,223.051,21.2794461759713,0.39,3.2351527316329,0.0711733600959238,26.7114958414449,"d11B data originally published by Bartoli et al. 2011",TRUE,TRUE,"boron_isotopes_dyez_2018.xlsx",119,457,120
"boron_isotopes_dyez_2018.xlsx","boron isotopes",120,2018,"999_A_12H_1_90_92","999",103.5,,12.91083333,-78.83333333,3.239165,"Globigerinoides sacculifer","425-500","20.37,20.42,20.54,20.65,20.97,20.99","3.01677770025727",0.21943361436004,270.925,20.6564740727104,0.27,3.01677770025727,0.0663691094056599,26.0227736183363,"d11B data originally published by Bartoli et al. 2011",TRUE,TRUE,"boron_isotopes_dyez_2018.xlsx",120,458,121
"boron_isotopes_dyez_2018.xlsx","boron isotopes",121,2018,"999_A_12H_2_20_22","999",104.3,,12.91083333,-78.83333333,3.259145,"Globigerinoides sacculifer","425-500","21.15,21.19,21.35","3.08005155520611",0.122202018532157,223.414,21.2321374268285,0.39,3.08005155520611,0.0677611342145344,26.2534076235272,"d11B data originally published by Bartoli et al. 2011",TRUE,TRUE,"boron_isotopes_dyez_2018.xlsx",121,459,122
"boron_isotopes_dyez_2018.xlsx","boron isotopes",122,2018,"999_A_12H_3_90_92","999",106.5,,12.91083333,-78.83333333,3.321595,"Globigerinoides sacculifer","425-500","20.85,20.89,20.91,21.04","3.10516692439511",0.0822090830342559,250.153,20.9219860982702,0.33,3.10516692439511,0.0683136723366924,26.4331937960465,"d11B data originally published by Bartoli et al. 2011",TRUE,TRUE,"boron_isotopes_dyez_2018.xlsx",122,460,123
"boron_isotopes_dyez_2018.xlsx","boron isotopes",123,2018,"999_A_12H_5_12_14","999",108.72,,12.91083333,-78.83333333,3.403243,"Globigerinoides sacculifer","425-500","20.8,20.93,21.21,21.21,21.36","3.42400939753868",0.205270553173123,244.714,21.1009114224723,0.3,3.42400939753868,0.075328206745851,27.6943248574375,"d11B data originally published by Bartoli et al. 2011",TRUE,TRUE,"boron_isotopes_dyez_2018.xlsx",123,461,124
"boron_isotopes_dyez_2018.xlsx","boron isotopes",124,2018,"999_A_12H_5_20_22","999",108.8,,12.91083333,-78.83333333,3.40673,"Globigerinoides sacculifer","425-500","20.94,20.94,21.25","3.22887179198974",0.203415284031898,244.426,21.0446098763084,0.39,3.22887179198974,0.0710351794237743,27.0423313344243,"d11B data originally published by Bartoli et al. 2011",TRUE,TRUE,"boron_isotopes_dyez_2018.xlsx",124,462,125
"boron_isotopes_dyez_2018.xlsx","boron isotopes",125,2018,"999_A_12H_6_57_59","999",110.67,,12.91083333,-78.83333333,3.471466,"Globigerinoides sacculifer","425-500","20.71,20.73,20.82,21.04","3.24350054542566",0.151107026088574,264.777,20.8267355955942,0.33,3.24350054542566,0.0713570119993645,27.1773352731825,"d11B data originally published by Bartoli et al. 2011",TRUE,TRUE,"boron_isotopes_dyez_2018.xlsx",125,463,126
"boron_isotopes_dyez_2018.xlsx","boron isotopes",126,2018,"999_A_13H_1_77_79","999",112.87,,12.91083333,-78.83333333,3.542526,"Globigerinoides sacculifer","425-500","20.69,20.72,20.75","3.45745301238773",0.0346410161513768,282.458,20.7203367195509,0.39,3.45745301238773,0.0760639662725301,28.0478288446457,"d11B data originally published by Bartoli et al. 2011",TRUE,TRUE,"boron_isotopes_dyez_2018.xlsx",126,464,127
"boron_isotopes_dyez_2018.xlsx","boron isotopes",127,2018,"999_A_13H_2_57_59","999",114.17,,12.91083333,-78.83333333,3.59077,"Globigerinoides sacculifer","425-500","20.71,20.81,20.86,21","3.21588548635696",0.120692446601544,264.386,20.8438871682029,0.33,3.21588548635696,0.0707494806998531,27.3197616190995,"d11B data originally published by Bartoli et al. 2011",TRUE,TRUE,"boron_isotopes_dyez_2018.xlsx",127,465,128
"boron_isotopes_dyez_2018.xlsx","boron isotopes",128,2018,"999_A_13H_4_117_119","999",117.77,,12.91083333,-78.83333333,3.716058,"Globigerinoides sacculifer","425-500","20.6,20.61,20.68,21.04","3.44601598232183",0.208066495781196,283.006,20.7318349111339,0.33,3.44601598232183,0.0758123516110803,28.238163896741,"d11B data originally published by Bartoli et al. 2011",TRUE,TRUE,"boron_isotopes_dyez_2018.xlsx",128,466,129
"boron_isotopes_dyez_2018.xlsx","boron isotopes",129,2018,"999_A_13H_6_48_50","999",120.08,,12.91083333,-78.83333333,3.792177,"Globigerinoides sacculifer","425-500","21.07,21.08,21.12","3.8318098937907",0.0305505046330398,260.093,21.0906526166715,0.39,3.8318098937907,0.0842998176633954,29.5285268285127,"d11B data originally published by Bartoli et al. 2011",TRUE,TRUE,"boron_isotopes_dyez_2018.xlsx",129,467,130
"boron_isotopes_dyez_2018.xlsx","boron isotopes",130,2018,"999_A_14H_1_48_50","999",122.08,,12.91083333,-78.83333333,3.870131,"Globigerinoides sacculifer","425-500","19.96,20.18,20.22,20.32","3.25224372757343",0.151877143331926,340.091,20.1718946364514,0.33,3.25224372757343,0.0715493620066154,27.7436918742974,"d11B data originally published by Bartoli et al. 2011",TRUE,TRUE,"boron_isotopes_dyez_2018.xlsx",130,468,131
"boron_isotopes_dyez_2018.xlsx","boron isotopes",131,2018,"999_A_14H_3_7_9","999",124.67,,12.91083333,-78.83333333,3.961068,"Globigerinoides sacculifer","425-500","20.6,20.77,20.8,20.82","3.28139436863328",0.100457287772797,278.797,20.7458424021574,0.33,3.28139436863328,0.0721906761099322,27.9169424507611,"d11B data originally published by Bartoli et al. 2011",TRUE,TRUE,"boron_isotopes_dyez_2018.xlsx",131,469,132
"boron_isotopes_dyez_2018.xlsx","boron isotopes",132,2018,"999_A_14H_4_98_100","999",127.08,,12.91083333,-78.83333333,4.036184,"Globigerinoides sacculifer","425-500","20.37,20.46,20.56,20.8","2.89385182029447",0.185360010070493,286.216,20.5476868544457,0.33,2.89385182029447,0.0636647400464783,26.5409110130434,"d11B data originally published by Bartoli et al. 2011",TRUE,TRUE,"boron_isotopes_dyez_2018.xlsx",132,470,133
"boron_isotopes_dyez_2018.xlsx","boron isotopes",133,2018,"999_A_14H_6_38_40","999",129.51,,12.91083333,-78.83333333,4.117132,"Globigerinoides sacculifer","425-500","19.84,20.14,20.15,20.57,20.86","3.43517355951315",0.359299318117917,330.34,20.3121654941107,0.36,3.43517355951315,0.0755738183092893,28.4296999120092,"d11B data originally published by Bartoli et al. 2011",TRUE,TRUE,"boron_isotopes_dyez_2018.xlsx",133,471,134
"boron_isotopes_dyez_2018.xlsx","boron isotopes",134,2018,"999_A_16H_1_18_20","999",140.78,,12.91083333,-78.83333333,4.580295,"Globigerinoides sacculifer","425-500","19.98,20.1,20.14,20.22",,0.0999999999999994,355.574,20.1084463576162,0.33,,,28.43,"d11B data originally published by Bartoli et al. 2011",FALSE,TRUE,"boron_isotopes_dyez_2018.xlsx",134,472,135
"boron_isotopes_dyez_2018.xlsx","boron isotopes",135,2018,"999_A_9_2_89_91","999",,,12.91083333,-78.83333333,2.33782251,"Globigerinoides ruber","300-355",,"3.85489733691202",,323.071,20.23352,0.199634082,3.85489733691202,0.0848077414120645,26.9560333033926,"d11B data originally published by Martínez-Botí et al. 2015",TRUE,TRUE,"boron_isotopes_dyez_2018.xlsx",135,473,136
"boron_isotopes_dyez_2018.xlsx","boron isotopes",136,2018,"999_A_9_2_120_122","999",,,12.91083333,-78.83333333,2.346710693,"Globigerinoides ruber","300-355",,"3.71379605602892",,322.894,20.20777,0.367538466,3.71379605602892,0.0817035132326363,26.5267425616192,"d11B data originally published by Martínez-Botí et al. 2015",TRUE,TRUE,"boron_isotopes_dyez_2018.xlsx",136,474,137
"boron_isotopes_dyez_2018.xlsx","boron isotopes",137,2018,"999_A_9_2_141_143","999",,,12.91083333,-78.83333333,2.352717773,"Globigerinoides ruber","300-355",,"4.31281625655311",,315.04,20.40347,0.216078966,4.31281625655311,0.0948819576441684,28.1747030506176,"d11B data originally published by Martínez-Botí et al. 2015",TRUE,TRUE,"boron_isotopes_dyez_2018.xlsx",137,475,138
"boron_isotopes_dyez_2018.xlsx","boron isotopes",138,2018,"999_A_9_3_22_24","999",,,12.91083333,-78.83333333,2.362218994,"Globigerinoides ruber","300-355",,"3.57676297272312",,460.152,19.422,0.327346864,3.57676297272312,0.0786887853999087,26.0801325003659,"d11B data originally published by Martínez-Botí et al. 2015, considered an outlier in original publication",TRUE,TRUE,"boron_isotopes_dyez_2018.xlsx",138,476,139
"boron_isotopes_dyez_2018.xlsx","boron isotopes",139,2018,"999_A_9_3_51_53","999",,,12.91083333,-78.83333333,2.372198242,"Globigerinoides ruber","300-355",,"3.86896110922975",,421.38,19.65151,0.246178066,3.86896110922975,0.0851171444030544,26.935606915881,"d11B data originally published by Martínez-Botí et al. 2015",TRUE,TRUE,"boron_isotopes_dyez_2018.xlsx",139,477,140
"boron_isotopes_dyez_2018.xlsx","boron isotopes",140,2018,"999_A_9_3_78_80","999",,,12.91083333,-78.83333333,2.381290283,"Globigerinoides ruber","300-355",,"3.90796729252771",,377.944,19.89014,0.243100154,3.90796729252771,0.0859752804356096,27.0309656697053,"d11B data originally published by Martínez-Botí et al. 2015",TRUE,TRUE,"boron_isotopes_dyez_2018.xlsx",140,478,141
"boron_isotopes_dyez_2018.xlsx","boron isotopes",141,2018,"999_A_9_3_85_87","999",,,12.91083333,-78.83333333,2.389315918,"Globigerinoides ruber","300-355",,"3.79537516850125",,384.564,19.83353,0.19368031,3.79537516850125,0.0834982537070274,26.6852073976535,"d11B data originally published by Martínez-Botí et al. 2015",TRUE,TRUE,"boron_isotopes_dyez_2018.xlsx",141,479,142
"boron_isotopes_dyez_2018.xlsx","boron isotopes",142,2018,"999_A_9_4_29_31","999",,,12.91083333,-78.83333333,2.410920166,"Globigerinoides ruber","300-355",,"4.06423682666659",,284.485,20.56797,0.183794436,4.06423682666659,0.089413210186665,27.4164455128356,"d11B data originally published by Martínez-Botí et al. 2015",TRUE,TRUE,"boron_isotopes_dyez_2018.xlsx",142,480,143
"boron_isotopes_dyez_2018.xlsx","boron isotopes",143,2018,"999_A_9_4_96_98","999",,,12.91083333,-78.83333333,2.424888916,"Globigerinoides ruber","300-355",,"3.81036737641578",,342.681,20.10464,0.190050598,3.81036737641578,0.0838280822811472,26.6663391804343,"d11B data originally published by Martínez-Botí et al. 2015",TRUE,TRUE,"boron_isotopes_dyez_2018.xlsx",143,481,144
"boron_isotopes_dyez_2018.xlsx","boron isotopes",144,2018,"999_A_9_5_45_47","999",,,12.91083333,-78.83333333,2.451231689,"Globigerinoides ruber","300-355",,"3.85259926115839",,328.633,20.1955,0.180183198,3.85259926115839,0.0847571837454845,26.7499654724899,"d11B data originally published by Martínez-Botí et al. 2015",TRUE,TRUE,"boron_isotopes_dyez_2018.xlsx",144,482,145
"boron_isotopes_dyez_2018.xlsx","boron isotopes",145,2018,"999_A_9_5_123_125","999",,,12.91083333,-78.83333333,2.474494141,"Globigerinoides ruber","300-355",,"3.80712977293611",,350.9,20.03869,0.188291592,3.80712977293611,0.0837568550045945,26.5756551606997,"d11B data originally published by Martínez-Botí et al. 2015",TRUE,TRUE,"boron_isotopes_dyez_2018.xlsx",145,483,146
"boron_isotopes_dyez_2018.xlsx","boron isotopes",146,2018,"999_A_9_6_50_52","999",,,12.91083333,-78.83333333,2.50040332,"Globigerinoides ruber","300-355",,"3.69576184010847",,366.555,19.90691,0.215872856,3.69576184010847,0.0813067604823862,26.2131717194577,"d11B data originally published by Martínez-Botí et al. 2015",TRUE,TRUE,"boron_isotopes_dyez_2018.xlsx",146,484,147
"boron_isotopes_dyez_2018.xlsx","boron isotopes",147,2018,"999_A_9_6_53_55","999",,,12.91083333,-78.83333333,2.501402588,"Globigerinoides ruber","300-355",,"3.68945034326095",,371.832,19.87513,0.187479846,3.68945034326095,0.0811679075517409,26.180237720156,"d11B data originally published by Martínez-Botí et al. 2015",TRUE,TRUE,"boron_isotopes_dyez_2018.xlsx",147,485,148
"boron_isotopes_dyez_2018.xlsx","boron isotopes",148,2018,"999_A_9_6_142.5_144.5","999",,,12.91083333,-78.83333333,2.521932373,"Globigerinoides ruber","300-355",,"3.49295938258065",,256.194,20.70584,0.17071749,3.49295938258065,0.0768451064167743,25.577949434732,"d11B data originally published by Martínez-Botí et al. 2015",TRUE,TRUE,"boron_isotopes_dyez_2018.xlsx",148,486,149
"boron_isotopes_dyez_2018.xlsx","boron isotopes",149,2018,"999_A_9_7_63_65","999",,,12.91083333,-78.83333333,2.545154541,"Globigerinoides ruber","300-355",,"3.47797242630591",,343.364,19.99687,0.181523996,3.47797242630591,0.07651539337873,25.5382909282964,"d11B data originally published by Martínez-Botí et al. 2015",TRUE,TRUE,"boron_isotopes_dyez_2018.xlsx",149,487,150
"boron_isotopes_dyez_2018.xlsx","boron isotopes",150,2018,"999_A_9_8_23_25","999",,,12.91083333,-78.83333333,2.561898438,"Globigerinoides ruber","300-355",,"3.7974470407174",,307.503,20.31609,0.200196828,3.7974470407174,0.0835438348957829,26.5224050204203,"d11B data originally published by Martínez-Botí et al. 2015",TRUE,TRUE,"boron_isotopes_dyez_2018.xlsx",150,488,151
"boron_isotopes_dyez_2018.xlsx","boron isotopes",151,2018,"999_A_10_1_18_20","999",,,12.91083333,-78.83333333,2.579425049,"Globigerinoides ruber","300-355",,"3.52186858241956",,338.083,20.03998,0.191747248,3.52186858241956,0.0774811088132304,25.693781333619,"d11B data originally published by Martínez-Botí et al. 2015",TRUE,TRUE,"boron_isotopes_dyez_2018.xlsx",151,489,152
"boron_isotopes_dyez_2018.xlsx","boron isotopes",152,2018,"999_A_10_1_107_109","999",,,12.91083333,-78.83333333,2.594836426,"Globigerinoides ruber","300-355",,"3.97372741693827",,373.786,19.93046,0.269129506,3.97372741693827,0.0874220031726419,27.0438576943976,"d11B data originally published by Martínez-Botí et al. 2015",TRUE,TRUE,"boron_isotopes_dyez_2018.xlsx",152,490,153
"boron_isotopes_dyez_2018.xlsx","boron isotopes",153,2018,"999_A_10_2_21_23","999",,,12.91083333,-78.83333333,2.615069336,"Globigerinoides ruber","300-355",,"3.53110659997389",,287.113,20.4209,0.18212029,3.53110659997389,0.0776843451994256,25.7400340051931,"d11B data originally published by Martínez-Botí et al. 2015",TRUE,TRUE,"boron_isotopes_dyez_2018.xlsx",153,491,154
"boron_isotopes_dyez_2018.xlsx","boron isotopes",154,2018,"999_A_10_2_70_72","999",,,12.91083333,-78.83333333,2.624496094,"Globigerinoides ruber","300-355",,"3.60022173406363",,313.388,20.23123,0.2092311,3.60022173406363,0.0792048781493998,25.9611834300523,"d11B data originally published by Martínez-Botí et al. 2015",TRUE,TRUE,"boron_isotopes_dyez_2018.xlsx",154,492,155
"boron_isotopes_dyez_2018.xlsx","boron isotopes",155,2018,"999_A_10_2_70_72","999",,,12.91083333,-78.83333333,2.630914795,"Globigerinoides ruber","300-355",,"3.89179288963966",,253.282,20.79829,0.203740604,3.89179288963966,0.0856194435720725,26.8315909967948,"d11B data originally published by Martínez-Botí et al. 2015",TRUE,TRUE,"boron_isotopes_dyez_2018.xlsx",155,493,156
"boron_isotopes_dyez_2018.xlsx","boron isotopes",156,2018,"999_A_10_2_121_123","999",,,12.91083333,-78.83333333,2.648257813,"Globigerinoides ruber","300-355",,"3.67142426423242",,291.374,20.42573,0.187282588,3.67142426423242,0.0807713338131132,26.1913775836677,"d11B data originally published by Martínez-Botí et al. 2015",TRUE,TRUE,"boron_isotopes_dyez_2018.xlsx",156,494,157
"boron_isotopes_dyez_2018.xlsx","boron isotopes",157,2018,"999_A_10_3_19_20","999",,,12.91083333,-78.83333333,2.664697021,"Globigerinoides ruber","300-355",,"4.11776858480997",,310.782,20.3588,0.22521066,4.11776858480997,0.0905909088658193,27.4737721613491,"d11B data originally published by Martínez-Botí et al. 2015",TRUE,TRUE,"boron_isotopes_dyez_2018.xlsx",157,495,158
"boron_isotopes_dyez_2018.xlsx","boron isotopes",158,2018,"999_A_10_3_50_52","999",,,12.91083333,-78.83333333,2.673016113,"Globigerinoides ruber","300-355",,"3.6149397366904",,270.558,20.57567,0.218728724,3.6149397366904,0.0795286742071887,26.0318610154308,"d11B data originally published by Martínez-Botí et al. 2015",TRUE,TRUE,"boron_isotopes_dyez_2018.xlsx",158,496,159
"boron_isotopes_dyez_2018.xlsx","boron isotopes",159,2018,"999_A_10_3_100_102","999",,,12.91083333,-78.83333333,2.680359375,"Globigerinoides ruber","300-355",,"3.34138425602064",,333.588,20.04105,0.188359608,3.34138425602064,0.0735104536324541,25.1612707315295,"d11B data originally published by Martínez-Botí et al. 2015",TRUE,TRUE,"boron_isotopes_dyez_2018.xlsx",159,497,160
"boron_isotopes_dyez_2018.xlsx","boron isotopes",160,2018,"999_A_10_3_100_102","999",,,12.91083333,-78.83333333,2.686560303,"Globigerinoides ruber","300-355",,"3.27665951068349",,294.772,20.31268,0.20009819,3.27665951068349,0.0720865092350369,24.9466220573598,"d11B data originally published by Martínez-Botí et al. 2015",TRUE,TRUE,"boron_isotopes_dyez_2018.xlsx",160,498,161
"boron_isotopes_dyez_2018.xlsx","boron isotopes",161,2018,"999_A_10_3_140_142","999",,,12.91083333,-78.83333333,2.695158203,"Globigerinoides ruber","300-355",,"3.12974908371551",,285.285,20.34747,0.181392466,3.12974908371551,0.0688544798417413,24.4370710515952,"d11B data originally published by Martínez-Botí et al. 2015",TRUE,TRUE,"boron_isotopes_dyez_2018.xlsx",161,499,162
"boron_isotopes_dyez_2018.xlsx","boron isotopes",162,2018,"999_A_10_4_14_16","999",,,12.91083333,-78.83333333,2.700043457,"Globigerinoides ruber","300-355",,"3.21302964546631",,242.5,20.74582,0.434465978,3.21302964546631,0.0706866522002588,24.7288651674201,"d11B data originally published by Martínez-Botí et al. 2015",TRUE,TRUE,"boron_isotopes_dyez_2018.xlsx",162,500,163
"boron_isotopes_dyez_2018.xlsx","boron isotopes",163,2018,"999_A_10_4_25_27","999",,,12.91083333,-78.83333333,2.703202637,"Globigerinoides ruber","300-355",,"3.26240680474673",,329.603,20.05298,0.254526448,3.26240680474673,0.0717729497044282,24.8983196099771,"d11B data originally published by Martínez-Botí et al. 2015",TRUE,TRUE,"boron_isotopes_dyez_2018.xlsx",163,501,164
"boron_isotopes_dyez_2018.xlsx","boron isotopes",164,2018,"999_A_10_4_49_51","999",,,12.91083333,-78.83333333,2.707214111,"Globigerinoides ruber","300-355",,"3.32725699764649",,272.131,20.5103,0.177674034,3.32725699764649,0.0731996539482228,25.1202041650445,"d11B data originally published by Martínez-Botí et al. 2015",TRUE,TRUE,"boron_isotopes_dyez_2018.xlsx",164,502,165
"boron_isotopes_dyez_2018.xlsx","boron isotopes",165,2018,"999_A_10_4_148_150","999",,,12.91083333,-78.83333333,2.745515625,"Globigerinoides ruber","300-355",,"3.60260849158591",,349.19,19.99044,0.188704078,3.60260849158591,0.07925738681489,26.0148714355663,"d11B data originally published by Martínez-Botí et al. 2015",TRUE,TRUE,"boron_isotopes_dyez_2018.xlsx",165,503,166
"boron_isotopes_dyez_2018.xlsx","boron isotopes",166,2018,"999_A_10_5_22_24","999",,,12.91083333,-78.83333333,2.751482666,"Globigerinoides ruber","300-355",,"3.58499709384601",,330.479,20.11,0.292129412,3.58499709384601,0.0788699360646122,25.9676530622391,"d11B data originally published by Martínez-Botí et al. 2015",TRUE,TRUE,"boron_isotopes_dyez_2018.xlsx",166,504,167
"boron_isotopes_dyez_2018.xlsx","boron isotopes",167,2018,"999_A_10_5_29_31","999",,,12.91083333,-78.83333333,2.764187012,"Globigerinoides ruber","300-355",,"3.54770681738773",,368.502,19.85953,0.214038174,3.54770681738773,0.07804954998253,25.8517507362439,"d11B data originally published by Martínez-Botí et al. 2015",TRUE,TRUE,"boron_isotopes_dyez_2018.xlsx",167,505,168
"boron_isotopes_dyez_2018.xlsx","boron isotopes",168,2018,"999_A_10_5_120_122","999",,,12.91083333,-78.83333333,2.777480957,"Globigerinoides ruber","300-355",,"3.3424264849756",,288.149,20.37055,0.186248592,3.3424264849756,0.0735333826694632,25.2558760954782,"d11B data originally published by Martínez-Botí et al. 2015",TRUE,TRUE,"boron_isotopes_dyez_2018.xlsx",168,506,169
"boron_isotopes_dyez_2018.xlsx","boron isotopes",169,2018,"999_A_10_6_48_50","999",,,12.91083333,-78.83333333,2.798543701,"Globigerinoides ruber","300-355",,"3.51784289082743",,291.702,20.39716,0.217247082,3.51784289082743,0.0773925435982034,25.8633518599307,"d11B data originally published by Martínez-Botí et al. 2015",TRUE,TRUE,"boron_isotopes_dyez_2018.xlsx",169,507,170
"boron_isotopes_dyez_2018.xlsx","boron isotopes",170,2018,"999_A_10_6_127_129","999",,,12.91083333,-78.83333333,2.83017627,"Globigerinoides ruber","300-355",,"3.87306522359502",,328.181,20.1979,0.210885346,3.87306522359502,0.0852074349190905,26.9625216183802,"d11B data originally published by Martínez-Botí et al. 2015",TRUE,TRUE,"boron_isotopes_dyez_2018.xlsx",170,508,171
"boron_isotopes_dyez_2018.xlsx","boron isotopes",171,2018,"999_A_10_6_132_134","999",,,12.91083333,-78.83333333,2.831683838,"Globigerinoides ruber","300-355",,"3.68097353064824",,372.835,19.87284,0.480876646,3.68097353064824,0.0809814176742612,26.4129535165713,"d11B data originally published by Martínez-Botí et al. 2015",TRUE,TRUE,"boron_isotopes_dyez_2018.xlsx",171,509,172
"boron_isotopes_dyez_2018.xlsx","boron isotopes",172,2018,"999_A_10_7_5_7","999",,,12.91083333,-78.83333333,2.838900635,"Globigerinoides ruber","300-355",,"3.46578698025593",,400.898,19.67065,0.190177718,3.46578698025593,0.0762473135656306,25.7533581835927,"d11B data originally published by Martínez-Botí et al. 2015",TRUE,TRUE,"boron_isotopes_dyez_2018.xlsx",172,510,173
"boron_isotopes_dyez_2018.xlsx","boron isotopes",173,2018,"999_A_10_7_50_52","999",,,12.91083333,-78.83333333,2.849182373,"Globigerinoides ruber","300-355",,"3.36266173091976",,317.964,20.16006,0.222343806,3.36266173091976,0.0739785580802347,25.4312058107306,"d11B data originally published by Martínez-Botí et al. 2015",TRUE,TRUE,"boron_isotopes_dyez_2018.xlsx",173,511,174
"boron_isotopes_dyez_2018.xlsx","boron isotopes",174,2018,"999_A_10_8_19_21","999",,,12.91083333,-78.83333333,2.858321045,"Globigerinoides ruber","300-355",,"3.1316012127255",,459.495,19.31226,0.198984976,3.1316012127255,0.0688952266799609,24.671077098821,"d11B data originally published by Martínez-Botí et al. 2015",TRUE,TRUE,"boron_isotopes_dyez_2018.xlsx",174,512,175
"boron_isotopes_dyez_2018.xlsx","boron isotopes",175,2018,"999_A_11_1_89_90","999",,,12.91083333,-78.83333333,2.912384277,"Globigerinoides ruber","300-355",,"3.15755656442987",,383.221,19.70327,0.193833322,3.15755656442987,0.0694662444174571,24.8117534856908,"d11B data originally published by Martínez-Botí et al. 2015",TRUE,TRUE,"boron_isotopes_dyez_2018.xlsx",175,513,176
"boron_isotopes_dyez_2018.xlsx","boron isotopes",176,2018,"999_A_11_2_4_6","999",,,12.91083333,-78.83333333,2.92355957,"Globigerinoides ruber","300-355",,"3.11125000607432",,390.273,19.65744,0.207682104,3.11125000607432,0.0684475001336351,24.6885885362834,"d11B data originally published by Martínez-Botí et al. 2015",TRUE,TRUE,"boron_isotopes_dyez_2018.xlsx",176,514,177
"boron_isotopes_dyez_2018.xlsx","boron isotopes",177,2018,"999_A_11_2_27_29","999",,,12.91083333,-78.83333333,2.941578125,"Globigerinoides ruber","300-355",,"3.4286473195322",,349.387,19.9735,0.18154357,3.4286473195322,0.0754302410297085,25.7983163279018,"d11B data originally published by Martínez-Botí et al. 2015",TRUE,TRUE,"boron_isotopes_dyez_2018.xlsx",177,515,178
"boron_isotopes_dyez_2018.xlsx","boron isotopes",178,2018,"999_A_11_2_53_57","999",,,12.91083333,-78.83333333,2.950492676,"Globigerinoides ruber","300-355",,"3.06186687897234",,370.514,19.75671,0.223734004,3.06186687897234,0.0673610713373915,24.5602932827953,"d11B data originally published by Martínez-Botí et al. 2015",TRUE,TRUE,"boron_isotopes_dyez_2018.xlsx",178,516,179
"boron_isotopes_dyez_2018.xlsx","boron isotopes",179,2018,"999_A_11_2_55_57","999",,,12.91083333,-78.83333333,2.951161377,"Globigerinoides ruber","300-355",,"3.22365997429608",,433.943,19.46,0.401023552,3.22365997429608,0.0709205194345138,25.1428342387696,"d11B data originally published by Martínez-Botí et al. 2015",TRUE,TRUE,"boron_isotopes_dyez_2018.xlsx",179,517,180
"boron_isotopes_dyez_2018.xlsx","boron isotopes",180,2018,"999_A_11_2_80_82","999",,,12.91083333,-78.83333333,2.959599365,"Globigerinoides ruber","300-355",,"3.86062106864647",,359.024,20.00959,0.181563286,3.86062106864647,0.0849336635102223,27.1666110536341,"d11B data originally published by Martínez-Botí et al. 2015",TRUE,TRUE,"boron_isotopes_dyez_2018.xlsx",180,518,181
"boron_isotopes_dyez_2018.xlsx","boron isotopes",181,2018,"999_A_11_2_139_140","999",,,12.91083333,-78.83333333,2.978066406,"Globigerinoides ruber","300-355",,"3.39799228907654",,341.56,20.02403,0.176705622,3.39799228907654,0.0747558303596839,25.7870533983189,"d11B data originally published by Martínez-Botí et al. 2015",TRUE,TRUE,"boron_isotopes_dyez_2018.xlsx",181,519,182
"boron_isotopes_dyez_2018.xlsx","boron isotopes",182,2018,"999_A_11_3_90_92","999",,,12.91083333,-78.83333333,3.002813721,"Globigerinoides ruber","300-355",,"3.2754998282476",,383.47,19.7427,0.20377869,3.2754998282476,0.0720609962214471,25.4202793208181,"d11B data originally published by Martínez-Botí et al. 2015",TRUE,TRUE,"boron_isotopes_dyez_2018.xlsx",182,520,183
"boron_isotopes_dyez_2018.xlsx","boron isotopes",183,2018,"999_A_11_3_90_92","999",,,12.91083333,-78.83333333,3.010996094,"Globigerinoides ruber","300-355",,"3.18014891394193",,371.064,19.7928,0.21281603,3.18014891394193,0.0699632761067223,25.1133404612538,"d11B data originally published by Martínez-Botí et al. 2015",TRUE,TRUE,"boron_isotopes_dyez_2018.xlsx",183,521,184
"boron_isotopes_dyez_2018.xlsx","boron isotopes",184,2018,"999_A_11_4_37_39","999",,,12.91083333,-78.83333333,3.027581543,"Globigerinoides ruber","300-355",,"3.1843857901524",,396.186,19.65352,0.191640254,3.1843857901524,0.0700564873833527,25.146178736903,"d11B data originally published by Martínez-Botí et al. 2015",TRUE,TRUE,"boron_isotopes_dyez_2018.xlsx",184,522,185
"boron_isotopes_dyez_2018.xlsx","boron isotopes",185,2018,"999_A_11_4_93_95","999",,,12.91083333,-78.83333333,3.04266333,"Globigerinoides ruber","300-355",,"3.21619030830873",,436.067,19.45939,0.254262668,3.21619030830873,0.070756186782792,25.2737634357172,"d11B data originally published by Martínez-Botí et al. 2015",TRUE,TRUE,"boron_isotopes_dyez_2018.xlsx",185,523,186
"boron_isotopes_dyez_2018.xlsx","boron isotopes",186,2018,"999_A_11_4_120_122","999",,,12.91083333,-78.83333333,3.050016113,"Globigerinoides ruber","300-355",,"3.74887065387519",,434.528,19.58144,0.1876173,3.74887065387519,0.0824751543852542,26.9887356158396,"d11B data originally published by Martínez-Botí et al. 2015",TRUE,TRUE,"boron_isotopes_dyez_2018.xlsx",186,524,187
"boron_isotopes_dyez_2018.xlsx","boron isotopes",187,2018,"999_A_11_4_135_137","999",,,12.91083333,-78.83333333,3.059026123,"Globigerinoides ruber","300-355",,"3.46096323520747",,374.994,19.83933,0.300674538,3.46096323520747,0.0761411911745643,26.1101400382083,"d11B data originally published by Martínez-Botí et al. 2015",TRUE,TRUE,"boron_isotopes_dyez_2018.xlsx",187,525,188
"boron_isotopes_dyez_2018.xlsx","boron isotopes",188,2018,"999_A_11_5_16_18","999",,,12.91083333,-78.83333333,3.062960938,"Globigerinoides ruber","300-355",,"3.34973332390824",,429.607,19.52278,0.229540184,3.34973332390824,0.0736941331259812,25.7539050864073,"d11B data originally published by Martínez-Botí et al. 2015",TRUE,TRUE,"boron_isotopes_dyez_2018.xlsx",188,526,189
"boron_isotopes_dyez_2018.xlsx","boron isotopes",189,2018,"999_A_11_5_28_30","999",,,12.91083333,-78.83333333,3.066538086,"Globigerinoides ruber","300-355",,"3.2071428815076",,395.436,19.6676,0.227111852,3.2071428815076,0.0705571433931672,25.292126719726,"d11B data originally published by Martínez-Botí et al. 2015",TRUE,TRUE,"boron_isotopes_dyez_2018.xlsx",189,527,190
"boron_isotopes_dyez_2018.xlsx","boron isotopes",190,2018,"999_A_11_5_112_114","999",,,12.91083333,-78.83333333,3.09118335,"Globigerinoides ruber","300-355",,"3.56610562767106",,348.377,20.03352,0.216630136,3.56610562767106,0.0784543238087634,26.552754737021,"d11B data originally published by Martínez-Botí et al. 2015",TRUE,TRUE,"boron_isotopes_dyez_2018.xlsx",190,528,191
"boron_isotopes_dyez_2018.xlsx","boron isotopes",191,2018,"999_A_11_6_38_40","999",,,12.91083333,-78.83333333,3.100177002,"Globigerinoides ruber","300-355",,"3.45364601457506",,333.777,20.10444,0.212719118,3.45364601457506,0.0759802123206512,26.1991743872198,"d11B data originally published by Martínez-Botí et al. 2015",TRUE,TRUE,"boron_isotopes_dyez_2018.xlsx",191,529,192
"boron_isotopes_dyez_2018.xlsx","boron isotopes",192,2018,"999_A_11_6_106_108","999",,,12.91083333,-78.83333333,3.114238281,"Globigerinoides ruber","300-355",,"3.23440194952299",,408.872,19.60958,0.19985038,3.23440194952299,0.0711568428895058,25.488355259164,"d11B data originally published by Martínez-Botí et al. 2015",TRUE,TRUE,"boron_isotopes_dyez_2018.xlsx",192,530,193
"boron_isotopes_dyez_2018.xlsx","boron isotopes",193,2018,"999_A_11_6_99_101","999",,,12.91083333,-78.83333333,3.133154785,"Globigerinoides ruber","300-355",,"2.91490397406974",,360.173,19.80492,0.261306902,2.91490397406974,0.0641278874295344,24.3602208490746,"d11B data originally published by Martínez-Botí et al. 2015",TRUE,TRUE,"boron_isotopes_dyez_2018.xlsx",193,531,194
"boron_isotopes_dyez_2018.xlsx","boron isotopes",194,2018,"999_A_11_6_125_127","999",,,12.91083333,-78.83333333,3.143166016,"Globigerinoides ruber","300-355",,"3.19815703548803",,348.651,19.95084,0.297382204,3.19815703548803,0.0703594547807366,25.4120468071943,"d11B data originally published by Martínez-Botí et al. 2015",TRUE,TRUE,"boron_isotopes_dyez_2018.xlsx",194,532,195
"boron_isotopes_dyez_2018.xlsx","boron isotopes",195,2018,"999_A_11_7_0_2","999",,,12.91083333,-78.83333333,3.151899902,"Globigerinoides ruber","300-355",,"2.98829470338781",,418.038,19.50743,0.666173492,2.98829470338781,0.0657424834745318,24.6731387294702,"d11B data originally published by Martínez-Botí et al. 2015",TRUE,TRUE,"boron_isotopes_dyez_2018.xlsx",195,533,196
"boron_isotopes_dyez_2018.xlsx","boron isotopes",196,2018,"999_A_11_7_16_18","999",,,12.91083333,-78.83333333,3.157937012,"Globigerinoides ruber","300-355",,"3.2737021241846",,355.209,19.93,0.226561372,3.2737021241846,0.0720214467320613,25.7007693598012,"d11B data originally published by Martínez-Botí et al. 2015",TRUE,TRUE,"boron_isotopes_dyez_2018.xlsx",196,534,197
"boron_isotopes_dyez_2018.xlsx","boron isotopes",197,2018,"999_A_11_7_53_55","999",,,12.91083333,-78.83333333,3.171554932,"Globigerinoides ruber","300-355",,"3.66481801645565",,472.077,19.40648,0.224673792,3.66481801645565,0.0806259963620242,26.9695132544918,"d11B data originally published by Martínez-Botí et al. 2015",TRUE,TRUE,"boron_isotopes_dyez_2018.xlsx",197,535,198
"boron_isotopes_dyez_2018.xlsx","boron isotopes",198,2018,"999_A_11_8_3_5","999",,,12.91083333,-78.83333333,3.179787109,"Globigerinoides ruber","300-355",,"3.5711636470697",,398.712,19.74612,0.18705669,3.5711636470697,0.0785656002355335,26.6956250145136,"d11B data originally published by Martínez-Botí et al. 2015",TRUE,TRUE,"boron_isotopes_dyez_2018.xlsx",198,536,199
"boron_isotopes_dyez_2018.xlsx","boron isotopes",199,2018,"999_A_12_1_4_6","999",,,12.91083333,-78.83333333,3.189189941,"Globigerinoides ruber","300-355",,"3.81074678531362",,296.583,20.46383,0.196904036,3.81074678531362,0.0838364292768996,27.4298369792626,"d11B data originally published by Martínez-Botí et al. 2015",TRUE,TRUE,"boron_isotopes_dyez_2018.xlsx",199,537,200
"boron_isotopes_dyez_2018.xlsx","boron isotopes",200,2018,"999_A_12_1_8_10","999",,,12.91083333,-78.83333333,3.198729248,"Globigerinoides ruber","300-355",,"3.57678512303052",,346.112,20.0614,0.233633852,3.57678512303052,0.0786892727066714,26.7396555989964,"d11B data originally published by Martínez-Botí et al. 2015",TRUE,TRUE,"boron_isotopes_dyez_2018.xlsx",200,538,201
"boron_isotopes_dyez_2018.xlsx","boron isotopes",201,2018,"999_A_12_1_29_30","999",,,12.91083333,-78.83333333,3.209375244,"Globigerinoides ruber","300-355",,"3.73101695014535",,341.932,20.12325,0.29305256,3.73101695014535,0.0820823729031978,27.2250906394919,"d11B data originally published by Martínez-Botí et al. 2015",TRUE,TRUE,"boron_isotopes_dyez_2018.xlsx",201,539,202
"boron_isotopes_dyez_2018.xlsx","boron isotopes",202,2018,"999_A_12_1_99_101","999",,,12.91083333,-78.83333333,3.224604492,"Globigerinoides ruber","300-355",,"3.51003620690161",,393.608,19.76645,0.254874014,3.51003620690161,0.0772207965518353,26.5845927956181,"d11B data originally published by Martínez-Botí et al. 2015",TRUE,TRUE,"boron_isotopes_dyez_2018.xlsx",202,540,203
"boron_isotopes_dyez_2018.xlsx","boron isotopes",203,2018,"999_A_12_1_143_145","999",,,12.91083333,-78.83333333,3.239885986,"Globigerinoides ruber","300-355",,"3.30235521603336",,443.426,19.47,0.491534798,3.30235521603336,0.072651814752734,25.9576748866481,"d11B data originally published by Martínez-Botí et al. 2015",TRUE,TRUE,"boron_isotopes_dyez_2018.xlsx",203,541,204
"boron_isotopes_dyez_2018.xlsx","boron isotopes",204,2018,"999_A_12_2_2_4","999",,,12.91083333,-78.83333333,3.242925293,"Globigerinoides ruber","300-355",,"3.20459878902389",,371.049,19.8293,0.220698488,3.20459878902389,0.0705011733585257,25.6344133784928,"d11B data originally published by Martínez-Botí et al. 2015",TRUE,TRUE,"boron_isotopes_dyez_2018.xlsx",204,542,205
"boron_isotopes_dyez_2018.xlsx","boron isotopes",205,2018,"999_A_12_2_10_12","999",,,12.91083333,-78.83333333,3.245811768,"Globigerinoides ruber","300-355",,"3.55174392688347",,332.382,20.1553,0.192543952,3.55174392688347,0.0781383663914363,26.7772114914893,"d11B data originally published by Martínez-Botí et al. 2015",TRUE,TRUE,"boron_isotopes_dyez_2018.xlsx",205,543,206
"boron_isotopes_dyez_2018.xlsx","boron isotopes",206,2018,"999_A_12_2_50_52","999",,,12.91083333,-78.83333333,3.259577881,"Globigerinoides ruber","300-355",,"3.32994066198268",,365.053,19.89508,0.374746286,3.32994066198268,0.0732586945636189,26.0627430738324,"d11B data originally published by Martínez-Botí et al. 2015",TRUE,TRUE,"boron_isotopes_dyez_2018.xlsx",206,544,207
"boron_isotopes_dyez_2018.xlsx","boron isotopes",207,2018,"999_A_12_2_110_112","999",,,12.91083333,-78.83333333,3.270168457,"Globigerinoides ruber","300-355",,"3.90515415710561",,382.374,19.91711,0.450082784,3.90515415710561,0.0859133914563235,27.8469682002078,"d11B data originally published by Martínez-Botí et al. 2015",TRUE,TRUE,"boron_isotopes_dyez_2018.xlsx",207,545,208
"boron_isotopes_dyez_2018.xlsx","boron isotopes",208,2018,"999_A_12_2_110_112","999",,,12.91083333,-78.83333333,3.280600586,"Globigerinoides ruber","300-355",,"3.41108425857765",,329.005,20.14843,0.232207348,3.41108425857765,0.0750438536887082,26.359328863869,"d11B data originally published by Martínez-Botí et al. 2015",TRUE,TRUE,"boron_isotopes_dyez_2018.xlsx",208,546,209
"boron_isotopes_dyez_2018.xlsx","boron isotopes",209,2018,"999_A_1_1_4_5","999",0.05,,12.91083333,-78.83333333,0.0039,"Globigerinoides ruber","300-355",,,,282.677,20.6655869274833,0.25,,,28.3,"d11B data originally published by Seki et al. 2010",FALSE,TRUE,"boron_isotopes_dyez_2018.xlsx",209,547,210
"boron_isotopes_dyez_2018.xlsx","boron isotopes",210,2018,"999_A_3_2_33_34.5","999",18.93,,12.91083333,-78.83333333,0.4563,"Globigerinoides ruber","300-355",,,,334.313,20.1272234492744,0.25,,,25.9279811190835,"d11B data originally published by Seki et al. 2010",FALSE,TRUE,"boron_isotopes_dyez_2018.xlsx",210,548,211
"boron_isotopes_dyez_2018.xlsx","boron isotopes",211,2018,"999_A_4_4_33_35","999",31.43,,12.91083333,-78.83333333,0.9,"Globigerinoides ruber","300-355",,,,312.837,20.2279953623296,0.25,,,25.349137363662,"d11B data originally published by Seki et al. 2010",FALSE,TRUE,"boron_isotopes_dyez_2018.xlsx",211,549,212
"boron_isotopes_dyez_2018.xlsx","boron isotopes",212,2018,"999_A_6_3_108_110","999",49.68,,12.91083333,-78.83333333,1.5,"Globigerinoides ruber","300-355",,,,292.113,20.5701389144937,0.25,,,28.0085934008618,"d11B data originally published by Seki et al. 2010",FALSE,TRUE,"boron_isotopes_dyez_2018.xlsx",212,550,213
"boron_isotopes_dyez_2018.xlsx","boron isotopes",213,2018,"999_A_8_4_51_53","999",69.61,,12.91083333,-78.83333333,2.109,"Globigerinoides ruber","300-355",,,,308.458,20.3782906261483,0.25,,,27.2644197857498,"d11B data originally published by Seki et al. 2010",FALSE,TRUE,"boron_isotopes_dyez_2018.xlsx",213,551,214
"boron_isotopes_dyez_2018.xlsx","boron isotopes",214,2018,"999_A_10_1_89_91","999",84.49,,12.91083333,-78.83333333,2.592,"Globigerinoides ruber","300-355",,,,284.385,20.6296901639082,0.25,,,28.1757637131873,"d11B data originally published by Seki et al. 2010",FALSE,TRUE,"boron_isotopes_dyez_2018.xlsx",214,552,215
"boron_isotopes_dyez_2018.xlsx","boron isotopes",215,2018,"999_A_10_5_89_91","999",90.49,,12.91083333,-78.83333333,2.785,"Globigerinoides ruber","300-355",,,,356.048,20.1225865371039,0.25,,,28.4241326061243,"d11B data originally published by Seki et al. 2010",FALSE,TRUE,"boron_isotopes_dyez_2018.xlsx",215,553,216
"boron_isotopes_dyez_2018.xlsx","boron isotopes",216,2018,"999_A_10CC__31_32","999",93.59,,12.91083333,-78.83333333,2.889523,"Globigerinoides ruber","300-355",,,,525.099,19.299474706009,0.25,,,28.6813129880407,"d11B data originally published by Seki et al. 2010",FALSE,TRUE,"boron_isotopes_dyez_2018.xlsx",216,554,217
"boron_isotopes_dyez_2018.xlsx","boron isotopes",217,2018,"999_A_11_3_13_15","999",96.23,,12.91083333,-78.83333333,2.985,"Globigerinoides ruber","300-355",,,,531.042,19.287627726259,0.25,,,28.8713538859545,"d11B data originally published by Seki et al. 2010",FALSE,TRUE,"boron_isotopes_dyez_2018.xlsx",217,555,218
"boron_isotopes_dyez_2018.xlsx","boron isotopes",218,2018,"999_A_11_4_17_19","999",97.77,,12.91083333,-78.83333333,3.0499,"Globigerinoides ruber","300-355",,,,577.595,19.1075339951334,0.25,,,28.6791044899398,"d11B data originally published by Seki et al. 2010",FALSE,TRUE,"boron_isotopes_dyez_2018.xlsx",218,556,219
"boron_isotopes_dyez_2018.xlsx","boron isotopes",219,2018,"999_A_11_7_29_31","999",102.39,,12.91083333,-78.83333333,3.172,"Globigerinoides ruber","300-355",,,,413.577,19.7884612614614,0.25,,,28.4818440780614,"d11B data originally published by Seki et al. 2010",FALSE,TRUE,"boron_isotopes_dyez_2018.xlsx",219,557,220
"boron_isotopes_dyez_2018.xlsx","boron isotopes",220,2018,"999_A_12_6_78_79","999",110.88,,12.91083333,-78.83333333,3.4959,"Globigerinoides ruber","300-355",,,,470.214,19.5291917669737,0.25,,,28.7190996796662,"d11B data originally published by Seki et al. 2010",FALSE,TRUE,"boron_isotopes_dyez_2018.xlsx",220,558,221
"boron_isotopes_dyez_2018.xlsx","boron isotopes",221,2018,"999_A_1_1_4_5","999",0.045,,12.91083333,-78.83333333,0.003911025047,"Globigerinoides ruber","300-355",,"4.143",,264.555,20.67,0.36,4.143,0.091146,26.5592064008921,"d11B data originally published by Chalk et al. 2017",TRUE,TRUE,"boron_isotopes_dyez_2018.xlsx",221,559,222
"boron_isotopes_dyez_2018.xlsx","boron isotopes",222,2018,"999_A_1_1_11_13","999",0.11,,12.91083333,-78.83333333,0.00463,"Globigerinoides ruber","300-355",,"4.226272727",,253.282,20.79,0.24,4.226272727,0.092977999994,26.7829669947746,"d11B data originally published by Chalk et al. 2017",TRUE,TRUE,"boron_isotopes_dyez_2018.xlsx",222,560,223
"boron_isotopes_dyez_2018.xlsx","boron isotopes",223,2018,"999_A_1_1_14.5_16.5","999",0.145,,12.91083333,-78.83333333,0.00502,"Globigerinoides ruber","300-355",,"4.117848485",,273.313,20.59,0.32,4.117848485,0.09059266667,26.4957060813974,"d11B data originally published by Chalk et al. 2017",TRUE,TRUE,"boron_isotopes_dyez_2018.xlsx",223,561,224
"boron_isotopes_dyez_2018.xlsx","boron isotopes",224,2018,"999_A_1_1_31_33","999",0.31,,12.91083333,-78.83333333,0.00782,"Globigerinoides ruber","300-355",,"4.145192308",,249.116,20.82,0.36,4.145192308,0.091194230776,26.5798474923453,"d11B data originally published by Chalk et al. 2017",TRUE,TRUE,"boron_isotopes_dyez_2018.xlsx",224,562,225
"boron_isotopes_dyez_2018.xlsx","boron isotopes",225,2018,"999_A_1_1_31_33","999",0.31,,12.91083333,-78.83333333,0.00782,"Globigerinoides ruber","300-355",,"4.145192308",,259.894,20.72,0.44,4.145192308,0.091194230776,26.5798474923453,"d11B data originally published by Chalk et al. 2017",TRUE,TRUE,"boron_isotopes_dyez_2018.xlsx",225,563,226
"boron_isotopes_dyez_2018.xlsx","boron isotopes",226,2018,"999_A_1_1_39_41","999",0.39,,12.91083333,-78.83333333,0.00949,"Globigerinoides ruber","300-355",,"3.883173077",,259.095,20.68,0.36,3.883173077,0.085429807694,25.8607803583337,"d11B data originally published by Chalk et al. 2017",TRUE,TRUE,"boron_isotopes_dyez_2018.xlsx",226,564,227
"boron_isotopes_dyez_2018.xlsx","boron isotopes",227,2018,"999_A_1_1_43_45","999",0.43,,12.91083333,-78.83333333,0.01032,"Globigerinoides ruber","300-355",,"3.854711538",,233.006,20.93,0.48,3.854711538,0.084803653836,25.7820806136837,"d11B data originally published by Chalk et al. 2017",TRUE,TRUE,"boron_isotopes_dyez_2018.xlsx",227,565,228
"boron_isotopes_dyez_2018.xlsx","boron isotopes",228,2018,"999_A_1_1_48_50","999",0.48,,12.91083333,-78.83333333,0.01165,"Globigerinoides ruber","300-355",,"3.673755725",,251.747,20.72,0.4,3.673755725,0.08082262595,25.2531620799216,"d11B data originally published by Chalk et al. 2017",TRUE,TRUE,"boron_isotopes_dyez_2018.xlsx",228,566,229
"boron_isotopes_dyez_2018.xlsx","boron isotopes",229,2018,"999_A_1_1_57_59","999",0.57,,12.91083333,-78.83333333,0.01401,"Globigerinoides ruber","300-355",,"3.810083333",,231.322,20.98,0.36,3.810083333,0.083821833326,25.6667701651856,"d11B data originally published by Chalk et al. 2017",TRUE,TRUE,"boron_isotopes_dyez_2018.xlsx",229,567,230
"boron_isotopes_dyez_2018.xlsx","boron isotopes",230,2018,"999_A_1_1_61_63","999",0.61,,12.91083333,-78.83333333,0.01507,"Globigerinoides ruber","300-355",,"3.816549618",,228.757,21.02,0.36,3.816549618,0.083964091596,25.6898056777679,"d11B data originally published by Chalk et al. 2017",TRUE,TRUE,"boron_isotopes_dyez_2018.xlsx",230,568,231
"boron_isotopes_dyez_2018.xlsx","boron isotopes",231,2018,"999_A_1_1_61_63","999",0.61,,12.91083333,-78.83333333,0.01507,"Globigerinoides ruber","300-355",,"3.816549618",,216.651,21.15,0.4,3.816549618,0.083964091596,25.6898056777679,"d11B data originally published by Chalk et al. 2017",TRUE,TRUE,"boron_isotopes_dyez_2018.xlsx",231,569,232
"boron_isotopes_dyez_2018.xlsx","boron isotopes",232,2018,"999_A_1_1_71_73","999",0.71,,12.91083333,-78.83333333,0.01726,"Globigerinoides ruber","300-355",,"3.529545455",,222.064,21.04,0.32,3.529545455,0.07765000001,24.8295649640181,"d11B data originally published by Chalk et al. 2017",TRUE,TRUE,"boron_isotopes_dyez_2018.xlsx",232,570,233
"boron_isotopes_dyez_2018.xlsx","boron isotopes",233,2018,"999_A_1_1_82_84","999",0.82,,12.91083333,-78.83333333,0.01919,"Globigerinoides ruber","300-355",,"3.381977273",,162.947,21.75,0.4,3.381977273,0.074403500006,24.3622924941575,"d11B data originally published by Chalk et al. 2017",TRUE,TRUE,"boron_isotopes_dyez_2018.xlsx",233,571,234
"boron_isotopes_dyez_2018.xlsx","boron isotopes",234,2018,"999_A_1_1_93_95","999",0.93,,12.91083333,-78.83333333,0.02112,"Globigerinoides ruber","300-355",,"3.27225",,199.895,21.23,0.28,3.27225,0.0719895,24.0030967147385,"d11B data originally published by Chalk et al. 2017",TRUE,TRUE,"boron_isotopes_dyez_2018.xlsx",234,572,235
"boron_isotopes_dyez_2018.xlsx","boron isotopes",235,2018,"999_A_1_1_102_104","999",1.02,,12.91083333,-78.83333333,0.02261,"Globigerinoides ruber","300-355",,"3.518367925",,202.609,21.26,0.32,3.518367925,0.07740409435,24.8146224739142,"d11B data originally published by Chalk et al. 2017",TRUE,TRUE,"boron_isotopes_dyez_2018.xlsx",235,573,236
"boron_isotopes_dyez_2018.xlsx","boron isotopes",236,2018,"999_A_1_1_113_115","999",1.13,,12.91083333,-78.83333333,0.02438,"Globigerinoides ruber","300-355",,"3.429688679",,180.8,21.51,0.28,3.429688679,0.075453150938,24.5378961633449,"d11B data originally published by Chalk et al. 2017",TRUE,TRUE,"boron_isotopes_dyez_2018.xlsx",236,574,237
"boron_isotopes_dyez_2018.xlsx","boron isotopes",237,2018,"999_A_1_1_120_122","999",1.2,,12.91083333,-78.83333333,0.02551,"Globigerinoides ruber","300-355",,"3.395556604",,171.999,21.62,0.48,3.395556604,0.074702245288,24.4309961820943,"d11B data originally published by Chalk et al. 2017",TRUE,TRUE,"boron_isotopes_dyez_2018.xlsx",237,575,238
"boron_isotopes_dyez_2018.xlsx","boron isotopes",238,2018,"999_A_1_1_120_122","999",1.2,,12.91083333,-78.83333333,0.02551,"Globigerinoides ruber","300-355",,"3.395556604",,167.066,21.69,0.32,3.395556604,0.074702245288,24.4309961820943,"d11B data originally published by Chalk et al. 2017",TRUE,TRUE,"boron_isotopes_dyez_2018.xlsx",238,576,239
"boron_isotopes_dyez_2018.xlsx","boron isotopes",239,2018,"999_A_1_2_20_22","999",1.72,,12.91083333,-78.83333333,0.03582,"Globigerinoides ruber","300-355",,"3.482723577",,212.355,21.12,0.36,3.482723577,0.076619918694,24.7524390421978,"d11B data originally published by Chalk et al. 2017",TRUE,TRUE,"boron_isotopes_dyez_2018.xlsx",239,577,240
"boron_isotopes_dyez_2018.xlsx","boron isotopes",240,2018,"999_A_1_2_61_63","999",2.13,,12.91083333,-78.83333333,0.04661,"Globigerinoides ruber","300-355",,"3.42908871",,207.099,21.16,0.32,3.42908871,0.07543995162,24.6221135944558,"d11B data originally published by Chalk et al. 2017",TRUE,TRUE,"boron_isotopes_dyez_2018.xlsx",240,578,241
"boron_isotopes_dyez_2018.xlsx","boron isotopes",241,2018,"999_A_1_2_82_84","999",2.34,,12.91083333,-78.83333333,0.05214,"Globigerinoides ruber","300-355",,"3.486080645",,197.481,21.29,0.4,3.486080645,0.07669377419,24.8268645521165,"d11B data originally published by Chalk et al. 2017",TRUE,TRUE,"boron_isotopes_dyez_2018.xlsx",241,579,242
"boron_isotopes_dyez_2018.xlsx","boron isotopes",242,2018,"999_A_1_2_119_121","999",2.71,,12.91083333,-78.83333333,0.06128,"Globigerinoides ruber","300-355",,"3.567056452",,198.652,21.31,0.56,3.567056452,0.078475241944,25.1183674797762,"d11B data originally published by Chalk et al. 2017",TRUE,TRUE,"boron_isotopes_dyez_2018.xlsx",242,580,243
"boron_isotopes_dyez_2018.xlsx","boron isotopes",243,2018,"999_A_1_3_29_31","999",3.31,,12.91083333,-78.83333333,0.0773,"Globigerinoides ruber","300-355",,"3.568716763",,233.579,20.89,0.4,3.568716763,0.078511768786,25.1874765607331,"d11B data originally published by Chalk et al. 2017",TRUE,TRUE,"boron_isotopes_dyez_2018.xlsx",243,581,244
"boron_isotopes_dyez_2018.xlsx","boron isotopes",244,2018,"999_A_1_3_54_56","999",3.56,,12.91083333,-78.83333333,0.08433,"Globigerinoides ruber","300-355",,"3.581",,234.976,20.88,0.52,3.581,0.078782,25.2539122477618,"d11B data originally published by Chalk et al. 2017",TRUE,TRUE,"boron_isotopes_dyez_2018.xlsx",244,582,245
"boron_isotopes_dyez_2018.xlsx","boron isotopes",245,2018,"999_A_1_3_71_73","999",3.73,,12.91083333,-78.83333333,0.08911,"Globigerinoides ruber","300-355",,"3.7616",,260.56,20.68,0.4,3.7616,0.0827552,25.8200831372,"d11B data originally published by Chalk et al. 2017",TRUE,TRUE,"boron_isotopes_dyez_2018.xlsx",245,583,246
"boron_isotopes_dyez_2018.xlsx","boron isotopes",246,2018,"999_A_1_3_111_113","999",4.13,,12.91083333,-78.83333333,0.10036,"Globigerinoides ruber","300-355",,"3.713538462",,270.529,20.58,0.48,3.713538462,0.081697846164,25.7224732590451,"d11B data originally published by Chalk et al. 2017",TRUE,TRUE,"boron_isotopes_dyez_2018.xlsx",246,584,247
"boron_isotopes_dyez_2018.xlsx","boron isotopes",247,2018,"999_A_1_3_132_134","999",4.335,,12.91083333,-78.83333333,0.10612,"Globigerinoides ruber","300-355",,"3.610745763",,249.314,20.76,0.44,3.610745763,0.079436406786,25.4209314332332,"d11B data originally published by Chalk et al. 2017",TRUE,TRUE,"boron_isotopes_dyez_2018.xlsx",247,585,248
"boron_isotopes_dyez_2018.xlsx","boron isotopes",248,2018,"999_A_1_4_1_3","999",4.51,,12.91083333,-78.83333333,0.11132,"Globigerinoides ruber","300-355",,"3.65109406059863",,294.637,20.37598969,0.220508226,3.65109406059863,0.0803240693331698,25.5538726501333,"d11B data originally published by Chalk et al. 2017",TRUE,TRUE,"boron_isotopes_dyez_2018.xlsx",248,586,249
"boron_isotopes_dyez_2018.xlsx","boron isotopes",249,2018,"999_A_1_4_22_24","999",4.74,,12.91083333,-78.83333333,0.11682,"Globigerinoides ruber","300-355",,"3.557489796",,303.044,20.26,0.6,3.557489796,0.078264775512,25.275334770868,"d11B data originally published by Chalk et al. 2017",TRUE,TRUE,"boron_isotopes_dyez_2018.xlsx",249,587,250
"boron_isotopes_dyez_2018.xlsx","boron isotopes",250,2018,"999_A_1_4_30_32","999",4.82,,12.91083333,-78.83333333,0.11881,"Globigerinoides ruber","300-355",,"3.748888889",,319.499,20.18,0.6,3.748888889,0.082475555558,25.8612600403072,"d11B data originally published by Chalk et al. 2017",TRUE,TRUE,"boron_isotopes_dyez_2018.xlsx",250,588,251
"boron_isotopes_dyez_2018.xlsx","boron isotopes",251,2018,"999_A_1_4_32_34","999",4.82,,12.91083333,-78.83333333,0.11906,"Globigerinoides ruber","300-355",,"4.1007913793755",,311.637,20.30873924,0.271016996,4.1007913793755,0.090217410346261,26.8587027177705,"d11B data originally published by Chalk et al. 2017",TRUE,TRUE,"boron_isotopes_dyez_2018.xlsx",251,589,252
"boron_isotopes_dyez_2018.xlsx","boron isotopes",252,2018,"999_A_1_4_42_44","999",4.94,,12.91083333,-78.83333333,0.12179,"Globigerinoides ruber","300-355",,"3.816459016",,330.07,20.12,0.4,3.816459016,0.083962098352,26.0652318716698,"d11B data originally published by Chalk et al. 2017",TRUE,TRUE,"boron_isotopes_dyez_2018.xlsx",252,590,253
"boron_isotopes_dyez_2018.xlsx","boron isotopes",253,2018,"999_A_1_4_51_53","999",5.01,,12.91083333,-78.83333333,0.12377,"Globigerinoides ruber","300-355",,"4.228453061",,260.6,20.75,0.4,4.228453061,0.093025967342,27.2079296967572,"d11B data originally published by Chalk et al. 2017",TRUE,TRUE,"boron_isotopes_dyez_2018.xlsx",253,591,254
"boron_isotopes_dyez_2018.xlsx","boron isotopes",254,2018,"999_A_1_4_52_54","999",5.04,,12.91083333,-78.83333333,0.12437,"Globigerinoides ruber","300-355",,"4.59166797960123",,291.794,20.55224777,0.189169518,4.59166797960123,0.101016695551227,28.1246638071443,"d11B data originally published by Chalk et al. 2017",TRUE,TRUE,"boron_isotopes_dyez_2018.xlsx",254,592,255
"boron_isotopes_dyez_2018.xlsx","boron isotopes",255,2018,"999_A_1_4_62_64","999",5.12,,12.91083333,-78.83333333,0.12748,"Globigerinoides ruber","300-355",,"4.78183275179172",,283.639,20.66956359,0.224892372,4.78183275179172,0.105200320539418,28.5812426702747,"d11B data originally published by Chalk et al. 2017",TRUE,TRUE,"boron_isotopes_dyez_2018.xlsx",255,593,256
"boron_isotopes_dyez_2018.xlsx","boron isotopes",256,2018,"999_A_1_4_71_73","999",5.23,,12.91083333,-78.83333333,0.13086,"Globigerinoides ruber","300-355",,"4.516",,281.03,20.67,0.6,4.516,0.099352,27.9519598792178,"d11B data originally published by Chalk et al. 2017",TRUE,TRUE,"boron_isotopes_dyez_2018.xlsx",256,594,257
"boron_isotopes_dyez_2018.xlsx","boron isotopes",257,2018,"999_A_1_4_76_78","999",5.26,,12.91083333,-78.83333333,0.13191,"Globigerinoides ruber","300-355",,"4.66814896138176",,261.028,20.88489985,0.218432624,4.66814896138176,0.102699277150399,28.3219749864577,"d11B data originally published by Chalk et al. 2017",TRUE,TRUE,"boron_isotopes_dyez_2018.xlsx",257,595,258
"boron_isotopes_dyez_2018.xlsx","boron isotopes",258,2018,"999_A_1_4_81_83","999",5.31,,12.91083333,-78.83333333,0.13322,"Globigerinoides ruber","300-355",,"4.26841561223188",,251,20.92334602,0.218582774,4.26841561223188,0.0939051434691013,27.3296991772166,"d11B data originally published by Chalk et al. 2017",TRUE,TRUE,"boron_isotopes_dyez_2018.xlsx",258,596,259
"boron_isotopes_dyez_2018.xlsx","boron isotopes",259,2018,"999_A_1_4_84_86","999",5.34,,12.91083333,-78.83333333,0.134,"Globigerinoides ruber","300-355",,"4.33798129212586",,222.145,21.23761547,0.244205006,4.33798129212586,0.095435588426769,27.5107971176797,"d11B data originally published by Chalk et al. 2017",TRUE,TRUE,"boron_isotopes_dyez_2018.xlsx",259,597,260
"boron_isotopes_dyez_2018.xlsx","boron isotopes",260,2018,"999_A_1_4_90_92","999",5.4,,12.91083333,-78.83333333,0.13557,"Globigerinoides ruber","300-355",,"4.02942345121776",,222.603,21.17828108,0.240849178,4.02942345121776,0.0886473159267907,26.6938990557591,"d11B data originally published by Chalk et al. 2017",TRUE,TRUE,"boron_isotopes_dyez_2018.xlsx",260,598,261
"boron_isotopes_dyez_2018.xlsx","boron isotopes",261,2018,"999_A_1_4_103_105","999",5.53,,12.91083333,-78.83333333,0.13897,"Globigerinoides ruber","300-355",,"4.04033492748293",,222.05,21.18932677,0.222625014,4.04033492748293,0.0888873684046245,26.730209346931,"d11B data originally published by Chalk et al. 2017",TRUE,TRUE,"boron_isotopes_dyez_2018.xlsx",261,599,262
"boron_isotopes_dyez_2018.xlsx","boron isotopes",262,2018,"999_A_1_4_132_134","999",5.82,,12.91083333,-78.83333333,0.14669,"Globigerinoides ruber","300-355",,"4.11102094963637",,229.437,21.11484762,0.230114186,4.11102094963637,0.0904424608920001,26.9371332887686,"d11B data originally published by Chalk et al. 2017",TRUE,TRUE,"boron_isotopes_dyez_2018.xlsx",262,600,263
"boron_isotopes_dyez_2018.xlsx","boron isotopes",263,2018,"999_A_1_4_142_144","999",5.92,,12.91083333,-78.83333333,0.15004,"Globigerinoides ruber","300-355",,"4.19218170608589",,221.384,21.21530042,0.220959364,4.19218170608589,0.0922279975338895,27.1604599780626,"d11B data originally published by Chalk et al. 2017",TRUE,TRUE,"boron_isotopes_dyez_2018.xlsx",263,601,264
"boron_isotopes_dyez_2018.xlsx","boron isotopes",264,2018,"999_A_1_5_51_53","999",6.51,,12.91083333,-78.83333333,0.16976,"Globigerinoides ruber","300-355",,"4.21063142308041",,219.827,21.22,0.222956886,4.21063142308041,0.092633891307769,27.2460596086548,"d11B data originally published by Chalk et al. 2017",TRUE,TRUE,"boron_isotopes_dyez_2018.xlsx",264,602,265
"boron_isotopes_dyez_2018.xlsx","boron isotopes",265,2018,"999_A_1_5_91_93","999",6.91,,12.91083333,-78.83333333,0.17994,"Globigerinoides ruber","300-355",,"3.86725549003783",,218.517,21.17179403,0.216747484,3.86725549003783,0.0850796207808322,26.3197552511085,"d11B data originally published by Chalk et al. 2017",TRUE,TRUE,"boron_isotopes_dyez_2018.xlsx",265,603,266
"boron_isotopes_dyez_2018.xlsx","boron isotopes",266,2018,"999_A_1_6_12_14","999",7.12,,12.91083333,-78.83333333,0.18437,"Globigerinoides ruber","300-355",,"3.84094335277769",,228.738,21.06374018,0.234692072,3.84094335277769,0.0845007537611091,26.2523406799738,"d11B data originally published by Chalk et al. 2017",TRUE,TRUE,"boron_isotopes_dyez_2018.xlsx",266,604,267
"boron_isotopes_dyez_2018.xlsx","boron isotopes",267,2018,"999_A_1_6_33_35","999",7.33,,12.91083333,-78.83333333,0.19001,"Globigerinoides ruber","300-355",,"3.83613259274542",,235.997,20.95412232,0.209211778,3.83613259274542,0.0843949170403992,26.2489426692671,"d11B data originally published by Chalk et al. 2017",TRUE,TRUE,"boron_isotopes_dyez_2018.xlsx",267,605,268
"boron_isotopes_dyez_2018.xlsx","boron isotopes",268,2018,"999_A_1_6_39_41","999",7.39,,12.91083333,-78.83333333,0.19168,"Globigerinoides ruber","300-355",,"3.46533433416718",,235.534,20.86016767,0.226310952,3.46533433416718,0.0762373553516779,25.1226365604147,"d11B data originally published by Chalk et al. 2017",TRUE,TRUE,"boron_isotopes_dyez_2018.xlsx",268,606,269
"boron_isotopes_dyez_2018.xlsx","boron isotopes",269,2018,"999_A_1_CC_7_9","999",7.62,,12.91083333,-78.83333333,0.19807,"Globigerinoides ruber","300-355",,"3.25795610314654",,260.62,20.56,0.198417126,3.25795610314654,0.0716750342692238,24.4490496822995,"d11B data originally published by Chalk et al. 2017",TRUE,TRUE,"boron_isotopes_dyez_2018.xlsx",269,607,270
"boron_isotopes_dyez_2018.xlsx","boron isotopes",270,2018,"999_A_2_1_39_40","999",7.99,,12.91083333,-78.83333333,0.21157,"Globigerinoides ruber","300-355",,"3.50874071981334",,291.685,20.36,0.230040258,3.50874071981334,0.0771922958358935,25.2846913559666,"d11B data originally published by Chalk et al. 2017",TRUE,TRUE,"boron_isotopes_dyez_2018.xlsx",270,608,271
"boron_isotopes_dyez_2018.xlsx","boron isotopes",271,2018,"999_A_2_1_59_61","999",8.19,,12.91083333,-78.83333333,0.22044,"Globigerinoides ruber","300-355",,"4.24318895714849",,276.979,20.66815105,0.193945338,4.24318895714849,0.0933501570572668,27.4025878915543,"d11B data originally published by Chalk et al. 2017",TRUE,TRUE,"boron_isotopes_dyez_2018.xlsx",271,609,272
"boron_isotopes_dyez_2018.xlsx","boron isotopes",272,2018,"999_A_2_1_69_71","999",8.29,,12.91083333,-78.83333333,0.22366,"Globigerinoides ruber","300-355",,"4.1891310946355",,276.895,20.67404603,0.267600052,4.1891310946355,0.092160884081981,27.2624293028697,"d11B data originally published by Chalk et al. 2017",TRUE,TRUE,"boron_isotopes_dyez_2018.xlsx",272,610,273
"boron_isotopes_dyez_2018.xlsx","boron isotopes",273,2018,"999_A_2_1_91_93","999",8.51,,12.91083333,-78.83333333,0.2271,"Globigerinoides ruber","300-355",,"3.70727207225",,248.754,20.82277042,0.235569734,3.70727207225,0.0815599855895,25.9070611508589,"d11B data originally published by Chalk et al. 2017",TRUE,TRUE,"boron_isotopes_dyez_2018.xlsx",273,611,274
"boron_isotopes_dyez_2018.xlsx","boron isotopes",274,2018,"999_A_2_1_111_113","999",8.71,,12.91083333,-78.83333333,0.23576,"Globigerinoides ruber","300-355",,"3.4087062644453",,275.276,20.47082045,0.244505476,3.4087062644453,0.0749915378177966,24.9802202285678,"d11B data originally published by Chalk et al. 2017",TRUE,TRUE,"boron_isotopes_dyez_2018.xlsx",274,612,275
"boron_isotopes_dyez_2018.xlsx","boron isotopes",275,2018,"999_A_2_1_123_125","999",8.83,,12.91083333,-78.83333333,0.23948,"Globigerinoides ruber","300-355",,"3.60231711112691",,254.638,20.69868197,0.220059774,3.60231711112691,0.0792509764447921,25.5966386006122,"d11B data originally published by Chalk et al. 2017",TRUE,TRUE,"boron_isotopes_dyez_2018.xlsx",275,613,276
"boron_isotopes_dyez_2018.xlsx","boron isotopes",276,2018,"999_A_2_1_139_141","999",8.99,,12.91083333,-78.83333333,0.2429,"Globigerinoides ruber","300-355",,"3.84376380135746",,292.993,20.4421857,0.250989742,3.84376380135746,0.0845628036298641,26.3198515967409,"d11B data originally published by Chalk et al. 2017",TRUE,TRUE,"boron_isotopes_dyez_2018.xlsx",276,614,277
"boron_isotopes_dyez_2018.xlsx","boron isotopes",277,2018,"999_A_2_2_9_11","999",9.19,,12.91083333,-78.83333333,0.24718,"Globigerinoides ruber","300-355",,"3.88580908607676",,279.665,20.58735224,0.216252722,3.88580908607676,0.0854877998936886,26.4437460439739,"d11B data originally published by Chalk et al. 2017",TRUE,TRUE,"boron_isotopes_dyez_2018.xlsx",277,615,278
"boron_isotopes_dyez_2018.xlsx","boron isotopes",278,2018,"999_A_2_2_23_24","999",9.33,,12.91083333,-78.83333333,0.25007,"Globigerinoides ruber","300-355",,"4.07297289305613",,239.571,21.00136596,0.217118038,4.07297289305613,0.0896054036472349,26.968468694128,"d11B data originally published by Chalk et al. 2017",TRUE,TRUE,"boron_isotopes_dyez_2018.xlsx",278,616,279
"boron_isotopes_dyez_2018.xlsx","boron isotopes",279,2018,"999_A_2_2_63_65","999",9.73,,12.91083333,-78.83333333,0.25784,"Globigerinoides ruber","300-355",,"3.7879258128868",,249.367,20.84304009,0.197655604,3.7879258128868,0.0833343678835097,26.167712468072,"d11B data originally published by Chalk et al. 2017",TRUE,TRUE,"boron_isotopes_dyez_2018.xlsx",279,617,280
"boron_isotopes_dyez_2018.xlsx","boron isotopes",280,2018,"999_A_4_7_22_24","999",35.82,,12.91083333,-78.83333333,1.08726,"Globigerinoides ruber","300-355",,"3.59438733831348",,243.982,20.82,0.18918473,3.59438733831348,0.0790765214428966,25.5618072438224,"d11B data originally published by Chalk et al. 2017",TRUE,TRUE,"boron_isotopes_dyez_2018.xlsx",280,618,281
"boron_isotopes_dyez_2018.xlsx","boron isotopes",281,2018,"999_A_4_7_32.8883769999998_34.8883769999998","999",35.92960246,,12.91083333,-78.83333333,1.08869,"Globigerinoides ruber","300-355",,"3.59673132939335",,271.93,20.56583042,0.195735082,3.59673132939335,0.0791280892466537,25.5704487417297,"d11B data originally published by Chalk et al. 2017",TRUE,TRUE,"boron_isotopes_dyez_2018.xlsx",281,619,282
"boron_isotopes_dyez_2018.xlsx","boron isotopes",282,2018,"999_A_4_7_41.6941029999998_43.6941029999998","999",36.01765972,,12.91083333,-78.83333333,1.09003,"Globigerinoides ruber","300-355",,"3.59704656542061",,233.552,20.925,0.171493264,3.59704656542061,0.0791350244392533,25.5727210818169,"d11B data originally published by Chalk et al. 2017",TRUE,TRUE,"boron_isotopes_dyez_2018.xlsx",282,620,283
"boron_isotopes_dyez_2018.xlsx","boron isotopes",283,2018,"999_A_4_7_51.6954790000001_53.6954790000001","999",36.11767348,,12.91083333,-78.83333333,1.09267,"Globigerinoides ruber","300-355",,"3.8933859020864",,253.571,20.8,0.19560462,3.8933859020864,0.0856544898459009,26.4550423672526,"d11B data originally published by Chalk et al. 2017",TRUE,TRUE,"boron_isotopes_dyez_2018.xlsx",283,621,284
"boron_isotopes_dyez_2018.xlsx","boron isotopes",284,2018,"999_A_4_7_60_62","999",36.2,,12.91083333,-78.83333333,1.09471,"Globigerinoides ruber","300-355",,"4.01013909503901",,263.761,20.73435804,0.218499886,4.01013909503901,0.0882230600908582,26.7853391168423,"d11B data originally published by Chalk et al. 2017",TRUE,TRUE,"boron_isotopes_dyez_2018.xlsx",284,622,285
"boron_isotopes_dyez_2018.xlsx","boron isotopes",285,2018,"999_A_4_CC_11_13","999",36.43,,12.91083333,-78.83333333,1.09946,"Globigerinoides ruber","300-355",,"3.84246010936239",,343.515,20.0893291,0.194254126,3.84246010936239,0.0845341224059725,26.3155517746296,"d11B data originally published by Chalk et al. 2017",TRUE,TRUE,"boron_isotopes_dyez_2018.xlsx",285,623,286
"boron_isotopes_dyez_2018.xlsx","boron isotopes",286,2018,"999_A_5_1_12_14","999",36.22,,12.91083333,-78.83333333,1.10242,"Globigerinoides ruber","300-355",,"3.79373895665355",,320.332,20.22975767,0.193047956,3.79373895665355,0.0834622570463781,26.1766698102288,"d11B data originally published by Chalk et al. 2017",TRUE,TRUE,"boron_isotopes_dyez_2018.xlsx",286,624,287
"boron_isotopes_dyez_2018.xlsx","boron isotopes",287,2018,"999_A_5_1_17_19","999",36.27,,12.91083333,-78.83333333,1.10316,"Globigerinoides ruber","300-355",,"4.14637186634105",,330.273,20.23,0.292175806,4.14637186634105,0.0912201810595031,27.1650450346847,"d11B data originally published by Chalk et al. 2017",TRUE,TRUE,"boron_isotopes_dyez_2018.xlsx",287,625,288
"boron_isotopes_dyez_2018.xlsx","boron isotopes",288,2018,"999_A_5_1_37.5173090000004_39.5173090000004","999",36.47494841,,12.91083333,-78.83333333,1.1062,"Globigerinoides ruber","300-355",,"3.88554821414494",,257.951,20.74592762,0.149970348,3.88554821414494,0.0854820607111887,26.4461671541009,"d11B data originally published by Chalk et al. 2017",TRUE,TRUE,"boron_isotopes_dyez_2018.xlsx",288,626,289
"boron_isotopes_dyez_2018.xlsx","boron isotopes",289,2018,"999_A_5_1_48.3991950000003_50.3991950000003","999",36.58376727,,12.91083333,-78.83333333,1.10782,"Globigerinoides ruber","300-355",,"3.57146012009718",,276.826,20.51,0.20036323,3.57146012009718,0.078572122642138,25.5112207435564,"d11B data originally published by Chalk et al. 2017",TRUE,TRUE,"boron_isotopes_dyez_2018.xlsx",289,627,290
"boron_isotopes_dyez_2018.xlsx","boron isotopes",290,2018,"999_A_5_1_59.2812659999999_61.2812659999999","999",36.69258798,,12.91083333,-78.83333333,1.1103,"Globigerinoides ruber","300-355",,"3.97927006846004",,299.341,20.42,0.185226512,3.97927006846004,0.0875439415061208,26.7151053756555,"d11B data originally published by Chalk et al. 2017",TRUE,TRUE,"boron_isotopes_dyez_2018.xlsx",290,628,291
"boron_isotopes_dyez_2018.xlsx","boron isotopes",291,2018,"999_A_5_1_70.1630350000001_72.1630350000001","999",36.80140567,,12.91083333,-78.83333333,1.1128,"Globigerinoides ruber","300-355",,"4.00277064822679",,258.5,20.77558234,0.196604712,4.00277064822679,0.0880609542609894,26.7830412516816,"d11B data originally published by Chalk et al. 2017",TRUE,TRUE,"boron_isotopes_dyez_2018.xlsx",291,629,292
"boron_isotopes_dyez_2018.xlsx","boron isotopes",292,2018,"999_A_5_1_80.8929320000004_82.8929320000004","999",36.90870464,,12.91083333,-78.83333333,1.11526,"Globigerinoides ruber","300-355",,"3.8664286885938",,239.515,20.935,0.194005138,3.8664286885938,0.0850614311490636,26.4004907029498,"d11B data originally published by Chalk et al. 2017",TRUE,TRUE,"boron_isotopes_dyez_2018.xlsx",292,630,293
"boron_isotopes_dyez_2018.xlsx","boron isotopes",293,2018,"999_A_5_1_90.3610010000001_92.3610010000001","999",37.00338533,,12.91083333,-78.83333333,1.11786,"Globigerinoides ruber","300-355",,"3.98977043452111",,225.638,21.10718257,0.149424944,3.98977043452111,0.0877749495594645,26.7520193268304,"d11B data originally published by Chalk et al. 2017",TRUE,TRUE,"boron_isotopes_dyez_2018.xlsx",293,631,294
"boron_isotopes_dyez_2018.xlsx","boron isotopes",294,2018,"999_A_5_1_98.80171_100.80171","999",37.08779242,,12.91083333,-78.83333333,1.12036,"Globigerinoides ruber","300-355",,"4.17549653002872",,263.279,20.78548538,0.153323524,4.17549653002872,0.0918609236606318,27.2600839203118,"d11B data originally published by Chalk et al. 2017",TRUE,TRUE,"boron_isotopes_dyez_2018.xlsx",294,632,295
"boron_isotopes_dyez_2018.xlsx","boron isotopes",295,2018,"999_A_5_1_108_110","999",37.18,,12.91083333,-78.83333333,1.12309,"Globigerinoides ruber","300-355",,"4.0589616152941",,215.149,21.25171635,0.148085706,4.0589616152941,0.0892971555364702,26.9482879853193,"d11B data originally published by Chalk et al. 2017",TRUE,TRUE,"boron_isotopes_dyez_2018.xlsx",295,633,296
"boron_isotopes_dyez_2018.xlsx","boron isotopes",296,2018,"999_A_5_1_118_120","999",37.28,,12.91083333,-78.83333333,1.12606,"Globigerinoides ruber","300-355",,"3.50243112915968",,264.528,20.63550701,0.213532924,3.50243112915968,0.0770534848415129,25.3127541382545,"d11B data originally published by Chalk et al. 2017",TRUE,TRUE,"boron_isotopes_dyez_2018.xlsx",296,634,297
"boron_isotopes_dyez_2018.xlsx","boron isotopes",297,2018,"999_A_5_1_123_125","999",37.33,,12.91083333,-78.83333333,1.12781,"Globigerinoides ruber","300-355",,"3.44828945697593",,263.241,20.63164885,0.220123392,3.44828945697593,0.0758623680534705,25.1413659424479,"d11B data originally published by Chalk et al. 2017",TRUE,TRUE,"boron_isotopes_dyez_2018.xlsx",297,635,298
"boron_isotopes_dyez_2018.xlsx","boron isotopes",298,2018,"999_A_5_1_132_134","999",37.42,,12.91083333,-78.83333333,1.13097,"Globigerinoides ruber","300-355",,"3.67607769980666",,268.162,20.63375582,0.162198646,3.67607769980666,0.0808737093957465,25.8553467177733,"d11B data originally published by Chalk et al. 2017",TRUE,TRUE,"boron_isotopes_dyez_2018.xlsx",298,636,299
"boron_isotopes_dyez_2018.xlsx","boron isotopes",299,2018,"999_A_5_1_148_150","999",37.58,,12.91083333,-78.83333333,1.13657,"Globigerinoides ruber","300-355",,"3.63230954488759",,316.225,20.23242814,0.150044744,3.63230954488759,0.0799108099875269,25.7279104397417,"d11B data originally published by Chalk et al. 2017",TRUE,TRUE,"boron_isotopes_dyez_2018.xlsx",299,637,300
"boron_isotopes_dyez_2018.xlsx","boron isotopes",300,2018,"999_A_5_2_7.88640199999969_9.88640199999969","999",37.67863934,,12.91083333,-78.83333333,1.14003,"Globigerinoides ruber","300-355",,"3.34239657097292",,333.067,20.04,0.194540186,3.34239657097292,0.0735327245614043,24.8071146190396,"d11B data originally published by Chalk et al. 2017",TRUE,TRUE,"boron_isotopes_dyez_2018.xlsx",300,638,301
"boron_isotopes_dyez_2018.xlsx","boron isotopes",301,2018,"999_A_5_2_17_19","999",37.77,,12.91083333,-78.83333333,1.14323,"Globigerinoides ruber","300-355",,"3.05248359705826",,302.218,20.18038387,0.244226122,3.05248359705826,0.0671546391352817,23.8022088392833,"d11B data originally published by Chalk et al. 2017",TRUE,TRUE,"boron_isotopes_dyez_2018.xlsx",301,639,302
"boron_isotopes_dyez_2018.xlsx","boron isotopes",302,2018,"999_A_5_2_23_25","999",37.83,,12.91083333,-78.83333333,1.14533,"Globigerinoides ruber","300-355",,"3.27154204492687",,321.845,20.09301133,0.2298189,3.27154204492687,0.0719739249883911,24.5743975383236,"d11B data originally published by Chalk et al. 2017",TRUE,TRUE,"boron_isotopes_dyez_2018.xlsx",302,640,303
"boron_isotopes_dyez_2018.xlsx","boron isotopes",303,2018,"999_A_5_2_33.2083490000002_35.2083490000002","999",37.93185881,,12.91083333,-78.83333333,1.1489,"Globigerinoides ruber","300-355",,"3.22507102165924",,339.225,19.96260764,0.353400798,3.22507102165924,0.0709515624765032,24.4190788036066,"d11B data originally published by Chalk et al. 2017",TRUE,TRUE,"boron_isotopes_dyez_2018.xlsx",303,641,304
"boron_isotopes_dyez_2018.xlsx","boron isotopes",304,2018,"999_A_5_2_39_41","999",37.99,,12.91083333,-78.83333333,1.15094,"Globigerinoides ruber","300-355",,"3.00579208004753",,283.349,20.31,0.239075512,3.00579208004753,0.0661274257610457,23.6387273211078,"d11B data originally published by Chalk et al. 2017",TRUE,TRUE,"boron_isotopes_dyez_2018.xlsx",304,642,305
"boron_isotopes_dyez_2018.xlsx","boron isotopes",305,2018,"999_A_5_2_48_50","999",38.08,,12.91083333,-78.83333333,1.15409,"Globigerinoides ruber","300-355",,"3.27463965781407",,266.891,20.51910395,0.222955026,3.27463965781407,0.0720420724719095,24.5938210088207,"d11B data originally published by Chalk et al. 2017",TRUE,TRUE,"boron_isotopes_dyez_2018.xlsx",305,643,306
"boron_isotopes_dyez_2018.xlsx","boron isotopes",306,2018,"999_A_5_2_58.5305750000003_60.5305750000003","999",38.18508107,,12.91083333,-78.83333333,1.15777,"Globigerinoides ruber","300-355",,"3.42884898829603",,325.107,20.10275801,0.217485602,3.42884898829603,0.0754346777425127,25.1088694033369,"d11B data originally published by Chalk et al. 2017",TRUE,TRUE,"boron_isotopes_dyez_2018.xlsx",306,644,307
"boron_isotopes_dyez_2018.xlsx","boron isotopes",307,2018,"999_A_5_2_66.9712349999997_68.9712349999997","999",38.26948767,,12.91083333,-78.83333333,1.16073,"Globigerinoides ruber","300-355",,"3.21562745787586",,335.363,19.98,0.216434172,3.21562745787586,0.070743804073269,24.3984542692476,"d11B data originally published by Chalk et al. 2017",TRUE,TRUE,"boron_isotopes_dyez_2018.xlsx",307,645,308
"boron_isotopes_dyez_2018.xlsx","boron isotopes",308,2018,"999_A_5_2_73_75","999",38.33,,12.91083333,-78.83333333,1.16285,"Globigerinoides ruber","300-355",,"3.64538459058335",,295.045,20.37160853,0.194265602,3.64538459058335,0.0801984609928336,25.7944580332556,"d11B data originally published by Chalk et al. 2017",TRUE,TRUE,"boron_isotopes_dyez_2018.xlsx",308,646,309
"boron_isotopes_dyez_2018.xlsx","boron isotopes",309,2018,"999_A_5_2_93_95","999",38.53,,12.91083333,-78.83333333,1.16986,"Globigerinoides ruber","300-355",,"3.60441026452159",,305.228,20.29128744,0.15786813,3.60441026452159,0.079297025819475,25.6759736798223,"d11B data originally published by Chalk et al. 2017",TRUE,TRUE,"boron_isotopes_dyez_2018.xlsx",309,647,310
"boron_isotopes_dyez_2018.xlsx","boron isotopes",310,2018,"999_A_5_2_120.225904_122.225904","999",38.80203436,,12.91083333,-78.83333333,1.17757,"Globigerinoides ruber","300-355",,"3.51787735336773",,293.609,20.36443733,0.175489924,3.51787735336773,0.0773933017740901,25.4138058129921,"d11B data originally published by Chalk et al. 2017",TRUE,TRUE,"boron_isotopes_dyez_2018.xlsx",310,648,311
"boron_isotopes_dyez_2018.xlsx","boron isotopes",311,2018,"999_A_5_2_130.456421_132.456421","999",38.90433953,,12.91083333,-78.83333333,1.17966,"Globigerinoides ruber","300-355",,"3.70383601521777",,282.178,20.49759292,0.197263004,3.70383601521777,0.0814843923347909,25.9882926979486,"d11B data originally published by Chalk et al. 2017",TRUE,TRUE,"boron_isotopes_dyez_2018.xlsx",311,649,312
"boron_isotopes_dyez_2018.xlsx","boron isotopes",312,2018,"999_A_5_2_140.686983_142.686983","999",39.00664515,,12.91083333,-78.83333333,1.18175,"Globigerinoides ruber","300-355",,"3.89588619758302",,247.289,20.84918402,0.146377636,3.89588619758302,0.0857094963468263,26.5521236047289,"d11B data originally published by Chalk et al. 2017",TRUE,TRUE,"boron_isotopes_dyez_2018.xlsx",312,650,313
"boron_isotopes_dyez_2018.xlsx","boron isotopes",313,2018,"999_A_5_3_2_4","999",39.12,,12.91083333,-78.83333333,1.18406,"Globigerinoides ruber","300-355",,"3.52603488575814",,240.352,20.83236237,0.179484052,3.52603488575814,0.077572767486679,25.4461669801954,"d11B data originally published by Chalk et al. 2017",TRUE,TRUE,"boron_isotopes_dyez_2018.xlsx",313,651,314
"boron_isotopes_dyez_2018.xlsx","boron isotopes",314,2018,"999_A_5_3_10.1112679999999_12.1112679999999","999",39.200888,,12.91083333,-78.83333333,1.18597,"Globigerinoides ruber","300-355",,"3.74703382614043",,274.232,20.57424038,0.194733544,3.74703382614043,0.0824347441750894,26.1235563085231,"d11B data originally published by Chalk et al. 2017",TRUE,TRUE,"boron_isotopes_dyez_2018.xlsx",314,652,315
"boron_isotopes_dyez_2018.xlsx","boron isotopes",315,2018,"999_A_5_3_18.570803_20.570803","999",39.28548335,,12.91083333,-78.83333333,1.18807,"Globigerinoides ruber","300-355",,"3.53555289173819",,284.751,20.44412932,0.186174602,3.53555289173819,0.0777821636182401,25.4802014925811,"d11B data originally published by Chalk et al. 2017",TRUE,TRUE,"boron_isotopes_dyez_2018.xlsx",315,653,316
"boron_isotopes_dyez_2018.xlsx","boron isotopes",316,2018,"999_A_5_3_27.0297110000001_29.0297110000001","999",39.37007243,,12.91083333,-78.83333333,1.19131,"Globigerinoides ruber","300-355",,"3.4738315536438",,230.232,20.94635892,0.146908178,3.4738315536438,0.0764242941801635,25.2877863527182,"d11B data originally published by Chalk et al. 2017",TRUE,TRUE,"boron_isotopes_dyez_2018.xlsx",316,654,317
"boron_isotopes_dyez_2018.xlsx","boron isotopes",317,2018,"999_A_5_3_37_39","999",39.47,,12.91083333,-78.83333333,1.19515,"Globigerinoides ruber","300-355",,"3.23396949333361",,223.038,20.97,0.178041634,3.23396949333361,0.0711473288533394,24.4967966941819,"d11B data originally published by Chalk et al. 2017",TRUE,TRUE,"boron_isotopes_dyez_2018.xlsx",317,655,318
"boron_isotopes_dyez_2018.xlsx","boron isotopes",318,2018,"999_A_5_3_58_60","999",39.68,,12.91083333,-78.83333333,1.20326,"Globigerinoides ruber","300-355",,"3.54491176416157",,207.018,21.22068439,0.14698282,3.54491176416157,0.0779880588115545,25.5254582077124,"d11B data originally published by Chalk et al. 2017",TRUE,TRUE,"boron_isotopes_dyez_2018.xlsx",318,656,319
"boron_isotopes_dyez_2018.xlsx","boron isotopes",319,2018,"999_A_5_3_67_69","999",39.77,,12.91083333,-78.83333333,1.20676,"Globigerinoides ruber","300-355",,"3.73621278295408",,232.214,20.99090554,0.143877406,3.73621278295408,0.0821966812249898,26.1133956135212,"d11B data originally published by Chalk et al. 2017",TRUE,TRUE,"boron_isotopes_dyez_2018.xlsx",319,657,320
"boron_isotopes_dyez_2018.xlsx","boron isotopes",320,2018,"999_A_5_3_77.7851810000001_79.7851810000001","999",39.87762713,,12.91083333,-78.83333333,1.20999,"Globigerinoides ruber","300-355",,"3.50528546227142",,255.444,20.71,0.180537414,3.50528546227142,0.0771162801699711,25.4081120291486,"d11B data originally published by Chalk et al. 2017",TRUE,TRUE,"boron_isotopes_dyez_2018.xlsx",320,658,321
"boron_isotopes_dyez_2018.xlsx","boron isotopes",321,2018,"999_A_5_3_94.703501_96.703501","999",40.04681033,,12.91083333,-78.83333333,1.21448,"Globigerinoides ruber","300-355",,"3.4343385689548",,309.798,20.235,0.17693286,3.4343385689548,0.0755554485170056,25.1859991623558,"d11B data originally published by Chalk et al. 2017",TRUE,TRUE,"boron_isotopes_dyez_2018.xlsx",321,659,322
"boron_isotopes_dyez_2018.xlsx","boron isotopes",322,2018,"999_A_5_3_102_104","999",40.12,,12.91083333,-78.83333333,1.21642,"Globigerinoides ruber","300-355",,"3.3902624608115",,291.687,20.35653815,0.21990036,3.3902624608115,0.0745857741378529,25.0446246035724,"d11B data originally published by Chalk et al. 2017",TRUE,TRUE,"boron_isotopes_dyez_2018.xlsx",322,660,323
"boron_isotopes_dyez_2018.xlsx","boron isotopes",323,2018,"999_A_5_3_110_112","999",40.2,,12.91083333,-78.83333333,1.21854,"Globigerinoides ruber","300-355",,"3.17299089299868",,322.273,20.0734272,0.221015738,3.17299089299868,0.0698057996459709,24.3110807754162,"d11B data originally published by Chalk et al. 2017",TRUE,TRUE,"boron_isotopes_dyez_2018.xlsx",323,661,324
"boron_isotopes_dyez_2018.xlsx","boron isotopes",324,2018,"999_A_5_3_128.540584_130.540584","999",40.38518116,,12.91083333,-78.83333333,1.22418,"Globigerinoides ruber","300-355",,"3.4122606243375",,268.8,20.53190458,0.236324504,3.4122606243375,0.075069733735425,25.1253154344249,"d11B data originally published by Chalk et al. 2017",TRUE,TRUE,"boron_isotopes_dyez_2018.xlsx",324,662,325
"boron_isotopes_dyez_2018.xlsx","boron isotopes",325,2018,"999_A_5_3_136.999882_138.999882","999",40.46977414,,12.91083333,-78.83333333,1.22717,"Globigerinoides ruber","300-355",,"3.42531978883855",,287.513,20.3767401,0.21315179,3.42531978883855,0.0753570353544482,25.1711578107556,"d11B data originally published by Chalk et al. 2017",TRUE,TRUE,"boron_isotopes_dyez_2018.xlsx",325,663,326
"boron_isotopes_dyez_2018.xlsx","boron isotopes",326,2018,"999_A_5_3_147_149","999",40.57,,12.91083333,-78.83333333,1.23072,"Globigerinoides ruber","300-355",,"3.4155211868097",,332.784,20.04119615,0.248398278,3.4155211868097,0.0751414661098134,25.1432971196492,"d11B data originally published by Chalk et al. 2017",TRUE,TRUE,"boron_isotopes_dyez_2018.xlsx",326,664,327
"boron_isotopes_dyez_2018.xlsx","boron isotopes",327,2018,"999_A_5_4_6_8","999",40.66,,12.91083333,-78.83333333,1.2339,"Globigerinoides ruber","300-355",,"3.60413587498121",,312.727,20.225,0.207754982,3.60413587498121,0.0792909892495866,25.744173417091,"d11B data originally published by Chalk et al. 2017",TRUE,TRUE,"boron_isotopes_dyez_2018.xlsx",327,665,328
"boron_isotopes_dyez_2018.xlsx","boron isotopes",328,2018,"999_A_5_4_12.4591639999998_14.4591639999998","999",40.72436696,,12.91083333,-78.83333333,1.23618,"Globigerinoides ruber","300-355",,"3.80979027425383",,275.389,20.56400114,0.17050942,3.80979027425383,0.0838153860335842,26.3633649690888,"d11B data originally published by Chalk et al. 2017",TRUE,TRUE,"boron_isotopes_dyez_2018.xlsx",328,666,329
"boron_isotopes_dyez_2018.xlsx","boron isotopes",329,2018,"999_A_5_4_21_23","999",40.81,,12.91083333,-78.83333333,1.23983,"Globigerinoides ruber","300-355",,"3.97438248576291",,281.84,20.54738004,0.207386182,3.97438248576291,0.087436414686784,26.8374045098771,"d11B data originally published by Chalk et al. 2017",TRUE,TRUE,"boron_isotopes_dyez_2018.xlsx",329,667,330
"boron_isotopes_dyez_2018.xlsx","boron isotopes",330,2018,"999_A_5_4_29_31","999",40.89,,12.91083333,-78.83333333,1.24325,"Globigerinoides ruber","300-355",,"4.49185392325176",,308.05,20.46,0.152598054,4.49185392325176,0.0988207863115387,28.2013437395039,"d11B data originally published by Chalk et al. 2017",TRUE,TRUE,"boron_isotopes_dyez_2018.xlsx",330,668,331
"boron_isotopes_foster_2008.xlsx","boron isotopes",4,2008,"ODP 999_A____","ODP 999",,0.045,12.75,-78.73,0.0039,"Globigerinoides ruber (ss)","300-355","20.62,20.71","na : use published data from schmidt et al.",0.0899999999999999,303.065886490225,20.665,0.25,,,28.3,,FALSE,TRUE,"boron_isotopes_foster_2008.xlsx",4,669,5
"boron_isotopes_foster_2008.xlsx","boron isotopes",5,2008,"ODP 999_A____","ODP 999",,0.11,12.75,-78.73,0.0046,"Globigerinoides ruber (ss)","300-355","20.62,20.72,21.01","na : use published data from schmidt et al.",0.233904063904652,264,20.7833333333333,0.25,,,28.5,,FALSE,TRUE,"boron_isotopes_foster_2008.xlsx",5,670,6
"boron_isotopes_foster_2008.xlsx","boron isotopes",6,2008,"ODP 999_A____","ODP 999",,0.145,12.75,-78.73,0.005,"Globigerinoides ruber (ss)","300-355","20.52,20.66","na : use published data from schmidt et al.",0.140000000000001,272,20.59,0.25,,,28.1,,FALSE,TRUE,"boron_isotopes_foster_2008.xlsx",6,671,7
"boron_isotopes_foster_2008.xlsx","boron isotopes",7,2008,"ODP 999_A____","ODP 999",,0.31,12.75,-78.73,0.0078,"Globigerinoides ruber (ss)","300-355","20.79,20.85","na : use published data from schmidt et al.",0.0600000000000023,264,20.82,0.25,,,28.3,,FALSE,TRUE,"boron_isotopes_foster_2008.xlsx",7,672,8
"boron_isotopes_foster_2008.xlsx","boron isotopes",8,2008,"ODP 999_A____","ODP 999",,0.31,12.75,-78.73,0.0078,"Globigerinoides ruber (ss)","300-355","20.71,20.73","na : use published data from schmidt et al.",0.0199999999999996,270,20.72,0.25,,,28.3,,FALSE,TRUE,"boron_isotopes_foster_2008.xlsx",8,673,9
"boron_isotopes_foster_2008.xlsx","boron isotopes",9,2008,"ODP 999_A____","ODP 999",,0.39,12.75,-78.73,0.0095,"Globigerinoides ruber (ss)","300-355","20.62,20.73","na : use published data from schmidt et al.",0.109999999999999,272,20.675,0.25,,,27.5,,FALSE,TRUE,"boron_isotopes_foster_2008.xlsx",9,674,10
"boron_isotopes_foster_2008.xlsx","boron isotopes",10,2008,"ODP 999_A____","ODP 999",,0.43,12.75,-78.73,0.0103,"Globigerinoides ruber (ss)","300-355","20.89,20.96","na : use published data from schmidt et al.",0.0700000000000003,259,20.925,0.25,,,27.5,,FALSE,TRUE,"boron_isotopes_foster_2008.xlsx",10,675,11
"boron_isotopes_foster_2008.xlsx","boron isotopes",11,2008,"ODP 999_A____","ODP 999",,0.48,12.75,-78.73,0.0117,"Globigerinoides ruber (ss)","300-355","20.68,20.76","na : use published data from schmidt et al.",0.0800000000000018,268,20.72,0.25,,,26.9,,FALSE,TRUE,"boron_isotopes_foster_2008.xlsx",11,676,12
"boron_isotopes_foster_2008.xlsx","boron isotopes",12,2008,"ODP 999_A____","ODP 999",,0.57,12.75,-78.73,0.014,"Globigerinoides ruber (ss)","300-355","20.88,21.07","na : use published data from schmidt et al.",0.190000000000001,258,20.975,0.25,,,27.3,,FALSE,TRUE,"boron_isotopes_foster_2008.xlsx",12,677,13
"boron_isotopes_foster_2008.xlsx","boron isotopes",13,2008,"ODP 999_A____","ODP 999",,0.61,12.75,-78.73,0.0151,"Globigerinoides ruber (ss)","300-355","20.95,21.08","na : use published data from schmidt et al.",0.129999999999999,258,21.015,0.25,,,27.4,,FALSE,TRUE,"boron_isotopes_foster_2008.xlsx",13,678,14
"boron_isotopes_foster_2008.xlsx","boron isotopes",14,2008,"ODP 999_A____","ODP 999",,0.61,12.75,-78.73,0.0151,"Globigerinoides ruber (ss)","300-355","21.09,21.21","na : use published data from schmidt et al.",0.120000000000001,251,21.15,0.25,,,27.4,,FALSE,TRUE,"boron_isotopes_foster_2008.xlsx",14,679,15
"boron_isotopes_foster_2008.xlsx","boron isotopes",15,2008,"ODP 999_A____","ODP 999",,0.71,12.75,-78.73,0.0173,"Globigerinoides ruber (ss)","300-355","21,21.09","na : use published data from schmidt et al.",0.0899999999999999,251,21.045,0.25,,,26.5,,FALSE,TRUE,"boron_isotopes_foster_2008.xlsx",15,680,16
"boron_isotopes_foster_2008.xlsx","boron isotopes",16,2008,"ODP 999_A____","ODP 999",,0.82,12.75,-78.73,0.0192,"Globigerinoides ruber (ss)","300-355","21.71,21.79","na : use published data from schmidt et al.",0.0799999999999983,210,21.75,0.25,,,26,,FALSE,TRUE,"boron_isotopes_foster_2008.xlsx",16,681,17
"boron_isotopes_foster_2008.xlsx","boron isotopes",17,2008,"ODP 999_A____","ODP 999",,0.03,12.75,-78.73,0.0211,"Globigerinoides ruber (ss)","300-355","21.13,21.24,21.31","na : use published data from schmidt et al.",0.104774890970011,235,21.2266666666667,0.25,,,25.7,,FALSE,TRUE,"boron_isotopes_foster_2008.xlsx",17,682,18
"boron_isotopes_foster_2008.xlsx","boron isotopes",18,2008,"ODP 999_A____","ODP 999",,1.02,12.75,-78.73,0.0225,"Globigerinoides ruber (ss)","300-355","21.15,21.37","na : use published data from schmidt et al.",0.220000000000002,239,21.26,0.25,,,26.4,,FALSE,TRUE,"boron_isotopes_foster_2008.xlsx",18,683,19
"boron_isotopes_foster_2008.xlsx","boron isotopes",19,2008,"ODP 999_A____","ODP 999",,1.13,12.75,-78.73,0.0248,"Globigerinoides ruber (ss)","300-355","21.43,21.59","na : use published data from schmidt et al.",0.16,223,21.51,0.25,,,26.2,,FALSE,TRUE,"boron_isotopes_foster_2008.xlsx",19,684,20
"boron_isotopes_foster_2008.xlsx","boron isotopes",20,2008,"ODP 999_A____","ODP 999",,1.2,12.75,-78.73,0.0263,"Globigerinoides ruber (ss)","300-355","21.55,21.7","na : use published data from schmidt et al.",0.149999999999999,215,21.625,0.25,,,26.1,,FALSE,TRUE,"boron_isotopes_foster_2008.xlsx",20,685,21
"boron_isotopes_foster_2008.xlsx","boron isotopes",21,2008,"ODP 999_A____","ODP 999",,1.2,12.75,-78.73,0.0263,"Globigerinoides ruber (ss)","300-355","21.59,21.8","na : use published data from schmidt et al.",0.210000000000001,212,21.695,0.25,,,26.1,,FALSE,TRUE,"boron_isotopes_foster_2008.xlsx",21,686,22
"boron_isotopes_foster_2008.xlsx","boron isotopes",22,2008,"ODP 999_A____","ODP 999",,1.72,12.75,-78.73,0.0369,"Globigerinoides ruber (ss)","300-355","21,21.24","na : use published data from schmidt et al.",0.239999999999998,240,21.12,0.25,,,26.3,,FALSE,TRUE,"boron_isotopes_foster_2008.xlsx",22,687,23
"boron_isotopes_foster_2008.xlsx","boron isotopes",23,2008,"ODP 999_A____","ODP 999",,2.13,12.75,-78.73,0.0471,"Globigerinoides ruber (ss)","300-355","21.21,21.24","na : use published data from schmidt et al.",0.0299999999999976,235,21.225,0.25,,,26.2,,FALSE,TRUE,"boron_isotopes_foster_2008.xlsx",23,688,24
"boron_isotopes_foster_2008.xlsx","boron isotopes",24,2008,"ODP 999_A____","ODP 999",,2.34,12.75,-78.73,0.0523,"Globigerinoides ruber (ss)","300-355","21.17,21.42","na : use published data from schmidt et al.",0.25,229,21.295,0.25,,,26.3,,FALSE,TRUE,"boron_isotopes_foster_2008.xlsx",24,689,25
"boron_isotopes_foster_2008.xlsx","boron isotopes",25,2008,"ODP 999_A____","ODP 999",,2.71,12.75,-78.73,0.0614,"Globigerinoides ruber (ss)","300-355","21.2,21.42","na : use published data from schmidt et al.",0.220000000000002,234,21.31,0.25,,,26.6,,FALSE,TRUE,"boron_isotopes_foster_2008.xlsx",25,690,26
"boron_isotopes_foster_2008.xlsx","boron isotopes",26,2008,"ODP 999_A____","ODP 999",,3.31,12.75,-78.73,0.0763,"Globigerinoides ruber (ss)","300-355","20.85,20.92","na : use published data from schmidt et al.",0.0700000000000003,247,20.885,0.25,,,26.6,,FALSE,TRUE,"boron_isotopes_foster_2008.xlsx",26,691,27
"boron_isotopes_foster_2008.xlsx","boron isotopes",27,2008,"ODP 999_A____","ODP 999",,3.56,12.75,-78.73,0.083,"Globigerinoides ruber (ss)","300-355","20.75,21.02","na : use published data from schmidt et al.",0.27,245,20.885,0.25,,,26.6,,FALSE,TRUE,"boron_isotopes_foster_2008.xlsx",27,692,28
"boron_isotopes_foster_2008.xlsx","boron isotopes",28,2008,"ODP 999_A____","ODP 999",,3.73,12.75,-78.73,0.0881,"Globigerinoides ruber (ss)","300-355","20.6,20.76","na : use published data from schmidt et al.",0.16,269,20.68,0.25,,,27.2,,FALSE,TRUE,"boron_isotopes_foster_2008.xlsx",28,693,29
"boron_isotopes_foster_2008.xlsx","boron isotopes",29,2008,"ODP 999_A____","ODP 999",,4.13,12.75,-78.73,0.0996,"Globigerinoides ruber (ss)","300-355","20.57,20.58","na : use published data from schmidt et al.",0.00999999999999801,271,20.575,0.25,,,27,,FALSE,TRUE,"boron_isotopes_foster_2008.xlsx",29,694,30
"boron_isotopes_foster_2008.xlsx","boron isotopes",30,2008,"ODP 999_A____","ODP 999",,4.335,12.75,-78.73,0.1045,"Globigerinoides ruber (ss)","300-355","20.67,20.85","na : use published data from schmidt et al.",0.18,253,20.76,0.25,,,26.7,,FALSE,TRUE,"boron_isotopes_foster_2008.xlsx",30,695,31
"boron_isotopes_foster_2008.xlsx","boron isotopes",31,2008,"ODP 999_A____","ODP 999",,4.74,12.75,-78.73,0.1142,"Globigerinoides ruber (ss)","300-355","20.26,20.35","na : use published data from schmidt et al.",0.0899999999999999,279,20.305,0.25,,,26.6,,FALSE,TRUE,"boron_isotopes_foster_2008.xlsx",31,696,32
"boron_isotopes_foster_2008.xlsx","boron isotopes",32,2008,"ODP 999_A____","ODP 999",,4.82,12.75,-78.73,0.1161,"Globigerinoides ruber (ss)","300-355","20.13,20.23","na : use published data from schmidt et al.",0.100000000000001,288,20.18,0.25,,,27.1,,FALSE,TRUE,"boron_isotopes_foster_2008.xlsx",32,697,33
"boron_isotopes_foster_2008.xlsx","boron isotopes",33,2008,"ODP 999_A____","ODP 999",,4.94,12.75,-78.73,0.1191,"Globigerinoides ruber (ss)","300-355","20,20.24","na : use published data from schmidt et al.",0.239999999999998,293,20.12,0.25,,,27.3,,FALSE,TRUE,"boron_isotopes_foster_2008.xlsx",33,698,34
"boron_isotopes_foster_2008.xlsx","boron isotopes",34,2008,"ODP 999_A____","ODP 999",,5.04,12.75,-78.73,0.1223,"Globigerinoides ruber (ss)","300-355","20.7,20.81","na : use published data from schmidt et al.",0.109999999999999,271,20.755,0.25,,,28.5,,FALSE,TRUE,"boron_isotopes_foster_2008.xlsx",34,699,35
"boron_isotopes_foster_2008.xlsx","boron isotopes",35,2008,"ODP 999_A____","ODP 999",,5.23,12.75,-78.73,0.131,"Globigerinoides ruber (ss)","300-355","20.64,20.7","na : use published data from schmidt et al.",0.0599999999999987,286,20.67,0.25,,,29.1,,FALSE,TRUE,"boron_isotopes_foster_2008.xlsx",35,700,36
"boron_isotopes_foster_2012.xlsx","boron isotopes",4,2012,"761_B_5_4_13_15","761",,37.3,-16.74,115.536,12.28,"Globigerinoides sacculifer","300-355","17.14,17.15",,0.00999999999999801,190,17.14,0.23,3.89,0.05835,30,"Note that air-sea disequilibrium in this study was acknowledged but not subtracted.",FALSE,TRUE,"boron_isotopes_foster_2012.xlsx",4,701,5
"boron_isotopes_foster_2012.xlsx","boron isotopes",5,2012,"761_B_5_4_123_125","761",,38.4,-16.74,115.536,12.72,"Globigerinoides sacculifer","300-355","16.5,16.73",,0.23,223,16.62,0.23,4,0.06,30.4,"Note that air-sea disequilibrium in this study was acknowledged but not subtracted.",FALSE,TRUE,"boron_isotopes_foster_2012.xlsx",5,702,6
"boron_isotopes_foster_2012.xlsx","boron isotopes",6,2012,"761_B_5_5_103_105","761",,39.7,-16.74,115.536,13.25,"Globigerinoides sacculifer","300-355","16.32,16.73",,0.00999999999999801,244,16.33,0.26,4.06,0.0609,30.5,"Note that air-sea disequilibrium in this study was acknowledged but not subtracted.",FALSE,TRUE,"boron_isotopes_foster_2012.xlsx",6,703,7
"boron_isotopes_foster_2012.xlsx","boron isotopes",7,2012,"761_B_5_6_8_10","761",,40.3,-16.74,115.536,13.48,"Globigerinoides sacculifer","300-355","16.3,16.42",,0.120000000000001,243,16.36,0.27,4.12,0.0618,30.7,"Note that air-sea disequilibrium in this study was acknowledged but not subtracted.",FALSE,TRUE,"boron_isotopes_foster_2012.xlsx",7,704,8
"boron_isotopes_foster_2012.xlsx","boron isotopes",8,2012,"761_B_5_6_68_70","761",,40.9,-16.74,115.536,13.72,"Globigerinoides sacculifer","300-355","16.42,16.43",,0.00999999999999801,240,16.43,0.27,4.2,0.063,30.9,"Note that air-sea disequilibrium in this study was acknowledged but not subtracted.",FALSE,TRUE,"boron_isotopes_foster_2012.xlsx",8,705,9
"boron_isotopes_foster_2012.xlsx","boron isotopes",9,2012,"761_B_5_6_98_100","761",,41.2,-16.74,115.536,13.83,"Globigerinoides sacculifer","300-355","16.25,16.26",,0.0100000000000016,257,16.25,0.28,4.44,0.0666,31.5,"Note that air-sea disequilibrium in this study was acknowledged but not subtracted.",FALSE,TRUE,"boron_isotopes_foster_2012.xlsx",9,706,10
"boron_isotopes_foster_2012.xlsx","boron isotopes",10,2012,"761_B_5_7_38_40","761",,42.1,-16.74,115.536,14.17,"Globigerinoides sacculifer","300-355","15.95,16.22",,0.27,268,16.09,0.32,4.3,0.0645,31.2,"Note that air-sea disequilibrium in this study was acknowledged but not subtracted.",FALSE,TRUE,"boron_isotopes_foster_2012.xlsx",10,707,11
"boron_isotopes_foster_2012.xlsx","boron isotopes",11,2012,"761_B_5_cc_23_25","761",,42.5,-16.74,115.536,14.31,"Globigerinoides sacculifer","300-355","15.85,16.07",,0.220000000000001,272,15.96,0.27,4.01,0.06015,30.4,"Note that air-sea disequilibrium in this study was acknowledged but not subtracted.",FALSE,TRUE,"boron_isotopes_foster_2012.xlsx",11,708,12
"boron_isotopes_foster_2012.xlsx","boron isotopes",12,2012,"761_B_6_1_133_135","761",,43.5,-16.74,115.536,14.8,"Globigerinoides sacculifer","300-355","14.91,15.18",,0.27,374,15.04,0.37,4.17,0.06255,30.8,"Note that air-sea disequilibrium in this study was acknowledged but not subtracted.",FALSE,TRUE,"boron_isotopes_foster_2012.xlsx",12,709,13
"boron_isotopes_foster_2012.xlsx","boron isotopes",13,2012,"761_B_6_2_63_65","761",,44.3,-16.74,115.536,15.04,"Globigerinoides sacculifer","300-355","15.05,15.62",,0.569999999999999,332,15.34,0.4,3.94,0.0591,30.2,"Note that air-sea disequilibrium in this study was acknowledged but not subtracted.",FALSE,TRUE,"boron_isotopes_foster_2012.xlsx",13,710,14
"boron_isotopes_foster_2012.xlsx","boron isotopes",14,2012,"761_B_6_3_103_105","761",,46.2,-16.74,115.536,15.56,"Globigerinoides sacculifer","300-355","15.75,15.93",,0.18,298,15.84,0.29,4.69,0.07035,32.1,"Note that air-sea disequilibrium in this study was acknowledged but not subtracted.",FALSE,TRUE,"boron_isotopes_foster_2012.xlsx",14,711,15
"boron_isotopes_foster_2012.xlsx","boron isotopes",15,2012,"761_B_6_4_68_70","761",,47.4,-16.74,115.536,15.87,"Globigerinoides sacculifer","300-355","14.63,15.37",,0.739999999999998,392,15,0.41,4.59,0.06885,31.9,"Note that air-sea disequilibrium in this study was acknowledged but not subtracted.",FALSE,TRUE,"boron_isotopes_foster_2012.xlsx",15,712,16
"boron_isotopes_foster_2012.xlsx","boron isotopes",16,2012,"761_B_6_5_93_95","761",,49.1,-16.74,115.536,16.38,"Globigerinoides sacculifer","300-355","16.47,16.81",,0.34,225,16.64,0.26,4.19,0.06285,30.9,"Note that air-sea disequilibrium in this study was acknowledged but not subtracted.",FALSE,TRUE,"boron_isotopes_foster_2012.xlsx",16,713,17
"boron_isotopes_foster_2012.xlsx","boron isotopes",17,2012,"926_A_26_5_30_32","926",,238.3,-16.74,115.536,11.8,"Globigerinoides sacculifer","300-355","16.02,16.16",,0.140000000000001,247,16.09,0.23,3.39,0.05085,28.5,"Note that air-sea disequilibrium in this study was acknowledged but not subtracted.",FALSE,TRUE,"boron_isotopes_foster_2012.xlsx",17,714,18
"boron_isotopes_foster_2012.xlsx","boron isotopes",18,2012,"926_A_29_5_31_33","926",,266.8,-16.74,115.536,13.6,"Globigerinoides sacculifer","300-355","16.32,16.51",,0.190000000000001,232,16.42,0.23,3.77,0.05655,29.7,"Note that air-sea disequilibrium in this study was acknowledged but not subtracted.",FALSE,TRUE,"boron_isotopes_foster_2012.xlsx",18,715,19
"boron_isotopes_foster_2012.xlsx","boron isotopes",19,2012,"926_A_32_2_30_32","926",,290.8,-16.74,115.536,14.94,"Globigerinoides sacculifer","300-355","15.18,15.31",,0.130000000000001,346,15.24,0.23,4.05,0.06075,30.5,"Note that air-sea disequilibrium in this study was acknowledged but not subtracted.",FALSE,TRUE,"boron_isotopes_foster_2012.xlsx",19,716,20
"boron_isotopes_greenop_2014.xlsx","boron isotopes",4,2014,"761_B_6_3_96_98","761",,47.06,-16.73972222,115.53611111,15.5413446057536,"T. trilobus","300-355","15.9652781424288",,,299.777250799995,15.9652781424288,0.378484679170985,4.73489462331075,0.0710234193496612,32.2980922797213,"These CO2 estimates are updated in Sosdian et al. (2018). Note that air-sea disequilibrium in this study was acknowledged but not subtracted.",FALSE,TRUE,"boron_isotopes_greenop_2014.xlsx",4,717,5
"boron_isotopes_greenop_2014.xlsx","boron isotopes",5,2014,"761_B_6_3_118_120","761",,47.28,-16.73972222,115.53611111,15.5995538285503,"T. trilobus","300-355","14.57,15.11",,0.543425664934682,441.650046556728,14.8405450380163,0.305168135200385,4.34733376011268,0.0652100064016902,31.5379428396836,"These CO2 estimates are updated in Sosdian et al. (2018). Note that air-sea disequilibrium in this study was acknowledged but not subtracted.",FALSE,TRUE,"boron_isotopes_greenop_2014.xlsx",5,718,6
"boron_isotopes_greenop_2014.xlsx","boron isotopes",6,2014,"761_B_6_3_123_125","761",,47.33,-16.73972222,115.53611111,15.6127704814786,"T. trilobus","300-355","14.58,14.86",,0.280355590721774,468.559095825936,14.7173752455625,0.243752928708609,4.49931338886506,0.067489700832976,31.8134769057121,"These CO2 estimates are updated in Sosdian et al. (2018). Note that air-sea disequilibrium in this study was acknowledged but not subtracted.",FALSE,TRUE,"boron_isotopes_greenop_2014.xlsx",6,719,7
"boron_isotopes_greenop_2014.xlsx","boron isotopes",7,2014,"761_B_6_3_128_130","761",,47.38,-16.73972222,115.53611111,15.6259863059728,"T. trilobus","300-355","15.5,15.83",,0.335408420958911,329.842066611661,15.6630910444936,0.313023523568078,4.6850790319506,0.0702761854792589,32.0857306879516,"These CO2 estimates are updated in Sosdian et al. (2018). Note that air-sea disequilibrium in this study was acknowledged but not subtracted.",FALSE,TRUE,"boron_isotopes_greenop_2014.xlsx",7,720,8
"boron_isotopes_greenop_2014.xlsx","boron isotopes",8,2014,"761_B_6_3_138_140","761",,47.48,-16.73972222,115.53611111,15.652422949722,"T. trilobus","300-355","15.98,16.08",,0.0963824566994997,293.964065125516,16.0278727479526,0.398571600209417,4.65412716970188,0.0698119075455282,32.2532033797157,"These CO2 estimates are updated in Sosdian et al. (2018). Note that air-sea disequilibrium in this study was acknowledged but not subtracted.",FALSE,TRUE,"boron_isotopes_greenop_2014.xlsx",8,721,9
"boron_isotopes_greenop_2014.xlsx","boron isotopes",9,2014,"761_B_6_4_3_5","761",,47.63,-16.73972222,115.53611111,15.6921190865328,"T. trilobus","300-355","15.85,16.38",,0.535706797686522,287.235634240388,16.1149262466334,0.700551593057132,4.73510645138205,0.0710265967707307,32.3663941903116,"These CO2 estimates are updated in Sosdian et al. (2018). Note that air-sea disequilibrium in this study was acknowledged but not subtracted.",FALSE,TRUE,"boron_isotopes_greenop_2014.xlsx",9,722,10
"boron_isotopes_greenop_2014.xlsx","boron isotopes",10,2014,"761_B_6_4_13_15","761",,47.73,-16.73972222,115.53611111,15.7186334988088,"T. trilobus","300-355","14.12,15.03",,0.911861447699975,505.284381660669,14.5753939142522,0.940467894386078,4.35726991767071,0.0653590487650607,31.4436880969964,"These CO2 estimates are updated in Sosdian et al. (2018). Note that air-sea disequilibrium in this study was acknowledged but not subtracted.",FALSE,TRUE,"boron_isotopes_greenop_2014.xlsx",10,723,11
"boron_isotopes_greenop_2014.xlsx","boron isotopes",11,2014,"761_B_6_4_28_30","761",,47.88,-16.73972222,115.53611111,15.7585210184465,"T. trilobus","300-355","16.01,16.05",,0.039901744612262,290.820461851115,16.0297388294896,0.583178383626603,4.54470448021421,0.0681705672032132,31.9235863834512,"These CO2 estimates are updated in Sosdian et al. (2018). Note that air-sea disequilibrium in this study was acknowledged but not subtracted.",FALSE,TRUE,"boron_isotopes_greenop_2014.xlsx",11,724,12
"boron_isotopes_greenop_2014.xlsx","boron isotopes",12,2014,"761_B_6_4_33_35","761",,47.93,-16.73972222,115.53611111,15.7718560666336,"T. trilobus","300-355","15.65,15.86",,0.210375872451371,315.216692436851,15.755682080859,0.644899301142681,4.28673055646119,0.0643009583469178,31.3984495142149,"These CO2 estimates are updated in Sosdian et al. (2018). Note that air-sea disequilibrium in this study was acknowledged but not subtracted.",FALSE,TRUE,"boron_isotopes_greenop_2014.xlsx",12,725,13
"boron_isotopes_greenop_2014.xlsx","boron isotopes",13,2014,"761_B_6_4_46_48","761",,48.06,-16.73972222,115.53611111,15.8066408416427,"T. trilobus","300-355","14.4,14.54",,0.138332229408565,519.617745721717,14.4723166935077,0.405548301697548,4.4020819889492,0.0660312298342381,31.7254428946786,"These CO2 estimates are updated in Sosdian et al. (2018). Note that air-sea disequilibrium in this study was acknowledged but not subtracted.",FALSE,TRUE,"boron_isotopes_greenop_2014.xlsx",13,726,14
"boron_isotopes_greenop_2014.xlsx","boron isotopes",14,2014,"761_B_6_4_58_60","761",,48.18,-16.73972222,115.53611111,15.8389217488025,"T. trilobus","300-355","14.93,14.93",,0.000244351141384769,435.351543590688,14.9279510771185,0.413349220343581,4.56370642396341,0.0684555963594511,32.1598323495032,"These CO2 estimates are updated in Sosdian et al. (2018). Note that air-sea disequilibrium in this study was acknowledged but not subtracted.",FALSE,TRUE,"boron_isotopes_greenop_2014.xlsx",14,727,15
"boron_isotopes_greenop_2014.xlsx","boron isotopes",15,2014,"761_B_6_4_78_80","761",,48.38,-16.73972222,115.53611111,15.893176039366,"T. trilobus","300-355","16.04,16.27",,0.224201611100057,281.024530848585,16.154889737811,0.334509077232755,4.71361392229467,0.0707042088344201,32.2662757785331,"These CO2 estimates are updated in Sosdian et al. (2018). Note that air-sea disequilibrium in this study was acknowledged but not subtracted.",FALSE,TRUE,"boron_isotopes_greenop_2014.xlsx",15,728,16
"boron_isotopes_greenop_2014.xlsx","boron isotopes",16,2014,"761_B_6_4_100_102","761",,48.6,-16.73972222,115.53611111,15.9536639968479,"T. trilobus","300-355","15.51,16.6",,1.08890310290112,291.321928856233,16.0518795281764,0.910702948479731,4.46807809390241,0.0670211714085362,31.7599996880854,"These CO2 estimates are updated in Sosdian et al. (2018). Note that air-sea disequilibrium in this study was acknowledged but not subtracted.",FALSE,TRUE,"boron_isotopes_greenop_2014.xlsx",16,729,17
"boron_isotopes_greenop_2014.xlsx","boron isotopes",17,2014,"761_B_6_4_103_105","761",,48.63,-16.73972222,115.53611111,15.9619887213555,"T. trilobus","300-355","15.62,15.95",,0.328594045336956,318.058915625338,15.7841230467331,0.393600051391883,4.644485346,0.06966728019,32.2766596117521,"These CO2 estimates are updated in Sosdian et al. (2018). Note that air-sea disequilibrium in this study was acknowledged but not subtracted.",FALSE,TRUE,"boron_isotopes_greenop_2014.xlsx",17,730,18
"boron_isotopes_greenop_2014.xlsx","boron isotopes",18,2014,"761_B_6_4_108_110","761",,48.68,-16.73972222,115.53611111,15.9759079143261,"T. trilobus","300-355","14.17,14.24",,0.0767937938057095,594.500256390705,14.2044907379798,0.240601803993768,4.74588012911507,0.0711882019367261,32.4093524978604,"These CO2 estimates are updated in Sosdian et al. (2018). Note that air-sea disequilibrium in this study was acknowledged but not subtracted.",FALSE,TRUE,"boron_isotopes_greenop_2014.xlsx",18,731,19
"boron_isotopes_greenop_2014.xlsx","boron isotopes",19,2014,"761_B_6_4_113_115","761",,48.73,-16.73972222,115.53611111,15.9898850845291,"T. trilobus","300-355","15.67,15.86",,0.185461617905505,322.456495262965,15.7645466003851,0.40780331782587,4.77293947290578,0.0715940920935867,32.5104474402613,"These CO2 estimates are updated in Sosdian et al. (2018). Note that air-sea disequilibrium in this study was acknowledged but not subtracted.",FALSE,TRUE,"boron_isotopes_greenop_2014.xlsx",19,732,20
"boron_isotopes_greenop_2014.xlsx","boron isotopes",20,2014,"761_B_6_4_138_140","761",,48.98,-16.73972222,115.53611111,16.0607295037388,"T. trilobus","300-355","15.97,16.01",,0.0417517089237212,292.610099164982,15.9875557686831,0.355309119218191,4.41799876673777,0.0662699815010666,31.7113972098905,"These CO2 estimates are updated in Sosdian et al. (2018). Note that air-sea disequilibrium in this study was acknowledged but not subtracted.",FALSE,TRUE,"boron_isotopes_greenop_2014.xlsx",20,733,21
"boron_isotopes_greenop_2014.xlsx","boron isotopes",21,2014,"761_B_6_5_8_10","761",,49.18,-16.73972222,115.53611111,16.1187117246145,"T. trilobus","300-355","14.6,15.52",,0.920040791879059,405.703262889476,15.0588720430453,0.626935301999861,4.26263413952423,0.0639395120928634,31.3594411379995,"These CO2 estimates are updated in Sosdian et al. (2018). Note that air-sea disequilibrium in this study was acknowledged but not subtracted.",FALSE,TRUE,"boron_isotopes_greenop_2014.xlsx",21,734,22
"boron_isotopes_greenop_2014.xlsx","boron isotopes",22,2014,"761_B_6_5_18_20","761",,49.28,-16.73972222,115.53611111,16.1481973390996,"T. trilobus","300-355","15.75,15.98",,0.223687535894035,308.769357244187,15.8655117603322,0.293832086512352,4.66207977902118,0.0699311966853177,32.2643067092607,"These CO2 estimates are updated in Sosdian et al. (2018). Note that air-sea disequilibrium in this study was acknowledged but not subtracted.",FALSE,TRUE,"boron_isotopes_greenop_2014.xlsx",22,735,23
"boron_isotopes_greenop_2014.xlsx","boron isotopes",23,2014,"761_B_6_5_28_30","761",,49.38,-16.73972222,115.53611111,16.1780420384073,"T. trilobus","300-355","15.96,16.28",,0.316637549302227,270.817311587229,16.1175587696511,0.32718978573033,3.993031124,0.05989546686,30.5945562697474,"These CO2 estimates are updated in Sosdian et al. (2018). Note that air-sea disequilibrium in this study was acknowledged but not subtracted.",FALSE,TRUE,"boron_isotopes_greenop_2014.xlsx",23,736,24
"boron_isotopes_greenop_2014.xlsx","boron isotopes",24,2014,"761_B_6_5_38_40","761",,49.48,-16.73972222,115.53611111,16.2082683669835,"T. trilobus","300-355","16.35,16.77",,0.419668159123468,236.08693345997,16.5601882044003,0.689746628788375,3.96900348078908,0.0595350522118361,30.5955582410291,"These CO2 estimates are updated in Sosdian et al. (2018). Note that air-sea disequilibrium in this study was acknowledged but not subtracted.",FALSE,TRUE,"boron_isotopes_greenop_2014.xlsx",24,737,25
"boron_isotopes_greenop_2014.xlsx","boron isotopes",25,2014,"761_B_6_5_48_50","761",,49.58,-16.73972222,115.53611111,16.238899256133,"T. trilobus","300-355","14.34,14.87",,0.531230452135254,476.521337406888,14.6036004710947,0.645909261597068,3.96986715895971,0.0595480073843956,30.4246629998839,"These CO2 estimates are updated in Sosdian et al. (2018). Note that air-sea disequilibrium in this study was acknowledged but not subtracted.",FALSE,TRUE,"boron_isotopes_greenop_2014.xlsx",25,738,26
"boron_isotopes_greenop_2014.xlsx","boron isotopes",26,2014,"761_B_6_5_58_60","761",,49.68,-16.73972222,115.53611111,16.2699580233698,"T. trilobus","300-355","16.03,16.09",,0.0580789095730658,277.523733318619,16.0626950984116,0.232253421443158,4.07529937633271,0.0611294906449906,30.7889162919132,"These CO2 estimates are updated in Sosdian et al. (2018). Note that air-sea disequilibrium in this study was acknowledged but not subtracted.",FALSE,TRUE,"boron_isotopes_greenop_2014.xlsx",26,739,27
"boron_isotopes_greenop_2014.xlsx","boron isotopes",27,2014,"761_B_6_5_68_70","761",,49.78,-16.73972222,115.53611111,16.301468372819,"T. trilobus","300-355","14.66,14.66",,0.00138920823936495,466.845388821123,14.6591899457136,0.22232491546771,4.13523929078973,0.0620285893618459,31.0150344768904,"These CO2 estimates are updated in Sosdian et al. (2018). Note that air-sea disequilibrium in this study was acknowledged but not subtracted.",FALSE,TRUE,"boron_isotopes_greenop_2014.xlsx",27,740,28
"boron_isotopes_greenop_2014.xlsx","boron isotopes",28,2014,"761_B_6_5_78_80","761",,49.88,-16.73972222,115.53611111,16.3334543948001,"T. trilobus","300-355","16.11,16.38",,0.269444840601032,262.182847798264,16.2476553159885,0.247047579176864,4.05862983675319,0.0608794475512979,30.9159316969807,"These CO2 estimates are updated in Sosdian et al. (2018). Note that air-sea disequilibrium in this study was acknowledged but not subtracted.",FALSE,TRUE,"boron_isotopes_greenop_2014.xlsx",28,741,29
"boron_isotopes_greenop_2014.xlsx","boron isotopes",29,2014,"761_B_6_5_88_90","761",,49.98,-16.73972222,115.53611111,16.3659405665142,"T. trilobus","300-355","14.51",,,502.216173312484,14.5059651331489,0.267741386641729,4.19113517489419,0.0628670276234128,31.1487204814659,"These CO2 estimates are updated in Sosdian et al. (2018). Note that air-sea disequilibrium in this study was acknowledged but not subtracted.",FALSE,TRUE,"boron_isotopes_greenop_2014.xlsx",29,742,30
"boron_isotopes_greenop_2014.xlsx","boron isotopes",30,2014,"761_B_6_5_98_100","761",,50.08,-16.73972222,115.53611111,16.3989517513654,"T. trilobus","300-355","14.9",,,430.211144895633,14.8993972218316,0.279188199842136,4.30318513683387,0.0645477770525081,31.5133642712409,"These CO2 estimates are updated in Sosdian et al. (2018). Note that air-sea disequilibrium in this study was acknowledged but not subtracted.",FALSE,TRUE,"boron_isotopes_greenop_2014.xlsx",30,743,31
"boron_isotopes_greenop_2014.xlsx","boron isotopes",31,2014,"761_B_6_5_103_105","761",,50.13,-16.73972222,115.53611111,16.4156620992969,"T. trilobus","300-355","16.8,16.81",,0.00554596943269203,221.479331476032,16.8041124449558,0.236314480755533,4.25468249046552,0.0638202373569828,31.2617300871353,"These CO2 estimates are updated in Sosdian et al. (2018). Note that air-sea disequilibrium in this study was acknowledged but not subtracted.",FALSE,TRUE,"boron_isotopes_greenop_2014.xlsx",31,744,32
"boron_isotopes_greenop_2014.xlsx","boron isotopes",32,2014,"761_B_6_5_118_120","761",,50.28,-16.73972222,115.53611111,16.4666505467096,"T. trilobus","300-355","13.94,14.9",,0.95743307530096,531.661509850468,14.4224299209204,0.82949760961758,4.14881527947265,0.0622322291920898,31.1423099814067,"These CO2 estimates are updated in Sosdian et al. (2018). Note that air-sea disequilibrium in this study was acknowledged but not subtracted.",FALSE,TRUE,"boron_isotopes_greenop_2014.xlsx",32,745,33
"boron_isotopes_greenop_2014.xlsx","boron isotopes",33,2014,"761_B_6_6_3_5","761",,50.63,-16.73972222,115.53611111,16.5910456638765,"T. trilobus","300-355","16.14,16.26",,0.118606608692229,270.850099869093,16.1983467483682,0.245136368948499,4.25750848462897,0.0638626272694345,31.4513548047105,"These CO2 estimates are updated in Sosdian et al. (2018). Note that air-sea disequilibrium in this study was acknowledged but not subtracted.",FALSE,TRUE,"boron_isotopes_greenop_2014.xlsx",33,746,34
"boron_isotopes_greenop_2014.xlsx","boron isotopes",34,2014,"761_B_6_6_18_20","761",,50.78,-16.73972222,115.53611111,16.6469001037533,"T. trilobus","300-355","16.61,16.66",,0.0501019724403875,241.503091671945,16.6316738262009,0.258326827926382,4.69805959754617,0.0704708939631926,32.3488529600072,"These CO2 estimates are updated in Sosdian et al. (2018). Note that air-sea disequilibrium in this study was acknowledged but not subtracted.",FALSE,TRUE,"boron_isotopes_greenop_2014.xlsx",34,747,35
"boron_isotopes_greenop_2014.xlsx","boron isotopes",35,2014,"761_B_6_6_28_30","761",,50.88,-16.73972222,115.53611111,16.6850528552325,"T. trilobus","300-355","16.62,16.75",,0.136556863228673,235.949108180735,16.6852946648981,0.5165196244343,4.37942781399762,0.0656914172099644,31.822928879707,"These CO2 estimates are updated in Sosdian et al. (2018). Note that air-sea disequilibrium in this study was acknowledged but not subtracted.",FALSE,TRUE,"boron_isotopes_greenop_2014.xlsx",35,748,36
"boron_isotopes_greenop_2014.xlsx","boron isotopes",36,2014,"761_B_6_6_48_50","761",,51.08,-16.73972222,115.53611111,16.7636856131901,"T. trilobus","300-355","15.5,15.68",,0.185260818625336,338.069005456867,15.5891468765177,0.382858871977545,4.40658629756707,0.0660987944635061,31.84298081728,"These CO2 estimates are updated in Sosdian et al. (2018). Note that air-sea disequilibrium in this study was acknowledged but not subtracted.",FALSE,TRUE,"boron_isotopes_greenop_2014.xlsx",36,749,37
"boron_isotopes_greenop_2014.xlsx","boron isotopes",37,2014,"761_B_6_6_98_100","761",,51.58,-16.73972222,115.53611111,16.9752108641057,"T. trilobus","300-355","16.94,17.07",,0.128890263371268,206.541112799473,17.00080167325,0.655511824621284,3.95703813528087,0.0593555720292131,30.6158208760917,"These CO2 estimates are updated in Sosdian et al. (2018). Note that air-sea disequilibrium in this study was acknowledged but not subtracted.",FALSE,TRUE,"boron_isotopes_greenop_2014.xlsx",37,750,38
"boron_isotopes_greenop_2014.xlsx","boron isotopes",38,2014,"761_B_6_6_128_130","761",,51.88,-16.73972222,115.53611111,17.1135877151835,"T. trilobus","300-355","16.33,16.39",,0.062810012919325,252.146932330475,16.3587137792738,0.308745765310121,4.03274714841298,0.0604912072261947,30.8814093455232,"These CO2 estimates are updated in Sosdian et al. (2018). Note that air-sea disequilibrium in this study was acknowledged but not subtracted.",FALSE,TRUE,"boron_isotopes_greenop_2014.xlsx",38,751,39
"boron_isotopes_greenop_2019.xlsx","boron isotopes",4,2019,"ODP 926_B_47_5_137.5_139.5","ODP 926",,469.585,3.71,-42.9,22.022,"G. praebulloides","250-300","17.09,17.1",,0.0100000000000016,277.7222,17.0970854583452,0.586458146924898,3.56367372164101,,27.414238837943,"DIC quoted here is the integrated range of DIC used in the paper across three possible DIC scenarios",FALSE,TRUE,"boron_isotopes_greenop_2019.xlsx",4,752,5
"boron_isotopes_greenop_2019.xlsx","boron isotopes",5,2019,"ODP 926_B_48_2_47_49","ODP 926",,473.88,3.71,-42.9,22.161,"G. praebulloides","250-300","15.65,15.68",,0.0299999999999994,393.0894,15.6668045776164,0.44966505174767,2.8582966500664,,24.9792498204392,"DIC quoted here is the integrated range of DIC used in the paper across three possible DIC scenarios",FALSE,TRUE,"boron_isotopes_greenop_2019.xlsx",5,753,6
"boron_isotopes_greenop_2019.xlsx","boron isotopes",6,2019,"ODP 926_B_49_1_43.5_46","ODP 926",,481.945,3.71,-42.9,22.442,"G. praebulloides","250-300","15.86,15.91",,0.0500000000000007,380.9478,15.8865841819008,0.246462385896674,3.21623150365438,,26.322094120425,"DIC quoted here is the integrated range of DIC used in the paper across three possible DIC scenarios",FALSE,TRUE,"boron_isotopes_greenop_2019.xlsx",6,754,7
"boron_isotopes_greenop_2019.xlsx","boron isotopes",7,2019,"ODP 926_B_49_2_97_99.5","ODP 926",,483.98,3.71,-42.9,22.51,"G. praebulloides","250-300","16.4,16.7",,0.300000000000001,315.8377,16.5494769736112,0.261685055980634,3.36327628739871,,26.8264737967854,"DIC quoted here is the integrated range of DIC used in the paper across three possible DIC scenarios",FALSE,TRUE,"boron_isotopes_greenop_2019.xlsx",7,755,8
"boron_isotopes_greenop_2019.xlsx","boron isotopes",8,2019,"ODP 926_B_49_2_124_126.5","ODP 926",,484.25,3.71,-42.9,22.521,"G. praebulloides","250-300","15.86,16.14",,0.280000000000001,371.1074,15.9998681157267,0.27796508813921,3.33858818125,,26.7458173424147,"DIC quoted here is the integrated range of DIC used in the paper across three possible DIC scenarios",FALSE,TRUE,"boron_isotopes_greenop_2019.xlsx",8,756,9
"boron_isotopes_greenop_2019.xlsx","boron isotopes",9,2019,"ODP 926_B_49_3_127_130","ODP 926",,485.78,3.71,-42.9,22.58,"G. praebulloides","250-300","15.86,16.17",,0.310000000000002,367.2104,16.0151610113912,0.236430505281325,3.29193649122317,,26.5962573947873,"δ11B previously published in Greenop et al., (2017); DIC quoted here is the integrated range of DIC used in the paper across three possible DIC scenarios",FALSE,TRUE,"boron_isotopes_greenop_2019.xlsx",9,757,10
"boron_isotopes_greenop_2019.xlsx","boron isotopes",10,2019,"ODP 926_B_49_4_20_24","ODP 926",,486.21,3.71,-42.9,22.589,"G. praebulloides","250-300","16.59,16.73",,0.140000000000001,291.6502,16.6608875392239,0.229512182791445,2.9681330031102,,25.4467575906512,"DIC quoted here is the integrated range of DIC used in the paper across three possible DIC scenarios",FALSE,TRUE,"boron_isotopes_greenop_2019.xlsx",10,758,11
"boron_isotopes_greenop_2019.xlsx","boron isotopes",11,2019,"ODP 926_B_49_5_63_65","ODP 926",,488.14,3.71,-42.9,22.661,"G. praebulloides","250-300","16.19,16.45",,0.259999999999998,315.9129,16.3227301314247,0.305654412206028,2.8080878431024,,24.8390672214002,"DIC quoted here is the integrated range of DIC used in the paper across three possible DIC scenarios",FALSE,TRUE,"boron_isotopes_greenop_2019.xlsx",11,759,12
"boron_isotopes_greenop_2019.xlsx","boron isotopes",12,2019,"ODP 926_B_49_5_91_93.5","ODP 926",,488.42,3.71,-42.9,22.673,"G. praebulloides","250-300","16.05,16.06",,0.00999999999999801,348.8526,16.0522869859221,0.457566649856943,2.91905963375594,,25.2709911211916,"DIC quoted here is the integrated range of DIC used in the paper across three possible DIC scenarios",FALSE,TRUE,"boron_isotopes_greenop_2019.xlsx",12,760,13
"boron_isotopes_greenop_2019.xlsx","boron isotopes",13,2019,"ODP 926_B_49_5_147_149","ODP 926",,488.98,3.71,-42.9,22.696,"G. praebulloides","250-300","16.66,16.9",,0.239999999999998,290.1351,16.7786887941934,0.284420201548698,3.34889076025,,26.7999422795852,"DIC quoted here is the integrated range of DIC used in the paper across three possible DIC scenarios",FALSE,TRUE,"boron_isotopes_greenop_2019.xlsx",13,761,14
"boron_isotopes_greenop_2019.xlsx","boron isotopes",14,2019,"ODP 926_B_49_6_76.5_79","ODP 926",,489.775,3.71,-42.9,22.728,"G. praebulloides","250-300","17.52,17.79",,0.27,229.1653,17.6535341782934,0.265742090743503,3.33738421665489,,26.7653225488324,"DIC quoted here is the integrated range of DIC used in the paper across three possible DIC scenarios",FALSE,TRUE,"boron_isotopes_greenop_2019.xlsx",14,762,15
"boron_isotopes_greenop_2019.xlsx","boron isotopes",15,2019,"ODP 926_B_49_cc_9_12","ODP 926",,489.99,3.71,-42.9,22.736,"G. praebulloides","250-300","16.83,17.16",,0.330000000000002,271.6227,16.9947952507351,0.249122632168157,3.2932928489788,,26.6185128963301,"DIC quoted here is the integrated range of DIC used in the paper across three possible DIC scenarios",FALSE,TRUE,"boron_isotopes_greenop_2019.xlsx",15,763,16
"boron_isotopes_greenop_2019.xlsx","boron isotopes",16,2019,"ODP 926_B_50_1_65_69","ODP 926",,491.86,3.71,-42.9,22.81,"G. praebulloides","250-300","17.63,17.69",,0.0600000000000023,228.0061,17.6607977148072,0.248479797340691,3.32465790311495,,26.7322540094279,"DIC quoted here is the integrated range of DIC used in the paper across three possible DIC scenarios",FALSE,TRUE,"boron_isotopes_greenop_2019.xlsx",16,764,17
"boron_isotopes_greenop_2019.xlsx","boron isotopes",17,2019,"ODP 926_B_50_1_70_73","ODP 926",,491.91,3.71,-42.9,22.815,"G. praebulloides","250-300","17.38,17.69",,0.310000000000002,233.1477,17.5337855679814,0.248623556817279,3.19341863282127,,26.2853318029083,"DIC quoted here is the integrated range of DIC used in the paper across three possible DIC scenarios",FALSE,TRUE,"boron_isotopes_greenop_2019.xlsx",17,765,18
"boron_isotopes_greenop_2019.xlsx","boron isotopes",18,2019,"ODP 926_B_50_1_94_99","ODP 926",,492.15,3.71,-42.9,22.82,"G. praebulloides","250-300","17.24,17.34",,0.100000000000001,250.5922,17.2936920537,0.255237330172703,3.31528494081196,,26.7019984343474,"DIC quoted here is the integrated range of DIC used in the paper across three possible DIC scenarios",FALSE,TRUE,"boron_isotopes_greenop_2019.xlsx",18,766,19
"boron_isotopes_greenop_2019.xlsx","boron isotopes",19,2019,"ODP 926_B_50_2_29_32","ODP 926",,493,3.71,-42.9,22.872,"G. praebulloides","250-300","16.17,16.21",,0.0399999999999991,346.6786,16.188016448533,0.253602857511958,3.39935794199756,,26.9861034495535,"DIC quoted here is the integrated range of DIC used in the paper across three possible DIC scenarios",FALSE,TRUE,"boron_isotopes_greenop_2019.xlsx",19,767,20
"boron_isotopes_greenop_2019.xlsx","boron isotopes",20,2019,"ODP 926_B_50_2_130_133","ODP 926",,494.01,3.71,-42.9,22.895,"G. praebulloides","250-300","16.62,16.74",,0.119999999999997,300.4505,16.6798835478215,0.277328134185239,3.4221336527833,,27.0629384883522,"DIC quoted here is the integrated range of DIC used in the paper across three possible DIC scenarios",FALSE,TRUE,"boron_isotopes_greenop_2019.xlsx",20,768,21
"boron_isotopes_greenop_2019.xlsx","boron isotopes",21,2019,"ODP 926_B_50_3_17_20","ODP 926",,494.38,3.71,-42.9,22.939,"G. praebulloides","250-300","17.18,17.27",,0.0899999999999999,252.8301,17.2277387615617,0.338649561854121,3.23232558947274,,26.4339443403602,"DIC quoted here is the integrated range of DIC used in the paper across three possible DIC scenarios",FALSE,TRUE,"boron_isotopes_greenop_2019.xlsx",21,769,22
"boron_isotopes_greenop_2019.xlsx","boron isotopes",22,2019,"ODP 926_B_50_4_14_19","ODP 926",,495.85,3.71,-42.9,22.968,"G. praebulloides","250-300","17.39,17.6",,0.210000000000001,237.6419,17.4960756681313,0.242160530000556,3.30197079738105,,26.6740664844938,"δ11B previously published in Greenop et al., (2017); DIC quoted here is the integrated range of DIC used in the paper across three possible DIC scenarios",FALSE,TRUE,"boron_isotopes_greenop_2019.xlsx",22,770,23
"boron_isotopes_greenop_2019.xlsx","boron isotopes",23,2019,"ODP 926_B_50_4_125_130","ODP 926",,496.96,3.71,-42.9,23.008,"G. praebulloides","250-300","17.07,17.44",,0.370000000000001,248.2476,17.2560926240764,0.160626146739505,3.14730705259494,,26.1455756466194,"DIC quoted here is the integrated range of DIC used in the paper across three possible DIC scenarios",FALSE,TRUE,"boron_isotopes_greenop_2019.xlsx",23,771,24
"boron_isotopes_greenop_2019.xlsx","boron isotopes",24,2019,"ODP 926_B_50_4_88_90","ODP 926",,496.59,3.71,-42.9,23.023,"G. praebulloides","250-300","17.04,17.14",,0.100000000000001,261.2776,17.0905443576706,0.353746432764945,3.19272557418793,,26.3064457222986,"DIC quoted here is the integrated range of DIC used in the paper across three possible DIC scenarios",FALSE,TRUE,"boron_isotopes_greenop_2019.xlsx",24,772,25
"boron_isotopes_greenop_2019.xlsx","boron isotopes",43,2019,"ODP 872_C_13_4_20_22","ODP 872",,110,10.1,162.87,21.16732075,"T. trilobus","300-350","16.63,16.68",,0.0500000000000007,335.9421,16.6553386622114,0.248765002131439,4.4524375655714,,29.92866,"DIC quoted here is the integrated range of DIC used in the paper across three possible DIC scenarios",FALSE,TRUE,"boron_isotopes_greenop_2019.xlsx",43,773,26
"boron_isotopes_greenop_2019.xlsx","boron isotopes",44,2019,"ODP 872_C_13_6_20_22","ODP 872",,112.64,10.1,162.87,21.39607544,"T. trilobus","300-350","17.11,17.23",,0.120000000000001,299.9948,17.1684652566843,0.251175708814187,4.89363874858399,,31.10124,"DIC quoted here is the integrated range of DIC used in the paper across three possible DIC scenarios",FALSE,TRUE,"boron_isotopes_greenop_2019.xlsx",44,774,27
"boron_isotopes_greenop_2019.xlsx","boron isotopes",45,2019,"ODP 872_C_14_1_20_22","ODP 872",,115.7,10.1,162.87,21.83969502,"T. trilobus","300-350","16.76,16.96",,0.199999999999999,305.8947,16.8624417057763,0.369661960454139,4.04730679341278,,29.02104,"DIC quoted here is the integrated range of DIC used in the paper across three possible DIC scenarios",FALSE,TRUE,"boron_isotopes_greenop_2019.xlsx",45,775,28
"boron_isotopes_guillermic_2022.xlsx","boron isotopes",4,2022,"ODP 806_B_3_2_101_103","ODP 806",,,0.3185,159.3615,0.90395,"Globigerinoides ruber","250-300","19.0329780437852","3.52588773399394",,219.181,19.0329780437852,0.289796563578344,3.52588773399394,0.02,27.4811753172778,"Scenario 1A- G17/Caves2016",FALSE,TRUE,"boron_isotopes_guillermic_2022.xlsx",4,776,5
"boron_isotopes_guillermic_2022.xlsx","boron isotopes",5,2022,"ODP 806_B_3_4_86_88","ODP 806",,,0.3185,159.3615,1.01859,"Globigerinoides ruber","250-300","20.1817880575663","4.62927861454634",,163.537,20.1817880575663,0.289796563578344,4.62927861454634,0.02,32.9167447494784,"Scenario 1A- G17/Caves2016",FALSE,TRUE,"boron_isotopes_guillermic_2022.xlsx",5,777,6
"boron_isotopes_guillermic_2022.xlsx","boron isotopes",6,2022,"ODP 806_B_3_5_6_8","ODP 806",,,0.3185,159.3615,1.0457,"Globigerinoides ruber","250-300","18.6322992939878","3.26937790709548",,246.65,18.6322992939878,0.289796563578344,3.26937790709548,0.02,25.9208034967701,"Scenario 1A- G17/Caves2016",FALSE,TRUE,"boron_isotopes_guillermic_2022.xlsx",6,778,7
"boron_isotopes_guillermic_2022.xlsx","boron isotopes",7,2022,"ODP 806_B_3_5_26_28","ODP 806",,,0.3185,159.3615,1.0537,"Globigerinoides ruber","250-300","19.1446692355539","3.3228677904112",,205.284,19.1446692355539,0.289796563578344,3.3228677904112,0.02,26.7979453563036,"Scenario 1A- G17/Caves2016",FALSE,TRUE,"boron_isotopes_guillermic_2022.xlsx",7,779,8
"boron_isotopes_guillermic_2022.xlsx","boron isotopes",8,2022,"ODP 806_B_4_1_71_73","ODP 806",,,0.3185,159.3615,1.24026,"Globigerinoides ruber","250-300","18.1452447731421","3.47405982580486",,308.258,18.1452447731421,0.209247389225913,3.47405982580486,0.02,26.4461761938914,"Scenario 1A- G17/Caves2016",FALSE,TRUE,"boron_isotopes_guillermic_2022.xlsx",8,780,9
"boron_isotopes_guillermic_2022.xlsx","boron isotopes",9,2022,"ODP 806_B_4_1_131_133","ODP 806",,,0.3185,159.3615,1.26695,"Globigerinoides ruber","250-300","18.2484335256934","3.86862498452528",,310.194,18.2484335256934,0.209247389225913,3.86862498452528,0.02,28.0381583349889,"Scenario 1A- G17/Caves2016",FALSE,TRUE,"boron_isotopes_guillermic_2022.xlsx",9,781,10
"boron_isotopes_guillermic_2022.xlsx","boron isotopes",10,2022,"ODP 806_B_5_1_41_43","ODP 806",,,0.3185,159.3615,1.63758137812951,"Globigerinoides ruber","250-300","20.1195201609803","3.84992756008625",,152.874,20.1195201609803,0.257084376147543,3.84992756008625,0.02,29.8859443179072,"Scenario 1A- G17/Caves2016",FALSE,TRUE,"boron_isotopes_guillermic_2022.xlsx",10,782,11
"boron_isotopes_guillermic_2022.xlsx","boron isotopes",11,2022,"ODP 806_B_5_6_23_25","ODP 806",,,0.3185,159.3615,1.93309566986964,"Globigerinoides ruber","250-300","17.9667271862851","4.10858232087299",,358.077,17.9667271862851,0.257084376147543,4.10858232087299,0.02,28.717286967561,"Scenario 1A- G17/Caves2016",FALSE,TRUE,"boron_isotopes_guillermic_2022.xlsx",11,783,12
"boron_isotopes_guillermic_2022.xlsx","boron isotopes",12,2022,"ODP 806_B_6_2_0_2","ODP 806",,,0.3185,159.3615,2.06202109792738,"Globigerinoides ruber","250-300","19.3399684407694","5.01669945816092",,229.867,19.3399684407694,0.334054564130627,5.01669945816092,0.02,33.4578254953638,"Scenario 1A- G17/Caves2016",FALSE,TRUE,"boron_isotopes_guillermic_2022.xlsx",12,784,13
"boron_isotopes_guillermic_2022.xlsx","boron isotopes",13,2022,"ODP 806_B_6_7_24_26","ODP 806",,,0.3185,159.3615,2.35804995766209,"Globigerinoides ruber","250-300","19.29,19.45","3.77205486735043",,198.783,19.3704236334048,0.236212247583082,3.77205486735043,0.02,28.8960076812093,"Scenario 1A- G17/Caves2016",FALSE,TRUE,"boron_isotopes_guillermic_2022.xlsx",13,785,14
"boron_isotopes_guillermic_2022.xlsx","boron isotopes",14,2022,"ODP 806_B_7_1_24_26","ODP 806",,,0.3185,159.3615,2.37641348044425,"Globigerinoides ruber","250-300","18.38,18.63","3.98151600647593",,284.288,18.5061522418593,0.236212247583082,3.98151600647593,0.02,28.955038496138,"Scenario 1A- G17/Caves2016",FALSE,TRUE,"boron_isotopes_guillermic_2022.xlsx",14,786,15
"boron_isotopes_guillermic_2022.xlsx","boron isotopes",15,2022,"ODP 806_B_7_1_85_87","ODP 806",,,0.3185,159.3615,2.39958593810049,"Globigerinoides ruber","250-300","17.8465412953883","4.34569806475101",,389.011,17.8465412953883,0.26995517415545,4.34569806475101,0.02,29.6980687098612,"Scenario 1A- G17/Caves2016",FALSE,TRUE,"boron_isotopes_guillermic_2022.xlsx",15,787,16
"boron_isotopes_guillermic_2022.xlsx","boron isotopes",16,2022,"ODP 806_B_7_2_38_40","ODP 806",,,0.3185,159.3615,2.43792730372649,"Globigerinoides ruber","250-300","16.9667280787451","3.79348286319219",,545.103,16.9667280787451,0.26995517415545,3.79348286319219,0.02,26.3817655221163,"Scenario 1A- G17/Caves2016",FALSE,TRUE,"boron_isotopes_guillermic_2022.xlsx",16,788,17
"boron_isotopes_guillermic_2022.xlsx","boron isotopes",17,2022,"ODP 806_B_7_2_63_65","ODP 806",,,0.3185,159.3615,2.44720444612591,"Globigerinoides ruber","250-300","18.4986546130204","3.96335642061627",,285.093,18.4986546130204,0.334054564130627,3.96335642061627,0.02,28.9629961593197,"Scenario 1A- G17/Caves2016",FALSE,TRUE,"boron_isotopes_guillermic_2022.xlsx",17,789,18
"boron_isotopes_guillermic_2022.xlsx","boron isotopes",18,2022,"ODP 806_B_7_2_104_106","ODP 806",,,0.3185,159.3615,2.46239452636003,"Globigerinoides ruber","250-300","17.87,18.37","4.32807258546556",,349.124,18.1192125613726,0.236212247583082,4.32807258546556,0.02,30.1178802890225,"Scenario 1A- G17/Caves2016",FALSE,TRUE,"boron_isotopes_guillermic_2022.xlsx",18,790,19
"boron_isotopes_guillermic_2022.xlsx","boron isotopes",19,2022,"ODP 806_B_7_2_146_148","ODP 806",,,0.3185,159.3615,2.47792370397612,"Globigerinoides ruber","250-300","17.8927621683715","3.88963415335755",,362.121,17.8927621683715,0.334054564130627,3.88963415335755,0.02,28.0319313280925,"Scenario 1A- G17/Caves2016",FALSE,TRUE,"boron_isotopes_guillermic_2022.xlsx",19,791,20
"boron_isotopes_guillermic_2022.xlsx","boron isotopes",20,2022,"ODP 806_B_7_3_5_7","ODP 806",,,0.3185,159.3615,2.48124726086275,"Globigerinoides ruber","250-300","18.19,18.77","3.95343006644762",,287.115,18.4773470920483,0.236212247583082,3.95343006644762,0.02,28.8819447874231,"Scenario 1A- G17/Caves2016",FALSE,TRUE,"boron_isotopes_guillermic_2022.xlsx",20,792,21
"boron_isotopes_guillermic_2022.xlsx","boron isotopes",21,2022,"ODP 806_B_7_3_58_60","ODP 806",,,0.3185,159.3615,2.50078986987786,"Globigerinoides ruber","250-300","18.2690370300418","3.68032306319341",,302.547,18.2690370300418,0.334054564130627,3.68032306319341,0.02,27.6951710040129,"Scenario 1A- G17/Caves2016",FALSE,TRUE,"boron_isotopes_guillermic_2022.xlsx",21,793,22
"boron_isotopes_guillermic_2022.xlsx","boron isotopes",22,2022,"ODP 806_B_7_3_78_80","ODP 806",,,0.3185,159.3615,2.50815138177535,"Globigerinoides ruber","250-300","18.0004966575147","3.79430108338234",,342.579,18.0004966575147,0.334054564130627,3.79430108338234,0.02,27.8479267139308,"Scenario 1A- G17/Caves2016",FALSE,TRUE,"boron_isotopes_guillermic_2022.xlsx",22,794,23
"boron_isotopes_guillermic_2022.xlsx","boron isotopes",23,2022,"ODP 806_B_7_4_5_7","ODP 806",,,0.3185,159.3615,2.53642665173807,"Globigerinoides ruber","250-300","18.46,18.6","3.7127269923425",,272.304,18.5300049792525,0.236212247583082,3.7127269923425,0.02,27.8224751007056,"Scenario 1A- G17/Caves2016",FALSE,TRUE,"boron_isotopes_guillermic_2022.xlsx",23,795,24
"boron_isotopes_guillermic_2022.xlsx","boron isotopes",24,2022,"ODP 806_B_7_4_59_61","ODP 806",,,0.3185,159.3615,2.55619326696427,"Globigerinoides ruber","250-300","18.62,18.76","3.92187891000574",,263.871,18.6896805939797,0.236212247583082,3.92187891000574,0.02,29.1161426119343,"Scenario 1A- G17/Caves2016",FALSE,TRUE,"boron_isotopes_guillermic_2022.xlsx",24,796,25
"boron_isotopes_guillermic_2022.xlsx","boron isotopes",25,2022,"ODP 806_B_7_4_105_107","ODP 806",,,0.3185,159.3615,2.57299084115138,"Globigerinoides ruber","250-300","18.65,18.83","4.06948288816452",,262.478,18.7365862584764,0.236212247583082,4.06948288816452,0.02,29.507660041592,"Scenario 1A- G17/Caves2016",FALSE,TRUE,"boron_isotopes_guillermic_2022.xlsx",25,797,26
"boron_isotopes_guillermic_2022.xlsx","boron isotopes",26,2022,"ODP 806_B_8_2_59_61","ODP 806",,,0.3185,159.3615,2.79014133072861,"Globigerinoides ruber","250-300","17.65,18.11","4.06423815261029",,372.456,17.8783997629053,0.236212247583082,4.06423815261029,0.02,28.6790293068172,"Scenario 1A- G17/Caves2016",FALSE,TRUE,"boron_isotopes_guillermic_2022.xlsx",26,798,27
"boron_isotopes_guillermic_2022.xlsx","boron isotopes",27,2022,"ODP 806_B_8_5_9_11","ODP 806",,,0.3185,159.3615,2.93055439849975,"Globigerinoides ruber","250-300","16.63,17.21","3.95418404513653",,572.141,16.9238634595317,0.236212247583082,3.95418404513653,0.02,27.1727525964753,"Scenario 1A- G17/Caves2016",FALSE,TRUE,"boron_isotopes_guillermic_2022.xlsx",27,799,28
"boron_isotopes_guillermic_2022.xlsx","boron isotopes",28,2022,"ODP 806_B_8_6_42_44","ODP 806",,,0.3185,159.3615,2.99391875699556,"Globigerinoides ruber","250-300","17.1824453645353","4.10274896823371",,513.307,17.1824453645353,0.334054564130627,4.10274896823371,0.02,28.2442437090445,"Scenario 1A- G17/Caves2016",FALSE,TRUE,"boron_isotopes_guillermic_2022.xlsx",28,800,29
"boron_isotopes_guillermic_2022.xlsx","boron isotopes",29,2022,"ODP 806_A_1_1_3_5","ODP 806",,,0.3185,159.3613,0.0043,"Trilobatus sacculifer","300-400","17.5340570399127","3.88743240265728",,246.361,17.5340570399127,0.355996030618427,3.88743240265728,0.02,28.9672685213227,"Scenario 1A- G17/Caves2016",FALSE,TRUE,"boron_isotopes_guillermic_2022.xlsx",29,801,30
"boron_isotopes_guillermic_2022.xlsx","boron isotopes",30,2022,"ODP 806_A_1_2_40_42","ODP 806",,,0.3185,159.3613,0.0899,"Trilobatus sacculifer","300-400","17.9508659232457","3.81158643236407",,224.58,17.9508659232457,0.355996030618427,3.81158643236407,0.02,28.3244132280498,"Scenario 1A- G17/Caves2016",FALSE,TRUE,"boron_isotopes_guillermic_2022.xlsx",30,802,31
"boron_isotopes_guillermic_2022.xlsx","boron isotopes",31,2022,"ODP 806_B_1_3_2_4","ODP 806",,,0.3185,159.3615,0.1474666667,"Trilobatus sacculifer","300-400","18.24,18.29","3.87043462087612",,195.751,18.2667172036793,0.181786105711041,3.87043462087612,0.02,28.3312114417206,"Scenario 1A- G17/Caves2016",FALSE,TRUE,"boron_isotopes_guillermic_2022.xlsx",31,803,32
"boron_isotopes_guillermic_2022.xlsx","boron isotopes",32,2022,"ODP 806_B_1_4_23_25","ODP 806",,,0.3185,159.3615,0.22725,"Trilobatus sacculifer","300-400","17.37,17.44","4.28890457875965",,270.544,17.4077341373153,0.251727207325784,4.28890457875965,0.02,29.9509773464072,"Scenario 1A- G17/Caves2016",FALSE,TRUE,"boron_isotopes_guillermic_2022.xlsx",32,804,33
"boron_isotopes_guillermic_2022.xlsx","boron isotopes",33,2022,"ODP 806_B_3_1_26_28","ODP 806",,,0.3185,159.3615,0.7941,"Trilobatus sacculifer","300-400","19.2624375423482","4.04660589923007",,160.931,19.2624375423482,0.257084376147543,4.04660589923007,0.02,29.1353239281262,"Scenario 1A- G17/Caves2016",FALSE,TRUE,"boron_isotopes_guillermic_2022.xlsx",33,805,34
"boron_isotopes_guillermic_2022.xlsx","boron isotopes",34,2022,"ODP 806_B_3_1_31_33","ODP 806",,,0.3185,159.3615,0.7961,"Trilobatus sacculifer","300-400","18.7095327095224","3.81054430892158",,180.159,18.7095327095224,0.257084376147543,3.81054430892158,0.02,28.1747601820459,"Scenario 1A- G17/Caves2016",FALSE,TRUE,"boron_isotopes_guillermic_2022.xlsx",34,806,35
"boron_isotopes_guillermic_2022.xlsx","boron isotopes",35,2022,"ODP 806_B_3_1_91_93","ODP 806",,,0.3185,159.3615,0.823636,"Trilobatus sacculifer","300-400","18.1547713200123","3.74516946405171",,212.851,18.1547713200123,0.257084376147543,3.74516946405171,0.02,28.2010004013728,"Scenario 1A- G17/Caves2016",FALSE,TRUE,"boron_isotopes_guillermic_2022.xlsx",35,807,36
"boron_isotopes_guillermic_2022.xlsx","boron isotopes",36,2022,"ODP 806_B_3_2_56_58","ODP 806",,,0.3185,159.3615,0.88145,"Trilobatus sacculifer","300-400","18.5936570491383","3.19204855842061",,177.599,18.5936570491383,0.257084376147543,3.19204855842061,0.02,25.6298849282792,"Scenario 1A- G17/Caves2016",FALSE,TRUE,"boron_isotopes_guillermic_2022.xlsx",36,808,37
"boron_isotopes_guillermic_2022.xlsx","boron isotopes",37,2022,"ODP 806_B_3_3_11_13","ODP 806",,,0.3185,159.3615,0.92975,"Trilobatus sacculifer","300-400","17.5622153630663","3.57333969686183",,242.618,17.5622153630663,0.289796563578344,3.57333969686183,0.02,27.472489059025,"Scenario 1A- G17/Caves2016",FALSE,TRUE,"boron_isotopes_guillermic_2022.xlsx",37,809,38
"boron_isotopes_guillermic_2022.xlsx","boron isotopes",38,2022,"ODP 806_B_3_4_16_18","ODP 806",,,0.3185,159.3615,0.98989,"Trilobatus sacculifer","300-400","17.2869628064316","3.52138089066004",,272.869,17.2869628064316,0.209247389225913,3.52138089066004,0.02,27.2944559654314,"Scenario 1A- G17/Caves2016",FALSE,TRUE,"boron_isotopes_guillermic_2022.xlsx",38,810,39
"boron_isotopes_guillermic_2022.xlsx","boron isotopes",39,2022,"ODP 806_B_3_4_21_23","ODP 806",,,0.3185,159.3615,0.99194,"Trilobatus sacculifer","300-400","18.9402276563053","3.40856309154756",,167.634,18.9402276563053,0.289796563578344,3.40856309154756,0.02,26.8440066223081,"Scenario 1A- G17/Caves2016",FALSE,TRUE,"boron_isotopes_guillermic_2022.xlsx",39,811,40
"boron_isotopes_guillermic_2022.xlsx","boron isotopes",40,2022,"ODP 806_B_3_5_31_33","ODP 806",,,0.3185,159.3615,1.04834,"Trilobatus sacculifer","300-400","18.6868297497487","3.22411493156574",,163.671,18.6868297497487,0.289796563578344,3.22411493156574,0.02,25.9548277607561,"Scenario 1A- G17/Caves2016",FALSE,TRUE,"boron_isotopes_guillermic_2022.xlsx",40,812,41
"boron_isotopes_guillermic_2022.xlsx","boron isotopes",41,2022,"ODP 806_B_4_1_56_58","ODP 806",,,0.3185,159.3615,1.23336,"Trilobatus sacculifer","300-400","17.2919165003023","4.07316327729619",,299.51,17.2919165003023,0.209247389225913,4.07316327729619,0.02,29.7692929973474,"Scenario 1A- G17/Caves2016",FALSE,TRUE,"boron_isotopes_guillermic_2022.xlsx",41,813,42
"boron_isotopes_guillermic_2022.xlsx","boron isotopes",42,2022,"ODP 806_B_4_1_146_148","ODP 806",,,0.3185,159.3615,1.273539326,"Trilobatus sacculifer","300-400","17.08260880785","3.60761393808757",,305.041,17.08260880785,0.209247389225913,3.60761393808757,0.02,27.8108469900033,"Scenario 1A- G17/Caves2016",FALSE,TRUE,"boron_isotopes_guillermic_2022.xlsx",42,814,43
"boron_isotopes_guillermic_2022.xlsx","boron isotopes",43,2022,"ODP 806_A_4_4_35_37","ODP 806",,,0.3185,159.3613,1.42678601773634,"Trilobatus sacculifer","300-400","16.8949510377319","4.2442135305381",,331.249,16.8949510377319,0.355996030618427,4.2442135305381,0.02,30.3303908489411,"Scenario 1A- G17/Caves2016",FALSE,TRUE,"boron_isotopes_guillermic_2022.xlsx",43,815,44
"boron_isotopes_guillermic_2022.xlsx","boron isotopes",44,2022,"ODP 806_B_10_2_77_79","ODP 806",,,0.3185,159.3615,3.44005288363102,"Trilobatus sacculifer","300-400","16.54,16.67","3.81600982893819",,314.583,16.6035291176133,0.251727207325784,3.81600982893819,0.02,29.3324893540626,"Scenario 1A- G17/Caves2016",FALSE,TRUE,"boron_isotopes_guillermic_2022.xlsx",44,816,45
"boron_isotopes_guillermic_2022.xlsx","boron isotopes",45,2022,"ODP 806_B_10_3_137_139","ODP 806",,,0.3185,159.3615,3.50787424937459,"Trilobatus sacculifer","300-400","16.13,16.18","3.98846699744002",,387.531,16.1517647790278,0.251727207325784,3.98846699744002,0.02,30.0305411016925,"Scenario 1A- G17/Caves2016",FALSE,TRUE,"boron_isotopes_guillermic_2022.xlsx",45,817,46
"boron_isotopes_guillermic_2022.xlsx","boron isotopes",46,2022,"ODP 806_B_11_1_117_119","ODP 806",,,0.3185,159.3615,3.70764094313002,"Trilobatus sacculifer","300-400","15.3481839754495","4.0238146213234",,515.994,15.3481839754495,0.355996030618427,4.0238146213234,0.02,30.2949501525424,"Scenario 1A- G17/Caves2016",FALSE,TRUE,"boron_isotopes_guillermic_2022.xlsx",46,818,47
"boron_isotopes_guillermic_2022.xlsx","boron isotopes",47,2022,"ODP 806_B_12_5_120_122","ODP 806",,,0.3185,159.3615,4.17800645608518,"Trilobatus sacculifer","300-400","15.5606585956163","3.4056159839687",,458.054,15.5606585956163,0.355996030618427,3.4056159839687,0.02,27.5857518515045,"Scenario 1A- G17/Caves2016",FALSE,TRUE,"boron_isotopes_guillermic_2022.xlsx",47,819,48
"boron_isotopes_guillermic_2022.xlsx","boron isotopes",48,2022,"ODP 806_B_14_2_80_82","ODP 806",,,0.3185,159.3615,4.58074606503804,"Trilobatus sacculifer","300-400","15.5255197392192","3.08535568571191",,434.458,15.5255197392192,0.355996030618427,3.08535568571191,0.02,26.1422917543252,"Scenario 1A- G17/Caves2016",FALSE,TRUE,"boron_isotopes_guillermic_2022.xlsx",48,820,49
"boron_isotopes_guillermic_2022.xlsx","boron isotopes",49,2022,"ODP 806_B_14_6_0_2","ODP 806",,,0.3185,159.3615,4.72408281091584,"Trilobatus sacculifer","300-400","16.54,16.57","3.64137575562043",,347.474,16.551638106557,0.251727207325784,3.64137575562043,0.02,28.7757868765332,"Scenario 1A- G17/Caves2016",FALSE,TRUE,"boron_isotopes_guillermic_2022.xlsx",49,821,50
"boron_isotopes_guillermic_2022.xlsx","boron isotopes",50,2022,"ODP 806_B_15_4_79_81","ODP 806",,,0.3185,159.3615,4.9207534506387,"Trilobatus sacculifer","300-400","15.819690032457","3.73124965887385",,457.754,15.819690032457,0.355996030618427,3.73124965887385,0.02,29.2193628901779,"Scenario 1A- G17/Caves2016",FALSE,TRUE,"boron_isotopes_guillermic_2022.xlsx",50,822,51
"boron_isotopes_guillermic_2022.xlsx","boron isotopes",51,2022,"ODP 806_B_16_3_139_141","ODP 806",,,0.3185,159.3615,5.14684675556901,"Trilobatus sacculifer","300-400","15.6454763670417","3.69451659104482",,528.513,15.6454763670417,0.355996030618427,3.69451659104482,0.02,29.1060130351226,"Scenario 1A- G17/Caves2016",FALSE,TRUE,"boron_isotopes_guillermic_2022.xlsx",51,823,52
"boron_isotopes_guillermic_2022.xlsx","boron isotopes",52,2022,"ODP 806_B_25_3_29_31","ODP 806",,,0.3185,159.3615,7.14877919657069,"Trilobatus sacculifer","300-400","16.4019869646017","3.41354044338564",,293.861,16.4019869646017,0.355996030618427,3.41354044338564,0.02,28.2662869055263,"Scenario 1A- G17/Caves2016",FALSE,TRUE,"boron_isotopes_guillermic_2022.xlsx",52,824,53
"boron_isotopes_guillermic_2022.xlsx","boron isotopes",53,2022,"ODP 806_B_29_5_30_32","ODP 806",,,0.3185,159.3615,8.07134881349901,"Trilobatus sacculifer","300-400","16.03,16.1","3.81264190801479",,358.326,16.0634624780658,0.251727207325784,3.81264190801479,0.02,30.3118389571928,"Scenario 1A- G17/Caves2016",FALSE,TRUE,"boron_isotopes_guillermic_2022.xlsx",53,825,54
"boron_isotopes_guillermic_2022.xlsx","boron isotopes",54,2022,"ODP 806_B_30_1_30_32","ODP 806",,,0.3185,159.3615,8.1510267939941,"Trilobatus sacculifer","300-400","16.1550376273871","3.77382105144281",,339.617,16.1550376273871,0.15,3.77382105144281,0.02,30.1108463612238,"Scenario 1A- G17/Caves2016",FALSE,TRUE,"boron_isotopes_guillermic_2022.xlsx",54,826,55
"boron_isotopes_guillermic_2022.xlsx","boron isotopes",55,2022,"ODP 806_B_30_5_30_32","ODP 806",,,0.3185,159.3615,8.28774777875109,"Trilobatus sacculifer","300-400","16.4,16.85","5.11236042886892",,346.469,16.6262191869621,0.106066017177982,5.11236042886892,0.02,34.9496464566685,"Scenario 1A- G17/Caves2016",FALSE,TRUE,"boron_isotopes_guillermic_2022.xlsx",55,827,56
"boron_isotopes_guillermic_2022.xlsx","boron isotopes",56,2022,"ODP 806_B_31_5_32_34","ODP 806",,,0.3185,159.3615,8.50601659120109,"Trilobatus sacculifer","300-400","16.19,16.6","3.2596382777088",,262.787,16.3906071045696,0.251727207325784,3.2596382777088,0.02,27.7868301956873,"Scenario 1A- G17/Caves2016",FALSE,TRUE,"boron_isotopes_guillermic_2022.xlsx",56,828,57
"boron_isotopes_guillermic_2022.xlsx","boron isotopes",57,2022,"ODP 806_B_32_2_29_31","ODP 806",,,0.3185,159.3615,8.62119336182011,"Trilobatus sacculifer","300-400","16.06,16.35","3.63772257341814",,316.34,16.2037997699778,0.106066017177982,3.63772257341814,0.02,29.6830925679373,"Scenario 1A- G17/Caves2016",FALSE,TRUE,"boron_isotopes_guillermic_2022.xlsx",57,829,58
"boron_isotopes_guillermic_2022.xlsx","boron isotopes",58,2022,"ODP 806_B_33_2_30_32","ODP 806",,,0.3185,159.3615,8.84281662718424,"Trilobatus sacculifer","300-400","16.1009451485623","3.7793702461552",,313.826,16.1009451485623,0.355996030618427,3.7793702461552,0.02,30.3657325632713,"Scenario 1A- G17/Caves2016",FALSE,TRUE,"boron_isotopes_guillermic_2022.xlsx",58,830,59
"boron_isotopes_guillermic_2022.xlsx","boron isotopes",59,2022,"ODP 806_B_33_5_30_32","ODP 806",,,0.3185,159.3615,8.94898565619453,"Trilobatus sacculifer","300-400","15.3478929534207","3.69814923280863",,399.087,15.3478929534207,0.15,3.69814923280863,0.02,29.8183584610118,"Scenario 1A- G17/Caves2016",FALSE,TRUE,"boron_isotopes_guillermic_2022.xlsx",59,831,60
"boron_isotopes_guillermic_2022.xlsx","boron isotopes",60,2022,"ODP 806_B_34_5_30_32","ODP 806",,,0.3185,159.3615,9.17459161054386,"Trilobatus sacculifer","300-400","15.8959512635768","4.46501231479868",,331.471,15.8959512635768,0.355996030618427,4.46501231479868,0.02,33.1309318874652,"Scenario 1A- G17/Caves2016",FALSE,TRUE,"boron_isotopes_guillermic_2022.xlsx",60,832,61
"boron_isotopes_guillermic_2022.xlsx","boron isotopes",61,2022,"ODP 806_B_35_5_30_32","ODP 806",,,0.3185,159.3615,9.25859698021535,"Trilobatus sacculifer","300-400","14.6723020653259","4.06268580629875",,461.737,14.6723020653259,0.355996030618427,4.06268580629875,0.02,31.3971082089978,"Scenario 1A- G17/Caves2016",FALSE,TRUE,"boron_isotopes_guillermic_2022.xlsx",61,833,62
"boron_isotopes_guillermic_2022.xlsx","boron isotopes",62,2022,"ODP 806_B_36_1_32_34","ODP 806",,,0.3185,159.3615,9.49455149736663,"Trilobatus sacculifer","300-400","15.320579467551","3.87644434723032",,381.236,15.320579467551,0.218106939070212,3.87644434723032,0.02,30.6446477129892,"Scenario 1A- G17/Caves2016",FALSE,TRUE,"boron_isotopes_guillermic_2022.xlsx",62,834,63
"boron_isotopes_guillermic_2022.xlsx","boron isotopes",63,2022,"ODP 806_B_44_5_34_36","ODP 806",,,0.3185,159.3615,11.6930464777809,"Trilobatus sacculifer","300-400","14.9288120772462","4.69848983874337",,365.899,14.9288120772462,0.355996030618427,4.69848983874337,0.02,34.3545007446674,"Scenario 1A- G17/Caves2016",FALSE,TRUE,"boron_isotopes_guillermic_2022.xlsx",63,835,64
"boron_isotopes_guillermic_2022.xlsx","boron isotopes",64,2022,"ODP 806_B_46_1_33_35","ODP 806",,,0.3185,159.3615,12.0743291725144,"Trilobatus sacculifer","300-400","14.514874438295","4.86997416344244",,375.983,14.514874438295,0.218106939070212,4.86997416344244,0.02,35.1258129789054,"Scenario 1A- G17/Caves2016",FALSE,TRUE,"boron_isotopes_guillermic_2022.xlsx",64,836,65
"boron_isotopes_guillermic_2022.xlsx","boron isotopes",65,2022,"ODP 806_B_46_5_33_35","ODP 806",,,0.3185,159.3615,12.2491360536618,"Trilobatus sacculifer","300-400","14.9725423433844","4.46362004168158",,396.996,14.9725423433844,0.218106939070212,4.46362004168158,0.02,33.4779484403899,"Scenario 1A- G17/Caves2016",FALSE,TRUE,"boron_isotopes_guillermic_2022.xlsx",65,837,66
"boron_isotopes_guillermic_2022.xlsx","boron isotopes",66,2022,"ODP 806_B_47_3_34_36","ODP 806",,,0.3185,159.3615,12.4433958042479,"Trilobatus sacculifer","300-400","14.7201508573611","4.63675716441468",,393.822,14.7201508573611,0.355996030618427,4.63675716441468,0.02,34.104634548784,"Scenario 1A- G17/Caves2016",FALSE,TRUE,"boron_isotopes_guillermic_2022.xlsx",66,838,67
"boron_isotopes_guillermic_2022.xlsx","boron isotopes",67,2022,"ODP 806_B_48_2_34_36","ODP 806",,,0.3185,159.3615,12.6875680903289,"Trilobatus sacculifer","300-400","16.3986441653323","4.53678823795979",,230.226,16.3986441653323,0.289796563578344,4.53678823795979,0.02,34.1715278966383,"Scenario 1A- G17/Caves2016",FALSE,TRUE,"boron_isotopes_guillermic_2022.xlsx",67,839,68
"boron_isotopes_guillermic_2022.xlsx","boron isotopes",68,2022,"ODP 806_B_48_5_34_36","ODP 806",,,0.3185,159.3615,12.8231641395729,"Trilobatus sacculifer","300-400","14.8642437158979","4.12909032762973",,332.858,14.8642437158979,0.249881015112098,4.12909032762973,0.02,32.4166687335936,"Scenario 1A- G17/Caves2016",FALSE,TRUE,"boron_isotopes_guillermic_2022.xlsx",68,840,69
"boron_isotopes_guillermic_2022.xlsx","boron isotopes",69,2022,"ODP 806_B_50_2_32_34","ODP 806",,,0.3185,159.3615,13.2275985034146,"Trilobatus sacculifer","300-400","13.8485094923635","4.49197274977128",,480.782,13.8485094923635,0.355996030618427,4.49197274977128,0.02,34.118865362805,"Scenario 1A- G17/Caves2016",FALSE,TRUE,"boron_isotopes_guillermic_2022.xlsx",69,841,70
"boron_isotopes_guillermic_2022.xlsx","boron isotopes",70,2022,"ODP 806_B_51_2_29_31","ODP 806",,,0.3185,159.3615,13.5267078798778,"Trilobatus sacculifer","300-400","14.0930422101688","4.25391970282455",,434.256,14.0930422101688,0.218106939070212,4.25391970282455,0.02,33.0661062302811,"Scenario 1A- G17/Caves2016",FALSE,TRUE,"boron_isotopes_guillermic_2022.xlsx",70,842,71
"boron_isotopes_guillermic_2022.xlsx","boron isotopes",71,2022,"ODP 806_B_52_2_31_33","ODP 806",,,0.3185,159.3615,13.8181037708104,"Trilobatus sacculifer","300-400","14.541399070418","4.94441987061708",,408.551,14.541399070418,0.257084376147543,4.94441987061708,0.02,35.7632461419444,"Scenario 1A- G17/Caves2016",FALSE,TRUE,"boron_isotopes_guillermic_2022.xlsx",71,843,72
"boron_isotopes_guillermic_2022.xlsx","boron isotopes",72,2022,"ODP 806_B_52_4_33_35","ODP 806",,,0.3185,159.3615,13.9136233156718,"Trilobatus sacculifer","300-400","14.571632940876","5.06048645043184",,424.484,14.571632940876,0.249881015112098,5.06048645043184,0.02,36.1278254977391,"Scenario 1A- G17/Caves2016",FALSE,TRUE,"boron_isotopes_guillermic_2022.xlsx",72,844,73
"boron_isotopes_guillermic_2022.xlsx","boron isotopes",73,2022,"ODP 806_B_56_2_35_37","ODP 806",,,0.3185,159.3615,15.0606830478701,"Trilobatus sacculifer","300-400","13.5243454299339","4.76413978297987",,597.605,13.5243454299339,0.289796563578344,4.76413978297987,0.02,35.5144618842596,"Scenario 1A- G17/Caves2016",FALSE,TRUE,"boron_isotopes_guillermic_2022.xlsx",73,845,74
"boron_isotopes_guillermic_2022.xlsx","boron isotopes",74,2022,"ODP 806_B_58_2_33_35","ODP 806",,,0.3185,159.3615,15.6887107689339,"Trilobatus sacculifer","300-400","14.46618317487","4.86309813315101",,452.208,14.46618317487,0.209247389225913,4.86309813315101,0.02,35.9539862402968,"Scenario 1A- G17/Caves2016",FALSE,TRUE,"boron_isotopes_guillermic_2022.xlsx",74,846,75
"boron_isotopes_guillermic_2022.xlsx","boron isotopes",75,2022,"ODP 807_A_1_1_20_22","ODP 807",,,3.607,156.6248,0.00984,"Trilobatus sacculifer","300-400","18.17,18.38","4.23531932543763",,212.063,18.2757800233716,0.147960247867224,4.23531932543763,0.02,30.5108116795881,"Scenario 1A- G17/Caves2016",FALSE,TRUE,"boron_isotopes_guillermic_2022.xlsx",75,847,76
"boron_isotopes_guillermic_2022.xlsx","boron isotopes",76,2022,"ODP 807_A_1_1_30_32","ODP 807",,,3.607,156.6248,0.0142,"Trilobatus sacculifer","300-400","18.7392493728056","4.27281764382983",,181.712,18.7392493728056,0.257084376147543,4.27281764382983,0.02,30.4573807336649,"Scenario 1A- G17/Caves2016",FALSE,TRUE,"boron_isotopes_guillermic_2022.xlsx",76,848,77
"boron_isotopes_guillermic_2022.xlsx","boron isotopes",77,2022,"ODP 807_A_1_1_90_92","ODP 807",,,3.607,156.6248,0.04659,"Trilobatus sacculifer","300-400","19.076580376431","3.4658848793853",,151.873,19.076580376431,0.257084376147543,3.4658848793853,0.02,27.0051564832072,"Scenario 1A- G17/Caves2016",FALSE,TRUE,"boron_isotopes_guillermic_2022.xlsx",77,849,78
"boron_isotopes_guillermic_2022.xlsx","boron isotopes",78,2022,"ODP 807_A_1_2_0_2","ODP 807",,,3.607,156.6248,0.07897,"Trilobatus sacculifer","300-400","18.3564217074044","3.44351779669892",,173.292,18.3564217074044,0.289796563578344,3.44351779669892,0.02,27.1692272562916,"Scenario 1A- G17/Caves2016",FALSE,TRUE,"boron_isotopes_guillermic_2022.xlsx",78,850,79
"boron_isotopes_guillermic_2022.xlsx","boron isotopes",79,2022,"ODP 807_A_1_3_0_2","ODP 807",,,3.607,156.6248,0.18204,"Trilobatus sacculifer","300-400","17.1278948549611","3.25553095257516",,237.344,17.1278948549611,0.289796563578344,3.25553095257516,0.02,25.9714678888194,"Scenario 1A- G17/Caves2016",FALSE,TRUE,"boron_isotopes_guillermic_2022.xlsx",79,851,80
"boron_isotopes_guillermic_2022.xlsx","boron isotopes",80,2022,"ODP 807_A_1_3_90_92","ODP 807",,,3.607,156.6248,0.2272,"Trilobatus sacculifer","300-400","17.53,17.75","3.96187954253761",,249.424,17.6412138793557,0.181786105711041,3.96187954253761,0.02,29.0643955337105,"Scenario 1A- G17/Caves2016",FALSE,TRUE,"boron_isotopes_guillermic_2022.xlsx",80,852,81
"boron_isotopes_guillermic_2022.xlsx","boron isotopes",81,2022,"ODP 807_A_1_3_100_102","ODP 807",,,3.607,156.6248,0.2312,"Trilobatus sacculifer","300-400","16.8265422661253","3.99138579260856",,309.119,16.8265422661253,0.209247389225913,3.99138579260856,0.02,29.3564457083445,"Scenario 1A- G17/Caves2016",FALSE,TRUE,"boron_isotopes_guillermic_2022.xlsx",81,853,82
"boron_isotopes_guillermic_2022.xlsx","boron isotopes",82,2022,"ODP 807_A_2_4_0_2","ODP 807",,,3.607,156.6248,0.342,"Trilobatus sacculifer","300-400","17.8545919686415","3.58080650094467",,218.169,17.8545919686415,0.257084376147543,3.58080650094467,0.02,27.3336666797388,"Scenario 1A- G17/Caves2016",FALSE,TRUE,"boron_isotopes_guillermic_2022.xlsx",82,854,83
"boron_isotopes_guillermic_2022.xlsx","boron isotopes",83,2022,"ODP 807_A_2_5_0_2","ODP 807",,,3.607,156.6248,0.43081,"Trilobatus sacculifer","300-400","17.6732599985401","3.81841713979394",,248.047,17.6732599985401,0.289796563578344,3.81841713979394,0.02,28.3496473209211,"Scenario 1A- G17/Caves2016",FALSE,TRUE,"boron_isotopes_guillermic_2022.xlsx",83,855,84
"boron_isotopes_guillermic_2022.xlsx","boron isotopes",84,2022,"ODP 807_A_2_6_0_2","ODP 807",,,3.607,156.6248,0.604,"Trilobatus sacculifer","300-400","17.6381226422233","4.20533422143673",,274.83,17.6381226422233,0.257084376147543,4.20533422143673,0.02,30.1437554874146,"Scenario 1A- G17/Caves2016",FALSE,TRUE,"boron_isotopes_guillermic_2022.xlsx",84,856,85
"boron_isotopes_guillermic_2022.xlsx","boron isotopes",85,2022,"ODP 807_A_3_2_0_2","ODP 807",,,3.607,156.6248,0.857,"Trilobatus sacculifer","300-400","17.8575847318092","3.7286752109571",,244.008,17.8575847318092,0.257084376147543,3.7286752109571,0.02,28.6062557075849,"Scenario 1A- G17/Caves2016",FALSE,TRUE,"boron_isotopes_guillermic_2022.xlsx",85,857,86
"boron_isotopes_guillermic_2022.xlsx","boron isotopes",86,2022,"ODP 807_A_3_3_0_2","ODP 807",,,3.607,156.6248,0.93967,"Trilobatus sacculifer","300-400","17.14,17.56","3.79813435780893",,286.186,17.3507522158897,0.147960247867224,3.79813435780893,0.02,28.8327303223906,"Scenario 1A- G17/Caves2016",FALSE,TRUE,"boron_isotopes_guillermic_2022.xlsx",86,858,87
"boron_isotopes_guillermic_2022.xlsx","boron isotopes",87,2022,"ODP 807_A_3_7_0_2","ODP 807",,,3.607,156.6248,1.278,"Trilobatus sacculifer","300-400","17.9142227820197","4.14937609344839",,253.991,17.9142227820197,0.257084376147543,4.14937609344839,0.02,30.2461101685407,"Scenario 1A- G17/Caves2016",FALSE,TRUE,"boron_isotopes_guillermic_2022.xlsx",87,859,88
"boron_isotopes_guillermic_2022.xlsx","boron isotopes",88,2022,"ODP 807_A_7_6_10_12","ODP 807",,,3.607,156.6248,3.04732,"Trilobatus sacculifer","300-400","16.1589598017406","3.90799949883674",,422.455,16.1589598017406,0.334054564130627,3.90799949883674,0.02,29.9560576152129,"Scenario 1A- G17/Caves2016",FALSE,TRUE,"boron_isotopes_guillermic_2022.xlsx",88,860,89
"boron_isotopes_guillermic_2022.xlsx","boron isotopes",89,2022,"ODP 807_A_8_3_0_2","ODP 807",,,3.607,156.6248,3.21786,"Trilobatus sacculifer","300-400","15.2977200517472","3.96781523064541",,543.425,15.2977200517472,0.249881015112098,3.96781523064541,0.02,30.2731393784531,"Scenario 1A- G17/Caves2016",FALSE,TRUE,"boron_isotopes_guillermic_2022.xlsx",89,861,90
"boron_isotopes_guillermic_2022.xlsx","boron isotopes",90,2022,"ODP 807_A_8_5_0_2","ODP 807",,,3.607,156.6248,3.32499,"Trilobatus sacculifer","300-400","15.430801995679","3.90312084798388",,517.456,15.430801995679,0.249881015112098,3.90312084798388,0.02,29.9847647190781,"Scenario 1A- G17/Caves2016",FALSE,TRUE,"boron_isotopes_guillermic_2022.xlsx",90,862,91
"boron_isotopes_guillermic_2022.xlsx","boron isotopes",91,2022,"ODP 807_A_9_4_0_2","ODP 807",,,3.607,156.6248,3.61514,"Trilobatus sacculifer","300-400","15.5511562311546","3.40434127117707",,454.823,15.5511562311546,0.139736223494649,3.40434127117707,0.02,27.8711886084791,"Scenario 1A- G17/Caves2016",FALSE,TRUE,"boron_isotopes_guillermic_2022.xlsx",91,863,92
"boron_isotopes_guillermic_2022.xlsx","boron isotopes",92,2022,"ODP 807_A_13_4_0_2","ODP 807",,,3.607,156.6248,4.52418,"Trilobatus sacculifer","300-400","15.1432366079891","3.15427480280467",,572.005,15.1432366079891,0.139736223494649,3.15427480280467,0.02,26.8361272700912,"Scenario 1A- G17/Caves2016",FALSE,TRUE,"boron_isotopes_guillermic_2022.xlsx",92,864,93
"boron_isotopes_guillermic_2022.xlsx","boron isotopes",93,2022,"ODP 806_B_3_2_101_103","ODP 806",,,0.3185,159.3615,0.90395,"Globigerinoides ruber","250-300","19.0329780437852","3.52588773399394",,203.382,19.0329780437852,0.289796563578344,3.52588773399394,0.02,27.4811753172778,"Scenario 2A- L02/Caves2016",FALSE,FALSE,"boron_isotopes_guillermic_2022.xlsx",4,,
"boron_isotopes_guillermic_2022.xlsx","boron isotopes",94,2022,"ODP 806_B_3_4_86_88","ODP 806",,,0.3185,159.3615,1.01859,"Globigerinoides ruber","250-300","20.1817880575663","4.62927861454634",,151.144,20.1817880575663,0.289796563578344,4.62927861454634,0.02,32.9167447494784,"Scenario 2A- L02/Caves2016",FALSE,FALSE,"boron_isotopes_guillermic_2022.xlsx",5,,
"boron_isotopes_guillermic_2022.xlsx","boron isotopes",95,2022,"ODP 806_B_3_5_6_8","ODP 806",,,0.3185,159.3615,1.0457,"Globigerinoides ruber","250-300","18.6322992939878","3.26937790709548",,226.465,18.6322992939878,0.289796563578344,3.26937790709548,0.02,25.9208034967701,"Scenario 2A- L02/Caves2016",FALSE,FALSE,"boron_isotopes_guillermic_2022.xlsx",6,,
"boron_isotopes_guillermic_2022.xlsx","boron isotopes",96,2022,"ODP 806_B_3_5_26_28","ODP 806",,,0.3185,159.3615,1.0537,"Globigerinoides ruber","250-300","19.1446692355539","3.3228677904112",,188.925,19.1446692355539,0.289796563578344,3.3228677904112,0.02,26.7979453563036,"Scenario 2A- L02/Caves2016",FALSE,FALSE,"boron_isotopes_guillermic_2022.xlsx",7,,
"boron_isotopes_guillermic_2022.xlsx","boron isotopes",97,2022,"ODP 806_B_4_1_71_73","ODP 806",,,0.3185,159.3615,1.24026,"Globigerinoides ruber","250-300","18.1452447731421","3.47405982580486",,278.377,18.1452447731421,0.209247389225913,3.47405982580486,0.02,26.4461761938914,"Scenario 2A- L02/Caves2016",FALSE,FALSE,"boron_isotopes_guillermic_2022.xlsx",8,,
"boron_isotopes_guillermic_2022.xlsx","boron isotopes",98,2022,"ODP 806_B_4_1_131_133","ODP 806",,,0.3185,159.3615,1.26695,"Globigerinoides ruber","250-300","18.2484335256934","3.86862498452528",,279.909,18.2484335256934,0.209247389225913,3.86862498452528,0.02,28.0381583349889,"Scenario 2A- L02/Caves2016",FALSE,FALSE,"boron_isotopes_guillermic_2022.xlsx",9,,
"boron_isotopes_guillermic_2022.xlsx","boron isotopes",99,2022,"ODP 806_B_5_1_41_43","ODP 806",,,0.3185,159.3615,1.63758137812951,"Globigerinoides ruber","250-300","20.1195201609803","3.84992756008625",,136.528,20.1195201609803,0.257084376147543,3.84992756008625,0.02,29.8859443179072,"Scenario 2A- L02/Caves2016",FALSE,FALSE,"boron_isotopes_guillermic_2022.xlsx",10,,
"boron_isotopes_guillermic_2022.xlsx","boron isotopes",100,2022,"ODP 806_B_5_6_23_25","ODP 806",,,0.3185,159.3615,1.93309566986964,"Globigerinoides ruber","250-300","17.9667271862851","4.10858232087299",,309.934,17.9667271862851,0.257084376147543,4.10858232087299,0.02,28.717286967561,"Scenario 2A- L02/Caves2016",FALSE,FALSE,"boron_isotopes_guillermic_2022.xlsx",11,,
"boron_isotopes_guillermic_2022.xlsx","boron isotopes",101,2022,"ODP 806_B_6_2_0_2","ODP 806",,,0.3185,159.3615,2.06202109792738,"Globigerinoides ruber","250-300","19.3399684407694","5.01669945816092",,199.14,19.3399684407694,0.334054564130627,5.01669945816092,0.02,33.4578254953638,"Scenario 2A- L02/Caves2016",FALSE,FALSE,"boron_isotopes_guillermic_2022.xlsx",12,,
"boron_isotopes_guillermic_2022.xlsx","boron isotopes",102,2022,"ODP 806_B_6_7_24_26","ODP 806",,,0.3185,159.3615,2.35804995766209,"Globigerinoides ruber","250-300","19.29,19.45","3.77205486735043",,165.872,19.3704236334048,0.236212247583082,3.77205486735043,0.02,28.8960076812093,"Scenario 2A- L02/Caves2016",FALSE,FALSE,"boron_isotopes_guillermic_2022.xlsx",13,,
"boron_isotopes_guillermic_2022.xlsx","boron isotopes",103,2022,"ODP 806_B_7_1_24_26","ODP 806",,,0.3185,159.3615,2.37641348044425,"Globigerinoides ruber","250-300","18.38,18.63","3.98151600647593",,234.37,18.5061522418593,0.236212247583082,3.98151600647593,0.02,28.955038496138,"Scenario 2A- L02/Caves2016",FALSE,FALSE,"boron_isotopes_guillermic_2022.xlsx",14,,
"boron_isotopes_guillermic_2022.xlsx","boron isotopes",104,2022,"ODP 806_B_7_1_85_87","ODP 806",,,0.3185,159.3615,2.39958593810049,"Globigerinoides ruber","250-300","17.8465412953883","4.34569806475101",,315.314,17.8465412953883,0.26995517415545,4.34569806475101,0.02,29.6980687098612,"Scenario 2A- L02/Caves2016",FALSE,FALSE,"boron_isotopes_guillermic_2022.xlsx",15,,
"boron_isotopes_guillermic_2022.xlsx","boron isotopes",105,2022,"ODP 806_B_7_2_38_40","ODP 806",,,0.3185,159.3615,2.43792730372649,"Globigerinoides ruber","250-300","16.9667280787451","3.79348286319219",,425.271,16.9667280787451,0.26995517415545,3.79348286319219,0.02,26.3817655221163,"Scenario 2A- L02/Caves2016",FALSE,FALSE,"boron_isotopes_guillermic_2022.xlsx",16,,
"boron_isotopes_guillermic_2022.xlsx","boron isotopes",106,2022,"ODP 806_B_7_2_63_65","ODP 806",,,0.3185,159.3615,2.44720444612591,"Globigerinoides ruber","250-300","18.4986546130204","3.96335642061627",,232.855,18.4986546130204,0.334054564130627,3.96335642061627,0.02,28.9629961593197,"Scenario 2A- L02/Caves2016",FALSE,FALSE,"boron_isotopes_guillermic_2022.xlsx",17,,
"boron_isotopes_guillermic_2022.xlsx","boron isotopes",107,2022,"ODP 806_B_7_2_104_106","ODP 806",,,0.3185,159.3615,2.46239452636003,"Globigerinoides ruber","250-300","17.87,18.37","4.32807258546556",,282.508,18.1192125613726,0.236212247583082,4.32807258546556,0.02,30.1178802890225,"Scenario 2A- L02/Caves2016",FALSE,FALSE,"boron_isotopes_guillermic_2022.xlsx",18,,
"boron_isotopes_guillermic_2022.xlsx","boron isotopes",108,2022,"ODP 806_B_7_2_146_148","ODP 806",,,0.3185,159.3615,2.47792370397612,"Globigerinoides ruber","250-300","17.8927621683715","3.88963415335755",,290.82,17.8927621683715,0.334054564130627,3.88963415335755,0.02,28.0319313280925,"Scenario 2A- L02/Caves2016",FALSE,FALSE,"boron_isotopes_guillermic_2022.xlsx",19,,
"boron_isotopes_guillermic_2022.xlsx","boron isotopes",109,2022,"ODP 806_B_7_3_5_7","ODP 806",,,0.3185,159.3615,2.48124726086275,"Globigerinoides ruber","250-300","18.19,18.77","3.95343006644762",,233.384,18.4773470920483,0.236212247583082,3.95343006644762,0.02,28.8819447874231,"Scenario 2A- L02/Caves2016",FALSE,FALSE,"boron_isotopes_guillermic_2022.xlsx",20,,
"boron_isotopes_guillermic_2022.xlsx","boron isotopes",110,2022,"ODP 806_B_7_3_58_60","ODP 806",,,0.3185,159.3615,2.50078986987786,"Globigerinoides ruber","250-300","18.2690370300418","3.68032306319341",,244.402,18.2690370300418,0.334054564130627,3.68032306319341,0.02,27.6951710040129,"Scenario 2A- L02/Caves2016",FALSE,FALSE,"boron_isotopes_guillermic_2022.xlsx",21,,
"boron_isotopes_guillermic_2022.xlsx","boron isotopes",111,2022,"ODP 806_B_7_3_78_80","ODP 806",,,0.3185,159.3615,2.50815138177535,"Globigerinoides ruber","250-300","18.0004966575147","3.79430108338234",,274.788,18.0004966575147,0.334054564130627,3.79430108338234,0.02,27.8479267139308,"Scenario 2A- L02/Caves2016",FALSE,FALSE,"boron_isotopes_guillermic_2022.xlsx",22,,
"boron_isotopes_guillermic_2022.xlsx","boron isotopes",112,2022,"ODP 806_B_7_4_5_7","ODP 806",,,0.3185,159.3615,2.53642665173807,"Globigerinoides ruber","250-300","18.46,18.6","3.7127269923425",,219.985,18.5300049792525,0.236212247583082,3.7127269923425,0.02,27.8224751007056,"Scenario 2A- L02/Caves2016",FALSE,FALSE,"boron_isotopes_guillermic_2022.xlsx",23,,
"boron_isotopes_guillermic_2022.xlsx","boron isotopes",113,2022,"ODP 806_B_7_4_59_61","ODP 806",,,0.3185,159.3615,2.55619326696427,"Globigerinoides ruber","250-300","18.62,18.76","3.92187891000574",,213.165,18.6896805939797,0.236212247583082,3.92187891000574,0.02,29.1161426119343,"Scenario 2A- L02/Caves2016",FALSE,FALSE,"boron_isotopes_guillermic_2022.xlsx",24,,
"boron_isotopes_guillermic_2022.xlsx","boron isotopes",114,2022,"ODP 806_B_7_4_105_107","ODP 806",,,0.3185,159.3615,2.57299084115138,"Globigerinoides ruber","250-300","18.65,18.83","4.06948288816452",,211.67,18.7365862584764,0.236212247583082,4.06948288816452,0.02,29.507660041592,"Scenario 2A- L02/Caves2016",FALSE,FALSE,"boron_isotopes_guillermic_2022.xlsx",25,,
"boron_isotopes_guillermic_2022.xlsx","boron isotopes",115,2022,"ODP 806_B_8_2_59_61","ODP 806",,,0.3185,159.3615,2.79014133072861,"Globigerinoides ruber","250-300","17.65,18.11","4.06423815261029",,286.421,17.8783997629053,0.236212247583082,4.06423815261029,0.02,28.6790293068172,"Scenario 2A- L02/Caves2016",FALSE,FALSE,"boron_isotopes_guillermic_2022.xlsx",26,,
"boron_isotopes_guillermic_2022.xlsx","boron isotopes",116,2022,"ODP 806_B_8_5_9_11","ODP 806",,,0.3185,159.3615,2.93055439849975,"Globigerinoides ruber","250-300","16.63,17.21","3.95418404513653",,413.093,16.9238634595317,0.236212247583082,3.95418404513653,0.02,27.1727525964753,"Scenario 2A- L02/Caves2016",FALSE,FALSE,"boron_isotopes_guillermic_2022.xlsx",27,,
"boron_isotopes_guillermic_2022.xlsx","boron isotopes",117,2022,"ODP 806_B_8_6_42_44","ODP 806",,,0.3185,159.3615,2.99391875699556,"Globigerinoides ruber","250-300","17.1824453645353","4.10274896823371",,373.802,17.1824453645353,0.334054564130627,4.10274896823371,0.02,28.2442437090445,"Scenario 2A- L02/Caves2016",FALSE,FALSE,"boron_isotopes_guillermic_2022.xlsx",28,,
"boron_isotopes_guillermic_2022.xlsx","boron isotopes",118,2022,"ODP 806_A_1_1_3_5","ODP 806",,,0.3185,159.3613,0.0043,"Trilobatus sacculifer","300-400","17.5340570399127","3.88743240265728",,248.572,17.5340570399127,0.355996030618427,3.88743240265728,0.02,28.9672685213227,"Scenario 2A- L02/Caves2016",FALSE,FALSE,"boron_isotopes_guillermic_2022.xlsx",29,,
"boron_isotopes_guillermic_2022.xlsx","boron isotopes",119,2022,"ODP 806_A_1_2_40_42","ODP 806",,,0.3185,159.3613,0.0899,"Trilobatus sacculifer","300-400","17.9508659232457","3.81158643236407",,224.51,17.9508659232457,0.355996030618427,3.81158643236407,0.02,28.3244132280498,"Scenario 2A- L02/Caves2016",FALSE,FALSE,"boron_isotopes_guillermic_2022.xlsx",30,,
"boron_isotopes_guillermic_2022.xlsx","boron isotopes",120,2022,"ODP 806_B_1_3_2_4","ODP 806",,,0.3185,159.3615,0.1474666667,"Trilobatus sacculifer","300-400","18.24,18.29","3.87043462087612",,194.522,18.2667172036793,0.181786105711041,3.87043462087612,0.02,28.3312114417206,"Scenario 2A- L02/Caves2016",FALSE,FALSE,"boron_isotopes_guillermic_2022.xlsx",31,,
"boron_isotopes_guillermic_2022.xlsx","boron isotopes",121,2022,"ODP 806_B_1_4_23_25","ODP 806",,,0.3185,159.3615,0.22725,"Trilobatus sacculifer","300-400","17.37,17.44","4.28890457875965",,266.494,17.4077341373153,0.251727207325784,4.28890457875965,0.02,29.9509773464072,"Scenario 2A- L02/Caves2016",FALSE,FALSE,"boron_isotopes_guillermic_2022.xlsx",32,,
"boron_isotopes_guillermic_2022.xlsx","boron isotopes",122,2022,"ODP 806_B_3_1_26_28","ODP 806",,,0.3185,159.3615,0.7941,"Trilobatus sacculifer","300-400","19.2624375423482","4.04660589923007",,150.519,19.2624375423482,0.257084376147543,4.04660589923007,0.02,29.1353239281262,"Scenario 2A- L02/Caves2016",FALSE,FALSE,"boron_isotopes_guillermic_2022.xlsx",33,,
"boron_isotopes_guillermic_2022.xlsx","boron isotopes",123,2022,"ODP 806_B_3_1_31_33","ODP 806",,,0.3185,159.3615,0.7961,"Trilobatus sacculifer","300-400","18.7095327095224","3.81054430892158",,168.344,18.7095327095224,0.257084376147543,3.81054430892158,0.02,28.1747601820459,"Scenario 2A- L02/Caves2016",FALSE,FALSE,"boron_isotopes_guillermic_2022.xlsx",34,,
"boron_isotopes_guillermic_2022.xlsx","boron isotopes",124,2022,"ODP 806_B_3_1_91_93","ODP 806",,,0.3185,159.3615,0.823636,"Trilobatus sacculifer","300-400","18.1547713200123","3.74516946405171",,198.348,18.1547713200123,0.257084376147543,3.74516946405171,0.02,28.2010004013728,"Scenario 2A- L02/Caves2016",FALSE,FALSE,"boron_isotopes_guillermic_2022.xlsx",35,,
"boron_isotopes_guillermic_2022.xlsx","boron isotopes",125,2022,"ODP 806_B_3_2_56_58","ODP 806",,,0.3185,159.3615,0.88145,"Trilobatus sacculifer","300-400","18.5936570491383","3.19204855842061",,164.981,18.5936570491383,0.257084376147543,3.19204855842061,0.02,25.6298849282792,"Scenario 2A- L02/Caves2016",FALSE,FALSE,"boron_isotopes_guillermic_2022.xlsx",36,,
"boron_isotopes_guillermic_2022.xlsx","boron isotopes",126,2022,"ODP 806_B_3_3_11_13","ODP 806",,,0.3185,159.3615,0.92975,"Trilobatus sacculifer","300-400","17.5622153630663","3.57333969686183",,224.523,17.5622153630663,0.289796563578344,3.57333969686183,0.02,27.472489059025,"Scenario 2A- L02/Caves2016",FALSE,FALSE,"boron_isotopes_guillermic_2022.xlsx",37,,
"boron_isotopes_guillermic_2022.xlsx","boron isotopes",127,2022,"ODP 806_B_3_4_16_18","ODP 806",,,0.3185,159.3615,0.98989,"Trilobatus sacculifer","300-400","17.2869628064316","3.52138089066004",,250.799,17.2869628064316,0.209247389225913,3.52138089066004,0.02,27.2944559654314,"Scenario 2A- L02/Caves2016",FALSE,FALSE,"boron_isotopes_guillermic_2022.xlsx",38,,
"boron_isotopes_guillermic_2022.xlsx","boron isotopes",128,2022,"ODP 806_B_3_4_21_23","ODP 806",,,0.3185,159.3615,0.99194,"Trilobatus sacculifer","300-400","18.9402276563053","3.40856309154756",,155.019,18.9402276563053,0.289796563578344,3.40856309154756,0.02,26.8440066223081,"Scenario 2A- L02/Caves2016",FALSE,FALSE,"boron_isotopes_guillermic_2022.xlsx",39,,
"boron_isotopes_guillermic_2022.xlsx","boron isotopes",129,2022,"ODP 806_B_3_5_31_33","ODP 806",,,0.3185,159.3615,1.04834,"Trilobatus sacculifer","300-400","18.6868297497487","3.22411493156574",,150.843,18.6868297497487,0.289796563578344,3.22411493156574,0.02,25.9548277607561,"Scenario 2A- L02/Caves2016",FALSE,FALSE,"boron_isotopes_guillermic_2022.xlsx",40,,
"boron_isotopes_guillermic_2022.xlsx","boron isotopes",130,2022,"ODP 806_B_4_1_56_58","ODP 806",,,0.3185,159.3615,1.23336,"Trilobatus sacculifer","300-400","17.2919165003023","4.07316327729619",,271.584,17.2919165003023,0.209247389225913,4.07316327729619,0.02,29.7692929973474,"Scenario 2A- L02/Caves2016",FALSE,FALSE,"boron_isotopes_guillermic_2022.xlsx",41,,
"boron_isotopes_guillermic_2022.xlsx","boron isotopes",131,2022,"ODP 806_B_4_1_146_148","ODP 806",,,0.3185,159.3615,1.273539326,"Trilobatus sacculifer","300-400","17.08260880785","3.60761393808757",,274.361,17.08260880785,0.209247389225913,3.60761393808757,0.02,27.8108469900033,"Scenario 2A- L02/Caves2016",FALSE,FALSE,"boron_isotopes_guillermic_2022.xlsx",42,,
"boron_isotopes_guillermic_2022.xlsx","boron isotopes",132,2022,"ODP 806_A_4_4_35_37","ODP 806",,,0.3185,159.3613,1.42678601773634,"Trilobatus sacculifer","300-400","16.8949510377319","4.2442135305381",,295.933,16.8949510377319,0.355996030618427,4.2442135305381,0.02,30.3303908489411,"Scenario 2A- L02/Caves2016",FALSE,FALSE,"boron_isotopes_guillermic_2022.xlsx",43,,
"boron_isotopes_guillermic_2022.xlsx","boron isotopes",133,2022,"ODP 806_B_10_2_77_79","ODP 806",,,0.3185,159.3615,3.44005288363102,"Trilobatus sacculifer","300-400","16.54,16.67","3.81600982893819",,236.653,16.6035291176133,0.251727207325784,3.81600982893819,0.02,29.3324893540626,"Scenario 2A- L02/Caves2016",FALSE,FALSE,"boron_isotopes_guillermic_2022.xlsx",44,,
"boron_isotopes_guillermic_2022.xlsx","boron isotopes",134,2022,"ODP 806_B_10_3_137_139","ODP 806",,,0.3185,159.3615,3.50787424937459,"Trilobatus sacculifer","300-400","16.13,16.18","3.98846699744002",,287.172,16.1517647790278,0.251727207325784,3.98846699744002,0.02,30.0305411016925,"Scenario 2A- L02/Caves2016",FALSE,FALSE,"boron_isotopes_guillermic_2022.xlsx",45,,
"boron_isotopes_guillermic_2022.xlsx","boron isotopes",135,2022,"ODP 806_B_11_1_117_119","ODP 806",,,0.3185,159.3615,3.70764094313002,"Trilobatus sacculifer","300-400","15.3481839754495","4.0238146213234",,371.009,15.3481839754495,0.355996030618427,4.0238146213234,0.02,30.2949501525424,"Scenario 2A- L02/Caves2016",FALSE,FALSE,"boron_isotopes_guillermic_2022.xlsx",46,,
"boron_isotopes_guillermic_2022.xlsx","boron isotopes",136,2022,"ODP 806_B_12_5_120_122","ODP 806",,,0.3185,159.3615,4.17800645608518,"Trilobatus sacculifer","300-400","15.5606585956163","3.4056159839687",,334.715,15.5606585956163,0.355996030618427,3.4056159839687,0.02,27.5857518515045,"Scenario 2A- L02/Caves2016",FALSE,FALSE,"boron_isotopes_guillermic_2022.xlsx",47,,
"boron_isotopes_guillermic_2022.xlsx","boron isotopes",137,2022,"ODP 806_B_14_2_80_82","ODP 806",,,0.3185,159.3615,4.58074606503804,"Trilobatus sacculifer","300-400","15.5255197392192","3.08535568571191",,329.212,15.5255197392192,0.355996030618427,3.08535568571191,0.02,26.1422917543252,"Scenario 2A- L02/Caves2016",FALSE,FALSE,"boron_isotopes_guillermic_2022.xlsx",48,,
"boron_isotopes_guillermic_2022.xlsx","boron isotopes",138,2022,"ODP 806_B_14_6_0_2","ODP 806",,,0.3185,159.3615,4.72408281091584,"Trilobatus sacculifer","300-400","16.54,16.57","3.64137575562043",,272.785,16.551638106557,0.251727207325784,3.64137575562043,0.02,28.7757868765332,"Scenario 2A- L02/Caves2016",FALSE,FALSE,"boron_isotopes_guillermic_2022.xlsx",49,,
"boron_isotopes_guillermic_2022.xlsx","boron isotopes",139,2022,"ODP 806_B_15_4_79_81","ODP 806",,,0.3185,159.3615,4.9207534506387,"Trilobatus sacculifer","300-400","15.819690032457","3.73124965887385",,358.28,15.819690032457,0.355996030618427,3.73124965887385,0.02,29.2193628901779,"Scenario 2A- L02/Caves2016",FALSE,FALSE,"boron_isotopes_guillermic_2022.xlsx",50,,
"boron_isotopes_guillermic_2022.xlsx","boron isotopes",140,2022,"ODP 806_B_16_3_139_141","ODP 806",,,0.3185,159.3615,5.14684675556901,"Trilobatus sacculifer","300-400","15.6454763670417","3.69451659104482",,409.393,15.6454763670417,0.355996030618427,3.69451659104482,0.02,29.1060130351226,"Scenario 2A- L02/Caves2016",FALSE,FALSE,"boron_isotopes_guillermic_2022.xlsx",51,,
"boron_isotopes_guillermic_2022.xlsx","boron isotopes",141,2022,"ODP 806_B_25_3_29_31","ODP 806",,,0.3185,159.3615,7.14877919657069,"Trilobatus sacculifer","300-400","16.4019869646017","3.41354044338564",,253.465,16.4019869646017,0.355996030618427,3.41354044338564,0.02,28.2662869055263,"Scenario 2A- L02/Caves2016",FALSE,FALSE,"boron_isotopes_guillermic_2022.xlsx",52,,
"boron_isotopes_guillermic_2022.xlsx","boron isotopes",142,2022,"ODP 806_B_29_5_30_32","ODP 806",,,0.3185,159.3615,8.07134881349901,"Trilobatus sacculifer","300-400","16.03,16.1","3.81264190801479",,300.213,16.0634624780658,0.251727207325784,3.81264190801479,0.02,30.3118389571928,"Scenario 2A- L02/Caves2016",FALSE,FALSE,"boron_isotopes_guillermic_2022.xlsx",53,,
"boron_isotopes_guillermic_2022.xlsx","boron isotopes",143,2022,"ODP 806_B_30_1_30_32","ODP 806",,,0.3185,159.3615,8.1510267939941,"Trilobatus sacculifer","300-400","16.1550376273871","3.77382105144281",,286.719,16.1550376273871,0.15,3.77382105144281,0.02,30.1108463612238,"Scenario 2A- L02/Caves2016",FALSE,FALSE,"boron_isotopes_guillermic_2022.xlsx",54,,
"boron_isotopes_guillermic_2022.xlsx","boron isotopes",144,2022,"ODP 806_B_30_5_30_32","ODP 806",,,0.3185,159.3615,8.28774777875109,"Trilobatus sacculifer","300-400","16.4,16.85","5.11236042886892",,296.281,16.6262191869621,0.106066017177982,5.11236042886892,0.02,34.9496464566685,"Scenario 2A- L02/Caves2016",FALSE,FALSE,"boron_isotopes_guillermic_2022.xlsx",55,,
"boron_isotopes_guillermic_2022.xlsx","boron isotopes",145,2022,"ODP 806_B_31_5_32_34","ODP 806",,,0.3185,159.3615,8.50601659120109,"Trilobatus sacculifer","300-400","16.19,16.6","3.2596382777088",,228.77,16.3906071045696,0.251727207325784,3.2596382777088,0.02,27.7868301956873,"Scenario 2A- L02/Caves2016",FALSE,FALSE,"boron_isotopes_guillermic_2022.xlsx",56,,
"boron_isotopes_guillermic_2022.xlsx","boron isotopes",146,2022,"ODP 806_B_32_2_29_31","ODP 806",,,0.3185,159.3615,8.62119336182011,"Trilobatus sacculifer","300-400","16.06,16.35","3.63772257341814",,276.026,16.2037997699778,0.106066017177982,3.63772257341814,0.02,29.6830925679373,"Scenario 2A- L02/Caves2016",FALSE,FALSE,"boron_isotopes_guillermic_2022.xlsx",57,,
"boron_isotopes_guillermic_2022.xlsx","boron isotopes",147,2022,"ODP 806_B_33_2_30_32","ODP 806",,,0.3185,159.3615,8.84281662718424,"Trilobatus sacculifer","300-400","16.1009451485623","3.7793702461552",,278.001,16.1009451485623,0.355996030618427,3.7793702461552,0.02,30.3657325632713,"Scenario 2A- L02/Caves2016",FALSE,FALSE,"boron_isotopes_guillermic_2022.xlsx",58,,
"boron_isotopes_guillermic_2022.xlsx","boron isotopes",148,2022,"ODP 806_B_33_5_30_32","ODP 806",,,0.3185,159.3615,8.94898565619453,"Trilobatus sacculifer","300-400","15.3478929534207","3.69814923280863",,352.648,15.3478929534207,0.15,3.69814923280863,0.02,29.8183584610118,"Scenario 2A- L02/Caves2016",FALSE,FALSE,"boron_isotopes_guillermic_2022.xlsx",59,,
"boron_isotopes_guillermic_2022.xlsx","boron isotopes",149,2022,"ODP 806_B_34_5_30_32","ODP 806",,,0.3185,159.3615,9.17459161054386,"Trilobatus sacculifer","300-400","15.8959512635768","4.46501231479868",,305.503,15.8959512635768,0.355996030618427,4.46501231479868,0.02,33.1309318874652,"Scenario 2A- L02/Caves2016",FALSE,FALSE,"boron_isotopes_guillermic_2022.xlsx",60,,
"boron_isotopes_guillermic_2022.xlsx","boron isotopes",150,2022,"ODP 806_B_35_5_30_32","ODP 806",,,0.3185,159.3615,9.25859698021535,"Trilobatus sacculifer","300-400","14.6723020653259","4.06268580629875",,427.737,14.6723020653259,0.355996030618427,4.06268580629875,0.02,31.3971082089978,"Scenario 2A- L02/Caves2016",FALSE,FALSE,"boron_isotopes_guillermic_2022.xlsx",61,,
"boron_isotopes_guillermic_2022.xlsx","boron isotopes",151,2022,"ODP 806_B_36_1_32_34","ODP 806",,,0.3185,159.3615,9.49455149736663,"Trilobatus sacculifer","300-400","15.320579467551","3.87644434723032",,369.52,15.320579467551,0.218106939070212,3.87644434723032,0.02,30.6446477129892,"Scenario 2A- L02/Caves2016",FALSE,FALSE,"boron_isotopes_guillermic_2022.xlsx",62,,
"boron_isotopes_guillermic_2022.xlsx","boron isotopes",152,2022,"ODP 806_B_44_5_34_36","ODP 806",,,0.3185,159.3615,11.6930464777809,"Trilobatus sacculifer","300-400","14.9288120772462","4.69848983874337",,408.402,14.9288120772462,0.355996030618427,4.69848983874337,0.02,34.3545007446674,"Scenario 2A- L02/Caves2016",FALSE,FALSE,"boron_isotopes_guillermic_2022.xlsx",63,,
"boron_isotopes_guillermic_2022.xlsx","boron isotopes",153,2022,"ODP 806_B_46_1_33_35","ODP 806",,,0.3185,159.3615,12.0743291725144,"Trilobatus sacculifer","300-400","14.514874438295","4.86997416344244",,434.111,14.514874438295,0.218106939070212,4.86997416344244,0.02,35.1258129789054,"Scenario 2A- L02/Caves2016",FALSE,FALSE,"boron_isotopes_guillermic_2022.xlsx",64,,
"boron_isotopes_guillermic_2022.xlsx","boron isotopes",154,2022,"ODP 806_B_46_5_33_35","ODP 806",,,0.3185,159.3615,12.2491360536618,"Trilobatus sacculifer","300-400","14.9725423433844","4.46362004168158",,453.225,14.9725423433844,0.218106939070212,4.46362004168158,0.02,33.4779484403899,"Scenario 2A- L02/Caves2016",FALSE,FALSE,"boron_isotopes_guillermic_2022.xlsx",65,,
"boron_isotopes_guillermic_2022.xlsx","boron isotopes",155,2022,"ODP 806_B_47_3_34_36","ODP 806",,,0.3185,159.3615,12.4433958042479,"Trilobatus sacculifer","300-400","14.7201508573611","4.63675716441468",,439.935,14.7201508573611,0.355996030618427,4.63675716441468,0.02,34.104634548784,"Scenario 2A- L02/Caves2016",FALSE,FALSE,"boron_isotopes_guillermic_2022.xlsx",66,,
"boron_isotopes_guillermic_2022.xlsx","boron isotopes",156,2022,"ODP 806_B_48_2_34_36","ODP 806",,,0.3185,159.3615,12.6875680903289,"Trilobatus sacculifer","300-400","16.3986441653323","4.53678823795979",,247.371,16.3986441653323,0.289796563578344,4.53678823795979,0.02,34.1715278966383,"Scenario 2A- L02/Caves2016",FALSE,FALSE,"boron_isotopes_guillermic_2022.xlsx",67,,
"boron_isotopes_guillermic_2022.xlsx","boron isotopes",157,2022,"ODP 806_B_48_5_34_36","ODP 806",,,0.3185,159.3615,12.8231641395729,"Trilobatus sacculifer","300-400","14.8642437158979","4.12909032762973",,355.891,14.8642437158979,0.249881015112098,4.12909032762973,0.02,32.4166687335936,"Scenario 2A- L02/Caves2016",FALSE,FALSE,"boron_isotopes_guillermic_2022.xlsx",68,,
"boron_isotopes_guillermic_2022.xlsx","boron isotopes",158,2022,"ODP 806_B_50_2_32_34","ODP 806",,,0.3185,159.3615,13.2275985034146,"Trilobatus sacculifer","300-400","13.8485094923635","4.49197274977128",,523.328,13.8485094923635,0.355996030618427,4.49197274977128,0.02,34.118865362805,"Scenario 2A- L02/Caves2016",FALSE,FALSE,"boron_isotopes_guillermic_2022.xlsx",69,,
"boron_isotopes_guillermic_2022.xlsx","boron isotopes",159,2022,"ODP 806_B_51_2_29_31","ODP 806",,,0.3185,159.3615,13.5267078798778,"Trilobatus sacculifer","300-400","14.0930422101688","4.25391970282455",,489.891,14.0930422101688,0.218106939070212,4.25391970282455,0.02,33.0661062302811,"Scenario 2A- L02/Caves2016",FALSE,FALSE,"boron_isotopes_guillermic_2022.xlsx",70,,
"boron_isotopes_guillermic_2022.xlsx","boron isotopes",160,2022,"ODP 806_B_52_2_31_33","ODP 806",,,0.3185,159.3615,13.8181037708104,"Trilobatus sacculifer","300-400","14.541399070418","4.94441987061708",,474.986,14.541399070418,0.257084376147543,4.94441987061708,0.02,35.7632461419444,"Scenario 2A- L02/Caves2016",FALSE,FALSE,"boron_isotopes_guillermic_2022.xlsx",71,,
"boron_isotopes_guillermic_2022.xlsx","boron isotopes",161,2022,"ODP 806_B_52_4_33_35","ODP 806",,,0.3185,159.3615,13.9136233156718,"Trilobatus sacculifer","300-400","14.571632940876","5.06048645043184",,500.374,14.571632940876,0.249881015112098,5.06048645043184,0.02,36.1278254977391,"Scenario 2A- L02/Caves2016",FALSE,FALSE,"boron_isotopes_guillermic_2022.xlsx",72,,
"boron_isotopes_guillermic_2022.xlsx","boron isotopes",162,2022,"ODP 806_B_56_2_35_37","ODP 806",,,0.3185,159.3615,15.0606830478701,"Trilobatus sacculifer","300-400","13.5243454299339","4.76413978297987",,725.475,13.5243454299339,0.289796563578344,4.76413978297987,0.02,35.5144618842596,"Scenario 2A- L02/Caves2016",FALSE,FALSE,"boron_isotopes_guillermic_2022.xlsx",73,,
"boron_isotopes_guillermic_2022.xlsx","boron isotopes",163,2022,"ODP 806_B_58_2_33_35","ODP 806",,,0.3185,159.3615,15.6887107689339,"Trilobatus sacculifer","300-400","14.46618317487","4.86309813315101",,533.184,14.46618317487,0.209247389225913,4.86309813315101,0.02,35.9539862402968,"Scenario 2A- L02/Caves2016",FALSE,FALSE,"boron_isotopes_guillermic_2022.xlsx",74,,
"boron_isotopes_guillermic_2022.xlsx","boron isotopes",164,2022,"ODP 807_A_1_1_20_22","ODP 807",,,3.607,156.6248,0.00984,"Trilobatus sacculifer","300-400","18.17,18.38","4.23531932543763",,213.909,18.2757800233716,0.147960247867224,4.23531932543763,0.02,30.5108116795881,"Scenario 2A- L02/Caves2016",FALSE,FALSE,"boron_isotopes_guillermic_2022.xlsx",75,,
"boron_isotopes_guillermic_2022.xlsx","boron isotopes",165,2022,"ODP 807_A_1_1_30_32","ODP 807",,,3.607,156.6248,0.0142,"Trilobatus sacculifer","300-400","18.7392493728056","4.27281764382983",,183.227,18.7392493728056,0.257084376147543,4.27281764382983,0.02,30.4573807336649,"Scenario 2A- L02/Caves2016",FALSE,FALSE,"boron_isotopes_guillermic_2022.xlsx",76,,
"boron_isotopes_guillermic_2022.xlsx","boron isotopes",166,2022,"ODP 807_A_1_1_90_92","ODP 807",,,3.607,156.6248,0.04659,"Trilobatus sacculifer","300-400","19.076580376431","3.4658848793853",,152.921,19.076580376431,0.257084376147543,3.4658848793853,0.02,27.0051564832072,"Scenario 2A- L02/Caves2016",FALSE,FALSE,"boron_isotopes_guillermic_2022.xlsx",77,,
"boron_isotopes_guillermic_2022.xlsx","boron isotopes",167,2022,"ODP 807_A_1_2_0_2","ODP 807",,,3.607,156.6248,0.07897,"Trilobatus sacculifer","300-400","18.3564217074044","3.44351779669892",,174.271,18.3564217074044,0.289796563578344,3.44351779669892,0.02,27.1692272562916,"Scenario 2A- L02/Caves2016",FALSE,FALSE,"boron_isotopes_guillermic_2022.xlsx",78,,
"boron_isotopes_guillermic_2022.xlsx","boron isotopes",168,2022,"ODP 807_A_1_3_0_2","ODP 807",,,3.607,156.6248,0.18204,"Trilobatus sacculifer","300-400","17.1278948549611","3.25553095257516",,237.885,17.1278948549611,0.289796563578344,3.25553095257516,0.02,25.9714678888194,"Scenario 2A- L02/Caves2016",FALSE,FALSE,"boron_isotopes_guillermic_2022.xlsx",79,,
"boron_isotopes_guillermic_2022.xlsx","boron isotopes",169,2022,"ODP 807_A_1_3_90_92","ODP 807",,,3.607,156.6248,0.2272,"Trilobatus sacculifer","300-400","17.53,17.75","3.96187954253761",,249.425,17.6412138793557,0.181786105711041,3.96187954253761,0.02,29.0643955337105,"Scenario 2A- L02/Caves2016",FALSE,FALSE,"boron_isotopes_guillermic_2022.xlsx",80,,
"boron_isotopes_guillermic_2022.xlsx","boron isotopes",170,2022,"ODP 807_A_1_3_100_102","ODP 807",,,3.607,156.6248,0.2312,"Trilobatus sacculifer","300-400","16.8265422661253","3.99138579260856",,309.051,16.8265422661253,0.209247389225913,3.99138579260856,0.02,29.3564457083445,"Scenario 2A- L02/Caves2016",FALSE,FALSE,"boron_isotopes_guillermic_2022.xlsx",81,,
"boron_isotopes_guillermic_2022.xlsx","boron isotopes",171,2022,"ODP 807_A_2_4_0_2","ODP 807",,,3.607,156.6248,0.342,"Trilobatus sacculifer","300-400","17.8545919686415","3.58080650094467",,212.371,17.8545919686415,0.257084376147543,3.58080650094467,0.02,27.3336666797388,"Scenario 2A- L02/Caves2016",FALSE,FALSE,"boron_isotopes_guillermic_2022.xlsx",82,,
"boron_isotopes_guillermic_2022.xlsx","boron isotopes",172,2022,"ODP 807_A_2_5_0_2","ODP 807",,,3.607,156.6248,0.43081,"Trilobatus sacculifer","300-400","17.6732599985401","3.81841713979394",,239.026,17.6732599985401,0.289796563578344,3.81841713979394,0.02,28.3496473209211,"Scenario 2A- L02/Caves2016",FALSE,FALSE,"boron_isotopes_guillermic_2022.xlsx",83,,
"boron_isotopes_guillermic_2022.xlsx","boron isotopes",173,2022,"ODP 807_A_2_6_0_2","ODP 807",,,3.607,156.6248,0.604,"Trilobatus sacculifer","300-400","17.6381226422233","4.20533422143673",,259.783,17.6381226422233,0.257084376147543,4.20533422143673,0.02,30.1437554874146,"Scenario 2A- L02/Caves2016",FALSE,FALSE,"boron_isotopes_guillermic_2022.xlsx",84,,
"boron_isotopes_guillermic_2022.xlsx","boron isotopes",174,2022,"ODP 807_A_3_2_0_2","ODP 807",,,3.607,156.6248,0.857,"Trilobatus sacculifer","300-400","17.8575847318092","3.7286752109571",,226.628,17.8575847318092,0.257084376147543,3.7286752109571,0.02,28.6062557075849,"Scenario 2A- L02/Caves2016",FALSE,FALSE,"boron_isotopes_guillermic_2022.xlsx",85,,
"boron_isotopes_guillermic_2022.xlsx","boron isotopes",175,2022,"ODP 807_A_3_3_0_2","ODP 807",,,3.607,156.6248,0.93967,"Trilobatus sacculifer","300-400","17.14,17.56","3.79813435780893",,263.819,17.3507522158897,0.147960247867224,3.79813435780893,0.02,28.8327303223906,"Scenario 2A- L02/Caves2016",FALSE,FALSE,"boron_isotopes_guillermic_2022.xlsx",86,,
"boron_isotopes_guillermic_2022.xlsx","boron isotopes",176,2022,"ODP 807_A_3_7_0_2","ODP 807",,,3.607,156.6248,1.278,"Trilobatus sacculifer","300-400","17.9142227820197","4.14937609344839",,229.922,17.9142227820197,0.257084376147543,4.14937609344839,0.02,30.2461101685407,"Scenario 2A- L02/Caves2016",FALSE,FALSE,"boron_isotopes_guillermic_2022.xlsx",87,,
"boron_isotopes_guillermic_2022.xlsx","boron isotopes",177,2022,"ODP 807_A_7_6_10_12","ODP 807",,,3.607,156.6248,3.04732,"Trilobatus sacculifer","300-400","16.1589598017406","3.90799949883674",,312.799,16.1589598017406,0.334054564130627,3.90799949883674,0.02,29.9560576152129,"Scenario 2A- L02/Caves2016",FALSE,FALSE,"boron_isotopes_guillermic_2022.xlsx",88,,
"boron_isotopes_guillermic_2022.xlsx","boron isotopes",178,2022,"ODP 807_A_8_3_0_2","ODP 807",,,3.607,156.6248,3.21786,"Trilobatus sacculifer","300-400","15.2977200517472","3.96781523064541",,391.398,15.2977200517472,0.249881015112098,3.96781523064541,0.02,30.2731393784531,"Scenario 2A- L02/Caves2016",FALSE,FALSE,"boron_isotopes_guillermic_2022.xlsx",89,,
"boron_isotopes_guillermic_2022.xlsx","boron isotopes",179,2022,"ODP 807_A_8_5_0_2","ODP 807",,,3.607,156.6248,3.32499,"Trilobatus sacculifer","300-400","15.430801995679","3.90312084798388",,373.83,15.430801995679,0.249881015112098,3.90312084798388,0.02,29.9847647190781,"Scenario 2A- L02/Caves2016",FALSE,FALSE,"boron_isotopes_guillermic_2022.xlsx",90,,
"boron_isotopes_guillermic_2022.xlsx","boron isotopes",180,2022,"ODP 807_A_9_4_0_2","ODP 807",,,3.607,156.6248,3.61514,"Trilobatus sacculifer","300-400","15.5511562311546","3.40434127117707",,329.725,15.5511562311546,0.139736223494649,3.40434127117707,0.02,27.8711886084791,"Scenario 2A- L02/Caves2016",FALSE,FALSE,"boron_isotopes_guillermic_2022.xlsx",91,,
"boron_isotopes_guillermic_2022.xlsx","boron isotopes",181,2022,"ODP 807_A_13_4_0_2","ODP 807",,,3.607,156.6248,4.52418,"Trilobatus sacculifer","300-400","15.1432366079891","3.15427480280467",,418.949,15.1432366079891,0.139736223494649,3.15427480280467,0.02,26.8361272700912,"Scenario 2A- L02/Caves2016",FALSE,FALSE,"boron_isotopes_guillermic_2022.xlsx",92,,
"boron_isotopes_guillermic_2022.xlsx","boron isotopes",182,2022,"ODP 806_B_3_2_101_103","ODP 806",,,0.3185,159.3615,0.90395,"Globigerinoides ruber","250-300","19.0329780437852","3.52588773399394",,178.172,19.0329780437852,0.289796563578344,3.52588773399394,0.02,27.4811753172778,"Scenario 3A- RH13/Caves2016",FALSE,FALSE,"boron_isotopes_guillermic_2022.xlsx",4,,
"boron_isotopes_guillermic_2022.xlsx","boron isotopes",183,2022,"ODP 806_B_3_4_86_88","ODP 806",,,0.3185,159.3615,1.01859,"Globigerinoides ruber","250-300","20.1817880575663","4.62927861454634",,131.266,20.1817880575663,0.289796563578344,4.62927861454634,0.02,32.9167447494784,"Scenario 3A- RH13/Caves2016",FALSE,FALSE,"boron_isotopes_guillermic_2022.xlsx",5,,
"boron_isotopes_guillermic_2022.xlsx","boron isotopes",184,2022,"ODP 806_B_3_5_6_8","ODP 806",,,0.3185,159.3615,1.0457,"Globigerinoides ruber","250-300","18.6322992939878","3.26937790709548",,195.858,18.6322992939878,0.289796563578344,3.26937790709548,0.02,25.9208034967701,"Scenario 3A- RH13/Caves2016",FALSE,FALSE,"boron_isotopes_guillermic_2022.xlsx",6,,
"boron_isotopes_guillermic_2022.xlsx","boron isotopes",185,2022,"ODP 806_B_3_5_26_28","ODP 806",,,0.3185,159.3615,1.0537,"Globigerinoides ruber","250-300","19.1446692355539","3.3228677904112",,164.103,19.1446692355539,0.289796563578344,3.3228677904112,0.02,26.7979453563036,"Scenario 3A- RH13/Caves2016",FALSE,FALSE,"boron_isotopes_guillermic_2022.xlsx",7,,
"boron_isotopes_guillermic_2022.xlsx","boron isotopes",186,2022,"ODP 806_B_4_1_71_73","ODP 806",,,0.3185,159.3615,1.24026,"Globigerinoides ruber","250-300","18.1452447731421","3.47405982580486",,242.716,18.1452447731421,0.209247389225913,3.47405982580486,0.02,26.4461761938914,"Scenario 3A- RH13/Caves2016",FALSE,FALSE,"boron_isotopes_guillermic_2022.xlsx",8,,
"boron_isotopes_guillermic_2022.xlsx","boron isotopes",187,2022,"ODP 806_B_4_1_131_133","ODP 806",,,0.3185,159.3615,1.26695,"Globigerinoides ruber","250-300","18.2484335256934","3.86862498452528",,244.747,18.2484335256934,0.209247389225913,3.86862498452528,0.02,28.0381583349889,"Scenario 3A- RH13/Caves2016",FALSE,FALSE,"boron_isotopes_guillermic_2022.xlsx",9,,
"boron_isotopes_guillermic_2022.xlsx","boron isotopes",188,2022,"ODP 806_B_5_1_41_43","ODP 806",,,0.3185,159.3615,1.63758137812951,"Globigerinoides ruber","250-300","20.1195201609803","3.84992756008625",,123.496,20.1195201609803,0.257084376147543,3.84992756008625,0.02,29.8859443179072,"Scenario 3A- RH13/Caves2016",FALSE,FALSE,"boron_isotopes_guillermic_2022.xlsx",10,,
"boron_isotopes_guillermic_2022.xlsx","boron isotopes",189,2022,"ODP 806_B_5_6_23_25","ODP 806",,,0.3185,159.3615,1.93309566986964,"Globigerinoides ruber","250-300","17.9667271862851","4.10858232087299",,282.719,17.9667271862851,0.257084376147543,4.10858232087299,0.02,28.717286967561,"Scenario 3A- RH13/Caves2016",FALSE,FALSE,"boron_isotopes_guillermic_2022.xlsx",11,,
"boron_isotopes_guillermic_2022.xlsx","boron isotopes",190,2022,"ODP 806_B_6_2_0_2","ODP 806",,,0.3185,159.3615,2.06202109792738,"Globigerinoides ruber","250-300","19.3399684407694","5.01669945816092",,185.851,19.3399684407694,0.334054564130627,5.01669945816092,0.02,33.4578254953638,"Scenario 3A- RH13/Caves2016",FALSE,FALSE,"boron_isotopes_guillermic_2022.xlsx",12,,
"boron_isotopes_guillermic_2022.xlsx","boron isotopes",191,2022,"ODP 806_B_6_7_24_26","ODP 806",,,0.3185,159.3615,2.35804995766209,"Globigerinoides ruber","250-300","19.29,19.45","3.77205486735043",,161.611,19.3704236334048,0.236212247583082,3.77205486735043,0.02,28.8960076812093,"Scenario 3A- RH13/Caves2016",FALSE,FALSE,"boron_isotopes_guillermic_2022.xlsx",13,,
"boron_isotopes_guillermic_2022.xlsx","boron isotopes",192,2022,"ODP 806_B_7_1_24_26","ODP 806",,,0.3185,159.3615,2.37641348044425,"Globigerinoides ruber","250-300","18.38,18.63","3.98151600647593",,228.715,18.5061522418593,0.236212247583082,3.98151600647593,0.02,28.955038496138,"Scenario 3A- RH13/Caves2016",FALSE,FALSE,"boron_isotopes_guillermic_2022.xlsx",14,,
"boron_isotopes_guillermic_2022.xlsx","boron isotopes",193,2022,"ODP 806_B_7_1_85_87","ODP 806",,,0.3185,159.3615,2.39958593810049,"Globigerinoides ruber","250-300","17.8465412953883","4.34569806475101",,308.44,17.8465412953883,0.26995517415545,4.34569806475101,0.02,29.6980687098612,"Scenario 3A- RH13/Caves2016",FALSE,FALSE,"boron_isotopes_guillermic_2022.xlsx",15,,
"boron_isotopes_guillermic_2022.xlsx","boron isotopes",194,2022,"ODP 806_B_7_2_38_40","ODP 806",,,0.3185,159.3615,2.43792730372649,"Globigerinoides ruber","250-300","16.9667280787451","3.79348286319219",,417.668,16.9667280787451,0.26995517415545,3.79348286319219,0.02,26.3817655221163,"Scenario 3A- RH13/Caves2016",FALSE,FALSE,"boron_isotopes_guillermic_2022.xlsx",16,,
"boron_isotopes_guillermic_2022.xlsx","boron isotopes",195,2022,"ODP 806_B_7_2_63_65","ODP 806",,,0.3185,159.3615,2.44720444612591,"Globigerinoides ruber","250-300","18.4986546130204","3.96335642061627",,229.675,18.4986546130204,0.334054564130627,3.96335642061627,0.02,28.9629961593197,"Scenario 3A- RH13/Caves2016",FALSE,FALSE,"boron_isotopes_guillermic_2022.xlsx",17,,
"boron_isotopes_guillermic_2022.xlsx","boron isotopes",196,2022,"ODP 806_B_7_2_104_106","ODP 806",,,0.3185,159.3615,2.46239452636003,"Globigerinoides ruber","250-300","17.87,18.37","4.32807258546556",,279.184,18.1192125613726,0.236212247583082,4.32807258546556,0.02,30.1178802890225,"Scenario 3A- RH13/Caves2016",FALSE,FALSE,"boron_isotopes_guillermic_2022.xlsx",18,,
"boron_isotopes_guillermic_2022.xlsx","boron isotopes",197,2022,"ODP 806_B_7_2_146_148","ODP 806",,,0.3185,159.3615,2.47792370397612,"Globigerinoides ruber","250-300","17.8927621683715","3.88963415335755",,288.053,17.8927621683715,0.334054564130627,3.88963415335755,0.02,28.0319313280925,"Scenario 3A- RH13/Caves2016",FALSE,FALSE,"boron_isotopes_guillermic_2022.xlsx",19,,
"boron_isotopes_guillermic_2022.xlsx","boron isotopes",198,2022,"ODP 806_B_7_3_5_7","ODP 806",,,0.3185,159.3615,2.48124726086275,"Globigerinoides ruber","250-300","18.19,18.77","3.95343006644762",,231.374,18.4773470920483,0.236212247583082,3.95343006644762,0.02,28.8819447874231,"Scenario 3A- RH13/Caves2016",FALSE,FALSE,"boron_isotopes_guillermic_2022.xlsx",20,,
"boron_isotopes_guillermic_2022.xlsx","boron isotopes",199,2022,"ODP 806_B_7_3_58_60","ODP 806",,,0.3185,159.3615,2.50078986987786,"Globigerinoides ruber","250-300","18.2690370300418","3.68032306319341",,243.009,18.2690370300418,0.334054564130627,3.68032306319341,0.02,27.6951710040129,"Scenario 3A- RH13/Caves2016",FALSE,FALSE,"boron_isotopes_guillermic_2022.xlsx",21,,
"boron_isotopes_guillermic_2022.xlsx","boron isotopes",200,2022,"ODP 806_B_7_3_78_80","ODP 806",,,0.3185,159.3615,2.50815138177535,"Globigerinoides ruber","250-300","18.0004966575147","3.79430108338234",,273.484,18.0004966575147,0.334054564130627,3.79430108338234,0.02,27.8479267139308,"Scenario 3A- RH13/Caves2016",FALSE,FALSE,"boron_isotopes_guillermic_2022.xlsx",22,,
"boron_isotopes_guillermic_2022.xlsx","boron isotopes",201,2022,"ODP 806_B_7_4_5_7","ODP 806",,,0.3185,159.3615,2.53642665173807,"Globigerinoides ruber","250-300","18.46,18.6","3.7127269923425",,219.904,18.5300049792525,0.236212247583082,3.7127269923425,0.02,27.8224751007056,"Scenario 3A- RH13/Caves2016",FALSE,FALSE,"boron_isotopes_guillermic_2022.xlsx",23,,
"boron_isotopes_guillermic_2022.xlsx","boron isotopes",202,2022,"ODP 806_B_7_4_59_61","ODP 806",,,0.3185,159.3615,2.55619326696427,"Globigerinoides ruber","250-300","18.62,18.76","3.92187891000574",,213.722,18.6896805939797,0.236212247583082,3.92187891000574,0.02,29.1161426119343,"Scenario 3A- RH13/Caves2016",FALSE,FALSE,"boron_isotopes_guillermic_2022.xlsx",24,,
"boron_isotopes_guillermic_2022.xlsx","boron isotopes",203,2022,"ODP 806_B_7_4_105_107","ODP 806",,,0.3185,159.3615,2.57299084115138,"Globigerinoides ruber","250-300","18.65,18.83","4.06948288816452",,212.758,18.7365862584764,0.236212247583082,4.06948288816452,0.02,29.507660041592,"Scenario 3A- RH13/Caves2016",FALSE,FALSE,"boron_isotopes_guillermic_2022.xlsx",25,,
"boron_isotopes_guillermic_2022.xlsx","boron isotopes",204,2022,"ODP 806_B_8_2_59_61","ODP 806",,,0.3185,159.3615,2.79014133072861,"Globigerinoides ruber","250-300","17.65,18.11","4.06423815261029",,298.047,17.8783997629053,0.236212247583082,4.06423815261029,0.02,28.6790293068172,"Scenario 3A- RH13/Caves2016",FALSE,FALSE,"boron_isotopes_guillermic_2022.xlsx",26,,
"boron_isotopes_guillermic_2022.xlsx","boron isotopes",205,2022,"ODP 806_B_8_5_9_11","ODP 806",,,0.3185,159.3615,2.93055439849975,"Globigerinoides ruber","250-300","16.63,17.21","3.95418404513653",,443.294,16.9238634595317,0.236212247583082,3.95418404513653,0.02,27.1727525964753,"Scenario 3A- RH13/Caves2016",FALSE,FALSE,"boron_isotopes_guillermic_2022.xlsx",27,,
"boron_isotopes_guillermic_2022.xlsx","boron isotopes",206,2022,"ODP 806_B_8_6_42_44","ODP 806",,,0.3185,159.3615,2.99391875699556,"Globigerinoides ruber","250-300","17.1824453645353","4.10274896823371",,404.292,17.1824453645353,0.334054564130627,4.10274896823371,0.02,28.2442437090445,"Scenario 3A- RH13/Caves2016",FALSE,FALSE,"boron_isotopes_guillermic_2022.xlsx",28,,
"boron_isotopes_guillermic_2022.xlsx","boron isotopes",207,2022,"ODP 806_A_1_1_3_5","ODP 806",,,0.3185,159.3613,0.0043,"Trilobatus sacculifer","300-400","17.5340570399127","3.88743240265728",,246.115,17.5340570399127,0.355996030618427,3.88743240265728,0.02,28.9672685213227,"Scenario 3A- RH13/Caves2016",FALSE,FALSE,"boron_isotopes_guillermic_2022.xlsx",29,,
"boron_isotopes_guillermic_2022.xlsx","boron isotopes",208,2022,"ODP 806_A_1_2_40_42","ODP 806",,,0.3185,159.3613,0.0899,"Trilobatus sacculifer","300-400","17.9508659232457","3.81158643236407",,219.657,17.9508659232457,0.355996030618427,3.81158643236407,0.02,28.3244132280498,"Scenario 3A- RH13/Caves2016",FALSE,FALSE,"boron_isotopes_guillermic_2022.xlsx",30,,
"boron_isotopes_guillermic_2022.xlsx","boron isotopes",209,2022,"ODP 806_B_1_3_2_4","ODP 806",,,0.3185,159.3615,0.1474666667,"Trilobatus sacculifer","300-400","18.24,18.29","3.87043462087612",,188.85,18.2667172036793,0.181786105711041,3.87043462087612,0.02,28.3312114417206,"Scenario 3A- RH13/Caves2016",FALSE,FALSE,"boron_isotopes_guillermic_2022.xlsx",31,,
"boron_isotopes_guillermic_2022.xlsx","boron isotopes",210,2022,"ODP 806_B_1_4_23_25","ODP 806",,,0.3185,159.3615,0.22725,"Trilobatus sacculifer","300-400","17.37,17.44","4.28890457875965",,255.63,17.4077341373153,0.251727207325784,4.28890457875965,0.02,29.9509773464072,"Scenario 3A- RH13/Caves2016",FALSE,FALSE,"boron_isotopes_guillermic_2022.xlsx",32,,
"boron_isotopes_guillermic_2022.xlsx","boron isotopes",211,2022,"ODP 806_B_3_1_26_28","ODP 806",,,0.3185,159.3615,0.7941,"Trilobatus sacculifer","300-400","19.2624375423482","4.04660589923007",,134.074,19.2624375423482,0.257084376147543,4.04660589923007,0.02,29.1353239281262,"Scenario 3A- RH13/Caves2016",FALSE,FALSE,"boron_isotopes_guillermic_2022.xlsx",33,,
"boron_isotopes_guillermic_2022.xlsx","boron isotopes",212,2022,"ODP 806_B_3_1_31_33","ODP 806",,,0.3185,159.3615,0.7961,"Trilobatus sacculifer","300-400","18.7095327095224","3.81054430892158",,149.754,18.7095327095224,0.257084376147543,3.81054430892158,0.02,28.1747601820459,"Scenario 3A- RH13/Caves2016",FALSE,FALSE,"boron_isotopes_guillermic_2022.xlsx",34,,
"boron_isotopes_guillermic_2022.xlsx","boron isotopes",213,2022,"ODP 806_B_3_1_91_93","ODP 806",,,0.3185,159.3615,0.823636,"Trilobatus sacculifer","300-400","18.1547713200123","3.74516946405171",,175.525,18.1547713200123,0.257084376147543,3.74516946405171,0.02,28.2010004013728,"Scenario 3A- RH13/Caves2016",FALSE,FALSE,"boron_isotopes_guillermic_2022.xlsx",35,,
"boron_isotopes_guillermic_2022.xlsx","boron isotopes",214,2022,"ODP 806_B_3_2_56_58","ODP 806",,,0.3185,159.3615,0.88145,"Trilobatus sacculifer","300-400","18.5936570491383","3.19204855842061",,144.872,18.5936570491383,0.257084376147543,3.19204855842061,0.02,25.6298849282792,"Scenario 3A- RH13/Caves2016",FALSE,FALSE,"boron_isotopes_guillermic_2022.xlsx",36,,
"boron_isotopes_guillermic_2022.xlsx","boron isotopes",215,2022,"ODP 806_B_3_3_11_13","ODP 806",,,0.3185,159.3615,0.92975,"Trilobatus sacculifer","300-400","17.5622153630663","3.57333969686183",,195.706,17.5622153630663,0.289796563578344,3.57333969686183,0.02,27.472489059025,"Scenario 3A- RH13/Caves2016",FALSE,FALSE,"boron_isotopes_guillermic_2022.xlsx",37,,
"boron_isotopes_guillermic_2022.xlsx","boron isotopes",216,2022,"ODP 806_B_3_4_16_18","ODP 806",,,0.3185,159.3615,0.98989,"Trilobatus sacculifer","300-400","17.2869628064316","3.52138089066004",,215.7,17.2869628064316,0.209247389225913,3.52138089066004,0.02,27.2944559654314,"Scenario 3A- RH13/Caves2016",FALSE,FALSE,"boron_isotopes_guillermic_2022.xlsx",38,,
"boron_isotopes_guillermic_2022.xlsx","boron isotopes",217,2022,"ODP 806_B_3_4_21_23","ODP 806",,,0.3185,159.3615,0.99194,"Trilobatus sacculifer","300-400","18.9402276563053","3.40856309154756",,134.494,18.9402276563053,0.289796563578344,3.40856309154756,0.02,26.8440066223081,"Scenario 3A- RH13/Caves2016",FALSE,FALSE,"boron_isotopes_guillermic_2022.xlsx",39,,
"boron_isotopes_guillermic_2022.xlsx","boron isotopes",218,2022,"ODP 806_B_3_5_31_33","ODP 806",,,0.3185,159.3615,1.04834,"Trilobatus sacculifer","300-400","18.6868297497487","3.22411493156574",,131.125,18.6868297497487,0.289796563578344,3.22411493156574,0.02,25.9548277607561,"Scenario 3A- RH13/Caves2016",FALSE,FALSE,"boron_isotopes_guillermic_2022.xlsx",40,,
"boron_isotopes_guillermic_2022.xlsx","boron isotopes",219,2022,"ODP 806_B_4_1_56_58","ODP 806",,,0.3185,159.3615,1.23336,"Trilobatus sacculifer","300-400","17.2919165003023","4.07316327729619",,237.731,17.2919165003023,0.209247389225913,4.07316327729619,0.02,29.7692929973474,"Scenario 3A- RH13/Caves2016",FALSE,FALSE,"boron_isotopes_guillermic_2022.xlsx",41,,
"boron_isotopes_guillermic_2022.xlsx","boron isotopes",220,2022,"ODP 806_B_4_1_146_148","ODP 806",,,0.3185,159.3615,1.273539326,"Trilobatus sacculifer","300-400","17.08260880785","3.60761393808757",,239.17,17.08260880785,0.209247389225913,3.60761393808757,0.02,27.8108469900033,"Scenario 3A- RH13/Caves2016",FALSE,FALSE,"boron_isotopes_guillermic_2022.xlsx",42,,
"boron_isotopes_guillermic_2022.xlsx","boron isotopes",221,2022,"ODP 806_A_4_4_35_37","ODP 806",,,0.3185,159.3613,1.42678601773634,"Trilobatus sacculifer","300-400","16.8949510377319","4.2442135305381",,261.693,16.8949510377319,0.355996030618427,4.2442135305381,0.02,30.3303908489411,"Scenario 3A- RH13/Caves2016",FALSE,FALSE,"boron_isotopes_guillermic_2022.xlsx",43,,
"boron_isotopes_guillermic_2022.xlsx","boron isotopes",222,2022,"ODP 806_B_10_2_77_79","ODP 806",,,0.3185,159.3615,3.44005288363102,"Trilobatus sacculifer","300-400","16.54,16.67","3.81600982893819",,268.13,16.6035291176133,0.251727207325784,3.81600982893819,0.02,29.3324893540626,"Scenario 3A- RH13/Caves2016",FALSE,FALSE,"boron_isotopes_guillermic_2022.xlsx",44,,
"boron_isotopes_guillermic_2022.xlsx","boron isotopes",223,2022,"ODP 806_B_10_3_137_139","ODP 806",,,0.3185,159.3615,3.50787424937459,"Trilobatus sacculifer","300-400","16.13,16.18","3.98846699744002",,330.052,16.1517647790278,0.251727207325784,3.98846699744002,0.02,30.0305411016925,"Scenario 3A- RH13/Caves2016",FALSE,FALSE,"boron_isotopes_guillermic_2022.xlsx",45,,
"boron_isotopes_guillermic_2022.xlsx","boron isotopes",224,2022,"ODP 806_B_11_1_117_119","ODP 806",,,0.3185,159.3615,3.70764094313002,"Trilobatus sacculifer","300-400","15.3481839754495","4.0238146213234",,443.581,15.3481839754495,0.355996030618427,4.0238146213234,0.02,30.2949501525424,"Scenario 3A- RH13/Caves2016",FALSE,FALSE,"boron_isotopes_guillermic_2022.xlsx",46,,
"boron_isotopes_guillermic_2022.xlsx","boron isotopes",225,2022,"ODP 806_B_12_5_120_122","ODP 806",,,0.3185,159.3615,4.17800645608518,"Trilobatus sacculifer","300-400","15.5606585956163","3.4056159839687",,408.189,15.5606585956163,0.355996030618427,3.4056159839687,0.02,27.5857518515045,"Scenario 3A- RH13/Caves2016",FALSE,FALSE,"boron_isotopes_guillermic_2022.xlsx",47,,
"boron_isotopes_guillermic_2022.xlsx","boron isotopes",226,2022,"ODP 806_B_14_2_80_82","ODP 806",,,0.3185,159.3615,4.58074606503804,"Trilobatus sacculifer","300-400","15.5255197392192","3.08535568571191",,384.551,15.5255197392192,0.355996030618427,3.08535568571191,0.02,26.1422917543252,"Scenario 3A- RH13/Caves2016",FALSE,FALSE,"boron_isotopes_guillermic_2022.xlsx",48,,
"boron_isotopes_guillermic_2022.xlsx","boron isotopes",227,2022,"ODP 806_B_14_6_0_2","ODP 806",,,0.3185,159.3615,4.72408281091584,"Trilobatus sacculifer","300-400","16.54,16.57","3.64137575562043",,310.362,16.551638106557,0.251727207325784,3.64137575562043,0.02,28.7757868765332,"Scenario 3A- RH13/Caves2016",FALSE,FALSE,"boron_isotopes_guillermic_2022.xlsx",49,,
"boron_isotopes_guillermic_2022.xlsx","boron isotopes",228,2022,"ODP 806_B_15_4_79_81","ODP 806",,,0.3185,159.3615,4.9207534506387,"Trilobatus sacculifer","300-400","15.819690032457","3.73124965887385",,403.274,15.819690032457,0.355996030618427,3.73124965887385,0.02,29.2193628901779,"Scenario 3A- RH13/Caves2016",FALSE,FALSE,"boron_isotopes_guillermic_2022.xlsx",50,,
"boron_isotopes_guillermic_2022.xlsx","boron isotopes",229,2022,"ODP 806_B_16_3_139_141","ODP 806",,,0.3185,159.3615,5.14684675556901,"Trilobatus sacculifer","300-400","15.6454763670417","3.69451659104482",,457.318,15.6454763670417,0.355996030618427,3.69451659104482,0.02,29.1060130351226,"Scenario 3A- RH13/Caves2016",FALSE,FALSE,"boron_isotopes_guillermic_2022.xlsx",51,,
"boron_isotopes_guillermic_2022.xlsx","boron isotopes",230,2022,"ODP 806_B_25_3_29_31","ODP 806",,,0.3185,159.3615,7.14877919657069,"Trilobatus sacculifer","300-400","16.4019869646017","3.41354044338564",,263.372,16.4019869646017,0.355996030618427,3.41354044338564,0.02,28.2662869055263,"Scenario 3A- RH13/Caves2016",FALSE,FALSE,"boron_isotopes_guillermic_2022.xlsx",52,,
"boron_isotopes_guillermic_2022.xlsx","boron isotopes",231,2022,"ODP 806_B_29_5_30_32","ODP 806",,,0.3185,159.3615,8.07134881349901,"Trilobatus sacculifer","300-400","16.03,16.1","3.81264190801479",,303.67,16.0634624780658,0.251727207325784,3.81264190801479,0.02,30.3118389571928,"Scenario 3A- RH13/Caves2016",FALSE,FALSE,"boron_isotopes_guillermic_2022.xlsx",53,,
"boron_isotopes_guillermic_2022.xlsx","boron isotopes",232,2022,"ODP 806_B_30_1_30_32","ODP 806",,,0.3185,159.3615,8.1510267939941,"Trilobatus sacculifer","300-400","16.1550376273871","3.77382105144281",,287.146,16.1550376273871,0.15,3.77382105144281,0.02,30.1108463612238,"Scenario 3A- RH13/Caves2016",FALSE,FALSE,"boron_isotopes_guillermic_2022.xlsx",54,,
"boron_isotopes_guillermic_2022.xlsx","boron isotopes",233,2022,"ODP 806_B_30_5_30_32","ODP 806",,,0.3185,159.3615,8.28774777875109,"Trilobatus sacculifer","300-400","16.4,16.85","5.11236042886892",,291.858,16.6262191869621,0.106066017177982,5.11236042886892,0.02,34.9496464566685,"Scenario 3A- RH13/Caves2016",FALSE,FALSE,"boron_isotopes_guillermic_2022.xlsx",55,,
"boron_isotopes_guillermic_2022.xlsx","boron isotopes",234,2022,"ODP 806_B_31_5_32_34","ODP 806",,,0.3185,159.3615,8.50601659120109,"Trilobatus sacculifer","300-400","16.19,16.6","3.2596382777088",,219.725,16.3906071045696,0.251727207325784,3.2596382777088,0.02,27.7868301956873,"Scenario 3A- RH13/Caves2016",FALSE,FALSE,"boron_isotopes_guillermic_2022.xlsx",56,,
"boron_isotopes_guillermic_2022.xlsx","boron isotopes",235,2022,"ODP 806_B_32_2_29_31","ODP 806",,,0.3185,159.3615,8.62119336182011,"Trilobatus sacculifer","300-400","16.06,16.35","3.63772257341814",,261.061,16.2037997699778,0.106066017177982,3.63772257341814,0.02,29.6830925679373,"Scenario 3A- RH13/Caves2016",FALSE,FALSE,"boron_isotopes_guillermic_2022.xlsx",57,,
"boron_isotopes_guillermic_2022.xlsx","boron isotopes",236,2022,"ODP 806_B_33_2_30_32","ODP 806",,,0.3185,159.3615,8.84281662718424,"Trilobatus sacculifer","300-400","16.1009451485623","3.7793702461552",,255.948,16.1009451485623,0.355996030618427,3.7793702461552,0.02,30.3657325632713,"Scenario 3A- RH13/Caves2016",FALSE,FALSE,"boron_isotopes_guillermic_2022.xlsx",58,,
"boron_isotopes_guillermic_2022.xlsx","boron isotopes",237,2022,"ODP 806_B_33_5_30_32","ODP 806",,,0.3185,159.3615,8.94898565619453,"Trilobatus sacculifer","300-400","15.3478929534207","3.69814923280863",,318.29,15.3478929534207,0.15,3.69814923280863,0.02,29.8183584610118,"Scenario 3A- RH13/Caves2016",FALSE,FALSE,"boron_isotopes_guillermic_2022.xlsx",59,,
"boron_isotopes_guillermic_2022.xlsx","boron isotopes",238,2022,"ODP 806_B_34_5_30_32","ODP 806",,,0.3185,159.3615,9.17459161054386,"Trilobatus sacculifer","300-400","15.8959512635768","4.46501231479868",,272.228,15.8959512635768,0.355996030618427,4.46501231479868,0.02,33.1309318874652,"Scenario 3A- RH13/Caves2016",FALSE,FALSE,"boron_isotopes_guillermic_2022.xlsx",60,,
"boron_isotopes_guillermic_2022.xlsx","boron isotopes",239,2022,"ODP 806_B_35_5_30_32","ODP 806",,,0.3185,159.3615,9.25859698021535,"Trilobatus sacculifer","300-400","14.6723020653259","4.06268580629875",,373.371,14.6723020653259,0.355996030618427,4.06268580629875,0.02,31.3971082089978,"Scenario 3A- RH13/Caves2016",FALSE,FALSE,"boron_isotopes_guillermic_2022.xlsx",61,,
"boron_isotopes_guillermic_2022.xlsx","boron isotopes",240,2022,"ODP 806_B_36_1_32_34","ODP 806",,,0.3185,159.3615,9.49455149736663,"Trilobatus sacculifer","300-400","15.320579467551","3.87644434723032",,318.387,15.320579467551,0.218106939070212,3.87644434723032,0.02,30.6446477129892,"Scenario 3A- RH13/Caves2016",FALSE,FALSE,"boron_isotopes_guillermic_2022.xlsx",62,,
"boron_isotopes_guillermic_2022.xlsx","boron isotopes",241,2022,"ODP 806_B_44_5_34_36","ODP 806",,,0.3185,159.3615,11.6930464777809,"Trilobatus sacculifer","300-400","14.9288120772462","4.69848983874337",,331.792,14.9288120772462,0.355996030618427,4.69848983874337,0.02,34.3545007446674,"Scenario 3A- RH13/Caves2016",FALSE,FALSE,"boron_isotopes_guillermic_2022.xlsx",63,,
"boron_isotopes_guillermic_2022.xlsx","boron isotopes",242,2022,"ODP 806_B_46_1_33_35","ODP 806",,,0.3185,159.3615,12.0743291725144,"Trilobatus sacculifer","300-400","14.514874438295","4.86997416344244",,338.322,14.514874438295,0.218106939070212,4.86997416344244,0.02,35.1258129789054,"Scenario 3A- RH13/Caves2016",FALSE,FALSE,"boron_isotopes_guillermic_2022.xlsx",64,,
"boron_isotopes_guillermic_2022.xlsx","boron isotopes",243,2022,"ODP 806_B_46_5_33_35","ODP 806",,,0.3185,159.3615,12.2491360536618,"Trilobatus sacculifer","300-400","14.9725423433844","4.46362004168158",,352.733,14.9725423433844,0.218106939070212,4.46362004168158,0.02,33.4779484403899,"Scenario 3A- RH13/Caves2016",FALSE,FALSE,"boron_isotopes_guillermic_2022.xlsx",65,,
"boron_isotopes_guillermic_2022.xlsx","boron isotopes",244,2022,"ODP 806_B_47_3_34_36","ODP 806",,,0.3185,159.3615,12.4433958042479,"Trilobatus sacculifer","300-400","14.7201508573611","4.63675716441468",,345.91,14.7201508573611,0.355996030618427,4.63675716441468,0.02,34.104634548784,"Scenario 3A- RH13/Caves2016",FALSE,FALSE,"boron_isotopes_guillermic_2022.xlsx",66,,
"boron_isotopes_guillermic_2022.xlsx","boron isotopes",245,2022,"ODP 806_B_48_2_34_36","ODP 806",,,0.3185,159.3615,12.6875680903289,"Trilobatus sacculifer","300-400","16.3986441653323","4.53678823795979",,202.829,16.3986441653323,0.289796563578344,4.53678823795979,0.02,34.1715278966383,"Scenario 3A- RH13/Caves2016",FALSE,FALSE,"boron_isotopes_guillermic_2022.xlsx",67,,
"boron_isotopes_guillermic_2022.xlsx","boron isotopes",246,2022,"ODP 806_B_48_5_34_36","ODP 806",,,0.3185,159.3615,12.8231641395729,"Trilobatus sacculifer","300-400","14.8642437158979","4.12909032762973",,286.777,14.8642437158979,0.249881015112098,4.12909032762973,0.02,32.4166687335936,"Scenario 3A- RH13/Caves2016",FALSE,FALSE,"boron_isotopes_guillermic_2022.xlsx",68,,
"boron_isotopes_guillermic_2022.xlsx","boron isotopes",247,2022,"ODP 806_B_50_2_32_34","ODP 806",,,0.3185,159.3615,13.2275985034146,"Trilobatus sacculifer","300-400","13.8485094923635","4.49197274977128",,414.298,13.8485094923635,0.355996030618427,4.49197274977128,0.02,34.118865362805,"Scenario 3A- RH13/Caves2016",FALSE,FALSE,"boron_isotopes_guillermic_2022.xlsx",69,,
"boron_isotopes_guillermic_2022.xlsx","boron isotopes",248,2022,"ODP 806_B_51_2_29_31","ODP 806",,,0.3185,159.3615,13.5267078798778,"Trilobatus sacculifer","300-400","14.0930422101688","4.25391970282455",,391.107,14.0930422101688,0.218106939070212,4.25391970282455,0.02,33.0661062302811,"Scenario 3A- RH13/Caves2016",FALSE,FALSE,"boron_isotopes_guillermic_2022.xlsx",70,,
"boron_isotopes_guillermic_2022.xlsx","boron isotopes",249,2022,"ODP 806_B_52_2_31_33","ODP 806",,,0.3185,159.3615,13.8181037708104,"Trilobatus sacculifer","300-400","14.541399070418","4.94441987061708",,384.567,14.541399070418,0.257084376147543,4.94441987061708,0.02,35.7632461419444,"Scenario 3A- RH13/Caves2016",FALSE,FALSE,"boron_isotopes_guillermic_2022.xlsx",71,,
"boron_isotopes_guillermic_2022.xlsx","boron isotopes",250,2022,"ODP 806_B_52_4_33_35","ODP 806",,,0.3185,159.3615,13.9136233156718,"Trilobatus sacculifer","300-400","14.571632940876","5.06048645043184",,404.662,14.571632940876,0.249881015112098,5.06048645043184,0.02,36.1278254977391,"Scenario 3A- RH13/Caves2016",FALSE,FALSE,"boron_isotopes_guillermic_2022.xlsx",72,,
"boron_isotopes_guillermic_2022.xlsx","boron isotopes",251,2022,"ODP 806_B_56_2_35_37","ODP 806",,,0.3185,159.3615,15.0606830478701,"Trilobatus sacculifer","300-400","13.5243454299339","4.76413978297987",,531.193,13.5243454299339,0.289796563578344,4.76413978297987,0.02,35.5144618842596,"Scenario 3A- RH13/Caves2016",FALSE,FALSE,"boron_isotopes_guillermic_2022.xlsx",73,,
"boron_isotopes_guillermic_2022.xlsx","boron isotopes",252,2022,"ODP 806_B_58_2_33_35","ODP 806",,,0.3185,159.3615,15.6887107689339,"Trilobatus sacculifer","300-400","14.46618317487","4.86309813315101",,449.01,14.46618317487,0.209247389225913,4.86309813315101,0.02,35.9539862402968,"Scenario 3A- RH13/Caves2016",FALSE,FALSE,"boron_isotopes_guillermic_2022.xlsx",74,,
"boron_isotopes_guillermic_2022.xlsx","boron isotopes",253,2022,"ODP 807_A_1_1_20_22","ODP 807",,,3.607,156.6248,0.00984,"Trilobatus sacculifer","300-400","18.17,18.38","4.23531932543763",,211.857,18.2757800233716,0.147960247867224,4.23531932543763,0.02,30.5108116795881,"Scenario 3A- RH13/Caves2016",FALSE,FALSE,"boron_isotopes_guillermic_2022.xlsx",75,,
"boron_isotopes_guillermic_2022.xlsx","boron isotopes",254,2022,"ODP 807_A_1_1_30_32","ODP 807",,,3.607,156.6248,0.0142,"Trilobatus sacculifer","300-400","18.7392493728056","4.27281764382983",,181.452,18.7392493728056,0.257084376147543,4.27281764382983,0.02,30.4573807336649,"Scenario 3A- RH13/Caves2016",FALSE,FALSE,"boron_isotopes_guillermic_2022.xlsx",76,,
"boron_isotopes_guillermic_2022.xlsx","boron isotopes",255,2022,"ODP 807_A_1_1_90_92","ODP 807",,,3.607,156.6248,0.04659,"Trilobatus sacculifer","300-400","19.076580376431","3.4658848793853",,151.197,19.076580376431,0.257084376147543,3.4658848793853,0.02,27.0051564832072,"Scenario 3A- RH13/Caves2016",FALSE,FALSE,"boron_isotopes_guillermic_2022.xlsx",77,,
"boron_isotopes_guillermic_2022.xlsx","boron isotopes",256,2022,"ODP 807_A_1_2_0_2","ODP 807",,,3.607,156.6248,0.07897,"Trilobatus sacculifer","300-400","18.3564217074044","3.44351779669892",,171.978,18.3564217074044,0.289796563578344,3.44351779669892,0.02,27.1692272562916,"Scenario 3A- RH13/Caves2016",FALSE,FALSE,"boron_isotopes_guillermic_2022.xlsx",78,,
"boron_isotopes_guillermic_2022.xlsx","boron isotopes",257,2022,"ODP 807_A_1_3_0_2","ODP 807",,,3.607,156.6248,0.18204,"Trilobatus sacculifer","300-400","17.1278948549611","3.25553095257516",,233.44,17.1278948549611,0.289796563578344,3.25553095257516,0.02,25.9714678888194,"Scenario 3A- RH13/Caves2016",FALSE,FALSE,"boron_isotopes_guillermic_2022.xlsx",79,,
"boron_isotopes_guillermic_2022.xlsx","boron isotopes",258,2022,"ODP 807_A_1_3_90_92","ODP 807",,,3.607,156.6248,0.2272,"Trilobatus sacculifer","300-400","17.53,17.75","3.96187954253761",,244.049,17.6412138793557,0.181786105711041,3.96187954253761,0.02,29.0643955337105,"Scenario 3A- RH13/Caves2016",FALSE,FALSE,"boron_isotopes_guillermic_2022.xlsx",80,,
"boron_isotopes_guillermic_2022.xlsx","boron isotopes",259,2022,"ODP 807_A_1_3_100_102","ODP 807",,,3.607,156.6248,0.2312,"Trilobatus sacculifer","300-400","16.8265422661253","3.99138579260856",,301.99,16.8265422661253,0.209247389225913,3.99138579260856,0.02,29.3564457083445,"Scenario 3A- RH13/Caves2016",FALSE,FALSE,"boron_isotopes_guillermic_2022.xlsx",81,,
"boron_isotopes_guillermic_2022.xlsx","boron isotopes",260,2022,"ODP 807_A_2_4_0_2","ODP 807",,,3.607,156.6248,0.342,"Trilobatus sacculifer","300-400","17.8545919686415","3.58080650094467",,200.648,17.8545919686415,0.257084376147543,3.58080650094467,0.02,27.3336666797388,"Scenario 3A- RH13/Caves2016",FALSE,FALSE,"boron_isotopes_guillermic_2022.xlsx",82,,
"boron_isotopes_guillermic_2022.xlsx","boron isotopes",261,2022,"ODP 807_A_2_5_0_2","ODP 807",,,3.607,156.6248,0.43081,"Trilobatus sacculifer","300-400","17.6732599985401","3.81841713979394",,222.798,17.6732599985401,0.289796563578344,3.81841713979394,0.02,28.3496473209211,"Scenario 3A- RH13/Caves2016",FALSE,FALSE,"boron_isotopes_guillermic_2022.xlsx",83,,
"boron_isotopes_guillermic_2022.xlsx","boron isotopes",262,2022,"ODP 807_A_2_6_0_2","ODP 807",,,3.607,156.6248,0.604,"Trilobatus sacculifer","300-400","17.6381226422233","4.20533422143673",,236.138,17.6381226422233,0.257084376147543,4.20533422143673,0.02,30.1437554874146,"Scenario 3A- RH13/Caves2016",FALSE,FALSE,"boron_isotopes_guillermic_2022.xlsx",84,,
"boron_isotopes_guillermic_2022.xlsx","boron isotopes",263,2022,"ODP 807_A_3_2_0_2","ODP 807",,,3.607,156.6248,0.857,"Trilobatus sacculifer","300-400","17.8575847318092","3.7286752109571",,199.258,17.8575847318092,0.257084376147543,3.7286752109571,0.02,28.6062557075849,"Scenario 3A- RH13/Caves2016",FALSE,FALSE,"boron_isotopes_guillermic_2022.xlsx",85,,
"boron_isotopes_guillermic_2022.xlsx","boron isotopes",264,2022,"ODP 807_A_3_3_0_2","ODP 807",,,3.607,156.6248,0.93967,"Trilobatus sacculifer","300-400","17.14,17.56","3.79813435780893",,228.457,17.3507522158897,0.147960247867224,3.79813435780893,0.02,28.8327303223906,"Scenario 3A- RH13/Caves2016",FALSE,FALSE,"boron_isotopes_guillermic_2022.xlsx",86,,
"boron_isotopes_guillermic_2022.xlsx","boron isotopes",265,2022,"ODP 807_A_3_7_0_2","ODP 807",,,3.607,156.6248,1.278,"Trilobatus sacculifer","300-400","17.9142227820197","4.14937609344839",,201.982,17.9142227820197,0.257084376147543,4.14937609344839,0.02,30.2461101685407,"Scenario 3A- RH13/Caves2016",FALSE,FALSE,"boron_isotopes_guillermic_2022.xlsx",87,,
"boron_isotopes_guillermic_2022.xlsx","boron isotopes",266,2022,"ODP 807_A_7_6_10_12","ODP 807",,,3.607,156.6248,3.04732,"Trilobatus sacculifer","300-400","16.1589598017406","3.90799949883674",,339.451,16.1589598017406,0.334054564130627,3.90799949883674,0.02,29.9560576152129,"Scenario 3A- RH13/Caves2016",FALSE,FALSE,"boron_isotopes_guillermic_2022.xlsx",88,,
"boron_isotopes_guillermic_2022.xlsx","boron isotopes",267,2022,"ODP 807_A_8_3_0_2","ODP 807",,,3.607,156.6248,3.21786,"Trilobatus sacculifer","300-400","15.2977200517472","3.96781523064541",,437.633,15.2977200517472,0.249881015112098,3.96781523064541,0.02,30.2731393784531,"Scenario 3A- RH13/Caves2016",FALSE,FALSE,"boron_isotopes_guillermic_2022.xlsx",89,,
"boron_isotopes_guillermic_2022.xlsx","boron isotopes",268,2022,"ODP 807_A_8_5_0_2","ODP 807",,,3.607,156.6248,3.32499,"Trilobatus sacculifer","300-400","15.430801995679","3.90312084798388",,423.678,15.430801995679,0.249881015112098,3.90312084798388,0.02,29.9847647190781,"Scenario 3A- RH13/Caves2016",FALSE,FALSE,"boron_isotopes_guillermic_2022.xlsx",90,,
"boron_isotopes_guillermic_2022.xlsx","boron isotopes",269,2022,"ODP 807_A_9_4_0_2","ODP 807",,,3.607,156.6248,3.61514,"Trilobatus sacculifer","300-400","15.5511562311546","3.40434127117707",,387.829,15.5511562311546,0.139736223494649,3.40434127117707,0.02,27.8711886084791,"Scenario 3A- RH13/Caves2016",FALSE,FALSE,"boron_isotopes_guillermic_2022.xlsx",91,,
"boron_isotopes_guillermic_2022.xlsx","boron isotopes",270,2022,"ODP 807_A_13_4_0_2","ODP 807",,,3.607,156.6248,4.52418,"Trilobatus sacculifer","300-400","15.1432366079891","3.15427480280467",,499.925,15.1432366079891,0.139736223494649,3.15427480280467,0.02,26.8361272700912,"Scenario 3A- RH13/Caves2016",FALSE,FALSE,"boron_isotopes_guillermic_2022.xlsx",92,,
"boron_isotopes_henehan_2013.xlsx","boron isotopes",4,2013,"ODP 999_A_1_1_4_5","ODP 999",0.05,0.05,12.75,-78.73,0.003915,"Globigerinoides ruber (ss)","300-355","20.62,20.71","n/a : use published d18o data",0.0899999999999999,282.065886490225,20.665,0.25,,,28.23,"Recalculation of data originally published in Foster 2008",FALSE,TRUE,"boron_isotopes_henehan_2013.xlsx",4,865,5
"boron_isotopes_henehan_2013.xlsx","boron isotopes",5,2013,"ODP 999_A_1_1_10_12","ODP 999",0.11,0.11,12.75,-78.73,0.00463,"Globigerinoides ruber (ss)","300-355","20.62,20.72,21.01","n/a : use published d18o data",0.233904063904652,265.163500374698,20.7833333333333,0.25,,,28.4385419938691,"Recalculation of data originally published in Foster 2008",FALSE,TRUE,"boron_isotopes_henehan_2013.xlsx",5,866,6
"boron_isotopes_henehan_2013.xlsx","boron isotopes",6,2013,"ODP 999_A_1_1_14_15","ODP 999",0.15,0.15,12.75,-78.73,0.005025,"Globigerinoides ruber (ss)","300-355","20.52,20.66","n/a : use published d18o data",0.140000000000001,283.459119129484,20.59,0.25,,,27.7721415131841,"Recalculation of data originally published in Foster 2008",FALSE,TRUE,"boron_isotopes_henehan_2013.xlsx",6,867,7
"boron_isotopes_henehan_2013.xlsx","boron isotopes",7,2013,"ODP 999_A_1_1_30_32","ODP 999",0.31,0.31,12.75,-78.73,0.00782,"Globigerinoides ruber (ss)","300-355","20.79,20.85","n/a : use published d18o data",0.0600000000000023,263.836097032137,20.82,0.25,,,28.1915674298218,"Recalculation of data originally published in Foster 2008",FALSE,TRUE,"boron_isotopes_henehan_2013.xlsx",7,868,8
"boron_isotopes_henehan_2013.xlsx","boron isotopes",8,2013,"ODP 999_A_1_1_30_32","ODP 999",0.31,0.31,12.75,-78.73,0.00782,"Globigerinoides ruber (ss)","300-355","20.71,20.73","n/a : use published d18o data",0.0199999999999996,276.082558340454,20.72,0.25,,,28.1915674298218,"Recalculation of data originally published in Foster 2008",FALSE,TRUE,"boron_isotopes_henehan_2013.xlsx",8,869,9
"boron_isotopes_henehan_2013.xlsx","boron isotopes",9,2013,"ODP 999_A_1_1_38_40","ODP 999",0.39,0.39,12.75,-78.73,0.009488,"Globigerinoides ruber (ss)","300-355","20.62,20.73","n/a : use published d18o data",0.109999999999999,279.050333106195,20.675,0.25,,,27.5881223921801,"Recalculation of data originally published in Foster 2008",FALSE,TRUE,"boron_isotopes_henehan_2013.xlsx",9,870,10
"boron_isotopes_henehan_2013.xlsx","boron isotopes",10,2013,"ODP 999_A_1_1_42_44","ODP 999",0.43,0.43,12.75,-78.73,0.01032,"Globigerinoides ruber (ss)","300-355","20.89,20.96","n/a : use published d18o data",0.0700000000000003,253.720177384064,20.925,0.25,,,27.4974189406339,"Recalculation of data originally published in Foster 2008",FALSE,TRUE,"boron_isotopes_henehan_2013.xlsx",10,871,11
"boron_isotopes_henehan_2013.xlsx","boron isotopes",11,2013,"ODP 999_A_1_1_47_49","ODP 999",0.48,0.48,12.75,-78.73,0.01165,"Globigerinoides ruber (ss)","300-355","20.68,20.76","n/a : use published d18o data",0.0800000000000018,272.177766147066,20.72,0.25,,,27.0401483933383,"Recalculation of data originally published in Foster 2008",FALSE,TRUE,"boron_isotopes_henehan_2013.xlsx",11,872,12
"boron_isotopes_henehan_2013.xlsx","boron isotopes",12,2013,"ODP 999_A_1_1_56_58","ODP 999",0.57,0.57,12.75,-78.73,0.014014,"Globigerinoides ruber (ss)","300-355","20.88,21.07","n/a : use published d18o data",0.190000000000001,250.77774382924,20.975,0.25,,,27.3836100829851,"Recalculation of data originally published in Foster 2008",FALSE,TRUE,"boron_isotopes_henehan_2013.xlsx",12,873,13
"boron_isotopes_henehan_2013.xlsx","boron isotopes",13,2013,"ODP 999_A_1_1_60_62","ODP 999",0.61,0.61,12.75,-78.73,0.01507,"Globigerinoides ruber (ss)","300-355","20.95,21.08","n/a : use published d18o data",0.129999999999999,249.48565789714,21.015,0.25,,,27.4109314831874,"Recalculation of data originally published in Foster 2008",FALSE,TRUE,"boron_isotopes_henehan_2013.xlsx",13,874,14
"boron_isotopes_henehan_2013.xlsx","boron isotopes",14,2013,"ODP 999_A_1_1_60_62","ODP 999",0.61,0.61,12.75,-78.73,0.01507,"Globigerinoides ruber (ss)","300-355","21.09,21.21","n/a : use published d18o data",0.120000000000001,236.577222920006,21.15,0.25,,,27.4109314831874,"Recalculation of data originally published in Foster 2008",FALSE,TRUE,"boron_isotopes_henehan_2013.xlsx",14,875,15
"boron_isotopes_henehan_2013.xlsx","boron isotopes",15,2013,"ODP 999_A_1_1_70_72","ODP 999",0.71,0.71,12.75,-78.73,0.01726,"Globigerinoides ruber (ss)","300-355","21,21.09","n/a : use published d18o data",0.0899999999999999,240.354198226546,21.045,0.25,,,26.6883778957018,"Recalculation of data originally published in Foster 2008",FALSE,TRUE,"boron_isotopes_henehan_2013.xlsx",15,876,16
"boron_isotopes_henehan_2013.xlsx","boron isotopes",16,2013,"ODP 999_A_1_1_81_82","ODP 999",0.82,0.82,12.75,-78.73,0.019186,"Globigerinoides ruber (ss)","300-355","21.71,21.79","n/a : use published d18o data",0.0799999999999983,175.898411167814,21.75,0.25,,,26.173631754619,"Recalculation of data originally published in Foster 2008",FALSE,TRUE,"boron_isotopes_henehan_2013.xlsx",16,877,17
"boron_isotopes_henehan_2013.xlsx","boron isotopes",17,2013,"ODP 999_A_1_1_92_94","ODP 999",0.93,0.93,12.75,-78.73,0.021122,"Globigerinoides ruber (ss)","300-355","21.13,21.24,21.31","n/a : use published d18o data",0.104774890970011,218.778866842702,21.2266666666667,0.25,,,26.007397906283,"Recalculation of data originally published in Foster 2008",FALSE,TRUE,"boron_isotopes_henehan_2013.xlsx",17,878,18
"boron_isotopes_henehan_2013.xlsx","boron isotopes",18,2013,"ODP 999_A_1_1_101_103","ODP 999",1.02,1.02,12.75,-78.73,0.022462,"Globigerinoides ruber (ss)","300-355","21.15,21.37","n/a : use published d18o data",0.220000000000002,219.988124322745,21.26,0.25,,,26.6883778957018,"Recalculation of data originally published in Foster 2008",FALSE,TRUE,"boron_isotopes_henehan_2013.xlsx",18,879,19
"boron_isotopes_henehan_2013.xlsx","boron isotopes",19,2013,"ODP 999_A_1_1_112_114","ODP 999",1.13,1.13,12.75,-78.73,0.024794,"Globigerinoides ruber (ss)","300-355","21.43,21.59","n/a : use published d18o data",0.16,195.207266162849,21.51,0.25,,,26.5766272729902,"Recalculation of data originally published in Foster 2008",FALSE,TRUE,"boron_isotopes_henehan_2013.xlsx",19,880,20
"boron_isotopes_henehan_2013.xlsx","boron isotopes",20,2013,"ODP 999_A_1_1_119_121","ODP 999",1.2,1.2,12.75,-78.73,0.026278,"Globigerinoides ruber (ss)","300-355","21.55,21.7","n/a : use published d18o data",0.149999999999999,184.798276382999,21.625,0.25,,,26.3442366142362,"Recalculation of data originally published in Foster 2008",FALSE,TRUE,"boron_isotopes_henehan_2013.xlsx",20,881,21
"boron_isotopes_henehan_2013.xlsx","boron isotopes",21,2013,"ODP 999_A_1_1_119_121","ODP 999",1.2,1.2,12.75,-78.73,0.026278,"Globigerinoides ruber (ss)","300-355","21.59,21.8","n/a : use published d18o data",0.210000000000001,179.702069784288,21.695,0.25,,,26.3442366142362,"Recalculation of data originally published in Foster 2008",FALSE,TRUE,"boron_isotopes_henehan_2013.xlsx",21,882,22
"boron_isotopes_henehan_2013.xlsx","boron isotopes",22,2013,"GeoB1523_1_1_1_5_","GeoB1523",0.05,0.05,3.831667,-41.6216667,0.003102142,"Globigerinoides ruber (ss)","300-355","20.77,20.78","4.62330458490002",0.0100000000000016,259.36601200709,20.7785750345456,0.25,4.62330458490002,0.138699137547,27.7632639309196,,TRUE,TRUE,"boron_isotopes_henehan_2013.xlsx",22,883,23
"boron_isotopes_henehan_2013.xlsx","boron isotopes",23,2013,"GeoB1523_1_1_1_10_","GeoB1523",0.1,0.1,3.831667,-41.6216667,0.005982497,"Globigerinoides ruber (ss)","300-355","20.57,20.87","4.47359187824222",0.300000000000001,263.804805422185,20.7157879181206,0.25,4.47359187824222,0.134207756347267,27.3975073821272,,TRUE,TRUE,"boron_isotopes_henehan_2013.xlsx",23,884,24
"boron_isotopes_henehan_2013.xlsx","boron isotopes",24,2013,"GeoB1523_1_1_1_15_","GeoB1523",0.15,0.15,3.831667,-41.6216667,0.008517854,"Globigerinoides ruber (ss)","300-355","20.96,20.98","4.56403822235056",0.0199999999999996,240.179356252739,20.9729433840837,0.25,4.56403822235056,0.136921146670517,27.6199092552735,,TRUE,TRUE,"boron_isotopes_henehan_2013.xlsx",24,885,25
"boron_isotopes_henehan_2013.xlsx","boron isotopes",25,2013,"GeoB1523_1_1_1_20_","GeoB1523",0.2,0.2,3.831667,-41.6216667,0.010535702,"Globigerinoides ruber (ss)","300-355","20.6,20.87","4.29393985258231",0.27,262.313938873344,20.7343232842252,0.25,4.29393985258231,0.128818195577469,26.9420968700394,,TRUE,TRUE,"boron_isotopes_henehan_2013.xlsx",25,886,26
"boron_isotopes_henehan_2013.xlsx","boron isotopes",26,2013,"GeoB1523_1_1_1_25_","GeoB1523",0.25,0.25,3.831667,-41.6216667,0.01255356,"Globigerinoides ruber (ss)","300-355","21.26,21.31","4.13420927582943",0.0499999999999972,206.335409906711,21.2859557178726,0.25,4.13420927582943,0.124026278274883,26.5208901036002,,TRUE,TRUE,"boron_isotopes_henehan_2013.xlsx",26,887,27
"boron_isotopes_henehan_2013.xlsx","boron isotopes",27,2013,"GeoB1523_1_1_1_30_","GeoB1523",0.3,0.3,3.831667,-41.6216667,0.01457142,"Globigerinoides ruber (ss)","300-355","21.11,21.14","4.02345396071211",0.0300000000000011,220.000769966099,21.12601382658,0.25,4.02345396071211,0.120703618821363,26.2191639355953,,TRUE,TRUE,"boron_isotopes_henehan_2013.xlsx",27,888,28
"boron_isotopes_henehan_2013.xlsx","boron isotopes",28,2013,"GeoB1523_1_1_1_35_","GeoB1523",0.35,0.35,3.831667,-41.6216667,0.01658926,"Globigerinoides ruber (ss)","300-355","21.29,21.36","3.55127673000255",0.0700000000000003,193.907499633269,21.3266895868006,0.25,3.55127673000255,0.106538301900076,24.8321245260833,,TRUE,TRUE,"boron_isotopes_henehan_2013.xlsx",28,889,29
"boron_isotopes_henehan_2013.xlsx","boron isotopes",29,2013,"GeoB1523_1_1_1_40_","GeoB1523",0.4,0.4,3.831667,-41.6216667,0.01816,"Globigerinoides ruber (ss)","300-355","21.25,21.49","3.69032614797862",0.239999999999998,194.10884194532,21.3674704493407,0.25,3.69032614797862,0.110709784439359,25.2588763043813,,TRUE,TRUE,"boron_isotopes_henehan_2013.xlsx",29,890,30
"boron_isotopes_henehan_2013.xlsx","boron isotopes",30,2013,"GeoB1523_1_1_1_45_","GeoB1523",0.45,0.45,3.831667,-41.6216667,0.01906,"Globigerinoides ruber (ss)","300-355","21.11,21.19","3.55614584324953",0.0800000000000018,209.399125022093,21.1495858828108,0.25,3.55614584324953,0.106684375297486,24.8473484039957,,TRUE,TRUE,"boron_isotopes_henehan_2013.xlsx",30,891,31
"boron_isotopes_henehan_2013.xlsx","boron isotopes",31,2013,"GeoB1523_1_1_1_55_","GeoB1523",0.55,0.55,3.831667,-41.6216667,0.02086,"Globigerinoides ruber (ss)","300-355","21.43,23.75","3.85925890863564",2.32,216.73585182887,21.143820309814,0.25,3.85925890863564,0.115777767259069,25.7562133191563,,TRUE,TRUE,"boron_isotopes_henehan_2013.xlsx",31,892,32
"boron_isotopes_henehan_2013.xlsx","boron isotopes",32,2013,"GeoB1523_1_1_1_65_","GeoB1523",0.65,0.65,3.831667,-41.6216667,0.0238578,"Globigerinoides ruber (ss)","300-355","20.79,21.2","3.67601626749037",0.41,225.216255645555,20.9925449538543,0.25,3.67601626749037,0.110280488024711,25.2157072896575,,TRUE,TRUE,"boron_isotopes_henehan_2013.xlsx",32,893,33
"boron_isotopes_henehan_2013.xlsx","boron isotopes",33,2013,"GeoB1523_1_1_1_75_","GeoB1523",0.75,0.75,3.831667,-41.6216667,0.0273689,"Globigerinoides ruber (ss)","300-355","21.13,21.22","3.70579815161996",0.0899999999999999,208.156226593261,21.1743806559453,0.25,3.70579815161996,0.111173944548599,25.3053631927495,,TRUE,TRUE,"boron_isotopes_henehan_2013.xlsx",33,894,34
"boron_isotopes_henehan_2013.xlsx","boron isotopes",34,2013,"GeoB1523_1_1_1_85_","GeoB1523",0.85,0.85,3.831667,-41.6216667,0.03088,"Globigerinoides ruber (ss)","300-355","20.62,20.73","3.56790740054464",0.109999999999999,253.370870027409,20.6738619703326,0.25,3.56790740054464,0.107037222016339,24.884036532006,,TRUE,TRUE,"boron_isotopes_henehan_2013.xlsx",34,895,35
"boron_isotopes_hoenisch_2005.xlsx","boron isotopes",4,2005,"ODP 668_B_1_1_2_4","ODP 668",,,4.77,-20.93,0.003833,"Globigerinoides sacculifer for d11B, Globigerinoides ruber for Mg/Ca","515-865","20.87,20.9,20.92","3.33,3.34",0.0290593262902714,281.5,20.9,0.33,3.34,0.1002,25.7976092583368,"The originally published d11B data (Hönisch & Hemming 2005) were corrected by an instrument offset of +1.1‰ to match data collected on the 6"" radius of curvature mass spectrometer at SUNY Stony Brook. Because that mass spectrometer is no longer in operation and because ongoing data collection is done on the Triton TIMS at LDEO, Stony Brook d11B data are now all adjusted to the Triton TIMS at LDEO, and data collected at LDEO are listed as measured.",FALSE,TRUE,"boron_isotopes_hoenisch_2005.xlsx",4,896,5
"boron_isotopes_hoenisch_2005.xlsx","boron isotopes",5,2005,"ODP 668_B_1_1_25_27","ODP 668",,,4.77,-20.93,0.011013,"Globigerinoides sacculifer for d11B, Globigerinoides ruber for Mg/Ca","515-865","21.18,21.26,21.49","3.46,3.56",0.18583146486355,255.2,21.31,0.33,3.51,0.1053,26.3492229304387,"The originally published d11B data (Hönisch & Hemming 2005) were corrected by an instrument offset of +1.1‰ to match data collected on the 6"" radius of curvature mass spectrometer at SUNY Stony Brook. Because that mass spectrometer is no longer in operation and because ongoing data collection is done on the Triton TIMS at LDEO, Stony Brook d11B data are now all adjusted to the Triton TIMS at LDEO, and data collected at LDEO are listed as measured.",FALSE,TRUE,"boron_isotopes_hoenisch_2005.xlsx",5,897,6
"boron_isotopes_hoenisch_2005.xlsx","boron isotopes",6,2005,"ODP 668_B_1_1_33_35","ODP 668",,,4.77,-20.93,0.022723,"Globigerinoides sacculifer for d11B, Globigerinoides ruber for Mg/Ca","515-865","22.02,22.14,22.15","2.81,2.96",0.083533093907611,185.2,22.118934409799,0.33,2.88,0.0864,24.1511591156618,"The originally published d11B data (Hönisch & Hemming 2005) were corrected by an instrument offset of +1.1‰ to match data collected on the 6"" radius of curvature mass spectrometer at SUNY Stony Brook. Because that mass spectrometer is no longer in operation and because ongoing data collection is done on the Triton TIMS at LDEO, Stony Brook d11B data are now all adjusted to the Triton TIMS at LDEO, and data collected at LDEO are listed as measured.",FALSE,TRUE,"boron_isotopes_hoenisch_2005.xlsx",6,898,7
"boron_isotopes_hoenisch_2005.xlsx","boron isotopes",7,2005,"ODP 668_B_1_1_70_72","ODP 668",,,4.77,-20.93,0.049414,"Globigerinoides sacculifer for d11B, Globigerinoides ruber for Mg/Ca","515-865","21.35,21.62,21.69","2.99,3.04",0.207310824072883,222.5,21.5539420340399,0.33,3.01,0.0903,24.6417122780277,"The originally published d11B data (Hönisch & Hemming 2005) were corrected by an instrument offset of +1.1‰ to match data collected on the 6"" radius of curvature mass spectrometer at SUNY Stony Brook. Because that mass spectrometer is no longer in operation and because ongoing data collection is done on the Triton TIMS at LDEO, Stony Brook d11B data are now all adjusted to the Triton TIMS at LDEO, and data collected at LDEO are listed as measured.",FALSE,TRUE,"boron_isotopes_hoenisch_2005.xlsx",7,899,8
"boron_isotopes_hoenisch_2005.xlsx","boron isotopes",8,2005,"ODP 668_B_1_1_105_107","ODP 668",,,4.77,-20.93,0.068107,"Globigerinoides sacculifer for d11B, Globigerinoides ruber for Mg/Ca","515-865","21.03,21.1,21.16","2.87",0.0751295177972304,251.9,21.0967338443685,0.33,2.87,0.0861,24.1125117337026,"The originally published d11B data (Hönisch & Hemming 2005) were corrected by an instrument offset of +1.1‰ to match data collected on the 6"" radius of curvature mass spectrometer at SUNY Stony Brook. Because that mass spectrometer is no longer in operation and because ongoing data collection is done on the Triton TIMS at LDEO, Stony Brook d11B data are now all adjusted to the Triton TIMS at LDEO, and data collected at LDEO are listed as measured.",FALSE,TRUE,"boron_isotopes_hoenisch_2005.xlsx",8,900,9
"boron_isotopes_hoenisch_2005.xlsx","boron isotopes",9,2005,"ODP 668_B_1_2_25_27","ODP 668",,,4.77,-20.93,0.109163,"Globigerinoides sacculifer for d11B, Globigerinoides ruber for Mg/Ca","515-865","20.88,21,21.19","3.41,3.41",0.18049315160908,277.1,21.0247666598402,0.33,3.41,0.1023,26.0280701950792,"The originally published d11B data (Hönisch & Hemming 2005) were corrected by an instrument offset of +1.1‰ to match data collected on the 6"" radius of curvature mass spectrometer at SUNY Stony Brook. Because that mass spectrometer is no longer in operation and because ongoing data collection is done on the Triton TIMS at LDEO, Stony Brook d11B data are now all adjusted to the Triton TIMS at LDEO, and data collected at LDEO are listed as measured.",FALSE,TRUE,"boron_isotopes_hoenisch_2005.xlsx",9,901,10
"boron_isotopes_hoenisch_2005.xlsx","boron isotopes",10,2005,"ODP 668_B_1_2_39_41","ODP 668",,,4.77,-20.93,0.128399,"Globigerinoides sacculifer for d11B, Globigerinoides ruber for Mg/Ca","515-865","20.49,20.58,20.8,20.87","3.97,4.04",0.179350680697529,330.1,20.6845259688654,0.29,4,0.12,27.80120430424,"The originally published d11B data (Hönisch & Hemming 2005) were corrected by an instrument offset of +1.1‰ to match data collected on the 6"" radius of curvature mass spectrometer at SUNY Stony Brook. Because that mass spectrometer is no longer in operation and because ongoing data collection is done on the Triton TIMS at LDEO, Stony Brook d11B data are now all adjusted to the Triton TIMS at LDEO, and data collected at LDEO are listed as measured.",FALSE,TRUE,"boron_isotopes_hoenisch_2005.xlsx",10,902,11
"boron_isotopes_hoenisch_2005.xlsx","boron isotopes",11,2005,"ODP 668_B_1_2_49_51","ODP 668",,,4.77,-20.93,0.13132,"Globigerinoides sacculifer for d11B, Globigerinoides ruber for Mg/Ca","515-865","20.88,20.98,21.1","3.62,3.82",0.127191893522261,290,20.987533637289,0.33,3.72,0.1116,26.9948632727418,"The originally published d11B data (Hönisch & Hemming 2005) were corrected by an instrument offset of +1.1‰ to match data collected on the 6"" radius of curvature mass spectrometer at SUNY Stony Brook. Because that mass spectrometer is no longer in operation and because ongoing data collection is done on the Triton TIMS at LDEO, Stony Brook d11B data are now all adjusted to the Triton TIMS at LDEO, and data collected at LDEO are listed as measured.",FALSE,TRUE,"boron_isotopes_hoenisch_2005.xlsx",11,903,12
"boron_isotopes_hoenisch_2005.xlsx","boron isotopes",12,2005,"ODP 668_B_1_2_70_72","ODP 668",,,4.77,-20.93,0.136632,"Globigerinoides sacculifer for d11B, Globigerinoides ruber for Mg/Ca","515-865","21.62,21.76,21.86,22.02","2.83,2.86",0.194479361944197,203.4,21.8148368216884,0.33,2.84,0.0852,23.9957564270536,"The originally published d11B data (Hönisch & Hemming 2005) were corrected by an instrument offset of +1.1‰ to match data collected on the 6"" radius of curvature mass spectrometer at SUNY Stony Brook. Because that mass spectrometer is no longer in operation and because ongoing data collection is done on the Triton TIMS at LDEO, Stony Brook d11B data are now all adjusted to the Triton TIMS at LDEO, and data collected at LDEO are listed as measured.",FALSE,TRUE,"boron_isotopes_hoenisch_2005.xlsx",12,904,13
"boron_isotopes_hoenisch_2005.xlsx","boron isotopes",13,2005,"ODP 668_B_1_2_74_76","ODP 668",,,4.77,-20.93,0.137694,"Globigerinoides sacculifer for d11B, Globigerinoides ruber for Mg/Ca","515-865","21.74,22.39,22.55","2.98,3.02",0.495356213020266,189,22.2316121978439,0.5,3,0.09,24.6047368325535,"The originally published d11B data (Hönisch & Hemming 2005) were corrected by an instrument offset of +1.1‰ to match data collected on the 6"" radius of curvature mass spectrometer at SUNY Stony Brook. Because that mass spectrometer is no longer in operation and because ongoing data collection is done on the Triton TIMS at LDEO, Stony Brook d11B data are now all adjusted to the Triton TIMS at LDEO, and data collected at LDEO are listed as measured.",FALSE,TRUE,"boron_isotopes_hoenisch_2005.xlsx",13,905,14
"boron_isotopes_hoenisch_2005.xlsx","boron isotopes",14,2005,"ODP 668_B_2_2_56_58","ODP 668",,,4.77,-20.93,0.317445,"Globigerinoides sacculifer for d11B, Globigerinoides ruber for Mg/Ca","515-865","20.36,20.54,20.73","3.2,3.26",0.213645604786161,314.1,20.5452353157084,0.33,3.23,0.0969,25.4255129277363,"The originally published d11B data (Hönisch & Hemming 2005) were corrected by an instrument offset of +1.1‰ to match data collected on the 6"" radius of curvature mass spectrometer at SUNY Stony Brook. Because that mass spectrometer is no longer in operation and because ongoing data collection is done on the Triton TIMS at LDEO, Stony Brook d11B data are now all adjusted to the Triton TIMS at LDEO, and data collected at LDEO are listed as measured.",FALSE,TRUE,"boron_isotopes_hoenisch_2005.xlsx",14,906,15
"boron_isotopes_hoenisch_2005.xlsx","boron isotopes",15,2005,"ODP 668_B_2_2_105_107","ODP 668",,,4.77,-20.93,0.362425,"Globigerinoides sacculifer for d11B, Globigerinoides ruber for Mg/Ca","515-865","21.47,21.51,21.65","2.72,2.88",0.109138036958299,214.8,21.5436134103345,0.33,2.8,0.084,23.8381493715874,"The originally published d11B data (Hönisch & Hemming 2005) were corrected by an instrument offset of +1.1‰ to match data collected on the 6"" radius of curvature mass spectrometer at SUNY Stony Brook. Because that mass spectrometer is no longer in operation and because ongoing data collection is done on the Triton TIMS at LDEO, Stony Brook d11B data are now all adjusted to the Triton TIMS at LDEO, and data collected at LDEO are listed as measured.",FALSE,TRUE,"boron_isotopes_hoenisch_2005.xlsx",15,907,16
"boron_isotopes_hoenisch_2005.xlsx","boron isotopes",16,2005,"ODP 668_B_2_2_130_132","ODP 668",,,4.77,-20.93,0.370031,"Globigerinoides sacculifer for d11B, Globigerinoides ruber for Mg/Ca","515-865","21.09,21.36,21.82","2.88,3.11",0.426197658891323,229.2,21.4242069565657,0.43,3,0.09,24.6047368325535,"The originally published d11B data (Hönisch & Hemming 2005) were corrected by an instrument offset of +1.1‰ to match data collected on the 6"" radius of curvature mass spectrometer at SUNY Stony Brook. Because that mass spectrometer is no longer in operation and because ongoing data collection is done on the Triton TIMS at LDEO, Stony Brook d11B data are now all adjusted to the Triton TIMS at LDEO, and data collected at LDEO are listed as measured.",FALSE,TRUE,"boron_isotopes_hoenisch_2005.xlsx",16,908,17
"boron_isotopes_hoenisch_2005.xlsx","boron isotopes",17,2005,"ODP 668_B_2_3_14_16","ODP 668",,,4.77,-20.93,0.383734,"Globigerinoides sacculifer for d11B, Globigerinoides ruber for Mg/Ca","515-865","20.73,21.11,21.13,21.45","3.1,3.28",0.294561821468204,259.5,21.1037904200709,0.34,3.19,0.0957,25.2870549228718,"The originally published d11B data (Hönisch & Hemming 2005) were corrected by an instrument offset of +1.1‰ to match data collected on the 6"" radius of curvature mass spectrometer at SUNY Stony Brook. Because that mass spectrometer is no longer in operation and because ongoing data collection is done on the Triton TIMS at LDEO, Stony Brook d11B data are now all adjusted to the Triton TIMS at LDEO, and data collected at LDEO are listed as measured.",FALSE,TRUE,"boron_isotopes_hoenisch_2005.xlsx",17,909,18
"boron_isotopes_hoenisch_2005.xlsx","boron isotopes",18,2005,"ODP 668_B_2_3_56_58","ODP 668",,,4.77,-20.93,0.414085,"Globigerinoides sacculifer for d11B, Globigerinoides ruber for Mg/Ca","515-865","20.54,20.55,20.9","3.61,3.7",0.236737078727529,317.7,20.6661801674853,0.33,3.66,0.1098,26.8141908186109,"The originally published d11B data (Hönisch & Hemming 2005) were corrected by an instrument offset of +1.1‰ to match data collected on the 6"" radius of curvature mass spectrometer at SUNY Stony Brook. Because that mass spectrometer is no longer in operation and because ongoing data collection is done on the Triton TIMS at LDEO, Stony Brook d11B data are now all adjusted to the Triton TIMS at LDEO, and data collected at LDEO are listed as measured.",FALSE,TRUE,"boron_isotopes_hoenisch_2005.xlsx",18,910,19
"boron_isotopes_hoenisch_2005.xlsx","boron isotopes",19,2005,"ODP 668_B_2_3_70_72","ODP 668",,,4.77,-20.93,0.421574,"Globigerinoides sacculifer for d11B, Globigerinoides ruber for Mg/Ca","515-865","20.44,20.86,21.06,21.15","3.36,3.48",0.315845426329609,292.7,20.8784375494002,0.37,3.42,0.1026,26.0606064148469,"The originally published d11B data (Hönisch & Hemming 2005) were corrected by an instrument offset of +1.1‰ to match data collected on the 6"" radius of curvature mass spectrometer at SUNY Stony Brook. Because that mass spectrometer is no longer in operation and because ongoing data collection is done on the Triton TIMS at LDEO, Stony Brook d11B data are now all adjusted to the Triton TIMS at LDEO, and data collected at LDEO are listed as measured.",FALSE,TRUE,"boron_isotopes_hoenisch_2005.xlsx",19,911,20
"boron_isotopes_hoenisch_2009.xlsx","boron isotopes",4,2009,"ODP 668_B_1_1_2_4","ODP 668",,,4.77,-20.93,0.003633489769,"Globigerinoides sacculifer for d11B, Globigerinoides ruber for Mg/Ca","515-865","20.87,20.9,20.92","3.33,3.34",0.0290593262902714,283.390459125653,20.9,0.33,3.34,0.1002,25.7976092583368,"Data updated from Hönisch & Hemming 2005. The originally published d11B data were corrected by an instrument offset of +1.1‰ to match data collected on the 6"" radius of curvature mass spectrometer at SUNY Stony Brook. Because that mass spectrometer is no longer in operation and because ongoing data collection is done on the Triton TIMS at LDEO, Stony Brook d11B data are now all adjusted to the Triton TIMS at LDEO, and data collected at LDEO are listed as measured.",FALSE,TRUE,"boron_isotopes_hoenisch_2009.xlsx",4,912,5
"boron_isotopes_hoenisch_2009.xlsx","boron isotopes",5,2009,"ODP 668_B_1_1_2_4","ODP 668",,,4.77,-20.93,0.003633489769,"Globigerinoides sacculifer for d11B, Globigerinoides ruber for Mg/Ca","515-865","20.42,20.82,21.03,21.07","3.33,3.34",0.297601523293592,,20.84,0.3,3.34,0.1002,25.7976092583368,"procedural 2009 duplicate, not included for data figures",FALSE,TRUE,"boron_isotopes_hoenisch_2009.xlsx",5,913,6
"boron_isotopes_hoenisch_2009.xlsx","boron isotopes",6,2009,"ODP 668_B_1_1_25_27","ODP 668",,,4.77,-20.93,0.01460959912,"Globigerinoides sacculifer for d11B, Globigerinoides ruber for Mg/Ca","515-865","21.18,21.26,21.49","3.46,3.56",0.18583146486355,253.949086980578,21.31,0.33,3.51,0.1053,26.3492229304387,"Data updated from Hönisch & Hemming 2005. The originally published d11B data were corrected by an instrument offset of +1.1‰ to match data collected on the 6"" radius of curvature mass spectrometer at SUNY Stony Brook. Because that mass spectrometer is no longer in operation and because ongoing data collection is done on the Triton TIMS at LDEO, Stony Brook d11B data are now all adjusted to the Triton TIMS at LDEO, and data collected at LDEO are listed as measured.",FALSE,TRUE,"boron_isotopes_hoenisch_2009.xlsx",6,914,7
"boron_isotopes_hoenisch_2009.xlsx","boron isotopes",7,2009,"ODP 668_B_1_1_25_27","ODP 668",,,4.77,-20.93,0.01460959912,"Globigerinoides sacculifer for d11B, Globigerinoides ruber for Mg/Ca","515-865","21.32,21.33,21.69","3.46,3.56",0.24340181684705,,21.44,0.33,3.51,0.1053,26.3492229304387,"procedural 2009 duplicate, not included for data figures",FALSE,TRUE,"boron_isotopes_hoenisch_2009.xlsx",7,915,8
"boron_isotopes_hoenisch_2009.xlsx","boron isotopes",8,2009,"ODP 668_B_1_1_33_35","ODP 668",,,4.77,-20.93,0.02043604101,"Globigerinoides sacculifer for d11B, Globigerinoides ruber for Mg/Ca","515-865","22.02,22.14,22.15","2.81,2.96",0.083533093907611,183.437288205509,22.118934409799,0.33,2.88,0.0864,24.1511591156618,"Data updated from Hönisch & Hemming 2005. The originally published d11B data were corrected by an instrument offset of +1.1‰ to match data collected on the 6"" radius of curvature mass spectrometer at SUNY Stony Brook. Because that mass spectrometer is no longer in operation and because ongoing data collection is done on the Triton TIMS at LDEO, Stony Brook d11B data are now all adjusted to the Triton TIMS at LDEO, and data collected at LDEO are listed as measured.",FALSE,TRUE,"boron_isotopes_hoenisch_2009.xlsx",8,916,9
"boron_isotopes_hoenisch_2009.xlsx","boron isotopes",9,2009,"ODP 668_B_1_1_70_72","ODP 668",,,4.77,-20.93,0.04083738889,"Globigerinoides sacculifer for d11B, Globigerinoides ruber for Mg/Ca","515-865","21.35,21.62,21.69","2.99,3.04",0.207310824072883,218.395855595165,21.5539420340399,0.33,3.01,0.0903,24.6417122780277,"Data updated from Hönisch & Hemming 2005. The originally published d11B data were corrected by an instrument offset of +1.1‰ to match data collected on the 6"" radius of curvature mass spectrometer at SUNY Stony Brook. Because that mass spectrometer is no longer in operation and because ongoing data collection is done on the Triton TIMS at LDEO, Stony Brook d11B data are now all adjusted to the Triton TIMS at LDEO, and data collected at LDEO are listed as measured.",FALSE,TRUE,"boron_isotopes_hoenisch_2009.xlsx",9,917,10
"boron_isotopes_hoenisch_2009.xlsx","boron isotopes",10,2009,"ODP 668_B_1_1_105_107","ODP 668",,,4.77,-20.93,0.07057601416,"Globigerinoides sacculifer for d11B, Globigerinoides ruber for Mg/Ca","515-865","21.03,21.1,21.16","2.87",0.0751295177972304,246.263905870312,21.0967338443685,0.33,2.87,0.0861,24.1125117337026,"Data updated from Hönisch & Hemming 2005. The originally published d11B data were corrected by an instrument offset of +1.1‰ to match data collected on the 6"" radius of curvature mass spectrometer at SUNY Stony Brook. Because that mass spectrometer is no longer in operation and because ongoing data collection is done on the Triton TIMS at LDEO, Stony Brook d11B data are now all adjusted to the Triton TIMS at LDEO, and data collected at LDEO are listed as measured.",FALSE,TRUE,"boron_isotopes_hoenisch_2009.xlsx",10,918,11
"boron_isotopes_hoenisch_2009.xlsx","boron isotopes",11,2009,"ODP 668_B_1_2_25_27","ODP 668",,,4.77,-20.93,0.113572093,"Globigerinoides sacculifer for d11B, Globigerinoides ruber for Mg/Ca","515-865","20.88,21,21.19","3.41,3.41",0.18049315160908,267.287839368745,21.0247666598402,0.33,3.41,0.1023,26.0280701950792,"Data updated from Hönisch & Hemming 2005. The originally published d11B data were corrected by an instrument offset of +1.1‰ to match data collected on the 6"" radius of curvature mass spectrometer at SUNY Stony Brook. Because that mass spectrometer is no longer in operation and because ongoing data collection is done on the Triton TIMS at LDEO, Stony Brook d11B data are now all adjusted to the Triton TIMS at LDEO, and data collected at LDEO are listed as measured.",FALSE,TRUE,"boron_isotopes_hoenisch_2009.xlsx",11,919,12
"boron_isotopes_hoenisch_2009.xlsx","boron isotopes",12,2009,"ODP 668_B_1_2_39_41","ODP 668",,,4.77,-20.93,0.1232337454,"Globigerinoides sacculifer for d11B, Globigerinoides ruber for Mg/Ca","515-865","20.49,20.58,20.8,20.87","3.97,4.04",0.179350680697529,317.836641985091,20.6845259688654,0.29,4,0.12,27.80120430424,"Data updated from Hönisch & Hemming 2005. The originally published d11B data were corrected by an instrument offset of +1.1‰ to match data collected on the 6"" radius of curvature mass spectrometer at SUNY Stony Brook. Because that mass spectrometer is no longer in operation and because ongoing data collection is done on the Triton TIMS at LDEO, Stony Brook d11B data are now all adjusted to the Triton TIMS at LDEO, and data collected at LDEO are listed as measured.",FALSE,TRUE,"boron_isotopes_hoenisch_2009.xlsx",12,920,13
"boron_isotopes_hoenisch_2009.xlsx","boron isotopes",13,2009,"ODP 668_B_1_2_49_51","ODP 668",,,4.77,-20.93,0.128057612,"Globigerinoides sacculifer for d11B, Globigerinoides ruber for Mg/Ca","515-865","20.88,20.98,21.1","3.62,3.82",0.127191893522261,279.302974749965,20.987533637289,0.33,3.72,0.1116,26.9948632727418,"Data updated from Hönisch & Hemming 2005. The originally published d11B data were corrected by an instrument offset of +1.1‰ to match data collected on the 6"" radius of curvature mass spectrometer at SUNY Stony Brook. Because that mass spectrometer is no longer in operation and because ongoing data collection is done on the Triton TIMS at LDEO, Stony Brook d11B data are now all adjusted to the Triton TIMS at LDEO, and data collected at LDEO are listed as measured.",FALSE,TRUE,"boron_isotopes_hoenisch_2009.xlsx",13,921,14
"boron_isotopes_hoenisch_2009.xlsx","boron isotopes",14,2009,"ODP 668_B_1_2_70_72","ODP 668",,,4.77,-20.93,0.136837314,"Globigerinoides sacculifer for d11B, Globigerinoides ruber for Mg/Ca","515-865","21.62,21.76,21.86,22.02","2.83,2.86",0.194479361944197,194.889858840484,21.8148368216884,0.33,2.84,0.0852,23.9957564270536,"Data updated from Hönisch & Hemming 2005. The originally published d11B data were corrected by an instrument offset of +1.1‰ to match data collected on the 6"" radius of curvature mass spectrometer at SUNY Stony Brook. Because that mass spectrometer is no longer in operation and because ongoing data collection is done on the Triton TIMS at LDEO, Stony Brook d11B data are now all adjusted to the Triton TIMS at LDEO, and data collected at LDEO are listed as measured.",FALSE,TRUE,"boron_isotopes_hoenisch_2009.xlsx",14,922,15
"boron_isotopes_hoenisch_2009.xlsx","boron isotopes",15,2009,"ODP 668_B_1_2_74_76","ODP 668",,,4.77,-20.93,0.1385932544,"Globigerinoides sacculifer for d11B, Globigerinoides ruber for Mg/Ca","515-865","21.74,22.39,22.55","2.98,3.02",0.495356213020266,175.161350301979,22.2316121978439,0.5,3,0.09,24.6047368325535,"Data updated from Hönisch & Hemming 2005. The originally published d11B data were corrected by an instrument offset of +1.1‰ to match data collected on the 6"" radius of curvature mass spectrometer at SUNY Stony Brook. Because that mass spectrometer is no longer in operation and because ongoing data collection is done on the Triton TIMS at LDEO, Stony Brook d11B data are now all adjusted to the Triton TIMS at LDEO, and data collected at LDEO are listed as measured.",FALSE,TRUE,"boron_isotopes_hoenisch_2009.xlsx",15,923,16
"boron_isotopes_hoenisch_2009.xlsx","boron isotopes",16,2009,"ODP 668_B_2_2_56_58","ODP 668",,,4.77,-20.93,0.3291084577,"Globigerinoides sacculifer for d11B, Globigerinoides ruber for Mg/Ca","515-865","20.36,20.54,20.73","3.2,3.26",0.213645604786161,294.820997122559,20.5452353157084,0.33,3.23,0.0969,25.4255129277363,"Data updated from Hönisch & Hemming 2005. The originally published d11B data were corrected by an instrument offset of +1.1‰ to match data collected on the 6"" radius of curvature mass spectrometer at SUNY Stony Brook. Because that mass spectrometer is no longer in operation and because ongoing data collection is done on the Triton TIMS at LDEO, Stony Brook d11B data are now all adjusted to the Triton TIMS at LDEO, and data collected at LDEO are listed as measured.",FALSE,TRUE,"boron_isotopes_hoenisch_2009.xlsx",16,924,17
"boron_isotopes_hoenisch_2009.xlsx","boron isotopes",17,2009,"ODP 668_B_2_2_105_107","ODP 668",,,4.77,-20.93,0.3585476801,"Globigerinoides sacculifer for d11B, Globigerinoides ruber for Mg/Ca","515-865","21.47,21.51,21.65","2.72,2.88",0.109138036958299,201.86505558374,21.5436134103345,0.33,2.8,0.084,23.8381493715874,"Data updated from Hönisch & Hemming 2005. The originally published d11B data were corrected by an instrument offset of +1.1‰ to match data collected on the 6"" radius of curvature mass spectrometer at SUNY Stony Brook. Because that mass spectrometer is no longer in operation and because ongoing data collection is done on the Triton TIMS at LDEO, Stony Brook d11B data are now all adjusted to the Triton TIMS at LDEO, and data collected at LDEO are listed as measured.",FALSE,TRUE,"boron_isotopes_hoenisch_2009.xlsx",17,925,18
"boron_isotopes_hoenisch_2009.xlsx","boron isotopes",18,2009,"ODP 668_B_2_2_130_132","ODP 668",,,4.77,-20.93,0.3668924332,"Globigerinoides sacculifer for d11B, Globigerinoides ruber for Mg/Ca","515-865","21.09,21.36,21.82","2.88,3.11",0.426197658891323,214.128243254572,21.4242069565657,0.43,3,0.09,24.6047368325535,"Data updated from Hönisch & Hemming 2005. The originally published d11B data were corrected by an instrument offset of +1.1‰ to match data collected on the 6"" radius of curvature mass spectrometer at SUNY Stony Brook. Because that mass spectrometer is no longer in operation and because ongoing data collection is done on the Triton TIMS at LDEO, Stony Brook d11B data are now all adjusted to the Triton TIMS at LDEO, and data collected at LDEO are listed as measured.",FALSE,TRUE,"boron_isotopes_hoenisch_2009.xlsx",18,926,19
"boron_isotopes_hoenisch_2009.xlsx","boron isotopes",19,2009,"ODP 668_B_2_3_14_16","ODP 668",,,4.77,-20.93,0.3863719272,"Globigerinoides sacculifer for d11B, Globigerinoides ruber for Mg/Ca","515-865","20.73,21.11,21.13,21.45","3.1,3.28",0.294561821468204,242.339953365623,21.1037904200709,0.34,3.19,0.0957,25.2870549228718,"Data updated from Hönisch & Hemming 2005. The originally published d11B data were corrected by an instrument offset of +1.1‰ to match data collected on the 6"" radius of curvature mass spectrometer at SUNY Stony Brook. Because that mass spectrometer is no longer in operation and because ongoing data collection is done on the Triton TIMS at LDEO, Stony Brook d11B data are now all adjusted to the Triton TIMS at LDEO, and data collected at LDEO are listed as measured.",FALSE,TRUE,"boron_isotopes_hoenisch_2009.xlsx",19,927,20
"boron_isotopes_hoenisch_2009.xlsx","boron isotopes",20,2009,"ODP 668_B_2_3_56_58","ODP 668",,,4.77,-20.93,0.409091674,"Globigerinoides sacculifer for d11B, Globigerinoides ruber for Mg/Ca","515-865","20.54,20.55,20.9","3.61,3.7",0.236737078727529,297.463722723157,20.6661801674853,0.33,3.66,0.1098,26.8141908186109,"Data updated from Hönisch & Hemming 2005. The originally published d11B data were corrected by an instrument offset of +1.1‰ to match data collected on the 6"" radius of curvature mass spectrometer at SUNY Stony Brook. Because that mass spectrometer is no longer in operation and because ongoing data collection is done on the Triton TIMS at LDEO, Stony Brook d11B data are now all adjusted to the Triton TIMS at LDEO, and data collected at LDEO are listed as measured.",FALSE,TRUE,"boron_isotopes_hoenisch_2009.xlsx",20,928,21
"boron_isotopes_hoenisch_2009.xlsx","boron isotopes",21,2009,"ODP 668_B_2_3_70_72","ODP 668",,,4.77,-20.93,0.4188140124,"Globigerinoides sacculifer for d11B, Globigerinoides ruber for Mg/Ca","515-865","20.44,20.86,21.06,21.15","3.36,3.48",0.315845426329609,271.117727329799,20.8784375494002,0.37,3.42,0.1026,26.0606064148469,"Data updated from Hönisch & Hemming 2005. The originally published d11B data were corrected by an instrument offset of +1.1‰ to match data collected on the 6"" radius of curvature mass spectrometer at SUNY Stony Brook. Because that mass spectrometer is no longer in operation and because ongoing data collection is done on the Triton TIMS at LDEO, Stony Brook d11B data are now all adjusted to the Triton TIMS at LDEO, and data collected at LDEO are listed as measured.",FALSE,TRUE,"boron_isotopes_hoenisch_2009.xlsx",21,929,22
"boron_isotopes_hoenisch_2009.xlsx","boron isotopes",22,2009,"ODP 668_B_2_4_94_96","ODP 668",,,4.77,-20.93,0.5415533271,"Globigerinoides sacculifer for d11B, Globigerinoides ruber for Mg/Ca","515-865","20.98,21.2,21.3,21.34","3.09,3.18",0.161141759536958,234.827781558992,21.2042834746559,0.29,3.13,0.0939,25.076078120153,"The originally published d11B data were corrected by an instrument offset of +1.1‰ to match data collected on the 6"" radius of curvature mass spectrometer at SUNY Stony Brook. Because that mass spectrometer is no longer in operation and because ongoing data collection is done on the Triton TIMS at LDEO, Stony Brook d11B data are now all adjusted to the Triton TIMS at LDEO, and data collected at LDEO are listed as measured.",FALSE,TRUE,"boron_isotopes_hoenisch_2009.xlsx",22,930,23
"boron_isotopes_hoenisch_2009.xlsx","boron isotopes",23,2009,"ODP 668_B_2_5_37_39","ODP 668",,,4.77,-20.93,0.6162669419,"Globigerinoides sacculifer for d11B, Globigerinoides ruber for Mg/Ca","515-865","21.09,21.2,21.37",,0.162890556304942,244.94696966998,21.2225663220494,0.33,3.61679466535444,0.108503839960633,26.682246758845,"The originally published d11B data were corrected by an instrument offset of +1.1‰ to match data collected on the 6"" radius of curvature mass spectrometer at SUNY Stony Brook. Because that mass spectrometer is no longer in operation and because ongoing data collection is done on the Triton TIMS at LDEO, Stony Brook d11B data are now all adjusted to the Triton TIMS at LDEO, and data collected at LDEO are listed as measured.",FALSE,TRUE,"boron_isotopes_hoenisch_2009.xlsx",23,931,24
"boron_isotopes_hoenisch_2009.xlsx","boron isotopes",24,2009,"ODP 668_B_2_5_73_75","ODP 668",,,4.77,-20.93,0.6509888885,"Globigerinoides sacculifer for d11B, Globigerinoides ruber for Mg/Ca","515-865","22.18,22.28,22.4",,0.127191893522259,166.923127439472,22.29,0.33,3.08071282564352,0.0924213847693057,24.8997225929672,"The originally published d11B data were corrected by an instrument offset of +1.1‰ to match data collected on the 6"" radius of curvature mass spectrometer at SUNY Stony Brook. Because that mass spectrometer is no longer in operation and because ongoing data collection is done on the Triton TIMS at LDEO, Stony Brook d11B data are now all adjusted to the Triton TIMS at LDEO, and data collected at LDEO are listed as measured.",FALSE,TRUE,"boron_isotopes_hoenisch_2009.xlsx",24,932,25
"boron_isotopes_hoenisch_2009.xlsx","boron isotopes",25,2009,"ODP 668_B_2_5_80_82","ODP 668",,,4.77,-20.93,0.6620787662,"Globigerinoides sacculifer for d11B, Globigerinoides ruber for Mg/Ca","515-865","21.73,21.81,21.97",,0.141106736590111,189.429580251765,21.84,0.33,3.04231952204584,0.0912695856613751,24.7603805712864,"The originally published d11B data were corrected by an instrument offset of +1.1‰ to match data collected on the 6"" radius of curvature mass spectrometer at SUNY Stony Brook. Because that mass spectrometer is no longer in operation and because ongoing data collection is done on the Triton TIMS at LDEO, Stony Brook d11B data are now all adjusted to the Triton TIMS at LDEO, and data collected at LDEO are listed as measured.",FALSE,TRUE,"boron_isotopes_hoenisch_2009.xlsx",25,933,26
"boron_isotopes_hoenisch_2009.xlsx","boron isotopes",26,2009,"ODP 668_B_2_5_87_89","ODP 668",,,4.77,-20.93,0.6750397195,"Globigerinoides sacculifer for d11B, Globigerinoides ruber for Mg/Ca","515-865","21.29,21.29,21.69,21.71,22.16",,0.323134646857932,211.006057283848,21.63,0.32,3.30191800897076,0.0990575402691229,25.6701948970427,"The originally published d11B data were corrected by an instrument offset of +1.1‰ to match data collected on the 6"" radius of curvature mass spectrometer at SUNY Stony Brook. Because that mass spectrometer is no longer in operation and because ongoing data collection is done on the Triton TIMS at LDEO, Stony Brook d11B data are now all adjusted to the Triton TIMS at LDEO, and data collected at LDEO are listed as measured.",FALSE,TRUE,"boron_isotopes_hoenisch_2009.xlsx",26,934,27
"boron_isotopes_hoenisch_2009.xlsx","boron isotopes",27,2009,"ODP 668_B_2_6_14_16","ODP 668",,,4.77,-20.93,0.7021715786,"Globigerinoides sacculifer for d11B, Globigerinoides ruber for Mg/Ca","515-865","20.97,21.26,21.5",,0.306449198254966,250.356139147143,21.24,0.33,3.81654211946862,0.114496263584059,27.2795426067529,"The originally published d11B data were corrected by an instrument offset of +1.1‰ to match data collected on the 6"" radius of curvature mass spectrometer at SUNY Stony Brook. Because that mass spectrometer is no longer in operation and because ongoing data collection is done on the Triton TIMS at LDEO, Stony Brook d11B data are now all adjusted to the Triton TIMS at LDEO, and data collected at LDEO are listed as measured.",FALSE,TRUE,"boron_isotopes_hoenisch_2009.xlsx",27,935,28
"boron_isotopes_hoenisch_2009.xlsx","boron isotopes",28,2009,"ODP 668_B_2_6_25_27","ODP 668",,,4.77,-20.93,0.7035076784,"Globigerinoides sacculifer for d11B, Globigerinoides ruber for Mg/Ca","515-865","20.91,21.01,21.31",,0.240370085030931,260.180225657536,21.08,0.33,3.69376971257582,0.110813091377274,26.9162396128632,"The originally published d11B data were corrected by an instrument offset of +1.1‰ to match data collected on the 6"" radius of curvature mass spectrometer at SUNY Stony Brook. Because that mass spectrometer is no longer in operation and because ongoing data collection is done on the Triton TIMS at LDEO, Stony Brook d11B data are now all adjusted to the Triton TIMS at LDEO, and data collected at LDEO are listed as measured.",FALSE,TRUE,"boron_isotopes_hoenisch_2009.xlsx",28,936,29
"boron_isotopes_hoenisch_2009.xlsx","boron isotopes",29,2009,"ODP 668_B_2_6_69_71","ODP 668",,,4.77,-20.93,0.7310244511,"Globigerinoides sacculifer for d11B, Globigerinoides ruber for Mg/Ca","515-865","21.21,21.74,21.75",,0.356713392577912,219.288118696364,21.56,0.36,3.50091996335335,0.1050275989006,26.3204422987925,"The originally published d11B data were corrected by an instrument offset of +1.1‰ to match data collected on the 6"" radius of curvature mass spectrometer at SUNY Stony Brook. Because that mass spectrometer is no longer in operation and because ongoing data collection is done on the Triton TIMS at LDEO, Stony Brook d11B data are now all adjusted to the Triton TIMS at LDEO, and data collected at LDEO are listed as measured.",FALSE,TRUE,"boron_isotopes_hoenisch_2009.xlsx",29,937,30
"boron_isotopes_hoenisch_2009.xlsx","boron isotopes",30,2009,"ODP 668_B_2_6_90_92","ODP 668",,,4.77,-20.93,0.7524259159,"Globigerinoides sacculifer for d11B, Globigerinoides ruber for Mg/Ca","515-865","21.4,21.41,21.79,22.05",,0.315739871835451,201.41092563268,21.66,0.32,3.0342868350956,0.0910286050528681,24.7310049217984,"The originally published d11B data were corrected by an instrument offset of +1.1‰ to match data collected on the 6"" radius of curvature mass spectrometer at SUNY Stony Brook. Because that mass spectrometer is no longer in operation and because ongoing data collection is done on the Triton TIMS at LDEO, Stony Brook d11B data are now all adjusted to the Triton TIMS at LDEO, and data collected at LDEO are listed as measured.",FALSE,TRUE,"boron_isotopes_hoenisch_2009.xlsx",30,938,31
"boron_isotopes_hoenisch_2009.xlsx","boron isotopes",31,2009,"ODP 668_B_3_1_99_101","ODP 668",,,4.77,-20.93,0.8918939458,"Globigerinoides sacculifer for d11B, Globigerinoides ruber for Mg/Ca","515-865","21.5,21.82,21.9,21.98",,0.210396451174127,195.302955754262,21.8,0.29,3.11577788387668,0.0934733365163004,25.0254763252952,,FALSE,TRUE,"boron_isotopes_hoenisch_2009.xlsx",31,939,32
"boron_isotopes_hoenisch_2009.xlsx","boron isotopes",32,2009,"ODP 668_B_3_2_39_41","ODP 668",,,4.77,-20.93,0.9499855935,"Globigerinoides sacculifer for d11B, Globigerinoides ruber for Mg/Ca","515-865","20.77,20.84",,0.0700000000000003,281.850033983381,20.8,0.58,3.56212030502828,0.106863609150848,26.5129998347958,,FALSE,TRUE,"boron_isotopes_hoenisch_2009.xlsx",32,940,33
"boron_isotopes_hoenisch_2009.xlsx","boron isotopes",33,2009,"ODP 668_B_3_2_46_48","ODP 668",,,4.77,-20.93,0.9528391112,"Globigerinoides sacculifer for d11B, Globigerinoides ruber for Mg/Ca","515-865","20.41,20.65,20.82",,0.237860836998817,308.599989962318,20.63,0.33,3.81904092785186,0.114571227835556,27.2868150150053,,FALSE,TRUE,"boron_isotopes_hoenisch_2009.xlsx",33,941,34
"boron_isotopes_hoenisch_2009.xlsx","boron isotopes",34,2009,"ODP 668_B_3_3_44_46","ODP 668",,,4.77,-20.93,1.072816744,"Globigerinoides sacculifer for d11B, Globigerinoides ruber for Mg/Ca","515-865","20.17,20.74,20.76,21.05",,0.368329562574967,295.267893228631,20.68,0.37,3.5479354373933,0.106438063121799,26.4686654849103,,FALSE,TRUE,"boron_isotopes_hoenisch_2009.xlsx",34,942,35
"boron_isotopes_hoenisch_2009.xlsx","boron isotopes",35,2009,"ODP 668_B_3_3_51_53","ODP 668",,,4.77,-20.93,1.078918302,"Globigerinoides sacculifer for d11B, Globigerinoides ruber for Mg/Ca","515-865","20.82,21.15,21.16,21.19",,0.174164673034842,257.30459839606,21.08,0.29,3.45730279730117,0.103719083919035,26.1811419220118,,FALSE,TRUE,"boron_isotopes_hoenisch_2009.xlsx",35,943,36
"boron_isotopes_hoenisch_2009.xlsx","boron isotopes",36,2009,"ODP 668_B_3_4_5_7","ODP 668",,,4.77,-20.93,1.168280601,"Globigerinoides sacculifer for d11B, Globigerinoides ruber for Mg/Ca","515-865","20.79,20.81,21.36",,0.373511862075505,264.522397285249,20.99,0.37,3.44578115817199,0.10337343474516,26.1440517367415,"The originally published d11B data were corrected by an instrument offset of +1.1‰ to match data collected on the 6"" radius of curvature mass spectrometer at SUNY Stony Brook. Because that mass spectrometer is no longer in operation and because ongoing data collection is done on the Triton TIMS at LDEO, Stony Brook d11B data are now all adjusted to the Triton TIMS at LDEO, and data collected at LDEO are listed as measured.",FALSE,TRUE,"boron_isotopes_hoenisch_2009.xlsx",36,944,37
"boron_isotopes_hoenisch_2009.xlsx","boron isotopes",37,2009,"ODP 668_B_3_4_40_42","ODP 668",,,4.77,-20.93,1.19244841,"Globigerinoides sacculifer for d11B, Globigerinoides ruber for Mg/Ca","515-865","21.4,21.75,21.9",,0.296273147243853,208.95552646051,21.68,0.33,3.26162816467993,0.0978488449403979,25.5337837109061,"The originally published d11B data were corrected by an instrument offset of +1.1‰ to match data collected on the 6"" radius of curvature mass spectrometer at SUNY Stony Brook. Because that mass spectrometer is no longer in operation and because ongoing data collection is done on the Triton TIMS at LDEO, Stony Brook d11B data are now all adjusted to the Triton TIMS at LDEO, and data collected at LDEO are listed as measured.",FALSE,TRUE,"boron_isotopes_hoenisch_2009.xlsx",37,945,38
"boron_isotopes_hoenisch_2009.xlsx","boron isotopes",38,2009,"ODP 668_B_3_4_68_70","ODP 668",,,4.77,-20.93,1.212548537,"Globigerinoides sacculifer for d11B, Globigerinoides ruber for Mg/Ca","515-865","21.17,21.45,21.63",,0.267664798665128,221.296567872518,21.42,0.33,3.10054386703283,0.0930163160109849,24.9710173704797,"The originally published d11B data were corrected by an instrument offset of +1.1‰ to match data collected on the 6"" radius of curvature mass spectrometer at SUNY Stony Brook. Because that mass spectrometer is no longer in operation and because ongoing data collection is done on the Triton TIMS at LDEO, Stony Brook d11B data are now all adjusted to the Triton TIMS at LDEO, and data collected at LDEO are listed as measured.",FALSE,TRUE,"boron_isotopes_hoenisch_2009.xlsx",38,946,39
"boron_isotopes_hoenisch_2009.xlsx","boron isotopes",39,2009,"ODP 668_B_3_4_96_98","ODP 668",,,4.77,-20.93,1.233289148,"Globigerinoides sacculifer for d11B, Globigerinoides ruber for Mg/Ca","515-865","20.86,21.25,21.36",,0.303388273412874,243.602452588068,21.16,0.33,3.30585284722655,0.0991755854167966,25.6834279316571,"The originally published d11B data were corrected by an instrument offset of +1.1‰ to match data collected on the 6"" radius of curvature mass spectrometer at SUNY Stony Brook. Because that mass spectrometer is no longer in operation and because ongoing data collection is done on the Triton TIMS at LDEO, Stony Brook d11B data are now all adjusted to the Triton TIMS at LDEO, and data collected at LDEO are listed as measured.",FALSE,TRUE,"boron_isotopes_hoenisch_2009.xlsx",39,947,40
"boron_isotopes_hoenisch_2009.xlsx","boron isotopes",40,2009,"ODP 668_B_3_4_103_105","ODP 668",,,4.77,-20.93,1.238673954,"Globigerinoides sacculifer for d11B, Globigerinoides ruber for Mg/Ca","515-865","20.9,20.97,21",,0.0592546294487713,270.380889475977,20.96,0.33,3.58974884282222,0.107692465284667,26.5988474010879,"The originally published d11B data were corrected by an instrument offset of +1.1‰ to match data collected on the 6"" radius of curvature mass spectrometer at SUNY Stony Brook. Because that mass spectrometer is no longer in operation and because ongoing data collection is done on the Triton TIMS at LDEO, Stony Brook d11B data are now all adjusted to the Triton TIMS at LDEO, and data collected at LDEO are listed as measured.",FALSE,TRUE,"boron_isotopes_hoenisch_2009.xlsx",40,948,41
"boron_isotopes_hoenisch_2009.xlsx","boron isotopes",41,2009,"ODP 668_B_3_4_138_140","ODP 668",,,4.77,-20.93,1.252997506,"Globigerinoides sacculifer for d11B, Globigerinoides ruber for Mg/Ca","515-865","21.64,21.69,21.86",,0.133166562369587,200.593947703742,21.73,0.33,2.98022061276459,0.0894066183829378,24.5312372796434,"The originally published d11B data were corrected by an instrument offset of +1.1‰ to match data collected on the 6"" radius of curvature mass spectrometer at SUNY Stony Brook. Because that mass spectrometer is no longer in operation and because ongoing data collection is done on the Triton TIMS at LDEO, Stony Brook d11B data are now all adjusted to the Triton TIMS at LDEO, and data collected at LDEO are listed as measured.",FALSE,TRUE,"boron_isotopes_hoenisch_2009.xlsx",41,949,42
"boron_isotopes_hoenisch_2009.xlsx","boron isotopes",42,2009,"ODP 668_B_3_5_2_4","ODP 668",,,4.77,-20.93,1.261657928,"Globigerinoides sacculifer for d11B, Globigerinoides ruber for Mg/Ca","515-865","21,21.26,21.56",,0.323590962653642,237.733171687104,21.27,0.33,3.28792666920097,0.098637800076029,25.6230133405831,"The originally published d11B data were corrected by an instrument offset of +1.1‰ to match data collected on the 6"" radius of curvature mass spectrometer at SUNY Stony Brook. Because that mass spectrometer is no longer in operation and because ongoing data collection is done on the Triton TIMS at LDEO, Stony Brook d11B data are now all adjusted to the Triton TIMS at LDEO, and data collected at LDEO are listed as measured.",FALSE,TRUE,"boron_isotopes_hoenisch_2009.xlsx",42,950,43
"boron_isotopes_hoenisch_2009.xlsx","boron isotopes",43,2009,"ODP 668_B_3_6_3_5","ODP 668",,,4.77,-20.93,1.353310353,"Globigerinoides sacculifer for d11B, Globigerinoides ruber for Mg/Ca","515-865","20.38,20.76,20.9,21.17",,0.329076992004405,283.795946495187,20.8,0.33,3.52634543403066,0.10579036302092,26.4008452568478,"The originally published d11B data were corrected by an instrument offset of +1.1‰ to match data collected on the 6"" radius of curvature mass spectrometer at SUNY Stony Brook. Because that mass spectrometer is no longer in operation and because ongoing data collection is done on the Triton TIMS at LDEO, Stony Brook d11B data are now all adjusted to the Triton TIMS at LDEO, and data collected at LDEO are listed as measured.",FALSE,TRUE,"boron_isotopes_hoenisch_2009.xlsx",43,951,44
"boron_isotopes_hoenisch_2009.xlsx","boron isotopes",44,2009,"ODP 668_B_3_6_80_82","ODP 668",,,4.77,-20.93,1.412700896,"Globigerinoides sacculifer for d11B, Globigerinoides ruber for Mg/Ca","515-865","21.37,21.65,21.73",,0.218276073916598,218.397861211678,21.58,0.33,3.28744483077205,0.0986233449231616,25.6213849123397,"The originally published d11B data were corrected by an instrument offset of +1.1‰ to match data collected on the 6"" radius of curvature mass spectrometer at SUNY Stony Brook. Because that mass spectrometer is no longer in operation and because ongoing data collection is done on the Triton TIMS at LDEO, Stony Brook d11B data are now all adjusted to the Triton TIMS at LDEO, and data collected at LDEO are listed as measured.",FALSE,TRUE,"boron_isotopes_hoenisch_2009.xlsx",44,952,45
"boron_isotopes_hoenisch_2009.xlsx","boron isotopes",45,2009,"ODP 668_B_4_1_38_40","ODP 668",,,4.77,-20.93,1.4991555,"Globigerinoides sacculifer for d11B, Globigerinoides ruber for Mg/Ca","515-865","20.81,21.26,21.32",,0.321869538788623,266.353299734408,21.13,0.33,3.49211012282952,0.104763303684886,26.2924466609901,"The originally published d11B data were corrected by an instrument offset of +1.1‰ to match data collected on the 6"" radius of curvature mass spectrometer at SUNY Stony Brook. Because that mass spectrometer is no longer in operation and because ongoing data collection is done on the Triton TIMS at LDEO, Stony Brook d11B data are now all adjusted to the Triton TIMS at LDEO, and data collected at LDEO are listed as measured.",FALSE,TRUE,"boron_isotopes_hoenisch_2009.xlsx",45,953,46
"boron_isotopes_hoenisch_2009.xlsx","boron isotopes",46,2009,"ODP 668_B_4_1_66_68","ODP 668",,,4.77,-20.93,1.578882673,"Globigerinoides sacculifer for d11B, Globigerinoides ruber for Mg/Ca","515-865","21.32,21.52,21.79",,0.272355976210873,214.813401052266,21.54,0.33,3.22701670337086,0.0968105011011258,25.4152457271993,"The originally published d11B data were corrected by an instrument offset of +1.1‰ to match data collected on the 6"" radius of curvature mass spectrometer at SUNY Stony Brook. Because that mass spectrometer is no longer in operation and because ongoing data collection is done on the Triton TIMS at LDEO, Stony Brook d11B data are now all adjusted to the Triton TIMS at LDEO, and data collected at LDEO are listed as measured.",FALSE,TRUE,"boron_isotopes_hoenisch_2009.xlsx",46,954,47
"boron_isotopes_hoenisch_2009.xlsx","boron isotopes",47,2009,"ODP 668_B_4_2_0_2","ODP 668",,,4.77,-20.93,1.653010236,"Globigerinoides sacculifer for d11B, Globigerinoides ruber for Mg/Ca","515-865","21.18,21.58,21.68",,0.305505046330389,214.314472233357,21.48,0.33,3.06944838726795,0.0920834516180386,24.8590210366929,"The originally published d11B data were corrected by an instrument offset of +1.1‰ to match data collected on the 6"" radius of curvature mass spectrometer at SUNY Stony Brook. Because that mass spectrometer is no longer in operation and because ongoing data collection is done on the Triton TIMS at LDEO, Stony Brook d11B data are now all adjusted to the Triton TIMS at LDEO, and data collected at LDEO are listed as measured.",FALSE,TRUE,"boron_isotopes_hoenisch_2009.xlsx",47,955,48
"boron_isotopes_hoenisch_2009.xlsx","boron isotopes",48,2009,"ODP 668_B_4_2_7_9","ODP 668",,,4.77,-20.93,1.666789992,"Globigerinoides sacculifer for d11B, Globigerinoides ruber for Mg/Ca","515-865","21.28,21.41,21.53,21.58",,0.133915396177337,218.056103472205,21.45,0.29,3.10583998339024,0.0931751995017071,24.989980345702,,FALSE,TRUE,"boron_isotopes_hoenisch_2009.xlsx",48,956,49
"boron_isotopes_hoenisch_2009.xlsx","boron isotopes",49,2009,"ODP 668_B_4_2_10_12","ODP 668",,,4.77,-20.93,1.673687301,"Globigerinoides sacculifer for d11B, Globigerinoides ruber for Mg/Ca","515-865","20.73,20.81,20.92",,0.110151410945723,271.379470975184,20.82,0.33,3.15662579332837,0.0946987737998512,25.1701966272058,"The originally published d11B data were corrected by an instrument offset of +1.1‰ to match data collected on the 6"" radius of curvature mass spectrometer at SUNY Stony Brook. Because that mass spectrometer is no longer in operation and because ongoing data collection is done on the Triton TIMS at LDEO, Stony Brook d11B data are now all adjusted to the Triton TIMS at LDEO, and data collected at LDEO are listed as measured.",FALSE,TRUE,"boron_isotopes_hoenisch_2009.xlsx",49,957,50
"boron_isotopes_hoenisch_2009.xlsx","boron isotopes",50,2009,"ODP 668_B_4_2_105_107","ODP 668",,,4.77,-20.93,1.854154015,"Globigerinoides sacculifer for d11B, Globigerinoides ruber for Mg/Ca","515-865","20.26,20.72,21.16,21.21,21.38",,0.406329915216686,267.480971075736,20.95,0.41,3.45554844942927,0.103666453482878,26.1755023519256,,FALSE,TRUE,"boron_isotopes_hoenisch_2009.xlsx",50,958,51
"boron_isotopes_hoenisch_2009.xlsx","boron isotopes",51,2009,"ODP 668_B_4_2_115_117","ODP 668",,,4.77,-20.93,1.863783488,"Globigerinoides sacculifer for d11B, Globigerinoides ruber for Mg/Ca","515-865","21.28,21.32,21.56,21.63,22.1",,0.293557490110541,208.293401156051,21.58,0.29,2.96326399202117,0.088897919760635,24.4678376341972,,FALSE,TRUE,"boron_isotopes_hoenisch_2009.xlsx",51,959,52
"boron_isotopes_hoenisch_2009.xlsx","boron isotopes",52,2009,"ODP 668_B_4_3_25_27","ODP 668",,,4.77,-20.93,1.931754155,"Globigerinoides sacculifer for d11B, Globigerinoides ruber for Mg/Ca","515-865","20.38,20.65,20.94",,0.323384875616932,296.698839468306,20.66,0.33,3.43771478671107,0.103131443601332,26.1180107856583,"The originally published d11B data were corrected by an instrument offset of +1.1‰ to match data collected on the 6"" radius of curvature mass spectrometer at SUNY Stony Brook. Because that mass spectrometer is no longer in operation and because ongoing data collection is done on the Triton TIMS at LDEO, Stony Brook d11B data are now all adjusted to the Triton TIMS at LDEO, and data collected at LDEO are listed as measured.",FALSE,TRUE,"boron_isotopes_hoenisch_2009.xlsx",52,960,53
"boron_isotopes_hoenisch_2009.xlsx","boron isotopes",53,2009,"ODP 668_B_4_3_46_48","ODP 668",,,4.77,-20.93,1.94634205,"Globigerinoides sacculifer for d11B, Globigerinoides ruber for Mg/Ca","515-865","21.92,22.15,22.16",,0.15677301355073,,22.08,0.33,3.23564229209049,0.0970692687627148,25.4449053244761,"outlier based on d18O, as discussed in original paper",FALSE,TRUE,"boron_isotopes_hoenisch_2009.xlsx",53,961,54
"boron_isotopes_hoenisch_2009.xlsx","boron isotopes",54,2009,"ODP 668_B_4_3_49_51","ODP 668",,,4.77,-20.93,1.948173226,"Globigerinoides sacculifer for d11B, Globigerinoides ruber for Mg/Ca","515-865","21.69,22.05,22.19",,0.297844105382516,190.899885856788,21.99,0.33,3.33575586080167,0.10007267582405,25.7834813874139,,FALSE,TRUE,"boron_isotopes_hoenisch_2009.xlsx",54,962,55
"boron_isotopes_hoenisch_2009.xlsx","boron isotopes",55,2009,"ODP 668_B_4_3_56_58","ODP 668",,,4.77,-20.93,1.955829769,"Globigerinoides sacculifer for d11B, Globigerinoides ruber for Mg/Ca","515-865","21.85,22.08",,0.229999999999997,183.727377763851,21.96,0.58,2.9910628843647,0.089731886530941,24.571587002411,,FALSE,TRUE,"boron_isotopes_hoenisch_2009.xlsx",55,963,56
"boron_isotopes_hoenisch_2009.xlsx","boron isotopes",56,2009,"ODP 668_B_4_3_81_83","ODP 668",,,4.77,-20.93,1.979302676,"Globigerinoides sacculifer for d11B, Globigerinoides ruber for Mg/Ca","515-865","20.69,20.73,20.74",,0.0305505046330375,286.354967127154,20.72,0.33,3.21892003742061,0.0965676011226184,25.3873326384012,,FALSE,TRUE,"boron_isotopes_hoenisch_2009.xlsx",56,964,57
"boron_isotopes_hoenisch_2009.xlsx","boron isotopes",57,2009,"ODP 668_B_4_3_116_118","ODP 668",,,4.77,-20.93,2.019731325,"Globigerinoides sacculifer for d11B, Globigerinoides ruber for Mg/Ca","515-865","20.31,20.54,20.8,20.81,21.05",,0.253881862290319,279.981027048288,20.7,0.29,3.08720223702732,0.0926160671108197,24.9231031346265,,FALSE,TRUE,"boron_isotopes_hoenisch_2009.xlsx",57,965,58
"boron_isotopes_hoenisch_2009.xlsx","boron isotopes",58,2009,"ODP 668_B_4_3_130_132","ODP 668",,,4.77,-20.93,2.042227782,"Globigerinoides sacculifer for d11B, Globigerinoides ruber for Mg/Ca","515-865","21.31,21.65,21.82,22.14",,0.345928701709857,,21.73,0.4,3.45860330573014,0.103758099171904,26.1853207219001,"outlier based on d18O, as discussed in original paper",FALSE,TRUE,"boron_isotopes_hoenisch_2009.xlsx",58,966,59
"boron_isotopes_hoenisch_2009.xlsx","boron isotopes",59,2009,"ODP 668_B_4_3_133_135","ODP 668",,,4.77,-20.93,2.048189944,"Globigerinoides sacculifer for d11B, Globigerinoides ruber for Mg/Ca","515-865","21.49,21.61,21.7",,0.121655250605965,238.232999066375,21.6,0.33,3.47836445511711,0.104350933653513,26.2486247267685,,FALSE,TRUE,"boron_isotopes_hoenisch_2009.xlsx",59,967,60
"boron_isotopes_martinez-boti_2015.xlsx","boron isotopes",4,2015,"ODP 999_A_9_2_89_91","ODP 999",,,12.75,-78.73,2.33782251,"Globigerinoides ruber white","300-355",,"3.85489733691202",,317.420028078053,20.23352,0.099817041,3.85489733691202,0.104082228096625,28.66809,,FALSE,TRUE,"boron_isotopes_martinez-boti_2015.xlsx",4,968,5
"boron_isotopes_martinez-boti_2015.xlsx","boron isotopes",5,2015,"ODP 999_A_9_2_120_122","ODP 999",,,12.75,-78.73,2.346710693,"Globigerinoides ruber white","300-355",,"3.71379605602892",,317.559615768548,20.20777,0.183769233,3.71379605602892,0.100272493512781,28.23897,,FALSE,TRUE,"boron_isotopes_martinez-boti_2015.xlsx",5,969,6
"boron_isotopes_martinez-boti_2015.xlsx","boron isotopes",6,2015,"ODP 999_A_9_2_141_143","ODP 999",,,12.75,-78.73,2.352717773,"Globigerinoides ruber white","300-355",,"4.31281625655311",,305.941921483064,20.40347,0.108039483,4.31281625655311,0.116446038926934,29.89043,,FALSE,TRUE,"boron_isotopes_martinez-boti_2015.xlsx",6,970,7
"boron_isotopes_martinez-boti_2015.xlsx","boron isotopes",7,2015,"ODP 999_A_9_3_22_24","ODP 999",,,12.75,-78.73,2.362218994,"Globigerinoides ruber white","300-355",,"3.57676297272312",,449.900782153288,19.422,0.163673432,3.57676297272312,0.0965726002635243,27.79529,,FALSE,TRUE,"boron_isotopes_martinez-boti_2015.xlsx",7,971,8
"boron_isotopes_martinez-boti_2015.xlsx","boron isotopes",8,2015,"ODP 999_A_9_3_51_53","ODP 999",,,12.75,-78.73,2.372198242,"Globigerinoides ruber white","300-355",,"3.86896110922975",,414.508976559814,19.65151,0.123089033,3.86896110922975,0.104461949949203,28.65111,,FALSE,TRUE,"boron_isotopes_martinez-boti_2015.xlsx",8,972,9
"boron_isotopes_martinez-boti_2015.xlsx","boron isotopes",9,2015,"ODP 999_A_9_3_78_80","ODP 999",,,12.75,-78.73,2.381290283,"Globigerinoides ruber white","300-355",,"3.90796729252771",,371.260890273769,19.89014,0.121550077,3.90796729252771,0.105515116898248,28.74723,,FALSE,TRUE,"boron_isotopes_martinez-boti_2015.xlsx",9,973,10
"boron_isotopes_martinez-boti_2015.xlsx","boron isotopes",10,2015,"ODP 999_A_9_3_102_104","ODP 999",,,12.75,-78.73,2.389315918,"Globigerinoides ruber white","300-355",,"3.79537516850125",,377.045047877451,19.83353,0.096840155,3.79537516850125,0.102475129549534,28.40871,,FALSE,TRUE,"boron_isotopes_martinez-boti_2015.xlsx",10,974,11
"boron_isotopes_martinez-boti_2015.xlsx","boron isotopes",11,2015,"ODP 999_A_9_4_29_31","ODP 999",,,12.75,-78.73,2.410920166,"Globigerinoides ruber white","300-355",,"4.06423682666659",,277.500364404793,20.56797,0.091897218,4.06423682666659,0.109734394319998,29.13113,,FALSE,TRUE,"boron_isotopes_martinez-boti_2015.xlsx",11,975,12
"boron_isotopes_martinez-boti_2015.xlsx","boron isotopes",12,2015,"ODP 999_A_9_4_96_98","ODP 999",,,12.75,-78.73,2.424888916,"Globigerinoides ruber white","300-355",,"3.81036737641578",,332.102986195992,20.10464,0.095025299,3.81036737641578,0.102879919163226,28.38894,,FALSE,TRUE,"boron_isotopes_martinez-boti_2015.xlsx",12,976,13
"boron_isotopes_martinez-boti_2015.xlsx","boron isotopes",13,2015,"ODP 999_A_9_5_45_47","ODP 999",,,12.75,-78.73,2.451231689,"Globigerinoides ruber white","300-355",,"3.85259926115839",,320.225227028125,20.1955,0.090091599,3.85259926115839,0.104020180051276,28.46326,,FALSE,TRUE,"boron_isotopes_martinez-boti_2015.xlsx",13,977,14
"boron_isotopes_martinez-boti_2015.xlsx","boron isotopes",14,2015,"ODP 999_A_9_5_123_125","ODP 999",,,12.75,-78.73,2.474494141,"Globigerinoides ruber white","300-355",,"3.80712977293611",,340.326322315536,20.03869,0.094145796,3.80712977293611,0.102792503869275,28.28297,,FALSE,TRUE,"boron_isotopes_martinez-boti_2015.xlsx",14,978,15
"boron_isotopes_martinez-boti_2015.xlsx","boron isotopes",15,2015,"ODP 999_A_9_6_50_52","ODP 999",,,12.75,-78.73,2.50040332,"Globigerinoides ruber white","300-355",,"3.69576184010847",,356.627694627377,19.90691,0.107936428,3.69576184010847,0.0997855696829286,27.91462,,FALSE,TRUE,"boron_isotopes_martinez-boti_2015.xlsx",15,979,16
"boron_isotopes_martinez-boti_2015.xlsx","boron isotopes",16,2015,"ODP 999_A_9_6_53_55","ODP 999",,,12.75,-78.73,2.501402588,"Globigerinoides ruber white","300-355",,"3.68945034326095",,362.034618472245,19.87513,0.093739923,3.68945034326095,0.0996151592680457,27.89506,,FALSE,TRUE,"boron_isotopes_martinez-boti_2015.xlsx",16,980,17
"boron_isotopes_martinez-boti_2015.xlsx","boron isotopes",17,2015,"ODP 999_A_9_6_112_114","ODP 999",,,12.75,-78.73,2.521932373,"Globigerinoides ruber white","300-355",,"3.49295938258065",,245.969591831533,20.70584,0.085358745,3.49295938258065,0.0943099033296776,27.29032,,FALSE,TRUE,"boron_isotopes_martinez-boti_2015.xlsx",17,981,18
"boron_isotopes_martinez-boti_2015.xlsx","boron isotopes",18,2015,"ODP 999_A_9_7_37_39","ODP 999",,,12.75,-78.73,2.545154541,"Globigerinoides ruber white","300-355",,"3.47797242630591",,335.451094913063,19.99687,0.090761998,3.47797242630591,0.0939052555102595,27.26052,,FALSE,TRUE,"boron_isotopes_martinez-boti_2015.xlsx",18,982,19
"boron_isotopes_martinez-boti_2015.xlsx","boron isotopes",19,2015,"ODP 999_A_9_CC_23_25","ODP 999",,,12.75,-78.73,2.561898438,"Globigerinoides ruber white","300-355",,"3.7974470407174",,299.507147006849,20.31609,0.100098414,3.7974470407174,0.10253107009937,28.24498,,FALSE,TRUE,"boron_isotopes_martinez-boti_2015.xlsx",19,983,20
"boron_isotopes_martinez-boti_2015.xlsx","boron isotopes",20,2015,"ODP 999_A_10_1_52_54","ODP 999",,,12.75,-78.73,2.579425049,"Globigerinoides ruber white","300-355",,"3.52186858241956",,329.81149666153,20.03998,0.095873624,3.52186858241956,0.0950904517253282,27.41564,,FALSE,TRUE,"boron_isotopes_martinez-boti_2015.xlsx",20,984,21
"boron_isotopes_martinez-boti_2015.xlsx","boron isotopes",21,2015,"ODP 999_A_10_1_107_109","ODP 999",,,12.75,-78.73,2.594836426,"Globigerinoides ruber white","300-355",,"3.97372741693827",,361.667928065289,19.93046,0.134564753,3.97372741693827,0.107290640257333,28.76367,,FALSE,TRUE,"boron_isotopes_martinez-boti_2015.xlsx",21,985,22
"boron_isotopes_martinez-boti_2015.xlsx","boron isotopes",22,2015,"ODP 999_A_10_2_21_23","ODP 999",,,12.75,-78.73,2.615069336,"Globigerinoides ruber white","300-355",,"3.53110659997389",,278.521083298034,20.4209,0.091060145,3.53110659997389,0.0953398781992951,27.46044,,FALSE,TRUE,"boron_isotopes_martinez-boti_2015.xlsx",22,986,23
"boron_isotopes_martinez-boti_2015.xlsx","boron isotopes",23,2015,"ODP 999_A_10_2_50_52","ODP 999",,,12.75,-78.73,2.624496094,"Globigerinoides ruber white","300-355",,"3.60022173406363",,304.929133251989,20.23123,0.10461555,3.60022173406363,0.0972059868197179,27.67996,,FALSE,TRUE,"boron_isotopes_martinez-boti_2015.xlsx",23,987,24
"boron_isotopes_martinez-boti_2015.xlsx","boron isotopes",24,2015,"ODP 999_A_10_2_70_72","ODP 999",,,12.75,-78.73,2.630914795,"Globigerinoides ruber white","300-355",,"3.89179288963966",,244.921315066369,20.79829,0.101870302,3.89179288963966,0.105078408020271,28.54806,,FALSE,TRUE,"boron_isotopes_martinez-boti_2015.xlsx",24,988,25
"boron_isotopes_martinez-boti_2015.xlsx","boron isotopes",25,2015,"ODP 999_A_10_2_121_123","ODP 999",,,12.75,-78.73,2.648257813,"Globigerinoides ruber white","300-355",,"3.67142426423242",,281.851955849677,20.42573,0.093641294,3.67142426423242,0.0991284551342753,27.90812,,FALSE,TRUE,"boron_isotopes_martinez-boti_2015.xlsx",25,989,26
"boron_isotopes_martinez-boti_2015.xlsx","boron isotopes",26,2015,"ODP 999_A_10_3_19_20","ODP 999",,,12.75,-78.73,2.664697021,"Globigerinoides ruber white","300-355",,"4.11776858480997",,301.614592502835,20.3588,0.11260533,4.11776858480997,0.111179751789869,29.1904,,FALSE,TRUE,"boron_isotopes_martinez-boti_2015.xlsx",26,990,27
"boron_isotopes_martinez-boti_2015.xlsx","boron isotopes",27,2015,"ODP 999_A_10_3_50_52","ODP 999",,,12.75,-78.73,2.673016113,"Globigerinoides ruber white","300-355",,"3.6149397366904",,262.66564077273,20.57567,0.109364362,3.6149397366904,0.0976033728906407,27.74716,,FALSE,TRUE,"boron_isotopes_martinez-boti_2015.xlsx",27,991,28
"boron_isotopes_martinez-boti_2015.xlsx","boron isotopes",28,2015,"ODP 999_A_10_3_77_79","ODP 999",,,12.75,-78.73,2.680359375,"Globigerinoides ruber white","300-355",,"3.34138425602064",,322.770373490501,20.04105,0.094179804,3.34138425602064,0.0902173749125573,26.87623,,FALSE,TRUE,"boron_isotopes_martinez-boti_2015.xlsx",28,992,29
"boron_isotopes_martinez-boti_2015.xlsx","boron isotopes",29,2015,"ODP 999_A_10_3_100_102","ODP 999",,,12.75,-78.73,2.686560303,"Globigerinoides ruber white","300-355",,"3.27665951068349",,283.779060146007,20.31268,0.100049095,3.27665951068349,0.0884698067884544,26.66178,,FALSE,TRUE,"boron_isotopes_martinez-boti_2015.xlsx",29,993,30
"boron_isotopes_martinez-boti_2015.xlsx","boron isotopes",30,2015,"ODP 999_A_10_3_140_142","ODP 999",,,12.75,-78.73,2.695158203,"Globigerinoides ruber white","300-355",,"3.12974908371551",,275.603483561457,20.34747,0.090696233,3.12974908371551,0.0845032252603189,26.15613,,FALSE,TRUE,"boron_isotopes_martinez-boti_2015.xlsx",30,994,31
"boron_isotopes_martinez-boti_2015.xlsx","boron isotopes",31,2015,"ODP 999_A_10_4_14_16","ODP 999",,,12.75,-78.73,2.700043457,"Globigerinoides ruber white","300-355",,"3.21302964546631",,234.409752036762,20.74582,0.217232989,3.21302964546631,0.0867518004275904,26.45023,,FALSE,TRUE,"boron_isotopes_martinez-boti_2015.xlsx",31,995,32
"boron_isotopes_martinez-boti_2015.xlsx","boron isotopes",32,2015,"ODP 999_A_10_4_29_31","ODP 999",,,12.75,-78.73,2.703202637,"Globigerinoides ruber white","300-355",,"3.26240680474673",,319.021634677552,20.05298,0.127263224,3.26240680474673,0.0880849837281618,26.62105,,FALSE,TRUE,"boron_isotopes_martinez-boti_2015.xlsx",32,996,33
"boron_isotopes_martinez-boti_2015.xlsx","boron isotopes",33,2015,"ODP 999_A_10_4_49_51","ODP 999",,,12.75,-78.73,2.707214111,"Globigerinoides ruber white","300-355",,"3.32725699764649",,262.142357031885,20.5103,0.088837017,3.32725699764649,0.0898359389364553,26.84118,,FALSE,TRUE,"boron_isotopes_martinez-boti_2015.xlsx",33,997,34
"boron_isotopes_martinez-boti_2015.xlsx","boron isotopes",34,2015,"ODP 999_A_10_4_148_150","ODP 999",,,12.75,-78.73,2.745515625,"Globigerinoides ruber white","300-355",,"3.60260849158591",,338.755334544644,19.99044,0.094352039,3.60260849158591,0.0972704292728196,27.74122,,FALSE,TRUE,"boron_isotopes_martinez-boti_2015.xlsx",34,998,35
"boron_isotopes_martinez-boti_2015.xlsx","boron isotopes",35,2015,"ODP 999_A_10_5_22_24","ODP 999",,,12.75,-78.73,2.751482666,"Globigerinoides ruber white","300-355",,"3.58499709384601",,320.968553355848,20.11,0.146064706,3.58499709384601,0.0967949215338423,27.69333,,FALSE,TRUE,"boron_isotopes_martinez-boti_2015.xlsx",35,999,36
"boron_isotopes_martinez-boti_2015.xlsx","boron isotopes",36,2015,"ODP 999_A_10_5_71_73","ODP 999",,,12.75,-78.73,2.764187012,"Globigerinoides ruber white","300-355",,"3.54770681738773",,358.164479073214,19.85953,0.107019087,3.54770681738773,0.0957880840694686,27.59689,,FALSE,TRUE,"boron_isotopes_martinez-boti_2015.xlsx",36,1000,37
"boron_isotopes_martinez-boti_2015.xlsx","boron isotopes",37,2015,"ODP 999_A_10_5_120_122","ODP 999",,,12.75,-78.73,2.777480957,"Globigerinoides ruber white","300-355",,"3.3424264849756",,279.077743110783,20.37055,0.093124296,3.3424264849756,0.0902455150943412,26.96087,,FALSE,TRUE,"boron_isotopes_martinez-boti_2015.xlsx",37,1001,38
"boron_isotopes_martinez-boti_2015.xlsx","boron isotopes",38,2015,"ODP 999_A_10_6_48_50","ODP 999",,,12.75,-78.73,2.798543701,"Globigerinoides ruber white","300-355",,"3.51784289082743",,281.28879872121,20.39716,0.108623541,3.51784289082743,0.0949817580523406,27.57319,,FALSE,TRUE,"boron_isotopes_martinez-boti_2015.xlsx",38,1002,39
"boron_isotopes_martinez-boti_2015.xlsx","boron isotopes",39,2015,"ODP 999_A_10_6_127_129","ODP 999",,,12.75,-78.73,2.83017627,"Globigerinoides ruber white","300-355",,"3.87306522359502",,317.116055818757,20.1979,0.105442673,3.87306522359502,0.104572761037066,28.7038,,FALSE,TRUE,"boron_isotopes_martinez-boti_2015.xlsx",39,1003,40
"boron_isotopes_martinez-boti_2015.xlsx","boron isotopes",40,2015,"ODP 999_A_10_6_132_134","ODP 999",,,12.75,-78.73,2.831683838,"Globigerinoides ruber white","300-355",,"3.68097353064824",,361.395097271578,19.87284,0.240438323,3.68097353064824,0.0993862853275024,28.14154,,FALSE,TRUE,"boron_isotopes_martinez-boti_2015.xlsx",40,1004,41
"boron_isotopes_martinez-boti_2015.xlsx","boron isotopes",41,2015,"ODP 999_A_10_7_10_12","ODP 999",,,12.75,-78.73,2.838900635,"Globigerinoides ruber white","300-355",,"3.46578698025593",,387.683385175392,19.67065,0.095088859,3.46578698025593,0.0935762484669102,27.48629,,FALSE,TRUE,"boron_isotopes_martinez-boti_2015.xlsx",41,1005,42
"boron_isotopes_martinez-boti_2015.xlsx","boron isotopes",42,2015,"ODP 999_A_10_7_50_52","ODP 999",,,12.75,-78.73,2.849182373,"Globigerinoides ruber white","300-355",,"3.36266173091976",,307.711900555593,20.16006,0.111171903,3.36266173091976,0.0907918667348335,27.17037,,FALSE,TRUE,"boron_isotopes_martinez-boti_2015.xlsx",42,1006,43
"boron_isotopes_martinez-boti_2015.xlsx","boron isotopes",43,2015,"ODP 999_A_10_CC_19_21","ODP 999",,,12.75,-78.73,2.858321045,"Globigerinoides ruber white","300-355",,"3.1316012127255",,444.891816533784,19.31226,0.099492488,3.1316012127255,0.0845532327435884,26.39651,,FALSE,TRUE,"boron_isotopes_martinez-boti_2015.xlsx",43,1007,44
"boron_isotopes_martinez-boti_2015.xlsx","boron isotopes",44,2015,"ODP 999_A_11_1_89_90","ODP 999",,,12.75,-78.73,2.912384277,"Globigerinoides ruber white","300-355",,"3.15755656442987",,370.565521671079,19.70327,0.096916661,3.15755656442987,0.0852540272396065,26.5868,,FALSE,TRUE,"boron_isotopes_martinez-boti_2015.xlsx",44,1008,45
"boron_isotopes_martinez-boti_2015.xlsx","boron isotopes",45,2015,"ODP 999_A_11_1_122_124","ODP 999",,,12.75,-78.73,2.92355957,"Globigerinoides ruber white","300-355",,"3.11125000607432",,377.167567063508,19.65744,0.103841052,3.11125000607432,0.0840037501640067,26.44298,,FALSE,TRUE,"boron_isotopes_martinez-boti_2015.xlsx",45,1009,46
"boron_isotopes_martinez-boti_2015.xlsx","boron isotopes",46,2015,"ODP 999_A_11_2_27_29","ODP 999",,,12.75,-78.73,2.941578125,"Globigerinoides ruber white","300-355",,"3.4286473195322",,337.224985966521,19.9735,0.090771785,3.4286473195322,0.0925734776273695,27.55518,,FALSE,TRUE,"boron_isotopes_martinez-boti_2015.xlsx",46,1010,47
"boron_isotopes_martinez-boti_2015.xlsx","boron isotopes",47,2015,"ODP 999_A_11_2_53_57","ODP 999",,,12.75,-78.73,2.950492676,"Globigerinoides ruber white","300-355",,"3.06186687897234",,357.804863219701,19.75671,0.111867002,3.06186687897234,0.0826704057322531,26.31441,,FALSE,TRUE,"boron_isotopes_martinez-boti_2015.xlsx",47,1011,48
"boron_isotopes_martinez-boti_2015.xlsx","boron isotopes",48,2015,"ODP 999_A_11_2_55_57","ODP 999",,,12.75,-78.73,2.951161377,"Globigerinoides ruber white","300-355",,"3.22365997429608",,419.311003841318,19.46,0.200511776,3.22365997429608,0.0870388193059942,26.88778,,FALSE,TRUE,"boron_isotopes_martinez-boti_2015.xlsx",48,1012,49
"boron_isotopes_martinez-boti_2015.xlsx","boron isotopes",49,2015,"ODP 999_A_11_2_80_82","ODP 999",,,12.75,-78.73,2.959599365,"Globigerinoides ruber white","300-355",,"3.86062106864647",,345.531059390656,20.00959,0.090781643,3.86062106864647,0.104236768853455,28.90682,,FALSE,TRUE,"boron_isotopes_martinez-boti_2015.xlsx",49,1013,50
"boron_isotopes_martinez-boti_2015.xlsx","boron isotopes",50,2015,"ODP 999_A_11_2_139_140","ODP 999",,,12.75,-78.73,2.978066406,"Globigerinoides ruber white","300-355",,"3.39799228907654",,328.215501865688,20.02403,0.088352811,3.39799228907654,0.0917457918050666,27.52289,,FALSE,TRUE,"boron_isotopes_martinez-boti_2015.xlsx",50,1014,51
"boron_isotopes_martinez-boti_2015.xlsx","boron isotopes",51,2015,"ODP 999_A_11_3_90_92","ODP 999",,,12.75,-78.73,3.002813721,"Globigerinoides ruber white","300-355",,"3.2754998282476",,368.958379513998,19.7427,0.101889345,3.2754998282476,0.0884384953626851,27.16078,,FALSE,TRUE,"boron_isotopes_martinez-boti_2015.xlsx",51,1015,52
"boron_isotopes_martinez-boti_2015.xlsx","boron isotopes",52,2015,"ODP 999_A_11_3_123_125","ODP 999",,,12.75,-78.73,3.010996094,"Globigerinoides ruber white","300-355",,"3.18014891394193",,356.951009043392,19.7928,0.106408015,3.18014891394193,0.085864020676432,26.84749,,FALSE,TRUE,"boron_isotopes_martinez-boti_2015.xlsx",52,1016,53
"boron_isotopes_martinez-boti_2015.xlsx","boron isotopes",53,2015,"ODP 999_A_11_4_37_39","ODP 999",,,12.75,-78.73,3.027581543,"Globigerinoides ruber white","300-355",,"3.1843857901524",,380.918887838052,19.65352,0.095820127,3.1843857901524,0.0859784163341147,26.89243,,FALSE,TRUE,"boron_isotopes_martinez-boti_2015.xlsx",53,1017,54
"boron_isotopes_martinez-boti_2015.xlsx","boron isotopes",54,2015,"ODP 999_A_11_4_93_95","ODP 999",,,12.75,-78.73,3.04266333,"Globigerinoides ruber white","300-355",,"3.21619030830873",,419.482084986775,19.45939,0.127131334,3.21619030830873,0.0868371383243356,27.03035,,FALSE,TRUE,"boron_isotopes_martinez-boti_2015.xlsx",54,1018,55
"boron_isotopes_martinez-boti_2015.xlsx","boron isotopes",55,2015,"ODP 999_A_11_4_120_122","ODP 999",,,12.75,-78.73,3.050016113,"Globigerinoides ruber white","300-355",,"3.74887065387519",,418.021815947794,19.58144,0.09380865,3.74887065387519,0.10121950765463,28.74674,,FALSE,TRUE,"boron_isotopes_martinez-boti_2015.xlsx",55,1019,56
"boron_isotopes_martinez-boti_2015.xlsx","boron isotopes",56,2015,"ODP 999_A_11_5_2_4","ODP 999",,,12.75,-78.73,3.059026123,"Globigerinoides ruber white","300-355",,"3.46096323520747",,361.315391905887,19.83933,0.150337269,3.46096323520747,0.0934460073506016,27.87561,,FALSE,TRUE,"boron_isotopes_martinez-boti_2015.xlsx",56,1020,57
"boron_isotopes_martinez-boti_2015.xlsx","boron isotopes",57,2015,"ODP 999_A_11_5_16_18","ODP 999",,,12.75,-78.73,3.062960938,"Globigerinoides ruber white","300-355",,"3.34973332390824",,413.098099028148,19.52278,0.114770092,3.34973332390824,0.0904427997455224,27.52,,FALSE,TRUE,"boron_isotopes_martinez-boti_2015.xlsx",57,1021,58
"boron_isotopes_martinez-boti_2015.xlsx","boron isotopes",58,2015,"ODP 999_A_11_5_28_30","ODP 999",,,12.75,-78.73,3.066538086,"Globigerinoides ruber white","300-355",,"3.2071428815076",,379.833580184963,19.6676,0.113555926,3.2071428815076,0.0865928578007052,27.04336,,FALSE,TRUE,"boron_isotopes_martinez-boti_2015.xlsx",58,1022,59
"boron_isotopes_martinez-boti_2015.xlsx","boron isotopes",59,2015,"ODP 999_A_11_5_112_114","ODP 999",,,12.75,-78.73,3.09118335,"Globigerinoides ruber white","300-355",,"3.56610562767106",,334.196774675505,20.03352,0.108315068,3.56610562767106,0.0962848519471187,28.26849,,FALSE,TRUE,"boron_isotopes_martinez-boti_2015.xlsx",59,1023,60
"boron_isotopes_martinez-boti_2015.xlsx","boron isotopes",60,2015,"ODP 999_A_11_5_142_144","ODP 999",,,12.75,-78.73,3.100177002,"Globigerinoides ruber white","300-355",,"3.45364601457506",,319.307675212181,20.10444,0.106359559,3.45364601457506,0.0932484423935265,27.9293,,FALSE,TRUE,"boron_isotopes_martinez-boti_2015.xlsx",60,1024,61
"boron_isotopes_martinez-boti_2015.xlsx","boron isotopes",61,2015,"ODP 999_A_11_6_38_40","ODP 999",,,12.75,-78.73,3.114238281,"Globigerinoides ruber white","300-355",,"3.23440194952299",,391.553776221739,19.60958,0.09992519,3.23440194952299,0.0873288526371208,27.22688,,FALSE,TRUE,"boron_isotopes_martinez-boti_2015.xlsx",61,1025,62
"boron_isotopes_martinez-boti_2015.xlsx","boron isotopes",62,2015,"ODP 999_A_11_6_99_101","ODP 999",,,12.75,-78.73,3.133154785,"Globigerinoides ruber white","300-355",,"2.91490397406974",,345.253348458396,19.80492,0.130653451,2.91490397406974,0.0787024072998831,26.10661,,FALSE,TRUE,"boron_isotopes_martinez-boti_2015.xlsx",62,1026,63
"boron_isotopes_martinez-boti_2015.xlsx","boron isotopes",63,2015,"ODP 999_A_11_6_127_129","ODP 999",,,12.75,-78.73,3.143166016,"Globigerinoides ruber white","300-355",,"3.19815703548803",,333.873909519606,19.95084,0.148691102,3.19815703548803,0.0863502399581768,27.15563,,FALSE,TRUE,"boron_isotopes_martinez-boti_2015.xlsx",63,1027,64
"boron_isotopes_martinez-boti_2015.xlsx","boron isotopes",64,2015,"ODP 999_A_11_7_0_2","ODP 999",,,12.75,-78.73,3.151899902,"Globigerinoides ruber white","300-355",,"2.98829470338781",,403.175504328941,19.50743,0.333086746,2.98829470338781,0.0806839569914709,26.41761,,FALSE,TRUE,"boron_isotopes_martinez-boti_2015.xlsx",64,1028,65
"boron_isotopes_martinez-boti_2015.xlsx","boron isotopes",65,2015,"ODP 999_A_11_7_16_18","ODP 999",,,12.75,-78.73,3.157937012,"Globigerinoides ruber white","300-355",,"3.2737021241846",,339.646265158358,19.93,0.113280686,3.2737021241846,0.0883899573529843,27.44222,,FALSE,TRUE,"boron_isotopes_martinez-boti_2015.xlsx",65,1029,66
"boron_isotopes_martinez-boti_2015.xlsx","boron isotopes",66,2015,"ODP 999_A_11_7_53_55","ODP 999",,,12.75,-78.73,3.171554932,"Globigerinoides ruber white","300-355",,"3.66481801645565",,451.65168540037,19.40648,0.112336896,3.66481801645565,0.0989500864443025,28.721,,FALSE,TRUE,"boron_isotopes_martinez-boti_2015.xlsx",66,1030,67
"boron_isotopes_martinez-boti_2015.xlsx","boron isotopes",67,2015,"ODP 999_A_11_CC_3_5","ODP 999",,,12.75,-78.73,3.179787109,"Globigerinoides ruber white","300-355",,"3.5711636470697",,381.073019795769,19.74612,0.093528345,3.5711636470697,0.096421418470882,28.44828,,FALSE,TRUE,"boron_isotopes_martinez-boti_2015.xlsx",67,1031,68
"boron_isotopes_martinez-boti_2015.xlsx","boron isotopes",68,2015,"ODP 999_A_12_1_4_6","ODP 999",,,12.75,-78.73,3.189189941,"Globigerinoides ruber white","300-355",,"3.81074678531362",,283.444613026692,20.46383,0.098452018,3.81074678531362,0.102890163203468,29.18675,,FALSE,TRUE,"boron_isotopes_martinez-boti_2015.xlsx",68,1032,69
"boron_isotopes_martinez-boti_2015.xlsx","boron isotopes",69,2015,"ODP 999_A_12_1_29_30","ODP 999",,,12.75,-78.73,3.198729248,"Globigerinoides ruber white","300-355",,"3.57678512303052",,330.902805570449,20.0614,0.116816926,3.57678512303052,0.0965731983218239,28.49994,,FALSE,TRUE,"boron_isotopes_martinez-boti_2015.xlsx",69,1033,70
"boron_isotopes_martinez-boti_2015.xlsx","boron isotopes",70,2015,"ODP 999_A_12_1_57_59","ODP 999",,,12.75,-78.73,3.209375244,"Globigerinoides ruber white","300-355",,"3.73101695014535",,326.379007086072,20.12325,0.14652628,3.73101695014535,0.100737457653925,28.98817,,FALSE,TRUE,"boron_isotopes_martinez-boti_2015.xlsx",70,1034,71
"boron_isotopes_martinez-boti_2015.xlsx","boron isotopes",71,2015,"ODP 999_A_12_1_99_101","ODP 999",,,12.75,-78.73,3.224604492,"Globigerinoides ruber white","300-355",,"3.51003620690161",,375.847657059557,19.76645,0.127437007,3.51003620690161,0.0947709775863434,28.33708,,FALSE,TRUE,"boron_isotopes_martinez-boti_2015.xlsx",71,1035,72
"boron_isotopes_martinez-boti_2015.xlsx","boron isotopes",72,2015,"ODP 999_A_12_1_143_145","ODP 999",,,12.75,-78.73,3.239885986,"Globigerinoides ruber white","300-355",,"3.30235521603336",,423.240420505834,19.47,0.245767399,3.30235521603336,0.0891635908329008,27.68667,,FALSE,TRUE,"boron_isotopes_martinez-boti_2015.xlsx",72,1036,73
"boron_isotopes_martinez-boti_2015.xlsx","boron isotopes",73,2015,"ODP 999_A_12_2_2_4","ODP 999",,,12.75,-78.73,3.242925293,"Globigerinoides ruber white","300-355",,"3.20459878902389",,354.457204096404,19.8293,0.110349244,3.20459878902389,0.0865241673036452,27.3582,,FALSE,TRUE,"boron_isotopes_martinez-boti_2015.xlsx",73,1037,74
"boron_isotopes_martinez-boti_2015.xlsx","boron isotopes",74,2015,"ODP 999_A_12_2_10_12","ODP 999",,,12.75,-78.73,3.245811768,"Globigerinoides ruber white","300-355",,"3.55174392688347",,316.30111257034,20.1553,0.096271976,3.55174392688347,0.0958970860258537,28.50613,,FALSE,TRUE,"boron_isotopes_martinez-boti_2015.xlsx",74,1038,75
"boron_isotopes_martinez-boti_2015.xlsx","boron isotopes",75,2015,"ODP 999_A_12_2_50_52","ODP 999",,,12.75,-78.73,3.259577881,"Globigerinoides ruber white","300-355",,"3.32994066198268",,347.829046919529,19.89508,0.187373143,3.32994066198268,0.0899083978735323,27.81399,,FALSE,TRUE,"boron_isotopes_martinez-boti_2015.xlsx",75,1039,76
"boron_isotopes_martinez-boti_2015.xlsx","boron isotopes",76,2015,"ODP 999_A_12_2_80_82","ODP 999",,,12.75,-78.73,3.270168457,"Globigerinoides ruber white","300-355",,"3.90515415710561",,364.75081241135,19.91711,0.225041392,3.90515415710561,0.105439162241852,29.60303,,FALSE,TRUE,"boron_isotopes_martinez-boti_2015.xlsx",76,1040,77
"boron_isotopes_martinez-boti_2015.xlsx","boron isotopes",77,2015,"ODP 999_A_12_2_110_112","ODP 999",,,12.75,-78.73,3.280600586,"Globigerinoides ruber white","300-355",,"3.41108425857765",,313.369178345254,20.14843,0.116103674,3.41108425857765,0.0920992749815964,28.11833,,FALSE,TRUE,"boron_isotopes_martinez-boti_2015.xlsx",77,1041,78
"boron_isotopes_martinez-boti_2015.xlsx","boron isotopes",78,2015,"ODP 662_____","ODP 662",,,-1.394722,-11.74306,2.347234375,"Globigerinoides ruber white","300-355",,,,369.102655399456,19.79990497,0.128363914,,,27.336175,,FALSE,TRUE,"boron_isotopes_martinez-boti_2015.xlsx",78,1042,79
"boron_isotopes_martinez-boti_2015.xlsx","boron isotopes",79,2015,"ODP 662_____","ODP 662",,,-1.394722,-11.74306,2.417172607,"Globigerinoides ruber white","300-355",,,,441.679068056675,19.39170408,0.205909335,,,26.9535427344828,,FALSE,TRUE,"boron_isotopes_martinez-boti_2015.xlsx",79,1043,80
"boron_isotopes_martinez-boti_2015.xlsx","boron isotopes",80,2015,"ODP 662_____","ODP 662",,,-1.394722,-11.74306,2.498358643,"Globigerinoides ruber white","300-355",,,,422.788592701065,19.4612479,0.126974674,,,26.6803802403734,,FALSE,TRUE,"boron_isotopes_martinez-boti_2015.xlsx",80,1044,81
"boron_isotopes_martinez-boti_2015.xlsx","boron isotopes",81,2015,"ODP 662_____","ODP 662",,,-1.394722,-11.74306,2.626144531,"Globigerinoides ruber white","300-355",,,,401.925265560215,19.54310365,0.14246539,,,26.4927785943396,,FALSE,TRUE,"boron_isotopes_martinez-boti_2015.xlsx",81,1045,82
"boron_isotopes_martinez-boti_2015.xlsx","boron isotopes",82,2015,"ODP 662_____","ODP 662",,,-1.394722,-11.74306,2.750568604,"Globigerinoides ruber white","300-355",,,,376.303829339614,19.70604062,0.175761576,,,26.8884145648855,,FALSE,TRUE,"boron_isotopes_martinez-boti_2015.xlsx",82,1046,83
"boron_isotopes_martinez-boti_2015.xlsx","boron isotopes",83,2015,"ODP 662_____","ODP 662",,,-1.394722,-11.74306,2.828275879,"Globigerinoides ruber white","300-355",,,,352.052923691731,19.76559175,0.141604016,,,25.9278144431372,,FALSE,TRUE,"boron_isotopes_martinez-boti_2015.xlsx",83,1047,84
"boron_isotopes_martinez-boti_2015.xlsx","boron isotopes",84,2015,"ODP 662_____","ODP 662",,,-1.394722,-11.74306,3.160107422,"Globigerinoides ruber white","300-355",,,,525.257336555114,18.99292811,0.131848045,,,27.0142166732673,,FALSE,TRUE,"boron_isotopes_martinez-boti_2015.xlsx",84,1048,85
"boron_isotopes_martinez-boti_2015.xlsx","boron isotopes",85,2015,"ODP 662_____","ODP 662",,,-1.394722,-11.74306,3.2449021,"Globigerinoides ruber white","300-355",,,,441.18393483077,19.29490774,0.197676604,,,26.3976467105263,,FALSE,TRUE,"boron_isotopes_martinez-boti_2015.xlsx",85,1049,86
"boron_isotopes_pearson_2000.xlsx","boron isotopes",4,2000,"871_A_1_1_124_126","871",,,5.67166667,172.51611111,0.085,"various",,,,,341,24.9,0.4,,,27,,FALSE,TRUE,"boron_isotopes_pearson_2000.xlsx",4,1050,5
"boron_isotopes_pearson_2000.xlsx","boron isotopes",5,2000,"871_A_2_2_59_61","871",,,5.67166667,172.51611111,0.98,"G. trilobus","500-600",,,,311,25.1,0.1,,,27,,FALSE,TRUE,"boron_isotopes_pearson_2000.xlsx",5,1051,6
"boron_isotopes_pearson_2000.xlsx","boron isotopes",6,2000,"871_A_2_6_59_61","871",,,5.67166667,172.51611111,1.49,"G. trilobus","500-600",,,,295,25.2,0.3,,,27,,FALSE,TRUE,"boron_isotopes_pearson_2000.xlsx",6,1052,7
"boron_isotopes_pearson_2000.xlsx","boron isotopes",7,2000,"871_A_3_2_123_125","871",,,5.67166667,172.51611111,3,"various",,,,,208,25.9,0.4,,,27,,FALSE,TRUE,"boron_isotopes_pearson_2000.xlsx",7,1053,8
"boron_isotopes_pearson_2000.xlsx","boron isotopes",8,2000,"872_C_3_2_59_61","872",,,5.67166667,172.51611111,3.31,"G. trilobus","500-600",,,,248,25.5,0.1,,,27,,FALSE,TRUE,"boron_isotopes_pearson_2000.xlsx",8,1054,9
"boron_isotopes_pearson_2000.xlsx","boron isotopes",9,2000,"872_C_3_5_118_120","872",,,5.67166667,172.51611111,3.87,"G. trilobus","500-600",,,,281,25.1,0.2,,,27,,FALSE,TRUE,"boron_isotopes_pearson_2000.xlsx",9,1055,10
"boron_isotopes_pearson_2000.xlsx","boron isotopes",10,2000,"871_A_3_5_60_62","871",,,5.67166667,172.51611111,6,"G. trilobus","500-600",,,,268,24.9,0.1,,,27,,FALSE,TRUE,"boron_isotopes_pearson_2000.xlsx",10,1056,11
"boron_isotopes_pearson_2000.xlsx","boron isotopes",11,2000,"871_A_3_5_123_125","871",,,5.67166667,172.51611111,6.2,"various",,,,,305,24.5,0.3,,,27,,FALSE,TRUE,"boron_isotopes_pearson_2000.xlsx",11,1057,12
"boron_isotopes_pearson_2000.xlsx","boron isotopes",12,2000,"872_C_5_2_14_16","872",,,10.10055556,162.86722222,9.02,"G. trilobus","500-600",,,,212,25,0.1,,,27,,FALSE,TRUE,"boron_isotopes_pearson_2000.xlsx",12,1058,13
"boron_isotopes_pearson_2000.xlsx","boron isotopes",13,2000,"872_C_5_6_59_61","872",,,10.10055556,162.86722222,10.39,"G. trilobus","500-600",,,,236,24.5,0.2,,,27,,FALSE,TRUE,"boron_isotopes_pearson_2000.xlsx",13,1059,14
"boron_isotopes_pearson_2000.xlsx","boron isotopes",14,2000,"872_C_6_5_20_22","872",,,10.10055556,162.86722222,11.4,"G. trilobus","500-600",,,,226,24.4,0.4,,,27,,FALSE,TRUE,"boron_isotopes_pearson_2000.xlsx",14,1060,15
"boron_isotopes_pearson_2000.xlsx","boron isotopes",15,2000,"871_A_4_5_59_61","871",,,5.67166667,172.51611111,11.81,"various",,,,,260,24.1,0.3,,,27,,FALSE,TRUE,"boron_isotopes_pearson_2000.xlsx",15,1061,16
"boron_isotopes_pearson_2000.xlsx","boron isotopes",16,2000,"871_A_6_6_60_62","871",,,5.67166667,172.51611111,13.06,"G. trilobus","300-425",,,,222,24.4,0.4,,,27,,FALSE,TRUE,"boron_isotopes_pearson_2000.xlsx",16,1062,17
"boron_isotopes_pearson_2000.xlsx","boron isotopes",17,2000,"871_A_7_2_124_126","871",,,5.67166667,172.51611111,14.73,"G. trilobus","300-425",,,,137,25.5,0.4,,,27,,FALSE,TRUE,"boron_isotopes_pearson_2000.xlsx",17,1063,18
"boron_isotopes_pearson_2000.xlsx","boron isotopes",18,2000,"871_A_7_5_59_61","871",,,5.67166667,172.51611111,14.96,"G. trilobus","300-425",,,,170,25,0.2,,,27,,FALSE,TRUE,"boron_isotopes_pearson_2000.xlsx",18,1064,19
"boron_isotopes_pearson_2000.xlsx","boron isotopes",19,2000,"871_A_8_2_59_63","871",,,5.67166667,172.51611111,16.23,"various",,,,,303,23.7,0.4,,,27,,FALSE,TRUE,"boron_isotopes_pearson_2000.xlsx",19,1065,20
"boron_isotopes_pearson_2000.xlsx","boron isotopes",20,2000,"872_C_11_1_20_22","872",,,10.10055556,162.86722222,16.7,"G. trilobus","300-425",,,,236,24.3,0.3,,,27,,FALSE,TRUE,"boron_isotopes_pearson_2000.xlsx",20,1066,21
"boron_isotopes_pearson_2000.xlsx","boron isotopes",21,2000,"872_C_11_6_20_22","872",,,10.10055556,162.86722222,18.38,"G. trilobus","300-425",,,,217,24.6,0.1,,,27,,FALSE,TRUE,"boron_isotopes_pearson_2000.xlsx",21,1067,22
"boron_isotopes_pearson_2000.xlsx","boron isotopes",22,2000,"872_C_12_2_78_80","872",,,10.10055556,162.86722222,19.85,"G. trilobus","300-425",,,,217,24.7,0.4,,,27,,FALSE,TRUE,"boron_isotopes_pearson_2000.xlsx",22,1068,23
"boron_isotopes_pearson_2000.xlsx","boron isotopes",23,2000,"872_C_13_3_20_22","872",,,10.10055556,162.86722222,21.7,"G. trilobus","300-425",,,,226,24.7,0.4,,,27,,FALSE,TRUE,"boron_isotopes_pearson_2000.xlsx",23,1069,24
"boron_isotopes_pearson_2000.xlsx","boron isotopes",24,2000,"872_C_13_5_20_22","872",,,10.10055556,162.86722222,23,"G. trilobus","300-425",,,,278,24.3,0.1,,,27,,FALSE,TRUE,"boron_isotopes_pearson_2000.xlsx",24,1070,25
"boron_isotopes_seki_2010.xlsx","boron isotopes",4,2010,"999_A_1_1_4_5","999",0.05,,12.744,-78.7393,0.004,"Globigerinoides ruber","300-355","20.62,20.71",,0.0899999999999999,274,20.67,0.1,,,28.3,,FALSE,TRUE,"boron_isotopes_seki_2010.xlsx",4,1071,5
"boron_isotopes_seki_2010.xlsx","boron isotopes",5,2010,"999_A_3_2_33_34.5","999",18.93,,12.744,-78.7393,0.456,"Globigerinoides ruber","300-355","19.97,20.28",,0.310000000000002,290,20.13,0.12,,,25.9,,FALSE,TRUE,"boron_isotopes_seki_2010.xlsx",5,1072,6
"boron_isotopes_seki_2010.xlsx","boron isotopes",6,2010,"999_A_4_4_33_35","999",31.43,,12.744,-78.7393,0.9,"Globigerinoides ruber","300-355","20.14,20.31",,0.169999999999998,279,20.23,0.09,,,25.3,,FALSE,TRUE,"boron_isotopes_seki_2010.xlsx",6,1073,7
"boron_isotopes_seki_2010.xlsx","boron isotopes",7,2010,"999_A_6_3_108_110","999",49.68,,12.744,-78.7393,1.5,"Globigerinoides ruber","300-355","20.42,20.72",,0.299999999999997,288,20.57,0.14,,,28,,FALSE,TRUE,"boron_isotopes_seki_2010.xlsx",7,1074,8
"boron_isotopes_seki_2010.xlsx","boron isotopes",8,2010,"999_A_8_4_51_53","999",69.61,,12.744,-78.7393,2.109,"Globigerinoides ruber","300-355","20.38,20.38",,0,285,20.38,0.12,,,27.3,,FALSE,TRUE,"boron_isotopes_seki_2010.xlsx",8,1075,9
"boron_isotopes_seki_2010.xlsx","boron isotopes",9,2010,"999_A_10_1_89_91","999",84.49,,12.744,-78.7393,2.592,"Globigerinoides ruber","300-355","20.56,20.7",,0.140000000000001,276,20.63,0.12,,,28.2,,FALSE,TRUE,"boron_isotopes_seki_2010.xlsx",9,1076,10
"boron_isotopes_seki_2010.xlsx","boron isotopes",10,2010,"999_A_10_5_89_91","999",90.49,,12.744,-78.7393,2.785,"Globigerinoides ruber","300-355","19.9,20.35",,0.450000000000003,297,20.12,0.14,,,28.4,,FALSE,TRUE,"boron_isotopes_seki_2010.xlsx",10,1077,11
"boron_isotopes_seki_2010.xlsx","boron isotopes",11,2010,"999_A_10_CC_31.5_","999",93.59,,12.744,-78.7393,2.89,"Globigerinoides ruber","300-355","19.27,19.33",,0.0599999999999987,386,19.3,0.1,,,28.7,,FALSE,TRUE,"boron_isotopes_seki_2010.xlsx",11,1078,12
"boron_isotopes_seki_2010.xlsx","boron isotopes",12,2010,"999_A_11_3_13_15","999",96.23,,12.744,-78.7393,2.985,"Globigerinoides ruber","300-355","19.17,19.4",,0.229999999999997,390,19.29,0.1,,,28.9,,FALSE,TRUE,"boron_isotopes_seki_2010.xlsx",12,1079,13
"boron_isotopes_seki_2010.xlsx","boron isotopes",13,2010,"999_A_11_4_17_19","999",97.77,,12.744,-78.7393,3.05,"Globigerinoides ruber","300-355","19.09,19.13",,0.0399999999999991,408,19.11,0.16,,,28.7,,FALSE,TRUE,"boron_isotopes_seki_2010.xlsx",13,1080,14
"boron_isotopes_seki_2010.xlsx","boron isotopes",14,2010,"999_A_11_7_29_31","999",102.39,,12.744,-78.7393,3.172,"Globigerinoides ruber","300-355","19.68,19.9",,0.219999999999999,340,19.79,0.09,,,28.5,,FALSE,TRUE,"boron_isotopes_seki_2010.xlsx",14,1081,15
"boron_isotopes_seki_2010.xlsx","boron isotopes",15,2010,"999_A_12_6_78_79","999",110.88,,12.744,-78.7393,3.496,"Globigerinoides ruber","300-355","19.46,19.6",,0.140000000000001,365,19.53,0.17,,,28.7,,FALSE,TRUE,"boron_isotopes_seki_2010.xlsx",15,1082,16
"boron_isotopes_seki_2010.xlsx","boron isotopes",16,2010,"999_A_1_1_4_5","999",0.05,,12.744,-78.7393,0.004,"Globigerinoides sacculifer","300-355","19.13,19.2",,0.0700000000000003,294,19.17,0.11,,,28.3,,FALSE,TRUE,"boron_isotopes_seki_2010.xlsx",16,1083,17
"boron_isotopes_seki_2010.xlsx","boron isotopes",17,2010,"999_A_4_4_33_35","999",31.43,,12.744,-78.7393,0.9,"Globigerinoides sacculifer","300-355","18.93,19.06",,0.129999999999999,280,18.99,0.09,,,25.3,,FALSE,TRUE,"boron_isotopes_seki_2010.xlsx",17,1084,18
"boron_isotopes_seki_2010.xlsx","boron isotopes",18,2010,"999_A_6_3_108_110","999",49.68,,12.744,-78.7393,1.5,"Globigerinoides sacculifer","300-355","19.73,19.81",,0.0799999999999983,254,19.77,0.12,,,28,,FALSE,TRUE,"boron_isotopes_seki_2010.xlsx",18,1085,19
"boron_isotopes_seki_2010.xlsx","boron isotopes",19,2010,"999_A_8_4_51_53","999",69.61,,12.744,-78.7393,2.109,"Globigerinoides sacculifer","300-355","17.79,17.85",,0.0600000000000023,369,17.82,0.16,,,27.3,,FALSE,TRUE,"boron_isotopes_seki_2010.xlsx",19,1086,20
"boron_isotopes_seki_2010.xlsx","boron isotopes",20,2010,"999_A_11_3_13_15","999",96.23,,12.744,-78.7393,2.985,"Globigerinoides sacculifer","300-355","18.09,18.32",,0.23,379,18.2,0.17,,,28.9,,FALSE,TRUE,"boron_isotopes_seki_2010.xlsx",20,1087,21
"boron_isotopes_seki_2010.xlsx","boron isotopes",21,2010,"999_A_12_1_81_83","999",103.41,,12.744,-78.7393,3.229,"Globigerinoides sacculifer","300-355","17.86,18.14",,0.280000000000001,376,18,0.13,,,28.4,,FALSE,TRUE,"boron_isotopes_seki_2010.xlsx",21,1088,22
"boron_isotopes_seki_2010.xlsx","boron isotopes",22,2010,"999_A_14_4_52_54","999",126.62,,12.744,-78.7393,4.028,"Globigerinoides sacculifer","300-355","17.71,17.76",,0.0500000000000007,427,17.74,0.25,,,29.8,,FALSE,TRUE,"boron_isotopes_seki_2010.xlsx",22,1089,23
"boron_isotopes_seki_2010.xlsx","boron isotopes",23,2010,"999_A_15_3_53_55","999",134.63,,12.744,-78.7393,4.342,"Globigerinoides sacculifer","300-355","17.84,17.99",,0.149999999999999,422,17.92,0.16,,,30.1,,FALSE,TRUE,"boron_isotopes_seki_2010.xlsx",23,1090,24
"boron_isotopes_sosdian_2018.xlsx","boron isotopes",4,2018,"872_C_11_1_78_80","872",95.29,,10.0975,162.866,16.72,"T. trilobus","300-355","15.08,15.16",,,570.1405,15.1195168686402,0.253894029725191,5.05030610856433,0.136358264931237,26.890746730522,"This study explored a range of options for the Mg and Ca elemental composition of seawater, depth of the CCD and d11Bsw. This report displays only one of those options: Elemental composition from fluid inclusions, CCD after Pälike et al. (2003) and d11Bsw after Greenop et al. (2017)",FALSE,TRUE,"boron_isotopes_sosdian_2018.xlsx",4,1091,5
"boron_isotopes_sosdian_2018.xlsx","boron isotopes",5,2018,"872_C_11_4_20_22","872",98.58,,10.0975,162.866,17.72,"T. trilobus","300-355","15.49,15.51",,,490.2615,15.5036087748504,0.233179383823421,4.8284404461919,0.130367892047181,26.2780512527956,"This study explored a range of options for the Mg and Ca elemental composition of seawater, depth of the CCD and d11Bsw. This report displays only one of those options: Elemental composition from fluid inclusions, CCD after Pälike et al. (2003) and d11Bsw after Greenop et al. (2017)",FALSE,TRUE,"boron_isotopes_sosdian_2018.xlsx",5,1092,6
"boron_isotopes_sosdian_2018.xlsx","boron isotopes",6,2018,"872_C_11_6_20_22","872",101.17,,10.0975,162.866,18.51,"T. trilobus","300-355","16.68,16.79",,,351.5158,16.7365577705998,0.223930172366404,5.0926792209026,0.13750233896437,26.780715218583,"This study explored a range of options for the Mg and Ca elemental composition of seawater, depth of the CCD and d11Bsw. This report displays only one of those options: Elemental composition from fluid inclusions, CCD after Pälike et al. (2003) and d11Bsw after Greenop et al. (2017)",FALSE,TRUE,"boron_isotopes_sosdian_2018.xlsx",6,1093,7
"boron_isotopes_sosdian_2018.xlsx","boron isotopes",7,2018,"872_C_12_1_20_22","872",104.21,,10.0975,162.866,19.43,"T. trilobus","300-355","17.1,17.71",,,285.5694,17.4016771731724,0.524631340043829,4.70079349691304,0.126921424416652,25.786160690335,"This study explored a range of options for the Mg and Ca elemental composition of seawater, depth of the CCD and d11Bsw. This report displays only one of those options: Elemental composition from fluid inclusions, CCD after Pälike et al. (2003) and d11Bsw after Greenop et al. (2017)",FALSE,TRUE,"boron_isotopes_sosdian_2018.xlsx",7,1094,8
"boron_isotopes_sosdian_2018.xlsx","boron isotopes",8,2018,"872_C_12_2_20_22","872",105.71,,10.0975,162.866,20.02,"T. trilobus","300-355","16.43,16.53",,,356.5038,16.4817298259337,0.271362172707461,4.65205137581453,0.125605387146992,25.6027188825827,"This study explored a range of options for the Mg and Ca elemental composition of seawater, depth of the CCD and d11Bsw. This report displays only one of those options: Elemental composition from fluid inclusions, CCD after Pälike et al. (2003) and d11Bsw after Greenop et al. (2017)",FALSE,TRUE,"boron_isotopes_sosdian_2018.xlsx",8,1095,9
"boron_isotopes_sosdian_2018.xlsx","boron isotopes",9,2018,"872_C_13_1_78_80","872",106.79,,10.0975,162.866,20.56,"T. trilobus","300-355","16.09,16.12",,,394.8382,16.106168157444,0.239529365927166,4.68793085632886,0.126574133120879,25.6281864769976,"This study explored a range of options for the Mg and Ca elemental composition of seawater, depth of the CCD and d11Bsw. This report displays only one of those options: Elemental composition from fluid inclusions, CCD after Pälike et al. (2003) and d11Bsw after Greenop et al. (2017)",FALSE,TRUE,"boron_isotopes_sosdian_2018.xlsx",9,1096,10
"boron_isotopes_sosdian_2018.xlsx","boron isotopes",10,2018,"872_C_13_3_78_80","872",109.27,,10.0975,162.866,21.78,"T. trilobus","300-355","17.03,17.04",,,302.2579,17.0321208923401,0.249643083963758,4.53783914721818,0.122521656974891,25.12900710925,"This study explored a range of options for the Mg and Ca elemental composition of seawater, depth of the CCD and d11Bsw. This report displays only one of those options: Elemental composition from fluid inclusions, CCD after Pälike et al. (2003) and d11Bsw after Greenop et al. (2017)",FALSE,TRUE,"boron_isotopes_sosdian_2018.xlsx",10,1097,11
"boron_isotopes_sosdian_2018.xlsx","boron isotopes",11,2018,"761_B_5_2_83_85","761",,35.53,-16.737,115.535,11.54,"T. trilobus","300-355","16.67,16.72",,,353.792,16.6912244611144,0.447896437650933,3.64,0.09828,23.8405932887108,"This study explored a range of options for the Mg and Ca elemental composition of seawater, depth of the CCD and d11Bsw. This report displays only one of those options: Elemental composition from fluid inclusions, CCD after Pälike et al. (2003) and d11Bsw after Greenop et al. (2017)",FALSE,TRUE,"boron_isotopes_sosdian_2018.xlsx",11,1098,12
"boron_isotopes_sosdian_2018.xlsx","boron isotopes",12,2018,"761_B_5_3_83_85","761",,37.07,-16.737,115.535,12.1,"T. trilobus","300-355","16.78,17.04",,,348.0071,16.9094560140343,0.44847917186565,4.18,0.11286,25.3137696180537,"This study explored a range of options for the Mg and Ca elemental composition of seawater, depth of the CCD and d11Bsw. This report displays only one of those options: Elemental composition from fluid inclusions, CCD after Pälike et al. (2003) and d11Bsw after Greenop et al. (2017)",FALSE,TRUE,"boron_isotopes_sosdian_2018.xlsx",12,1099,13
"boron_isotopes_sosdian_2018.xlsx","boron isotopes",13,2018,"761_B_5_4_53_55","761",,38.23,-16.737,115.535,12.52,"T. trilobus","300-355","17,17.79",,,298.9931,17.3917450606458,1.01022247543616,3.91,0.10557,24.5238326384683,"This study explored a range of options for the Mg and Ca elemental composition of seawater, depth of the CCD and d11Bsw. This report displays only one of those options: Elemental composition from fluid inclusions, CCD after Pälike et al. (2003) and d11Bsw after Greenop et al. (2017)",FALSE,TRUE,"boron_isotopes_sosdian_2018.xlsx",13,1100,14
"boron_isotopes_sosdian_2018.xlsx","boron isotopes",14,2018,"926_A_1_1_50_52","926",,0.57,3.7191,-42.9084,0.017,"T. trilobus","300-355","19.45,19.69",,,185.2662,19.5707534158535,0.294587259077583,3.03563913203313,0.0819622565648946,23.1654515881644,"This study explored a range of options for the Mg and Ca elemental composition of seawater, depth of the CCD and d11Bsw. However, for the most recent Plio-Pleistocene data (0-3.5 Ma), we used an alternative scenario for the Plio-Pleistocene,  where seawater major ion, δ11Bsw, DIC can be anchored at modern values.",FALSE,TRUE,"boron_isotopes_sosdian_2018.xlsx",14,1101,15
"boron_isotopes_sosdian_2018.xlsx","boron isotopes",15,2018,"926_A_3_2_73_75","926",,16.83,3.7191,-42.9084,0.56,"T. trilobus","300-355","19.31,19.55",,,199.5315,19.4282533915677,0.607147547801714,3.28,0.08856,23.9612424549129,"This study explored a range of options for the Mg and Ca elemental composition of seawater, depth of the CCD and d11Bsw. However, for the most recent Plio-Pleistocene data (0-3.5 Ma), we used an alternative scenario for the Plio-Pleistocene,  where seawater major ion, δ11Bsw, DIC can be anchored at modern values.",FALSE,TRUE,"boron_isotopes_sosdian_2018.xlsx",15,1102,16
"boron_isotopes_sosdian_2018.xlsx","boron isotopes",16,2018,"926_A_6_2_70_72","926",,48.28,3.7191,-42.9084,1.53,"T. trilobus","300-355","19.39,19.72",,,189.1087,19.5563068492109,0.351612157783158,3.32374143208289,0.089741018666238,23.9927479188789,"This study explored a range of options for the Mg and Ca elemental composition of seawater, depth of the CCD and d11Bsw. However, for the most recent Plio-Pleistocene data (0-3.5 Ma), we used an alternative scenario for the Plio-Pleistocene,  where seawater major ion, δ11Bsw, DIC can be anchored at modern values.",FALSE,TRUE,"boron_isotopes_sosdian_2018.xlsx",16,1103,17
"boron_isotopes_sosdian_2018.xlsx","boron isotopes",17,2018,"926_A_7_2_72_74","926",,60.26,3.7191,-42.9084,1.88,"T. trilobus","300-355","19.65,19.81",,,177.2864,19.733325435629,0.308048762949074,3.23631556305703,0.0873805202025399,23.6544598915953,"This study explored a range of options for the Mg and Ca elemental composition of seawater, depth of the CCD and d11Bsw. However, for the most recent Plio-Pleistocene data (0-3.5 Ma), we used an alternative scenario for the Plio-Pleistocene,  where seawater major ion, δ11Bsw, DIC can be anchored at modern values.",FALSE,TRUE,"boron_isotopes_sosdian_2018.xlsx",17,1104,18
"boron_isotopes_sosdian_2018.xlsx","boron isotopes",18,2018,"926_A_8_2_76_78","926",,71.36,3.7191,-42.9084,2.21,"T. trilobus","300-355","18.54,18.72",,,243.8634,18.6300818096564,0.296217188462207,3.10306731944708,0.0837828176250712,23.1480758836516,"This study explored a range of options for the Mg and Ca elemental composition of seawater, depth of the CCD and d11Bsw. However, for the most recent Plio-Pleistocene data (0-3.5 Ma), we used an alternative scenario for the Plio-Pleistocene,  where seawater major ion, δ11Bsw, DIC can be anchored at modern values.",FALSE,TRUE,"boron_isotopes_sosdian_2018.xlsx",18,1105,19
"boron_isotopes_sosdian_2018.xlsx","boron isotopes",19,2018,"926_A_9_2_75_77","926",,82.3,3.7191,-42.9084,2.55,"T. trilobus","300-355","18.9,19.12",,,230.7703,19.0131442055855,0.253906246654044,3.45832341810623,0.0933747322888681,24.3129981369469,"This study explored a range of options for the Mg and Ca elemental composition of seawater, depth of the CCD and d11Bsw. However, for the most recent Plio-Pleistocene data (0-3.5 Ma), we used an alternative scenario for the Plio-Pleistocene,  where seawater major ion, δ11Bsw, DIC can be anchored at modern values.",FALSE,TRUE,"boron_isotopes_sosdian_2018.xlsx",19,1106,20
"boron_isotopes_sosdian_2018.xlsx","boron isotopes",20,2018,"926_A_10_2_83_85","926",,92.85,3.7191,-42.9084,2.88,"T. trilobus","300-355","19.75,19.8",,,190.1801,19.773793985466,0.235276813604755,3.71505523443998,0.10030649132988,25.0694062628811,"This study explored a range of options for the Mg and Ca elemental composition of seawater, depth of the CCD and d11Bsw. However, for the most recent Plio-Pleistocene data (0-3.5 Ma), we used an alternative scenario for the Plio-Pleistocene,  where seawater major ion, δ11Bsw, DIC can be anchored at modern values.",FALSE,TRUE,"boron_isotopes_sosdian_2018.xlsx",20,1107,21
"boron_isotopes_sosdian_2018.xlsx","boron isotopes",21,2018,"926_A_11_2_93_95","926",,103.99,3.7191,-42.9084,3.25,"T. trilobus","300-355","17.8,18.27",,,301.6341,18.0353823597823,0.268255552695214,3.31935265227652,0.0896225216114659,23.7748266809595,"This study explored a range of options for the Mg and Ca elemental composition of seawater, depth of the CCD and d11Bsw. However, for the most recent Plio-Pleistocene data (0-3.5 Ma), we used an alternative scenario for the Plio-Pleistocene,  where seawater major ion, δ11Bsw, DIC can be anchored at modern values.",FALSE,TRUE,"boron_isotopes_sosdian_2018.xlsx",21,1108,22
"boron_isotopes_sosdian_2018.xlsx","boron isotopes",22,2018,"926_A_14_2_72_74","926",,136.04,3.7191,-42.9084,4.42,"T. trilobus","300-355","19.16,19.17",,,300.0244,19.168581162471,0.23251523450914,3.57203825460403,0.0964450328743089,24.4521310647767,"This study explored a range of options for the Mg and Ca elemental composition of seawater, depth of the CCD and d11Bsw. This report displays only one of those options: Elemental composition from fluid inclusions, CCD after Pälike et al. (2003) and d11Bsw after Greenop et al. (2017)",FALSE,TRUE,"boron_isotopes_sosdian_2018.xlsx",22,1109,23
"boron_isotopes_sosdian_2018.xlsx","boron isotopes",23,2018,"926_A_15_2_82_84","926",,146.64,3.7191,-42.9084,4.86,"T. trilobus","300-355","17.57,17.84",,,429.8703,17.7062656148851,0.966854780258172,3.50989225901804,0.0947670909934871,24.206180304093,"This study explored a range of options for the Mg and Ca elemental composition of seawater, depth of the CCD and d11Bsw. This report displays only one of those options: Elemental composition from fluid inclusions, CCD after Pälike et al. (2003) and d11Bsw after Greenop et al. (2017)",FALSE,TRUE,"boron_isotopes_sosdian_2018.xlsx",23,1110,24
"boron_isotopes_sosdian_2018.xlsx","boron isotopes",24,2018,"926_A_16_2_100_102","926",,157.47,3.7191,-42.9084,5.33,"T. trilobus","300-355","17.45,17.64",,,449.1563,17.547808061113,0.303879415951585,3.54182618325119,0.0956293069477822,24.2516965019642,"This study explored a range of options for the Mg and Ca elemental composition of seawater, depth of the CCD and d11Bsw. This report displays only one of those options: Elemental composition from fluid inclusions, CCD after Pälike et al. (2003) and d11Bsw after Greenop et al. (2017)",FALSE,TRUE,"boron_isotopes_sosdian_2018.xlsx",24,1111,25
"boron_isotopes_sosdian_2018.xlsx","boron isotopes",25,2018,"926_A_17_2_62_64","926",,167.61,3.7191,-42.9084,5.8,"T. trilobus","300-355","17.43,17.45",,,430.1776,17.4383185503074,0.564167556563883,3.24154185039509,0.0875216299606675,23.2127888514831,"This study explored a range of options for the Mg and Ca elemental composition of seawater, depth of the CCD and d11Bsw. This report displays only one of those options: Elemental composition from fluid inclusions, CCD after Pälike et al. (2003) and d11Bsw after Greenop et al. (2017)",FALSE,TRUE,"boron_isotopes_sosdian_2018.xlsx",25,1112,26
"boron_isotopes_sosdian_2018.xlsx","boron isotopes",26,2018,"926_A_22_2_50_52","926",,218.73,3.7191,-42.9084,8.56,"T. trilobus","300-355","16.25,16.48",,,489.2556,16.3666833505315,0.420219688192057,3.77148067237779,0.1018299781542,24.5761281314381,"This study explored a range of options for the Mg and Ca elemental composition of seawater, depth of the CCD and d11Bsw. This report displays only one of those options: Elemental composition from fluid inclusions, CCD after Pälike et al. (2003) and d11Bsw after Greenop et al. (2017)",FALSE,TRUE,"boron_isotopes_sosdian_2018.xlsx",26,1113,27
"boron_isotopes_sosdian_2018.xlsx","boron isotopes",27,2018,"926_A_23_2_75_77","926",,229.82,3.7191,-42.9084,9.24,"T. trilobus","300-355","16.5,16.56",,,441.1947,16.5294569299405,0.290798182729084,3.82805018498751,0.103357354994663,24.6629944565534,"This study explored a range of options for the Mg and Ca elemental composition of seawater, depth of the CCD and d11Bsw. This report displays only one of those options: Elemental composition from fluid inclusions, CCD after Pälike et al. (2003) and d11Bsw after Greenop et al. (2017)",FALSE,TRUE,"boron_isotopes_sosdian_2018.xlsx",27,1114,28
"boron_isotopes_sosdian_2018.xlsx","boron isotopes",28,2018,"926_A_24_2_56_57.5","926",,239.667,3.7191,-42.9084,9.87,"T. trilobus","300-355","17.5,17.59",,,313.3621,17.5424211029159,0.195672175387813,3.57614123541942,0.0965558133563244,23.8344015616017,"This study explored a range of options for the Mg and Ca elemental composition of seawater, depth of the CCD and d11Bsw. This report displays only one of those options: Elemental composition from fluid inclusions, CCD after Pälike et al. (2003) and d11Bsw after Greenop et al. (2017)",FALSE,TRUE,"boron_isotopes_sosdian_2018.xlsx",28,1115,29
"boron_isotopes_sosdian_2018.xlsx","boron isotopes",29,2018,"926_A_25_2_85_87","926",,250.71,3.7191,-42.9084,10.6,"T. trilobus","300-355","16.25,17.46",,,359.5155,16.8550731251614,0.871982703566277,3.62326045000373,0.0978280321501007,23.896263466582,"This study explored a range of options for the Mg and Ca elemental composition of seawater, depth of the CCD and d11Bsw. This report displays only one of those options: Elemental composition from fluid inclusions, CCD after Pälike et al. (2003) and d11Bsw after Greenop et al. (2017)",FALSE,TRUE,"boron_isotopes_sosdian_2018.xlsx",29,1116,30
"boron_isotopes_sosdian_2018.xlsx","boron isotopes",30,2018,"926_A_33_3_67_68.5","926",,331.277,3.7191,-42.9084,16.38,"T. trilobus","300-355","16.58,16.64",,,344.7168,16.6079016979417,0.209297369375895,3.81122183396283,0.102902989516996,23.8014540866309,"This study explored a range of options for the Mg and Ca elemental composition of seawater, depth of the CCD and d11Bsw. This report displays only one of those options: Elemental composition from fluid inclusions, CCD after Pälike et al. (2003) and d11Bsw after Greenop et al. (2017)",FALSE,TRUE,"boron_isotopes_sosdian_2018.xlsx",30,1117,31
"boron_isotopes_sosdian_2018.xlsx","boron isotopes",31,2018,"926_B_32_6_30_32","926",,325.62,3.7191,-42.9084,16.01,"T. trilobus","300-355","15.32,15.46",,,519.0113,15.387964614583,0.314371514850416,4.44142948832894,0.119918596184881,25.5429430481073,"This study explored a range of options for the Mg and Ca elemental composition of seawater, depth of the CCD and d11Bsw. This report displays only one of those options: Elemental composition from fluid inclusions, CCD after Pälike et al. (2003) and d11Bsw after Greenop et al. (2017)",FALSE,TRUE,"boron_isotopes_sosdian_2018.xlsx",31,1118,32
"boron_isotopes_sosdian_2018.xlsx","boron isotopes",32,2018,"926_B_32_6_38, 46, 50_40, 48, 52","926",,325.77,3.7191,-42.9084,16.02,"T. trilobus","300-355","16.11,16.49",,,379.5143,16.3004673586005,0.278469501020602,3.90371167183145,0.105400215139449,24.1079029386048,"This study explored a range of options for the Mg and Ca elemental composition of seawater, depth of the CCD and d11Bsw. This report displays only one of those options: Elemental composition from fluid inclusions, CCD after Pälike et al. (2003) and d11Bsw after Greenop et al. (2017)",FALSE,TRUE,"boron_isotopes_sosdian_2018.xlsx",32,1119,33
"boron_isotopes_sosdian_2018.xlsx","boron isotopes",33,2018,"926_B_32_6_110, 118_112, 120","926",,326.46,3.7191,-42.9084,16.07,"T. trilobus","300-355","15.69,16.03",,,424.168,15.8609838675831,0.263255917015026,3.83273134679786,0.103483746363542,23.8986527902006,"This study explored a range of options for the Mg and Ca elemental composition of seawater, depth of the CCD and d11Bsw. This report displays only one of those options: Elemental composition from fluid inclusions, CCD after Pälike et al. (2003) and d11Bsw after Greenop et al. (2017)",FALSE,TRUE,"boron_isotopes_sosdian_2018.xlsx",33,1120,34
"boron_isotopes_sosdian_2018.xlsx","boron isotopes",34,2018,"926_B_34_1_139_140.5","926",,338.508,3.7191,-42.9084,16.86,"T. trilobus","300-355","16.28,16.3",,,371.0716,16.2885891439322,0.294844187046592,3.7653139557851,0.101663476806198,23.6119919075561,"This study explored a range of options for the Mg and Ca elemental composition of seawater, depth of the CCD and d11Bsw. This report displays only one of those options: Elemental composition from fluid inclusions, CCD after Pälike et al. (2003) and d11Bsw after Greenop et al. (2017)",FALSE,TRUE,"boron_isotopes_sosdian_2018.xlsx",34,1121,35
"boron_isotopes_sosdian_2018.xlsx","boron isotopes",35,2018,"926_B_34_2_45, 49_46.5, 50.5","926",,339.088,3.7191,-42.9084,16.9,"T. trilobus","300-355","15.88,16.26",,,389.4252,16.07,0.325044261319011,3.64663264752277,0.0984590814831147,23.2520468673953,"This study explored a range of options for the Mg and Ca elemental composition of seawater, depth of the CCD and d11Bsw. This report displays only one of those options: Elemental composition from fluid inclusions, CCD after Pälike et al. (2003) and d11Bsw after Greenop et al. (2017)",FALSE,TRUE,"boron_isotopes_sosdian_2018.xlsx",35,1122,36
"boron_isotopes_sosdian_2018.xlsx","boron isotopes",36,2018,"926_B_34_CC_10.5, 18.5_12, 20","926",,342.102,3.7191,-42.9084,17.08,"T. trilobus","300-355","16.51,16.55",,,342.4037,16.5292367249145,0.351409535169414,3.65,0.09855,23.2414189821664,"This study explored a range of options for the Mg and Ca elemental composition of seawater, depth of the CCD and d11Bsw. This report displays only one of those options: Elemental composition from fluid inclusions, CCD after Pälike et al. (2003) and d11Bsw after Greenop et al. (2017)",FALSE,TRUE,"boron_isotopes_sosdian_2018.xlsx",36,1123,37
"boron_isotopes_sosdian_2018.xlsx","boron isotopes",37,2018,"926_B_35X_6W_54_56.5","926",,354.763,3.7191,-42.9084,18.25,"T. trilobus","300-355","16.95,17.2",,,311.5296,17.0761034958865,0.241995428396643,4.32714251622481,0.11683284793807,25.0003369153263,"This study explored a range of options for the Mg and Ca elemental composition of seawater, depth of the CCD and d11Bsw. This report displays only one of those options: Elemental composition from fluid inclusions, CCD after Pälike et al. (2003) and d11Bsw after Greenop et al. (2017)",FALSE,TRUE,"boron_isotopes_sosdian_2018.xlsx",37,1124,38
"boron_isotopes_sosdian_2018.xlsx","boron isotopes",38,2018,"926_B_38X_4W_100_103","926",,381.125,3.7191,-42.9084,19.14,"T. trilobus","300-355","15.9,15.96",,,385.4132,15.93097889065,0.240673095590656,3.45301016867108,0.0932312745541192,22.3924364089216,"This study explored a range of options for the Mg and Ca elemental composition of seawater, depth of the CCD and d11Bsw. This report displays only one of those options: Elemental composition from fluid inclusions, CCD after Pälike et al. (2003) and d11Bsw after Greenop et al. (2017)",FALSE,TRUE,"boron_isotopes_sosdian_2018.xlsx",38,1125,39
"boron_isotopes_sosdian_2018.xlsx","boron isotopes",39,2018,"926_B_41X_2W_65_68","926",,405.835,3.7191,-42.9084,20.09,"T. trilobus","300-355","17.5,17.53",,,255.5212,17.5137031430987,0.222356218180231,3.55053358258247,0.0958644067297266,22.5941294013075,"This study explored a range of options for the Mg and Ca elemental composition of seawater, depth of the CCD and d11Bsw. This report displays only one of those options: Elemental composition from fluid inclusions, CCD after Pälike et al. (2003) and d11Bsw after Greenop et al. (2017)",FALSE,TRUE,"boron_isotopes_sosdian_2018.xlsx",39,1126,40
"boron_isotopes_sosdian_2018.xlsx","boron isotopes",40,2018,"1000_A_21_2_49_51","1000",,185.79,16.553,-79.867,5.81,"T. trilobus","300-355",,,,312.2629,18.8852393465585,0.025,3.73745778245454,0.100911360126272,24.7939830887908,"This study explored a range of options for the Mg and Ca elemental composition of seawater, depth of the CCD and d11Bsw. This report displays only one of those options: Elemental composition from fluid inclusions, CCD after Pälike et al. (2003) and d11Bsw after Greenop et al. (2017)",FALSE,TRUE,"boron_isotopes_sosdian_2018.xlsx",40,1127,41
"boron_isotopes_sosdian_2018.xlsx","boron isotopes",41,2018,"1000_A_24_3_26_3","1000",,215.79,16.553,-79.867,6.54,"T. trilobus","300-355",,,,382.208,17.8584050026539,0.025,3.7462350962629,0.101148347599098,24.7354269185549,"This study explored a range of options for the Mg and Ca elemental composition of seawater, depth of the CCD and d11Bsw. This report displays only one of those options: Elemental composition from fluid inclusions, CCD after Pälike et al. (2003) and d11Bsw after Greenop et al. (2017)",FALSE,TRUE,"boron_isotopes_sosdian_2018.xlsx",41,1128,42
"boron_isotopes_sosdian_2018.xlsx","boron isotopes",42,2018,"1000_A_26_3_69_71","1000",,234.99,16.553,-79.867,7,"T. trilobus","300-355",,,,420.6821,17.7585375163732,0.025,5.075428453932,0.137036568256164,28.0553921867621,"This study explored a range of options for the Mg and Ca elemental composition of seawater, depth of the CCD and d11Bsw. This report displays only one of those options: Elemental composition from fluid inclusions, CCD after Pälike et al. (2003) and d11Bsw after Greenop et al. (2017)",FALSE,TRUE,"boron_isotopes_sosdian_2018.xlsx",42,1129,43
"boron_isotopes_sosdian_2018.xlsx","boron isotopes",43,2018,"1000_A_32_3_121_123","1000",,292.67,16.553,-79.867,8.45,"T. trilobus","300-355",,,,402.5526,17.1686268484973,0.025,3.97196949641915,0.107243176403317,25.16480178381,"This study explored a range of options for the Mg and Ca elemental composition of seawater, depth of the CCD and d11Bsw. This report displays only one of those options: Elemental composition from fluid inclusions, CCD after Pälike et al. (2003) and d11Bsw after Greenop et al. (2017)",FALSE,TRUE,"boron_isotopes_sosdian_2018.xlsx",43,1130,44
"boron_isotopes_sosdian_2018.xlsx","boron isotopes",44,2018,"Blue Clay Formation of Malta (at Ras il-Pellegrin)_____","Blue Clay Formation of Malta (at Ras il-Pellegrin)",13798.50762,0,35.926,4.335,13.95,"T. trilobus","250-355",,,,572.5126,15.83,0.23,6.56,0.17712,33.2795004221725,"This study explored a range of options for the Mg and Ca elemental composition of seawater, depth of the CCD and d11Bsw. This report displays only one of those options: Elemental composition from fluid inclusions, CCD after Pälike et al. (2003) and d11Bsw after Greenop et al. (2017)",FALSE,TRUE,"boron_isotopes_sosdian_2018.xlsx",44,1131,45
"boron_isotopes_sosdian_2018.xlsx","boron isotopes",45,2018,"Blue Clay Formation of Malta (at Ras il-Pellegrin)_____","Blue Clay Formation of Malta (at Ras il-Pellegrin)",13785.6227,0.7,35.926,4.335,13.90177,"T. trilobus","250-355",,,,518.6965,15.85,0.23,5.03,0.13581,30.3232354219878,"This study explored a range of options for the Mg and Ca elemental composition of seawater, depth of the CCD and d11Bsw. This report displays only one of those options: Elemental composition from fluid inclusions, CCD after Pälike et al. (2003) and d11Bsw after Greenop et al. (2017)",FALSE,TRUE,"boron_isotopes_sosdian_2018.xlsx",45,1132,46
"boron_isotopes_sosdian_2018.xlsx","boron isotopes",46,2018,"Blue Clay Formation of Malta (at Ras il-Pellegrin)_____","Blue Clay Formation of Malta (at Ras il-Pellegrin)",13772.73779,,35.926,4.335,13.82942,"T. trilobus","250-355",,,,549.3395,15.75,0.23,5.43,0.14661,31.1652269222436,"This study explored a range of options for the Mg and Ca elemental composition of seawater, depth of the CCD and d11Bsw. This report displays only one of those options: Elemental composition from fluid inclusions, CCD after Pälike et al. (2003) and d11Bsw after Greenop et al. (2017)",FALSE,TRUE,"boron_isotopes_sosdian_2018.xlsx",46,1133,47
"boron_isotopes_sosdian_2018.xlsx","boron isotopes",47,2018,"Blue Clay Formation of Malta (at Ras il-Pellegrin)_____","Blue Clay Formation of Malta (at Ras il-Pellegrin)",13740.5255,3.15,35.926,4.335,13.73297,"T. trilobus","250-355",,,,425.0578,16.53,0.23,5,0.135,30.2375835497894,"This study explored a range of options for the Mg and Ca elemental composition of seawater, depth of the CCD and d11Bsw. This report displays only one of those options: Elemental composition from fluid inclusions, CCD after Pälike et al. (2003) and d11Bsw after Greenop et al. (2017)",FALSE,TRUE,"boron_isotopes_sosdian_2018.xlsx",47,1134,48
"boron_isotopes_sosdian_2018.xlsx","boron isotopes",48,2018,"Blue Clay Formation of Malta (at Ras il-Pellegrin)_____","Blue Clay Formation of Malta (at Ras il-Pellegrin)",13735.67484,3.5,35.926,4.335,13.70885,"T. trilobus","250-355",,,,468.4628,15.98,0.23,4.13,0.11151,28.1108368910416,"This study explored a range of options for the Mg and Ca elemental composition of seawater, depth of the CCD and d11Bsw. This report displays only one of those options: Elemental composition from fluid inclusions, CCD after Pälike et al. (2003) and d11Bsw after Greenop et al. (2017)",FALSE,TRUE,"boron_isotopes_sosdian_2018.xlsx",48,1135,49
"boron_isotopes_sosdian_2018.xlsx","boron isotopes",49,2018,"Blue Clay Formation of Malta (at Ras il-Pellegrin)_____","Blue Clay Formation of Malta (at Ras il-Pellegrin)",13730.82418,3.85,35.926,4.335,13.6468,"T. trilobus","250-355",,,,463.9783,16.17,0.23,4.72,0.12744,29.587465607311,"This study explored a range of options for the Mg and Ca elemental composition of seawater, depth of the CCD and d11Bsw. This report displays only one of those options: Elemental composition from fluid inclusions, CCD after Pälike et al. (2003) and d11Bsw after Greenop et al. (2017)",FALSE,TRUE,"boron_isotopes_sosdian_2018.xlsx",49,1136,50
"boron_isotopes_sosdian_2018.xlsx","boron isotopes",50,2018,"999_A_1_1_4_5","999",0.05,,12.744,-78.7393,0.00166,"Globigerinoides sacculifer","300-355","19.13,19.2",,0.0700000000000003,261.2619,19.17,0.11,,,28.3,"This study explored a range of options for the Mg and Ca elemental composition of seawater, depth of the CCD and d11Bsw. However, for the most recent Plio-Pleistocene data (0-3.5 Ma), we used an alternative scenario for the Plio-Pleistocene,  where seawater major ion, δ11Bsw, DIC can be anchored at modern values.",FALSE,TRUE,"boron_isotopes_sosdian_2018.xlsx",50,1137,51
"boron_isotopes_sosdian_2018.xlsx","boron isotopes",51,2018,"999_A_4_4_33_35","999",31.43,,12.744,-78.7393,0.930471170405786,"Globigerinoides sacculifer","300-355","18.93,19.06",,0.129999999999999,246.7319,18.99,0.09,,,25.3,"This study explored a range of options for the Mg and Ca elemental composition of seawater, depth of the CCD and d11Bsw. However, for the most recent Plio-Pleistocene data (0-3.5 Ma), we used an alternative scenario for the Plio-Pleistocene,  where seawater major ion, δ11Bsw, DIC can be anchored at modern values.",FALSE,TRUE,"boron_isotopes_sosdian_2018.xlsx",51,1138,52
"boron_isotopes_sosdian_2018.xlsx","boron isotopes",52,2018,"999_A_6_3_108_110","999",49.68,,12.744,-78.7393,1.4262647001579,"Globigerinoides sacculifer","300-355","19.73,19.81",,0.0799999999999983,215.0119,19.77,0.12,,,28,"This study explored a range of options for the Mg and Ca elemental composition of seawater, depth of the CCD and d11Bsw. However, for the most recent Plio-Pleistocene data (0-3.5 Ma), we used an alternative scenario for the Plio-Pleistocene,  where seawater major ion, δ11Bsw, DIC can be anchored at modern values.",FALSE,TRUE,"boron_isotopes_sosdian_2018.xlsx",52,1139,53
"boron_isotopes_sosdian_2018.xlsx","boron isotopes",53,2018,"999_A_8_4_51_53","999",69.61,,12.744,-78.7393,2.01928793751238,"Globigerinoides sacculifer","300-355","17.79,17.85",,0.0600000000000023,364.6066,17.82,0.16,,,27.3,"This study explored a range of options for the Mg and Ca elemental composition of seawater, depth of the CCD and d11Bsw. However, for the most recent Plio-Pleistocene data (0-3.5 Ma), we used an alternative scenario for the Plio-Pleistocene,  where seawater major ion, δ11Bsw, DIC can be anchored at modern values.",FALSE,TRUE,"boron_isotopes_sosdian_2018.xlsx",53,1140,54
"boron_isotopes_sosdian_2018.xlsx","boron isotopes",54,2018,"999_A_11_3_13_15","999",96.23,,12.744,-78.7393,2.94122261078642,"Globigerinoides sacculifer","300-355","18.09,18.32",,0.23,349.1248,18.2,0.17,,,28.9,"This study explored a range of options for the Mg and Ca elemental composition of seawater, depth of the CCD and d11Bsw. However, for the most recent Plio-Pleistocene data (0-3.5 Ma), we used an alternative scenario for the Plio-Pleistocene,  where seawater major ion, δ11Bsw, DIC can be anchored at modern values.",FALSE,TRUE,"boron_isotopes_sosdian_2018.xlsx",54,1141,55
"boron_isotopes_sosdian_2018.xlsx","boron isotopes",55,2018,"999_A_12_1_81_83","999",103.41,,12.744,-78.7393,3.20440420423842,"Globigerinoides sacculifer","300-355","17.86,18.14",,0.280000000000001,360.9466,18,0.13,,,28.4,"This study explored a range of options for the Mg and Ca elemental composition of seawater, depth of the CCD and d11Bsw. However, for the most recent Plio-Pleistocene data (0-3.5 Ma), we used an alternative scenario for the Plio-Pleistocene,  where seawater major ion, δ11Bsw, DIC can be anchored at modern values.",FALSE,TRUE,"boron_isotopes_sosdian_2018.xlsx",55,1142,56
"boron_isotopes_sosdian_2018.xlsx","boron isotopes",56,2018,"999_A_14_4_52_54","999",126.62,,12.744,-78.7393,4.00317681138602,"Globigerinoides sacculifer","300-355","17.71,17.76",,0.0500000000000007,415.8333,17.74,0.25,,,29.8,"This study explored a range of options for the Mg and Ca elemental composition of seawater, depth of the CCD and d11Bsw. This report displays only one of those options: Elemental composition from fluid inclusions, CCD after Pälike et al. (2003) and d11Bsw after Greenop et al. (2017)",FALSE,TRUE,"boron_isotopes_sosdian_2018.xlsx",56,1143,57
"boron_isotopes_sosdian_2018.xlsx","boron isotopes",57,2018,"999_A_15_3_53_55","999",134.63,,12.744,-78.7393,4.22570892817334,"Globigerinoides sacculifer","300-355","17.84,17.99",,0.149999999999999,397.2156,17.92,0.16,,,30.1,"This study explored a range of options for the Mg and Ca elemental composition of seawater, depth of the CCD and d11Bsw. This report displays only one of those options: Elemental composition from fluid inclusions, CCD after Pälike et al. (2003) and d11Bsw after Greenop et al. (2017)",FALSE,TRUE,"boron_isotopes_sosdian_2018.xlsx",57,1144,58
"boron_isotopes_sosdian_2018.xlsx","boron isotopes",58,2018,"761_B_6_3_96_98","761",,47.06,-16.73972222,115.53611111,15.653578,"T. trilobus","300-355","15.9652781424288",,,475.4183,15.9652781424288,0.378484679170985,4.73489462331075,0.12784215482939,29.8502824776344,"This study explored a range of options for the Mg and Ca elemental composition of seawater, depth of the CCD and d11Bsw. This report displays only one of those options: Elemental composition from fluid inclusions, CCD after Pälike et al. (2003) and d11Bsw after Greenop et al. (2017)",FALSE,TRUE,"boron_isotopes_sosdian_2018.xlsx",58,1145,59
"boron_isotopes_sosdian_2018.xlsx","boron isotopes",59,2018,"761_B_6_3_118_120","761",,47.28,-16.73972222,115.53611111,15.715464,"T. trilobus","300-355","14.57,15.11",,0.543425664934682,674.3933,14.8405450380163,0.305168135200385,4.34733376011268,0.117378011523042,28.908446507009,"This study explored a range of options for the Mg and Ca elemental composition of seawater, depth of the CCD and d11Bsw. This report displays only one of those options: Elemental composition from fluid inclusions, CCD after Pälike et al. (2003) and d11Bsw after Greenop et al. (2017)",FALSE,TRUE,"boron_isotopes_sosdian_2018.xlsx",59,1146,60
"boron_isotopes_sosdian_2018.xlsx","boron isotopes",60,2018,"761_B_6_3_123_125","761",,47.33,-16.73972222,115.53611111,15.729529,"T. trilobus","300-355","14.58,14.86",,0.280355590721774,717.5398,14.7173752455625,0.243752928708609,4.49931338886506,0.121481461499357,29.2918420090391,"This study explored a range of options for the Mg and Ca elemental composition of seawater, depth of the CCD and d11Bsw. This report displays only one of those options: Elemental composition from fluid inclusions, CCD after Pälike et al. (2003) and d11Bsw after Greenop et al. (2017)",FALSE,TRUE,"boron_isotopes_sosdian_2018.xlsx",60,1147,61
"boron_isotopes_sosdian_2018.xlsx","boron isotopes",61,2018,"761_B_6_3_128_130","761",,47.38,-16.73972222,115.53611111,15.743594,"T. trilobus","300-355","15.5,15.83",,0.335408420958911,518.4138,15.6630910444936,0.313023523568078,4.6850790319506,0.126497133862666,29.7429697496913,"This study explored a range of options for the Mg and Ca elemental composition of seawater, depth of the CCD and d11Bsw. This report displays only one of those options: Elemental composition from fluid inclusions, CCD after Pälike et al. (2003) and d11Bsw after Greenop et al. (2017)",FALSE,TRUE,"boron_isotopes_sosdian_2018.xlsx",61,1148,62
"boron_isotopes_sosdian_2018.xlsx","boron isotopes",62,2018,"761_B_6_3_138_140","761",,47.48,-16.73972222,115.53611111,15.771724,"T. trilobus","300-355","15.98,16.08",,0.0963824566994997,462.233,16.0278727479526,0.398571600209417,4.65412716970188,0.125661433581951,29.6725101116789,"This study explored a range of options for the Mg and Ca elemental composition of seawater, depth of the CCD and d11Bsw. This report displays only one of those options: Elemental composition from fluid inclusions, CCD after Pälike et al. (2003) and d11Bsw after Greenop et al. (2017)",FALSE,TRUE,"boron_isotopes_sosdian_2018.xlsx",62,1149,63
"boron_isotopes_sosdian_2018.xlsx","boron isotopes",63,2018,"761_B_6_4_3_5","761",,47.63,-16.73972222,115.53611111,15.813919,"T. trilobus","300-355","15.85,16.38",,0.535706797686522,452.3168,16.1149262466334,0.700551593057132,4.73510645138205,0.127847874187315,29.8689584068673,"This study explored a range of options for the Mg and Ca elemental composition of seawater, depth of the CCD and d11Bsw. This report displays only one of those options: Elemental composition from fluid inclusions, CCD after Pälike et al. (2003) and d11Bsw after Greenop et al. (2017)",FALSE,TRUE,"boron_isotopes_sosdian_2018.xlsx",63,1150,64
"boron_isotopes_sosdian_2018.xlsx","boron isotopes",64,2018,"761_B_6_4_13_15","761",,47.73,-16.73972222,115.53611111,15.842049,"T. trilobus","300-355","14.12,15.03",,0.911861447699975,751.4336,14.5753939142522,0.940467894386078,4.35726991767071,0.117646287777109,28.9481639229434,"This study explored a range of options for the Mg and Ca elemental composition of seawater, depth of the CCD and d11Bsw. This report displays only one of those options: Elemental composition from fluid inclusions, CCD after Pälike et al. (2003) and d11Bsw after Greenop et al. (2017)",FALSE,TRUE,"boron_isotopes_sosdian_2018.xlsx",64,1151,65
"boron_isotopes_sosdian_2018.xlsx","boron isotopes",65,2018,"761_B_6_4_28_30","761",,47.88,-16.73972222,115.53611111,15.884244,"T. trilobus","300-355","16.01,16.05",,0.039901744612262,455.8826,16.0297388294896,0.583178383626603,4.54470448021421,0.122707020965784,29.4209140208918,"This study explored a range of options for the Mg and Ca elemental composition of seawater, depth of the CCD and d11Bsw. This report displays only one of those options: Elemental composition from fluid inclusions, CCD after Pälike et al. (2003) and d11Bsw after Greenop et al. (2017)",FALSE,TRUE,"boron_isotopes_sosdian_2018.xlsx",65,1152,66
"boron_isotopes_sosdian_2018.xlsx","boron isotopes",66,2018,"761_B_6_4_33_35","761",,47.93,-16.73972222,115.53611111,15.898309,"T. trilobus","300-355","15.65,15.86",,0.210375872451371,483.5903,15.755682080859,0.644899301142681,4.28673055646119,0.115741725024452,28.7731931976944,"This study explored a range of options for the Mg and Ca elemental composition of seawater, depth of the CCD and d11Bsw. This report displays only one of those options: Elemental composition from fluid inclusions, CCD after Pälike et al. (2003) and d11Bsw after Greenop et al. (2017)",FALSE,TRUE,"boron_isotopes_sosdian_2018.xlsx",66,1153,67
"boron_isotopes_sosdian_2018.xlsx","boron isotopes",67,2018,"761_B_6_4_46_48","761",,48.06,-16.73972222,115.53611111,15.934878,"T. trilobus","300-355","14.4,14.54",,0.138332229408565,787.4096,14.4723166935077,0.405548301697548,4.4020819889492,0.118856213701628,29.072374927626,"This study explored a range of options for the Mg and Ca elemental composition of seawater, depth of the CCD and d11Bsw. This report displays only one of those options: Elemental composition from fluid inclusions, CCD after Pälike et al. (2003) and d11Bsw after Greenop et al. (2017)",FALSE,TRUE,"boron_isotopes_sosdian_2018.xlsx",67,1154,68
"boron_isotopes_sosdian_2018.xlsx","boron isotopes",68,2018,"761_B_6_4_58_60","761",,48.18,-16.73972222,115.53611111,15.968634,"T. trilobus","300-355","14.93,14.93",,0.000244351141384769,665.0012,14.9279510771185,0.413349220343581,4.56370642396341,0.123220073447012,29.4768401460616,"This study explored a range of options for the Mg and Ca elemental composition of seawater, depth of the CCD and d11Bsw. This report displays only one of those options: Elemental composition from fluid inclusions, CCD after Pälike et al. (2003) and d11Bsw after Greenop et al. (2017)",FALSE,TRUE,"boron_isotopes_sosdian_2018.xlsx",68,1155,69
"boron_isotopes_sosdian_2018.xlsx","boron isotopes",69,2018,"761_B_6_4_78_80","761",,48.38,-16.73972222,115.53611111,16.011514,"T. trilobus","300-355","16.04,16.27",,0.224201611100057,442.5893,16.154889737811,0.334509077232755,4.71361392229467,0.127267575901956,29.8408094148609,"This study explored a range of options for the Mg and Ca elemental composition of seawater, depth of the CCD and d11Bsw. This report displays only one of those options: Elemental composition from fluid inclusions, CCD after Pälike et al. (2003) and d11Bsw after Greenop et al. (2017)",FALSE,TRUE,"boron_isotopes_sosdian_2018.xlsx",69,1156,70
"boron_isotopes_sosdian_2018.xlsx","boron isotopes",70,2018,"761_B_6_4_100_102","761",,48.6,-16.73972222,115.53611111,16.03908,"T. trilobus","300-355","15.51,16.6",,1.08890310290112,449.1324,16.0518795281764,0.910702948479731,4.46807809390241,0.120638108535365,29.2495278999831,"This study explored a range of options for the Mg and Ca elemental composition of seawater, depth of the CCD and d11Bsw. This report displays only one of those options: Elemental composition from fluid inclusions, CCD after Pälike et al. (2003) and d11Bsw after Greenop et al. (2017)",FALSE,TRUE,"boron_isotopes_sosdian_2018.xlsx",70,1157,71
"boron_isotopes_sosdian_2018.xlsx","boron isotopes",71,2018,"761_B_6_4_103_105","761",,48.63,-16.73972222,115.53611111,16.042839,"T. trilobus","300-355","15.62,15.95",,0.328594045336956,492.3411,15.7841230467331,0.393600051391883,4.644485346,0.125401104342,29.6802007309748,"This study explored a range of options for the Mg and Ca elemental composition of seawater, depth of the CCD and d11Bsw. This report displays only one of those options: Elemental composition from fluid inclusions, CCD after Pälike et al. (2003) and d11Bsw after Greenop et al. (2017)",FALSE,TRUE,"boron_isotopes_sosdian_2018.xlsx",71,1158,72
"boron_isotopes_sosdian_2018.xlsx","boron isotopes",72,2018,"761_B_6_4_108_110","761",,48.68,-16.73972222,115.53611111,16.049104,"T. trilobus","300-355","14.17,14.24",,0.0767937938057095,910.5272,14.2044907379798,0.240601803993768,4.74588012911507,0.128138763486107,29.920870073629,"This study explored a range of options for the Mg and Ca elemental composition of seawater, depth of the CCD and d11Bsw. This report displays only one of those options: Elemental composition from fluid inclusions, CCD after Pälike et al. (2003) and d11Bsw after Greenop et al. (2017)",FALSE,TRUE,"boron_isotopes_sosdian_2018.xlsx",72,1159,73
"boron_isotopes_sosdian_2018.xlsx","boron isotopes",73,2018,"761_B_6_4_113_115","761",,48.73,-16.73972222,115.53611111,16.055369,"T. trilobus","300-355","15.67,15.86",,0.185461617905505,501.1483,15.7645466003851,0.40780331782587,4.77293947290578,0.128869365768456,29.9847519081691,"This study explored a range of options for the Mg and Ca elemental composition of seawater, depth of the CCD and d11Bsw. This report displays only one of those options: Elemental composition from fluid inclusions, CCD after Pälike et al. (2003) and d11Bsw after Greenop et al. (2017)",FALSE,TRUE,"boron_isotopes_sosdian_2018.xlsx",73,1160,74
"boron_isotopes_sosdian_2018.xlsx","boron isotopes",74,2018,"761_B_6_4_138_140","761",,48.98,-16.73972222,115.53611111,16.086694,"T. trilobus","300-355","15.97,16.01",,0.0417517089237212,454.3498,15.9875557686831,0.355309119218191,4.41799876673777,0.11928596670192,29.1296853273906,"This study explored a range of options for the Mg and Ca elemental composition of seawater, depth of the CCD and d11Bsw. This report displays only one of those options: Elemental composition from fluid inclusions, CCD after Pälike et al. (2003) and d11Bsw after Greenop et al. (2017)",FALSE,TRUE,"boron_isotopes_sosdian_2018.xlsx",74,1161,75
"boron_isotopes_sosdian_2018.xlsx","boron isotopes",75,2018,"761_B_6_5_8_10","761",,49.18,-16.73972222,115.53611111,16.111754,"T. trilobus","300-355","14.6,15.52",,0.920040791879059,612.1956,15.0588720430453,0.626935301999861,4.26263413952423,0.115091121767154,28.7347532251816,"This study explored a range of options for the Mg and Ca elemental composition of seawater, depth of the CCD and d11Bsw. This report displays only one of those options: Elemental composition from fluid inclusions, CCD after Pälike et al. (2003) and d11Bsw after Greenop et al. (2017)",FALSE,TRUE,"boron_isotopes_sosdian_2018.xlsx",75,1162,76
"boron_isotopes_sosdian_2018.xlsx","boron isotopes",76,2018,"761_B_6_5_18_20","761",,49.28,-16.73972222,115.53611111,16.124284,"T. trilobus","300-355","15.75,15.98",,0.223687535894035,481.4517,15.8655117603322,0.293832086512352,4.66207977902118,0.125876154033572,29.7314437996668,"This study explored a range of options for the Mg and Ca elemental composition of seawater, depth of the CCD and d11Bsw. This report displays only one of those options: Elemental composition from fluid inclusions, CCD after Pälike et al. (2003) and d11Bsw after Greenop et al. (2017)",FALSE,TRUE,"boron_isotopes_sosdian_2018.xlsx",76,1163,77
"boron_isotopes_sosdian_2018.xlsx","boron isotopes",77,2018,"761_B_6_5_28_30","761",,49.38,-16.73972222,115.53611111,16.136814,"T. trilobus","300-355","15.96,16.28",,0.316637549302227,423.6164,16.1175587696511,0.32718978573033,3.993031124,0.107811840348,28.011630229571,"This study explored a range of options for the Mg and Ca elemental composition of seawater, depth of the CCD and d11Bsw. This report displays only one of those options: Elemental composition from fluid inclusions, CCD after Pälike et al. (2003) and d11Bsw after Greenop et al. (2017)",FALSE,TRUE,"boron_isotopes_sosdian_2018.xlsx",77,1164,78
"boron_isotopes_sosdian_2018.xlsx","boron isotopes",78,2018,"761_B_6_5_38_40","761",,49.48,-16.73972222,115.53611111,16.149344,"T. trilobus","300-355","16.35,16.77",,0.419668159123468,370.7516,16.5601882044003,0.689746628788375,3.96900348078908,0.107163093981305,27.9459884058062,"This study explored a range of options for the Mg and Ca elemental composition of seawater, depth of the CCD and d11Bsw. This report displays only one of those options: Elemental composition from fluid inclusions, CCD after Pälike et al. (2003) and d11Bsw after Greenop et al. (2017)",FALSE,TRUE,"boron_isotopes_sosdian_2018.xlsx",78,1165,79
"boron_isotopes_sosdian_2018.xlsx","boron isotopes",79,2018,"761_B_6_5_48_50","761",,49.58,-16.73972222,115.53611111,16.161874,"T. trilobus","300-355","14.34,14.87",,0.531230452135254,713.3234,14.6036004710947,0.645909261597068,3.96986715895971,0.107186413291912,27.9498260565104,"This study explored a range of options for the Mg and Ca elemental composition of seawater, depth of the CCD and d11Bsw. This report displays only one of those options: Elemental composition from fluid inclusions, CCD after Pälike et al. (2003) and d11Bsw after Greenop et al. (2017)",FALSE,TRUE,"boron_isotopes_sosdian_2018.xlsx",79,1166,80
"boron_isotopes_sosdian_2018.xlsx","boron isotopes",80,2018,"761_B_6_5_58_60","761",,49.68,-16.73972222,115.53611111,16.174404,"T. trilobus","300-355","16.03,16.09",,0.0580789095730658,430.8587,16.0626950984116,0.232253421443158,4.07529937633271,0.110033083160983,28.2424858652094,"This study explored a range of options for the Mg and Ca elemental composition of seawater, depth of the CCD and d11Bsw. This report displays only one of those options: Elemental composition from fluid inclusions, CCD after Pälike et al. (2003) and d11Bsw after Greenop et al. (2017)",FALSE,TRUE,"boron_isotopes_sosdian_2018.xlsx",80,1167,81
"boron_isotopes_sosdian_2018.xlsx","boron isotopes",81,2018,"761_B_6_5_68_70","761",,49.78,-16.73972222,115.53611111,16.186934,"T. trilobus","300-355","14.66,14.66",,0.00138920823936495,707.8241,14.6591899457136,0.22232491546771,4.13523929078973,0.111651460851323,28.4061390833986,"This study explored a range of options for the Mg and Ca elemental composition of seawater, depth of the CCD and d11Bsw. This report displays only one of those options: Elemental composition from fluid inclusions, CCD after Pälike et al. (2003) and d11Bsw after Greenop et al. (2017)",FALSE,TRUE,"boron_isotopes_sosdian_2018.xlsx",81,1168,82
"boron_isotopes_sosdian_2018.xlsx","boron isotopes",82,2018,"761_B_6_5_78_80","761",,49.88,-16.73972222,115.53611111,16.199464,"T. trilobus","300-355","16.11,16.38",,0.269444840601032,409.4648,16.2476553159885,0.247047579176864,4.05862983675319,0.109583005592336,28.1997840182627,"This study explored a range of options for the Mg and Ca elemental composition of seawater, depth of the CCD and d11Bsw. This report displays only one of those options: Elemental composition from fluid inclusions, CCD after Pälike et al. (2003) and d11Bsw after Greenop et al. (2017)",FALSE,TRUE,"boron_isotopes_sosdian_2018.xlsx",82,1169,83
"boron_isotopes_sosdian_2018.xlsx","boron isotopes",83,2018,"761_B_6_5_88_90","761",,49.98,-16.73972222,115.53611111,16.211994,"T. trilobus","300-355","14.51",,,756.8599,14.5059651331489,0.267741386641729,4.19113517489419,0.113160649722143,28.5581616319652,"This study explored a range of options for the Mg and Ca elemental composition of seawater, depth of the CCD and d11Bsw. This report displays only one of those options: Elemental composition from fluid inclusions, CCD after Pälike et al. (2003) and d11Bsw after Greenop et al. (2017)",FALSE,TRUE,"boron_isotopes_sosdian_2018.xlsx",83,1170,84
"boron_isotopes_sosdian_2018.xlsx","boron isotopes",84,2018,"761_B_6_5_98_100","761",,50.08,-16.73972222,115.53611111,16.224524,"T. trilobus","300-355","14.9",,,654.0071,14.8993972218316,0.279188199842136,4.30318513683387,0.116185998694515,28.8527355862474,"This study explored a range of options for the Mg and Ca elemental composition of seawater, depth of the CCD and d11Bsw. This report displays only one of those options: Elemental composition from fluid inclusions, CCD after Pälike et al. (2003) and d11Bsw after Greenop et al. (2017)",FALSE,TRUE,"boron_isotopes_sosdian_2018.xlsx",84,1171,85
"boron_isotopes_sosdian_2018.xlsx","boron isotopes",85,2018,"761_B_6_5_103_105","761",,50.13,-16.73972222,115.53611111,16.230789,"T. trilobus","300-355","16.8,16.81",,0.00554596943269203,355.8361,16.8041124449558,0.236314480755533,4.25468249046552,0.114876427242569,28.7274973684339,"This study explored a range of options for the Mg and Ca elemental composition of seawater, depth of the CCD and d11Bsw. This report displays only one of those options: Elemental composition from fluid inclusions, CCD after Pälike et al. (2003) and d11Bsw after Greenop et al. (2017)",FALSE,TRUE,"boron_isotopes_sosdian_2018.xlsx",85,1172,86
"boron_isotopes_sosdian_2018.xlsx","boron isotopes",86,2018,"761_B_6_5_118_120","761",,50.28,-16.73972222,115.53611111,16.249584,"T. trilobus","300-355","13.94,14.9",,0.95743307530096,782.0373,14.4224299209204,0.82949760961758,4.14881527947265,0.112018012545762,28.449657105016,"This study explored a range of options for the Mg and Ca elemental composition of seawater, depth of the CCD and d11Bsw. This report displays only one of those options: Elemental composition from fluid inclusions, CCD after Pälike et al. (2003) and d11Bsw after Greenop et al. (2017)",FALSE,TRUE,"boron_isotopes_sosdian_2018.xlsx",86,1173,87
"boron_isotopes_sosdian_2018.xlsx","boron isotopes",87,2018,"761_B_6_6_3_5","761",,50.63,-16.73972222,115.53611111,16.292614,"T. trilobus","300-355","16.14,16.26",,0.118606608692229,419.7913,16.1983467483682,0.245136368948499,4.25750848462897,0.114952729084982,28.7418812660445,"This study explored a range of options for the Mg and Ca elemental composition of seawater, depth of the CCD and d11Bsw. This report displays only one of those options: Elemental composition from fluid inclusions, CCD after Pälike et al. (2003) and d11Bsw after Greenop et al. (2017)",FALSE,TRUE,"boron_isotopes_sosdian_2018.xlsx",87,1174,88
"boron_isotopes_sosdian_2018.xlsx","boron isotopes",88,2018,"761_B_6_6_18_20","761",,50.78,-16.73972222,115.53611111,16.307284,"T. trilobus","300-355","16.61,16.66",,0.0501019724403875,384.2392,16.6316738262009,0.258326827926382,4.69805959754617,0.126847609133747,29.8376041849136,"This study explored a range of options for the Mg and Ca elemental composition of seawater, depth of the CCD and d11Bsw. This report displays only one of those options: Elemental composition from fluid inclusions, CCD after Pälike et al. (2003) and d11Bsw after Greenop et al. (2017)",FALSE,TRUE,"boron_isotopes_sosdian_2018.xlsx",88,1175,89
"boron_isotopes_sosdian_2018.xlsx","boron isotopes",89,2018,"761_B_6_6_28_30","761",,50.88,-16.73972222,115.53611111,16.317064,"T. trilobus","300-355","16.62,16.75",,0.136556863228673,370.1212,16.6852946648981,0.5165196244343,4.37942781399762,0.118244550977936,29.0583625379604,"This study explored a range of options for the Mg and Ca elemental composition of seawater, depth of the CCD and d11Bsw. This report displays only one of those options: Elemental composition from fluid inclusions, CCD after Pälike et al. (2003) and d11Bsw after Greenop et al. (2017)",FALSE,TRUE,"boron_isotopes_sosdian_2018.xlsx",89,1176,90
"boron_isotopes_sosdian_2018.xlsx","boron isotopes",90,2018,"761_B_6_6_48_50","761",,51.08,-16.73972222,115.53611111,16.336624,"T. trilobus","300-355","15.5,15.68",,0.185260818625336,515.8398,15.5891468765177,0.382858871977545,4.40658629756707,0.118977830034311,29.1292704627664,"This study explored a range of options for the Mg and Ca elemental composition of seawater, depth of the CCD and d11Bsw. This report displays only one of those options: Elemental composition from fluid inclusions, CCD after Pälike et al. (2003) and d11Bsw after Greenop et al. (2017)",FALSE,TRUE,"boron_isotopes_sosdian_2018.xlsx",90,1177,91
"boron_isotopes_sosdian_2018.xlsx","boron isotopes",91,2018,"761_B_6_6_98_100","761",,51.58,-16.73972222,115.53611111,16.385524,"T. trilobus","300-355","16.94,17.07",,0.128890263371268,328.3006,17.00080167325,0.655511824621284,3.95703813528087,0.106840029652584,27.9392059402089,"This study explored a range of options for the Mg and Ca elemental composition of seawater, depth of the CCD and d11Bsw. This report displays only one of those options: Elemental composition from fluid inclusions, CCD after Pälike et al. (2003) and d11Bsw after Greenop et al. (2017)",FALSE,TRUE,"boron_isotopes_sosdian_2018.xlsx",91,1178,92
"boron_isotopes_sosdian_2018.xlsx","boron isotopes",92,2018,"761_B_6_6_128_130","761",,51.88,-16.73972222,115.53611111,16.484,"T. trilobus","300-355","16.33,16.39",,0.062810012919325,392.6918,16.3587137792738,0.308745765310121,4.03274714841298,0.10888417300715,28.1609421490739,"This study explored a range of options for the Mg and Ca elemental composition of seawater, depth of the CCD and d11Bsw. This report displays only one of those options: Elemental composition from fluid inclusions, CCD after Pälike et al. (2003) and d11Bsw after Greenop et al. (2017)",FALSE,TRUE,"boron_isotopes_sosdian_2018.xlsx",92,1179,93
"boron_isotopes_sosdian_2018.xlsx","boron isotopes",93,2018,"761_B_5_4_13_15","761",,37.3,-16.74,115.536,12.37457895,"T. trilobus","300-355","17.14,17.15",,0.00999999999999801,338.7421,17.14,0.23,3.89,0.10503,27.3067649583551,"This study explored a range of options for the Mg and Ca elemental composition of seawater, depth of the CCD and d11Bsw. This report displays only one of those options: Elemental composition from fluid inclusions, CCD after Pälike et al. (2003) and d11Bsw after Greenop et al. (2017)",FALSE,TRUE,"boron_isotopes_sosdian_2018.xlsx",93,1180,94
"boron_isotopes_sosdian_2018.xlsx","boron isotopes",94,2018,"761_B_5_4_123_125","761",,38.4,-16.74,115.536,12.77405263,"T. trilobus","300-355","16.5,16.73",,0.23,388.9558,16.62,0.23,4,0.108,27.6575328346891,"This study explored a range of options for the Mg and Ca elemental composition of seawater, depth of the CCD and d11Bsw. This report displays only one of those options: Elemental composition from fluid inclusions, CCD after Pälike et al. (2003) and d11Bsw after Greenop et al. (2017)",FALSE,TRUE,"boron_isotopes_sosdian_2018.xlsx",94,1181,95
"boron_isotopes_sosdian_2018.xlsx","boron isotopes",95,2018,"761_B_5_5_103_105","761",,39.7,-16.74,115.536,13.224375,"T. trilobus","300-355","16.32,16.73",,0.00999999999999801,421.8879,16.33,0.26,4.06,0.10962,27.8526166038878,"This study explored a range of options for the Mg and Ca elemental composition of seawater, depth of the CCD and d11Bsw. This report displays only one of those options: Elemental composition from fluid inclusions, CCD after Pälike et al. (2003) and d11Bsw after Greenop et al. (2017)",FALSE,TRUE,"boron_isotopes_sosdian_2018.xlsx",95,1182,96
"boron_isotopes_sosdian_2018.xlsx","boron isotopes",96,2018,"761_B_5_6_8_10","761",,40.3,-16.74,115.536,13.385,"T. trilobus","300-355","16.3,16.42",,0.120000000000001,418.49,16.36,0.27,4.12,0.11124,28.0572678005375,"This study explored a range of options for the Mg and Ca elemental composition of seawater, depth of the CCD and d11Bsw. This report displays only one of those options: Elemental composition from fluid inclusions, CCD after Pälike et al. (2003) and d11Bsw after Greenop et al. (2017)",FALSE,TRUE,"boron_isotopes_sosdian_2018.xlsx",96,1183,97
"boron_isotopes_sosdian_2018.xlsx","boron isotopes",97,2018,"761_B_5_6_68_70","761",,40.9,-16.74,115.536,13.535,"T. trilobus","300-355","16.42,16.43",,0.00999999999999801,412.2991,16.43,0.27,4.2,0.1134,28.2683034448613,"This study explored a range of options for the Mg and Ca elemental composition of seawater, depth of the CCD and d11Bsw. This report displays only one of those options: Elemental composition from fluid inclusions, CCD after Pälike et al. (2003) and d11Bsw after Greenop et al. (2017)",FALSE,TRUE,"boron_isotopes_sosdian_2018.xlsx",97,1184,98
"boron_isotopes_sosdian_2018.xlsx","boron isotopes",98,2018,"761_B_5_6_98_100","761",,41.2,-16.74,115.536,13.61,"T. trilobus","300-355","16.25,16.26",,0.0100000000000016,439.6823,16.25,0.28,4.44,0.11988,28.8996069491662,"This study explored a range of options for the Mg and Ca elemental composition of seawater, depth of the CCD and d11Bsw. This report displays only one of those options: Elemental composition from fluid inclusions, CCD after Pälike et al. (2003) and d11Bsw after Greenop et al. (2017)",FALSE,TRUE,"boron_isotopes_sosdian_2018.xlsx",98,1185,99
"boron_isotopes_sosdian_2018.xlsx","boron isotopes",99,2018,"761_B_5_7_38_40","761",,42.1,-16.74,115.536,13.87052174,"T. trilobus","300-355","15.95,16.22",,0.27,456.3935,16.09,0.32,4.3,0.1161,28.5853869815236,"This study explored a range of options for the Mg and Ca elemental composition of seawater, depth of the CCD and d11Bsw. This report displays only one of those options: Elemental composition from fluid inclusions, CCD after Pälike et al. (2003) and d11Bsw after Greenop et al. (2017)",FALSE,TRUE,"boron_isotopes_sosdian_2018.xlsx",99,1186,100
"boron_isotopes_sosdian_2018.xlsx","boron isotopes",100,2018,"761_B_5_cc_23_25","761",,42.5,-16.74,115.536,13.93665217,"T. trilobus","300-355","15.85,16.07",,0.220000000000001,462.7311,15.96,0.27,4.01,0.10827,27.7977097995196,"This study explored a range of options for the Mg and Ca elemental composition of seawater, depth of the CCD and d11Bsw. This report displays only one of those options: Elemental composition from fluid inclusions, CCD after Pälike et al. (2003) and d11Bsw after Greenop et al. (2017)",FALSE,TRUE,"boron_isotopes_sosdian_2018.xlsx",100,1187,101
"boron_isotopes_sosdian_2018.xlsx","boron isotopes",101,2018,"761_B_6_1_133_135","761",,43.5,-16.74,115.536,14.18421739,"T. trilobus","300-355","14.91,15.18",,0.27,632.877,15.04,0.37,4.17,0.11259,28.2669881432918,"This study explored a range of options for the Mg and Ca elemental composition of seawater, depth of the CCD and d11Bsw. This report displays only one of those options: Elemental composition from fluid inclusions, CCD after Pälike et al. (2003) and d11Bsw after Greenop et al. (2017)",FALSE,TRUE,"boron_isotopes_sosdian_2018.xlsx",101,1188,102
"boron_isotopes_sosdian_2018.xlsx","boron isotopes",102,2018,"761_B_6_2_63_65","761",,44.3,-16.74,115.536,15.1365625,"T. trilobus","300-355","15.05,15.62",,0.569999999999999,547.3499,15.34,0.4,3.94,0.10638,27.7439673940453,"This study explored a range of options for the Mg and Ca elemental composition of seawater, depth of the CCD and d11Bsw. This report displays only one of those options: Elemental composition from fluid inclusions, CCD after Pälike et al. (2003) and d11Bsw after Greenop et al. (2017)",FALSE,TRUE,"boron_isotopes_sosdian_2018.xlsx",102,1189,103
"boron_isotopes_sosdian_2018.xlsx","boron isotopes",103,2018,"761_B_6_3_103_105","761",,46.2,-16.74,115.536,15.6709375,"T. trilobus","300-355","15.75,15.93",,0.18,490.4799,15.84,0.29,4.69,0.12663,29.7470184276638,"This study explored a range of options for the Mg and Ca elemental composition of seawater, depth of the CCD and d11Bsw. This report displays only one of those options: Elemental composition from fluid inclusions, CCD after Pälike et al. (2003) and d11Bsw after Greenop et al. (2017)",FALSE,TRUE,"boron_isotopes_sosdian_2018.xlsx",103,1190,104
"boron_isotopes_sosdian_2018.xlsx","boron isotopes",104,2018,"761_B_6_4_68_70","761",,47.4,-16.74,115.536,15.994375,"T. trilobus","300-355","14.63,15.37",,0.739999999999998,642.6271,15,0.41,4.59,0.12393,29.5545472240233,"This study explored a range of options for the Mg and Ca elemental composition of seawater, depth of the CCD and d11Bsw. This report displays only one of those options: Elemental composition from fluid inclusions, CCD after Pälike et al. (2003) and d11Bsw after Greenop et al. (2017)",FALSE,TRUE,"boron_isotopes_sosdian_2018.xlsx",104,1191,105
"boron_isotopes_sosdian_2018.xlsx","boron isotopes",105,2018,"761_B_6_5_93_95","761",,49.1,-16.74,115.536,16.22,"T. trilobus","300-355","16.47,16.81",,0.34,369.7106,16.64,0.26,4.19,0.11313,28.552043416388,"This study explored a range of options for the Mg and Ca elemental composition of seawater, depth of the CCD and d11Bsw. This report displays only one of those options: Elemental composition from fluid inclusions, CCD after Pälike et al. (2003) and d11Bsw after Greenop et al. (2017)",FALSE,TRUE,"boron_isotopes_sosdian_2018.xlsx",105,1192,106
"boron_isotopes_sosdian_2018.xlsx","boron isotopes",106,2018,"926_A_26_5_30_32","926",,238.3,-16.74,115.536,11.697869404005,"T. trilobus","300-355","16.02,16.16",,0.140000000000001,445.7301,16.09,0.23,3.39,0.09153,25.672644648267,"This study explored a range of options for the Mg and Ca elemental composition of seawater, depth of the CCD and d11Bsw. This report displays only one of those options: Elemental composition from fluid inclusions, CCD after Pälike et al. (2003) and d11Bsw after Greenop et al. (2017)",FALSE,TRUE,"boron_isotopes_sosdian_2018.xlsx",106,1193,107
"boron_isotopes_sosdian_2018.xlsx","boron isotopes",107,2018,"926_A_29_5_31_33","926",,266.8,-16.74,115.536,13.7631335165792,"T. trilobus","300-355","16.32,16.51",,0.190000000000001,402.1244,16.42,0.23,3.77,0.10179,27.1121620170896,"This study explored a range of options for the Mg and Ca elemental composition of seawater, depth of the CCD and d11Bsw. This report displays only one of those options: Elemental composition from fluid inclusions, CCD after Pälike et al. (2003) and d11Bsw after Greenop et al. (2017)",FALSE,TRUE,"boron_isotopes_sosdian_2018.xlsx",107,1194,108
"boron_isotopes_sosdian_2018.xlsx","boron isotopes",108,2018,"926_A_32_2_30_32","926",,290.8,-16.74,115.536,15.8380710187646,"T. trilobus","300-355","15.18,15.31",,0.130000000000001,575.315,15.24,0.23,4.05,0.10935,28.1405479730969,"This study explored a range of options for the Mg and Ca elemental composition of seawater, depth of the CCD and d11Bsw. This report displays only one of those options: Elemental composition from fluid inclusions, CCD after Pälike et al. (2003) and d11Bsw after Greenop et al. (2017)",FALSE,TRUE,"boron_isotopes_sosdian_2018.xlsx",108,1195,109
"boron_isotopes_sosdian_2018.xlsx","boron isotopes",109,2018,"ODP 999_A_1_1_4_5","ODP 999",0.045,0.045,12.74,-78.74,0.003911025047,"Globigerinoides ruber white (sensu stricto)","300-355",,,,273.9015,20.67,0.18,4.14,0.1656,28.3,"This study explored a range of options for the Mg and Ca elemental composition of seawater, depth of the CCD and d11Bsw. However, for the most recent Plio-Pleistocene data (0-3.5 Ma), we used an alternative scenario for the Plio-Pleistocene,  where seawater major ion, δ11Bsw, DIC can be anchored at modern values.",FALSE,TRUE,"boron_isotopes_sosdian_2018.xlsx",109,1196,110
"boron_isotopes_sosdian_2018.xlsx","boron isotopes",110,2018,"ODP 999_A_1_1_11_13","ODP 999",0.11,0.11,12.74,-78.74,0.00463,"Globigerinoides ruber white (sensu stricto)","300-355",,,,263.0582,20.79,0.12,4.161,0.16644,28.54,"This study explored a range of options for the Mg and Ca elemental composition of seawater, depth of the CCD and d11Bsw. However, for the most recent Plio-Pleistocene data (0-3.5 Ma), we used an alternative scenario for the Plio-Pleistocene,  where seawater major ion, δ11Bsw, DIC can be anchored at modern values.",FALSE,TRUE,"boron_isotopes_sosdian_2018.xlsx",110,1197,111
"boron_isotopes_sosdian_2018.xlsx","boron isotopes",111,2018,"ODP 999_A_1_1_14.5_16.5","ODP 999",0.145,0.145,12.74,-78.74,0.00502,"Globigerinoides ruber white (sensu stricto)","300-355",,,,281.1376,20.59,0.16,4.062,0.16248,28.13,"This study explored a range of options for the Mg and Ca elemental composition of seawater, depth of the CCD and d11Bsw. However, for the most recent Plio-Pleistocene data (0-3.5 Ma), we used an alternative scenario for the Plio-Pleistocene,  where seawater major ion, δ11Bsw, DIC can be anchored at modern values.",FALSE,TRUE,"boron_isotopes_sosdian_2018.xlsx",111,1198,112
"boron_isotopes_sosdian_2018.xlsx","boron isotopes",112,2018,"ODP 999_A_1_1_31_33","ODP 999",0.31,0.31,12.74,-78.74,0.00782,"Globigerinoides ruber white (sensu stricto)","300-355",,,,258.5618,20.82,0.18,4.057,0.16228,28.26,"This study explored a range of options for the Mg and Ca elemental composition of seawater, depth of the CCD and d11Bsw. However, for the most recent Plio-Pleistocene data (0-3.5 Ma), we used an alternative scenario for the Plio-Pleistocene,  where seawater major ion, δ11Bsw, DIC can be anchored at modern values.",FALSE,TRUE,"boron_isotopes_sosdian_2018.xlsx",112,1199,113
"boron_isotopes_sosdian_2018.xlsx","boron isotopes",113,2018,"ODP 999_A_1_1_31_33","ODP 999",0.31,0.31,12.74,-78.74,0.00782,"Globigerinoides ruber white (sensu stricto)","300-355",,,,268.5763,20.72,0.22,4.253,0.17012,28.26,"This study explored a range of options for the Mg and Ca elemental composition of seawater, depth of the CCD and d11Bsw. However, for the most recent Plio-Pleistocene data (0-3.5 Ma), we used an alternative scenario for the Plio-Pleistocene,  where seawater major ion, δ11Bsw, DIC can be anchored at modern values.",FALSE,TRUE,"boron_isotopes_sosdian_2018.xlsx",113,1200,114
"boron_isotopes_sosdian_2018.xlsx","boron isotopes",114,2018,"ODP 999_A_1_1_39_41","ODP 999",0.39,0.39,12.74,-78.74,0.00949,"Globigerinoides ruber white (sensu stricto)","300-355",,,,266.0843,20.68,0.18,4.229,0.16916,27.5,"This study explored a range of options for the Mg and Ca elemental composition of seawater, depth of the CCD and d11Bsw. However, for the most recent Plio-Pleistocene data (0-3.5 Ma), we used an alternative scenario for the Plio-Pleistocene,  where seawater major ion, δ11Bsw, DIC can be anchored at modern values.",FALSE,TRUE,"boron_isotopes_sosdian_2018.xlsx",114,1201,115
"boron_isotopes_sosdian_2018.xlsx","boron isotopes",115,2018,"ODP 999_A_1_1_43_45","ODP 999",0.43,0.43,12.74,-78.74,0.01032,"Globigerinoides ruber white (sensu stricto)","300-355",,,,240.7887,20.93,0.24,3.967,0.15868,27.45,"This study explored a range of options for the Mg and Ca elemental composition of seawater, depth of the CCD and d11Bsw. However, for the most recent Plio-Pleistocene data (0-3.5 Ma), we used an alternative scenario for the Plio-Pleistocene,  where seawater major ion, δ11Bsw, DIC can be anchored at modern values.",FALSE,TRUE,"boron_isotopes_sosdian_2018.xlsx",115,1202,116
"boron_isotopes_sosdian_2018.xlsx","boron isotopes",116,2018,"ODP 999_A_1_1_48_50","ODP 999",0.48,0.48,12.74,-78.74,0.01165,"Globigerinoides ruber white (sensu stricto)","300-355",,,,256.2639,20.72,0.2,4.147,0.16588,26.91,"This study explored a range of options for the Mg and Ca elemental composition of seawater, depth of the CCD and d11Bsw. However, for the most recent Plio-Pleistocene data (0-3.5 Ma), we used an alternative scenario for the Plio-Pleistocene,  where seawater major ion, δ11Bsw, DIC can be anchored at modern values.",FALSE,TRUE,"boron_isotopes_sosdian_2018.xlsx",116,1203,117
"boron_isotopes_sosdian_2018.xlsx","boron isotopes",117,2018,"ODP 999_A_1_1_57_59","ODP 999",0.57,0.57,12.74,-78.74,0.01401,"Globigerinoides ruber white (sensu stricto)","300-355",,,,234.3151,20.98,0.18,4.155,0.1662,27.33,"This study explored a range of options for the Mg and Ca elemental composition of seawater, depth of the CCD and d11Bsw. However, for the most recent Plio-Pleistocene data (0-3.5 Ma), we used an alternative scenario for the Plio-Pleistocene,  where seawater major ion, δ11Bsw, DIC can be anchored at modern values.",FALSE,TRUE,"boron_isotopes_sosdian_2018.xlsx",117,1204,118
"boron_isotopes_sosdian_2018.xlsx","boron isotopes",118,2018,"ODP 999_A_1_1_61_63","ODP 999",0.61,0.61,12.74,-78.74,0.01507,"Globigerinoides ruber white (sensu stricto)","300-355",,,,231.4148,21.02,0.18,4.145,0.1658,27.35,"This study explored a range of options for the Mg and Ca elemental composition of seawater, depth of the CCD and d11Bsw. However, for the most recent Plio-Pleistocene data (0-3.5 Ma), we used an alternative scenario for the Plio-Pleistocene,  where seawater major ion, δ11Bsw, DIC can be anchored at modern values.",FALSE,TRUE,"boron_isotopes_sosdian_2018.xlsx",118,1205,119
"boron_isotopes_sosdian_2018.xlsx","boron isotopes",119,2018,"ODP 999_A_1_1_61_63","ODP 999",0.61,0.61,12.74,-78.74,0.01507,"Globigerinoides ruber white (sensu stricto)","300-355",,,,220.2152,21.15,0.2,3.891,0.15564,27.35,"This study explored a range of options for the Mg and Ca elemental composition of seawater, depth of the CCD and d11Bsw. However, for the most recent Plio-Pleistocene data (0-3.5 Ma), we used an alternative scenario for the Plio-Pleistocene,  where seawater major ion, δ11Bsw, DIC can be anchored at modern values.",FALSE,TRUE,"boron_isotopes_sosdian_2018.xlsx",119,1206,120
"boron_isotopes_sosdian_2018.xlsx","boron isotopes",120,2018,"ODP 999_A_1_1_71_73","ODP 999",0.71,0.71,12.74,-78.74,0.01726,"Globigerinoides ruber white (sensu stricto)","300-355",,,,223.2302,21.04,0.16,3.854,0.15416,26.5,"This study explored a range of options for the Mg and Ca elemental composition of seawater, depth of the CCD and d11Bsw. However, for the most recent Plio-Pleistocene data (0-3.5 Ma), we used an alternative scenario for the Plio-Pleistocene,  where seawater major ion, δ11Bsw, DIC can be anchored at modern values.",FALSE,TRUE,"boron_isotopes_sosdian_2018.xlsx",120,1207,121
"boron_isotopes_sosdian_2018.xlsx","boron isotopes",121,2018,"ODP 999_A_1_1_82_84","ODP 999",0.82,0.82,12.74,-78.74,0.01919,"Globigerinoides ruber white (sensu stricto)","300-355",,,,166.3594,21.75,0.2,3.672,0.14688,25.99,"This study explored a range of options for the Mg and Ca elemental composition of seawater, depth of the CCD and d11Bsw. However, for the most recent Plio-Pleistocene data (0-3.5 Ma), we used an alternative scenario for the Plio-Pleistocene,  where seawater major ion, δ11Bsw, DIC can be anchored at modern values.",FALSE,TRUE,"boron_isotopes_sosdian_2018.xlsx",121,1208,122
"boron_isotopes_sosdian_2018.xlsx","boron isotopes",122,2018,"ODP 999_A_1_1_93_95","ODP 999",0.93,0.93,12.74,-78.74,0.02112,"Globigerinoides ruber white (sensu stricto)","300-355",,,,201.2461,21.23,0.14,3.718,0.14872,25.68,"This study explored a range of options for the Mg and Ca elemental composition of seawater, depth of the CCD and d11Bsw. However, for the most recent Plio-Pleistocene data (0-3.5 Ma), we used an alternative scenario for the Plio-Pleistocene,  where seawater major ion, δ11Bsw, DIC can be anchored at modern values.",FALSE,TRUE,"boron_isotopes_sosdian_2018.xlsx",122,1209,123
"boron_isotopes_sosdian_2018.xlsx","boron isotopes",123,2018,"ODP 999_A_1_1_102_104","ODP 999",1.02,1.02,12.74,-78.74,0.02261,"Globigerinoides ruber white (sensu stricto)","300-355",,,,203.8951,21.26,0.16,3.808,0.15232,26.43,"This study explored a range of options for the Mg and Ca elemental composition of seawater, depth of the CCD and d11Bsw. However, for the most recent Plio-Pleistocene data (0-3.5 Ma), we used an alternative scenario for the Plio-Pleistocene,  where seawater major ion, δ11Bsw, DIC can be anchored at modern values.",FALSE,TRUE,"boron_isotopes_sosdian_2018.xlsx",123,1210,124
"boron_isotopes_sosdian_2018.xlsx","boron isotopes",124,2018,"ODP 999_A_1_1_113_115","ODP 999",1.13,1.13,12.74,-78.74,0.02438,"Globigerinoides ruber white (sensu stricto)","300-355",,,,183.9195,21.51,0.14,3.819,0.15276,26.15,"This study explored a range of options for the Mg and Ca elemental composition of seawater, depth of the CCD and d11Bsw. However, for the most recent Plio-Pleistocene data (0-3.5 Ma), we used an alternative scenario for the Plio-Pleistocene,  where seawater major ion, δ11Bsw, DIC can be anchored at modern values.",FALSE,TRUE,"boron_isotopes_sosdian_2018.xlsx",124,1211,125
"boron_isotopes_sosdian_2018.xlsx","boron isotopes",125,2018,"ODP 999_A_1_1_120_122","ODP 999",1.2,1.2,12.74,-78.74,0.02551,"Globigerinoides ruber white (sensu stricto)","300-355",,,,175.5531,21.62,0.24,3.712,0.14848,26.05,"This study explored a range of options for the Mg and Ca elemental composition of seawater, depth of the CCD and d11Bsw. However, for the most recent Plio-Pleistocene data (0-3.5 Ma), we used an alternative scenario for the Plio-Pleistocene,  where seawater major ion, δ11Bsw, DIC can be anchored at modern values.",FALSE,TRUE,"boron_isotopes_sosdian_2018.xlsx",125,1212,126
"boron_isotopes_sosdian_2018.xlsx","boron isotopes",126,2018,"ODP 999_A_1_1_120_122","ODP 999",1.2,1.2,12.74,-78.74,0.02551,"Globigerinoides ruber white (sensu stricto)","300-355",,,,170.9147,21.69,0.16,3.537,0.14148,26.05,"This study explored a range of options for the Mg and Ca elemental composition of seawater, depth of the CCD and d11Bsw. However, for the most recent Plio-Pleistocene data (0-3.5 Ma), we used an alternative scenario for the Plio-Pleistocene,  where seawater major ion, δ11Bsw, DIC can be anchored at modern values.",FALSE,TRUE,"boron_isotopes_sosdian_2018.xlsx",126,1213,127
"boron_isotopes_sosdian_2018.xlsx","boron isotopes",127,2018,"ODP 999_A_1_2_20_22","ODP 999",1.72,1.72,12.74,-78.74,0.03582,"Globigerinoides ruber white (sensu stricto)","300-355",,,,214.423,21.12,0.18,3.373,0.13492,26.31,"This study explored a range of options for the Mg and Ca elemental composition of seawater, depth of the CCD and d11Bsw. However, for the most recent Plio-Pleistocene data (0-3.5 Ma), we used an alternative scenario for the Plio-Pleistocene,  where seawater major ion, δ11Bsw, DIC can be anchored at modern values.",FALSE,TRUE,"boron_isotopes_sosdian_2018.xlsx",127,1214,128
"boron_isotopes_sosdian_2018.xlsx","boron isotopes",128,2018,"ODP 999_A_1_2_61_63","ODP 999",2.13,2.13,12.74,-78.74,0.04661,"Globigerinoides ruber white (sensu stricto)","300-355",,,,210.3135,21.16,0.16,3.347,0.13388,26.15,"This study explored a range of options for the Mg and Ca elemental composition of seawater, depth of the CCD and d11Bsw. However, for the most recent Plio-Pleistocene data (0-3.5 Ma), we used an alternative scenario for the Plio-Pleistocene,  where seawater major ion, δ11Bsw, DIC can be anchored at modern values.",FALSE,TRUE,"boron_isotopes_sosdian_2018.xlsx",128,1215,129
"boron_isotopes_sosdian_2018.xlsx","boron isotopes",129,2018,"ODP 999_A_1_2_82_84","ODP 999",2.34,2.34,12.74,-78.74,0.05214,"Globigerinoides ruber white (sensu stricto)","300-355",,,,200.6843,21.29,0.2,3.509,0.14036,26.32,"This study explored a range of options for the Mg and Ca elemental composition of seawater, depth of the CCD and d11Bsw. However, for the most recent Plio-Pleistocene data (0-3.5 Ma), we used an alternative scenario for the Plio-Pleistocene,  where seawater major ion, δ11Bsw, DIC can be anchored at modern values.",FALSE,TRUE,"boron_isotopes_sosdian_2018.xlsx",129,1216,130
"boron_isotopes_sosdian_2018.xlsx","boron isotopes",130,2018,"ODP 999_A_1_2_119_121","ODP 999",2.71,2.71,12.74,-78.74,0.06128,"Globigerinoides ruber white (sensu stricto)","300-355",,,,201.4047,21.31,0.28,3.225,0.129,26.59,"This study explored a range of options for the Mg and Ca elemental composition of seawater, depth of the CCD and d11Bsw. However, for the most recent Plio-Pleistocene data (0-3.5 Ma), we used an alternative scenario for the Plio-Pleistocene,  where seawater major ion, δ11Bsw, DIC can be anchored at modern values.",FALSE,TRUE,"boron_isotopes_sosdian_2018.xlsx",130,1217,131
"boron_isotopes_sosdian_2018.xlsx","boron isotopes",131,2018,"ODP 999_A_1_3_29_31","ODP 999",3.31,3.31,12.74,-78.74,0.0773,"Globigerinoides ruber white (sensu stricto)","300-355",,,,236.9277,20.89,0.2,3.351,0.13404,26.6,"This study explored a range of options for the Mg and Ca elemental composition of seawater, depth of the CCD and d11Bsw. However, for the most recent Plio-Pleistocene data (0-3.5 Ma), we used an alternative scenario for the Plio-Pleistocene,  where seawater major ion, δ11Bsw, DIC can be anchored at modern values.",FALSE,TRUE,"boron_isotopes_sosdian_2018.xlsx",131,1218,132
"boron_isotopes_sosdian_2018.xlsx","boron isotopes",132,2018,"ODP 999_A_1_3_54_56","ODP 999",3.56,3.56,12.74,-78.74,0.08433,"Globigerinoides ruber white (sensu stricto)","300-355",,,,238.1762,20.88,0.26,3.537,0.14148,26.63,"This study explored a range of options for the Mg and Ca elemental composition of seawater, depth of the CCD and d11Bsw. However, for the most recent Plio-Pleistocene data (0-3.5 Ma), we used an alternative scenario for the Plio-Pleistocene,  where seawater major ion, δ11Bsw, DIC can be anchored at modern values.",FALSE,TRUE,"boron_isotopes_sosdian_2018.xlsx",132,1219,133
"boron_isotopes_sosdian_2018.xlsx","boron isotopes",133,2018,"ODP 999_A_1_3_71_73","ODP 999",3.73,3.73,12.74,-78.74,0.08911,"Globigerinoides ruber white (sensu stricto)","300-355",,,,263.211,20.68,0.2,3.458,0.13832,27.18,"This study explored a range of options for the Mg and Ca elemental composition of seawater, depth of the CCD and d11Bsw. However, for the most recent Plio-Pleistocene data (0-3.5 Ma), we used an alternative scenario for the Plio-Pleistocene,  where seawater major ion, δ11Bsw, DIC can be anchored at modern values.",FALSE,TRUE,"boron_isotopes_sosdian_2018.xlsx",133,1220,134
"boron_isotopes_sosdian_2018.xlsx","boron isotopes",134,2018,"ODP 999_A_1_3_111_113","ODP 999",4.13,4.13,12.74,-78.74,0.10036,"Globigerinoides ruber white (sensu stricto)","300-355",,,,272.1089,20.58,0.24,3.495,0.1398,27.02,"This study explored a range of options for the Mg and Ca elemental composition of seawater, depth of the CCD and d11Bsw. However, for the most recent Plio-Pleistocene data (0-3.5 Ma), we used an alternative scenario for the Plio-Pleistocene,  where seawater major ion, δ11Bsw, DIC can be anchored at modern values.",FALSE,TRUE,"boron_isotopes_sosdian_2018.xlsx",134,1221,135
"boron_isotopes_sosdian_2018.xlsx","boron isotopes",135,2018,"ODP 999_A_1_3_132_134","ODP 999",4.335,4.335,12.74,-78.74,0.10612,"Globigerinoides ruber white (sensu stricto)","300-355",,,,250.383,20.76,0.22,3.334,0.13336,26.72,"This study explored a range of options for the Mg and Ca elemental composition of seawater, depth of the CCD and d11Bsw. However, for the most recent Plio-Pleistocene data (0-3.5 Ma), we used an alternative scenario for the Plio-Pleistocene,  where seawater major ion, δ11Bsw, DIC can be anchored at modern values.",FALSE,TRUE,"boron_isotopes_sosdian_2018.xlsx",135,1222,136
"boron_isotopes_sosdian_2018.xlsx","boron isotopes",136,2018,"ODP 999_A_1_4_1_3","ODP 999",4.51,4.51,12.74,-78.74,0.11132,"Globigerinoides ruber white (sensu stricto)","300-355",,,,276.4343,20.37598969,0.220508226,3.65109406059863,0.146043762423945,25.14,"This study explored a range of options for the Mg and Ca elemental composition of seawater, depth of the CCD and d11Bsw. However, for the most recent Plio-Pleistocene data (0-3.5 Ma), we used an alternative scenario for the Plio-Pleistocene,  where seawater major ion, δ11Bsw, DIC can be anchored at modern values.",FALSE,TRUE,"boron_isotopes_sosdian_2018.xlsx",136,1223,137
"boron_isotopes_sosdian_2018.xlsx","boron isotopes",137,2018,"ODP 999_A_1_4_22_24","ODP 999",4.74,4.74,12.74,-78.74,0.11682,"Globigerinoides ruber white (sensu stricto)","300-355",,,,305.461,20.26,0.3,3.409,0.13636,26.56,"This study explored a range of options for the Mg and Ca elemental composition of seawater, depth of the CCD and d11Bsw. However, for the most recent Plio-Pleistocene data (0-3.5 Ma), we used an alternative scenario for the Plio-Pleistocene,  where seawater major ion, δ11Bsw, DIC can be anchored at modern values.",FALSE,TRUE,"boron_isotopes_sosdian_2018.xlsx",137,1224,138
"boron_isotopes_sosdian_2018.xlsx","boron isotopes",138,2018,"ODP 999_A_1_4_30_32","ODP 999",4.82,4.82,12.74,-78.74,0.11881,"Globigerinoides ruber white (sensu stricto)","300-355",,,,320.9194,20.18,0.3,3.7,0.148,27.14,"This study explored a range of options for the Mg and Ca elemental composition of seawater, depth of the CCD and d11Bsw. However, for the most recent Plio-Pleistocene data (0-3.5 Ma), we used an alternative scenario for the Plio-Pleistocene,  where seawater major ion, δ11Bsw, DIC can be anchored at modern values.",FALSE,TRUE,"boron_isotopes_sosdian_2018.xlsx",138,1225,139
"boron_isotopes_sosdian_2018.xlsx","boron isotopes",139,2018,"ODP 999_A_1_4_32_34","ODP 999",4.82,4.82,12.74,-78.74,0.11906,"Globigerinoides ruber white (sensu stricto)","300-355",,,,297.4313,20.30873924,0.271016996,4.1007913793755,0.16403165517502,26.43,"This study explored a range of options for the Mg and Ca elemental composition of seawater, depth of the CCD and d11Bsw. However, for the most recent Plio-Pleistocene data (0-3.5 Ma), we used an alternative scenario for the Plio-Pleistocene,  where seawater major ion, δ11Bsw, DIC can be anchored at modern values.",FALSE,TRUE,"boron_isotopes_sosdian_2018.xlsx",139,1226,140
"boron_isotopes_sosdian_2018.xlsx","boron isotopes",140,2018,"ODP 999_A_1_4_42_44","ODP 999",4.94,4.94,12.74,-78.74,0.12179,"Globigerinoides ruber white (sensu stricto)","300-355",,,,331.3549,20.12,0.2,3.594,0.14376,27.33,"This study explored a range of options for the Mg and Ca elemental composition of seawater, depth of the CCD and d11Bsw. However, for the most recent Plio-Pleistocene data (0-3.5 Ma), we used an alternative scenario for the Plio-Pleistocene,  where seawater major ion, δ11Bsw, DIC can be anchored at modern values.",FALSE,TRUE,"boron_isotopes_sosdian_2018.xlsx",140,1227,141
"boron_isotopes_sosdian_2018.xlsx","boron isotopes",141,2018,"ODP 999_A_1_4_51_53","ODP 999",5.01,5.01,12.74,-78.74,0.12377,"Globigerinoides ruber white (sensu stricto)","300-355",,,,267.1866,20.55224777,0.189169518,4.59166797960123,0.183666719184049,27.69,"This study explored a range of options for the Mg and Ca elemental composition of seawater, depth of the CCD and d11Bsw. However, for the most recent Plio-Pleistocene data (0-3.5 Ma), we used an alternative scenario for the Plio-Pleistocene,  where seawater major ion, δ11Bsw, DIC can be anchored at modern values.",FALSE,TRUE,"boron_isotopes_sosdian_2018.xlsx",141,1228,142
"boron_isotopes_sosdian_2018.xlsx","boron isotopes",142,2018,"ODP 999_A_1_4_52_54","ODP 999",5.04,5.04,12.74,-78.74,0.12437,"Globigerinoides ruber white (sensu stricto)","300-355",,,,281.1769,20.75,0.2,3.471,0.13884,28.47,"This study explored a range of options for the Mg and Ca elemental composition of seawater, depth of the CCD and d11Bsw. However, for the most recent Plio-Pleistocene data (0-3.5 Ma), we used an alternative scenario for the Plio-Pleistocene,  where seawater major ion, δ11Bsw, DIC can be anchored at modern values.",FALSE,TRUE,"boron_isotopes_sosdian_2018.xlsx",142,1229,143
"boron_isotopes_sosdian_2018.xlsx","boron isotopes",143,2018,"ODP 999_A_1_4_62_64","ODP 999",5.12,5.12,12.74,-78.74,0.12748,"Globigerinoides ruber white (sensu stricto)","300-355",,,,271.5135,20.66956359,0.224892372,4.78183275179172,0.191273310071669,28.14,"This study explored a range of options for the Mg and Ca elemental composition of seawater, depth of the CCD and d11Bsw. However, for the most recent Plio-Pleistocene data (0-3.5 Ma), we used an alternative scenario for the Plio-Pleistocene,  where seawater major ion, δ11Bsw, DIC can be anchored at modern values.",FALSE,TRUE,"boron_isotopes_sosdian_2018.xlsx",143,1230,144
"boron_isotopes_sosdian_2018.xlsx","boron isotopes",144,2018,"ODP 999_A_1_4_71_73","ODP 999",5.23,5.23,12.74,-78.74,0.13086,"Globigerinoides ruber white (sensu stricto)","300-355",,,,281.4998,20.67,0.3,3.415,0.1366,29.14,"This study explored a range of options for the Mg and Ca elemental composition of seawater, depth of the CCD and d11Bsw. However, for the most recent Plio-Pleistocene data (0-3.5 Ma), we used an alternative scenario for the Plio-Pleistocene,  where seawater major ion, δ11Bsw, DIC can be anchored at modern values.",FALSE,TRUE,"boron_isotopes_sosdian_2018.xlsx",144,1231,145
"boron_isotopes_sosdian_2018.xlsx","boron isotopes",145,2018,"ODP 999_A_1_4_76_78","ODP 999",5.26,5.26,12.74,-78.74,0.13191,"Globigerinoides ruber white (sensu stricto)","300-355",,,,248.6579,20.88489985,0.218432624,4.66814896138176,0.186725958455271,27.87,"This study explored a range of options for the Mg and Ca elemental composition of seawater, depth of the CCD and d11Bsw. However, for the most recent Plio-Pleistocene data (0-3.5 Ma), we used an alternative scenario for the Plio-Pleistocene,  where seawater major ion, δ11Bsw, DIC can be anchored at modern values.",FALSE,TRUE,"boron_isotopes_sosdian_2018.xlsx",145,1232,146
"boron_isotopes_sosdian_2018.xlsx","boron isotopes",146,2018,"ODP 999_A_1_4_81_83","ODP 999",5.31,5.31,12.74,-78.74,0.13322,"Globigerinoides ruber white (sensu stricto)","300-355",,,,236.4648,20.92334602,0.218582774,4.26841561223188,0.170736624489275,26.88,"This study explored a range of options for the Mg and Ca elemental composition of seawater, depth of the CCD and d11Bsw. However, for the most recent Plio-Pleistocene data (0-3.5 Ma), we used an alternative scenario for the Plio-Pleistocene,  where seawater major ion, δ11Bsw, DIC can be anchored at modern values.",FALSE,TRUE,"boron_isotopes_sosdian_2018.xlsx",146,1233,147
"boron_isotopes_sosdian_2018.xlsx","boron isotopes",147,2018,"ODP 999_A_1_4_84_86","ODP 999",5.34,5.34,12.74,-78.74,0.134,"Globigerinoides ruber white (sensu stricto)","300-355",,,,210.9348,21.23761547,0.244205006,4.33798129212586,0.173519251685034,27.06,"This study explored a range of options for the Mg and Ca elemental composition of seawater, depth of the CCD and d11Bsw. However, for the most recent Plio-Pleistocene data (0-3.5 Ma), we used an alternative scenario for the Plio-Pleistocene,  where seawater major ion, δ11Bsw, DIC can be anchored at modern values.",FALSE,TRUE,"boron_isotopes_sosdian_2018.xlsx",147,1234,148
"boron_isotopes_sosdian_2018.xlsx","boron isotopes",148,2018,"ODP 999_A_1_4_90_92","ODP 999",5.4,5.4,12.74,-78.74,0.13557,"Globigerinoides ruber white (sensu stricto)","300-355",,,,208.7193,21.17828108,0.240849178,4.02942345121776,0.16117693804871,26.24,"This study explored a range of options for the Mg and Ca elemental composition of seawater, depth of the CCD and d11Bsw. However, for the most recent Plio-Pleistocene data (0-3.5 Ma), we used an alternative scenario for the Plio-Pleistocene,  where seawater major ion, δ11Bsw, DIC can be anchored at modern values.",FALSE,TRUE,"boron_isotopes_sosdian_2018.xlsx",148,1235,149
"boron_isotopes_sosdian_2018.xlsx","boron isotopes",149,2018,"ODP 999_A_1_4_103_105","ODP 999",5.53,5.53,12.74,-78.74,0.13897,"Globigerinoides ruber white (sensu stricto)","300-355",,,,208.6122,21.18932677,0.222625014,4.04033492748293,0.161613397099317,26.27,"This study explored a range of options for the Mg and Ca elemental composition of seawater, depth of the CCD and d11Bsw. However, for the most recent Plio-Pleistocene data (0-3.5 Ma), we used an alternative scenario for the Plio-Pleistocene,  where seawater major ion, δ11Bsw, DIC can be anchored at modern values.",FALSE,TRUE,"boron_isotopes_sosdian_2018.xlsx",149,1236,150
"boron_isotopes_sosdian_2018.xlsx","boron isotopes",150,2018,"ODP 999_A_1_4_132_134","ODP 999",5.82,5.82,12.74,-78.74,0.14669,"Globigerinoides ruber white (sensu stricto)","300-355",,,,216.6263,21.11484762,0.230114186,4.11102094963637,0.164440837985455,26.46,"This study explored a range of options for the Mg and Ca elemental composition of seawater, depth of the CCD and d11Bsw. However, for the most recent Plio-Pleistocene data (0-3.5 Ma), we used an alternative scenario for the Plio-Pleistocene,  where seawater major ion, δ11Bsw, DIC can be anchored at modern values.",FALSE,TRUE,"boron_isotopes_sosdian_2018.xlsx",150,1237,151
"boron_isotopes_sosdian_2018.xlsx","boron isotopes",151,2018,"ODP 999_A_1_4_142_144","ODP 999",5.92,5.92,12.74,-78.74,0.15004,"Globigerinoides ruber white (sensu stricto)","300-355",,,,209.7877,21.21530042,0.220959364,4.19218170608589,0.167687268243435,26.68,"This study explored a range of options for the Mg and Ca elemental composition of seawater, depth of the CCD and d11Bsw. However, for the most recent Plio-Pleistocene data (0-3.5 Ma), we used an alternative scenario for the Plio-Pleistocene,  where seawater major ion, δ11Bsw, DIC can be anchored at modern values.",FALSE,TRUE,"boron_isotopes_sosdian_2018.xlsx",151,1238,152
"boron_isotopes_sosdian_2018.xlsx","boron isotopes",152,2018,"ODP 999_A_1_5_51_53","ODP 999",6.51,6.51,12.74,-78.74,0.16976,"Globigerinoides ruber white (sensu stricto)","300-355",,,,209.5797,21.22,0.222956886,4.21063142308041,0.168425256923216,26.72,"This study explored a range of options for the Mg and Ca elemental composition of seawater, depth of the CCD and d11Bsw. However, for the most recent Plio-Pleistocene data (0-3.5 Ma), we used an alternative scenario for the Plio-Pleistocene,  where seawater major ion, δ11Bsw, DIC can be anchored at modern values.",FALSE,TRUE,"boron_isotopes_sosdian_2018.xlsx",152,1239,153
"boron_isotopes_sosdian_2018.xlsx","boron isotopes",153,2018,"ODP 999_A_1_5_91_93","ODP 999",6.91,6.91,12.74,-78.74,0.17994,"Globigerinoides ruber white (sensu stricto)","300-355",,,,206.5432,21.17179403,0.216747484,3.86725549003783,0.154690219601513,25.78,"This study explored a range of options for the Mg and Ca elemental composition of seawater, depth of the CCD and d11Bsw. However, for the most recent Plio-Pleistocene data (0-3.5 Ma), we used an alternative scenario for the Plio-Pleistocene,  where seawater major ion, δ11Bsw, DIC can be anchored at modern values.",FALSE,TRUE,"boron_isotopes_sosdian_2018.xlsx",153,1240,154
"boron_isotopes_sosdian_2018.xlsx","boron isotopes",154,2018,"ODP 999_A_1_6_12_14","ODP 999",7.12,7.12,12.74,-78.74,0.18437,"Globigerinoides ruber white (sensu stricto)","300-355",,,,214.3714,21.06374018,0.234692072,3.84094335277769,0.153637734111108,25.7,"This study explored a range of options for the Mg and Ca elemental composition of seawater, depth of the CCD and d11Bsw. However, for the most recent Plio-Pleistocene data (0-3.5 Ma), we used an alternative scenario for the Plio-Pleistocene,  where seawater major ion, δ11Bsw, DIC can be anchored at modern values.",FALSE,TRUE,"boron_isotopes_sosdian_2018.xlsx",154,1241,155
"boron_isotopes_sosdian_2018.xlsx","boron isotopes",155,2018,"ODP 999_A_1_6_33_35","ODP 999",7.33,7.33,12.74,-78.74,0.19001,"Globigerinoides ruber white (sensu stricto)","300-355",,,,223.7455,20.95412232,0.209211778,3.83613259274542,0.153445303709817,25.69,"This study explored a range of options for the Mg and Ca elemental composition of seawater, depth of the CCD and d11Bsw. However, for the most recent Plio-Pleistocene data (0-3.5 Ma), we used an alternative scenario for the Plio-Pleistocene,  where seawater major ion, δ11Bsw, DIC can be anchored at modern values.",FALSE,TRUE,"boron_isotopes_sosdian_2018.xlsx",155,1242,156
"boron_isotopes_sosdian_2018.xlsx","boron isotopes",156,2018,"ODP 999_A_1_6_39_41","ODP 999",7.39,7.39,12.74,-78.74,0.19168,"Globigerinoides ruber white (sensu stricto)","300-355",,,,223.8134,20.86016767,0.226310952,3.46533433416718,0.138613373366687,24.56,"This study explored a range of options for the Mg and Ca elemental composition of seawater, depth of the CCD and d11Bsw. However, for the most recent Plio-Pleistocene data (0-3.5 Ma), we used an alternative scenario for the Plio-Pleistocene,  where seawater major ion, δ11Bsw, DIC can be anchored at modern values.",FALSE,TRUE,"boron_isotopes_sosdian_2018.xlsx",156,1243,157
"boron_isotopes_sosdian_2018.xlsx","boron isotopes",157,2018,"ODP 999_A_1_CC_7_9","ODP 999",7.62,7.62,12.74,-78.74,0.19807,"Globigerinoides ruber white (sensu stricto)","300-355",,,,246.2276,20.56,0.198417126,3.25795610314654,0.130318244125862,23.87,"This study explored a range of options for the Mg and Ca elemental composition of seawater, depth of the CCD and d11Bsw. However, for the most recent Plio-Pleistocene data (0-3.5 Ma), we used an alternative scenario for the Plio-Pleistocene,  where seawater major ion, δ11Bsw, DIC can be anchored at modern values.",FALSE,TRUE,"boron_isotopes_sosdian_2018.xlsx",157,1244,158
"boron_isotopes_sosdian_2018.xlsx","boron isotopes",158,2018,"ODP 999_A_2_1_39_40","ODP 999",7.99,7.99,12.74,-78.74,0.21157,"Globigerinoides ruber white (sensu stricto)","300-355",,,,274.4206,20.36,0.230040258,3.50874071981334,0.140349628792534,24.7,"This study explored a range of options for the Mg and Ca elemental composition of seawater, depth of the CCD and d11Bsw. However, for the most recent Plio-Pleistocene data (0-3.5 Ma), we used an alternative scenario for the Plio-Pleistocene,  where seawater major ion, δ11Bsw, DIC can be anchored at modern values.",FALSE,TRUE,"boron_isotopes_sosdian_2018.xlsx",158,1245,159
"boron_isotopes_sosdian_2018.xlsx","boron isotopes",159,2018,"ODP 999_A_2_1_59_61","ODP 999",8.19,8.19,12.74,-78.74,0.22044,"Globigerinoides ruber white (sensu stricto)","300-355",,,,261.0254,20.66815105,0.193945338,4.24318895714849,0.16972755828594,26.81,"This study explored a range of options for the Mg and Ca elemental composition of seawater, depth of the CCD and d11Bsw. However, for the most recent Plio-Pleistocene data (0-3.5 Ma), we used an alternative scenario for the Plio-Pleistocene,  where seawater major ion, δ11Bsw, DIC can be anchored at modern values.",FALSE,TRUE,"boron_isotopes_sosdian_2018.xlsx",159,1246,160
"boron_isotopes_sosdian_2018.xlsx","boron isotopes",160,2018,"ODP 999_A_2_1_69_71","ODP 999",8.29,8.29,12.74,-78.74,0.22366,"Globigerinoides ruber white (sensu stricto)","300-355",,,,259.325,20.67404603,0.267600052,4.1891310946355,0.16756524378542,26.67,"This study explored a range of options for the Mg and Ca elemental composition of seawater, depth of the CCD and d11Bsw. However, for the most recent Plio-Pleistocene data (0-3.5 Ma), we used an alternative scenario for the Plio-Pleistocene,  where seawater major ion, δ11Bsw, DIC can be anchored at modern values.",FALSE,TRUE,"boron_isotopes_sosdian_2018.xlsx",160,1247,161
"boron_isotopes_sosdian_2018.xlsx","boron isotopes",161,2018,"ODP 999_A_2_1_91_93","ODP 999",8.51,8.51,12.74,-78.74,0.2271,"Globigerinoides ruber white (sensu stricto)","300-355",,,,232.5314,20.82277042,0.235569734,3.70727207225,0.14829088289,25.31,"This study explored a range of options for the Mg and Ca elemental composition of seawater, depth of the CCD and d11Bsw. However, for the most recent Plio-Pleistocene data (0-3.5 Ma), we used an alternative scenario for the Plio-Pleistocene,  where seawater major ion, δ11Bsw, DIC can be anchored at modern values.",FALSE,TRUE,"boron_isotopes_sosdian_2018.xlsx",161,1248,162
"boron_isotopes_sosdian_2018.xlsx","boron isotopes",162,2018,"ODP 999_A_2_1_111_113","ODP 999",8.71,8.71,12.74,-78.74,0.23576,"Globigerinoides ruber white (sensu stricto)","300-355",,,,259.5601,20.47082045,0.244505476,3.4087062644453,0.136348250577812,24.38,"This study explored a range of options for the Mg and Ca elemental composition of seawater, depth of the CCD and d11Bsw. However, for the most recent Plio-Pleistocene data (0-3.5 Ma), we used an alternative scenario for the Plio-Pleistocene,  where seawater major ion, δ11Bsw, DIC can be anchored at modern values.",FALSE,TRUE,"boron_isotopes_sosdian_2018.xlsx",162,1249,163
"boron_isotopes_sosdian_2018.xlsx","boron isotopes",163,2018,"ODP 999_A_2_1_123_125","ODP 999",8.83,8.83,12.74,-78.74,0.23948,"Globigerinoides ruber white (sensu stricto)","300-355",,,,242.2135,20.69868197,0.220059774,3.60231711112691,0.144092684445076,24.99,"This study explored a range of options for the Mg and Ca elemental composition of seawater, depth of the CCD and d11Bsw. However, for the most recent Plio-Pleistocene data (0-3.5 Ma), we used an alternative scenario for the Plio-Pleistocene,  where seawater major ion, δ11Bsw, DIC can be anchored at modern values.",FALSE,TRUE,"boron_isotopes_sosdian_2018.xlsx",163,1250,164
"boron_isotopes_sosdian_2018.xlsx","boron isotopes",164,2018,"ODP 999_A_2_1_139_141","ODP 999",8.99,8.99,12.74,-78.74,0.2429,"Globigerinoides ruber white (sensu stricto)","300-355",,,,274.6782,20.4421857,0.250989742,3.84376380135746,0.153750552054298,25.71,"This study explored a range of options for the Mg and Ca elemental composition of seawater, depth of the CCD and d11Bsw. However, for the most recent Plio-Pleistocene data (0-3.5 Ma), we used an alternative scenario for the Plio-Pleistocene,  where seawater major ion, δ11Bsw, DIC can be anchored at modern values.",FALSE,TRUE,"boron_isotopes_sosdian_2018.xlsx",164,1251,165
"boron_isotopes_sosdian_2018.xlsx","boron isotopes",165,2018,"ODP 999_A_2_2_9_11","ODP 999",9.19,9.19,12.74,-78.74,0.24718,"Globigerinoides ruber white (sensu stricto)","300-355",,,,259.7583,20.58735224,0.216252722,3.88580908607676,0.15543236344307,25.83,"This study explored a range of options for the Mg and Ca elemental composition of seawater, depth of the CCD and d11Bsw. However, for the most recent Plio-Pleistocene data (0-3.5 Ma), we used an alternative scenario for the Plio-Pleistocene,  where seawater major ion, δ11Bsw, DIC can be anchored at modern values.",FALSE,TRUE,"boron_isotopes_sosdian_2018.xlsx",165,1252,166
"boron_isotopes_sosdian_2018.xlsx","boron isotopes",166,2018,"ODP 999_A_2_2_23_24","ODP 999",9.33,9.33,12.74,-78.74,0.25007,"Globigerinoides ruber white (sensu stricto)","300-355",,,,224.9674,21.00136596,0.217118038,4.07297289305613,0.162918915722245,26.36,"This study explored a range of options for the Mg and Ca elemental composition of seawater, depth of the CCD and d11Bsw. However, for the most recent Plio-Pleistocene data (0-3.5 Ma), we used an alternative scenario for the Plio-Pleistocene,  where seawater major ion, δ11Bsw, DIC can be anchored at modern values.",FALSE,TRUE,"boron_isotopes_sosdian_2018.xlsx",166,1253,167
"boron_isotopes_sosdian_2018.xlsx","boron isotopes",167,2018,"ODP 999_A_2_2_63_65","ODP 999",9.73,9.73,12.74,-78.74,0.25784,"Globigerinoides ruber white (sensu stricto)","300-355",,,,233.3928,20.84304009,0.197655604,3.7879258128868,0.151517032515472,25.55,"This study explored a range of options for the Mg and Ca elemental composition of seawater, depth of the CCD and d11Bsw. However, for the most recent Plio-Pleistocene data (0-3.5 Ma), we used an alternative scenario for the Plio-Pleistocene,  where seawater major ion, δ11Bsw, DIC can be anchored at modern values.",FALSE,TRUE,"boron_isotopes_sosdian_2018.xlsx",167,1254,168
"boron_isotopes_sosdian_2018.xlsx","boron isotopes",168,2018,"ODP 999_A_4_7_22_24","ODP 999",35.82,35.82,12.74,-78.74,1.08726,"Globigerinoides ruber white (sensu stricto)","300-355",,,,232.8575,20.82,0.18918473,3.59438733831348,0.143775493532539,25.57223978,"This study explored a range of options for the Mg and Ca elemental composition of seawater, depth of the CCD and d11Bsw. However, for the most recent Plio-Pleistocene data (0-3.5 Ma), we used an alternative scenario for the Plio-Pleistocene,  where seawater major ion, δ11Bsw, DIC can be anchored at modern values.",FALSE,TRUE,"boron_isotopes_sosdian_2018.xlsx",168,1255,169
"boron_isotopes_sosdian_2018.xlsx","boron isotopes",169,2018,"ODP 999_A_4_7_32.888376999999849_34.888376999999849","ODP 999",35.92960246,35.92960246,12.74,-78.74,1.08869,"Globigerinoides ruber white (sensu stricto)","300-355",,,,257.7931,20.56583042,0.195735082,3.59673132939335,0.143869253175734,25.57998655,"This study explored a range of options for the Mg and Ca elemental composition of seawater, depth of the CCD and d11Bsw. However, for the most recent Plio-Pleistocene data (0-3.5 Ma), we used an alternative scenario for the Plio-Pleistocene,  where seawater major ion, δ11Bsw, DIC can be anchored at modern values.",FALSE,TRUE,"boron_isotopes_sosdian_2018.xlsx",169,1256,170
"boron_isotopes_sosdian_2018.xlsx","boron isotopes",170,2018,"ODP 999_A_4_7_41.694102999999785_43.694102999999785","ODP 999",36.01765972,36.01765972,12.74,-78.74,1.09003,"Globigerinoides ruber white (sensu stricto)","300-355",,,,223.4626,20.925,0.171493264,3.59704656542061,0.143881862616824,25.58146369,"This study explored a range of options for the Mg and Ca elemental composition of seawater, depth of the CCD and d11Bsw. However, for the most recent Plio-Pleistocene data (0-3.5 Ma), we used an alternative scenario for the Plio-Pleistocene,  where seawater major ion, δ11Bsw, DIC can be anchored at modern values.",FALSE,TRUE,"boron_isotopes_sosdian_2018.xlsx",170,1257,171
"boron_isotopes_sosdian_2018.xlsx","boron isotopes",171,2018,"ODP 999_A_4_7_51.695479000000091_53.695479000000091","ODP 999",36.11767348,36.11767348,12.74,-78.74,1.09267,"Globigerinoides ruber white (sensu stricto)","300-355",,,,242.1379,20.8,0.19560462,3.8933859020864,0.155735436083456,26.46159021,"This study explored a range of options for the Mg and Ca elemental composition of seawater, depth of the CCD and d11Bsw. However, for the most recent Plio-Pleistocene data (0-3.5 Ma), we used an alternative scenario for the Plio-Pleistocene,  where seawater major ion, δ11Bsw, DIC can be anchored at modern values.",FALSE,TRUE,"boron_isotopes_sosdian_2018.xlsx",171,1258,172
"boron_isotopes_sosdian_2018.xlsx","boron isotopes",172,2018,"ODP 999_A_4_7_60_62","ODP 999",36.2,36.2,12.74,-78.74,1.09471,"Globigerinoides ruber white (sensu stricto)","300-355",,,,251.1595,20.73435804,0.218499886,4.01013909503901,0.16040556380156,26.79039075,"This study explored a range of options for the Mg and Ca elemental composition of seawater, depth of the CCD and d11Bsw. However, for the most recent Plio-Pleistocene data (0-3.5 Ma), we used an alternative scenario for the Plio-Pleistocene,  where seawater major ion, δ11Bsw, DIC can be anchored at modern values.",FALSE,TRUE,"boron_isotopes_sosdian_2018.xlsx",172,1259,173
"boron_isotopes_sosdian_2018.xlsx","boron isotopes",173,2018,"ODP 999_A_4_CC_11_13","ODP 999",36.43,36.43,12.74,-78.74,1.09946,"Globigerinoides ruber white (sensu stricto)","300-355",,,,320.9505,20.0893291,0.194254126,3.84246010936239,0.153698404374495,26.31680769,"This study explored a range of options for the Mg and Ca elemental composition of seawater, depth of the CCD and d11Bsw. However, for the most recent Plio-Pleistocene data (0-3.5 Ma), we used an alternative scenario for the Plio-Pleistocene,  where seawater major ion, δ11Bsw, DIC can be anchored at modern values.",FALSE,TRUE,"boron_isotopes_sosdian_2018.xlsx",173,1260,174
"boron_isotopes_sosdian_2018.xlsx","boron isotopes",174,2018,"ODP 999_A_5_1_12_14","ODP 999",36.22,36.22,12.74,-78.74,1.10242,"Globigerinoides ruber white (sensu stricto)","300-355",,,,301.8063,20.22975767,0.193047956,3.79373895665355,0.151749558266142,26.17602889,"This study explored a range of options for the Mg and Ca elemental composition of seawater, depth of the CCD and d11Bsw. However, for the most recent Plio-Pleistocene data (0-3.5 Ma), we used an alternative scenario for the Plio-Pleistocene,  where seawater major ion, δ11Bsw, DIC can be anchored at modern values.",FALSE,TRUE,"boron_isotopes_sosdian_2018.xlsx",174,1261,175
"boron_isotopes_sosdian_2018.xlsx","boron isotopes",175,2018,"ODP 999_A_5_1_17_19","ODP 999",36.27,36.27,12.74,-78.74,1.10316,"Globigerinoides ruber white (sensu stricto)","300-355",,,,286.0528,20.23,0.292175806,4.14637186634105,0.165854874653642,24.6625114,"This study explored a range of options for the Mg and Ca elemental composition of seawater, depth of the CCD and d11Bsw. However, for the most recent Plio-Pleistocene data (0-3.5 Ma), we used an alternative scenario for the Plio-Pleistocene,  where seawater major ion, δ11Bsw, DIC can be anchored at modern values.",FALSE,TRUE,"boron_isotopes_sosdian_2018.xlsx",175,1262,176
"boron_isotopes_sosdian_2018.xlsx","boron isotopes",176,2018,"ODP 999_A_5_1_37.517309000000353_39.517309000000353","ODP 999",36.47494841,36.47494841,12.74,-78.74,1.1062,"Globigerinoides ruber white (sensu stricto)","300-355",,,,246.5476,20.74592762,0.149970348,3.88554821414494,0.155421928565798,26.44272553,"This study explored a range of options for the Mg and Ca elemental composition of seawater, depth of the CCD and d11Bsw. However, for the most recent Plio-Pleistocene data (0-3.5 Ma), we used an alternative scenario for the Plio-Pleistocene,  where seawater major ion, δ11Bsw, DIC can be anchored at modern values.",FALSE,TRUE,"boron_isotopes_sosdian_2018.xlsx",176,1263,177
"boron_isotopes_sosdian_2018.xlsx","boron isotopes",177,2018,"ODP 999_A_5_1_48.399195000000304_50.399195000000304","ODP 999",36.58376727,36.58376727,12.74,-78.74,1.10782,"Globigerinoides ruber white (sensu stricto)","300-355",,,,262.5107,20.51,0.20036323,3.57146012009718,0.142858404803887,25.50617469,"This study explored a range of options for the Mg and Ca elemental composition of seawater, depth of the CCD and d11Bsw. However, for the most recent Plio-Pleistocene data (0-3.5 Ma), we used an alternative scenario for the Plio-Pleistocene,  where seawater major ion, δ11Bsw, DIC can be anchored at modern values.",FALSE,TRUE,"boron_isotopes_sosdian_2018.xlsx",177,1264,178
"boron_isotopes_sosdian_2018.xlsx","boron isotopes",178,2018,"ODP 999_A_5_1_59.281265999999931_61.281265999999931","ODP 999",36.69258798,36.69258798,12.74,-78.74,1.1103,"Globigerinoides ruber white (sensu stricto)","300-355",,,,284.0225,20.42,0.185226512,3.97927006846004,0.159170802738401,26.70855904,"This study explored a range of options for the Mg and Ca elemental composition of seawater, depth of the CCD and d11Bsw. However, for the most recent Plio-Pleistocene data (0-3.5 Ma), we used an alternative scenario for the Plio-Pleistocene,  where seawater major ion, δ11Bsw, DIC can be anchored at modern values.",FALSE,TRUE,"boron_isotopes_sosdian_2018.xlsx",178,1265,179
"boron_isotopes_sosdian_2018.xlsx","boron isotopes",179,2018,"ODP 999_A_5_1_70.16303500000015_72.16303500000015","ODP 999",36.80140567,36.80140567,12.74,-78.74,1.1128,"Globigerinoides ruber white (sensu stricto)","300-355",,,,246.2131,20.77558234,0.196604712,4.00277064822679,0.160110825929072,26.7438494,"This study explored a range of options for the Mg and Ca elemental composition of seawater, depth of the CCD and d11Bsw. However, for the most recent Plio-Pleistocene data (0-3.5 Ma), we used an alternative scenario for the Plio-Pleistocene,  where seawater major ion, δ11Bsw, DIC can be anchored at modern values.",FALSE,TRUE,"boron_isotopes_sosdian_2018.xlsx",179,1266,180
"boron_isotopes_sosdian_2018.xlsx","boron isotopes",180,2018,"ODP 999_A_5_1_80.892932000000371_82.892932000000371","ODP 999",36.90870464,36.90870464,12.74,-78.74,1.11526,"Globigerinoides ruber white (sensu stricto)","300-355",,,,227.6423,20.935,0.194005138,3.8664286885938,0.154657147543752,26.32885001,"This study explored a range of options for the Mg and Ca elemental composition of seawater, depth of the CCD and d11Bsw. However, for the most recent Plio-Pleistocene data (0-3.5 Ma), we used an alternative scenario for the Plio-Pleistocene,  where seawater major ion, δ11Bsw, DIC can be anchored at modern values.",FALSE,TRUE,"boron_isotopes_sosdian_2018.xlsx",180,1267,181
"boron_isotopes_sosdian_2018.xlsx","boron isotopes",181,2018,"ODP 999_A_5_1_90.361001000000073_92.361001000000073","ODP 999",37.00338533,37.00338533,12.74,-78.74,1.11786,"Globigerinoides ruber white (sensu stricto)","300-355",,,,215.3346,21.10718257,0.149424944,3.98977043452111,0.159590817380844,26.64802335,"This study explored a range of options for the Mg and Ca elemental composition of seawater, depth of the CCD and d11Bsw. However, for the most recent Plio-Pleistocene data (0-3.5 Ma), we used an alternative scenario for the Plio-Pleistocene,  where seawater major ion, δ11Bsw, DIC can be anchored at modern values.",FALSE,TRUE,"boron_isotopes_sosdian_2018.xlsx",181,1268,182
"boron_isotopes_sosdian_2018.xlsx","boron isotopes",182,2018,"ODP 999_A_5_1_98.801709999999986_100.80170999999999","ODP 999",37.08779242,37.08779242,12.74,-78.74,1.12036,"Globigerinoides ruber white (sensu stricto)","300-355",,,,248.3102,20.78548538,0.153323524,4.17549653002872,0.167019861201149,27.09466544,"This study explored a range of options for the Mg and Ca elemental composition of seawater, depth of the CCD and d11Bsw. However, for the most recent Plio-Pleistocene data (0-3.5 Ma), we used an alternative scenario for the Plio-Pleistocene,  where seawater major ion, δ11Bsw, DIC can be anchored at modern values.",FALSE,TRUE,"boron_isotopes_sosdian_2018.xlsx",182,1269,183
"boron_isotopes_sosdian_2018.xlsx","boron isotopes",183,2018,"ODP 999_A_5_1_108_110","ODP 999",37.18,37.18,12.74,-78.74,1.12309,"Globigerinoides ruber white (sensu stricto)","300-355",,,,205.2521,21.25171635,0.148085706,4.0589616152941,0.162358464611764,26.75098201,"This study explored a range of options for the Mg and Ca elemental composition of seawater, depth of the CCD and d11Bsw. However, for the most recent Plio-Pleistocene data (0-3.5 Ma), we used an alternative scenario for the Plio-Pleistocene,  where seawater major ion, δ11Bsw, DIC can be anchored at modern values.",FALSE,TRUE,"boron_isotopes_sosdian_2018.xlsx",183,1270,184
"boron_isotopes_sosdian_2018.xlsx","boron isotopes",184,2018,"ODP 999_A_5_1_118_120","ODP 999",37.28,37.28,12.74,-78.74,1.12606,"Globigerinoides ruber white (sensu stricto)","300-355",,,,246.4349,20.63550701,0.213532924,3.50243112915968,0.140097245166387,25.05464023,"This study explored a range of options for the Mg and Ca elemental composition of seawater, depth of the CCD and d11Bsw. However, for the most recent Plio-Pleistocene data (0-3.5 Ma), we used an alternative scenario for the Plio-Pleistocene,  where seawater major ion, δ11Bsw, DIC can be anchored at modern values.",FALSE,TRUE,"boron_isotopes_sosdian_2018.xlsx",184,1271,185
"boron_isotopes_sosdian_2018.xlsx","boron isotopes",185,2018,"ODP 999_A_5_1_123_125","ODP 999",37.33,37.33,12.74,-78.74,1.12781,"Globigerinoides ruber white (sensu stricto)","300-355",,,,244.7331,20.63164885,0.220123392,3.44828945697593,0.137931578279037,24.88153981,"This study explored a range of options for the Mg and Ca elemental composition of seawater, depth of the CCD and d11Bsw. However, for the most recent Plio-Pleistocene data (0-3.5 Ma), we used an alternative scenario for the Plio-Pleistocene,  where seawater major ion, δ11Bsw, DIC can be anchored at modern values.",FALSE,TRUE,"boron_isotopes_sosdian_2018.xlsx",185,1272,186
"boron_isotopes_sosdian_2018.xlsx","boron isotopes",186,2018,"ODP 999_A_5_1_132_134","ODP 999",37.42,37.42,12.74,-78.74,1.13097,"Globigerinoides ruber white (sensu stricto)","300-355",,,,249.5871,20.63375582,0.162198646,3.67607769980666,0.147043107992266,25.53523177,"This study explored a range of options for the Mg and Ca elemental composition of seawater, depth of the CCD and d11Bsw. However, for the most recent Plio-Pleistocene data (0-3.5 Ma), we used an alternative scenario for the Plio-Pleistocene,  where seawater major ion, δ11Bsw, DIC can be anchored at modern values.",FALSE,TRUE,"boron_isotopes_sosdian_2018.xlsx",186,1273,187
"boron_isotopes_sosdian_2018.xlsx","boron isotopes",187,2018,"ODP 999_A_5_1_148_150","ODP 999",37.58,37.58,12.74,-78.74,1.13657,"Globigerinoides ruber white (sensu stricto)","300-355",,,,291.6732,20.23242814,0.150044744,3.63230954488759,0.145292381795503,25.31786885,"This study explored a range of options for the Mg and Ca elemental composition of seawater, depth of the CCD and d11Bsw. However, for the most recent Plio-Pleistocene data (0-3.5 Ma), we used an alternative scenario for the Plio-Pleistocene,  where seawater major ion, δ11Bsw, DIC can be anchored at modern values.",FALSE,TRUE,"boron_isotopes_sosdian_2018.xlsx",187,1274,188
"boron_isotopes_sosdian_2018.xlsx","boron isotopes",188,2018,"ODP 999_A_5_2_7.8864019999996913_9.8864019999996913","ODP 999",37.67863934,37.67863934,12.74,-78.74,1.14003,"Globigerinoides ruber white (sensu stricto)","300-355",,,,305.4313,20.04,0.194540186,3.34239657097292,0.133695862838917,24.33830867,"This study explored a range of options for the Mg and Ca elemental composition of seawater, depth of the CCD and d11Bsw. However, for the most recent Plio-Pleistocene data (0-3.5 Ma), we used an alternative scenario for the Plio-Pleistocene,  where seawater major ion, δ11Bsw, DIC can be anchored at modern values.",FALSE,TRUE,"boron_isotopes_sosdian_2018.xlsx",188,1275,189
"boron_isotopes_sosdian_2018.xlsx","boron isotopes",189,2018,"ODP 999_A_5_2_17_19","ODP 999",37.77,37.77,12.74,-78.74,1.14323,"Globigerinoides ruber white (sensu stricto)","300-355",,,,278.1429,20.18038387,0.244226122,3.05248359705826,0.12209934388233,23.30275375,"This study explored a range of options for the Mg and Ca elemental composition of seawater, depth of the CCD and d11Bsw. However, for the most recent Plio-Pleistocene data (0-3.5 Ma), we used an alternative scenario for the Plio-Pleistocene,  where seawater major ion, δ11Bsw, DIC can be anchored at modern values.",FALSE,TRUE,"boron_isotopes_sosdian_2018.xlsx",189,1276,190
"boron_isotopes_sosdian_2018.xlsx","boron isotopes",190,2018,"ODP 999_A_5_2_23_25","ODP 999",37.83,37.83,12.74,-78.74,1.14533,"Globigerinoides ruber white (sensu stricto)","300-355",,,,295.735,20.09301133,0.2298189,3.27154204492687,0.130861681797075,24.04556758,"This study explored a range of options for the Mg and Ca elemental composition of seawater, depth of the CCD and d11Bsw. However, for the most recent Plio-Pleistocene data (0-3.5 Ma), we used an alternative scenario for the Plio-Pleistocene,  where seawater major ion, δ11Bsw, DIC can be anchored at modern values.",FALSE,TRUE,"boron_isotopes_sosdian_2018.xlsx",190,1277,191
"boron_isotopes_sosdian_2018.xlsx","boron isotopes",191,2018,"ODP 999_A_5_2_33.208349000000169_35.208349000000169","ODP 999",37.93185881,37.93185881,12.74,-78.74,1.1489,"Globigerinoides ruber white (sensu stricto)","300-355",,,,310.4396,19.96260764,0.353400798,3.22507102165924,0.129002840866369,23.83258767,"This study explored a range of options for the Mg and Ca elemental composition of seawater, depth of the CCD and d11Bsw. However, for the most recent Plio-Pleistocene data (0-3.5 Ma), we used an alternative scenario for the Plio-Pleistocene,  where seawater major ion, δ11Bsw, DIC can be anchored at modern values.",FALSE,TRUE,"boron_isotopes_sosdian_2018.xlsx",191,1278,192
"boron_isotopes_sosdian_2018.xlsx","boron isotopes",192,2018,"ODP 999_A_5_2_39_41","ODP 999",37.99,37.99,12.74,-78.74,1.15094,"Globigerinoides ruber white (sensu stricto)","300-355",,,,260.5039,20.31,0.239075512,3.00579208004753,0.120231683201901,23.02344032,"This study explored a range of options for the Mg and Ca elemental composition of seawater, depth of the CCD and d11Bsw. However, for the most recent Plio-Pleistocene data (0-3.5 Ma), we used an alternative scenario for the Plio-Pleistocene,  where seawater major ion, δ11Bsw, DIC can be anchored at modern values.",FALSE,TRUE,"boron_isotopes_sosdian_2018.xlsx",192,1279,193
"boron_isotopes_sosdian_2018.xlsx","boron isotopes",193,2018,"ODP 999_A_5_2_48_50","ODP 999",38.08,38.08,12.74,-78.74,1.15409,"Globigerinoides ruber white (sensu stricto)","300-355",,,,248.0484,20.51910395,0.222955026,3.27463965781407,0.130985586312563,24.00345636,"This study explored a range of options for the Mg and Ca elemental composition of seawater, depth of the CCD and d11Bsw. However, for the most recent Plio-Pleistocene data (0-3.5 Ma), we used an alternative scenario for the Plio-Pleistocene,  where seawater major ion, δ11Bsw, DIC can be anchored at modern values.",FALSE,TRUE,"boron_isotopes_sosdian_2018.xlsx",193,1280,194
"boron_isotopes_sosdian_2018.xlsx","boron isotopes",194,2018,"ODP 999_A_5_2_58.530575000000283_60.530575000000283","ODP 999",38.18508107,38.18508107,12.74,-78.74,1.15777,"Globigerinoides ruber white (sensu stricto)","300-355",,,,299.7173,20.10275801,0.217485602,3.42884898829603,0.137153959531841,24.5289015,"This study explored a range of options for the Mg and Ca elemental composition of seawater, depth of the CCD and d11Bsw. However, for the most recent Plio-Pleistocene data (0-3.5 Ma), we used an alternative scenario for the Plio-Pleistocene,  where seawater major ion, δ11Bsw, DIC can be anchored at modern values.",FALSE,TRUE,"boron_isotopes_sosdian_2018.xlsx",194,1281,195
"boron_isotopes_sosdian_2018.xlsx","boron isotopes",195,2018,"ODP 999_A_5_2_66.971234999999695_68.971234999999695","ODP 999",38.26948767,38.26948767,12.74,-78.74,1.16073,"Globigerinoides ruber white (sensu stricto)","300-355",,,,307.6817,19.98,0.216434172,3.21562745787586,0.128625098315035,23.84397179,"This study explored a range of options for the Mg and Ca elemental composition of seawater, depth of the CCD and d11Bsw. However, for the most recent Plio-Pleistocene data (0-3.5 Ma), we used an alternative scenario for the Plio-Pleistocene,  where seawater major ion, δ11Bsw, DIC can be anchored at modern values.",FALSE,TRUE,"boron_isotopes_sosdian_2018.xlsx",195,1282,196
"boron_isotopes_sosdian_2018.xlsx","boron isotopes",196,2018,"ODP 999_A_5_2_73_75","ODP 999",38.33,38.33,12.74,-78.74,1.16285,"Globigerinoides ruber white (sensu stricto)","300-355",,,,275.1374,20.37160853,0.194265602,3.64538459058335,0.145815383623334,25.25202297,"This study explored a range of options for the Mg and Ca elemental composition of seawater, depth of the CCD and d11Bsw. However, for the most recent Plio-Pleistocene data (0-3.5 Ma), we used an alternative scenario for the Plio-Pleistocene,  where seawater major ion, δ11Bsw, DIC can be anchored at modern values.",FALSE,TRUE,"boron_isotopes_sosdian_2018.xlsx",196,1283,197
"boron_isotopes_sosdian_2018.xlsx","boron isotopes",197,2018,"ODP 999_A_5_2_93_95","ODP 999",38.53,38.53,12.74,-78.74,1.16986,"Globigerinoides ruber white (sensu stricto)","300-355",,,,283.6344,20.29128744,0.15786813,3.60441026452159,0.144176410580864,25.16953816,"This study explored a range of options for the Mg and Ca elemental composition of seawater, depth of the CCD and d11Bsw. However, for the most recent Plio-Pleistocene data (0-3.5 Ma), we used an alternative scenario for the Plio-Pleistocene,  where seawater major ion, δ11Bsw, DIC can be anchored at modern values.",FALSE,TRUE,"boron_isotopes_sosdian_2018.xlsx",197,1284,198
"boron_isotopes_sosdian_2018.xlsx","boron isotopes",198,2018,"ODP 999_A_5_2_120.22590400000007_122.22590400000007","ODP 999",38.80203436,38.80203436,12.74,-78.74,1.17757,"Globigerinoides ruber white (sensu stricto)","300-355",,,,273.1987,20.36443733,0.175489924,3.51787735336773,0.140715094134709,24.95765846,"This study explored a range of options for the Mg and Ca elemental composition of seawater, depth of the CCD and d11Bsw. However, for the most recent Plio-Pleistocene data (0-3.5 Ma), we used an alternative scenario for the Plio-Pleistocene,  where seawater major ion, δ11Bsw, DIC can be anchored at modern values.",FALSE,TRUE,"boron_isotopes_sosdian_2018.xlsx",198,1285,199
"boron_isotopes_sosdian_2018.xlsx","boron isotopes",199,2018,"ODP 999_A_5_2_130.45642100000018_132.45642100000018","ODP 999",38.90433953,38.90433953,12.74,-78.74,1.17966,"Globigerinoides ruber white (sensu stricto)","300-355",,,,263.2806,20.49759292,0.197263004,3.70383601521777,0.148153440608711,25.54465357,"This study explored a range of options for the Mg and Ca elemental composition of seawater, depth of the CCD and d11Bsw. However, for the most recent Plio-Pleistocene data (0-3.5 Ma), we used an alternative scenario for the Plio-Pleistocene,  where seawater major ion, δ11Bsw, DIC can be anchored at modern values.",FALSE,TRUE,"boron_isotopes_sosdian_2018.xlsx",199,1286,200
"boron_isotopes_sosdian_2018.xlsx","boron isotopes",200,2018,"ODP 999_A_5_2_140.68698299999974_142.68698299999974","ODP 999",39.00664515,39.00664515,12.74,-78.74,1.18175,"Globigerinoides ruber white (sensu stricto)","300-355",,,,233.3636,20.84918402,0.146377636,3.89588619758302,0.155835447903321,26.12103894,"This study explored a range of options for the Mg and Ca elemental composition of seawater, depth of the CCD and d11Bsw. However, for the most recent Plio-Pleistocene data (0-3.5 Ma), we used an alternative scenario for the Plio-Pleistocene,  where seawater major ion, δ11Bsw, DIC can be anchored at modern values.",FALSE,TRUE,"boron_isotopes_sosdian_2018.xlsx",200,1287,201
"boron_isotopes_sosdian_2018.xlsx","boron isotopes",201,2018,"ODP 999_A_5_3_2_4","ODP 999",39.12,39.12,12.74,-78.74,1.18406,"Globigerinoides ruber white (sensu stricto)","300-355",,,,226.2835,20.83236237,0.179484052,3.52603488575814,0.141041395430325,25.04226976,"This study explored a range of options for the Mg and Ca elemental composition of seawater, depth of the CCD and d11Bsw. However, for the most recent Plio-Pleistocene data (0-3.5 Ma), we used an alternative scenario for the Plio-Pleistocene,  where seawater major ion, δ11Bsw, DIC can be anchored at modern values.",FALSE,TRUE,"boron_isotopes_sosdian_2018.xlsx",201,1288,202
"boron_isotopes_sosdian_2018.xlsx","boron isotopes",202,2018,"ODP 999_A_5_3_10.111267999999939_12.111267999999939","ODP 999",39.200888,39.200888,12.74,-78.74,1.18597,"Globigerinoides ruber white (sensu stricto)","300-355",,,,257.1321,20.57424038,0.194733544,3.74703382614043,0.149881353045617,25.71772053,"This study explored a range of options for the Mg and Ca elemental composition of seawater, depth of the CCD and d11Bsw. However, for the most recent Plio-Pleistocene data (0-3.5 Ma), we used an alternative scenario for the Plio-Pleistocene,  where seawater major ion, δ11Bsw, DIC can be anchored at modern values.",FALSE,TRUE,"boron_isotopes_sosdian_2018.xlsx",202,1289,203
"boron_isotopes_sosdian_2018.xlsx","boron isotopes",203,2018,"ODP 999_A_5_3_18.570803000000012_20.570803000000012","ODP 999",39.28548335,39.28548335,12.74,-78.74,1.18807,"Globigerinoides ruber white (sensu stricto)","300-355",,,,265.3591,20.44412932,0.186174602,3.53555289173819,0.141422115669527,25.10194787,"This study explored a range of options for the Mg and Ca elemental composition of seawater, depth of the CCD and d11Bsw. However, for the most recent Plio-Pleistocene data (0-3.5 Ma), we used an alternative scenario for the Plio-Pleistocene,  where seawater major ion, δ11Bsw, DIC can be anchored at modern values.",FALSE,TRUE,"boron_isotopes_sosdian_2018.xlsx",203,1290,204
"boron_isotopes_sosdian_2018.xlsx","boron isotopes",204,2018,"ODP 999_A_5_3_27.029711000000077_29.029711000000077","ODP 999",39.37007243,39.37007243,12.74,-78.74,1.19131,"Globigerinoides ruber white (sensu stricto)","300-355",,,,215.8016,20.94635892,0.146908178,3.4738315536438,0.138953262145752,24.9212003,"This study explored a range of options for the Mg and Ca elemental composition of seawater, depth of the CCD and d11Bsw. However, for the most recent Plio-Pleistocene data (0-3.5 Ma), we used an alternative scenario for the Plio-Pleistocene,  where seawater major ion, δ11Bsw, DIC can be anchored at modern values.",FALSE,TRUE,"boron_isotopes_sosdian_2018.xlsx",204,1291,205
"boron_isotopes_sosdian_2018.xlsx","boron isotopes",205,2018,"ODP 999_A_5_3_37_39","ODP 999",39.47,39.47,12.74,-78.74,1.19515,"Globigerinoides ruber white (sensu stricto)","300-355",,,,208.2742,20.97,0.178041634,3.23396949333361,0.129358779733344,24.15624373,"This study explored a range of options for the Mg and Ca elemental composition of seawater, depth of the CCD and d11Bsw. However, for the most recent Plio-Pleistocene data (0-3.5 Ma), we used an alternative scenario for the Plio-Pleistocene,  where seawater major ion, δ11Bsw, DIC can be anchored at modern values.",FALSE,TRUE,"boron_isotopes_sosdian_2018.xlsx",205,1292,206
"boron_isotopes_sosdian_2018.xlsx","boron isotopes",206,2018,"ODP 999_A_5_3_58_60","ODP 999",39.68,39.68,12.74,-78.74,1.20326,"Globigerinoides ruber white (sensu stricto)","300-355",,,,195.4972,21.22068439,0.14698282,3.54491176416157,0.141796470566463,25.23691556,"This study explored a range of options for the Mg and Ca elemental composition of seawater, depth of the CCD and d11Bsw. However, for the most recent Plio-Pleistocene data (0-3.5 Ma), we used an alternative scenario for the Plio-Pleistocene,  where seawater major ion, δ11Bsw, DIC can be anchored at modern values.",FALSE,TRUE,"boron_isotopes_sosdian_2018.xlsx",206,1293,207
"boron_isotopes_sosdian_2018.xlsx","boron isotopes",207,2018,"ODP 999_A_5_3_67_69","ODP 999",39.77,39.77,12.74,-78.74,1.20676,"Globigerinoides ruber white (sensu stricto)","300-355",,,,219.1517,20.99090554,0.143877406,3.73621278295408,0.149448511318163,25.85153169,"This study explored a range of options for the Mg and Ca elemental composition of seawater, depth of the CCD and d11Bsw. However, for the most recent Plio-Pleistocene data (0-3.5 Ma), we used an alternative scenario for the Plio-Pleistocene,  where seawater major ion, δ11Bsw, DIC can be anchored at modern values.",FALSE,TRUE,"boron_isotopes_sosdian_2018.xlsx",207,1294,208
"boron_isotopes_sosdian_2018.xlsx","boron isotopes",208,2018,"ODP 999_A_5_3_77.78518100000008_79.78518100000008","ODP 999",39.87762713,39.87762713,12.74,-78.74,1.20999,"Globigerinoides ruber white (sensu stricto)","300-355",,,,238.8818,20.71,0.180537414,3.50528546227142,0.140211418490857,25.15802715,"This study explored a range of options for the Mg and Ca elemental composition of seawater, depth of the CCD and d11Bsw. However, for the most recent Plio-Pleistocene data (0-3.5 Ma), we used an alternative scenario for the Plio-Pleistocene,  where seawater major ion, δ11Bsw, DIC can be anchored at modern values.",FALSE,TRUE,"boron_isotopes_sosdian_2018.xlsx",208,1295,209
"boron_isotopes_sosdian_2018.xlsx","boron isotopes",209,2018,"ODP 999_A_5_3_94.703500999999989_96.703500999999989","ODP 999",40.04681033,40.04681033,12.74,-78.74,1.21448,"Globigerinoides ruber white (sensu stricto)","300-355",,,,287.9378,20.235,0.17693286,3.4343385689548,0.137373542758192,24.97731603,"This study explored a range of options for the Mg and Ca elemental composition of seawater, depth of the CCD and d11Bsw. However, for the most recent Plio-Pleistocene data (0-3.5 Ma), we used an alternative scenario for the Plio-Pleistocene,  where seawater major ion, δ11Bsw, DIC can be anchored at modern values.",FALSE,TRUE,"boron_isotopes_sosdian_2018.xlsx",209,1296,210
"boron_isotopes_sosdian_2018.xlsx","boron isotopes",210,2018,"ODP 999_A_5_3_102_104","ODP 999",40.12,40.12,12.74,-78.74,1.21642,"Globigerinoides ruber white (sensu stricto)","300-355",,,,272.1481,20.35653815,0.21990036,3.3902624608115,0.13561049843246,24.84939455,"This study explored a range of options for the Mg and Ca elemental composition of seawater, depth of the CCD and d11Bsw. However, for the most recent Plio-Pleistocene data (0-3.5 Ma), we used an alternative scenario for the Plio-Pleistocene,  where seawater major ion, δ11Bsw, DIC can be anchored at modern values.",FALSE,TRUE,"boron_isotopes_sosdian_2018.xlsx",210,1297,211
"boron_isotopes_sosdian_2018.xlsx","boron isotopes",211,2018,"ODP 999_A_5_3_110_112","ODP 999",40.2,40.2,12.74,-78.74,1.21854,"Globigerinoides ruber white (sensu stricto)","300-355",,,,298.3586,20.0734272,0.221015738,3.17299089299868,0.126919635719947,24.12913015,"This study explored a range of options for the Mg and Ca elemental composition of seawater, depth of the CCD and d11Bsw. However, for the most recent Plio-Pleistocene data (0-3.5 Ma), we used an alternative scenario for the Plio-Pleistocene,  where seawater major ion, δ11Bsw, DIC can be anchored at modern values.",FALSE,TRUE,"boron_isotopes_sosdian_2018.xlsx",211,1298,212
"boron_isotopes_sosdian_2018.xlsx","boron isotopes",212,2018,"ODP 999_A_5_3_128.54058400000022_130.54058400000022","ODP 999",40.38518116,40.38518116,12.74,-78.74,1.22418,"Globigerinoides ruber white (sensu stricto)","300-355",,,,255.1406,20.53190458,0.236324504,3.4122606243375,0.1364904249735,24.9842008,"This study explored a range of options for the Mg and Ca elemental composition of seawater, depth of the CCD and d11Bsw. However, for the most recent Plio-Pleistocene data (0-3.5 Ma), we used an alternative scenario for the Plio-Pleistocene,  where seawater major ion, δ11Bsw, DIC can be anchored at modern values.",FALSE,TRUE,"boron_isotopes_sosdian_2018.xlsx",212,1299,213
"boron_isotopes_sosdian_2018.xlsx","boron isotopes",213,2018,"ODP 999_A_5_3_136.99988199999987_138.99988199999987","ODP 999",40.46977414,40.46977414,12.74,-78.74,1.22717,"Globigerinoides ruber white (sensu stricto)","300-355",,,,271.5196,20.3767401,0.21315179,3.42531978883855,0.137012791553542,25.04251594,"This study explored a range of options for the Mg and Ca elemental composition of seawater, depth of the CCD and d11Bsw. However, for the most recent Plio-Pleistocene data (0-3.5 Ma), we used an alternative scenario for the Plio-Pleistocene,  where seawater major ion, δ11Bsw, DIC can be anchored at modern values.",FALSE,TRUE,"boron_isotopes_sosdian_2018.xlsx",213,1300,214
"boron_isotopes_sosdian_2018.xlsx","boron isotopes",214,2018,"ODP 999_A_5_3_147_149","ODP 999",40.57,40.57,12.74,-78.74,1.23072,"Globigerinoides ruber white (sensu stricto)","300-355",,,,312.4546,20.04119615,0.248398278,3.4155211868097,0.136620847472388,25.04259769,"This study explored a range of options for the Mg and Ca elemental composition of seawater, depth of the CCD and d11Bsw. However, for the most recent Plio-Pleistocene data (0-3.5 Ma), we used an alternative scenario for the Plio-Pleistocene,  where seawater major ion, δ11Bsw, DIC can be anchored at modern values.",FALSE,TRUE,"boron_isotopes_sosdian_2018.xlsx",214,1301,215
"boron_isotopes_sosdian_2018.xlsx","boron isotopes",215,2018,"ODP 999_A_5_4_6_8","ODP 999",40.66,40.66,12.74,-78.74,1.2339,"Globigerinoides ruber white (sensu stricto)","300-355",,,,295.82,20.225,0.207754982,3.60413587498121,0.144165434999248,25.65588179,"This study explored a range of options for the Mg and Ca elemental composition of seawater, depth of the CCD and d11Bsw. However, for the most recent Plio-Pleistocene data (0-3.5 Ma), we used an alternative scenario for the Plio-Pleistocene,  where seawater major ion, δ11Bsw, DIC can be anchored at modern values.",FALSE,TRUE,"boron_isotopes_sosdian_2018.xlsx",215,1302,216
"boron_isotopes_sosdian_2018.xlsx","boron isotopes",216,2018,"ODP 999_A_5_4_12.459163999999788_14.459163999999788","ODP 999",40.72436696,40.72436696,12.74,-78.74,1.23618,"Globigerinoides ruber white (sensu stricto)","300-355",,,,262.8446,20.56400114,0.17050942,3.80979027425383,0.152391610970153,26.30471175,"This study explored a range of options for the Mg and Ca elemental composition of seawater, depth of the CCD and d11Bsw. However, for the most recent Plio-Pleistocene data (0-3.5 Ma), we used an alternative scenario for the Plio-Pleistocene,  where seawater major ion, δ11Bsw, DIC can be anchored at modern values.",FALSE,TRUE,"boron_isotopes_sosdian_2018.xlsx",216,1303,217
"boron_isotopes_sosdian_2018.xlsx","boron isotopes",217,2018,"ODP 999_A_5_4_21_23","ODP 999",40.81,40.81,12.74,-78.74,1.23983,"Globigerinoides ruber white (sensu stricto)","300-355",,,,269.2957,20.54738004,0.207386182,3.97438248576291,0.158975299430516,26.79087047,"This study explored a range of options for the Mg and Ca elemental composition of seawater, depth of the CCD and d11Bsw. However, for the most recent Plio-Pleistocene data (0-3.5 Ma), we used an alternative scenario for the Plio-Pleistocene,  where seawater major ion, δ11Bsw, DIC can be anchored at modern values.",FALSE,TRUE,"boron_isotopes_sosdian_2018.xlsx",217,1304,218
"boron_isotopes_sosdian_2018.xlsx","boron isotopes",218,2018,"ODP 999_A_5_4_29_31","ODP 999",40.89,40.89,12.74,-78.74,1.24325,"Globigerinoides ruber white (sensu stricto)","300-355",,,,292.5724,20.46,0.152598054,4.49185392325176,0.17967415693007,28.17123082,"This study explored a range of options for the Mg and Ca elemental composition of seawater, depth of the CCD and d11Bsw. However, for the most recent Plio-Pleistocene data (0-3.5 Ma), we used an alternative scenario for the Plio-Pleistocene,  where seawater major ion, δ11Bsw, DIC can be anchored at modern values.",FALSE,TRUE,"boron_isotopes_sosdian_2018.xlsx",218,1305,219
"boron_isotopes_sosdian_2018.xlsx","boron isotopes",219,2018,"ODP 999_A_9_2_89_91","ODP 999",,,12.75,-78.73,2.33782251,"Globigerinoides ruber white","300-355",,"3.85489733691202",,287.8982,20.23352,0.099817041,3.85489733691202,0.104082228096625,26.0316349073237,"This study explored a range of options for the Mg and Ca elemental composition of seawater, depth of the CCD and d11Bsw. However, for the most recent Plio-Pleistocene data (0-3.5 Ma), we used an alternative scenario for the Plio-Pleistocene,  where seawater major ion, δ11Bsw, DIC can be anchored at modern values.",FALSE,TRUE,"boron_isotopes_sosdian_2018.xlsx",219,1306,220
"boron_isotopes_sosdian_2018.xlsx","boron isotopes",220,2018,"ODP 999_A_9_2_120_122","ODP 999",,,12.75,-78.73,2.346710693,"Globigerinoides ruber white","300-355",,"3.71379605602892",,286.77,20.20777,0.183769233,3.71379605602892,0.100272493512781,25.6183537388186,"This study explored a range of options for the Mg and Ca elemental composition of seawater, depth of the CCD and d11Bsw. However, for the most recent Plio-Pleistocene data (0-3.5 Ma), we used an alternative scenario for the Plio-Pleistocene,  where seawater major ion, δ11Bsw, DIC can be anchored at modern values.",FALSE,TRUE,"boron_isotopes_sosdian_2018.xlsx",220,1307,221
"boron_isotopes_sosdian_2018.xlsx","boron isotopes",221,2018,"ODP 999_A_9_2_141_143","ODP 999",,,12.75,-78.73,2.352717773,"Globigerinoides ruber white","300-355",,"4.31281625655311",,280.7856,20.40347,0.108039483,4.31281625655311,0.116446038926934,27.2805809045571,"This study explored a range of options for the Mg and Ca elemental composition of seawater, depth of the CCD and d11Bsw. However, for the most recent Plio-Pleistocene data (0-3.5 Ma), we used an alternative scenario for the Plio-Pleistocene,  where seawater major ion, δ11Bsw, DIC can be anchored at modern values.",FALSE,TRUE,"boron_isotopes_sosdian_2018.xlsx",221,1308,222
"boron_isotopes_sosdian_2018.xlsx","boron isotopes",222,2018,"ODP 999_A_9_3_22_24","ODP 999",,,12.75,-78.73,2.362218994,"Globigerinoides ruber white","300-355",,"3.57676297272312",,395.8651,19.422,0.163673432,3.57676297272312,0.0965726002635243,25.2024488114132,"This study explored a range of options for the Mg and Ca elemental composition of seawater, depth of the CCD and d11Bsw. However, for the most recent Plio-Pleistocene data (0-3.5 Ma), we used an alternative scenario for the Plio-Pleistocene,  where seawater major ion, δ11Bsw, DIC can be anchored at modern values.",FALSE,TRUE,"boron_isotopes_sosdian_2018.xlsx",222,1309,223
"boron_isotopes_sosdian_2018.xlsx","boron isotopes",223,2018,"ODP 999_A_9_3_51_53","ODP 999",,,12.75,-78.73,2.372198242,"Globigerinoides ruber white","300-355",,"3.86896110922975",,368.3313,19.65151,0.123089033,3.86896110922975,0.104461949949203,26.0761592553797,"This study explored a range of options for the Mg and Ca elemental composition of seawater, depth of the CCD and d11Bsw. However, for the most recent Plio-Pleistocene data (0-3.5 Ma), we used an alternative scenario for the Plio-Pleistocene,  where seawater major ion, δ11Bsw, DIC can be anchored at modern values.",FALSE,TRUE,"boron_isotopes_sosdian_2018.xlsx",223,1310,224
"boron_isotopes_sosdian_2018.xlsx","boron isotopes",224,2018,"ODP 999_A_9_3_78_80","ODP 999",,,12.75,-78.73,2.381290283,"Globigerinoides ruber white","300-355",,"3.90796729252771",,333.3484,19.89014,0.121550077,3.90796729252771,0.105515116898248,26.1886927263633,"This study explored a range of options for the Mg and Ca elemental composition of seawater, depth of the CCD and d11Bsw. However, for the most recent Plio-Pleistocene data (0-3.5 Ma), we used an alternative scenario for the Plio-Pleistocene,  where seawater major ion, δ11Bsw, DIC can be anchored at modern values.",FALSE,TRUE,"boron_isotopes_sosdian_2018.xlsx",224,1311,225
"boron_isotopes_sosdian_2018.xlsx","boron isotopes",225,2018,"ODP 999_A_9_3_102_104","ODP 999",,,12.75,-78.73,2.389315918,"Globigerinoides ruber white","300-355",,"3.79537516850125",,338.0137,19.83353,0.096840155,3.79537516850125,0.102475129549534,25.8648174900539,"This study explored a range of options for the Mg and Ca elemental composition of seawater, depth of the CCD and d11Bsw. However, for the most recent Plio-Pleistocene data (0-3.5 Ma), we used an alternative scenario for the Plio-Pleistocene,  where seawater major ion, δ11Bsw, DIC can be anchored at modern values.",FALSE,TRUE,"boron_isotopes_sosdian_2018.xlsx",225,1312,226
"boron_isotopes_sosdian_2018.xlsx","boron isotopes",226,2018,"ODP 999_A_9_4_29_31","ODP 999",,,12.75,-78.73,2.410920166,"Globigerinoides ruber white","300-355",,"4.06423682666659",,257.8821,20.56797,0.091897218,4.06423682666659,0.109734394319998,26.6278441303257,"This study explored a range of options for the Mg and Ca elemental composition of seawater, depth of the CCD and d11Bsw. However, for the most recent Plio-Pleistocene data (0-3.5 Ma), we used an alternative scenario for the Plio-Pleistocene,  where seawater major ion, δ11Bsw, DIC can be anchored at modern values.",FALSE,TRUE,"boron_isotopes_sosdian_2018.xlsx",226,1313,227
"boron_isotopes_sosdian_2018.xlsx","boron isotopes",227,2018,"ODP 999_A_9_4_96_98","ODP 999",,,12.75,-78.73,2.424888916,"Globigerinoides ruber white","300-355",,"3.81036737641578",,303.3255,20.10464,0.095025299,3.81036737641578,0.102879919163226,25.9128232045744,"This study explored a range of options for the Mg and Ca elemental composition of seawater, depth of the CCD and d11Bsw. However, for the most recent Plio-Pleistocene data (0-3.5 Ma), we used an alternative scenario for the Plio-Pleistocene,  where seawater major ion, δ11Bsw, DIC can be anchored at modern values.",FALSE,TRUE,"boron_isotopes_sosdian_2018.xlsx",227,1314,228
"boron_isotopes_sosdian_2018.xlsx","boron isotopes",228,2018,"ODP 999_A_9_5_45_47","ODP 999",,,12.75,-78.73,2.451231689,"Globigerinoides ruber white","300-355",,"3.85259926115839",,293.8848,20.1955,0.090091599,3.85259926115839,0.104020180051276,26.0384059159717,"This study explored a range of options for the Mg and Ca elemental composition of seawater, depth of the CCD and d11Bsw. However, for the most recent Plio-Pleistocene data (0-3.5 Ma), we used an alternative scenario for the Plio-Pleistocene,  where seawater major ion, δ11Bsw, DIC can be anchored at modern values.",FALSE,TRUE,"boron_isotopes_sosdian_2018.xlsx",228,1315,229
"boron_isotopes_sosdian_2018.xlsx","boron isotopes",229,2018,"ODP 999_A_9_5_123_125","ODP 999",,,12.75,-78.73,2.474494141,"Globigerinoides ruber white","300-355",,"3.80712977293611",,312.0036,20.03869,0.094145796,3.80712977293611,0.102792503869275,25.9092363350985,"This study explored a range of options for the Mg and Ca elemental composition of seawater, depth of the CCD and d11Bsw. However, for the most recent Plio-Pleistocene data (0-3.5 Ma), we used an alternative scenario for the Plio-Pleistocene,  where seawater major ion, δ11Bsw, DIC can be anchored at modern values.",FALSE,TRUE,"boron_isotopes_sosdian_2018.xlsx",229,1316,230
"boron_isotopes_sosdian_2018.xlsx","boron isotopes",230,2018,"ODP 999_A_9_6_50_52","ODP 999",,,12.75,-78.73,2.50040332,"Globigerinoides ruber white","300-355",,"3.69576184010847",,325.8054,19.90691,0.107936428,3.69576184010847,0.0997855696829286,25.5824193225678,"This study explored a range of options for the Mg and Ca elemental composition of seawater, depth of the CCD and d11Bsw. However, for the most recent Plio-Pleistocene data (0-3.5 Ma), we used an alternative scenario for the Plio-Pleistocene,  where seawater major ion, δ11Bsw, DIC can be anchored at modern values.",FALSE,TRUE,"boron_isotopes_sosdian_2018.xlsx",230,1317,231
"boron_isotopes_sosdian_2018.xlsx","boron isotopes",231,2018,"ODP 999_A_9_6_53_55","ODP 999",,,12.75,-78.73,2.501402588,"Globigerinoides ruber white","300-355",,"3.68945034326095",,329.8538,19.87513,0.093739923,3.68945034326095,0.0996151592680457,25.5635458978591,"This study explored a range of options for the Mg and Ca elemental composition of seawater, depth of the CCD and d11Bsw. However, for the most recent Plio-Pleistocene data (0-3.5 Ma), we used an alternative scenario for the Plio-Pleistocene,  where seawater major ion, δ11Bsw, DIC can be anchored at modern values.",FALSE,TRUE,"boron_isotopes_sosdian_2018.xlsx",231,1318,232
"boron_isotopes_sosdian_2018.xlsx","boron isotopes",232,2018,"ODP 999_A_9_6_112_114","ODP 999",,,12.75,-78.73,2.521932373,"Globigerinoides ruber white","300-355",,"3.49295938258065",,231.2395,20.70584,0.085358745,3.49295938258065,0.0943099033296776,24.9578789788643,"This study explored a range of options for the Mg and Ca elemental composition of seawater, depth of the CCD and d11Bsw. However, for the most recent Plio-Pleistocene data (0-3.5 Ma), we used an alternative scenario for the Plio-Pleistocene,  where seawater major ion, δ11Bsw, DIC can be anchored at modern values.",FALSE,TRUE,"boron_isotopes_sosdian_2018.xlsx",232,1319,233
"boron_isotopes_sosdian_2018.xlsx","boron isotopes",233,2018,"ODP 999_A_9_7_37_39","ODP 999",,,12.75,-78.73,2.545154541,"Globigerinoides ruber white","300-355",,"3.47797242630591",,307.4112,19.99687,0.090761998,3.47797242630591,0.0939052555102595,24.9128440540336,"This study explored a range of options for the Mg and Ca elemental composition of seawater, depth of the CCD and d11Bsw. However, for the most recent Plio-Pleistocene data (0-3.5 Ma), we used an alternative scenario for the Plio-Pleistocene,  where seawater major ion, δ11Bsw, DIC can be anchored at modern values.",FALSE,TRUE,"boron_isotopes_sosdian_2018.xlsx",233,1320,234
"boron_isotopes_sosdian_2018.xlsx","boron isotopes",234,2018,"ODP 999_A_9_CC_23_25","ODP 999",,,12.75,-78.73,2.561898438,"Globigerinoides ruber white","300-355",,"3.7974470407174",,279.2367,20.31609,0.100098414,3.7974470407174,0.10253107009937,25.8912594538553,"This study explored a range of options for the Mg and Ca elemental composition of seawater, depth of the CCD and d11Bsw. However, for the most recent Plio-Pleistocene data (0-3.5 Ma), we used an alternative scenario for the Plio-Pleistocene,  where seawater major ion, δ11Bsw, DIC can be anchored at modern values.",FALSE,TRUE,"boron_isotopes_sosdian_2018.xlsx",234,1321,235
"boron_isotopes_sosdian_2018.xlsx","boron isotopes",235,2018,"ODP 999_A_10_1_52_54","ODP 999",,,12.75,-78.73,2.579425049,"Globigerinoides ruber white","300-355",,"3.52186858241956",,303.6291,20.03998,0.095873624,3.52186858241956,0.0950904517253282,25.0562466600741,"This study explored a range of options for the Mg and Ca elemental composition of seawater, depth of the CCD and d11Bsw. However, for the most recent Plio-Pleistocene data (0-3.5 Ma), we used an alternative scenario for the Plio-Pleistocene,  where seawater major ion, δ11Bsw, DIC can be anchored at modern values.",FALSE,TRUE,"boron_isotopes_sosdian_2018.xlsx",235,1322,236
"boron_isotopes_sosdian_2018.xlsx","boron isotopes",236,2018,"ODP 999_A_10_1_107_109","ODP 999",,,12.75,-78.73,2.594836426,"Globigerinoides ruber white","300-355",,"3.97372741693827",,333.0048,19.93046,0.134564753,3.97372741693827,0.107290640257333,26.3993192687274,"This study explored a range of options for the Mg and Ca elemental composition of seawater, depth of the CCD and d11Bsw. However, for the most recent Plio-Pleistocene data (0-3.5 Ma), we used an alternative scenario for the Plio-Pleistocene,  where seawater major ion, δ11Bsw, DIC can be anchored at modern values.",FALSE,TRUE,"boron_isotopes_sosdian_2018.xlsx",236,1323,237
"boron_isotopes_sosdian_2018.xlsx","boron isotopes",237,2018,"ODP 999_A_10_2_21_23","ODP 999",,,12.75,-78.73,2.615069336,"Globigerinoides ruber white","300-355",,"3.53110659997389",,260.7517,20.4209,0.091060145,3.53110659997389,0.0953398781992951,25.0895595476708,"This study explored a range of options for the Mg and Ca elemental composition of seawater, depth of the CCD and d11Bsw. However, for the most recent Plio-Pleistocene data (0-3.5 Ma), we used an alternative scenario for the Plio-Pleistocene,  where seawater major ion, δ11Bsw, DIC can be anchored at modern values.",FALSE,TRUE,"boron_isotopes_sosdian_2018.xlsx",237,1324,238
"boron_isotopes_sosdian_2018.xlsx","boron isotopes",238,2018,"ODP 999_A_10_2_50_52","ODP 999",,,12.75,-78.73,2.624496094,"Globigerinoides ruber white","300-355",,"3.60022173406363",,283.1236,20.23123,0.10461555,3.60022173406363,0.0972059868197179,25.3060510196424,"This study explored a range of options for the Mg and Ca elemental composition of seawater, depth of the CCD and d11Bsw. However, for the most recent Plio-Pleistocene data (0-3.5 Ma), we used an alternative scenario for the Plio-Pleistocene,  where seawater major ion, δ11Bsw, DIC can be anchored at modern values.",FALSE,TRUE,"boron_isotopes_sosdian_2018.xlsx",238,1325,239
"boron_isotopes_sosdian_2018.xlsx","boron isotopes",239,2018,"ODP 999_A_10_2_70_72","ODP 999",,,12.75,-78.73,2.630914795,"Globigerinoides ruber white","300-355",,"3.89179288963966",,233.6779,20.79829,0.101870302,3.89179288963966,0.105078408020271,26.1720806782147,"This study explored a range of options for the Mg and Ca elemental composition of seawater, depth of the CCD and d11Bsw. However, for the most recent Plio-Pleistocene data (0-3.5 Ma), we used an alternative scenario for the Plio-Pleistocene,  where seawater major ion, δ11Bsw, DIC can be anchored at modern values.",FALSE,TRUE,"boron_isotopes_sosdian_2018.xlsx",239,1326,240
"boron_isotopes_sosdian_2018.xlsx","boron isotopes",240,2018,"ODP 999_A_10_2_121_123","ODP 999",,,12.75,-78.73,2.648257813,"Globigerinoides ruber white","300-355",,"3.67142426423242",,264.2068,20.42573,0.093641294,3.67142426423242,0.0991284551342753,25.5264569774865,"This study explored a range of options for the Mg and Ca elemental composition of seawater, depth of the CCD and d11Bsw. However, for the most recent Plio-Pleistocene data (0-3.5 Ma), we used an alternative scenario for the Plio-Pleistocene,  where seawater major ion, δ11Bsw, DIC can be anchored at modern values.",FALSE,TRUE,"boron_isotopes_sosdian_2018.xlsx",240,1327,241
"boron_isotopes_sosdian_2018.xlsx","boron isotopes",241,2018,"ODP 999_A_10_3_19_20","ODP 999",,,12.75,-78.73,2.664697021,"Globigerinoides ruber white","300-355",,"4.11776858480997",,283.8427,20.3588,0.11260533,4.11776858480997,0.111179751789869,26.8031933691451,"This study explored a range of options for the Mg and Ca elemental composition of seawater, depth of the CCD and d11Bsw. However, for the most recent Plio-Pleistocene data (0-3.5 Ma), we used an alternative scenario for the Plio-Pleistocene,  where seawater major ion, δ11Bsw, DIC can be anchored at modern values.",FALSE,TRUE,"boron_isotopes_sosdian_2018.xlsx",241,1328,242
"boron_isotopes_sosdian_2018.xlsx","boron isotopes",242,2018,"ODP 999_A_10_3_50_52","ODP 999",,,12.75,-78.73,2.673016113,"Globigerinoides ruber white","300-355",,"3.6149397366904",,247.5068,20.57567,0.109364362,3.6149397366904,0.0976033728906407,25.3571054985303,"This study explored a range of options for the Mg and Ca elemental composition of seawater, depth of the CCD and d11Bsw. However, for the most recent Plio-Pleistocene data (0-3.5 Ma), we used an alternative scenario for the Plio-Pleistocene,  where seawater major ion, δ11Bsw, DIC can be anchored at modern values.",FALSE,TRUE,"boron_isotopes_sosdian_2018.xlsx",242,1329,243
"boron_isotopes_sosdian_2018.xlsx","boron isotopes",243,2018,"ODP 999_A_10_3_77_79","ODP 999",,,12.75,-78.73,2.680359375,"Globigerinoides ruber white","300-355",,"3.34138425602064",,297.9658,20.04105,0.094179804,3.34138425602064,0.0902173749125573,24.4836381499288,"This study explored a range of options for the Mg and Ca elemental composition of seawater, depth of the CCD and d11Bsw. However, for the most recent Plio-Pleistocene data (0-3.5 Ma), we used an alternative scenario for the Plio-Pleistocene,  where seawater major ion, δ11Bsw, DIC can be anchored at modern values.",FALSE,TRUE,"boron_isotopes_sosdian_2018.xlsx",243,1330,244
"boron_isotopes_sosdian_2018.xlsx","boron isotopes",244,2018,"ODP 999_A_10_3_100_102","ODP 999",,,12.75,-78.73,2.686560303,"Globigerinoides ruber white","300-355",,"3.27665951068349",,265.0711,20.31268,0.100049095,3.27665951068349,0.0884698067884544,24.2670283512329,"This study explored a range of options for the Mg and Ca elemental composition of seawater, depth of the CCD and d11Bsw. However, for the most recent Plio-Pleistocene data (0-3.5 Ma), we used an alternative scenario for the Plio-Pleistocene,  where seawater major ion, δ11Bsw, DIC can be anchored at modern values.",FALSE,TRUE,"boron_isotopes_sosdian_2018.xlsx",244,1331,245
"boron_isotopes_sosdian_2018.xlsx","boron isotopes",245,2018,"ODP 999_A_10_3_140_142","ODP 999",,,12.75,-78.73,2.695158203,"Globigerinoides ruber white","300-355",,"3.12974908371551",,256.3254,20.34747,0.090696233,3.12974908371551,0.0845032252603189,23.7583577048612,"This study explored a range of options for the Mg and Ca elemental composition of seawater, depth of the CCD and d11Bsw. However, for the most recent Plio-Pleistocene data (0-3.5 Ma), we used an alternative scenario for the Plio-Pleistocene,  where seawater major ion, δ11Bsw, DIC can be anchored at modern values.",FALSE,TRUE,"boron_isotopes_sosdian_2018.xlsx",245,1332,246
"boron_isotopes_sosdian_2018.xlsx","boron isotopes",246,2018,"ODP 999_A_10_4_14_16","ODP 999",,,12.75,-78.73,2.700043457,"Globigerinoides ruber white","300-355",,"3.21302964546631",,221.6276,20.74582,0.217232989,3.21302964546631,0.0867518004275904,24.0507279909619,"This study explored a range of options for the Mg and Ca elemental composition of seawater, depth of the CCD and d11Bsw. However, for the most recent Plio-Pleistocene data (0-3.5 Ma), we used an alternative scenario for the Plio-Pleistocene,  where seawater major ion, δ11Bsw, DIC can be anchored at modern values.",FALSE,TRUE,"boron_isotopes_sosdian_2018.xlsx",246,1333,247
"boron_isotopes_sosdian_2018.xlsx","boron isotopes",247,2018,"ODP 999_A_10_4_29_31","ODP 999",,,12.75,-78.73,2.703202637,"Globigerinoides ruber white","300-355",,"3.26240680474673",,294.1015,20.05298,0.127263224,3.26240680474673,0.0880849837281618,24.2205550216494,"This study explored a range of options for the Mg and Ca elemental composition of seawater, depth of the CCD and d11Bsw. However, for the most recent Plio-Pleistocene data (0-3.5 Ma), we used an alternative scenario for the Plio-Pleistocene,  where seawater major ion, δ11Bsw, DIC can be anchored at modern values.",FALSE,TRUE,"boron_isotopes_sosdian_2018.xlsx",247,1334,248
"boron_isotopes_sosdian_2018.xlsx","boron isotopes",248,2018,"ODP 999_A_10_4_49_51","ODP 999",,,12.75,-78.73,2.707214111,"Globigerinoides ruber white","300-355",,"3.32725699764649",,246.2903,20.5103,0.088837017,3.32725699764649,0.0898359389364553,24.4397284909156,"This study explored a range of options for the Mg and Ca elemental composition of seawater, depth of the CCD and d11Bsw. However, for the most recent Plio-Pleistocene data (0-3.5 Ma), we used an alternative scenario for the Plio-Pleistocene,  where seawater major ion, δ11Bsw, DIC can be anchored at modern values.",FALSE,TRUE,"boron_isotopes_sosdian_2018.xlsx",248,1335,249
"boron_isotopes_sosdian_2018.xlsx","boron isotopes",249,2018,"ODP 999_A_10_4_148_150","ODP 999",,,12.75,-78.73,2.745515625,"Globigerinoides ruber white","300-355",,"3.60260849158591",,313.0902,19.99044,0.094352039,3.60260849158591,0.0972704292728196,25.3276887249244,"This study explored a range of options for the Mg and Ca elemental composition of seawater, depth of the CCD and d11Bsw. However, for the most recent Plio-Pleistocene data (0-3.5 Ma), we used an alternative scenario for the Plio-Pleistocene,  where seawater major ion, δ11Bsw, DIC can be anchored at modern values.",FALSE,TRUE,"boron_isotopes_sosdian_2018.xlsx",249,1336,250
"boron_isotopes_sosdian_2018.xlsx","boron isotopes",250,2018,"ODP 999_A_10_5_22_24","ODP 999",,,12.75,-78.73,2.751482666,"Globigerinoides ruber white","300-355",,"3.58499709384601",,297.451,20.11,0.146064706,3.58499709384601,0.0967949215338423,25.2739422891102,"This study explored a range of options for the Mg and Ca elemental composition of seawater, depth of the CCD and d11Bsw. However, for the most recent Plio-Pleistocene data (0-3.5 Ma), we used an alternative scenario for the Plio-Pleistocene,  where seawater major ion, δ11Bsw, DIC can be anchored at modern values.",FALSE,TRUE,"boron_isotopes_sosdian_2018.xlsx",250,1337,251
"boron_isotopes_sosdian_2018.xlsx","boron isotopes",251,2018,"ODP 999_A_10_5_71_73","ODP 999",,,12.75,-78.73,2.764187012,"Globigerinoides ruber white","300-355",,"3.54770681738773",,328.6703,19.85953,0.107019087,3.54770681738773,0.0957880840694686,25.1592597862805,"This study explored a range of options for the Mg and Ca elemental composition of seawater, depth of the CCD and d11Bsw. However, for the most recent Plio-Pleistocene data (0-3.5 Ma), we used an alternative scenario for the Plio-Pleistocene,  where seawater major ion, δ11Bsw, DIC can be anchored at modern values.",FALSE,TRUE,"boron_isotopes_sosdian_2018.xlsx",251,1338,252
"boron_isotopes_sosdian_2018.xlsx","boron isotopes",252,2018,"ODP 999_A_10_5_120_122","ODP 999",,,12.75,-78.73,2.777480957,"Globigerinoides ruber white","300-355",,"3.3424264849756",,260.5014,20.37055,0.093124296,3.3424264849756,0.0902455150943412,24.4985560663452,"This study explored a range of options for the Mg and Ca elemental composition of seawater, depth of the CCD and d11Bsw. However, for the most recent Plio-Pleistocene data (0-3.5 Ma), we used an alternative scenario for the Plio-Pleistocene,  where seawater major ion, δ11Bsw, DIC can be anchored at modern values.",FALSE,TRUE,"boron_isotopes_sosdian_2018.xlsx",252,1339,253
"boron_isotopes_sosdian_2018.xlsx","boron isotopes",253,2018,"ODP 999_A_10_6_48_50","ODP 999",,,12.75,-78.73,2.798543701,"Globigerinoides ruber white","300-355",,"3.51784289082743",,262.7117,20.39716,0.108623541,3.51784289082743,0.0949817580523406,25.0693829595783,"This study explored a range of options for the Mg and Ca elemental composition of seawater, depth of the CCD and d11Bsw. However, for the most recent Plio-Pleistocene data (0-3.5 Ma), we used an alternative scenario for the Plio-Pleistocene,  where seawater major ion, δ11Bsw, DIC can be anchored at modern values.",FALSE,TRUE,"boron_isotopes_sosdian_2018.xlsx",253,1340,254
"boron_isotopes_sosdian_2018.xlsx","boron isotopes",254,2018,"ODP 999_A_10_6_127_129","ODP 999",,,12.75,-78.73,2.83017627,"Globigerinoides ruber white","300-355",,"3.87306522359502",,295.4651,20.1979,0.105442673,3.87306522359502,0.104572761037066,26.1419809703184,"This study explored a range of options for the Mg and Ca elemental composition of seawater, depth of the CCD and d11Bsw. However, for the most recent Plio-Pleistocene data (0-3.5 Ma), we used an alternative scenario for the Plio-Pleistocene,  where seawater major ion, δ11Bsw, DIC can be anchored at modern values.",FALSE,TRUE,"boron_isotopes_sosdian_2018.xlsx",254,1341,255
"boron_isotopes_sosdian_2018.xlsx","boron isotopes",255,2018,"ODP 999_A_10_6_132_134","ODP 999",,,12.75,-78.73,2.831683838,"Globigerinoides ruber white","300-355",,"3.68097353064824",,331.0052,19.87284,0.240438323,3.68097353064824,0.0993862853275024,25.5769477914841,"This study explored a range of options for the Mg and Ca elemental composition of seawater, depth of the CCD and d11Bsw. However, for the most recent Plio-Pleistocene data (0-3.5 Ma), we used an alternative scenario for the Plio-Pleistocene,  where seawater major ion, δ11Bsw, DIC can be anchored at modern values.",FALSE,TRUE,"boron_isotopes_sosdian_2018.xlsx",255,1342,256
"boron_isotopes_sosdian_2018.xlsx","boron isotopes",256,2018,"ODP 999_A_10_7_10_12","ODP 999",,,12.75,-78.73,2.838900635,"Globigerinoides ruber white","300-355",,"3.46578698025593",,353.8113,19.67065,0.095088859,3.46578698025593,0.0935762484669102,24.9084924077639,"This study explored a range of options for the Mg and Ca elemental composition of seawater, depth of the CCD and d11Bsw. However, for the most recent Plio-Pleistocene data (0-3.5 Ma), we used an alternative scenario for the Plio-Pleistocene,  where seawater major ion, δ11Bsw, DIC can be anchored at modern values.",FALSE,TRUE,"boron_isotopes_sosdian_2018.xlsx",256,1343,257
"boron_isotopes_sosdian_2018.xlsx","boron isotopes",257,2018,"ODP 999_A_10_7_50_52","ODP 999",,,12.75,-78.73,2.849182373,"Globigerinoides ruber white","300-355",,"3.36266173091976",,283.8922,20.16006,0.111171903,3.36266173091976,0.0907918667348335,24.5740720450646,"This study explored a range of options for the Mg and Ca elemental composition of seawater, depth of the CCD and d11Bsw. However, for the most recent Plio-Pleistocene data (0-3.5 Ma), we used an alternative scenario for the Plio-Pleistocene,  where seawater major ion, δ11Bsw, DIC can be anchored at modern values.",FALSE,TRUE,"boron_isotopes_sosdian_2018.xlsx",257,1344,258
"boron_isotopes_sosdian_2018.xlsx","boron isotopes",258,2018,"ODP 999_A_10_CC_19_21","ODP 999",,,12.75,-78.73,2.858321045,"Globigerinoides ruber white","300-355",,"3.1316012127255",,398.7617,19.31226,0.099492488,3.1316012127255,0.0845532327435884,23.7841667889122,"This study explored a range of options for the Mg and Ca elemental composition of seawater, depth of the CCD and d11Bsw. However, for the most recent Plio-Pleistocene data (0-3.5 Ma), we used an alternative scenario for the Plio-Pleistocene,  where seawater major ion, δ11Bsw, DIC can be anchored at modern values.",FALSE,TRUE,"boron_isotopes_sosdian_2018.xlsx",258,1345,259
"boron_isotopes_sosdian_2018.xlsx","boron isotopes",259,2018,"ODP 999_A_11_1_89_90","ODP 999",,,12.75,-78.73,2.912384277,"Globigerinoides ruber white","300-355",,"3.15755656442987",,335.9152,19.70327,0.096916661,3.15755656442987,0.0852540272396065,23.882248502514,"This study explored a range of options for the Mg and Ca elemental composition of seawater, depth of the CCD and d11Bsw. However, for the most recent Plio-Pleistocene data (0-3.5 Ma), we used an alternative scenario for the Plio-Pleistocene,  where seawater major ion, δ11Bsw, DIC can be anchored at modern values.",FALSE,TRUE,"boron_isotopes_sosdian_2018.xlsx",259,1346,260
"boron_isotopes_sosdian_2018.xlsx","boron isotopes",260,2018,"ODP 999_A_11_1_122_124","ODP 999",,,12.75,-78.73,2.92355957,"Globigerinoides ruber white","300-355",,"3.11125000607432",,340.1448,19.65744,0.103841052,3.11125000607432,0.0840037501640067,23.7194104443584,"This study explored a range of options for the Mg and Ca elemental composition of seawater, depth of the CCD and d11Bsw. However, for the most recent Plio-Pleistocene data (0-3.5 Ma), we used an alternative scenario for the Plio-Pleistocene,  where seawater major ion, δ11Bsw, DIC can be anchored at modern values.",FALSE,TRUE,"boron_isotopes_sosdian_2018.xlsx",260,1347,261
"boron_isotopes_sosdian_2018.xlsx","boron isotopes",261,2018,"ODP 999_A_11_2_27_29","ODP 999",,,12.75,-78.73,2.941578125,"Globigerinoides ruber white","300-355",,"3.4286473195322",,308.2545,19.9735,0.090771785,3.4286473195322,0.0925734776273695,24.8008801010952,"This study explored a range of options for the Mg and Ca elemental composition of seawater, depth of the CCD and d11Bsw. However, for the most recent Plio-Pleistocene data (0-3.5 Ma), we used an alternative scenario for the Plio-Pleistocene,  where seawater major ion, δ11Bsw, DIC can be anchored at modern values.",FALSE,TRUE,"boron_isotopes_sosdian_2018.xlsx",261,1348,262
"boron_isotopes_sosdian_2018.xlsx","boron isotopes",262,2018,"ODP 999_A_11_2_53_57","ODP 999",,,12.75,-78.73,2.950492676,"Globigerinoides ruber white","300-355",,"3.06186687897234",,323.3422,19.75671,0.111867002,3.06186687897234,0.0826704057322531,23.5448079827227,"This study explored a range of options for the Mg and Ca elemental composition of seawater, depth of the CCD and d11Bsw. However, for the most recent Plio-Pleistocene data (0-3.5 Ma), we used an alternative scenario for the Plio-Pleistocene,  where seawater major ion, δ11Bsw, DIC can be anchored at modern values.",FALSE,TRUE,"boron_isotopes_sosdian_2018.xlsx",262,1349,263
"boron_isotopes_sosdian_2018.xlsx","boron isotopes",263,2018,"ODP 999_A_11_2_55_57","ODP 999",,,12.75,-78.73,2.951161377,"Globigerinoides ruber white","300-355",,"3.22365997429608",,375.8976,19.46,0.200511776,3.22365997429608,0.0870388193059942,24.1170259799675,"This study explored a range of options for the Mg and Ca elemental composition of seawater, depth of the CCD and d11Bsw. However, for the most recent Plio-Pleistocene data (0-3.5 Ma), we used an alternative scenario for the Plio-Pleistocene,  where seawater major ion, δ11Bsw, DIC can be anchored at modern values.",FALSE,TRUE,"boron_isotopes_sosdian_2018.xlsx",263,1350,264
"boron_isotopes_sosdian_2018.xlsx","boron isotopes",264,2018,"ODP 999_A_11_2_80_82","ODP 999",,,12.75,-78.73,2.959599365,"Globigerinoides ruber white","300-355",,"3.86062106864647",,317.3014,20.00959,0.090781643,3.86062106864647,0.104236768853455,26.1214722565432,"This study explored a range of options for the Mg and Ca elemental composition of seawater, depth of the CCD and d11Bsw. However, for the most recent Plio-Pleistocene data (0-3.5 Ma), we used an alternative scenario for the Plio-Pleistocene,  where seawater major ion, δ11Bsw, DIC can be anchored at modern values.",FALSE,TRUE,"boron_isotopes_sosdian_2018.xlsx",264,1351,265
"boron_isotopes_sosdian_2018.xlsx","boron isotopes",265,2018,"ODP 999_A_11_2_139_140","ODP 999",,,12.75,-78.73,2.978066406,"Globigerinoides ruber white","300-355",,"3.39799228907654",,300.6724,20.02403,0.088352811,3.39799228907654,0.0917457918050666,24.7053881819357,"This study explored a range of options for the Mg and Ca elemental composition of seawater, depth of the CCD and d11Bsw. However, for the most recent Plio-Pleistocene data (0-3.5 Ma), we used an alternative scenario for the Plio-Pleistocene,  where seawater major ion, δ11Bsw, DIC can be anchored at modern values.",FALSE,TRUE,"boron_isotopes_sosdian_2018.xlsx",265,1352,266
"boron_isotopes_sosdian_2018.xlsx","boron isotopes",266,2018,"ODP 999_A_11_3_90_92","ODP 999",,,12.75,-78.73,3.002813721,"Globigerinoides ruber white","300-355",,"3.2754998282476",,333.6688,19.7427,0.101889345,3.2754998282476,0.0884384953626851,24.3003660988981,"This study explored a range of options for the Mg and Ca elemental composition of seawater, depth of the CCD and d11Bsw. However, for the most recent Plio-Pleistocene data (0-3.5 Ma), we used an alternative scenario for the Plio-Pleistocene,  where seawater major ion, δ11Bsw, DIC can be anchored at modern values.",FALSE,TRUE,"boron_isotopes_sosdian_2018.xlsx",266,1353,267
"boron_isotopes_sosdian_2018.xlsx","boron isotopes",267,2018,"ODP 999_A_11_3_123_125","ODP 999",,,12.75,-78.73,3.010996094,"Globigerinoides ruber white","300-355",,"3.18014891394193",,322.2832,19.7928,0.106408015,3.18014891394193,0.085864020676432,23.973080127996,"This study explored a range of options for the Mg and Ca elemental composition of seawater, depth of the CCD and d11Bsw. However, for the most recent Plio-Pleistocene data (0-3.5 Ma), we used an alternative scenario for the Plio-Pleistocene,  where seawater major ion, δ11Bsw, DIC can be anchored at modern values.",FALSE,TRUE,"boron_isotopes_sosdian_2018.xlsx",267,1354,268
"boron_isotopes_sosdian_2018.xlsx","boron isotopes",268,2018,"ODP 999_A_11_4_37_39","ODP 999",,,12.75,-78.73,3.027581543,"Globigerinoides ruber white","300-355",,"3.1843857901524",,342.7382,19.65352,0.095820127,3.1843857901524,0.0859784163341147,23.9898263571669,"This study explored a range of options for the Mg and Ca elemental composition of seawater, depth of the CCD and d11Bsw. However, for the most recent Plio-Pleistocene data (0-3.5 Ma), we used an alternative scenario for the Plio-Pleistocene,  where seawater major ion, δ11Bsw, DIC can be anchored at modern values.",FALSE,TRUE,"boron_isotopes_sosdian_2018.xlsx",268,1355,269
"boron_isotopes_sosdian_2018.xlsx","boron isotopes",269,2018,"ODP 999_A_11_4_93_95","ODP 999",,,12.75,-78.73,3.04266333,"Globigerinoides ruber white","300-355",,"3.21619030830873",,374.7481,19.45939,0.127131334,3.21619030830873,0.0868371383243356,24.10202536244,"This study explored a range of options for the Mg and Ca elemental composition of seawater, depth of the CCD and d11Bsw. However, for the most recent Plio-Pleistocene data (0-3.5 Ma), we used an alternative scenario for the Plio-Pleistocene,  where seawater major ion, δ11Bsw, DIC can be anchored at modern values.",FALSE,TRUE,"boron_isotopes_sosdian_2018.xlsx",269,1356,270
"boron_isotopes_sosdian_2018.xlsx","boron isotopes",270,2018,"ODP 999_A_11_4_120_122","ODP 999",,,12.75,-78.73,3.050016113,"Globigerinoides ruber white","300-355",,"3.74887065387519",,376.1905,19.58144,0.09380865,3.74887065387519,0.10121950765463,25.8057477911442,"This study explored a range of options for the Mg and Ca elemental composition of seawater, depth of the CCD and d11Bsw. However, for the most recent Plio-Pleistocene data (0-3.5 Ma), we used an alternative scenario for the Plio-Pleistocene,  where seawater major ion, δ11Bsw, DIC can be anchored at modern values.",FALSE,TRUE,"boron_isotopes_sosdian_2018.xlsx",270,1357,271
"boron_isotopes_sosdian_2018.xlsx","boron isotopes",271,2018,"ODP 999_A_11_5_2_4","ODP 999",,,12.75,-78.73,3.059026123,"Globigerinoides ruber white","300-355",,"3.46096323520747",,326.4802,19.83933,0.150337269,3.46096323520747,0.0934460073506016,24.9189452339207,"This study explored a range of options for the Mg and Ca elemental composition of seawater, depth of the CCD and d11Bsw. However, for the most recent Plio-Pleistocene data (0-3.5 Ma), we used an alternative scenario for the Plio-Pleistocene,  where seawater major ion, δ11Bsw, DIC can be anchored at modern values.",FALSE,TRUE,"boron_isotopes_sosdian_2018.xlsx",271,1358,272
"boron_isotopes_sosdian_2018.xlsx","boron isotopes",272,2018,"ODP 999_A_11_5_16_18","ODP 999",,,12.75,-78.73,3.062960938,"Globigerinoides ruber white","300-355",,"3.34973332390824",,369.6418,19.52278,0.114770092,3.34973332390824,0.0904427997455224,24.5564506220216,"This study explored a range of options for the Mg and Ca elemental composition of seawater, depth of the CCD and d11Bsw. However, for the most recent Plio-Pleistocene data (0-3.5 Ma), we used an alternative scenario for the Plio-Pleistocene,  where seawater major ion, δ11Bsw, DIC can be anchored at modern values.",FALSE,TRUE,"boron_isotopes_sosdian_2018.xlsx",272,1359,273
"boron_isotopes_sosdian_2018.xlsx","boron isotopes",273,2018,"ODP 999_A_11_5_28_30","ODP 999",,,12.75,-78.73,3.066538086,"Globigerinoides ruber white","300-355",,"3.2071428815076",,341.3928,19.6676,0.113555926,3.2071428815076,0.0865928578007052,24.0735354415633,"This study explored a range of options for the Mg and Ca elemental composition of seawater, depth of the CCD and d11Bsw. However, for the most recent Plio-Pleistocene data (0-3.5 Ma), we used an alternative scenario for the Plio-Pleistocene,  where seawater major ion, δ11Bsw, DIC can be anchored at modern values.",FALSE,TRUE,"boron_isotopes_sosdian_2018.xlsx",273,1360,274
"boron_isotopes_sosdian_2018.xlsx","boron isotopes",274,2018,"ODP 999_A_11_5_112_114","ODP 999",,,12.75,-78.73,3.09118335,"Globigerinoides ruber white","300-355",,"3.56610562767106",,303.9355,20.03352,0.108315068,3.56610562767106,0.0962848519471187,25.2552549768552,"This study explored a range of options for the Mg and Ca elemental composition of seawater, depth of the CCD and d11Bsw. However, for the most recent Plio-Pleistocene data (0-3.5 Ma), we used an alternative scenario for the Plio-Pleistocene,  where seawater major ion, δ11Bsw, DIC can be anchored at modern values.",FALSE,TRUE,"boron_isotopes_sosdian_2018.xlsx",274,1361,275
"boron_isotopes_sosdian_2018.xlsx","boron isotopes",275,2018,"ODP 999_A_11_5_142_144","ODP 999",,,12.75,-78.73,3.100177002,"Globigerinoides ruber white","300-355",,"3.45364601457506",,291.5539,20.10444,0.106359559,3.45364601457506,0.0932484423935265,24.9002729703927,"This study explored a range of options for the Mg and Ca elemental composition of seawater, depth of the CCD and d11Bsw. However, for the most recent Plio-Pleistocene data (0-3.5 Ma), we used an alternative scenario for the Plio-Pleistocene,  where seawater major ion, δ11Bsw, DIC can be anchored at modern values.",FALSE,TRUE,"boron_isotopes_sosdian_2018.xlsx",275,1362,276
"boron_isotopes_sosdian_2018.xlsx","boron isotopes",276,2018,"ODP 999_A_11_6_38_40","ODP 999",,,12.75,-78.73,3.114238281,"Globigerinoides ruber white","300-355",,"3.23440194952299",,350.0398,19.60958,0.09992519,3.23440194952299,0.0873288526371208,24.1731896002537,"This study explored a range of options for the Mg and Ca elemental composition of seawater, depth of the CCD and d11Bsw. However, for the most recent Plio-Pleistocene data (0-3.5 Ma), we used an alternative scenario for the Plio-Pleistocene,  where seawater major ion, δ11Bsw, DIC can be anchored at modern values.",FALSE,TRUE,"boron_isotopes_sosdian_2018.xlsx",276,1363,277
"boron_isotopes_sosdian_2018.xlsx","boron isotopes",277,2018,"ODP 999_A_11_6_99_101","ODP 999",,,12.75,-78.73,3.133154785,"Globigerinoides ruber white","300-355",,"2.91490397406974",,309.3232,19.80492,0.130653451,2.91490397406974,0.0787024072998831,23.0197806077939,"This study explored a range of options for the Mg and Ca elemental composition of seawater, depth of the CCD and d11Bsw. However, for the most recent Plio-Pleistocene data (0-3.5 Ma), we used an alternative scenario for the Plio-Pleistocene,  where seawater major ion, δ11Bsw, DIC can be anchored at modern values.",FALSE,TRUE,"boron_isotopes_sosdian_2018.xlsx",277,1364,278
"boron_isotopes_sosdian_2018.xlsx","boron isotopes",278,2018,"ODP 999_A_11_6_127_129","ODP 999",,,12.75,-78.73,3.143166016,"Globigerinoides ruber white","300-355",,"3.19815703548803",,301.069,19.95084,0.148691102,3.19815703548803,0.0863502399581768,24.0513791319782,"This study explored a range of options for the Mg and Ca elemental composition of seawater, depth of the CCD and d11Bsw. However, for the most recent Plio-Pleistocene data (0-3.5 Ma), we used an alternative scenario for the Plio-Pleistocene,  where seawater major ion, δ11Bsw, DIC can be anchored at modern values.",FALSE,TRUE,"boron_isotopes_sosdian_2018.xlsx",278,1365,279
"boron_isotopes_sosdian_2018.xlsx","boron isotopes",279,2018,"ODP 999_A_11_7_0_2","ODP 999",,,12.75,-78.73,3.151899902,"Globigerinoides ruber white","300-355",,"2.98829470338781",,356.3121,19.50743,0.333086746,2.98829470338781,0.0806839569914709,23.2982754473348,"This study explored a range of options for the Mg and Ca elemental composition of seawater, depth of the CCD and d11Bsw. However, for the most recent Plio-Pleistocene data (0-3.5 Ma), we used an alternative scenario for the Plio-Pleistocene,  where seawater major ion, δ11Bsw, DIC can be anchored at modern values.",FALSE,TRUE,"boron_isotopes_sosdian_2018.xlsx",279,1366,280
"boron_isotopes_sosdian_2018.xlsx","boron isotopes",280,2018,"ODP 999_A_11_7_16_18","ODP 999",,,12.75,-78.73,3.157937012,"Globigerinoides ruber white","300-355",,"3.2737021241846",,306.5547,19.93,0.113280686,3.2737021241846,0.0883899573529843,24.3125258210563,"This study explored a range of options for the Mg and Ca elemental composition of seawater, depth of the CCD and d11Bsw. However, for the most recent Plio-Pleistocene data (0-3.5 Ma), we used an alternative scenario for the Plio-Pleistocene,  where seawater major ion, δ11Bsw, DIC can be anchored at modern values.",FALSE,TRUE,"boron_isotopes_sosdian_2018.xlsx",280,1367,281
"boron_isotopes_sosdian_2018.xlsx","boron isotopes",281,2018,"ODP 999_A_11_7_53_55","ODP 999",,,12.75,-78.73,3.171554932,"Globigerinoides ruber white","300-355",,"3.66481801645565",,401.7231,19.40648,0.112336896,3.66481801645565,0.0989500864443025,25.568096848574,"This study explored a range of options for the Mg and Ca elemental composition of seawater, depth of the CCD and d11Bsw. However, for the most recent Plio-Pleistocene data (0-3.5 Ma), we used an alternative scenario for the Plio-Pleistocene,  where seawater major ion, δ11Bsw, DIC can be anchored at modern values.",FALSE,TRUE,"boron_isotopes_sosdian_2018.xlsx",281,1368,282
"boron_isotopes_sosdian_2018.xlsx","boron isotopes",282,2018,"ODP 999_A_11_CC_3_5","ODP 999",,,12.75,-78.73,3.179787109,"Globigerinoides ruber white","300-355",,"3.5711636470697",,343.0731,19.74612,0.093528345,3.5711636470697,0.096421418470882,25.2814299984764,"This study explored a range of options for the Mg and Ca elemental composition of seawater, depth of the CCD and d11Bsw. However, for the most recent Plio-Pleistocene data (0-3.5 Ma), we used an alternative scenario for the Plio-Pleistocene,  where seawater major ion, δ11Bsw, DIC can be anchored at modern values.",FALSE,TRUE,"boron_isotopes_sosdian_2018.xlsx",282,1369,283
"boron_isotopes_sosdian_2018.xlsx","boron isotopes",283,2018,"ODP 999_A_12_1_4_6","ODP 999",,,12.75,-78.73,3.189189941,"Globigerinoides ruber white","300-355",,"3.81074678531362",,261.3622,20.46383,0.098452018,3.81074678531362,0.102890163203468,26.0040215837712,"This study explored a range of options for the Mg and Ca elemental composition of seawater, depth of the CCD and d11Bsw. However, for the most recent Plio-Pleistocene data (0-3.5 Ma), we used an alternative scenario for the Plio-Pleistocene,  where seawater major ion, δ11Bsw, DIC can be anchored at modern values.",FALSE,TRUE,"boron_isotopes_sosdian_2018.xlsx",283,1370,284
"boron_isotopes_sosdian_2018.xlsx","boron isotopes",284,2018,"ODP 999_A_12_1_29_30","ODP 999",,,12.75,-78.73,3.198729248,"Globigerinoides ruber white","300-355",,"3.57678512303052",,300.2886,20.0614,0.116816926,3.57678512303052,0.0965731983218239,25.3011350353864,"This study explored a range of options for the Mg and Ca elemental composition of seawater, depth of the CCD and d11Bsw. However, for the most recent Plio-Pleistocene data (0-3.5 Ma), we used an alternative scenario for the Plio-Pleistocene,  where seawater major ion, δ11Bsw, DIC can be anchored at modern values.",FALSE,TRUE,"boron_isotopes_sosdian_2018.xlsx",284,1371,285
"boron_isotopes_sosdian_2018.xlsx","boron isotopes",285,2018,"ODP 999_A_12_1_57_59","ODP 999",,,12.75,-78.73,3.209375244,"Globigerinoides ruber white","300-355",,"3.73101695014535",,297.3373,20.12325,0.14652628,3.73101695014535,0.100737457653925,25.7714590684783,"This study explored a range of options for the Mg and Ca elemental composition of seawater, depth of the CCD and d11Bsw. However, for the most recent Plio-Pleistocene data (0-3.5 Ma), we used an alternative scenario for the Plio-Pleistocene,  where seawater major ion, δ11Bsw, DIC can be anchored at modern values.",FALSE,TRUE,"boron_isotopes_sosdian_2018.xlsx",285,1372,286
"boron_isotopes_sosdian_2018.xlsx","boron isotopes",286,2018,"ODP 999_A_12_1_99_101","ODP 999",,,12.75,-78.73,3.224604492,"Globigerinoides ruber white","300-355",,"3.51003620690161",,337.0032,19.76645,0.127437007,3.51003620690161,0.0947709775863434,25.0948673088026,"This study explored a range of options for the Mg and Ca elemental composition of seawater, depth of the CCD and d11Bsw. However, for the most recent Plio-Pleistocene data (0-3.5 Ma), we used an alternative scenario for the Plio-Pleistocene,  where seawater major ion, δ11Bsw, DIC can be anchored at modern values.",FALSE,TRUE,"boron_isotopes_sosdian_2018.xlsx",286,1373,287
"boron_isotopes_sosdian_2018.xlsx","boron isotopes",287,2018,"ODP 999_A_12_1_143_145","ODP 999",,,12.75,-78.73,3.239885986,"Globigerinoides ruber white","300-355",,"3.30235521603336",,374.7594,19.47,0.245767399,3.30235521603336,0.0891635908329008,24.4189931960523,"This study explored a range of options for the Mg and Ca elemental composition of seawater, depth of the CCD and d11Bsw. However, for the most recent Plio-Pleistocene data (0-3.5 Ma), we used an alternative scenario for the Plio-Pleistocene,  where seawater major ion, δ11Bsw, DIC can be anchored at modern values.",FALSE,TRUE,"boron_isotopes_sosdian_2018.xlsx",287,1374,288
"boron_isotopes_sosdian_2018.xlsx","boron isotopes",288,2018,"ODP 999_A_12_2_2_4","ODP 999",,,12.75,-78.73,3.242925293,"Globigerinoides ruber white","300-355",,"3.20459878902389",,316.6927,19.8293,0.110349244,3.20459878902389,0.0865241673036452,24.0854727071913,"This study explored a range of options for the Mg and Ca elemental composition of seawater, depth of the CCD and d11Bsw. However, for the most recent Plio-Pleistocene data (0-3.5 Ma), we used an alternative scenario for the Plio-Pleistocene,  where seawater major ion, δ11Bsw, DIC can be anchored at modern values.",FALSE,TRUE,"boron_isotopes_sosdian_2018.xlsx",288,1375,289
"boron_isotopes_sosdian_2018.xlsx","boron isotopes",289,2018,"ODP 999_A_12_2_10_12","ODP 999",,,12.75,-78.73,3.245811768,"Globigerinoides ruber white","300-355",,"3.55174392688347",,287.5616,20.1553,0.096271976,3.55174392688347,0.0958970860258537,25.228610306929,"This study explored a range of options for the Mg and Ca elemental composition of seawater, depth of the CCD and d11Bsw. However, for the most recent Plio-Pleistocene data (0-3.5 Ma), we used an alternative scenario for the Plio-Pleistocene,  where seawater major ion, δ11Bsw, DIC can be anchored at modern values.",FALSE,TRUE,"boron_isotopes_sosdian_2018.xlsx",289,1376,290
"boron_isotopes_sosdian_2018.xlsx","boron isotopes",290,2018,"ODP 999_A_12_2_50_52","ODP 999",,,12.75,-78.73,3.259577881,"Globigerinoides ruber white","300-355",,"3.32994066198268",,312.4197,19.89508,0.187373143,3.32994066198268,0.0899083978735323,24.5137376982434,"This study explored a range of options for the Mg and Ca elemental composition of seawater, depth of the CCD and d11Bsw. However, for the most recent Plio-Pleistocene data (0-3.5 Ma), we used an alternative scenario for the Plio-Pleistocene,  where seawater major ion, δ11Bsw, DIC can be anchored at modern values.",FALSE,TRUE,"boron_isotopes_sosdian_2018.xlsx",290,1377,291
"boron_isotopes_sosdian_2018.xlsx","boron isotopes",291,2018,"ODP 999_A_12_2_80_82","ODP 999",,,12.75,-78.73,3.270168457,"Globigerinoides ruber white","300-355",,"3.90515415710561",,328.8271,19.91711,0.225041392,3.90515415710561,0.105439162241852,26.2854584343382,"This study explored a range of options for the Mg and Ca elemental composition of seawater, depth of the CCD and d11Bsw. However, for the most recent Plio-Pleistocene data (0-3.5 Ma), we used an alternative scenario for the Plio-Pleistocene,  where seawater major ion, δ11Bsw, DIC can be anchored at modern values.",FALSE,TRUE,"boron_isotopes_sosdian_2018.xlsx",291,1378,292
"boron_isotopes_sosdian_2018.xlsx","boron isotopes",292,2018,"ODP 999_A_12_2_110_112","ODP 999",,,12.75,-78.73,3.280600586,"Globigerinoides ruber white","300-355",,"3.41108425857765",,284.044,20.14843,0.116103674,3.41108425857765,0.0920992749815964,24.7837179285002,"This study explored a range of options for the Mg and Ca elemental composition of seawater, depth of the CCD and d11Bsw. However, for the most recent Plio-Pleistocene data (0-3.5 Ma), we used an alternative scenario for the Plio-Pleistocene,  where seawater major ion, δ11Bsw, DIC can be anchored at modern values.",FALSE,TRUE,"boron_isotopes_sosdian_2018.xlsx",292,1379,293
"boron_isotopes_stap_2016.xlsx","boron isotopes",4,2016,"1264_A_1_1_4_6","1264",,,-28.53,2.85,0.5387,"G. sacculifer","250-355 µm",,,,162.2265625,21.1567103132201,0.28,,,22.16161,"all d11B data analyzed under the assumption that the foraminifera contained 7 ppm B; B concentration was assumed but not specifically determined",FALSE,TRUE,"boron_isotopes_stap_2016.xlsx",4,1380,5
"boron_isotopes_stap_2016.xlsx","boron isotopes",5,2016,"1264_A_1_1_7_8","1264",,,-28.53,2.85,0.5418,"G. sacculifer","250-355 µm",,,,281.477600097656,19.1962165660852,0.28,,,22.16254,"all d11B data analyzed under the assumption that the foraminifera contained 7 ppm B; B concentration was assumed but not specifically determined",FALSE,TRUE,"boron_isotopes_stap_2016.xlsx",5,1381,6
"boron_isotopes_stap_2016.xlsx","boron isotopes",6,2016,"1264_A_1_1_22_23","1264",,,-28.53,2.85,0.5963,"G. sacculifer","250-355 µm",,,,162.81916809082,21.1388049433822,0.28,,,22.17889,"all d11B data analyzed under the assumption that the foraminifera contained 7 ppm B; B concentration was assumed but not specifically determined",FALSE,TRUE,"boron_isotopes_stap_2016.xlsx",6,1382,7
"boron_isotopes_stap_2016.xlsx","boron isotopes",7,2016,"1264_A_1_1_32_34","1264",,,-28.53,2.85,0.6204,"G. sacculifer","250-355 µm",,,,169.249374389648,20.9913612555635,0.28,,,22.25764,"all d11B data analyzed under the assumption that the foraminifera contained 7 ppm B; B concentration was assumed but not specifically determined",FALSE,TRUE,"boron_isotopes_stap_2016.xlsx",7,1383,8
"boron_isotopes_stap_2016.xlsx","boron isotopes",8,2016,"1264_A_1_1_89_91","1264",,,-28.53,2.85,0.7579,"G. sacculifer","250-355 µm",,,,174.843338012695,20.8622714020874,0.544163640371806,,,22.18612,"all d11B data analyzed under the assumption that the foraminifera contained 7 ppm B; B concentration was assumed but not specifically determined",FALSE,TRUE,"boron_isotopes_stap_2016.xlsx",8,1384,9
"boron_isotopes_stap_2016.xlsx","boron isotopes",9,2016,"1264_A_1_1_119_121","1264",,,-28.53,2.85,0.8194,"G. sacculifer","250-355 µm",,,,152.200103759766,21.3743460325727,0.28,,,22.22737,"all d11B data analyzed under the assumption that the foraminifera contained 7 ppm B; B concentration was assumed but not specifically determined",FALSE,TRUE,"boron_isotopes_stap_2016.xlsx",9,1385,10
"boron_isotopes_stap_2016.xlsx","boron isotopes",10,2016,"1264_A_1_1_137_138","1264",,,-28.53,2.85,0.8588,"G. sacculifer","250-355 µm",,,,168.452102661133,20.9913612555635,0.28,,,22.24582,"all d11B data analyzed under the assumption that the foraminifera contained 7 ppm B; B concentration was assumed but not specifically determined",FALSE,TRUE,"boron_isotopes_stap_2016.xlsx",10,1386,11
"boron_isotopes_stap_2016.xlsx","boron isotopes",11,2016,"1264_A_1_2_32_34","1264",,,-28.53,2.85,0.9445,"G. sacculifer","250-355 µm",,,,183.292556762695,20.6715638556122,0.28,,,22.28335,"all d11B data analyzed under the assumption that the foraminifera contained 7 ppm B; B concentration was assumed but not specifically determined",FALSE,TRUE,"boron_isotopes_stap_2016.xlsx",11,1387,12
"boron_isotopes_stap_2016.xlsx","boron isotopes",12,2016,"1264_A_1_6_32_34","1264",,,-28.53,2.85,1.8204,"G. sacculifer","250-355 µm",,,,249.661880493164,19.4982057747501,0.28,,,22.54612,"all d11B data analyzed under the assumption that the foraminifera contained 7 ppm B; B concentration was assumed but not specifically determined",FALSE,TRUE,"boron_isotopes_stap_2016.xlsx",12,1388,13
"boron_isotopes_stap_2016.xlsx","boron isotopes",13,2016,"1264_A_2_4_32_34","1264",,,-28.53,2.85,2.736,"G. sacculifer","250-355 µm",,,,273.809936523438,19.1063068153312,0.702120910136209,,,22.8208,"all d11B data analyzed under the assumption that the foraminifera contained 7 ppm B; B concentration was assumed but not specifically determined",FALSE,TRUE,"boron_isotopes_stap_2016.xlsx",13,1389,14
"boron_isotopes_stap_2016.xlsx","boron isotopes",14,2016,"1264_A_2_5_32_34","1264",,,-28.53,2.85,2.8872,"G. sacculifer","250-355 µm",,,,481.256500244141,17.3518809965386,0.307996164153423,,,22.86616,"all d11B data analyzed under the assumption that the foraminifera contained 7 ppm B; B concentration was assumed but not specifically determined",FALSE,TRUE,"boron_isotopes_stap_2016.xlsx",14,1390,15
"boron_isotopes_stap_2016.xlsx","boron isotopes",15,2016,"1264_A_2_6_32_34","1264",,,-28.53,2.85,3.0408,"G. sacculifer","250-355 µm",,,,,16.7560247891094,0.975926780523756,,,,"all d11B data analyzed under the assumption that the foraminifera contained 7 ppm B; B concentration was assumed but not specifically determined; data considered outlier by original study",FALSE,TRUE,"boron_isotopes_stap_2016.xlsx",15,1391,16
"boron_isotopes_stap_2016.xlsx","boron isotopes",16,2016,"1264_A_2_7_32_34","1264",,,-28.53,2.85,3.2145,"G. sacculifer","250-355 µm",,,,423.477935791016,17.6821398409821,0.28,,,22.96435,"all d11B data analyzed under the assumption that the foraminifera contained 7 ppm B; B concentration was assumed but not specifically determined",FALSE,TRUE,"boron_isotopes_stap_2016.xlsx",16,1392,17
"boron_isotopes_stap_2016.xlsx","boron isotopes",17,2016,"1264_A_3_4_32_34","1264",,,-28.53,2.85,3.6594,"G. sacculifer","250-355 µm",,,,356.763732910156,18.1533382055881,0.313832433635185,,,23.09782,"all d11B data analyzed under the assumption that the foraminifera contained 7 ppm B; B concentration was assumed but not specifically determined",FALSE,TRUE,"boron_isotopes_stap_2016.xlsx",17,1393,18
"boron_isotopes_stap_2016.xlsx","boron isotopes",18,2016,"1264_A_3_5_32_34","1264",,,-28.53,2.85,3.887,"G. sacculifer","250-355 µm",,,,506.943328857422,17.114821687658,0.28,,,23.1661,"all d11B data analyzed under the assumption that the foraminifera contained 7 ppm B; B concentration was assumed but not specifically determined",FALSE,TRUE,"boron_isotopes_stap_2016.xlsx",18,1394,19
"boron_isotopes_stap_2016.xlsx","boron isotopes",19,2016,"1264_A_3_6_32_34","1264",,,-28.53,2.85,4.0995,"G. sacculifer","250-355 µm",,,,379.765106201172,17.9309529745721,0.28,,,23.22985,"all d11B data analyzed under the assumption that the foraminifera contained 7 ppm B; B concentration was assumed but not specifically determined",FALSE,TRUE,"boron_isotopes_stap_2016.xlsx",19,1395,20
"boron_isotopes_stap_2016.xlsx","boron isotopes",20,2016,"1264_A_3_7_32_34","1264",,,-28.53,2.85,4.1991,"G. sacculifer","250-355 µm",,,,,15.4369252585466,0.373897252591665,,,,"all d11B data analyzed under the assumption that the foraminifera contained 7 ppm B; B concentration was assumed but not specifically determined; data considered outlier by original study",FALSE,TRUE,"boron_isotopes_stap_2016.xlsx",20,1396,21
"boron_isotopes_stap_2016.xlsx","boron isotopes",21,2016,"1264_A_6_1_32_34","1264",,,-28.53,2.85,5.185,"G. sacculifer","250-355 µm",,,,432.591156005859,17.4230417282238,0.423025098179695,,,23.5555,"all d11B data analyzed under the assumption that the foraminifera contained 7 ppm B; B concentration was assumed but not specifically determined",FALSE,TRUE,"boron_isotopes_stap_2016.xlsx",21,1397,22
"boron_isotopes_stap_2016.xlsx","boron isotopes",22,2016,"1264_A_7_3_32_34","1264",,,-28.53,2.85,6.35,"G. sacculifer","250-355 µm",,,,331.83544921875,17.9812947203356,0.310845636872242,,,23.905,"all d11B data analyzed under the assumption that the foraminifera contained 7 ppm B; B concentration was assumed but not specifically determined",FALSE,TRUE,"boron_isotopes_stap_2016.xlsx",22,1398,23
