"file","source_row","product","product_row","field","archive_value","product_value","action"
"stomata-franks_maxbauer_2014.xlsx",4,"stomata-franks_maxbauer_2014_p1.0.xlsx",3,"age_mean","42.9","42.5","product addition/revision used"
"stomata-franks_maxbauer_2014.xlsx",4,"stomata-franks_maxbauer_2014_p1.0.xlsx",3,"age_min","37.799999999999997","37.5","product addition/revision used"
"stomata-franks_maxbauer_2014.xlsx",4,"stomata-franks_maxbauer_2014_p1.0.xlsx",3,"age_max","47.9","47.5","product addition/revision used"
"stomata-franks_maxbauer_2014.xlsx",4,"stomata-franks_maxbauer_2014_p1.0.xlsx",3,"age_scale","GTS2012","GTS2020","product addition/revision used"
"stomata-franks_maxbauer_2014.xlsx",4,"stomata-franks_maxbauer_2014_p1.0.xlsx",3,"age_revision",,"Biostratigraphy updated to GTS2020","product addition/revision used"
"stomata-franks_steinthorsdottir_2021.xlsx",4,"stomata-franks_steinthorsdottir_2021_p1.0.xlsx",4,"age_mean","15.9","15.78","product addition/revision used"
"stomata-franks_steinthorsdottir_2021.xlsx",4,"stomata-franks_steinthorsdottir_2021_p1.0.xlsx",4,"age_min","15.5","15.741","product addition/revision used"
"stomata-franks_steinthorsdottir_2021.xlsx",4,"stomata-franks_steinthorsdottir_2021_p1.0.xlsx",4,"age_max","16","15.818999999999999","product addition/revision used"
"stomata-franks_steinthorsdottir_2021.xlsx",4,"stomata-franks_steinthorsdottir_2021_p1.0.xlsx",4,"age_notes","sanidine K/Ar and Ar/Ar; zircon U-Pb","U-Pb zircon ages from interbedded volcanic ashes at the P-33 type locality; reported in Hofig et al., 2021, Geology, 
https://doi.org/10.1130/G48901.1; this age supercedes the age reported in Steinthorsdottir et al., 2021 (15.9 Ma)","product addition/revision used"
"stomata-franks_steinthorsdottir_2021.xlsx",4,"stomata-franks_steinthorsdottir_2021_p1.0.xlsx",4,"age_revision",,"better constrained radiometric ages based on ash interbedded at the P-33 locality","product addition/revision used"
"stomata-franks_steinthorsdottir_2021.xlsx",5,"stomata-franks_steinthorsdottir_2021_p1.0.xlsx",5,"age_mean","15.9","15.78","product addition/revision used"
"stomata-franks_steinthorsdottir_2021.xlsx",5,"stomata-franks_steinthorsdottir_2021_p1.0.xlsx",5,"age_min","15.5","15.741","product addition/revision used"
"stomata-franks_steinthorsdottir_2021.xlsx",5,"stomata-franks_steinthorsdottir_2021_p1.0.xlsx",5,"age_max","16","15.818999999999999","product addition/revision used"
"stomata-franks_steinthorsdottir_2021.xlsx",5,"stomata-franks_steinthorsdottir_2021_p1.0.xlsx",5,"age_notes","sanidine K/Ar and Ar/Ar; zircon U-Pb","U-Pb zircon ages from interbedded volcanic ashes at the P-33 type locality; reported in Hofig et al., 2021, Geology, 
https://doi.org/10.1130/G48901.1; this age supercedes the age reported in Steinthorsdottir et al., 2021 (15.9 Ma)","product addition/revision used"
"stomata-franks_steinthorsdottir_2021.xlsx",5,"stomata-franks_steinthorsdottir_2021_p1.0.xlsx",5,"gen_notes",,"Liang et al. (2022; doi: 10.1016/j.gloplacha.2022.103737) also present CO2 estimates from the same site and same method, but different species. Because both estimates are in category 1, we retain both in our fully vetted compilation. We note that this leads to overrepresentation of this site. Other users may wish to combine the two estimates into a combined estimate.","product addition/revision used"
"stomata-franks_steinthorsdottir_2021.xlsx",5,"stomata-franks_steinthorsdottir_2021_p1.0.xlsx",5,"age_revision",,"better constrained radiometric ages based on ash interbedded at the P-33 locality","product addition/revision used"
"stomata-franks_steinthorsdottir_2021.xlsx",6,"stomata-franks_steinthorsdottir_2021_p1.0.xlsx",6,"age_mean","15.9","15.78","product addition/revision used"
"stomata-franks_steinthorsdottir_2021.xlsx",6,"stomata-franks_steinthorsdottir_2021_p1.0.xlsx",6,"age_min","15.5","15.741","product addition/revision used"
"stomata-franks_steinthorsdottir_2021.xlsx",6,"stomata-franks_steinthorsdottir_2021_p1.0.xlsx",6,"age_max","16","15.818999999999999","product addition/revision used"
"stomata-franks_steinthorsdottir_2021.xlsx",6,"stomata-franks_steinthorsdottir_2021_p1.0.xlsx",6,"age_notes","sanidine K/Ar and Ar/Ar; zircon U-Pb","U-Pb zircon ages from interbedded volcanic ashes at the P-33 type locality; reported in Hofig et al., 2021, Geology, 
https://doi.org/10.1130/G48901.1; this age supercedes the age reported in Steinthorsdottir et al., 2021 (15.9 Ma)","product addition/revision used"
"stomata-franks_steinthorsdottir_2021.xlsx",6,"stomata-franks_steinthorsdottir_2021_p1.0.xlsx",6,"age_revision",,"better constrained radiometric ages based on ash interbedded at the P-33 locality","product addition/revision used"
"stomata-franks_steinthorsdottir_2021.xlsx",7,"stomata-franks_steinthorsdottir_2021_p1.0.xlsx",7,"age_mean","15.9","15.78","product addition/revision used"
"stomata-franks_steinthorsdottir_2021.xlsx",7,"stomata-franks_steinthorsdottir_2021_p1.0.xlsx",7,"age_min","15.5","15.741","product addition/revision used"
"stomata-franks_steinthorsdottir_2021.xlsx",7,"stomata-franks_steinthorsdottir_2021_p1.0.xlsx",7,"age_max","16","15.818999999999999","product addition/revision used"
"stomata-franks_steinthorsdottir_2021.xlsx",7,"stomata-franks_steinthorsdottir_2021_p1.0.xlsx",7,"age_notes","sanidine K/Ar and Ar/Ar; zircon U-Pb","U-Pb zircon ages from interbedded volcanic ashes at the P-33 type locality; reported in Hofig et al., 2021, Geology, 
https://doi.org/10.1130/G48901.1; this age supercedes the age reported in Steinthorsdottir et al., 2021 (15.9 Ma)","product addition/revision used"
"stomata-franks_steinthorsdottir_2021.xlsx",7,"stomata-franks_steinthorsdottir_2021_p1.0.xlsx",7,"age_revision",,"better constrained radiometric ages based on ash interbedded at the P-33 locality","product addition/revision used"
"stomata-franks_steinthorsdottir_2021.xlsx",8,"stomata-franks_steinthorsdottir_2021_p1.0.xlsx",8,"age_mean","15.9","15.78","product addition/revision used"
"stomata-franks_steinthorsdottir_2021.xlsx",8,"stomata-franks_steinthorsdottir_2021_p1.0.xlsx",8,"age_min","15.5","15.741","product addition/revision used"
"stomata-franks_steinthorsdottir_2021.xlsx",8,"stomata-franks_steinthorsdottir_2021_p1.0.xlsx",8,"age_max","16","15.818999999999999","product addition/revision used"
"stomata-franks_steinthorsdottir_2021.xlsx",8,"stomata-franks_steinthorsdottir_2021_p1.0.xlsx",8,"age_notes","sanidine K/Ar and Ar/Ar; zircon U-Pb","U-Pb zircon ages from interbedded volcanic ashes at the P-33 type locality; reported in Hofig et al., 2021, Geology, 
https://doi.org/10.1130/G48901.1; this age supercedes the age reported in Steinthorsdottir et al., 2021 (15.9 Ma)","product addition/revision used"
"stomata-franks_steinthorsdottir_2021.xlsx",8,"stomata-franks_steinthorsdottir_2021_p1.0.xlsx",8,"age_revision",,"better constrained radiometric ages based on ash interbedded at the P-33 locality","product addition/revision used"
"stomata-franks_steinthorsdottir_2021.xlsx",9,"stomata-franks_steinthorsdottir_2021_p1.0.xlsx",9,"age_mean","15.9","15.78","product addition/revision used"
"stomata-franks_steinthorsdottir_2021.xlsx",9,"stomata-franks_steinthorsdottir_2021_p1.0.xlsx",9,"age_min","15.5","15.741","product addition/revision used"
"stomata-franks_steinthorsdottir_2021.xlsx",9,"stomata-franks_steinthorsdottir_2021_p1.0.xlsx",9,"age_max","16","15.818999999999999","product addition/revision used"
"stomata-franks_steinthorsdottir_2021.xlsx",9,"stomata-franks_steinthorsdottir_2021_p1.0.xlsx",9,"age_notes","sanidine K/Ar and Ar/Ar; zircon U-Pb","U-Pb zircon ages from interbedded volcanic ashes at the P-33 type locality; reported in Hofig et al., 2021, Geology, 
https://doi.org/10.1130/G48901.1; this age supercedes the age reported in Steinthorsdottir et al., 2021 (15.9 Ma)","product addition/revision used"
"stomata-franks_steinthorsdottir_2021.xlsx",9,"stomata-franks_steinthorsdottir_2021_p1.0.xlsx",9,"age_revision",,"better constrained radiometric ages based on ash interbedded at the P-33 locality","product addition/revision used"
"stomata-franks_steinthorsdottir_2021.xlsx",10,"stomata-franks_steinthorsdottir_2021_p1.0.xlsx",10,"age_mean","15.9","15.78","product addition/revision used"
"stomata-franks_steinthorsdottir_2021.xlsx",10,"stomata-franks_steinthorsdottir_2021_p1.0.xlsx",10,"age_min","15.5","15.741","product addition/revision used"
"stomata-franks_steinthorsdottir_2021.xlsx",10,"stomata-franks_steinthorsdottir_2021_p1.0.xlsx",10,"age_max","16","15.818999999999999","product addition/revision used"
"stomata-franks_steinthorsdottir_2021.xlsx",10,"stomata-franks_steinthorsdottir_2021_p1.0.xlsx",10,"age_notes","sanidine K/Ar and Ar/Ar; zircon U-Pb","U-Pb zircon ages from interbedded volcanic ashes at the P-33 type locality; reported in Hofig et al., 2021, Geology, 
https://doi.org/10.1130/G48901.1; this age supercedes the age reported in Steinthorsdottir et al., 2021 (15.9 Ma)","product addition/revision used"
"stomata-franks_steinthorsdottir_2021.xlsx",10,"stomata-franks_steinthorsdottir_2021_p1.0.xlsx",10,"age_revision",,"better constrained radiometric ages based on ash interbedded at the P-33 locality","product addition/revision used"
"stomata-franks_steinthorsdottir_2021.xlsx",11,"stomata-franks_steinthorsdottir_2021_p1.0.xlsx",11,"age_mean","15.9","15.78","product addition/revision used"
"stomata-franks_steinthorsdottir_2021.xlsx",11,"stomata-franks_steinthorsdottir_2021_p1.0.xlsx",11,"age_min","15.5","15.741","product addition/revision used"
"stomata-franks_steinthorsdottir_2021.xlsx",11,"stomata-franks_steinthorsdottir_2021_p1.0.xlsx",11,"age_max","16","15.818999999999999","product addition/revision used"
"stomata-franks_steinthorsdottir_2021.xlsx",11,"stomata-franks_steinthorsdottir_2021_p1.0.xlsx",11,"age_notes","sanidine K/Ar and Ar/Ar; zircon U-Pb","U-Pb zircon ages from interbedded volcanic ashes at the P-33 type locality; reported in Hofig et al., 2021, Geology, 
https://doi.org/10.1130/G48901.1; this age supercedes the age reported in Steinthorsdottir et al., 2021 (15.9 Ma)","product addition/revision used"
"stomata-franks_steinthorsdottir_2021.xlsx",11,"stomata-franks_steinthorsdottir_2021_p1.0.xlsx",11,"age_revision",,"better constrained radiometric ages based on ash interbedded at the P-33 locality","product addition/revision used"
"stomata-franks_steinthorsdottir_2021.xlsx",12,"stomata-franks_steinthorsdottir_2021_p1.0.xlsx",12,"age_mean","15.9","15.78","product addition/revision used"
"stomata-franks_steinthorsdottir_2021.xlsx",12,"stomata-franks_steinthorsdottir_2021_p1.0.xlsx",12,"age_min","15.5","15.741","product addition/revision used"
"stomata-franks_steinthorsdottir_2021.xlsx",12,"stomata-franks_steinthorsdottir_2021_p1.0.xlsx",12,"age_max","16","15.818999999999999","product addition/revision used"
"stomata-franks_steinthorsdottir_2021.xlsx",12,"stomata-franks_steinthorsdottir_2021_p1.0.xlsx",12,"age_notes","sanidine K/Ar and Ar/Ar; zircon U-Pb","U-Pb zircon ages from interbedded volcanic ashes at the P-33 type locality; reported in Hofig et al., 2021, Geology, 
https://doi.org/10.1130/G48901.1; this age supercedes the age reported in Steinthorsdottir et al., 2021 (15.9 Ma)","product addition/revision used"
"stomata-franks_steinthorsdottir_2021.xlsx",12,"stomata-franks_steinthorsdottir_2021_p1.0.xlsx",12,"age_revision",,"better constrained radiometric ages based on ash interbedded at the P-33 locality","product addition/revision used"
"stomata-franks_steinthorsdottir_2021.xlsx",13,"stomata-franks_steinthorsdottir_2021_p1.0.xlsx",13,"age_mean","15.9","15.78","product addition/revision used"
"stomata-franks_steinthorsdottir_2021.xlsx",13,"stomata-franks_steinthorsdottir_2021_p1.0.xlsx",13,"age_min","15.5","15.741","product addition/revision used"
"stomata-franks_steinthorsdottir_2021.xlsx",13,"stomata-franks_steinthorsdottir_2021_p1.0.xlsx",13,"age_max","16","15.818999999999999","product addition/revision used"
"stomata-franks_steinthorsdottir_2021.xlsx",13,"stomata-franks_steinthorsdottir_2021_p1.0.xlsx",13,"age_notes","sanidine K/Ar and Ar/Ar; zircon U-Pb","U-Pb zircon ages from interbedded volcanic ashes at the P-33 type locality; reported in Hofig et al., 2021, Geology, 
https://doi.org/10.1130/G48901.1; this age supercedes the age reported in Steinthorsdottir et al., 2021 (15.9 Ma)","product addition/revision used"
"stomata-franks_steinthorsdottir_2021.xlsx",13,"stomata-franks_steinthorsdottir_2021_p1.0.xlsx",13,"age_revision",,"better constrained radiometric ages based on ash interbedded at the P-33 locality","product addition/revision used"
"stomata-franks_steinthorsdottir_2021.xlsx",14,"stomata-franks_steinthorsdottir_2021_p1.0.xlsx",14,"age_mean","15.9","15.78","product addition/revision used"
"stomata-franks_steinthorsdottir_2021.xlsx",14,"stomata-franks_steinthorsdottir_2021_p1.0.xlsx",14,"age_min","15.5","15.741","product addition/revision used"
"stomata-franks_steinthorsdottir_2021.xlsx",14,"stomata-franks_steinthorsdottir_2021_p1.0.xlsx",14,"age_max","16","15.818999999999999","product addition/revision used"
"stomata-franks_steinthorsdottir_2021.xlsx",14,"stomata-franks_steinthorsdottir_2021_p1.0.xlsx",14,"age_notes","sanidine K/Ar and Ar/Ar; zircon U-Pb","U-Pb zircon ages from interbedded volcanic ashes at the P-33 type locality; reported in Hofig et al., 2021, Geology, 
https://doi.org/10.1130/G48901.1; this age supercedes the age reported in Steinthorsdottir et al., 2021 (15.9 Ma)","product addition/revision used"
"stomata-franks_steinthorsdottir_2021.xlsx",14,"stomata-franks_steinthorsdottir_2021_p1.0.xlsx",14,"age_revision",,"better constrained radiometric ages based on ash interbedded at the P-33 locality","product addition/revision used"
"stomata-franks_steinthorsdottir_2021.xlsx",15,"stomata-franks_steinthorsdottir_2021_p1.0.xlsx",15,"age_mean","15.9","15.78","product addition/revision used"
"stomata-franks_steinthorsdottir_2021.xlsx",15,"stomata-franks_steinthorsdottir_2021_p1.0.xlsx",15,"age_min","15.5","15.741","product addition/revision used"
"stomata-franks_steinthorsdottir_2021.xlsx",15,"stomata-franks_steinthorsdottir_2021_p1.0.xlsx",15,"age_max","16","15.818999999999999","product addition/revision used"
"stomata-franks_steinthorsdottir_2021.xlsx",15,"stomata-franks_steinthorsdottir_2021_p1.0.xlsx",15,"age_notes","sanidine K/Ar and Ar/Ar; zircon U-Pb","U-Pb zircon ages from interbedded volcanic ashes at the P-33 type locality; reported in Hofig et al., 2021, Geology, 
https://doi.org/10.1130/G48901.1; this age supercedes the age reported in Steinthorsdottir et al., 2021 (15.9 Ma)","product addition/revision used"
"stomata-franks_steinthorsdottir_2021.xlsx",15,"stomata-franks_steinthorsdottir_2021_p1.0.xlsx",15,"age_revision",,"better constrained radiometric ages based on ash interbedded at the P-33 locality","product addition/revision used"
"stomata-franks_steinthorsdottir_2021.xlsx",16,"stomata-franks_steinthorsdottir_2021_p1.0.xlsx",16,"age_mean","15.9","15.78","product addition/revision used"
"stomata-franks_steinthorsdottir_2021.xlsx",16,"stomata-franks_steinthorsdottir_2021_p1.0.xlsx",16,"age_min","15.5","15.741","product addition/revision used"
"stomata-franks_steinthorsdottir_2021.xlsx",16,"stomata-franks_steinthorsdottir_2021_p1.0.xlsx",16,"age_max","16","15.818999999999999","product addition/revision used"
"stomata-franks_steinthorsdottir_2021.xlsx",16,"stomata-franks_steinthorsdottir_2021_p1.0.xlsx",16,"age_notes","sanidine K/Ar and Ar/Ar; zircon U-Pb","U-Pb zircon ages from interbedded volcanic ashes at the P-33 type locality; reported in Hofig et al., 2021, Geology, 
https://doi.org/10.1130/G48901.1; this age supercedes the age reported in Steinthorsdottir et al., 2021 (15.9 Ma)","product addition/revision used"
"stomata-franks_steinthorsdottir_2021.xlsx",16,"stomata-franks_steinthorsdottir_2021_p1.0.xlsx",16,"age_revision",,"better constrained radiometric ages based on ash interbedded at the P-33 locality","product addition/revision used"
"stomata-franks_steinthorsdottir_2021.xlsx",17,"stomata-franks_steinthorsdottir_2021_p1.0.xlsx",17,"age_mean","15.9","15.78","product addition/revision used"
"stomata-franks_steinthorsdottir_2021.xlsx",17,"stomata-franks_steinthorsdottir_2021_p1.0.xlsx",17,"age_min","15.5","15.741","product addition/revision used"
"stomata-franks_steinthorsdottir_2021.xlsx",17,"stomata-franks_steinthorsdottir_2021_p1.0.xlsx",17,"age_max","16","15.818999999999999","product addition/revision used"
"stomata-franks_steinthorsdottir_2021.xlsx",17,"stomata-franks_steinthorsdottir_2021_p1.0.xlsx",17,"age_notes","sanidine K/Ar and Ar/Ar; zircon U-Pb","U-Pb zircon ages from interbedded volcanic ashes at the P-33 type locality; reported in Hofig et al., 2021, Geology, 
https://doi.org/10.1130/G48901.1; this age supercedes the age reported in Steinthorsdottir et al., 2021 (15.9 Ma)","product addition/revision used"
"stomata-franks_steinthorsdottir_2021.xlsx",17,"stomata-franks_steinthorsdottir_2021_p1.0.xlsx",17,"age_revision",,"better constrained radiometric ages based on ash interbedded at the P-33 locality","product addition/revision used"
"stomata-franks_steinthorsdottir_2021.xlsx",18,"stomata-franks_steinthorsdottir_2021_p1.0.xlsx",18,"age_mean","15.9","15.78","product addition/revision used"
"stomata-franks_steinthorsdottir_2021.xlsx",18,"stomata-franks_steinthorsdottir_2021_p1.0.xlsx",18,"age_min","15.5","15.741","product addition/revision used"
"stomata-franks_steinthorsdottir_2021.xlsx",18,"stomata-franks_steinthorsdottir_2021_p1.0.xlsx",18,"age_max","16","15.818999999999999","product addition/revision used"
"stomata-franks_steinthorsdottir_2021.xlsx",18,"stomata-franks_steinthorsdottir_2021_p1.0.xlsx",18,"age_notes","sanidine K/Ar and Ar/Ar; zircon U-Pb","U-Pb zircon ages from interbedded volcanic ashes at the P-33 type locality; reported in Hofig et al., 2021, Geology, 
https://doi.org/10.1130/G48901.1; this age supercedes the age reported in Steinthorsdottir et al., 2021 (15.9 Ma)","product addition/revision used"
"stomata-franks_steinthorsdottir_2021.xlsx",18,"stomata-franks_steinthorsdottir_2021_p1.0.xlsx",18,"age_revision",,"better constrained radiometric ages based on ash interbedded at the P-33 locality","product addition/revision used"
"stomata-franks_steinthorsdottir_2021.xlsx",19,"stomata-franks_steinthorsdottir_2021_p1.0.xlsx",19,"age_mean","15.9","15.78","product addition/revision used"
"stomata-franks_steinthorsdottir_2021.xlsx",19,"stomata-franks_steinthorsdottir_2021_p1.0.xlsx",19,"age_min","15.5","15.741","product addition/revision used"
"stomata-franks_steinthorsdottir_2021.xlsx",19,"stomata-franks_steinthorsdottir_2021_p1.0.xlsx",19,"age_max","16","15.818999999999999","product addition/revision used"
"stomata-franks_steinthorsdottir_2021.xlsx",19,"stomata-franks_steinthorsdottir_2021_p1.0.xlsx",19,"age_notes","sanidine K/Ar and Ar/Ar; zircon U-Pb","U-Pb zircon ages from interbedded volcanic ashes at the P-33 type locality; reported in Hofig et al., 2021, Geology, 
https://doi.org/10.1130/G48901.1; this age supercedes the age reported in Steinthorsdottir et al., 2021 (15.9 Ma)","product addition/revision used"
"stomata-franks_steinthorsdottir_2021.xlsx",19,"stomata-franks_steinthorsdottir_2021_p1.0.xlsx",19,"age_revision",,"better constrained radiometric ages based on ash interbedded at the P-33 locality","product addition/revision used"
"stomata-franks_steinthorsdottir_2021.xlsx",20,"stomata-franks_steinthorsdottir_2021_p1.0.xlsx",20,"age_mean","15.9","15.78","product addition/revision used"
"stomata-franks_steinthorsdottir_2021.xlsx",20,"stomata-franks_steinthorsdottir_2021_p1.0.xlsx",20,"age_min","15.5","15.741","product addition/revision used"
"stomata-franks_steinthorsdottir_2021.xlsx",20,"stomata-franks_steinthorsdottir_2021_p1.0.xlsx",20,"age_max","16","15.818999999999999","product addition/revision used"
"stomata-franks_steinthorsdottir_2021.xlsx",20,"stomata-franks_steinthorsdottir_2021_p1.0.xlsx",20,"age_notes","sanidine K/Ar and Ar/Ar; zircon U-Pb","U-Pb zircon ages from interbedded volcanic ashes at the P-33 type locality; reported in Hofig et al., 2021, Geology, 
https://doi.org/10.1130/G48901.1; this age supercedes the age reported in Steinthorsdottir et al., 2021 (15.9 Ma)","product addition/revision used"
"stomata-franks_steinthorsdottir_2021.xlsx",20,"stomata-franks_steinthorsdottir_2021_p1.0.xlsx",20,"age_revision",,"better constrained radiometric ages based on ash interbedded at the P-33 locality","product addition/revision used"
"stomata-franks_steinthorsdottir_2021.xlsx",21,"stomata-franks_steinthorsdottir_2021_p1.0.xlsx",21,"age_mean","15.9","15.78","product addition/revision used"
"stomata-franks_steinthorsdottir_2021.xlsx",21,"stomata-franks_steinthorsdottir_2021_p1.0.xlsx",21,"age_min","15.5","15.741","product addition/revision used"
"stomata-franks_steinthorsdottir_2021.xlsx",21,"stomata-franks_steinthorsdottir_2021_p1.0.xlsx",21,"age_max","16","15.818999999999999","product addition/revision used"
"stomata-franks_steinthorsdottir_2021.xlsx",21,"stomata-franks_steinthorsdottir_2021_p1.0.xlsx",21,"age_notes","sanidine K/Ar and Ar/Ar; zircon U-Pb","U-Pb zircon ages from interbedded volcanic ashes at the P-33 type locality; reported in Hofig et al., 2021, Geology, 
https://doi.org/10.1130/G48901.1; this age supercedes the age reported in Steinthorsdottir et al., 2021 (15.9 Ma)","product addition/revision used"
"stomata-franks_steinthorsdottir_2021.xlsx",21,"stomata-franks_steinthorsdottir_2021_p1.0.xlsx",21,"age_revision",,"better constrained radiometric ages based on ash interbedded at the P-33 locality","product addition/revision used"
"stomata-franks_steinthorsdottir_2021.xlsx",22,"stomata-franks_steinthorsdottir_2021_p1.0.xlsx",22,"age_mean","15.9","15.78","product addition/revision used"
"stomata-franks_steinthorsdottir_2021.xlsx",22,"stomata-franks_steinthorsdottir_2021_p1.0.xlsx",22,"age_min","15.5","15.741","product addition/revision used"
"stomata-franks_steinthorsdottir_2021.xlsx",22,"stomata-franks_steinthorsdottir_2021_p1.0.xlsx",22,"age_max","16","15.818999999999999","product addition/revision used"
"stomata-franks_steinthorsdottir_2021.xlsx",22,"stomata-franks_steinthorsdottir_2021_p1.0.xlsx",22,"age_notes","sanidine K/Ar and Ar/Ar; zircon U-Pb","U-Pb zircon ages from interbedded volcanic ashes at the P-33 type locality; reported in Hofig et al., 2021, Geology, 
https://doi.org/10.1130/G48901.1; this age supercedes the age reported in Steinthorsdottir et al., 2021 (15.9 Ma)","product addition/revision used"
"stomata-franks_steinthorsdottir_2021.xlsx",22,"stomata-franks_steinthorsdottir_2021_p1.0.xlsx",22,"age_revision",,"better constrained radiometric ages based on ash interbedded at the P-33 locality","product addition/revision used"
"stomata-franks_steinthorsdottir_2021.xlsx",23,"stomata-franks_steinthorsdottir_2021_p1.0.xlsx",23,"age_mean","15.9","15.78","product addition/revision used"
"stomata-franks_steinthorsdottir_2021.xlsx",23,"stomata-franks_steinthorsdottir_2021_p1.0.xlsx",23,"age_min","15.5","15.741","product addition/revision used"
"stomata-franks_steinthorsdottir_2021.xlsx",23,"stomata-franks_steinthorsdottir_2021_p1.0.xlsx",23,"age_max","16","15.818999999999999","product addition/revision used"
"stomata-franks_steinthorsdottir_2021.xlsx",23,"stomata-franks_steinthorsdottir_2021_p1.0.xlsx",23,"age_notes","sanidine K/Ar and Ar/Ar; zircon U-Pb","U-Pb zircon ages from interbedded volcanic ashes at the P-33 type locality; reported in Hofig et al., 2021, Geology, 
https://doi.org/10.1130/G48901.1; this age supercedes the age reported in Steinthorsdottir et al., 2021 (15.9 Ma)","product addition/revision used"
"stomata-franks_steinthorsdottir_2021.xlsx",23,"stomata-franks_steinthorsdottir_2021_p1.0.xlsx",23,"age_revision",,"better constrained radiometric ages based on ash interbedded at the P-33 locality","product addition/revision used"
"stomata-franks_steinthorsdottir_2021.xlsx",24,"stomata-franks_steinthorsdottir_2021_p1.0.xlsx",24,"age_mean","15.9","15.78","product addition/revision used"
"stomata-franks_steinthorsdottir_2021.xlsx",24,"stomata-franks_steinthorsdottir_2021_p1.0.xlsx",24,"age_min","15.5","15.741","product addition/revision used"
"stomata-franks_steinthorsdottir_2021.xlsx",24,"stomata-franks_steinthorsdottir_2021_p1.0.xlsx",24,"age_max","16","15.818999999999999","product addition/revision used"
"stomata-franks_steinthorsdottir_2021.xlsx",24,"stomata-franks_steinthorsdottir_2021_p1.0.xlsx",24,"age_notes","sanidine K/Ar and Ar/Ar; zircon U-Pb","U-Pb zircon ages from interbedded volcanic ashes at the P-33 type locality; reported in Hofig et al., 2021, Geology, 
https://doi.org/10.1130/G48901.1; this age supercedes the age reported in Steinthorsdottir et al., 2021 (15.9 Ma)","product addition/revision used"
"stomata-franks_steinthorsdottir_2021.xlsx",24,"stomata-franks_steinthorsdottir_2021_p1.0.xlsx",24,"age_revision",,"better constrained radiometric ages based on ash interbedded at the P-33 locality","product addition/revision used"
"stomata-franks_steinthorsdottir_2021.xlsx",25,"stomata-franks_steinthorsdottir_2021_p1.0.xlsx",25,"age_mean","15.9","15.78","product addition/revision used"
"stomata-franks_steinthorsdottir_2021.xlsx",25,"stomata-franks_steinthorsdottir_2021_p1.0.xlsx",25,"age_min","15.5","15.741","product addition/revision used"
"stomata-franks_steinthorsdottir_2021.xlsx",25,"stomata-franks_steinthorsdottir_2021_p1.0.xlsx",25,"age_max","16","15.818999999999999","product addition/revision used"
"stomata-franks_steinthorsdottir_2021.xlsx",25,"stomata-franks_steinthorsdottir_2021_p1.0.xlsx",25,"age_notes","sanidine K/Ar and Ar/Ar; zircon U-Pb","U-Pb zircon ages from interbedded volcanic ashes at the P-33 type locality; reported in Hofig et al., 2021, Geology, 
https://doi.org/10.1130/G48901.1; this age supercedes the age reported in Steinthorsdottir et al., 2021 (15.9 Ma)","product addition/revision used"
"stomata-franks_steinthorsdottir_2021.xlsx",25,"stomata-franks_steinthorsdottir_2021_p1.0.xlsx",25,"age_revision",,"better constrained radiometric ages based on ash interbedded at the P-33 locality","product addition/revision used"
"stomata-franks_steinthorsdottir_2021.xlsx",26,"stomata-franks_steinthorsdottir_2021_p1.0.xlsx",26,"age_mean","15.9","15.78","product addition/revision used"
"stomata-franks_steinthorsdottir_2021.xlsx",26,"stomata-franks_steinthorsdottir_2021_p1.0.xlsx",26,"age_min","15.5","15.741","product addition/revision used"
"stomata-franks_steinthorsdottir_2021.xlsx",26,"stomata-franks_steinthorsdottir_2021_p1.0.xlsx",26,"age_max","16","15.818999999999999","product addition/revision used"
"stomata-franks_steinthorsdottir_2021.xlsx",26,"stomata-franks_steinthorsdottir_2021_p1.0.xlsx",26,"age_notes","sanidine K/Ar and Ar/Ar; zircon U-Pb","U-Pb zircon ages from interbedded volcanic ashes at the P-33 type locality; reported in Hofig et al., 2021, Geology, 
https://doi.org/10.1130/G48901.1; this age supercedes the age reported in Steinthorsdottir et al., 2021 (15.9 Ma)","product addition/revision used"
"stomata-franks_steinthorsdottir_2021.xlsx",26,"stomata-franks_steinthorsdottir_2021_p1.0.xlsx",26,"age_revision",,"better constrained radiometric ages based on ash interbedded at the P-33 locality","product addition/revision used"
"stomata-franks_steinthorsdottir_2021.xlsx",27,"stomata-franks_steinthorsdottir_2021_p1.0.xlsx",27,"age_mean","15.9","15.78","product addition/revision used"
"stomata-franks_steinthorsdottir_2021.xlsx",27,"stomata-franks_steinthorsdottir_2021_p1.0.xlsx",27,"age_min","15.5","15.741","product addition/revision used"
"stomata-franks_steinthorsdottir_2021.xlsx",27,"stomata-franks_steinthorsdottir_2021_p1.0.xlsx",27,"age_max","16","15.818999999999999","product addition/revision used"
"stomata-franks_steinthorsdottir_2021.xlsx",27,"stomata-franks_steinthorsdottir_2021_p1.0.xlsx",27,"age_notes","sanidine K/Ar and Ar/Ar; zircon U-Pb","U-Pb zircon ages from interbedded volcanic ashes at the P-33 type locality; reported in Hofig et al., 2021, Geology, 
https://doi.org/10.1130/G48901.1; this age supercedes the age reported in Steinthorsdottir et al., 2021 (15.9 Ma)","product addition/revision used"
"stomata-franks_steinthorsdottir_2021.xlsx",27,"stomata-franks_steinthorsdottir_2021_p1.0.xlsx",27,"age_revision",,"better constrained radiometric ages based on ash interbedded at the P-33 locality","product addition/revision used"
"stomata-franks_steinthorsdottir_2021.xlsx",28,"stomata-franks_steinthorsdottir_2021_p1.0.xlsx",28,"age_mean","15.9","15.78","product addition/revision used"
"stomata-franks_steinthorsdottir_2021.xlsx",28,"stomata-franks_steinthorsdottir_2021_p1.0.xlsx",28,"age_min","15.5","15.741","product addition/revision used"
"stomata-franks_steinthorsdottir_2021.xlsx",28,"stomata-franks_steinthorsdottir_2021_p1.0.xlsx",28,"age_max","16","15.818999999999999","product addition/revision used"
"stomata-franks_steinthorsdottir_2021.xlsx",28,"stomata-franks_steinthorsdottir_2021_p1.0.xlsx",28,"age_notes","sanidine K/Ar and Ar/Ar; zircon U-Pb","U-Pb zircon ages from interbedded volcanic ashes at the P-33 type locality; reported in Hofig et al., 2021, Geology, 
https://doi.org/10.1130/G48901.1; this age supercedes the age reported in Steinthorsdottir et al., 2021 (15.9 Ma)","product addition/revision used"
"stomata-franks_steinthorsdottir_2021.xlsx",28,"stomata-franks_steinthorsdottir_2021_p1.0.xlsx",28,"age_revision",,"better constrained radiometric ages based on ash interbedded at the P-33 locality","product addition/revision used"
"stomata-franks_steinthorsdottir_2021.xlsx",29,"stomata-franks_steinthorsdottir_2021_p1.0.xlsx",29,"age_mean","15.9","15.78","product addition/revision used"
"stomata-franks_steinthorsdottir_2021.xlsx",29,"stomata-franks_steinthorsdottir_2021_p1.0.xlsx",29,"age_min","15.5","15.741","product addition/revision used"
"stomata-franks_steinthorsdottir_2021.xlsx",29,"stomata-franks_steinthorsdottir_2021_p1.0.xlsx",29,"age_max","16","15.818999999999999","product addition/revision used"
"stomata-franks_steinthorsdottir_2021.xlsx",29,"stomata-franks_steinthorsdottir_2021_p1.0.xlsx",29,"age_notes","sanidine K/Ar and Ar/Ar; zircon U-Pb","U-Pb zircon ages from interbedded volcanic ashes at the P-33 type locality; reported in Hofig et al., 2021, Geology, 
https://doi.org/10.1130/G48901.1; this age supercedes the age reported in Steinthorsdottir et al., 2021 (15.9 Ma)","product addition/revision used"
"stomata-franks_steinthorsdottir_2021.xlsx",29,"stomata-franks_steinthorsdottir_2021_p1.0.xlsx",29,"age_revision",,"better constrained radiometric ages based on ash interbedded at the P-33 locality","product addition/revision used"
"stomata-franks_steinthorsdottir_2021.xlsx",30,"stomata-franks_steinthorsdottir_2021_p1.0.xlsx",30,"age_mean","15.9","15.78","product addition/revision used"
"stomata-franks_steinthorsdottir_2021.xlsx",30,"stomata-franks_steinthorsdottir_2021_p1.0.xlsx",30,"age_min","15.5","15.741","product addition/revision used"
"stomata-franks_steinthorsdottir_2021.xlsx",30,"stomata-franks_steinthorsdottir_2021_p1.0.xlsx",30,"age_max","16","15.818999999999999","product addition/revision used"
"stomata-franks_steinthorsdottir_2021.xlsx",30,"stomata-franks_steinthorsdottir_2021_p1.0.xlsx",30,"age_notes","sanidine K/Ar and Ar/Ar; zircon U-Pb","U-Pb zircon ages from interbedded volcanic ashes at the P-33 type locality; reported in Hofig et al., 2021, Geology, 
https://doi.org/10.1130/G48901.1; this age supercedes the age reported in Steinthorsdottir et al., 2021 (15.9 Ma)","product addition/revision used"
"stomata-franks_steinthorsdottir_2021.xlsx",30,"stomata-franks_steinthorsdottir_2021_p1.0.xlsx",30,"age_revision",,"better constrained radiometric ages based on ash interbedded at the P-33 locality","product addition/revision used"
"stomata-franks_steinthorsdottir_2021.xlsx",31,"stomata-franks_steinthorsdottir_2021_p1.0.xlsx",31,"age_mean","15.9","15.78","product addition/revision used"
"stomata-franks_steinthorsdottir_2021.xlsx",31,"stomata-franks_steinthorsdottir_2021_p1.0.xlsx",31,"age_min","15.5","15.741","product addition/revision used"
"stomata-franks_steinthorsdottir_2021.xlsx",31,"stomata-franks_steinthorsdottir_2021_p1.0.xlsx",31,"age_max","16","15.818999999999999","product addition/revision used"
"stomata-franks_steinthorsdottir_2021.xlsx",31,"stomata-franks_steinthorsdottir_2021_p1.0.xlsx",31,"age_notes","sanidine K/Ar and Ar/Ar; zircon U-Pb","U-Pb zircon ages from interbedded volcanic ashes at the P-33 type locality; reported in Hofig et al., 2021, Geology, 
https://doi.org/10.1130/G48901.1; this age supercedes the age reported in Steinthorsdottir et al., 2021 (15.9 Ma)","product addition/revision used"
"stomata-franks_steinthorsdottir_2021.xlsx",31,"stomata-franks_steinthorsdottir_2021_p1.0.xlsx",31,"age_revision",,"better constrained radiometric ages based on ash interbedded at the P-33 locality","product addition/revision used"
"stomata-franks_steinthorsdottir_2021.xlsx",32,"stomata-franks_steinthorsdottir_2021_p1.0.xlsx",32,"age_mean","15.9","15.78","product addition/revision used"
"stomata-franks_steinthorsdottir_2021.xlsx",32,"stomata-franks_steinthorsdottir_2021_p1.0.xlsx",32,"age_min","15.5","15.741","product addition/revision used"
"stomata-franks_steinthorsdottir_2021.xlsx",32,"stomata-franks_steinthorsdottir_2021_p1.0.xlsx",32,"age_max","16","15.818999999999999","product addition/revision used"
"stomata-franks_steinthorsdottir_2021.xlsx",32,"stomata-franks_steinthorsdottir_2021_p1.0.xlsx",32,"age_notes","sanidine K/Ar and Ar/Ar; zircon U-Pb","U-Pb zircon ages from interbedded volcanic ashes at the P-33 type locality; reported in Hofig et al., 2021, Geology, 
https://doi.org/10.1130/G48901.1; this age supercedes the age reported in Steinthorsdottir et al., 2021 (15.9 Ma)","product addition/revision used"
"stomata-franks_steinthorsdottir_2021.xlsx",32,"stomata-franks_steinthorsdottir_2021_p1.0.xlsx",32,"age_revision",,"better constrained radiometric ages based on ash interbedded at the P-33 locality","product addition/revision used"
"stomata-franks_steinthorsdottir_2021.xlsx",33,"stomata-franks_steinthorsdottir_2021_p1.0.xlsx",33,"age_mean","15.9","15.78","product addition/revision used"
"stomata-franks_steinthorsdottir_2021.xlsx",33,"stomata-franks_steinthorsdottir_2021_p1.0.xlsx",33,"age_min","15.5","15.741","product addition/revision used"
"stomata-franks_steinthorsdottir_2021.xlsx",33,"stomata-franks_steinthorsdottir_2021_p1.0.xlsx",33,"age_max","16","15.818999999999999","product addition/revision used"
"stomata-franks_steinthorsdottir_2021.xlsx",33,"stomata-franks_steinthorsdottir_2021_p1.0.xlsx",33,"age_notes","sanidine K/Ar and Ar/Ar; zircon U-Pb","U-Pb zircon ages from interbedded volcanic ashes at the P-33 type locality; reported in Hofig et al., 2021, Geology, 
https://doi.org/10.1130/G48901.1; this age supercedes the age reported in Steinthorsdottir et al., 2021 (15.9 Ma)","product addition/revision used"
"stomata-franks_steinthorsdottir_2021.xlsx",33,"stomata-franks_steinthorsdottir_2021_p1.0.xlsx",33,"age_revision",,"better constrained radiometric ages based on ash interbedded at the P-33 locality","product addition/revision used"
"stomata-franks_steinthorsdottir_2021.xlsx",34,"stomata-franks_steinthorsdottir_2021_p1.0.xlsx",34,"age_mean","15.9","15.78","product addition/revision used"
"stomata-franks_steinthorsdottir_2021.xlsx",34,"stomata-franks_steinthorsdottir_2021_p1.0.xlsx",34,"age_min","15.5","15.741","product addition/revision used"
"stomata-franks_steinthorsdottir_2021.xlsx",34,"stomata-franks_steinthorsdottir_2021_p1.0.xlsx",34,"age_max","16","15.818999999999999","product addition/revision used"
"stomata-franks_steinthorsdottir_2021.xlsx",34,"stomata-franks_steinthorsdottir_2021_p1.0.xlsx",34,"age_notes","sanidine K/Ar and Ar/Ar; zircon U-Pb","U-Pb zircon ages from interbedded volcanic ashes at the P-33 type locality; reported in Hofig et al., 2021, Geology, 
https://doi.org/10.1130/G48901.1; this age supercedes the age reported in Steinthorsdottir et al., 2021 (15.9 Ma)","product addition/revision used"
"stomata-franks_steinthorsdottir_2021.xlsx",34,"stomata-franks_steinthorsdottir_2021_p1.0.xlsx",34,"age_revision",,"better constrained radiometric ages based on ash interbedded at the P-33 locality","product addition/revision used"
"stomata-franks_steinthorsdottir_2021.xlsx",35,"stomata-franks_steinthorsdottir_2021_p1.0.xlsx",35,"age_mean","15.9","15.78","product addition/revision used"
"stomata-franks_steinthorsdottir_2021.xlsx",35,"stomata-franks_steinthorsdottir_2021_p1.0.xlsx",35,"age_min","15.5","15.741","product addition/revision used"
"stomata-franks_steinthorsdottir_2021.xlsx",35,"stomata-franks_steinthorsdottir_2021_p1.0.xlsx",35,"age_max","16","15.818999999999999","product addition/revision used"
"stomata-franks_steinthorsdottir_2021.xlsx",35,"stomata-franks_steinthorsdottir_2021_p1.0.xlsx",35,"age_notes","sanidine K/Ar and Ar/Ar; zircon U-Pb","U-Pb zircon ages from interbedded volcanic ashes at the P-33 type locality; reported in Hofig et al., 2021, Geology, 
https://doi.org/10.1130/G48901.1; this age supercedes the age reported in Steinthorsdottir et al., 2021 (15.9 Ma)","product addition/revision used"
"stomata-franks_steinthorsdottir_2021.xlsx",35,"stomata-franks_steinthorsdottir_2021_p1.0.xlsx",35,"age_revision",,"better constrained radiometric ages based on ash interbedded at the P-33 locality","product addition/revision used"
"stomata-franks_steinthorsdottir_2021.xlsx",36,"stomata-franks_steinthorsdottir_2021_p1.0.xlsx",36,"age_mean","15.9","15.78","product addition/revision used"
"stomata-franks_steinthorsdottir_2021.xlsx",36,"stomata-franks_steinthorsdottir_2021_p1.0.xlsx",36,"age_min","15.5","15.741","product addition/revision used"
"stomata-franks_steinthorsdottir_2021.xlsx",36,"stomata-franks_steinthorsdottir_2021_p1.0.xlsx",36,"age_max","16","15.818999999999999","product addition/revision used"
"stomata-franks_steinthorsdottir_2021.xlsx",36,"stomata-franks_steinthorsdottir_2021_p1.0.xlsx",36,"age_notes","sanidine K/Ar and Ar/Ar; zircon U-Pb","U-Pb zircon ages from interbedded volcanic ashes at the P-33 type locality; reported in Hofig et al., 2021, Geology, 
https://doi.org/10.1130/G48901.1; this age supercedes the age reported in Steinthorsdottir et al., 2021 (15.9 Ma)","product addition/revision used"
"stomata-franks_steinthorsdottir_2021.xlsx",36,"stomata-franks_steinthorsdottir_2021_p1.0.xlsx",36,"age_revision",,"better constrained radiometric ages based on ash interbedded at the P-33 locality","product addition/revision used"
"stomata-franks_steinthorsdottir_2021.xlsx",37,"stomata-franks_steinthorsdottir_2021_p1.0.xlsx",37,"age_mean","15.9","15.78","product addition/revision used"
"stomata-franks_steinthorsdottir_2021.xlsx",37,"stomata-franks_steinthorsdottir_2021_p1.0.xlsx",37,"age_min","15.5","15.741","product addition/revision used"
"stomata-franks_steinthorsdottir_2021.xlsx",37,"stomata-franks_steinthorsdottir_2021_p1.0.xlsx",37,"age_max","16","15.818999999999999","product addition/revision used"
"stomata-franks_steinthorsdottir_2021.xlsx",37,"stomata-franks_steinthorsdottir_2021_p1.0.xlsx",37,"age_notes","sanidine K/Ar and Ar/Ar; zircon U-Pb","U-Pb zircon ages from interbedded volcanic ashes at the P-33 type locality; reported in Hofig et al., 2021, Geology, 
https://doi.org/10.1130/G48901.1; this age supercedes the age reported in Steinthorsdottir et al., 2021 (15.9 Ma)","product addition/revision used"
"stomata-franks_steinthorsdottir_2021.xlsx",37,"stomata-franks_steinthorsdottir_2021_p1.0.xlsx",37,"age_revision",,"better constrained radiometric ages based on ash interbedded at the P-33 locality","product addition/revision used"
"stomata-franks_steinthorsdottir_2021.xlsx",38,"stomata-franks_steinthorsdottir_2021_p1.0.xlsx",38,"age_mean","15.9","15.78","product addition/revision used"
"stomata-franks_steinthorsdottir_2021.xlsx",38,"stomata-franks_steinthorsdottir_2021_p1.0.xlsx",38,"age_min","15.5","15.741","product addition/revision used"
"stomata-franks_steinthorsdottir_2021.xlsx",38,"stomata-franks_steinthorsdottir_2021_p1.0.xlsx",38,"age_max","16","15.818999999999999","product addition/revision used"
"stomata-franks_steinthorsdottir_2021.xlsx",38,"stomata-franks_steinthorsdottir_2021_p1.0.xlsx",38,"age_notes","sanidine K/Ar and Ar/Ar; zircon U-Pb","U-Pb zircon ages from interbedded volcanic ashes at the P-33 type locality; reported in Hofig et al., 2021, Geology, 
https://doi.org/10.1130/G48901.1; this age supercedes the age reported in Steinthorsdottir et al., 2021 (15.9 Ma)","product addition/revision used"
"stomata-franks_steinthorsdottir_2021.xlsx",38,"stomata-franks_steinthorsdottir_2021_p1.0.xlsx",38,"age_revision",,"better constrained radiometric ages based on ash interbedded at the P-33 locality","product addition/revision used"
"stomata-franks_steinthorsdottir_2021.xlsx",39,"stomata-franks_steinthorsdottir_2021_p1.0.xlsx",39,"age_mean","15.9","15.78","product addition/revision used"
"stomata-franks_steinthorsdottir_2021.xlsx",39,"stomata-franks_steinthorsdottir_2021_p1.0.xlsx",39,"age_min","15.5","15.741","product addition/revision used"
"stomata-franks_steinthorsdottir_2021.xlsx",39,"stomata-franks_steinthorsdottir_2021_p1.0.xlsx",39,"age_max","16","15.818999999999999","product addition/revision used"
"stomata-franks_steinthorsdottir_2021.xlsx",39,"stomata-franks_steinthorsdottir_2021_p1.0.xlsx",39,"age_notes","sanidine K/Ar and Ar/Ar; zircon U-Pb","U-Pb zircon ages from interbedded volcanic ashes at the P-33 type locality; reported in Hofig et al., 2021, Geology, 
https://doi.org/10.1130/G48901.1; this age supercedes the age reported in Steinthorsdottir et al., 2021 (15.9 Ma)","product addition/revision used"
"stomata-franks_steinthorsdottir_2021.xlsx",39,"stomata-franks_steinthorsdottir_2021_p1.0.xlsx",39,"age_revision",,"better constrained radiometric ages based on ash interbedded at the P-33 locality","product addition/revision used"
"stomata-franks_steinthorsdottir_2021.xlsx",40,"stomata-franks_steinthorsdottir_2021_p1.0.xlsx",40,"age_mean","15.9","15.78","product addition/revision used"
"stomata-franks_steinthorsdottir_2021.xlsx",40,"stomata-franks_steinthorsdottir_2021_p1.0.xlsx",40,"age_min","15.5","15.741","product addition/revision used"
"stomata-franks_steinthorsdottir_2021.xlsx",40,"stomata-franks_steinthorsdottir_2021_p1.0.xlsx",40,"age_max","16","15.818999999999999","product addition/revision used"
"stomata-franks_steinthorsdottir_2021.xlsx",40,"stomata-franks_steinthorsdottir_2021_p1.0.xlsx",40,"age_notes","sanidine K/Ar and Ar/Ar; zircon U-Pb","U-Pb zircon ages from interbedded volcanic ashes at the P-33 type locality; reported in Hofig et al., 2021, Geology, 
https://doi.org/10.1130/G48901.1; this age supercedes the age reported in Steinthorsdottir et al., 2021 (15.9 Ma)","product addition/revision used"
"stomata-franks_steinthorsdottir_2021.xlsx",40,"stomata-franks_steinthorsdottir_2021_p1.0.xlsx",40,"age_revision",,"better constrained radiometric ages based on ash interbedded at the P-33 locality","product addition/revision used"
"stomata-franks_steinthorsdottir_2021.xlsx",41,"stomata-franks_steinthorsdottir_2021_p1.0.xlsx",41,"age_mean","15.9","15.78","product addition/revision used"
"stomata-franks_steinthorsdottir_2021.xlsx",41,"stomata-franks_steinthorsdottir_2021_p1.0.xlsx",41,"age_min","15.5","15.741","product addition/revision used"
"stomata-franks_steinthorsdottir_2021.xlsx",41,"stomata-franks_steinthorsdottir_2021_p1.0.xlsx",41,"age_max","16","15.818999999999999","product addition/revision used"
"stomata-franks_steinthorsdottir_2021.xlsx",41,"stomata-franks_steinthorsdottir_2021_p1.0.xlsx",41,"age_notes","sanidine K/Ar and Ar/Ar; zircon U-Pb","U-Pb zircon ages from interbedded volcanic ashes at the P-33 type locality; reported in Hofig et al., 2021, Geology, 
https://doi.org/10.1130/G48901.1; this age supercedes the age reported in Steinthorsdottir et al., 2021 (15.9 Ma)","product addition/revision used"
"stomata-franks_steinthorsdottir_2021.xlsx",41,"stomata-franks_steinthorsdottir_2021_p1.0.xlsx",41,"age_revision",,"better constrained radiometric ages based on ash interbedded at the P-33 locality","product addition/revision used"
"stomata-franks_steinthorsdottir_2021.xlsx",42,"stomata-franks_steinthorsdottir_2021_p1.0.xlsx",42,"age_mean","15.9","15.78","product addition/revision used"
"stomata-franks_steinthorsdottir_2021.xlsx",42,"stomata-franks_steinthorsdottir_2021_p1.0.xlsx",42,"age_min","15.5","15.741","product addition/revision used"
"stomata-franks_steinthorsdottir_2021.xlsx",42,"stomata-franks_steinthorsdottir_2021_p1.0.xlsx",42,"age_max","16","15.818999999999999","product addition/revision used"
"stomata-franks_steinthorsdottir_2021.xlsx",42,"stomata-franks_steinthorsdottir_2021_p1.0.xlsx",42,"age_notes","sanidine K/Ar and Ar/Ar; zircon U-Pb","U-Pb zircon ages from interbedded volcanic ashes at the P-33 type locality; reported in Hofig et al., 2021, Geology, 
https://doi.org/10.1130/G48901.1; this age supercedes the age reported in Steinthorsdottir et al., 2021 (15.9 Ma)","product addition/revision used"
"stomata-franks_steinthorsdottir_2021.xlsx",42,"stomata-franks_steinthorsdottir_2021_p1.0.xlsx",42,"age_revision",,"better constrained radiometric ages based on ash interbedded at the P-33 locality","product addition/revision used"
"stomata-franks_steinthorsdottir_2021.xlsx",43,"stomata-franks_steinthorsdottir_2021_p1.0.xlsx",43,"age_mean","15.9","15.78","product addition/revision used"
"stomata-franks_steinthorsdottir_2021.xlsx",43,"stomata-franks_steinthorsdottir_2021_p1.0.xlsx",43,"age_min","15.5","15.741","product addition/revision used"
"stomata-franks_steinthorsdottir_2021.xlsx",43,"stomata-franks_steinthorsdottir_2021_p1.0.xlsx",43,"age_max","16","15.818999999999999","product addition/revision used"
"stomata-franks_steinthorsdottir_2021.xlsx",43,"stomata-franks_steinthorsdottir_2021_p1.0.xlsx",43,"age_notes","sanidine K/Ar and Ar/Ar; zircon U-Pb","U-Pb zircon ages from interbedded volcanic ashes at the P-33 type locality; reported in Hofig et al., 2021, Geology, 
https://doi.org/10.1130/G48901.1; this age supercedes the age reported in Steinthorsdottir et al., 2021 (15.9 Ma)","product addition/revision used"
"stomata-franks_steinthorsdottir_2021.xlsx",43,"stomata-franks_steinthorsdottir_2021_p1.0.xlsx",43,"age_revision",,"better constrained radiometric ages based on ash interbedded at the P-33 locality","product addition/revision used"
"stomata-franks_steinthorsdottir_2021.xlsx",44,"stomata-franks_steinthorsdottir_2021_p1.0.xlsx",44,"age_mean","15.9","15.78","product addition/revision used"
"stomata-franks_steinthorsdottir_2021.xlsx",44,"stomata-franks_steinthorsdottir_2021_p1.0.xlsx",44,"age_min","15.5","15.741","product addition/revision used"
"stomata-franks_steinthorsdottir_2021.xlsx",44,"stomata-franks_steinthorsdottir_2021_p1.0.xlsx",44,"age_max","16","15.818999999999999","product addition/revision used"
"stomata-franks_steinthorsdottir_2021.xlsx",44,"stomata-franks_steinthorsdottir_2021_p1.0.xlsx",44,"age_notes","sanidine K/Ar and Ar/Ar; zircon U-Pb","U-Pb zircon ages from interbedded volcanic ashes at the P-33 type locality; reported in Hofig et al., 2021, Geology, 
https://doi.org/10.1130/G48901.1; this age supercedes the age reported in Steinthorsdottir et al., 2021 (15.9 Ma)","product addition/revision used"
"stomata-franks_steinthorsdottir_2021.xlsx",44,"stomata-franks_steinthorsdottir_2021_p1.0.xlsx",44,"age_revision",,"better constrained radiometric ages based on ash interbedded at the P-33 locality","product addition/revision used"
"stomata-franks_steinthorsdottir_2021.xlsx",45,"stomata-franks_steinthorsdottir_2021_p1.0.xlsx",45,"age_mean","15.9","15.78","product addition/revision used"
"stomata-franks_steinthorsdottir_2021.xlsx",45,"stomata-franks_steinthorsdottir_2021_p1.0.xlsx",45,"age_min","15.5","15.741","product addition/revision used"
"stomata-franks_steinthorsdottir_2021.xlsx",45,"stomata-franks_steinthorsdottir_2021_p1.0.xlsx",45,"age_max","16","15.818999999999999","product addition/revision used"
"stomata-franks_steinthorsdottir_2021.xlsx",45,"stomata-franks_steinthorsdottir_2021_p1.0.xlsx",45,"age_notes","sanidine K/Ar and Ar/Ar; zircon U-Pb","U-Pb zircon ages from interbedded volcanic ashes at the P-33 type locality; reported in Hofig et al., 2021, Geology, 
https://doi.org/10.1130/G48901.1; this age supercedes the age reported in Steinthorsdottir et al., 2021 (15.9 Ma)","product addition/revision used"
"stomata-franks_steinthorsdottir_2021.xlsx",45,"stomata-franks_steinthorsdottir_2021_p1.0.xlsx",45,"age_revision",,"better constrained radiometric ages based on ash interbedded at the P-33 locality","product addition/revision used"
"stomata-franks_steinthorsdottir_2021.xlsx",46,"stomata-franks_steinthorsdottir_2021_p1.0.xlsx",46,"age_mean","15.9","15.78","product addition/revision used"
"stomata-franks_steinthorsdottir_2021.xlsx",46,"stomata-franks_steinthorsdottir_2021_p1.0.xlsx",46,"age_min","15.5","15.741","product addition/revision used"
"stomata-franks_steinthorsdottir_2021.xlsx",46,"stomata-franks_steinthorsdottir_2021_p1.0.xlsx",46,"age_max","16","15.818999999999999","product addition/revision used"
"stomata-franks_steinthorsdottir_2021.xlsx",46,"stomata-franks_steinthorsdottir_2021_p1.0.xlsx",46,"age_notes","sanidine K/Ar and Ar/Ar; zircon U-Pb","U-Pb zircon ages from interbedded volcanic ashes at the P-33 type locality; reported in Hofig et al., 2021, Geology, 
https://doi.org/10.1130/G48901.1; this age supercedes the age reported in Steinthorsdottir et al., 2021 (15.9 Ma)","product addition/revision used"
"stomata-franks_steinthorsdottir_2021.xlsx",46,"stomata-franks_steinthorsdottir_2021_p1.0.xlsx",46,"age_revision",,"better constrained radiometric ages based on ash interbedded at the P-33 locality","product addition/revision used"
"stomata-franks_steinthorsdottir_2021.xlsx",47,"stomata-franks_steinthorsdottir_2021_p1.0.xlsx",47,"age_mean","15.9","15.78","product addition/revision used"
"stomata-franks_steinthorsdottir_2021.xlsx",47,"stomata-franks_steinthorsdottir_2021_p1.0.xlsx",47,"age_min","15.5","15.741","product addition/revision used"
"stomata-franks_steinthorsdottir_2021.xlsx",47,"stomata-franks_steinthorsdottir_2021_p1.0.xlsx",47,"age_max","16","15.818999999999999","product addition/revision used"
"stomata-franks_steinthorsdottir_2021.xlsx",47,"stomata-franks_steinthorsdottir_2021_p1.0.xlsx",47,"age_notes","sanidine K/Ar and Ar/Ar; zircon U-Pb","U-Pb zircon ages from interbedded volcanic ashes at the P-33 type locality; reported in Hofig et al., 2021, Geology, 
https://doi.org/10.1130/G48901.1; this age supercedes the age reported in Steinthorsdottir et al., 2021 (15.9 Ma)","product addition/revision used"
"stomata-franks_steinthorsdottir_2021.xlsx",47,"stomata-franks_steinthorsdottir_2021_p1.0.xlsx",47,"age_revision",,"better constrained radiometric ages based on ash interbedded at the P-33 locality","product addition/revision used"
"stomata-franks_steinthorsdottir_2021.xlsx",48,"stomata-franks_steinthorsdottir_2021_p1.0.xlsx",48,"age_mean","15.9","15.78","product addition/revision used"
"stomata-franks_steinthorsdottir_2021.xlsx",48,"stomata-franks_steinthorsdottir_2021_p1.0.xlsx",48,"age_min","15.5","15.741","product addition/revision used"
"stomata-franks_steinthorsdottir_2021.xlsx",48,"stomata-franks_steinthorsdottir_2021_p1.0.xlsx",48,"age_max","16","15.818999999999999","product addition/revision used"
"stomata-franks_steinthorsdottir_2021.xlsx",48,"stomata-franks_steinthorsdottir_2021_p1.0.xlsx",48,"age_notes","sanidine K/Ar and Ar/Ar; zircon U-Pb","U-Pb zircon ages from interbedded volcanic ashes at the P-33 type locality; reported in Hofig et al., 2021, Geology, 
https://doi.org/10.1130/G48901.1; this age supercedes the age reported in Steinthorsdottir et al., 2021 (15.9 Ma)","product addition/revision used"
"stomata-franks_steinthorsdottir_2021.xlsx",48,"stomata-franks_steinthorsdottir_2021_p1.0.xlsx",48,"age_revision",,"better constrained radiometric ages based on ash interbedded at the P-33 locality","product addition/revision used"
"stomata-franks_steinthorsdottir_2021.xlsx",49,"stomata-franks_steinthorsdottir_2021_p1.0.xlsx",49,"age_mean","15.9","15.78","product addition/revision used"
"stomata-franks_steinthorsdottir_2021.xlsx",49,"stomata-franks_steinthorsdottir_2021_p1.0.xlsx",49,"age_min","15.5","15.741","product addition/revision used"
"stomata-franks_steinthorsdottir_2021.xlsx",49,"stomata-franks_steinthorsdottir_2021_p1.0.xlsx",49,"age_max","16","15.818999999999999","product addition/revision used"
"stomata-franks_steinthorsdottir_2021.xlsx",49,"stomata-franks_steinthorsdottir_2021_p1.0.xlsx",49,"age_notes","sanidine K/Ar and Ar/Ar; zircon U-Pb","U-Pb zircon ages from interbedded volcanic ashes at the P-33 type locality; reported in Hofig et al., 2021, Geology, 
https://doi.org/10.1130/G48901.1; this age supercedes the age reported in Steinthorsdottir et al., 2021 (15.9 Ma)","product addition/revision used"
"stomata-franks_steinthorsdottir_2021.xlsx",49,"stomata-franks_steinthorsdottir_2021_p1.0.xlsx",49,"age_revision",,"better constrained radiometric ages based on ash interbedded at the P-33 locality","product addition/revision used"
"stomata-franks_steinthorsdottir_2021.xlsx",50,"stomata-franks_steinthorsdottir_2021_p1.0.xlsx",50,"age_mean","15.9","15.78","product addition/revision used"
"stomata-franks_steinthorsdottir_2021.xlsx",50,"stomata-franks_steinthorsdottir_2021_p1.0.xlsx",50,"age_min","15.5","15.741","product addition/revision used"
"stomata-franks_steinthorsdottir_2021.xlsx",50,"stomata-franks_steinthorsdottir_2021_p1.0.xlsx",50,"age_max","16","15.818999999999999","product addition/revision used"
"stomata-franks_steinthorsdottir_2021.xlsx",50,"stomata-franks_steinthorsdottir_2021_p1.0.xlsx",50,"age_notes","sanidine K/Ar and Ar/Ar; zircon U-Pb","U-Pb zircon ages from interbedded volcanic ashes at the P-33 type locality; reported in Hofig et al., 2021, Geology, 
https://doi.org/10.1130/G48901.1; this age supercedes the age reported in Steinthorsdottir et al., 2021 (15.9 Ma)","product addition/revision used"
"stomata-franks_steinthorsdottir_2021.xlsx",50,"stomata-franks_steinthorsdottir_2021_p1.0.xlsx",50,"age_revision",,"better constrained radiometric ages based on ash interbedded at the P-33 locality","product addition/revision used"
"stomata-franks_steinthorsdottir_2021.xlsx",51,"stomata-franks_steinthorsdottir_2021_p1.0.xlsx",51,"age_mean","15.9","15.78","product addition/revision used"
"stomata-franks_steinthorsdottir_2021.xlsx",51,"stomata-franks_steinthorsdottir_2021_p1.0.xlsx",51,"age_min","15.5","15.741","product addition/revision used"
"stomata-franks_steinthorsdottir_2021.xlsx",51,"stomata-franks_steinthorsdottir_2021_p1.0.xlsx",51,"age_max","16","15.818999999999999","product addition/revision used"
"stomata-franks_steinthorsdottir_2021.xlsx",51,"stomata-franks_steinthorsdottir_2021_p1.0.xlsx",51,"age_notes","sanidine K/Ar and Ar/Ar; zircon U-Pb","U-Pb zircon ages from interbedded volcanic ashes at the P-33 type locality; reported in Hofig et al., 2021, Geology, 
https://doi.org/10.1130/G48901.1; this age supercedes the age reported in Steinthorsdottir et al., 2021 (15.9 Ma)","product addition/revision used"
"stomata-franks_steinthorsdottir_2021.xlsx",51,"stomata-franks_steinthorsdottir_2021_p1.0.xlsx",51,"age_revision",,"better constrained radiometric ages based on ash interbedded at the P-33 locality","product addition/revision used"
"stomata-franks_steinthorsdottir_2021.xlsx",52,"stomata-franks_steinthorsdottir_2021_p1.0.xlsx",52,"age_mean","15.9","15.78","product addition/revision used"
"stomata-franks_steinthorsdottir_2021.xlsx",52,"stomata-franks_steinthorsdottir_2021_p1.0.xlsx",52,"age_min","15.5","15.741","product addition/revision used"
"stomata-franks_steinthorsdottir_2021.xlsx",52,"stomata-franks_steinthorsdottir_2021_p1.0.xlsx",52,"age_max","16","15.818999999999999","product addition/revision used"
"stomata-franks_steinthorsdottir_2021.xlsx",52,"stomata-franks_steinthorsdottir_2021_p1.0.xlsx",52,"age_notes","sanidine K/Ar and Ar/Ar; zircon U-Pb","U-Pb zircon ages from interbedded volcanic ashes at the P-33 type locality; reported in Hofig et al., 2021, Geology, 
https://doi.org/10.1130/G48901.1; this age supercedes the age reported in Steinthorsdottir et al., 2021 (15.9 Ma)","product addition/revision used"
"stomata-franks_steinthorsdottir_2021.xlsx",52,"stomata-franks_steinthorsdottir_2021_p1.0.xlsx",52,"age_revision",,"better constrained radiometric ages based on ash interbedded at the P-33 locality","product addition/revision used"
"stomata-franks_steinthorsdottir_2021.xlsx",53,"stomata-franks_steinthorsdottir_2021_p1.0.xlsx",53,"age_mean","15.9","15.78","product addition/revision used"
"stomata-franks_steinthorsdottir_2021.xlsx",53,"stomata-franks_steinthorsdottir_2021_p1.0.xlsx",53,"age_min","15.5","15.741","product addition/revision used"
"stomata-franks_steinthorsdottir_2021.xlsx",53,"stomata-franks_steinthorsdottir_2021_p1.0.xlsx",53,"age_max","16","15.818999999999999","product addition/revision used"
"stomata-franks_steinthorsdottir_2021.xlsx",53,"stomata-franks_steinthorsdottir_2021_p1.0.xlsx",53,"age_notes","sanidine K/Ar and Ar/Ar; zircon U-Pb","U-Pb zircon ages from interbedded volcanic ashes at the P-33 type locality; reported in Hofig et al., 2021, Geology, 
https://doi.org/10.1130/G48901.1; this age supercedes the age reported in Steinthorsdottir et al., 2021 (15.9 Ma)","product addition/revision used"
"stomata-franks_steinthorsdottir_2021.xlsx",53,"stomata-franks_steinthorsdottir_2021_p1.0.xlsx",53,"age_revision",,"better constrained radiometric ages based on ash interbedded at the P-33 locality","product addition/revision used"
"stomata-franks_steinthorsdottir_2021.xlsx",54,"stomata-franks_steinthorsdottir_2021_p1.0.xlsx",54,"age_mean","15.9","15.78","product addition/revision used"
"stomata-franks_steinthorsdottir_2021.xlsx",54,"stomata-franks_steinthorsdottir_2021_p1.0.xlsx",54,"age_min","15.5","15.741","product addition/revision used"
"stomata-franks_steinthorsdottir_2021.xlsx",54,"stomata-franks_steinthorsdottir_2021_p1.0.xlsx",54,"age_max","16","15.818999999999999","product addition/revision used"
"stomata-franks_steinthorsdottir_2021.xlsx",54,"stomata-franks_steinthorsdottir_2021_p1.0.xlsx",54,"age_notes","sanidine K/Ar and Ar/Ar; zircon U-Pb","U-Pb zircon ages from interbedded volcanic ashes at the P-33 type locality; reported in Hofig et al., 2021, Geology, 
https://doi.org/10.1130/G48901.1; this age supercedes the age reported in Steinthorsdottir et al., 2021 (15.9 Ma)","product addition/revision used"
"stomata-franks_steinthorsdottir_2021.xlsx",54,"stomata-franks_steinthorsdottir_2021_p1.0.xlsx",54,"age_revision",,"better constrained radiometric ages based on ash interbedded at the P-33 locality","product addition/revision used"
"stomata-franks_steinthorsdottir_2021.xlsx",55,"stomata-franks_steinthorsdottir_2021_p1.0.xlsx",55,"age_mean","15.9","15.78","product addition/revision used"
"stomata-franks_steinthorsdottir_2021.xlsx",55,"stomata-franks_steinthorsdottir_2021_p1.0.xlsx",55,"age_min","15.5","15.741","product addition/revision used"
"stomata-franks_steinthorsdottir_2021.xlsx",55,"stomata-franks_steinthorsdottir_2021_p1.0.xlsx",55,"age_max","16","15.818999999999999","product addition/revision used"
"stomata-franks_steinthorsdottir_2021.xlsx",55,"stomata-franks_steinthorsdottir_2021_p1.0.xlsx",55,"age_notes","sanidine K/Ar and Ar/Ar; zircon U-Pb","U-Pb zircon ages from interbedded volcanic ashes at the P-33 type locality; reported in Hofig et al., 2021, Geology, 
https://doi.org/10.1130/G48901.1; this age supercedes the age reported in Steinthorsdottir et al., 2021 (15.9 Ma)","product addition/revision used"
"stomata-franks_steinthorsdottir_2021.xlsx",55,"stomata-franks_steinthorsdottir_2021_p1.0.xlsx",55,"age_revision",,"better constrained radiometric ages based on ash interbedded at the P-33 locality","product addition/revision used"
"stomata-franks_steinthorsdottir_2021.xlsx",56,"stomata-franks_steinthorsdottir_2021_p1.0.xlsx",56,"age_mean","15.9","15.78","product addition/revision used"
"stomata-franks_steinthorsdottir_2021.xlsx",56,"stomata-franks_steinthorsdottir_2021_p1.0.xlsx",56,"age_min","15.5","15.741","product addition/revision used"
"stomata-franks_steinthorsdottir_2021.xlsx",56,"stomata-franks_steinthorsdottir_2021_p1.0.xlsx",56,"age_max","16","15.818999999999999","product addition/revision used"
"stomata-franks_steinthorsdottir_2021.xlsx",56,"stomata-franks_steinthorsdottir_2021_p1.0.xlsx",56,"age_notes","sanidine K/Ar and Ar/Ar; zircon U-Pb","U-Pb zircon ages from interbedded volcanic ashes at the P-33 type locality; reported in Hofig et al., 2021, Geology, 
https://doi.org/10.1130/G48901.1; this age supercedes the age reported in Steinthorsdottir et al., 2021 (15.9 Ma)","product addition/revision used"
"stomata-franks_steinthorsdottir_2021.xlsx",56,"stomata-franks_steinthorsdottir_2021_p1.0.xlsx",56,"age_revision",,"better constrained radiometric ages based on ash interbedded at the P-33 locality","product addition/revision used"
"stomata-franks_steinthorsdottir_2021.xlsx",57,"stomata-franks_steinthorsdottir_2021_p1.0.xlsx",57,"age_mean","15.9","15.78","product addition/revision used"
"stomata-franks_steinthorsdottir_2021.xlsx",57,"stomata-franks_steinthorsdottir_2021_p1.0.xlsx",57,"age_min","15.5","15.741","product addition/revision used"
"stomata-franks_steinthorsdottir_2021.xlsx",57,"stomata-franks_steinthorsdottir_2021_p1.0.xlsx",57,"age_max","16","15.818999999999999","product addition/revision used"
"stomata-franks_steinthorsdottir_2021.xlsx",57,"stomata-franks_steinthorsdottir_2021_p1.0.xlsx",57,"age_notes","sanidine K/Ar and Ar/Ar; zircon U-Pb","U-Pb zircon ages from interbedded volcanic ashes at the P-33 type locality; reported in Hofig et al., 2021, Geology, 
https://doi.org/10.1130/G48901.1; this age supercedes the age reported in Steinthorsdottir et al., 2021 (15.9 Ma)","product addition/revision used"
"stomata-franks_steinthorsdottir_2021.xlsx",57,"stomata-franks_steinthorsdottir_2021_p1.0.xlsx",57,"age_revision",,"better constrained radiometric ages based on ash interbedded at the P-33 locality","product addition/revision used"
"stomata-franks_steinthorsdottir_2021.xlsx",58,"stomata-franks_steinthorsdottir_2021_p1.0.xlsx",58,"age_mean","15.9","15.78","product addition/revision used"
"stomata-franks_steinthorsdottir_2021.xlsx",58,"stomata-franks_steinthorsdottir_2021_p1.0.xlsx",58,"age_min","15.5","15.741","product addition/revision used"
"stomata-franks_steinthorsdottir_2021.xlsx",58,"stomata-franks_steinthorsdottir_2021_p1.0.xlsx",58,"age_max","16","15.818999999999999","product addition/revision used"
"stomata-franks_steinthorsdottir_2021.xlsx",58,"stomata-franks_steinthorsdottir_2021_p1.0.xlsx",58,"age_notes","sanidine K/Ar and Ar/Ar; zircon U-Pb","U-Pb zircon ages from interbedded volcanic ashes at the P-33 type locality; reported in Hofig et al., 2021, Geology, 
https://doi.org/10.1130/G48901.1; this age supercedes the age reported in Steinthorsdottir et al., 2021 (15.9 Ma)","product addition/revision used"
"stomata-franks_steinthorsdottir_2021.xlsx",58,"stomata-franks_steinthorsdottir_2021_p1.0.xlsx",58,"age_revision",,"better constrained radiometric ages based on ash interbedded at the P-33 locality","product addition/revision used"
"stomata-franks_steinthorsdottir_2021.xlsx",59,"stomata-franks_steinthorsdottir_2021_p1.0.xlsx",59,"age_mean","15.9","15.78","product addition/revision used"
"stomata-franks_steinthorsdottir_2021.xlsx",59,"stomata-franks_steinthorsdottir_2021_p1.0.xlsx",59,"age_min","15.5","15.741","product addition/revision used"
"stomata-franks_steinthorsdottir_2021.xlsx",59,"stomata-franks_steinthorsdottir_2021_p1.0.xlsx",59,"age_max","16","15.818999999999999","product addition/revision used"
"stomata-franks_steinthorsdottir_2021.xlsx",59,"stomata-franks_steinthorsdottir_2021_p1.0.xlsx",59,"age_notes","sanidine K/Ar and Ar/Ar; zircon U-Pb","U-Pb zircon ages from interbedded volcanic ashes at the P-33 type locality; reported in Hofig et al., 2021, Geology, 
https://doi.org/10.1130/G48901.1; this age supercedes the age reported in Steinthorsdottir et al., 2021 (15.9 Ma)","product addition/revision used"
"stomata-franks_steinthorsdottir_2021.xlsx",59,"stomata-franks_steinthorsdottir_2021_p1.0.xlsx",59,"age_revision",,"better constrained radiometric ages based on ash interbedded at the P-33 locality","product addition/revision used"
"stomata-franks_steinthorsdottir_2021.xlsx",60,"stomata-franks_steinthorsdottir_2021_p1.0.xlsx",60,"age_mean","15.9","15.78","product addition/revision used"
"stomata-franks_steinthorsdottir_2021.xlsx",60,"stomata-franks_steinthorsdottir_2021_p1.0.xlsx",60,"age_min","15.5","15.741","product addition/revision used"
"stomata-franks_steinthorsdottir_2021.xlsx",60,"stomata-franks_steinthorsdottir_2021_p1.0.xlsx",60,"age_max","16","15.818999999999999","product addition/revision used"
"stomata-franks_steinthorsdottir_2021.xlsx",60,"stomata-franks_steinthorsdottir_2021_p1.0.xlsx",60,"age_notes","sanidine K/Ar and Ar/Ar; zircon U-Pb","U-Pb zircon ages from interbedded volcanic ashes at the P-33 type locality; reported in Hofig et al., 2021, Geology, 
https://doi.org/10.1130/G48901.1; this age supercedes the age reported in Steinthorsdottir et al., 2021 (15.9 Ma)","product addition/revision used"
"stomata-franks_steinthorsdottir_2021.xlsx",60,"stomata-franks_steinthorsdottir_2021_p1.0.xlsx",60,"age_revision",,"better constrained radiometric ages based on ash interbedded at the P-33 locality","product addition/revision used"
"stomata-franks_steinthorsdottir_2021.xlsx",61,"stomata-franks_steinthorsdottir_2021_p1.0.xlsx",61,"age_mean","15.9","15.78","product addition/revision used"
"stomata-franks_steinthorsdottir_2021.xlsx",61,"stomata-franks_steinthorsdottir_2021_p1.0.xlsx",61,"age_min","15.5","15.741","product addition/revision used"
"stomata-franks_steinthorsdottir_2021.xlsx",61,"stomata-franks_steinthorsdottir_2021_p1.0.xlsx",61,"age_max","16","15.818999999999999","product addition/revision used"
"stomata-franks_steinthorsdottir_2021.xlsx",61,"stomata-franks_steinthorsdottir_2021_p1.0.xlsx",61,"age_notes","sanidine K/Ar and Ar/Ar; zircon U-Pb","U-Pb zircon ages from interbedded volcanic ashes at the P-33 type locality; reported in Hofig et al., 2021, Geology, 
https://doi.org/10.1130/G48901.1; this age supercedes the age reported in Steinthorsdottir et al., 2021 (15.9 Ma)","product addition/revision used"
"stomata-franks_steinthorsdottir_2021.xlsx",61,"stomata-franks_steinthorsdottir_2021_p1.0.xlsx",61,"age_revision",,"better constrained radiometric ages based on ash interbedded at the P-33 locality","product addition/revision used"
"stomata-franks_steinthorsdottir_2021.xlsx",62,"stomata-franks_steinthorsdottir_2021_p1.0.xlsx",62,"age_mean","15.9","15.78","product addition/revision used"
"stomata-franks_steinthorsdottir_2021.xlsx",62,"stomata-franks_steinthorsdottir_2021_p1.0.xlsx",62,"age_min","15.5","15.741","product addition/revision used"
"stomata-franks_steinthorsdottir_2021.xlsx",62,"stomata-franks_steinthorsdottir_2021_p1.0.xlsx",62,"age_max","16","15.818999999999999","product addition/revision used"
"stomata-franks_steinthorsdottir_2021.xlsx",62,"stomata-franks_steinthorsdottir_2021_p1.0.xlsx",62,"age_notes","sanidine K/Ar and Ar/Ar; zircon U-Pb","U-Pb zircon ages from interbedded volcanic ashes at the P-33 type locality; reported in Hofig et al., 2021, Geology, 
https://doi.org/10.1130/G48901.1; this age supercedes the age reported in Steinthorsdottir et al., 2021 (15.9 Ma)","product addition/revision used"
"stomata-franks_steinthorsdottir_2021.xlsx",62,"stomata-franks_steinthorsdottir_2021_p1.0.xlsx",62,"age_revision",,"better constrained radiometric ages based on ash interbedded at the P-33 locality","product addition/revision used"
"stomata-franks_steinthorsdottir_2021.xlsx",63,"stomata-franks_steinthorsdottir_2021_p1.0.xlsx",63,"age_mean","15.9","15.78","product addition/revision used"
"stomata-franks_steinthorsdottir_2021.xlsx",63,"stomata-franks_steinthorsdottir_2021_p1.0.xlsx",63,"age_min","15.5","15.741","product addition/revision used"
"stomata-franks_steinthorsdottir_2021.xlsx",63,"stomata-franks_steinthorsdottir_2021_p1.0.xlsx",63,"age_max","16","15.818999999999999","product addition/revision used"
"stomata-franks_steinthorsdottir_2021.xlsx",63,"stomata-franks_steinthorsdottir_2021_p1.0.xlsx",63,"age_notes","sanidine K/Ar and Ar/Ar; zircon U-Pb","U-Pb zircon ages from interbedded volcanic ashes at the P-33 type locality; reported in Hofig et al., 2021, Geology, 
https://doi.org/10.1130/G48901.1; this age supercedes the age reported in Steinthorsdottir et al., 2021 (15.9 Ma)","product addition/revision used"
"stomata-franks_steinthorsdottir_2021.xlsx",63,"stomata-franks_steinthorsdottir_2021_p1.0.xlsx",63,"age_revision",,"better constrained radiometric ages based on ash interbedded at the P-33 locality","product addition/revision used"
"stomata-franks_steinthorsdottir_2021.xlsx",64,"stomata-franks_steinthorsdottir_2021_p1.0.xlsx",64,"age_mean","15.9","15.78","product addition/revision used"
"stomata-franks_steinthorsdottir_2021.xlsx",64,"stomata-franks_steinthorsdottir_2021_p1.0.xlsx",64,"age_min","15.5","15.741","product addition/revision used"
"stomata-franks_steinthorsdottir_2021.xlsx",64,"stomata-franks_steinthorsdottir_2021_p1.0.xlsx",64,"age_max","16","15.818999999999999","product addition/revision used"
"stomata-franks_steinthorsdottir_2021.xlsx",64,"stomata-franks_steinthorsdottir_2021_p1.0.xlsx",64,"age_notes","sanidine K/Ar and Ar/Ar; zircon U-Pb","U-Pb zircon ages from interbedded volcanic ashes at the P-33 type locality; reported in Hofig et al., 2021, Geology, 
https://doi.org/10.1130/G48901.1; this age supercedes the age reported in Steinthorsdottir et al., 2021 (15.9 Ma)","product addition/revision used"
"stomata-franks_steinthorsdottir_2021.xlsx",64,"stomata-franks_steinthorsdottir_2021_p1.0.xlsx",64,"age_revision",,"better constrained radiometric ages based on ash interbedded at the P-33 locality","product addition/revision used"
"stomata-franks_steinthorsdottir_2021.xlsx",65,"stomata-franks_steinthorsdottir_2021_p1.0.xlsx",65,"age_mean","15.9","15.78","product addition/revision used"
"stomata-franks_steinthorsdottir_2021.xlsx",65,"stomata-franks_steinthorsdottir_2021_p1.0.xlsx",65,"age_min","15.5","15.741","product addition/revision used"
"stomata-franks_steinthorsdottir_2021.xlsx",65,"stomata-franks_steinthorsdottir_2021_p1.0.xlsx",65,"age_max","16","15.818999999999999","product addition/revision used"
"stomata-franks_steinthorsdottir_2021.xlsx",65,"stomata-franks_steinthorsdottir_2021_p1.0.xlsx",65,"age_notes","sanidine K/Ar and Ar/Ar; zircon U-Pb","U-Pb zircon ages from interbedded volcanic ashes at the P-33 type locality; reported in Hofig et al., 2021, Geology, 
https://doi.org/10.1130/G48901.1; this age supercedes the age reported in Steinthorsdottir et al., 2021 (15.9 Ma)","product addition/revision used"
"stomata-franks_steinthorsdottir_2021.xlsx",65,"stomata-franks_steinthorsdottir_2021_p1.0.xlsx",65,"age_revision",,"better constrained radiometric ages based on ash interbedded at the P-33 locality","product addition/revision used"
"stomata-franks_steinthorsdottir_2021.xlsx",66,"stomata-franks_steinthorsdottir_2021_p1.0.xlsx",66,"age_mean","15.9","15.78","product addition/revision used"
"stomata-franks_steinthorsdottir_2021.xlsx",66,"stomata-franks_steinthorsdottir_2021_p1.0.xlsx",66,"age_min","15.5","15.741","product addition/revision used"
"stomata-franks_steinthorsdottir_2021.xlsx",66,"stomata-franks_steinthorsdottir_2021_p1.0.xlsx",66,"age_max","16","15.818999999999999","product addition/revision used"
"stomata-franks_steinthorsdottir_2021.xlsx",66,"stomata-franks_steinthorsdottir_2021_p1.0.xlsx",66,"age_notes","sanidine K/Ar and Ar/Ar; zircon U-Pb","U-Pb zircon ages from interbedded volcanic ashes at the P-33 type locality; reported in Hofig et al., 2021, Geology, 
https://doi.org/10.1130/G48901.1; this age supercedes the age reported in Steinthorsdottir et al., 2021 (15.9 Ma)","product addition/revision used"
"stomata-franks_steinthorsdottir_2021.xlsx",66,"stomata-franks_steinthorsdottir_2021_p1.0.xlsx",66,"age_revision",,"better constrained radiometric ages based on ash interbedded at the P-33 locality","product addition/revision used"
"stomata-sd_stults_2011.xlsx",2,"stomata-sd_stults_2011_p1.0.xlsx",2,"age_mean","8.85","8.49","product addition/revision used"
"stomata-sd_stults_2011.xlsx",2,"stomata-sd_stults_2011_p1.0.xlsx",2,"age_min","6.5","5.33","product addition/revision used"
"stomata-sd_stults_2011.xlsx",2,"stomata-sd_stults_2011_p1.0.xlsx",2,"age_max","11.2","11.65","product addition/revision used"
"stomata-sd_stults_2011.xlsx",2,"stomata-sd_stults_2011_p1.0.xlsx",2,"age_notes","biostratigraphy: late Miocene","biostratigraphy: late Miocene (probably Tortonian-Messinian, based on published age of 11.2-6.5 Ma)","product addition/revision used"
"stomata-sd_stults_2011.xlsx",2,"stomata-sd_stults_2011_p1.0.xlsx",2,"age_scale",,"GTS2020","product addition/revision used"
"stomata-sd_stults_2011.xlsx",2,"stomata-sd_stults_2011_p1.0.xlsx",2,"age_revision",,"Biostratigraphy updated to GTS2020","product addition/revision used"
"stomata-sd_stults_2011.xlsx",3,"stomata-sd_stults_2011_p1.0.xlsx",3,"age_mean","3.05","3.09","product addition/revision used"
"stomata-sd_stults_2011.xlsx",3,"stomata-sd_stults_2011_p1.0.xlsx",3,"age_min","2.7","2.58","product addition/revision used"
"stomata-sd_stults_2011.xlsx",3,"stomata-sd_stults_2011_p1.0.xlsx",3,"age_max","3.4","3.6","product addition/revision used"
"stomata-sd_stults_2011.xlsx",3,"stomata-sd_stults_2011_p1.0.xlsx",3,"age_notes","biostratigraphy: Pliocene","biostratigraphy: Pliocene (probably Piacenzian, based on published age of 3.4-2.7 Ma)","product addition/revision used"
"stomata-sd_stults_2011.xlsx",3,"stomata-sd_stults_2011_p1.0.xlsx",3,"age_scale",,"GTS2020","product addition/revision used"
"stomata-sd_stults_2011.xlsx",3,"stomata-sd_stults_2011_p1.0.xlsx",3,"age_revision",,"Biostratigraphy updated to GTS2020","product addition/revision used"
"stomata-si_barclay_2016.xlsx",2,"stomata-si_barclay_2016_p1.1.xlsx",2,"age_scale","GTS2012","GTS2020","unexplained difference; archive retained"
"stomata-si_barclay_2016.xlsx",3,"stomata-si_barclay_2016_p1.1.xlsx",3,"age_scale","GTS2012","GTS2020","unexplained difference; archive retained"
"stomata-si_barclay_2016.xlsx",4,"stomata-si_barclay_2016_p1.1.xlsx",4,"age_scale","GTS2012","GTS2020","unexplained difference; archive retained"
"stomata-si_barclay_2016.xlsx",5,"stomata-si_barclay_2016_p1.1.xlsx",5,"gen_notes","Stomatal density treated as abaxial; density and uncertainty converted from mm^-2 to m^-2.","the actual CO2 estimate is >429 ppm but has been set to 429 ppm for plotting purposes, similarly: the pos. CO2 uncertainty is unbounded but has been set to 2000 ppm for plotting purposes; Stomatal density treated as abaxial; density and uncertainty converted from mm^-2 to m^-2.","unexplained difference; archive retained"
"stomata-si_barclay_2016.xlsx",5,"stomata-si_barclay_2016_p1.1.xlsx",5,"age_scale","GTS2012","GTS2020","unexplained difference; archive retained"
"stomata-si_barclay_2016.xlsx",6,"stomata-si_barclay_2016_p1.1.xlsx",6,"age_scale","GTS2012","GTS2020","unexplained difference; archive retained"
"stomata-si_beerling_2009.xlsx",5,"stomata-si_beerling_2009_p1.0.xlsx",2,"age_mean","64.5","65.400000000000006","product addition/revision used"
"stomata-si_beerling_2009.xlsx",5,"stomata-si_beerling_2009_p1.0.xlsx",2,"age_min","64.2","64.800000000000011","product addition/revision used"
"stomata-si_beerling_2009.xlsx",5,"stomata-si_beerling_2009_p1.0.xlsx",2,"age_max","64.8","66","product addition/revision used"
"stomata-si_beerling_2009.xlsx",5,"stomata-si_beerling_2009_p1.0.xlsx",2,"age_scale","GTS1989","GTS2020","product addition/revision used"
"stomata-si_beerling_2009.xlsx",5,"stomata-si_beerling_2009_p1.0.xlsx",2,"age_revision",,"Biostratigraphy updated to GTS2020","product addition/revision used"
"stomata-si_beerling_2009.xlsx",6,"stomata-si_beerling_2009_p1.0.xlsx",3,"age_mean","64.5","65.400000000000006","product addition/revision used"
"stomata-si_beerling_2009.xlsx",6,"stomata-si_beerling_2009_p1.0.xlsx",3,"age_min","64.2","64.800000000000011","product addition/revision used"
"stomata-si_beerling_2009.xlsx",6,"stomata-si_beerling_2009_p1.0.xlsx",3,"age_max","64.8","66","product addition/revision used"
"stomata-si_beerling_2009.xlsx",6,"stomata-si_beerling_2009_p1.0.xlsx",3,"age_scale","GTS1989","GTS2020","product addition/revision used"
"stomata-si_beerling_2009.xlsx",6,"stomata-si_beerling_2009_p1.0.xlsx",3,"age_revision",,"Biostratigraphy updated to GTS2020","product addition/revision used"
"stomata-si_beerling_2009.xlsx",7,"stomata-si_beerling_2009_p1.0.xlsx",4,"age_mean","64.13","64.099999999999994","unexplained difference; archive retained"
"stomata-si_beerling_2009.xlsx",7,"stomata-si_beerling_2009_p1.0.xlsx",4,"age_min","63.919999999999995","63.899999999999991","unexplained difference; archive retained"
"stomata-si_beerling_2009.xlsx",7,"stomata-si_beerling_2009_p1.0.xlsx",4,"age_max","64.339999999999989","64.3","unexplained difference; archive retained"
"stomata-si_beerling_2009.xlsx",8,"stomata-si_beerling_2009_p1.0.xlsx",5,"age_mean","64","63.8","product addition/revision used"
"stomata-si_beerling_2009.xlsx",8,"stomata-si_beerling_2009_p1.0.xlsx",5,"age_min","63.05","61.600000000000009","product addition/revision used"
"stomata-si_beerling_2009.xlsx",8,"stomata-si_beerling_2009_p1.0.xlsx",5,"age_max","64.95","66","product addition/revision used"
"stomata-si_beerling_2009.xlsx",8,"stomata-si_beerling_2009_p1.0.xlsx",5,"age_scale","GTS1989","GTS2020","product addition/revision used"
"stomata-si_beerling_2009.xlsx",8,"stomata-si_beerling_2009_p1.0.xlsx",5,"age_revision",,"Biostratigraphy updated to GTS2020","product addition/revision used"
"stomata-si_beerling_2009.xlsx",9,"stomata-si_beerling_2009_p1.0.xlsx",6,"age_mean","61","61.1","product addition/revision used"
"stomata-si_beerling_2009.xlsx",9,"stomata-si_beerling_2009_p1.0.xlsx",6,"age_min",,"57.4","product addition/revision used"
"stomata-si_beerling_2009.xlsx",9,"stomata-si_beerling_2009_p1.0.xlsx",6,"age_max",,"64.8","product addition/revision used"
"stomata-si_beerling_2009.xlsx",9,"stomata-si_beerling_2009_p1.0.xlsx",6,"age_scale","GTS1989","GTS2020","product addition/revision used"
"stomata-si_beerling_2009.xlsx",9,"stomata-si_beerling_2009_p1.0.xlsx",6,"age_revision",,"Biostratigraphy updated to GTS2020","product addition/revision used"
"stomata-si_beerling_2009.xlsx",10,"stomata-si_beerling_2009_p1.0.xlsx",7,"age_mean","58.5","59.9","product addition/revision used"
"stomata-si_beerling_2009.xlsx",10,"stomata-si_beerling_2009_p1.0.xlsx",7,"age_min","57.85","59","product addition/revision used"
"stomata-si_beerling_2009.xlsx",10,"stomata-si_beerling_2009_p1.0.xlsx",7,"age_max","59.15","60.8","product addition/revision used"
"stomata-si_beerling_2009.xlsx",10,"stomata-si_beerling_2009_p1.0.xlsx",7,"age_scale","GTS1989","GTS2020","product addition/revision used"
"stomata-si_beerling_2009.xlsx",10,"stomata-si_beerling_2009_p1.0.xlsx",7,"age_revision",,"Biostratigraphy updated to GTS2020","product addition/revision used"
"stomata-si_beerling_2009.xlsx",11,"stomata-si_beerling_2009_p1.0.xlsx",8,"age_mean","58.5","59.9","product addition/revision used"
"stomata-si_beerling_2009.xlsx",11,"stomata-si_beerling_2009_p1.0.xlsx",8,"age_min","57.85","59","product addition/revision used"
"stomata-si_beerling_2009.xlsx",11,"stomata-si_beerling_2009_p1.0.xlsx",8,"age_max","59.15","60.8","product addition/revision used"
"stomata-si_beerling_2009.xlsx",11,"stomata-si_beerling_2009_p1.0.xlsx",8,"age_scale","GTS1989","GTS2020","product addition/revision used"
"stomata-si_beerling_2009.xlsx",11,"stomata-si_beerling_2009_p1.0.xlsx",8,"age_revision",,"Biostratigraphy updated to GTS2020","product addition/revision used"
"stomata-si_beerling_2009.xlsx",12,"stomata-si_beerling_2009_p1.0.xlsx",9,"age_mean","57.335999999999999","58.1","product addition/revision used"
"stomata-si_beerling_2009.xlsx",12,"stomata-si_beerling_2009_p1.0.xlsx",9,"age_min","56.687999999999995","57.8","product addition/revision used"
"stomata-si_beerling_2009.xlsx",12,"stomata-si_beerling_2009_p1.0.xlsx",9,"age_max","57.790999999999997","58.4","product addition/revision used"
"stomata-si_beerling_2009.xlsx",12,"stomata-si_beerling_2009_p1.0.xlsx",9,"age_scale","GTS1989","GTS2020","product addition/revision used"
"stomata-si_beerling_2009.xlsx",12,"stomata-si_beerling_2009_p1.0.xlsx",9,"age_revision",,"Biostratigraphy updated to GTS2020","product addition/revision used"
"stomata-si_beerling_2009.xlsx",13,"stomata-si_beerling_2009_p1.0.xlsx",10,"age_mean","56.353999999999999","57.2","product addition/revision used"
"stomata-si_beerling_2009.xlsx",13,"stomata-si_beerling_2009_p1.0.xlsx",10,"age_min","56.018999999999998","57","product addition/revision used"
"stomata-si_beerling_2009.xlsx",13,"stomata-si_beerling_2009_p1.0.xlsx",10,"age_max","56.689","57.4","product addition/revision used"
"stomata-si_beerling_2009.xlsx",13,"stomata-si_beerling_2009_p1.0.xlsx",10,"age_scale","GTS1989","GTS2020","product addition/revision used"
"stomata-si_beerling_2009.xlsx",13,"stomata-si_beerling_2009_p1.0.xlsx",10,"age_revision",,"Biostratigraphy updated to GTS2020","product addition/revision used"
"stomata-si_beerling_2009.xlsx",14,"stomata-si_beerling_2009_p1.0.xlsx",11,"age_mean","55.942999999999998","56.7","product addition/revision used"
"stomata-si_beerling_2009.xlsx",14,"stomata-si_beerling_2009_p1.0.xlsx",11,"age_min","55.792999999999999","56.5","product addition/revision used"
"stomata-si_beerling_2009.xlsx",14,"stomata-si_beerling_2009_p1.0.xlsx",11,"age_max","56.092999999999996","56.9","product addition/revision used"
"stomata-si_beerling_2009.xlsx",14,"stomata-si_beerling_2009_p1.0.xlsx",11,"age_scale","GTS1989","GTS2020","product addition/revision used"
"stomata-si_beerling_2009.xlsx",14,"stomata-si_beerling_2009_p1.0.xlsx",11,"age_revision",,"Biostratigraphy updated to GTS2020","product addition/revision used"
"stomata-si_beerling_2009.xlsx",15,"stomata-si_beerling_2009_p1.0.xlsx",12,"age_mean","55.942999999999998","56.7","product addition/revision used"
"stomata-si_beerling_2009.xlsx",15,"stomata-si_beerling_2009_p1.0.xlsx",12,"age_min","55.792999999999999","56.5","product addition/revision used"
"stomata-si_beerling_2009.xlsx",15,"stomata-si_beerling_2009_p1.0.xlsx",12,"age_max","56.092999999999996","56.9","product addition/revision used"
"stomata-si_beerling_2009.xlsx",15,"stomata-si_beerling_2009_p1.0.xlsx",12,"age_scale","GTS1989","GTS2020","product addition/revision used"
"stomata-si_beerling_2009.xlsx",15,"stomata-si_beerling_2009_p1.0.xlsx",12,"age_revision",,"Biostratigraphy updated to GTS2020","product addition/revision used"
"stomata-si_beerling_2009.xlsx",16,"stomata-si_beerling_2009_p1.0.xlsx",13,"age_mean","55.942999999999998","56.7","product addition/revision used"
"stomata-si_beerling_2009.xlsx",16,"stomata-si_beerling_2009_p1.0.xlsx",13,"age_min","55.792999999999999","56.5","product addition/revision used"
"stomata-si_beerling_2009.xlsx",16,"stomata-si_beerling_2009_p1.0.xlsx",13,"age_max","56.092999999999996","56.9","product addition/revision used"
"stomata-si_beerling_2009.xlsx",16,"stomata-si_beerling_2009_p1.0.xlsx",13,"age_scale","GTS1989","GTS2020","product addition/revision used"
"stomata-si_beerling_2009.xlsx",16,"stomata-si_beerling_2009_p1.0.xlsx",13,"age_revision",,"Biostratigraphy updated to GTS2020","product addition/revision used"
"stomata-si_beerling_2009.xlsx",17,"stomata-si_beerling_2009_p1.0.xlsx",14,"age_mean","55.807000000000002","56.6","product addition/revision used"
"stomata-si_beerling_2009.xlsx",17,"stomata-si_beerling_2009_p1.0.xlsx",14,"age_min","55.594000000000001","56.5","product addition/revision used"
"stomata-si_beerling_2009.xlsx",17,"stomata-si_beerling_2009_p1.0.xlsx",14,"age_max","56.02","56.7","product addition/revision used"
"stomata-si_beerling_2009.xlsx",17,"stomata-si_beerling_2009_p1.0.xlsx",14,"age_scale","GTS1989","GTS2020","product addition/revision used"
"stomata-si_beerling_2009.xlsx",17,"stomata-si_beerling_2009_p1.0.xlsx",14,"age_revision",,"Biostratigraphy updated to GTS2020","product addition/revision used"
"stomata-si_beerling_2009.xlsx",18,"stomata-si_beerling_2009_p1.0.xlsx",15,"age_mean","55.664000000000001","56.5","product addition/revision used"
"stomata-si_beerling_2009.xlsx",18,"stomata-si_beerling_2009_p1.0.xlsx",15,"age_min","55.539000000000001","56.4","product addition/revision used"
"stomata-si_beerling_2009.xlsx",18,"stomata-si_beerling_2009_p1.0.xlsx",15,"age_max","55.789000000000001","56.6","product addition/revision used"
"stomata-si_beerling_2009.xlsx",18,"stomata-si_beerling_2009_p1.0.xlsx",15,"age_scale","GTS1989","GTS2020","product addition/revision used"
"stomata-si_beerling_2009.xlsx",18,"stomata-si_beerling_2009_p1.0.xlsx",15,"age_revision",,"Biostratigraphy updated to GTS2020","product addition/revision used"
"stomata-si_beerling_2009.xlsx",19,"stomata-si_beerling_2009_p1.0.xlsx",16,"age_mean","55.594999999999999","56.4","product addition/revision used"
"stomata-si_beerling_2009.xlsx",19,"stomata-si_beerling_2009_p1.0.xlsx",16,"age_min","55.494999999999997","56.3","product addition/revision used"
"stomata-si_beerling_2009.xlsx",19,"stomata-si_beerling_2009_p1.0.xlsx",16,"age_max","55.695","56.5","product addition/revision used"
"stomata-si_beerling_2009.xlsx",19,"stomata-si_beerling_2009_p1.0.xlsx",16,"age_scale","GTS1989","GTS2020","product addition/revision used"
"stomata-si_beerling_2009.xlsx",19,"stomata-si_beerling_2009_p1.0.xlsx",16,"age_revision",,"Biostratigraphy updated to GTS2020","product addition/revision used"
"stomata-si_beerling_2009.xlsx",20,"stomata-si_beerling_2009_p1.0.xlsx",17,"age_mean","55.363","56.2","product addition/revision used"
"stomata-si_beerling_2009.xlsx",20,"stomata-si_beerling_2009_p1.0.xlsx",17,"age_min","55.234000000000002","56.1","product addition/revision used"
"stomata-si_beerling_2009.xlsx",20,"stomata-si_beerling_2009_p1.0.xlsx",17,"age_max","55.463000000000001","56.3","product addition/revision used"
"stomata-si_beerling_2009.xlsx",20,"stomata-si_beerling_2009_p1.0.xlsx",17,"age_scale","GTS1989","GTS2020","product addition/revision used"
"stomata-si_beerling_2009.xlsx",20,"stomata-si_beerling_2009_p1.0.xlsx",17,"age_revision",,"Biostratigraphy updated to GTS2020","product addition/revision used"
"stomata-si_beerling_2009.xlsx",21,"stomata-si_beerling_2009_p1.0.xlsx",18,"age_mean","55.343000000000004","56.1","product addition/revision used"
"stomata-si_beerling_2009.xlsx",21,"stomata-si_beerling_2009_p1.0.xlsx",18,"age_min","55.234000000000002","56","product addition/revision used"
"stomata-si_beerling_2009.xlsx",21,"stomata-si_beerling_2009_p1.0.xlsx",18,"age_max","55.443000000000005","56.2","product addition/revision used"
"stomata-si_beerling_2009.xlsx",21,"stomata-si_beerling_2009_p1.0.xlsx",18,"age_scale","GTS1989","GTS2020","product addition/revision used"
"stomata-si_beerling_2009.xlsx",21,"stomata-si_beerling_2009_p1.0.xlsx",18,"age_revision",,"Biostratigraphy updated to GTS2020","product addition/revision used"
"stomata-si_beerling_2009.xlsx",22,"stomata-si_beerling_2009_p1.0.xlsx",19,"age_mean","55.341000000000001","56.1","product addition/revision used"
"stomata-si_beerling_2009.xlsx",22,"stomata-si_beerling_2009_p1.0.xlsx",19,"age_min","55.234000000000002","56","product addition/revision used"
"stomata-si_beerling_2009.xlsx",22,"stomata-si_beerling_2009_p1.0.xlsx",19,"age_max","55.441000000000003","56.2","product addition/revision used"
"stomata-si_beerling_2009.xlsx",22,"stomata-si_beerling_2009_p1.0.xlsx",19,"age_scale","GTS1989","GTS2020","product addition/revision used"
"stomata-si_beerling_2009.xlsx",22,"stomata-si_beerling_2009_p1.0.xlsx",19,"age_revision",,"Biostratigraphy updated to GTS2020","product addition/revision used"
"stomata-si_beerling_2009.xlsx",23,"stomata-si_beerling_2009_p1.0.xlsx",20,"age_mean","55.3","56.1","product addition/revision used"
"stomata-si_beerling_2009.xlsx",23,"stomata-si_beerling_2009_p1.0.xlsx",20,"age_min","55.233999999999995","56","product addition/revision used"
"stomata-si_beerling_2009.xlsx",23,"stomata-si_beerling_2009_p1.0.xlsx",20,"age_max","55.4","56.2","product addition/revision used"
"stomata-si_beerling_2009.xlsx",23,"stomata-si_beerling_2009_p1.0.xlsx",20,"age_scale","GTS1989","GTS2020","product addition/revision used"
"stomata-si_beerling_2009.xlsx",23,"stomata-si_beerling_2009_p1.0.xlsx",20,"age_revision",,"Biostratigraphy updated to GTS2020","product addition/revision used"
"stomata-si_beerling_2009.xlsx",24,"stomata-si_beerling_2009_p1.0.xlsx",21,"age_mean","55.298000000000002","56.1","product addition/revision used"
"stomata-si_beerling_2009.xlsx",24,"stomata-si_beerling_2009_p1.0.xlsx",21,"age_min","55.234000000000002","56","product addition/revision used"
"stomata-si_beerling_2009.xlsx",24,"stomata-si_beerling_2009_p1.0.xlsx",21,"age_max","55.398000000000003","56.2","product addition/revision used"
"stomata-si_beerling_2009.xlsx",24,"stomata-si_beerling_2009_p1.0.xlsx",21,"age_scale","GTS1989","GTS2020","product addition/revision used"
"stomata-si_beerling_2009.xlsx",24,"stomata-si_beerling_2009_p1.0.xlsx",21,"age_revision",,"Biostratigraphy updated to GTS2020","product addition/revision used"
"stomata-si_beerling_2009.xlsx",25,"stomata-si_beerling_2009_p1.0.xlsx",22,"age_mean","55.234000000000002","56","product addition/revision used"
"stomata-si_beerling_2009.xlsx",25,"stomata-si_beerling_2009_p1.0.xlsx",22,"age_notes","Considered to be from within the PETM by Jolley et al. (2002 Geology 30: 7-10 doi:10.1130/0091-7613(2002)030<0007:PTSMEF>2.0.CO;2); this was subsequently sharply disputed (see May 2003 issue of Geology)","Considered to be from within the PETM by Jolley et al. (2002 Geology 30: 7-10 doi:10.1130/0091-7613(2002)030<0007:PTSMEF>2.0.CO;2); this was subsequently sharply disputed (see May 2003 issue of Geology); consequently, no age uncertainties are given here","product addition/revision used"
"stomata-si_beerling_2009.xlsx",25,"stomata-si_beerling_2009_p1.0.xlsx",22,"age_scale","GTS1989","GTS2020","product addition/revision used"
"stomata-si_beerling_2009.xlsx",25,"stomata-si_beerling_2009_p1.0.xlsx",22,"age_revision",,"Biostratigraphy updated to GTS2020","product addition/revision used"
"stomata-si_beerling_2009.xlsx",26,"stomata-si_beerling_2009_p1.0.xlsx",23,"age_mean","55.125","55.9","product addition/revision used"
"stomata-si_beerling_2009.xlsx",26,"stomata-si_beerling_2009_p1.0.xlsx",23,"age_min","55","55.8","product addition/revision used"
"stomata-si_beerling_2009.xlsx",26,"stomata-si_beerling_2009_p1.0.xlsx",23,"age_max","55.234000000000002","56","product addition/revision used"
"stomata-si_beerling_2009.xlsx",26,"stomata-si_beerling_2009_p1.0.xlsx",23,"age_scale","GTS1989","GTS2020","product addition/revision used"
"stomata-si_beerling_2009.xlsx",26,"stomata-si_beerling_2009_p1.0.xlsx",23,"age_revision",,"Biostratigraphy updated to GTS2020","product addition/revision used"
"stomata-si_beerling_2009.xlsx",27,"stomata-si_beerling_2009_p1.0.xlsx",24,"age_mean","54.798000000000002","55.6","product addition/revision used"
"stomata-si_beerling_2009.xlsx",27,"stomata-si_beerling_2009_p1.0.xlsx",24,"age_min","54.698","55.5","product addition/revision used"
"stomata-si_beerling_2009.xlsx",27,"stomata-si_beerling_2009_p1.0.xlsx",24,"age_max","54.898000000000003","55.7","product addition/revision used"
"stomata-si_beerling_2009.xlsx",27,"stomata-si_beerling_2009_p1.0.xlsx",24,"age_scale","GTS1989","GTS2020","product addition/revision used"
"stomata-si_beerling_2009.xlsx",27,"stomata-si_beerling_2009_p1.0.xlsx",24,"age_revision",,"Biostratigraphy updated to GTS2020","product addition/revision used"
"stomata-si_beerling_2009.xlsx",28,"stomata-si_beerling_2009_p1.0.xlsx",25,"age_mean","53.896999999999998","54.7","product addition/revision used"
"stomata-si_beerling_2009.xlsx",28,"stomata-si_beerling_2009_p1.0.xlsx",25,"age_min","53.796999999999997","54.6","product addition/revision used"
"stomata-si_beerling_2009.xlsx",28,"stomata-si_beerling_2009_p1.0.xlsx",25,"age_max","53.997","54.8","product addition/revision used"
"stomata-si_beerling_2009.xlsx",28,"stomata-si_beerling_2009_p1.0.xlsx",25,"age_scale","GTS1989","GTS2020","product addition/revision used"
"stomata-si_beerling_2009.xlsx",28,"stomata-si_beerling_2009_p1.0.xlsx",25,"age_revision",,"Biostratigraphy updated to GTS2020","product addition/revision used"
"stomata-si_beerling_2009.xlsx",29,"stomata-si_beerling_2009_p1.0.xlsx",26,"age_mean","53.488","54.3","product addition/revision used"
"stomata-si_beerling_2009.xlsx",29,"stomata-si_beerling_2009_p1.0.xlsx",26,"age_min","53.387999999999998","54.2","product addition/revision used"
"stomata-si_beerling_2009.xlsx",29,"stomata-si_beerling_2009_p1.0.xlsx",26,"age_max","53.588000000000001","54.4","product addition/revision used"
"stomata-si_beerling_2009.xlsx",29,"stomata-si_beerling_2009_p1.0.xlsx",26,"age_scale","GTS1989","GTS2020","product addition/revision used"
"stomata-si_beerling_2009.xlsx",29,"stomata-si_beerling_2009_p1.0.xlsx",26,"age_revision",,"Biostratigraphy updated to GTS2020","product addition/revision used"
"stomata-si_beerling_2009.xlsx",30,"stomata-si_beerling_2009_p1.0.xlsx",27,"age_mean","53.433","54.2","product addition/revision used"
"stomata-si_beerling_2009.xlsx",30,"stomata-si_beerling_2009_p1.0.xlsx",27,"age_min","53.332999999999998","54.1","product addition/revision used"
"stomata-si_beerling_2009.xlsx",30,"stomata-si_beerling_2009_p1.0.xlsx",27,"age_max","53.533000000000001","54.3","product addition/revision used"
"stomata-si_beerling_2009.xlsx",30,"stomata-si_beerling_2009_p1.0.xlsx",27,"age_scale","GTS1989","GTS2020","product addition/revision used"
"stomata-si_beerling_2009.xlsx",30,"stomata-si_beerling_2009_p1.0.xlsx",27,"age_revision",,"Biostratigraphy updated to GTS2020","product addition/revision used"
"stomata-si_beerling_2009.xlsx",32,"stomata-si_beerling_2009_p1.0.xlsx",29,"age_mean","15.25","15.78","product addition/revision used"
"stomata-si_beerling_2009.xlsx",32,"stomata-si_beerling_2009_p1.0.xlsx",29,"age_min","13.75","15.741","product addition/revision used"
"stomata-si_beerling_2009.xlsx",32,"stomata-si_beerling_2009_p1.0.xlsx",29,"age_max","16.75","15.818999999999999","product addition/revision used"
"stomata-si_beerling_2009.xlsx",32,"stomata-si_beerling_2009_p1.0.xlsx",29,"age_notes","radiometric constraints (Reidel & Fecht, 1987; 10.1130/0016-7606(1987)98<664:thfeos>2.0.co;2)","U-Pb zircon ages from interbedded volcanic ashes at the P-33 type locality; reported in Hofig et al., 2021, Geology, 
https://doi.org/10.1130/G48901.1; this age supercedes the age reported in Beerling et al., 2009 (15.3 Ma)","product addition/revision used"
"stomata-si_beerling_2009.xlsx",32,"stomata-si_beerling_2009_p1.0.xlsx",29,"gen_notes","Original CO2 estimates made by Royer et al. (2001 Science 292: 2310-2313 doi:10.1126/science.292.5525.2310) and Royer (2003 GSA Special Paper 369: 79-93 doi:10.1130/0-8137-2369-8.79); revised by Beerling et al. (2009) using a more robust error propagation routine","Original CO2 estimates made by Royer et al. (2001 Science 292: 2310-2313 doi:10.1126/science.292.5525.2310) and Royer (2003 GSA Special Paper 369: 79-93 doi:10.1130/0-8137-2369-8.79); revised by Beerling et al. (2009) using a more robust error propagation routine; pos CO2 uncertainty is actually unbounded but has been set to 2000 ppm for plotting purposes only","unexplained difference; archive retained"
"stomata-si_beerling_2009.xlsx",32,"stomata-si_beerling_2009_p1.0.xlsx",29,"age_revision",,"better constrained radiometric ages based on ash interbedded at the P-33 locality","product addition/revision used"
"stomata-si_beerling_2009.xlsx",33,"stomata-si_beerling_2009_p1.0.xlsx",30,"age_mean","15.25","15.78","product addition/revision used"
"stomata-si_beerling_2009.xlsx",33,"stomata-si_beerling_2009_p1.0.xlsx",30,"age_min","13.75","15.741","product addition/revision used"
"stomata-si_beerling_2009.xlsx",33,"stomata-si_beerling_2009_p1.0.xlsx",30,"age_max","16.75","15.818999999999999","product addition/revision used"
"stomata-si_beerling_2009.xlsx",33,"stomata-si_beerling_2009_p1.0.xlsx",30,"age_notes","radiometric constraints (Reidel & Fecht, 1987; 10.1130/0016-7606(1987)98<664:thfeos>2.0.co;2)","U-Pb zircon ages from interbedded volcanic ashes at the P-33 type locality; reported in Hofig et al., 2021, Geology, 
https://doi.org/10.1130/G48901.1; this age supercedes the age reported in Beerling et al., 2009 (15.3 Ma)","product addition/revision used"
"stomata-si_beerling_2009.xlsx",33,"stomata-si_beerling_2009_p1.0.xlsx",30,"gen_notes","Original CO2 estimates made by Royer et al. (2001 Science 292: 2310-2313 doi:10.1126/science.292.5525.2310) and Royer (2003 GSA Special Paper 369: 79-93 doi:10.1130/0-8137-2369-8.79); revised by Beerling et al. (2009) using a more robust error propagation routine","Original CO2 estimates made by Royer et al. (2001 Science 292: 2310-2313 doi:10.1126/science.292.5525.2310) and Royer (2003 GSA Special Paper 369: 79-93 doi:10.1130/0-8137-2369-8.79); revised by Beerling et al. (2009) using a more robust error propagation routine; pos CO2 uncertainty is actually unbounded but has been set to 2000 ppm for plotting purposes only","unexplained difference; archive retained"
"stomata-si_beerling_2009.xlsx",33,"stomata-si_beerling_2009_p1.0.xlsx",30,"age_revision",,"better constrained radiometric ages based on ash interbedded at the P-33 locality","product addition/revision used"
"stomata-si_beerling_2009.xlsx",34,"stomata-si_beerling_2009_p1.0.xlsx",31,"age_mean","15.15","15.78","product addition/revision used"
"stomata-si_beerling_2009.xlsx",34,"stomata-si_beerling_2009_p1.0.xlsx",31,"age_min","13.65","15.741","product addition/revision used"
"stomata-si_beerling_2009.xlsx",34,"stomata-si_beerling_2009_p1.0.xlsx",31,"age_max","16.649999999999999","15.818999999999999","product addition/revision used"
"stomata-si_beerling_2009.xlsx",34,"stomata-si_beerling_2009_p1.0.xlsx",31,"age_notes","radiometric constraints (Reidel & Fecht, 1987; 10.1130/0016-7606(1987)98<664:thfeos>2.0.co;2)","U-Pb zircon ages from interbedded volcanic ashes at the P-33 type locality; reported in Hofig et al., 2021, Geology, 
https://doi.org/10.1130/G48901.1; this age supercedes the age reported in Beerling et al., 2009 (15.2 Ma)","product addition/revision used"
"stomata-si_beerling_2009.xlsx",34,"stomata-si_beerling_2009_p1.0.xlsx",31,"gen_notes","Original CO2 estimates made by Royer et al. (2001 Science 292: 2310-2313 doi:10.1126/science.292.5525.2310) and Royer (2003 GSA Special Paper 369: 79-93 doi:10.1130/0-8137-2369-8.79); revised by Beerling et al. (2009) using a more robust error propagation routine","Original CO2 estimates made by Royer et al. (2001 Science 292: 2310-2313 doi:10.1126/science.292.5525.2310) and Royer (2003 GSA Special Paper 369: 79-93 doi:10.1130/0-8137-2369-8.79); revised by Beerling et al. (2009) using a more robust error propagation routine; pos CO2 uncertainty is actually unbounded but has been set to 2000 ppm for plotting purposes only","unexplained difference; archive retained"
"stomata-si_beerling_2009.xlsx",34,"stomata-si_beerling_2009_p1.0.xlsx",31,"age_revision",,"better constrained radiometric ages based on ash interbedded at the P-33 locality","product addition/revision used"
"stomata-si_beerling_2009.xlsx",35,"stomata-si_beerling_2009_p1.0.xlsx",32,"age_mean","13.9","13.324999999999999","product addition/revision used"
"stomata-si_beerling_2009.xlsx",35,"stomata-si_beerling_2009_p1.0.xlsx",32,"age_min","13.5","12.65","product addition/revision used"
"stomata-si_beerling_2009.xlsx",35,"stomata-si_beerling_2009_p1.0.xlsx",32,"age_max","14.3","14","product addition/revision used"
"stomata-si_beerling_2009.xlsx",35,"stomata-si_beerling_2009_p1.0.xlsx",32,"age_notes","Absolute age of the biozone, palaeomagnetic Chron, or geological stage depending upon the age assessment available","Absolute age of the biozone, palaeomagnetic Chron, or geological stage depending upon the age assessment available; L. Badenian (Schaefer A, Utescher T, Moers T (2004) Newslett Stratigr 40:73-110)","product addition/revision used"
"stomata-si_beerling_2009.xlsx",35,"stomata-si_beerling_2009_p1.0.xlsx",32,"age_scale","GTS 2012; L. Badenian (Schaefer A, Utescher T, Moers T (2004) Newslett Stratigr 40:73-110)","GTS2020","product addition/revision used"
"stomata-si_beerling_2009.xlsx",35,"stomata-si_beerling_2009_p1.0.xlsx",32,"age_revision",,"Biostratigraphy updated to GTS2020","product addition/revision used"
"stomata-si_beerling_2009.xlsx",36,"stomata-si_beerling_2009_p1.0.xlsx",33,"age_mean","15.7","14.984999999999999","product addition/revision used"
"stomata-si_beerling_2009.xlsx",36,"stomata-si_beerling_2009_p1.0.xlsx",33,"age_min","15","14","product addition/revision used"
"stomata-si_beerling_2009.xlsx",36,"stomata-si_beerling_2009_p1.0.xlsx",33,"age_max","16.399999999999999","15.97","product addition/revision used"
"stomata-si_beerling_2009.xlsx",36,"stomata-si_beerling_2009_p1.0.xlsx",33,"age_notes","Absolute age of the biozone, palaeomagnetic Chron, or geological stage depending upon the age assessment available","Absolute age of the biozone, palaeomagnetic Chron, or geological stage depending upon the age assessment available; E. Badenian (Němejc F, Kvaček Z, Pacltová B, Konzalová M (2003) Acta Univ Carol Geol 46:121-176)","product addition/revision used"
"stomata-si_beerling_2009.xlsx",36,"stomata-si_beerling_2009_p1.0.xlsx",33,"age_scale","GTS 2012; E. Badenian (Němejc F, Kvaček Z, Pacltová B, Konzalová M (2003) Acta Univ Carol Geol 46:121-176)","GTS2020","product addition/revision used"
"stomata-si_beerling_2009.xlsx",36,"stomata-si_beerling_2009_p1.0.xlsx",33,"age_revision",,"Biostratigraphy updated to GTS2020","product addition/revision used"
"stomata-si_beerling_2009.xlsx",37,"stomata-si_beerling_2009_p1.0.xlsx",34,"age_mean","15.8","14.984999999999999","product addition/revision used"
"stomata-si_beerling_2009.xlsx",37,"stomata-si_beerling_2009_p1.0.xlsx",34,"age_min","15.6","14","product addition/revision used"
"stomata-si_beerling_2009.xlsx",37,"stomata-si_beerling_2009_p1.0.xlsx",34,"age_max","16","15.97","product addition/revision used"
"stomata-si_beerling_2009.xlsx",37,"stomata-si_beerling_2009_p1.0.xlsx",34,"age_notes","Absolute age of the biozone, palaeomagnetic Chron, or geological stage depending upon the age assessment available","Absolute age of the biozone, palaeomagnetic Chron, or geological stage depending upon the age assessment available; E. Badenian (Retallack GJ (2002) Philos Trans R Soc London A 360:959-673)","product addition/revision used"
"stomata-si_beerling_2009.xlsx",37,"stomata-si_beerling_2009_p1.0.xlsx",34,"age_scale","GTS 2012; E. Badenian (Retallack GJ (2002) Philos Trans R Soc London A 360:959-673)","GTS2020","product addition/revision used"
"stomata-si_beerling_2009.xlsx",37,"stomata-si_beerling_2009_p1.0.xlsx",34,"age_revision",,"Biostratigraphy updated to GTS2020","product addition/revision used"
"stomata-si_kuerschner_1996.xlsx",2,"stomata-si_kuerschner_1996_p1.0.xlsx",2,"age_mean","1.8","2.165","product addition/revision used"
"stomata-si_kuerschner_1996.xlsx",2,"stomata-si_kuerschner_1996_p1.0.xlsx",2,"age_min",,"1.78","product addition/revision used"
"stomata-si_kuerschner_1996.xlsx",2,"stomata-si_kuerschner_1996_p1.0.xlsx",2,"age_max",,"2.5499999999999998","product addition/revision used"
"stomata-si_kuerschner_1996.xlsx",2,"stomata-si_kuerschner_1996_p1.0.xlsx",2,"age_notes","Ages only shown graphically and are guestimated here","Ages only shown graphically; they are updated here based on the biostratigraphy using GTS2020","product addition/revision used"
"stomata-si_kuerschner_1996.xlsx",2,"stomata-si_kuerschner_1996_p1.0.xlsx",2,"age_scale",,"GTS2020","product addition/revision used"
"stomata-si_kuerschner_1996.xlsx",2,"stomata-si_kuerschner_1996_p1.0.xlsx",2,"age_revision",,"Biostratigraphy updated to GTS2020","product addition/revision used"
"stomata-si_kuerschner_1996.xlsx",3,"stomata-si_kuerschner_1996_p1.0.xlsx",3,"age_mean","2.2999999999999998","3.415","product addition/revision used"
"stomata-si_kuerschner_1996.xlsx",3,"stomata-si_kuerschner_1996_p1.0.xlsx",3,"age_min",,"3.33","product addition/revision used"
"stomata-si_kuerschner_1996.xlsx",3,"stomata-si_kuerschner_1996_p1.0.xlsx",3,"age_max",,"3.5","product addition/revision used"
"stomata-si_kuerschner_1996.xlsx",3,"stomata-si_kuerschner_1996_p1.0.xlsx",3,"age_notes","Ages only shown graphically and are guestimated here","Ages only shown graphically; they are updated here based on the biostratigraphy using GTS2020","product addition/revision used"
"stomata-si_kuerschner_1996.xlsx",3,"stomata-si_kuerschner_1996_p1.0.xlsx",3,"age_scale",,"GTS2020","product addition/revision used"
"stomata-si_kuerschner_1996.xlsx",3,"stomata-si_kuerschner_1996_p1.0.xlsx",3,"age_revision",,"Biostratigraphy updated to GTS2020","product addition/revision used"
"stomata-si_kuerschner_1996.xlsx",4,"stomata-si_kuerschner_1996_p1.0.xlsx",4,"age_mean","2.8","3.55","product addition/revision used"
"stomata-si_kuerschner_1996.xlsx",4,"stomata-si_kuerschner_1996_p1.0.xlsx",4,"age_min",,"3.5","product addition/revision used"
"stomata-si_kuerschner_1996.xlsx",4,"stomata-si_kuerschner_1996_p1.0.xlsx",4,"age_max",,"3.6","product addition/revision used"
"stomata-si_kuerschner_1996.xlsx",4,"stomata-si_kuerschner_1996_p1.0.xlsx",4,"age_notes","Ages only shown graphically and are guestimated here","Ages only shown graphically; they are updated here based on the biostratigraphy using GTS2020","product addition/revision used"
"stomata-si_kuerschner_1996.xlsx",4,"stomata-si_kuerschner_1996_p1.0.xlsx",4,"age_scale",,"GTS2020","product addition/revision used"
"stomata-si_kuerschner_1996.xlsx",4,"stomata-si_kuerschner_1996_p1.0.xlsx",4,"age_revision",,"Biostratigraphy updated to GTS2020","product addition/revision used"
"stomata-si_kuerschner_1996.xlsx",5,"stomata-si_kuerschner_1996_p1.0.xlsx",5,"age_mean","3.2","4.4000000000000004","product addition/revision used"
"stomata-si_kuerschner_1996.xlsx",5,"stomata-si_kuerschner_1996_p1.0.xlsx",5,"age_min",,"3.6","product addition/revision used"
"stomata-si_kuerschner_1996.xlsx",5,"stomata-si_kuerschner_1996_p1.0.xlsx",5,"age_max",,"5.33","product addition/revision used"
"stomata-si_kuerschner_1996.xlsx",5,"stomata-si_kuerschner_1996_p1.0.xlsx",5,"age_notes","Ages only shown graphically and are guestimated here","Ages only shown graphically; they are updated here based on the biostratigraphy using GTS2020","product addition/revision used"
"stomata-si_kuerschner_1996.xlsx",5,"stomata-si_kuerschner_1996_p1.0.xlsx",5,"age_scale",,"GTS2020","product addition/revision used"
"stomata-si_kuerschner_1996.xlsx",5,"stomata-si_kuerschner_1996_p1.0.xlsx",5,"age_revision",,"Biostratigraphy updated to GTS2020","product addition/revision used"
"stomata-si_kuerschner_1996.xlsx",6,"stomata-si_kuerschner_1996_p1.0.xlsx",6,"age_mean","4.3","4.5999999999999996","product addition/revision used"
"stomata-si_kuerschner_1996.xlsx",6,"stomata-si_kuerschner_1996_p1.0.xlsx",6,"age_min",,"3.6","product addition/revision used"
"stomata-si_kuerschner_1996.xlsx",6,"stomata-si_kuerschner_1996_p1.0.xlsx",6,"age_max",,"5.33","product addition/revision used"
"stomata-si_kuerschner_1996.xlsx",6,"stomata-si_kuerschner_1996_p1.0.xlsx",6,"age_notes","Ages only shown graphically and are guestimated here","Ages only shown graphically; they are updated here based on the biostratigraphy using GTS2020","product addition/revision used"
"stomata-si_kuerschner_1996.xlsx",6,"stomata-si_kuerschner_1996_p1.0.xlsx",6,"age_scale",,"GTS2020","product addition/revision used"
"stomata-si_kuerschner_1996.xlsx",6,"stomata-si_kuerschner_1996_p1.0.xlsx",6,"age_revision",,"Biostratigraphy updated to GTS2020","product addition/revision used"
"stomata-si_kuerschner_1996.xlsx",7,"stomata-si_kuerschner_1996_p1.0.xlsx",7,"age_min",,"3.6","product addition/revision used"
"stomata-si_kuerschner_1996.xlsx",7,"stomata-si_kuerschner_1996_p1.0.xlsx",7,"age_max",,"5.33","product addition/revision used"
"stomata-si_kuerschner_1996.xlsx",7,"stomata-si_kuerschner_1996_p1.0.xlsx",7,"age_notes","Ages only shown graphically and are guestimated here","Ages only shown graphically; they are updated here based on the biostratigraphy using GTS2020","product addition/revision used"
"stomata-si_kuerschner_1996.xlsx",7,"stomata-si_kuerschner_1996_p1.0.xlsx",7,"age_scale",,"GTS2020","product addition/revision used"
"stomata-si_kuerschner_1996.xlsx",7,"stomata-si_kuerschner_1996_p1.0.xlsx",7,"age_revision",,"Biostratigraphy updated to GTS2020","product addition/revision used"
"stomata-si_kuerschner_1996.xlsx",8,"stomata-si_kuerschner_1996_p1.0.xlsx",8,"age_mean","6.4","6.29","product addition/revision used"
"stomata-si_kuerschner_1996.xlsx",8,"stomata-si_kuerschner_1996_p1.0.xlsx",8,"age_min",,"5.33","product addition/revision used"
"stomata-si_kuerschner_1996.xlsx",8,"stomata-si_kuerschner_1996_p1.0.xlsx",8,"age_max",,"7.25","product addition/revision used"
"stomata-si_kuerschner_1996.xlsx",8,"stomata-si_kuerschner_1996_p1.0.xlsx",8,"age_notes","Ages only shown graphically and are guestimated here","Ages only shown graphically; they are updated here based on the biostratigraphy using GTS2020","product addition/revision used"
"stomata-si_kuerschner_1996.xlsx",8,"stomata-si_kuerschner_1996_p1.0.xlsx",8,"age_scale",,"GTS2020","product addition/revision used"
"stomata-si_kuerschner_1996.xlsx",8,"stomata-si_kuerschner_1996_p1.0.xlsx",8,"age_revision",,"Biostratigraphy updated to GTS2020","product addition/revision used"
"stomata-si_kuerschner_1996.xlsx",9,"stomata-si_kuerschner_1996_p1.0.xlsx",9,"age_mean","8.1","8.1999999999999993","product addition/revision used"
"stomata-si_kuerschner_1996.xlsx",9,"stomata-si_kuerschner_1996_p1.0.xlsx",9,"age_min",,"7.25","product addition/revision used"
"stomata-si_kuerschner_1996.xlsx",9,"stomata-si_kuerschner_1996_p1.0.xlsx",9,"age_max",,"11.65","product addition/revision used"
"stomata-si_kuerschner_1996.xlsx",9,"stomata-si_kuerschner_1996_p1.0.xlsx",9,"age_notes","Ages only shown graphically and are guestimated here","Ages only shown graphically; they are updated here based on the biostratigraphy using GTS2020","product addition/revision used"
"stomata-si_kuerschner_1996.xlsx",9,"stomata-si_kuerschner_1996_p1.0.xlsx",9,"age_scale",,"GTS2020","product addition/revision used"
"stomata-si_kuerschner_1996.xlsx",9,"stomata-si_kuerschner_1996_p1.0.xlsx",9,"age_revision",,"Biostratigraphy updated to GTS2020","product addition/revision used"
"stomata-si_kuerschner_1996.xlsx",10,"stomata-si_kuerschner_1996_p1.0.xlsx",10,"age_mean","10.199999999999999","10.5","product addition/revision used"
"stomata-si_kuerschner_1996.xlsx",10,"stomata-si_kuerschner_1996_p1.0.xlsx",10,"age_min",,"7.25","product addition/revision used"
"stomata-si_kuerschner_1996.xlsx",10,"stomata-si_kuerschner_1996_p1.0.xlsx",10,"age_max",,"11.65","product addition/revision used"
"stomata-si_kuerschner_1996.xlsx",10,"stomata-si_kuerschner_1996_p1.0.xlsx",10,"age_notes","Ages only shown graphically and are guestimated here","Ages only shown graphically; they are updated here based on the biostratigraphy using GTS2020","product addition/revision used"
"stomata-si_kuerschner_1996.xlsx",10,"stomata-si_kuerschner_1996_p1.0.xlsx",10,"age_scale",,"GTS2020","product addition/revision used"
"stomata-si_kuerschner_1996.xlsx",10,"stomata-si_kuerschner_1996_p1.0.xlsx",10,"age_revision",,"Biostratigraphy updated to GTS2020","product addition/revision used"
"stomata-si_kuerschner_2008.xlsx",2,"stomata-si_kuerschner_2008_p1.0.xlsx",2,"age_mean","11.6","10.115","product addition/revision used"
"stomata-si_kuerschner_2008.xlsx",2,"stomata-si_kuerschner_2008_p1.0.xlsx",2,"age_min","11","8.6","product addition/revision used"
"stomata-si_kuerschner_2008.xlsx",2,"stomata-si_kuerschner_2008_p1.0.xlsx",2,"age_max","12.2","11.63","product addition/revision used"
"stomata-si_kuerschner_2008.xlsx",2,"stomata-si_kuerschner_2008_p1.0.xlsx",2,"stratigraphic_level",,"Bessarabian (Palamarev E, Ivanov D, Bozukov V (1999) Documenta Naturae 5:1-95. Flora Tertiaria Mediterranea VI.)","product addition/revision used"
"stomata-si_kuerschner_2008.xlsx",2,"stomata-si_kuerschner_2008_p1.0.xlsx",2,"age_scale","Bessarabian (Palamarev E, Ivanov D, Bozukov V (1999) Documenta Naturae 5:1-95. Flora Tertiaria Mediterranea VI.)","GTS2020","product addition/revision used"
"stomata-si_kuerschner_2008.xlsx",2,"stomata-si_kuerschner_2008_p1.0.xlsx",2,"age_revision",,"Biostratigraphy updated to GTS2020","product addition/revision used"
"stomata-si_kuerschner_2008.xlsx",3,"stomata-si_kuerschner_2008_p1.0.xlsx",3,"age_mean","13.9","13.324999999999999","product addition/revision used"
"stomata-si_kuerschner_2008.xlsx",3,"stomata-si_kuerschner_2008_p1.0.xlsx",3,"age_min","13.5","12.65","product addition/revision used"
"stomata-si_kuerschner_2008.xlsx",3,"stomata-si_kuerschner_2008_p1.0.xlsx",3,"age_max","14.3","14","product addition/revision used"
"stomata-si_kuerschner_2008.xlsx",3,"stomata-si_kuerschner_2008_p1.0.xlsx",3,"stratigraphic_level",,"L. Badenian (Schaefer A, Utescher T, Moers T (2004) Newslett Stratigr 40:73-110.)","product addition/revision used"
"stomata-si_kuerschner_2008.xlsx",3,"stomata-si_kuerschner_2008_p1.0.xlsx",3,"age_scale","L. Badenian (Schaefer A, Utescher T, Moers T (2004) Newslett Stratigr 40:73-110.)","GTS2020","product addition/revision used"
"stomata-si_kuerschner_2008.xlsx",3,"stomata-si_kuerschner_2008_p1.0.xlsx",3,"age_revision",,"Biostratigraphy updated to GTS2020","product addition/revision used"
"stomata-si_kuerschner_2008.xlsx",4,"stomata-si_kuerschner_2008_p1.0.xlsx",4,"age_mean","13.9","13.324999999999999","product addition/revision used"
"stomata-si_kuerschner_2008.xlsx",4,"stomata-si_kuerschner_2008_p1.0.xlsx",4,"age_min","13.5","12.65","product addition/revision used"
"stomata-si_kuerschner_2008.xlsx",4,"stomata-si_kuerschner_2008_p1.0.xlsx",4,"age_max","14.3","14","product addition/revision used"
"stomata-si_kuerschner_2008.xlsx",4,"stomata-si_kuerschner_2008_p1.0.xlsx",4,"stratigraphic_level",,"L. Badenian (Schaefer A, Utescher T, Moers T (2004) Newslett Stratigr 40:73-110.)","product addition/revision used"
"stomata-si_kuerschner_2008.xlsx",4,"stomata-si_kuerschner_2008_p1.0.xlsx",4,"age_scale","L. Badenian (Schaefer A, Utescher T, Moers T (2004) Newslett Stratigr 40:73-110.)","GTS2020","product addition/revision used"
"stomata-si_kuerschner_2008.xlsx",4,"stomata-si_kuerschner_2008_p1.0.xlsx",4,"age_revision",,"Biostratigraphy updated to GTS2020","product addition/revision used"
"stomata-si_kuerschner_2008.xlsx",5,"stomata-si_kuerschner_2008_p1.0.xlsx",5,"age_mean","15.7","14.984999999999999","product addition/revision used"
"stomata-si_kuerschner_2008.xlsx",5,"stomata-si_kuerschner_2008_p1.0.xlsx",5,"age_min","15","14","product addition/revision used"
"stomata-si_kuerschner_2008.xlsx",5,"stomata-si_kuerschner_2008_p1.0.xlsx",5,"age_max","16.399999999999999","15.97","product addition/revision used"
"stomata-si_kuerschner_2008.xlsx",5,"stomata-si_kuerschner_2008_p1.0.xlsx",5,"stratigraphic_level",,"E. Badenian (Němejc F, Kvaček Z, Pacltová B, Konzalová M (2003) Acta Univ Carol Geol 46:121-176.)","product addition/revision used"
"stomata-si_kuerschner_2008.xlsx",5,"stomata-si_kuerschner_2008_p1.0.xlsx",5,"age_scale","E. Badenian (Němejc F, Kvaček Z, Pacltová B, Konzalová M (2003) Acta Univ Carol Geol 46:121-176.)","GTS2020","product addition/revision used"
"stomata-si_kuerschner_2008.xlsx",5,"stomata-si_kuerschner_2008_p1.0.xlsx",5,"age_revision",,"Biostratigraphy updated to GTS2020","product addition/revision used"
"stomata-si_kuerschner_2008.xlsx",6,"stomata-si_kuerschner_2008_p1.0.xlsx",6,"age_mean","15.7","14.984999999999999","product addition/revision used"
"stomata-si_kuerschner_2008.xlsx",6,"stomata-si_kuerschner_2008_p1.0.xlsx",6,"age_min","15","14","product addition/revision used"
"stomata-si_kuerschner_2008.xlsx",6,"stomata-si_kuerschner_2008_p1.0.xlsx",6,"age_max","16.399999999999999","15.97","product addition/revision used"
"stomata-si_kuerschner_2008.xlsx",6,"stomata-si_kuerschner_2008_p1.0.xlsx",6,"stratigraphic_level",,"E. Badenian (Knobloch E, Kvaček Z (1996) Sbor Geol Věd Paleontol 33:39-77.)","product addition/revision used"
"stomata-si_kuerschner_2008.xlsx",6,"stomata-si_kuerschner_2008_p1.0.xlsx",6,"age_scale","E. Badenian (Knobloch E, Kvaček Z (1996) Sbor Geol Věd Paleontol 33:39-77.)","GTS2020","product addition/revision used"
"stomata-si_kuerschner_2008.xlsx",6,"stomata-si_kuerschner_2008_p1.0.xlsx",6,"age_revision",,"Biostratigraphy updated to GTS2020","product addition/revision used"
"stomata-si_kuerschner_2008.xlsx",7,"stomata-si_kuerschner_2008_p1.0.xlsx",7,"age_mean","15.7","14.984999999999999","product addition/revision used"
"stomata-si_kuerschner_2008.xlsx",7,"stomata-si_kuerschner_2008_p1.0.xlsx",7,"age_min","15","14","product addition/revision used"
"stomata-si_kuerschner_2008.xlsx",7,"stomata-si_kuerschner_2008_p1.0.xlsx",7,"age_max","16.399999999999999","15.97","product addition/revision used"
"stomata-si_kuerschner_2008.xlsx",7,"stomata-si_kuerschner_2008_p1.0.xlsx",7,"stratigraphic_level",,"E. Badenian (Knobloch E, Kvaček Z (1996) Sbor Geol Věd Paleontol 33:39-77.)","product addition/revision used"
"stomata-si_kuerschner_2008.xlsx",7,"stomata-si_kuerschner_2008_p1.0.xlsx",7,"age_scale","E. Badenian (Knobloch E, Kvaček Z (1996) Sbor Geol Věd Paleontol 33:39-77.)","GTS2020","product addition/revision used"
"stomata-si_kuerschner_2008.xlsx",7,"stomata-si_kuerschner_2008_p1.0.xlsx",7,"age_revision",,"Biostratigraphy updated to GTS2020","product addition/revision used"
"stomata-si_kuerschner_2008.xlsx",8,"stomata-si_kuerschner_2008_p1.0.xlsx",8,"age_mean","15.7","14.984999999999999","product addition/revision used"
"stomata-si_kuerschner_2008.xlsx",8,"stomata-si_kuerschner_2008_p1.0.xlsx",8,"age_min","15","14","product addition/revision used"
"stomata-si_kuerschner_2008.xlsx",8,"stomata-si_kuerschner_2008_p1.0.xlsx",8,"age_max","16.399999999999999","15.97","product addition/revision used"
"stomata-si_kuerschner_2008.xlsx",8,"stomata-si_kuerschner_2008_p1.0.xlsx",8,"stratigraphic_level",,"E. Badenian (Knobloch E, Kvaček Z (1996) Sbor Geol Věd Paleontol 33:39-77.)","product addition/revision used"
"stomata-si_kuerschner_2008.xlsx",8,"stomata-si_kuerschner_2008_p1.0.xlsx",8,"age_scale","E. Badenian (Knobloch E, Kvaček Z (1996) Sbor Geol Věd Paleontol 33:39-77.)","GTS2020","product addition/revision used"
"stomata-si_kuerschner_2008.xlsx",8,"stomata-si_kuerschner_2008_p1.0.xlsx",8,"age_revision",,"Biostratigraphy updated to GTS2020","product addition/revision used"
"stomata-si_kuerschner_2008.xlsx",9,"stomata-si_kuerschner_2008_p1.0.xlsx",9,"age_mean","16","14.984999999999999","product addition/revision used"
"stomata-si_kuerschner_2008.xlsx",9,"stomata-si_kuerschner_2008_p1.0.xlsx",9,"age_min","15","14","product addition/revision used"
"stomata-si_kuerschner_2008.xlsx",9,"stomata-si_kuerschner_2008_p1.0.xlsx",9,"age_max","17","15.97","product addition/revision used"
"stomata-si_kuerschner_2008.xlsx",9,"stomata-si_kuerschner_2008_p1.0.xlsx",9,"stratigraphic_level",,"E. Badenian (Retallack GJ (2002) Philos Trans R Soc London A 360:959-673.)","product addition/revision used"
"stomata-si_kuerschner_2008.xlsx",9,"stomata-si_kuerschner_2008_p1.0.xlsx",9,"age_scale","E. Badenian (Retallack GJ (2002) Philos Trans R Soc London A 360:959-673.)","GTS2020","product addition/revision used"
"stomata-si_kuerschner_2008.xlsx",9,"stomata-si_kuerschner_2008_p1.0.xlsx",9,"age_revision",,"Biostratigraphy updated to GTS2020","product addition/revision used"
"stomata-si_kuerschner_2008.xlsx",10,"stomata-si_kuerschner_2008_p1.0.xlsx",10,"age_mean","16.8","16.635000000000002","product addition/revision used"
"stomata-si_kuerschner_2008.xlsx",10,"stomata-si_kuerschner_2008_p1.0.xlsx",10,"age_min","16.400000000000002","15.97","product addition/revision used"
"stomata-si_kuerschner_2008.xlsx",10,"stomata-si_kuerschner_2008_p1.0.xlsx",10,"age_max","17.2","17.3","product addition/revision used"
"stomata-si_kuerschner_2008.xlsx",10,"stomata-si_kuerschner_2008_p1.0.xlsx",10,"stratigraphic_level",,"Karpartian (Bůžek Č, Holý F, Kvaček Z (1996) Acta Mus Natl Pragae Ser B Hist Nat 52:1-72.)","product addition/revision used"
"stomata-si_kuerschner_2008.xlsx",10,"stomata-si_kuerschner_2008_p1.0.xlsx",10,"age_scale","Karpartian (Bůžek Č, Holý F, Kvaček Z (1996) Acta Mus Natl Pragae Ser B Hist Nat 52:1-72.)","GTS2020","product addition/revision used"
"stomata-si_kuerschner_2008.xlsx",10,"stomata-si_kuerschner_2008_p1.0.xlsx",10,"age_revision",,"Biostratigraphy updated to GTS2020","product addition/revision used"
"stomata-si_kuerschner_2008.xlsx",11,"stomata-si_kuerschner_2008_p1.0.xlsx",11,"age_mean","16.8","16.635000000000002","product addition/revision used"
"stomata-si_kuerschner_2008.xlsx",11,"stomata-si_kuerschner_2008_p1.0.xlsx",11,"age_min","16.400000000000002","15.97","product addition/revision used"
"stomata-si_kuerschner_2008.xlsx",11,"stomata-si_kuerschner_2008_p1.0.xlsx",11,"age_max","17.2","17.3","product addition/revision used"
"stomata-si_kuerschner_2008.xlsx",11,"stomata-si_kuerschner_2008_p1.0.xlsx",11,"stratigraphic_level",,"Karpartian (Bůžek Č, Holý F, Kvaček Z (1996) Acta Mus Natl Pragae Ser B Hist Nat 52:1-72.)","product addition/revision used"
"stomata-si_kuerschner_2008.xlsx",11,"stomata-si_kuerschner_2008_p1.0.xlsx",11,"age_scale","Karpartian (Bůžek Č, Holý F, Kvaček Z (1996) Acta Mus Natl Pragae Ser B Hist Nat 52:1-72.)","GTS2020","product addition/revision used"
"stomata-si_kuerschner_2008.xlsx",11,"stomata-si_kuerschner_2008_p1.0.xlsx",11,"age_revision",,"Biostratigraphy updated to GTS2020","product addition/revision used"
"stomata-si_kuerschner_2008.xlsx",12,"stomata-si_kuerschner_2008_p1.0.xlsx",12,"age_mean","16.8","16.635000000000002","product addition/revision used"
"stomata-si_kuerschner_2008.xlsx",12,"stomata-si_kuerschner_2008_p1.0.xlsx",12,"age_min","16.400000000000002","15.97","product addition/revision used"
"stomata-si_kuerschner_2008.xlsx",12,"stomata-si_kuerschner_2008_p1.0.xlsx",12,"age_max","17.2","17.3","product addition/revision used"
"stomata-si_kuerschner_2008.xlsx",12,"stomata-si_kuerschner_2008_p1.0.xlsx",12,"stratigraphic_level",,"Karpartian (Bůžek Č, Holý F, Kvaček Z (1996) Acta Mus Natl Pragae Ser B Hist Nat 52:1-72.)","product addition/revision used"
"stomata-si_kuerschner_2008.xlsx",12,"stomata-si_kuerschner_2008_p1.0.xlsx",12,"age_scale","Karpartian (Bůžek Č, Holý F, Kvaček Z (1996) Acta Mus Natl Pragae Ser B Hist Nat 52:1-72.)","GTS2020","product addition/revision used"
"stomata-si_kuerschner_2008.xlsx",12,"stomata-si_kuerschner_2008_p1.0.xlsx",12,"age_revision",,"Biostratigraphy updated to GTS2020","product addition/revision used"
"stomata-si_kuerschner_2008.xlsx",13,"stomata-si_kuerschner_2008_p1.0.xlsx",13,"age_mean","17.600000000000001","17.75","product addition/revision used"
"stomata-si_kuerschner_2008.xlsx",13,"stomata-si_kuerschner_2008_p1.0.xlsx",13,"age_min","17.200000000000003","17.3","product addition/revision used"
"stomata-si_kuerschner_2008.xlsx",13,"stomata-si_kuerschner_2008_p1.0.xlsx",13,"age_max","18","18.2","product addition/revision used"
"stomata-si_kuerschner_2008.xlsx",13,"stomata-si_kuerschner_2008_p1.0.xlsx",13,"gen_notes","Data: species specific mean CO2 estimates from Kurschner et al 2008 as published in Figure 3b","Data: species specific mean CO2 estimates from Kurschner et al 2008 as published in Figure 3b; actual pos. CO2 uncertainty is unbounded but has been set to 2000 ppm for plotting ourposes","unexplained difference; archive retained"
"stomata-si_kuerschner_2008.xlsx",13,"stomata-si_kuerschner_2008_p1.0.xlsx",13,"stratigraphic_level",,"Ottnangian (Kovar-Eder J, Kvaček Z, Meller B (2001) Rev Palaeobot Palynol 114:83-125.)","product addition/revision used"
"stomata-si_kuerschner_2008.xlsx",13,"stomata-si_kuerschner_2008_p1.0.xlsx",13,"age_scale","Ottnangian (Kovar-Eder J, Kvaček Z, Meller B (2001) Rev Palaeobot Palynol 114:83-125.)","GTS2020","product addition/revision used"
"stomata-si_kuerschner_2008.xlsx",13,"stomata-si_kuerschner_2008_p1.0.xlsx",13,"age_revision",,"Biostratigraphy updated to GTS2020","product addition/revision used"
"stomata-si_kuerschner_2008.xlsx",14,"stomata-si_kuerschner_2008_p1.0.xlsx",14,"age_mean","17.600000000000001","17.75","product addition/revision used"
"stomata-si_kuerschner_2008.xlsx",14,"stomata-si_kuerschner_2008_p1.0.xlsx",14,"age_min","17.200000000000003","17.3","product addition/revision used"
"stomata-si_kuerschner_2008.xlsx",14,"stomata-si_kuerschner_2008_p1.0.xlsx",14,"age_max","18","18.2","product addition/revision used"
"stomata-si_kuerschner_2008.xlsx",14,"stomata-si_kuerschner_2008_p1.0.xlsx",14,"stratigraphic_level",,"Ottnangian (Mai DH (1995) Tertiäre Vegetationsgeschichte Europas (Fischer Verlag, Jena).)","product addition/revision used"
"stomata-si_kuerschner_2008.xlsx",14,"stomata-si_kuerschner_2008_p1.0.xlsx",14,"age_scale","Ottnangian (Mai DH (1995) Tertiäre Vegetationsgeschichte Europas (Fischer Verlag, Jena).)","GTS2020","product addition/revision used"
"stomata-si_kuerschner_2008.xlsx",14,"stomata-si_kuerschner_2008_p1.0.xlsx",14,"age_revision",,"Biostratigraphy updated to GTS2020","product addition/revision used"
"stomata-si_kuerschner_2008.xlsx",15,"stomata-si_kuerschner_2008_p1.0.xlsx",15,"age_mean","17.600000000000001","17.75","product addition/revision used"
"stomata-si_kuerschner_2008.xlsx",15,"stomata-si_kuerschner_2008_p1.0.xlsx",15,"age_min","17.200000000000003","17.3","product addition/revision used"
"stomata-si_kuerschner_2008.xlsx",15,"stomata-si_kuerschner_2008_p1.0.xlsx",15,"age_max","18","18.2","product addition/revision used"
"stomata-si_kuerschner_2008.xlsx",15,"stomata-si_kuerschner_2008_p1.0.xlsx",15,"stratigraphic_level",,"Ottnangian (Mai DH (1995) Tertiäre Vegetationsgeschichte Europas (Fischer Verlag, Jena).)","product addition/revision used"
"stomata-si_kuerschner_2008.xlsx",15,"stomata-si_kuerschner_2008_p1.0.xlsx",15,"age_scale","Ottnangian (Mai DH (1995) Tertiäre Vegetationsgeschichte Europas (Fischer Verlag, Jena).)","GTS2020","product addition/revision used"
"stomata-si_kuerschner_2008.xlsx",15,"stomata-si_kuerschner_2008_p1.0.xlsx",15,"age_revision",,"Biostratigraphy updated to GTS2020","product addition/revision used"
"stomata-si_kuerschner_2008.xlsx",16,"stomata-si_kuerschner_2008_p1.0.xlsx",16,"age_mean","19","19.850000000000001","product addition/revision used"
"stomata-si_kuerschner_2008.xlsx",16,"stomata-si_kuerschner_2008_p1.0.xlsx",16,"age_min","18.8","18.2","product addition/revision used"
"stomata-si_kuerschner_2008.xlsx",16,"stomata-si_kuerschner_2008_p1.0.xlsx",16,"age_max","19.2","21.5","product addition/revision used"
"stomata-si_kuerschner_2008.xlsx",16,"stomata-si_kuerschner_2008_p1.0.xlsx",16,"stratigraphic_level",,"L. Eggenburgian (Bucha V, Elznic A, Horáček J, Malkovský M, Pazderková A (1987) Věst Ústř Geol 62:83-95.)","product addition/revision used"
"stomata-si_kuerschner_2008.xlsx",16,"stomata-si_kuerschner_2008_p1.0.xlsx",16,"age_scale","L. Eggenburgian (Bucha V, Elznic A, Horáček J, Malkovský M, Pazderková A (1987) Věst Ústř Geol 62:83-95.)","GTS2020","product addition/revision used"
"stomata-si_kuerschner_2008.xlsx",16,"stomata-si_kuerschner_2008_p1.0.xlsx",16,"age_revision",,"Biostratigraphy updated to GTS2020","product addition/revision used"
"stomata-si_kuerschner_2008.xlsx",17,"stomata-si_kuerschner_2008_p1.0.xlsx",17,"age_mean","19","19.850000000000001","product addition/revision used"
"stomata-si_kuerschner_2008.xlsx",17,"stomata-si_kuerschner_2008_p1.0.xlsx",17,"age_min","18.5","18.2","product addition/revision used"
"stomata-si_kuerschner_2008.xlsx",17,"stomata-si_kuerschner_2008_p1.0.xlsx",17,"age_max","19.5","21.5","product addition/revision used"
"stomata-si_kuerschner_2008.xlsx",17,"stomata-si_kuerschner_2008_p1.0.xlsx",17,"stratigraphic_level",,"Eggenburgian (Bucha V, Elznic A, Horáček J, Malkovský M, Pazderková A (1987) Věst Ústř Geol 62:83-95.)","product addition/revision used"
"stomata-si_kuerschner_2008.xlsx",17,"stomata-si_kuerschner_2008_p1.0.xlsx",17,"age_scale","Eggenburgian (Bucha V, Elznic A, Horáček J, Malkovský M, Pazderková A (1987) Věst Ústř Geol 62:83-95.)","GTS2020","product addition/revision used"
"stomata-si_kuerschner_2008.xlsx",17,"stomata-si_kuerschner_2008_p1.0.xlsx",17,"age_revision",,"Biostratigraphy updated to GTS2020","product addition/revision used"
"stomata-si_kuerschner_2008.xlsx",18,"stomata-si_kuerschner_2008_p1.0.xlsx",18,"age_mean","20","19.850000000000001","product addition/revision used"
"stomata-si_kuerschner_2008.xlsx",18,"stomata-si_kuerschner_2008_p1.0.xlsx",18,"age_min","19.7","18.2","product addition/revision used"
"stomata-si_kuerschner_2008.xlsx",18,"stomata-si_kuerschner_2008_p1.0.xlsx",18,"age_max","20.3","21.5","product addition/revision used"
"stomata-si_kuerschner_2008.xlsx",18,"stomata-si_kuerschner_2008_p1.0.xlsx",18,"stratigraphic_level",,"Eggenburgian (Bucha V, Elznic A, Horáček J, Malkovský M, Pazderková A (1987) Věst Ústř Geol 62:83-95.)","product addition/revision used"
"stomata-si_kuerschner_2008.xlsx",18,"stomata-si_kuerschner_2008_p1.0.xlsx",18,"age_scale","Eggenburgian (Bucha V, Elznic A, Horáček J, Malkovský M, Pazderková A (1987) Věst Ústř Geol 62:83-95.)","GTS2020","product addition/revision used"
"stomata-si_kuerschner_2008.xlsx",18,"stomata-si_kuerschner_2008_p1.0.xlsx",18,"age_revision",,"Biostratigraphy updated to GTS2020","product addition/revision used"
"stomata-si_kuerschner_2008.xlsx",19,"stomata-si_kuerschner_2008_p1.0.xlsx",19,"age_mean","22.1","21.740000000000002","product addition/revision used"
"stomata-si_kuerschner_2008.xlsx",19,"stomata-si_kuerschner_2008_p1.0.xlsx",19,"age_min","20.6","20.440000000000001","product addition/revision used"
"stomata-si_kuerschner_2008.xlsx",19,"stomata-si_kuerschner_2008_p1.0.xlsx",19,"age_max","23.6","23.04","product addition/revision used"
"stomata-si_kuerschner_2008.xlsx",19,"stomata-si_kuerschner_2008_p1.0.xlsx",19,"stratigraphic_level",,"Aquitanian (Kvaček Z, Bůžek Č (1982) Třetihorní společenstva severočeské hnědouhelné pánve ve vztahu k litofaciálnímu vývoji (Čs Akad Věd, Prague), Report Úst Geol Geotech.)","product addition/revision used"
"stomata-si_kuerschner_2008.xlsx",19,"stomata-si_kuerschner_2008_p1.0.xlsx",19,"age_scale","Aquitanian (Kvaček Z, Bůžek Č (1982) Třetihorní společenstva severočeské hnědouhelné pánve ve vztahu k litofaciálnímu vývoji (Čs Akad Věd, Prague), Report Úst Geol Geotech.)","GTS2020","product addition/revision used"
"stomata-si_kuerschner_2008.xlsx",19,"stomata-si_kuerschner_2008_p1.0.xlsx",19,"age_revision",,"Biostratigraphy updated to GTS2020","product addition/revision used"
"stomata-si_kuerschner_2008.xlsx",20,"stomata-si_kuerschner_2008_p1.0.xlsx",20,"age_mean","25","25.17","product addition/revision used"
"stomata-si_kuerschner_2008.xlsx",20,"stomata-si_kuerschner_2008_p1.0.xlsx",20,"age_min","24","23.04","product addition/revision used"
"stomata-si_kuerschner_2008.xlsx",20,"stomata-si_kuerschner_2008_p1.0.xlsx",20,"age_max","26","27.3","product addition/revision used"
"stomata-si_kuerschner_2008.xlsx",20,"stomata-si_kuerschner_2008_p1.0.xlsx",20,"stratigraphic_level",,"L. Oligocene (Kvaček Z, Walther H (2003) GeoLines 15:60-64.)","product addition/revision used"
"stomata-si_kuerschner_2008.xlsx",20,"stomata-si_kuerschner_2008_p1.0.xlsx",20,"age_scale","L. Oligocene (Kvaček Z, Walther H (2003) GeoLines 15:60-64.)","GTS2020","product addition/revision used"
"stomata-si_kuerschner_2008.xlsx",20,"stomata-si_kuerschner_2008_p1.0.xlsx",20,"age_revision",,"Biostratigraphy updated to GTS2020","product addition/revision used"
"stomata-si_maxbauer_2014.xlsx",2,"stomata-si_maxbauer_2014_p1.0.xlsx",2,"age_mean","42.9","42.5","product addition/revision used"
"stomata-si_maxbauer_2014.xlsx",2,"stomata-si_maxbauer_2014_p1.0.xlsx",2,"age_min","37.799999999999997","37.5","product addition/revision used"
"stomata-si_maxbauer_2014.xlsx",2,"stomata-si_maxbauer_2014_p1.0.xlsx",2,"age_max","47.9","47.5","product addition/revision used"
"stomata-si_maxbauer_2014.xlsx",2,"stomata-si_maxbauer_2014_p1.0.xlsx",2,"age_scale","GTS2012","GTS2020","product addition/revision used"
"stomata-si_maxbauer_2014.xlsx",2,"stomata-si_maxbauer_2014_p1.0.xlsx",2,"age_revision",,"Biostratigraphy updated to GTS2020","product addition/revision used"
"stomata-si_wang_2015.xlsx",2,"stomata-si_wang_2015_p1.0.xlsx",2,"age_mean","13","13.81","product addition/revision used"
"stomata-si_wang_2015.xlsx",2,"stomata-si_wang_2015_p1.0.xlsx",2,"age_min","10","11.63","product addition/revision used"
"stomata-si_wang_2015.xlsx",2,"stomata-si_wang_2015_p1.0.xlsx",2,"age_max","16","15.99","product addition/revision used"
"stomata-si_wang_2015.xlsx",2,"stomata-si_wang_2015_p1.0.xlsx",2,"age_scale",,"GTS2020","product addition/revision used"
"stomata-si_wang_2015.xlsx",2,"stomata-si_wang_2015_p1.0.xlsx",2,"age_revision",,"biostratigraphy updated to GTS2020","product addition/revision used"
"stomata-sr_steinthorsdottir_2016a.xlsx",4,"stomata-sr_steinthorsdottir_2016a_p1.0.xlsx",10,"age_notes","Regional Lithostratigraphy and Regional Palyno-stratigraphy","Palynology","unexplained difference; archive retained"
"stomata-sr_steinthorsdottir_2016a.xlsx",4,"stomata-sr_steinthorsdottir_2016a_p1.0.xlsx",10,"N_eDab","SD error (+/- 1 s.e.m.); 10.0 leaves","SD error (+/- 1 s.e.m.); 1 leaves","unexplained difference; archive retained"
"stomata-sr_steinthorsdottir_2016a.xlsx",4,"stomata-sr_steinthorsdottir_2016a_p1.0.xlsx",10,"gen_notes","SD = 546.11 mm2 at pCO2 of 351 ppm; Stomatal density treated as abaxial; density and uncertainty converted from mm^-2 to m^-2.","Stomatal density treated as abaxial; density and uncertainty converted from mm^-2 to m^-2.","unexplained difference; archive retained"
"stomata-sr_steinthorsdottir_2016a.xlsx",5,"stomata-sr_steinthorsdottir_2016a_p1.0.xlsx",9,"age_notes","Regional Lithostratigraphy and Regional Palyno-stratigraphy","Palynology","unexplained difference; archive retained"
"stomata-sr_steinthorsdottir_2016a.xlsx",5,"stomata-sr_steinthorsdottir_2016a_p1.0.xlsx",9,"N_eDab","SD error (+/- 1 s.e.m.); 8.0 leaves","SD error (+/- 1 s.e.m.); 4 leaves","unexplained difference; archive retained"
"stomata-sr_steinthorsdottir_2016a.xlsx",5,"stomata-sr_steinthorsdottir_2016a_p1.0.xlsx",9,"gen_notes","SD = 546.11 mm2 at pCO2 of 351 ppm; Stomatal density treated as abaxial; density and uncertainty converted from mm^-2 to m^-2.","Stomatal density treated as abaxial; density and uncertainty converted from mm^-2 to m^-2.","unexplained difference; archive retained"
"stomata-sr_steinthorsdottir_2016a.xlsx",7,"stomata-sr_steinthorsdottir_2016a_p1.0.xlsx",7,"age_notes","Regional Lithostratigraphy and Regional Palyno-stratigraphy","Palynology","unexplained difference; archive retained"
"stomata-sr_steinthorsdottir_2016a.xlsx",7,"stomata-sr_steinthorsdottir_2016a_p1.0.xlsx",7,"N_eDab","SD error (+/- 1 s.e.m.); 39.0 leaves","SD error (+/- 1 s.e.m.); 39 leaves","unexplained difference; archive retained"
"stomata-sr_steinthorsdottir_2016a.xlsx",7,"stomata-sr_steinthorsdottir_2016a_p1.0.xlsx",7,"gen_notes","SD = 546.11 mm2 at pCO2 of 351 ppm; Stomatal density treated as abaxial; density and uncertainty converted from mm^-2 to m^-2.","Stomatal density treated as abaxial; density and uncertainty converted from mm^-2 to m^-2.","unexplained difference; archive retained"
"stomata-sr_steinthorsdottir_2016a.xlsx",11,"stomata-sr_steinthorsdottir_2016a_p1.0.xlsx",3,"age_notes","Regional Lithostratigraphy and Regional Palyno-stratigraphy","Palynology","unexplained difference; archive retained"
"stomata-sr_steinthorsdottir_2016a.xlsx",11,"stomata-sr_steinthorsdottir_2016a_p1.0.xlsx",3,"N_eDab","SD error (+/- 1 s.e.m.); 45.0 leaves","SD error (+/- 1 s.e.m.); 45 leaves","unexplained difference; archive retained"
"stomata-sr_steinthorsdottir_2016a.xlsx",11,"stomata-sr_steinthorsdottir_2016a_p1.0.xlsx",3,"gen_notes","SD = 546.11 mm2 at pCO2 of 351 ppm; Stomatal density treated as abaxial; density and uncertainty converted from mm^-2 to m^-2.","Stomatal density treated as abaxial; density and uncertainty converted from mm^-2 to m^-2.","unexplained difference; archive retained"
"stomata-sr_sun_2012.xlsx",4,"stomata-sr_sun_2012_p1.0.xlsx",3,"age_revision",,"Age updated to GTS 2020","product addition/revision used"
"stomata-sr_sun_2012.xlsx",5,"stomata-sr_sun_2012_p1.0.xlsx",4,"age_revision",,"Age updated to GTS 2020","product addition/revision used"
