"combined_row","field","source","conversion"
5,"sample","stomata-franks_liang_2022a.xlsx#leaf gas-exchange_Franks!O4",
5,"doi","stomata-franks_liang_2022a.xlsx#leaf gas-exchange_Franks!D4",
5,"lat","stomata-franks_liang_2022a.xlsx#leaf gas-exchange_Franks!AA4",
5,"lon","stomata-franks_liang_2022a.xlsx#leaf gas-exchange_Franks!AB4",
5,"age_mean","stomata-franks_liang_2022a.xlsx#leaf gas-exchange_Franks!V4",
5,"age_min","stomata-franks_liang_2022a.xlsx#leaf gas-exchange_Franks!X4",
5,"age_max","stomata-franks_liang_2022a.xlsx#leaf gas-exchange_Franks!W4",
5,"age_notes","stomata-franks_liang_2022a.xlsx#leaf gas-exchange_Franks!Z4",
5,"family","stomata-franks_liang_2022a.xlsx#leaf gas-exchange_Franks!P4",
5,"genus","stomata-franks_liang_2022a.xlsx#leaf gas-exchange_Franks!Q4",
5,"Dab","stomata-franks_liang_2022a.xlsx#leaf gas-exchange_Franks!AM4",
5,"eDab","stomata-franks_liang_2022a.xlsx#leaf gas-exchange_Franks!AN4",
5,"N_eDab","stomata-franks_liang_2022a.xlsx#leaf gas-exchange_Franks!AO4",
5,"Dad","stomata-franks_liang_2022a.xlsx#leaf gas-exchange_Franks!AP4",
5,"eDad","stomata-franks_liang_2022a.xlsx#leaf gas-exchange_Franks!AQ4",
5,"N_eDad","stomata-franks_liang_2022a.xlsx#leaf gas-exchange_Franks!AR4",
5,"GCLab","stomata-franks_liang_2022a.xlsx#leaf gas-exchange_Franks!AS4",
5,"eGCLab","stomata-franks_liang_2022a.xlsx#leaf gas-exchange_Franks!AT4",
5,"N_eGCLab","stomata-franks_liang_2022a.xlsx#leaf gas-exchange_Franks!AU4",
5,"GCLad","stomata-franks_liang_2022a.xlsx#leaf gas-exchange_Franks!AV4",
5,"eGCLad","stomata-franks_liang_2022a.xlsx#leaf gas-exchange_Franks!AW4",
5,"N_eGCLad","stomata-franks_liang_2022a.xlsx#leaf gas-exchange_Franks!AX4",
5,"GCWab","stomata-franks_liang_2022a.xlsx#leaf gas-exchange_Franks!AY4",
5,"eGCWab","stomata-franks_liang_2022a.xlsx#leaf gas-exchange_Franks!AZ4",
5,"N_eGCWab","stomata-franks_liang_2022a.xlsx#leaf gas-exchange_Franks!BA4",
5,"GCWad","stomata-franks_liang_2022a.xlsx#leaf gas-exchange_Franks!BB4",
5,"eGCWad","stomata-franks_liang_2022a.xlsx#leaf gas-exchange_Franks!BC4",
5,"N_eGCWad","stomata-franks_liang_2022a.xlsx#leaf gas-exchange_Franks!BD4",
5,"d13Cp","stomata-franks_liang_2022a.xlsx#leaf gas-exchange_Franks!BE4",
5,"ed13Cp","stomata-franks_liang_2022a.xlsx#leaf gas-exchange_Franks!BF4",
5,"N_ed13Cp","stomata-franks_liang_2022a.xlsx#leaf gas-exchange_Franks!BG4",
5,"dv","stomata-franks_liang_2022a.xlsx#leaf gas-exchange_Franks!CL4",
5,"A0","stomata-franks_liang_2022a.xlsx#leaf gas-exchange_Franks!BL4",
5,"eA0","stomata-franks_liang_2022a.xlsx#leaf gas-exchange_Franks!BM4",
5,"N_eA0","stomata-franks_liang_2022a.xlsx#leaf gas-exchange_Franks!BN4",
5,"CiCa0","stomata-franks_liang_2022a.xlsx#leaf gas-exchange_Franks!BO4",
5,"eCiCa0","stomata-franks_liang_2022a.xlsx#leaf gas-exchange_Franks!BP4",
5,"N_eCiCa0","stomata-franks_liang_2022a.xlsx#leaf gas-exchange_Franks!BQ4",
5,"gb","stomata-franks_liang_2022a.xlsx#leaf gas-exchange_Franks!BR4",
5,"egb","stomata-franks_liang_2022a.xlsx#leaf gas-exchange_Franks!BS4",
5,"N_egb","stomata-franks_liang_2022a.xlsx#leaf gas-exchange_Franks!BT4",
5,"s1","stomata-franks_liang_2022a.xlsx#leaf gas-exchange_Franks!BU4",
5,"es1","stomata-franks_liang_2022a.xlsx#leaf gas-exchange_Franks!BV4",
5,"N_es1","stomata-franks_liang_2022a.xlsx#leaf gas-exchange_Franks!BW4",
5,"s2","stomata-franks_liang_2022a.xlsx#leaf gas-exchange_Franks!BX4",
5,"es2","stomata-franks_liang_2022a.xlsx#leaf gas-exchange_Franks!BY4",
5,"N_es2","stomata-franks_liang_2022a.xlsx#leaf gas-exchange_Franks!BZ4",
5,"s3","stomata-franks_liang_2022a.xlsx#leaf gas-exchange_Franks!CA4",
5,"es3","stomata-franks_liang_2022a.xlsx#leaf gas-exchange_Franks!CB4",
5,"N_es3","stomata-franks_liang_2022a.xlsx#leaf gas-exchange_Franks!CC4",
5,"s4","stomata-franks_liang_2022a.xlsx#leaf gas-exchange_Franks!CD4",
5,"es4","stomata-franks_liang_2022a.xlsx#leaf gas-exchange_Franks!CE4",
5,"N_es4","stomata-franks_liang_2022a.xlsx#leaf gas-exchange_Franks!CF4",
5,"s5","stomata-franks_liang_2022a.xlsx#leaf gas-exchange_Franks!CG4",
5,"es5","stomata-franks_liang_2022a.xlsx#leaf gas-exchange_Franks!CH4",
5,"N_es5","stomata-franks_liang_2022a.xlsx#leaf gas-exchange_Franks!CI4",
6,"sample","stomata-franks_liang_2022a.xlsx#leaf gas-exchange_Franks!O5",
6,"doi","stomata-franks_liang_2022a.xlsx#leaf gas-exchange_Franks!D5",
6,"lat","stomata-franks_liang_2022a.xlsx#leaf gas-exchange_Franks!AA5",
6,"lon","stomata-franks_liang_2022a.xlsx#leaf gas-exchange_Franks!AB5",
6,"age_mean","stomata-franks_liang_2022a.xlsx#leaf gas-exchange_Franks!V5",
6,"age_min","stomata-franks_liang_2022a.xlsx#leaf gas-exchange_Franks!X5",
6,"age_max","stomata-franks_liang_2022a.xlsx#leaf gas-exchange_Franks!W5",
6,"age_notes","stomata-franks_liang_2022a.xlsx#leaf gas-exchange_Franks!Z5",
6,"family","stomata-franks_liang_2022a.xlsx#leaf gas-exchange_Franks!P5",
6,"genus","stomata-franks_liang_2022a.xlsx#leaf gas-exchange_Franks!Q5",
6,"Dab","stomata-franks_liang_2022a.xlsx#leaf gas-exchange_Franks!AM5",
6,"eDab","stomata-franks_liang_2022a.xlsx#leaf gas-exchange_Franks!AN5",
6,"N_eDab","stomata-franks_liang_2022a.xlsx#leaf gas-exchange_Franks!AO5",
6,"Dad","stomata-franks_liang_2022a.xlsx#leaf gas-exchange_Franks!AP5",
6,"eDad","stomata-franks_liang_2022a.xlsx#leaf gas-exchange_Franks!AQ5",
6,"N_eDad","stomata-franks_liang_2022a.xlsx#leaf gas-exchange_Franks!AR5",
6,"GCLab","stomata-franks_liang_2022a.xlsx#leaf gas-exchange_Franks!AS5",
6,"eGCLab","stomata-franks_liang_2022a.xlsx#leaf gas-exchange_Franks!AT5",
6,"N_eGCLab","stomata-franks_liang_2022a.xlsx#leaf gas-exchange_Franks!AU5",
6,"GCLad","stomata-franks_liang_2022a.xlsx#leaf gas-exchange_Franks!AV5",
6,"eGCLad","stomata-franks_liang_2022a.xlsx#leaf gas-exchange_Franks!AW5",
6,"N_eGCLad","stomata-franks_liang_2022a.xlsx#leaf gas-exchange_Franks!AX5",
6,"GCWab","stomata-franks_liang_2022a.xlsx#leaf gas-exchange_Franks!AY5",
6,"eGCWab","stomata-franks_liang_2022a.xlsx#leaf gas-exchange_Franks!AZ5",
6,"N_eGCWab","stomata-franks_liang_2022a.xlsx#leaf gas-exchange_Franks!BA5",
6,"GCWad","stomata-franks_liang_2022a.xlsx#leaf gas-exchange_Franks!BB5",
6,"eGCWad","stomata-franks_liang_2022a.xlsx#leaf gas-exchange_Franks!BC5",
6,"N_eGCWad","stomata-franks_liang_2022a.xlsx#leaf gas-exchange_Franks!BD5",
6,"d13Cp","stomata-franks_liang_2022a.xlsx#leaf gas-exchange_Franks!BE5",
6,"ed13Cp","stomata-franks_liang_2022a.xlsx#leaf gas-exchange_Franks!BF5",
6,"N_ed13Cp","stomata-franks_liang_2022a.xlsx#leaf gas-exchange_Franks!BG5",
6,"dv","stomata-franks_liang_2022a.xlsx#leaf gas-exchange_Franks!CL5",
6,"A0","stomata-franks_liang_2022a.xlsx#leaf gas-exchange_Franks!BL5",
6,"eA0","stomata-franks_liang_2022a.xlsx#leaf gas-exchange_Franks!BM5",
6,"N_eA0","stomata-franks_liang_2022a.xlsx#leaf gas-exchange_Franks!BN5",
6,"CiCa0","stomata-franks_liang_2022a.xlsx#leaf gas-exchange_Franks!BO5",
6,"eCiCa0","stomata-franks_liang_2022a.xlsx#leaf gas-exchange_Franks!BP5",
6,"N_eCiCa0","stomata-franks_liang_2022a.xlsx#leaf gas-exchange_Franks!BQ5",
6,"gb","stomata-franks_liang_2022a.xlsx#leaf gas-exchange_Franks!BR5",
6,"egb","stomata-franks_liang_2022a.xlsx#leaf gas-exchange_Franks!BS5",
6,"N_egb","stomata-franks_liang_2022a.xlsx#leaf gas-exchange_Franks!BT5",
6,"s1","stomata-franks_liang_2022a.xlsx#leaf gas-exchange_Franks!BU5",
6,"es1","stomata-franks_liang_2022a.xlsx#leaf gas-exchange_Franks!BV5",
6,"N_es1","stomata-franks_liang_2022a.xlsx#leaf gas-exchange_Franks!BW5",
6,"s2","stomata-franks_liang_2022a.xlsx#leaf gas-exchange_Franks!BX5",
6,"es2","stomata-franks_liang_2022a.xlsx#leaf gas-exchange_Franks!BY5",
6,"N_es2","stomata-franks_liang_2022a.xlsx#leaf gas-exchange_Franks!BZ5",
6,"s3","stomata-franks_liang_2022a.xlsx#leaf gas-exchange_Franks!CA5",
6,"es3","stomata-franks_liang_2022a.xlsx#leaf gas-exchange_Franks!CB5",
6,"N_es3","stomata-franks_liang_2022a.xlsx#leaf gas-exchange_Franks!CC5",
6,"s4","stomata-franks_liang_2022a.xlsx#leaf gas-exchange_Franks!CD5",
6,"es4","stomata-franks_liang_2022a.xlsx#leaf gas-exchange_Franks!CE5",
6,"N_es4","stomata-franks_liang_2022a.xlsx#leaf gas-exchange_Franks!CF5",
6,"s5","stomata-franks_liang_2022a.xlsx#leaf gas-exchange_Franks!CG5",
6,"es5","stomata-franks_liang_2022a.xlsx#leaf gas-exchange_Franks!CH5",
6,"N_es5","stomata-franks_liang_2022a.xlsx#leaf gas-exchange_Franks!CI5",
7,"sample","stomata-franks_liang_2022a.xlsx#leaf gas-exchange_Franks!O6",
7,"doi","stomata-franks_liang_2022a.xlsx#leaf gas-exchange_Franks!D6",
7,"lat","stomata-franks_liang_2022a.xlsx#leaf gas-exchange_Franks!AA6",
7,"lon","stomata-franks_liang_2022a.xlsx#leaf gas-exchange_Franks!AB6",
7,"age_mean","stomata-franks_liang_2022a.xlsx#leaf gas-exchange_Franks!V6",
7,"age_min","stomata-franks_liang_2022a.xlsx#leaf gas-exchange_Franks!X6",
7,"age_max","stomata-franks_liang_2022a.xlsx#leaf gas-exchange_Franks!W6",
7,"age_notes","stomata-franks_liang_2022a.xlsx#leaf gas-exchange_Franks!Z6",
7,"family","stomata-franks_liang_2022a.xlsx#leaf gas-exchange_Franks!P6",
7,"genus","stomata-franks_liang_2022a.xlsx#leaf gas-exchange_Franks!Q6",
7,"Dab","stomata-franks_liang_2022a.xlsx#leaf gas-exchange_Franks!AM6",
7,"eDab","stomata-franks_liang_2022a.xlsx#leaf gas-exchange_Franks!AN6",
7,"N_eDab","stomata-franks_liang_2022a.xlsx#leaf gas-exchange_Franks!AO6",
7,"Dad","stomata-franks_liang_2022a.xlsx#leaf gas-exchange_Franks!AP6",
7,"eDad","stomata-franks_liang_2022a.xlsx#leaf gas-exchange_Franks!AQ6",
7,"N_eDad","stomata-franks_liang_2022a.xlsx#leaf gas-exchange_Franks!AR6",
7,"GCLab","stomata-franks_liang_2022a.xlsx#leaf gas-exchange_Franks!AS6",
7,"eGCLab","stomata-franks_liang_2022a.xlsx#leaf gas-exchange_Franks!AT6",
7,"N_eGCLab","stomata-franks_liang_2022a.xlsx#leaf gas-exchange_Franks!AU6",
7,"GCLad","stomata-franks_liang_2022a.xlsx#leaf gas-exchange_Franks!AV6",
7,"eGCLad","stomata-franks_liang_2022a.xlsx#leaf gas-exchange_Franks!AW6",
7,"N_eGCLad","stomata-franks_liang_2022a.xlsx#leaf gas-exchange_Franks!AX6",
7,"GCWab","stomata-franks_liang_2022a.xlsx#leaf gas-exchange_Franks!AY6",
7,"eGCWab","stomata-franks_liang_2022a.xlsx#leaf gas-exchange_Franks!AZ6",
7,"N_eGCWab","stomata-franks_liang_2022a.xlsx#leaf gas-exchange_Franks!BA6",
7,"GCWad","stomata-franks_liang_2022a.xlsx#leaf gas-exchange_Franks!BB6",
7,"eGCWad","stomata-franks_liang_2022a.xlsx#leaf gas-exchange_Franks!BC6",
7,"N_eGCWad","stomata-franks_liang_2022a.xlsx#leaf gas-exchange_Franks!BD6",
7,"d13Cp","stomata-franks_liang_2022a.xlsx#leaf gas-exchange_Franks!BE6",
7,"ed13Cp","stomata-franks_liang_2022a.xlsx#leaf gas-exchange_Franks!BF6",
7,"N_ed13Cp","stomata-franks_liang_2022a.xlsx#leaf gas-exchange_Franks!BG6",
7,"dv","stomata-franks_liang_2022a.xlsx#leaf gas-exchange_Franks!CL6",
7,"A0","stomata-franks_liang_2022a.xlsx#leaf gas-exchange_Franks!BL6",
7,"eA0","stomata-franks_liang_2022a.xlsx#leaf gas-exchange_Franks!BM6",
7,"N_eA0","stomata-franks_liang_2022a.xlsx#leaf gas-exchange_Franks!BN6",
7,"CiCa0","stomata-franks_liang_2022a.xlsx#leaf gas-exchange_Franks!BO6",
7,"eCiCa0","stomata-franks_liang_2022a.xlsx#leaf gas-exchange_Franks!BP6",
7,"N_eCiCa0","stomata-franks_liang_2022a.xlsx#leaf gas-exchange_Franks!BQ6",
7,"gb","stomata-franks_liang_2022a.xlsx#leaf gas-exchange_Franks!BR6",
7,"egb","stomata-franks_liang_2022a.xlsx#leaf gas-exchange_Franks!BS6",
7,"N_egb","stomata-franks_liang_2022a.xlsx#leaf gas-exchange_Franks!BT6",
7,"s1","stomata-franks_liang_2022a.xlsx#leaf gas-exchange_Franks!BU6",
7,"es1","stomata-franks_liang_2022a.xlsx#leaf gas-exchange_Franks!BV6",
7,"N_es1","stomata-franks_liang_2022a.xlsx#leaf gas-exchange_Franks!BW6",
7,"s2","stomata-franks_liang_2022a.xlsx#leaf gas-exchange_Franks!BX6",
7,"es2","stomata-franks_liang_2022a.xlsx#leaf gas-exchange_Franks!BY6",
7,"N_es2","stomata-franks_liang_2022a.xlsx#leaf gas-exchange_Franks!BZ6",
7,"s3","stomata-franks_liang_2022a.xlsx#leaf gas-exchange_Franks!CA6",
7,"es3","stomata-franks_liang_2022a.xlsx#leaf gas-exchange_Franks!CB6",
7,"N_es3","stomata-franks_liang_2022a.xlsx#leaf gas-exchange_Franks!CC6",
7,"s4","stomata-franks_liang_2022a.xlsx#leaf gas-exchange_Franks!CD6",
7,"es4","stomata-franks_liang_2022a.xlsx#leaf gas-exchange_Franks!CE6",
7,"N_es4","stomata-franks_liang_2022a.xlsx#leaf gas-exchange_Franks!CF6",
7,"s5","stomata-franks_liang_2022a.xlsx#leaf gas-exchange_Franks!CG6",
7,"es5","stomata-franks_liang_2022a.xlsx#leaf gas-exchange_Franks!CH6",
7,"N_es5","stomata-franks_liang_2022a.xlsx#leaf gas-exchange_Franks!CI6",
8,"sample","stomata-franks_liang_2022a.xlsx#leaf gas-exchange_Franks!O7",
8,"doi","stomata-franks_liang_2022a.xlsx#leaf gas-exchange_Franks!D7",
8,"lat","stomata-franks_liang_2022a.xlsx#leaf gas-exchange_Franks!AA7",
8,"lon","stomata-franks_liang_2022a.xlsx#leaf gas-exchange_Franks!AB7",
8,"age_mean","stomata-franks_liang_2022a.xlsx#leaf gas-exchange_Franks!V7",
8,"age_min","stomata-franks_liang_2022a.xlsx#leaf gas-exchange_Franks!X7",
8,"age_max","stomata-franks_liang_2022a.xlsx#leaf gas-exchange_Franks!W7",
8,"age_notes","stomata-franks_liang_2022a.xlsx#leaf gas-exchange_Franks!Z7",
8,"family","stomata-franks_liang_2022a.xlsx#leaf gas-exchange_Franks!P7",
8,"genus","stomata-franks_liang_2022a.xlsx#leaf gas-exchange_Franks!Q7",
8,"Dab","stomata-franks_liang_2022a.xlsx#leaf gas-exchange_Franks!AM7",
8,"eDab","stomata-franks_liang_2022a.xlsx#leaf gas-exchange_Franks!AN7",
8,"N_eDab","stomata-franks_liang_2022a.xlsx#leaf gas-exchange_Franks!AO7",
8,"Dad","stomata-franks_liang_2022a.xlsx#leaf gas-exchange_Franks!AP7",
8,"eDad","stomata-franks_liang_2022a.xlsx#leaf gas-exchange_Franks!AQ7",
8,"N_eDad","stomata-franks_liang_2022a.xlsx#leaf gas-exchange_Franks!AR7",
8,"GCLab","stomata-franks_liang_2022a.xlsx#leaf gas-exchange_Franks!AS7",
8,"eGCLab","stomata-franks_liang_2022a.xlsx#leaf gas-exchange_Franks!AT7",
8,"N_eGCLab","stomata-franks_liang_2022a.xlsx#leaf gas-exchange_Franks!AU7",
8,"GCLad","stomata-franks_liang_2022a.xlsx#leaf gas-exchange_Franks!AV7",
8,"eGCLad","stomata-franks_liang_2022a.xlsx#leaf gas-exchange_Franks!AW7",
8,"N_eGCLad","stomata-franks_liang_2022a.xlsx#leaf gas-exchange_Franks!AX7",
8,"GCWab","stomata-franks_liang_2022a.xlsx#leaf gas-exchange_Franks!AY7",
8,"eGCWab","stomata-franks_liang_2022a.xlsx#leaf gas-exchange_Franks!AZ7",
8,"N_eGCWab","stomata-franks_liang_2022a.xlsx#leaf gas-exchange_Franks!BA7",
8,"GCWad","stomata-franks_liang_2022a.xlsx#leaf gas-exchange_Franks!BB7",
8,"eGCWad","stomata-franks_liang_2022a.xlsx#leaf gas-exchange_Franks!BC7",
8,"N_eGCWad","stomata-franks_liang_2022a.xlsx#leaf gas-exchange_Franks!BD7",
8,"d13Cp","stomata-franks_liang_2022a.xlsx#leaf gas-exchange_Franks!BE7",
8,"ed13Cp","stomata-franks_liang_2022a.xlsx#leaf gas-exchange_Franks!BF7",
8,"N_ed13Cp","stomata-franks_liang_2022a.xlsx#leaf gas-exchange_Franks!BG7",
8,"dv","stomata-franks_liang_2022a.xlsx#leaf gas-exchange_Franks!CL7",
8,"A0","stomata-franks_liang_2022a.xlsx#leaf gas-exchange_Franks!BL7",
8,"eA0","stomata-franks_liang_2022a.xlsx#leaf gas-exchange_Franks!BM7",
8,"N_eA0","stomata-franks_liang_2022a.xlsx#leaf gas-exchange_Franks!BN7",
8,"CiCa0","stomata-franks_liang_2022a.xlsx#leaf gas-exchange_Franks!BO7",
8,"eCiCa0","stomata-franks_liang_2022a.xlsx#leaf gas-exchange_Franks!BP7",
8,"N_eCiCa0","stomata-franks_liang_2022a.xlsx#leaf gas-exchange_Franks!BQ7",
8,"gb","stomata-franks_liang_2022a.xlsx#leaf gas-exchange_Franks!BR7",
8,"egb","stomata-franks_liang_2022a.xlsx#leaf gas-exchange_Franks!BS7",
8,"N_egb","stomata-franks_liang_2022a.xlsx#leaf gas-exchange_Franks!BT7",
8,"s1","stomata-franks_liang_2022a.xlsx#leaf gas-exchange_Franks!BU7",
8,"es1","stomata-franks_liang_2022a.xlsx#leaf gas-exchange_Franks!BV7",
8,"N_es1","stomata-franks_liang_2022a.xlsx#leaf gas-exchange_Franks!BW7",
8,"s2","stomata-franks_liang_2022a.xlsx#leaf gas-exchange_Franks!BX7",
8,"es2","stomata-franks_liang_2022a.xlsx#leaf gas-exchange_Franks!BY7",
8,"N_es2","stomata-franks_liang_2022a.xlsx#leaf gas-exchange_Franks!BZ7",
8,"s3","stomata-franks_liang_2022a.xlsx#leaf gas-exchange_Franks!CA7",
8,"es3","stomata-franks_liang_2022a.xlsx#leaf gas-exchange_Franks!CB7",
8,"N_es3","stomata-franks_liang_2022a.xlsx#leaf gas-exchange_Franks!CC7",
8,"s4","stomata-franks_liang_2022a.xlsx#leaf gas-exchange_Franks!CD7",
8,"es4","stomata-franks_liang_2022a.xlsx#leaf gas-exchange_Franks!CE7",
8,"N_es4","stomata-franks_liang_2022a.xlsx#leaf gas-exchange_Franks!CF7",
8,"s5","stomata-franks_liang_2022a.xlsx#leaf gas-exchange_Franks!CG7",
8,"es5","stomata-franks_liang_2022a.xlsx#leaf gas-exchange_Franks!CH7",
8,"N_es5","stomata-franks_liang_2022a.xlsx#leaf gas-exchange_Franks!CI7",
9,"sample","stomata-franks_liang_2022a.xlsx#leaf gas-exchange_Franks!O8",
9,"doi","stomata-franks_liang_2022a.xlsx#leaf gas-exchange_Franks!D8",
9,"lat","stomata-franks_liang_2022a.xlsx#leaf gas-exchange_Franks!AA8",
9,"lon","stomata-franks_liang_2022a.xlsx#leaf gas-exchange_Franks!AB8",
9,"age_mean","stomata-franks_liang_2022a.xlsx#leaf gas-exchange_Franks!V8",
9,"age_min","stomata-franks_liang_2022a.xlsx#leaf gas-exchange_Franks!X8",
9,"age_max","stomata-franks_liang_2022a.xlsx#leaf gas-exchange_Franks!W8",
9,"age_notes","stomata-franks_liang_2022a.xlsx#leaf gas-exchange_Franks!Z8",
9,"family","stomata-franks_liang_2022a.xlsx#leaf gas-exchange_Franks!P8",
9,"genus","stomata-franks_liang_2022a.xlsx#leaf gas-exchange_Franks!Q8",
9,"Dab","stomata-franks_liang_2022a.xlsx#leaf gas-exchange_Franks!AM8",
9,"eDab","stomata-franks_liang_2022a.xlsx#leaf gas-exchange_Franks!AN8",
9,"N_eDab","stomata-franks_liang_2022a.xlsx#leaf gas-exchange_Franks!AO8",
9,"Dad","stomata-franks_liang_2022a.xlsx#leaf gas-exchange_Franks!AP8",
9,"eDad","stomata-franks_liang_2022a.xlsx#leaf gas-exchange_Franks!AQ8",
9,"N_eDad","stomata-franks_liang_2022a.xlsx#leaf gas-exchange_Franks!AR8",
9,"GCLab","stomata-franks_liang_2022a.xlsx#leaf gas-exchange_Franks!AS8",
9,"eGCLab","stomata-franks_liang_2022a.xlsx#leaf gas-exchange_Franks!AT8",
9,"N_eGCLab","stomata-franks_liang_2022a.xlsx#leaf gas-exchange_Franks!AU8",
9,"GCLad","stomata-franks_liang_2022a.xlsx#leaf gas-exchange_Franks!AV8",
9,"eGCLad","stomata-franks_liang_2022a.xlsx#leaf gas-exchange_Franks!AW8",
9,"N_eGCLad","stomata-franks_liang_2022a.xlsx#leaf gas-exchange_Franks!AX8",
9,"GCWab","stomata-franks_liang_2022a.xlsx#leaf gas-exchange_Franks!AY8",
9,"eGCWab","stomata-franks_liang_2022a.xlsx#leaf gas-exchange_Franks!AZ8",
9,"N_eGCWab","stomata-franks_liang_2022a.xlsx#leaf gas-exchange_Franks!BA8",
9,"GCWad","stomata-franks_liang_2022a.xlsx#leaf gas-exchange_Franks!BB8",
9,"eGCWad","stomata-franks_liang_2022a.xlsx#leaf gas-exchange_Franks!BC8",
9,"N_eGCWad","stomata-franks_liang_2022a.xlsx#leaf gas-exchange_Franks!BD8",
9,"d13Cp","stomata-franks_liang_2022a.xlsx#leaf gas-exchange_Franks!BE8",
9,"ed13Cp","stomata-franks_liang_2022a.xlsx#leaf gas-exchange_Franks!BF8",
9,"N_ed13Cp","stomata-franks_liang_2022a.xlsx#leaf gas-exchange_Franks!BG8",
9,"dv","stomata-franks_liang_2022a.xlsx#leaf gas-exchange_Franks!CL8",
9,"A0","stomata-franks_liang_2022a.xlsx#leaf gas-exchange_Franks!BL8",
9,"eA0","stomata-franks_liang_2022a.xlsx#leaf gas-exchange_Franks!BM8",
9,"N_eA0","stomata-franks_liang_2022a.xlsx#leaf gas-exchange_Franks!BN8",
9,"CiCa0","stomata-franks_liang_2022a.xlsx#leaf gas-exchange_Franks!BO8",
9,"eCiCa0","stomata-franks_liang_2022a.xlsx#leaf gas-exchange_Franks!BP8",
9,"N_eCiCa0","stomata-franks_liang_2022a.xlsx#leaf gas-exchange_Franks!BQ8",
9,"gb","stomata-franks_liang_2022a.xlsx#leaf gas-exchange_Franks!BR8",
9,"egb","stomata-franks_liang_2022a.xlsx#leaf gas-exchange_Franks!BS8",
9,"N_egb","stomata-franks_liang_2022a.xlsx#leaf gas-exchange_Franks!BT8",
9,"s1","stomata-franks_liang_2022a.xlsx#leaf gas-exchange_Franks!BU8",
9,"es1","stomata-franks_liang_2022a.xlsx#leaf gas-exchange_Franks!BV8",
9,"N_es1","stomata-franks_liang_2022a.xlsx#leaf gas-exchange_Franks!BW8",
9,"s2","stomata-franks_liang_2022a.xlsx#leaf gas-exchange_Franks!BX8",
9,"es2","stomata-franks_liang_2022a.xlsx#leaf gas-exchange_Franks!BY8",
9,"N_es2","stomata-franks_liang_2022a.xlsx#leaf gas-exchange_Franks!BZ8",
9,"s3","stomata-franks_liang_2022a.xlsx#leaf gas-exchange_Franks!CA8",
9,"es3","stomata-franks_liang_2022a.xlsx#leaf gas-exchange_Franks!CB8",
9,"N_es3","stomata-franks_liang_2022a.xlsx#leaf gas-exchange_Franks!CC8",
9,"s4","stomata-franks_liang_2022a.xlsx#leaf gas-exchange_Franks!CD8",
9,"es4","stomata-franks_liang_2022a.xlsx#leaf gas-exchange_Franks!CE8",
9,"N_es4","stomata-franks_liang_2022a.xlsx#leaf gas-exchange_Franks!CF8",
9,"s5","stomata-franks_liang_2022a.xlsx#leaf gas-exchange_Franks!CG8",
9,"es5","stomata-franks_liang_2022a.xlsx#leaf gas-exchange_Franks!CH8",
9,"N_es5","stomata-franks_liang_2022a.xlsx#leaf gas-exchange_Franks!CI8",
10,"sample","stomata-franks_liang_2022a.xlsx#leaf gas-exchange_Franks!O9",
10,"doi","stomata-franks_liang_2022a.xlsx#leaf gas-exchange_Franks!D9",
10,"lat","stomata-franks_liang_2022a.xlsx#leaf gas-exchange_Franks!AA9",
10,"lon","stomata-franks_liang_2022a.xlsx#leaf gas-exchange_Franks!AB9",
10,"age_mean","stomata-franks_liang_2022a.xlsx#leaf gas-exchange_Franks!V9",
10,"age_min","stomata-franks_liang_2022a.xlsx#leaf gas-exchange_Franks!X9",
10,"age_max","stomata-franks_liang_2022a.xlsx#leaf gas-exchange_Franks!W9",
10,"age_notes","stomata-franks_liang_2022a.xlsx#leaf gas-exchange_Franks!Z9",
10,"family","stomata-franks_liang_2022a.xlsx#leaf gas-exchange_Franks!P9",
10,"genus","stomata-franks_liang_2022a.xlsx#leaf gas-exchange_Franks!Q9",
10,"Dab","stomata-franks_liang_2022a.xlsx#leaf gas-exchange_Franks!AM9",
10,"eDab","stomata-franks_liang_2022a.xlsx#leaf gas-exchange_Franks!AN9",
10,"N_eDab","stomata-franks_liang_2022a.xlsx#leaf gas-exchange_Franks!AO9",
10,"Dad","stomata-franks_liang_2022a.xlsx#leaf gas-exchange_Franks!AP9",
10,"eDad","stomata-franks_liang_2022a.xlsx#leaf gas-exchange_Franks!AQ9",
10,"N_eDad","stomata-franks_liang_2022a.xlsx#leaf gas-exchange_Franks!AR9",
10,"GCLab","stomata-franks_liang_2022a.xlsx#leaf gas-exchange_Franks!AS9",
10,"eGCLab","stomata-franks_liang_2022a.xlsx#leaf gas-exchange_Franks!AT9",
10,"N_eGCLab","stomata-franks_liang_2022a.xlsx#leaf gas-exchange_Franks!AU9",
10,"GCLad","stomata-franks_liang_2022a.xlsx#leaf gas-exchange_Franks!AV9",
10,"eGCLad","stomata-franks_liang_2022a.xlsx#leaf gas-exchange_Franks!AW9",
10,"N_eGCLad","stomata-franks_liang_2022a.xlsx#leaf gas-exchange_Franks!AX9",
10,"GCWab","stomata-franks_liang_2022a.xlsx#leaf gas-exchange_Franks!AY9",
10,"eGCWab","stomata-franks_liang_2022a.xlsx#leaf gas-exchange_Franks!AZ9",
10,"N_eGCWab","stomata-franks_liang_2022a.xlsx#leaf gas-exchange_Franks!BA9",
10,"GCWad","stomata-franks_liang_2022a.xlsx#leaf gas-exchange_Franks!BB9",
10,"eGCWad","stomata-franks_liang_2022a.xlsx#leaf gas-exchange_Franks!BC9",
10,"N_eGCWad","stomata-franks_liang_2022a.xlsx#leaf gas-exchange_Franks!BD9",
10,"d13Cp","stomata-franks_liang_2022a.xlsx#leaf gas-exchange_Franks!BE9",
10,"ed13Cp","stomata-franks_liang_2022a.xlsx#leaf gas-exchange_Franks!BF9",
10,"N_ed13Cp","stomata-franks_liang_2022a.xlsx#leaf gas-exchange_Franks!BG9",
10,"dv","stomata-franks_liang_2022a.xlsx#leaf gas-exchange_Franks!CL9",
10,"A0","stomata-franks_liang_2022a.xlsx#leaf gas-exchange_Franks!BL9",
10,"eA0","stomata-franks_liang_2022a.xlsx#leaf gas-exchange_Franks!BM9",
10,"N_eA0","stomata-franks_liang_2022a.xlsx#leaf gas-exchange_Franks!BN9",
10,"CiCa0","stomata-franks_liang_2022a.xlsx#leaf gas-exchange_Franks!BO9",
10,"eCiCa0","stomata-franks_liang_2022a.xlsx#leaf gas-exchange_Franks!BP9",
10,"N_eCiCa0","stomata-franks_liang_2022a.xlsx#leaf gas-exchange_Franks!BQ9",
10,"gb","stomata-franks_liang_2022a.xlsx#leaf gas-exchange_Franks!BR9",
10,"egb","stomata-franks_liang_2022a.xlsx#leaf gas-exchange_Franks!BS9",
10,"N_egb","stomata-franks_liang_2022a.xlsx#leaf gas-exchange_Franks!BT9",
10,"s1","stomata-franks_liang_2022a.xlsx#leaf gas-exchange_Franks!BU9",
10,"es1","stomata-franks_liang_2022a.xlsx#leaf gas-exchange_Franks!BV9",
10,"N_es1","stomata-franks_liang_2022a.xlsx#leaf gas-exchange_Franks!BW9",
10,"s2","stomata-franks_liang_2022a.xlsx#leaf gas-exchange_Franks!BX9",
10,"es2","stomata-franks_liang_2022a.xlsx#leaf gas-exchange_Franks!BY9",
10,"N_es2","stomata-franks_liang_2022a.xlsx#leaf gas-exchange_Franks!BZ9",
10,"s3","stomata-franks_liang_2022a.xlsx#leaf gas-exchange_Franks!CA9",
10,"es3","stomata-franks_liang_2022a.xlsx#leaf gas-exchange_Franks!CB9",
10,"N_es3","stomata-franks_liang_2022a.xlsx#leaf gas-exchange_Franks!CC9",
10,"s4","stomata-franks_liang_2022a.xlsx#leaf gas-exchange_Franks!CD9",
10,"es4","stomata-franks_liang_2022a.xlsx#leaf gas-exchange_Franks!CE9",
10,"N_es4","stomata-franks_liang_2022a.xlsx#leaf gas-exchange_Franks!CF9",
10,"s5","stomata-franks_liang_2022a.xlsx#leaf gas-exchange_Franks!CG9",
10,"es5","stomata-franks_liang_2022a.xlsx#leaf gas-exchange_Franks!CH9",
10,"N_es5","stomata-franks_liang_2022a.xlsx#leaf gas-exchange_Franks!CI9",
11,"sample","stomata-franks_liang_2022a.xlsx#leaf gas-exchange_Franks!O10",
11,"doi","stomata-franks_liang_2022a.xlsx#leaf gas-exchange_Franks!D10",
11,"lat","stomata-franks_liang_2022a.xlsx#leaf gas-exchange_Franks!AA10",
11,"lon","stomata-franks_liang_2022a.xlsx#leaf gas-exchange_Franks!AB10",
11,"age_mean","stomata-franks_liang_2022a.xlsx#leaf gas-exchange_Franks!V10",
11,"age_min","stomata-franks_liang_2022a.xlsx#leaf gas-exchange_Franks!X10",
11,"age_max","stomata-franks_liang_2022a.xlsx#leaf gas-exchange_Franks!W10",
11,"age_notes","stomata-franks_liang_2022a.xlsx#leaf gas-exchange_Franks!Z10",
11,"family","stomata-franks_liang_2022a.xlsx#leaf gas-exchange_Franks!P10",
11,"genus","stomata-franks_liang_2022a.xlsx#leaf gas-exchange_Franks!Q10",
11,"Dab","stomata-franks_liang_2022a.xlsx#leaf gas-exchange_Franks!AM10",
11,"eDab","stomata-franks_liang_2022a.xlsx#leaf gas-exchange_Franks!AN10",
11,"N_eDab","stomata-franks_liang_2022a.xlsx#leaf gas-exchange_Franks!AO10",
11,"Dad","stomata-franks_liang_2022a.xlsx#leaf gas-exchange_Franks!AP10",
11,"eDad","stomata-franks_liang_2022a.xlsx#leaf gas-exchange_Franks!AQ10",
11,"N_eDad","stomata-franks_liang_2022a.xlsx#leaf gas-exchange_Franks!AR10",
11,"GCLab","stomata-franks_liang_2022a.xlsx#leaf gas-exchange_Franks!AS10",
11,"eGCLab","stomata-franks_liang_2022a.xlsx#leaf gas-exchange_Franks!AT10",
11,"N_eGCLab","stomata-franks_liang_2022a.xlsx#leaf gas-exchange_Franks!AU10",
11,"GCLad","stomata-franks_liang_2022a.xlsx#leaf gas-exchange_Franks!AV10",
11,"eGCLad","stomata-franks_liang_2022a.xlsx#leaf gas-exchange_Franks!AW10",
11,"N_eGCLad","stomata-franks_liang_2022a.xlsx#leaf gas-exchange_Franks!AX10",
11,"GCWab","stomata-franks_liang_2022a.xlsx#leaf gas-exchange_Franks!AY10",
11,"eGCWab","stomata-franks_liang_2022a.xlsx#leaf gas-exchange_Franks!AZ10",
11,"N_eGCWab","stomata-franks_liang_2022a.xlsx#leaf gas-exchange_Franks!BA10",
11,"GCWad","stomata-franks_liang_2022a.xlsx#leaf gas-exchange_Franks!BB10",
11,"eGCWad","stomata-franks_liang_2022a.xlsx#leaf gas-exchange_Franks!BC10",
11,"N_eGCWad","stomata-franks_liang_2022a.xlsx#leaf gas-exchange_Franks!BD10",
11,"d13Cp","stomata-franks_liang_2022a.xlsx#leaf gas-exchange_Franks!BE10",
11,"ed13Cp","stomata-franks_liang_2022a.xlsx#leaf gas-exchange_Franks!BF10",
11,"N_ed13Cp","stomata-franks_liang_2022a.xlsx#leaf gas-exchange_Franks!BG10",
11,"dv","stomata-franks_liang_2022a.xlsx#leaf gas-exchange_Franks!CL10",
11,"A0","stomata-franks_liang_2022a.xlsx#leaf gas-exchange_Franks!BL10",
11,"eA0","stomata-franks_liang_2022a.xlsx#leaf gas-exchange_Franks!BM10",
11,"N_eA0","stomata-franks_liang_2022a.xlsx#leaf gas-exchange_Franks!BN10",
11,"CiCa0","stomata-franks_liang_2022a.xlsx#leaf gas-exchange_Franks!BO10",
11,"eCiCa0","stomata-franks_liang_2022a.xlsx#leaf gas-exchange_Franks!BP10",
11,"N_eCiCa0","stomata-franks_liang_2022a.xlsx#leaf gas-exchange_Franks!BQ10",
11,"gb","stomata-franks_liang_2022a.xlsx#leaf gas-exchange_Franks!BR10",
11,"egb","stomata-franks_liang_2022a.xlsx#leaf gas-exchange_Franks!BS10",
11,"N_egb","stomata-franks_liang_2022a.xlsx#leaf gas-exchange_Franks!BT10",
11,"s1","stomata-franks_liang_2022a.xlsx#leaf gas-exchange_Franks!BU10",
11,"es1","stomata-franks_liang_2022a.xlsx#leaf gas-exchange_Franks!BV10",
11,"N_es1","stomata-franks_liang_2022a.xlsx#leaf gas-exchange_Franks!BW10",
11,"s2","stomata-franks_liang_2022a.xlsx#leaf gas-exchange_Franks!BX10",
11,"es2","stomata-franks_liang_2022a.xlsx#leaf gas-exchange_Franks!BY10",
11,"N_es2","stomata-franks_liang_2022a.xlsx#leaf gas-exchange_Franks!BZ10",
11,"s3","stomata-franks_liang_2022a.xlsx#leaf gas-exchange_Franks!CA10",
11,"es3","stomata-franks_liang_2022a.xlsx#leaf gas-exchange_Franks!CB10",
11,"N_es3","stomata-franks_liang_2022a.xlsx#leaf gas-exchange_Franks!CC10",
11,"s4","stomata-franks_liang_2022a.xlsx#leaf gas-exchange_Franks!CD10",
11,"es4","stomata-franks_liang_2022a.xlsx#leaf gas-exchange_Franks!CE10",
11,"N_es4","stomata-franks_liang_2022a.xlsx#leaf gas-exchange_Franks!CF10",
11,"s5","stomata-franks_liang_2022a.xlsx#leaf gas-exchange_Franks!CG10",
11,"es5","stomata-franks_liang_2022a.xlsx#leaf gas-exchange_Franks!CH10",
11,"N_es5","stomata-franks_liang_2022a.xlsx#leaf gas-exchange_Franks!CI10",
12,"sample","stomata-franks_liang_2022a.xlsx#leaf gas-exchange_Franks!O11",
12,"doi","stomata-franks_liang_2022a.xlsx#leaf gas-exchange_Franks!D11",
12,"lat","stomata-franks_liang_2022a.xlsx#leaf gas-exchange_Franks!AA11",
12,"lon","stomata-franks_liang_2022a.xlsx#leaf gas-exchange_Franks!AB11",
12,"age_mean","stomata-franks_liang_2022a.xlsx#leaf gas-exchange_Franks!V11",
12,"age_min","stomata-franks_liang_2022a.xlsx#leaf gas-exchange_Franks!X11",
12,"age_max","stomata-franks_liang_2022a.xlsx#leaf gas-exchange_Franks!W11",
12,"age_notes","stomata-franks_liang_2022a.xlsx#leaf gas-exchange_Franks!Z11",
12,"family","stomata-franks_liang_2022a.xlsx#leaf gas-exchange_Franks!P11",
12,"genus","stomata-franks_liang_2022a.xlsx#leaf gas-exchange_Franks!Q11",
12,"Dab","stomata-franks_liang_2022a.xlsx#leaf gas-exchange_Franks!AM11",
12,"eDab","stomata-franks_liang_2022a.xlsx#leaf gas-exchange_Franks!AN11",
12,"N_eDab","stomata-franks_liang_2022a.xlsx#leaf gas-exchange_Franks!AO11",
12,"Dad","stomata-franks_liang_2022a.xlsx#leaf gas-exchange_Franks!AP11",
12,"eDad","stomata-franks_liang_2022a.xlsx#leaf gas-exchange_Franks!AQ11",
12,"N_eDad","stomata-franks_liang_2022a.xlsx#leaf gas-exchange_Franks!AR11",
12,"GCLab","stomata-franks_liang_2022a.xlsx#leaf gas-exchange_Franks!AS11",
12,"eGCLab","stomata-franks_liang_2022a.xlsx#leaf gas-exchange_Franks!AT11",
12,"N_eGCLab","stomata-franks_liang_2022a.xlsx#leaf gas-exchange_Franks!AU11",
12,"GCLad","stomata-franks_liang_2022a.xlsx#leaf gas-exchange_Franks!AV11",
12,"eGCLad","stomata-franks_liang_2022a.xlsx#leaf gas-exchange_Franks!AW11",
12,"N_eGCLad","stomata-franks_liang_2022a.xlsx#leaf gas-exchange_Franks!AX11",
12,"GCWab","stomata-franks_liang_2022a.xlsx#leaf gas-exchange_Franks!AY11",
12,"eGCWab","stomata-franks_liang_2022a.xlsx#leaf gas-exchange_Franks!AZ11",
12,"N_eGCWab","stomata-franks_liang_2022a.xlsx#leaf gas-exchange_Franks!BA11",
12,"GCWad","stomata-franks_liang_2022a.xlsx#leaf gas-exchange_Franks!BB11",
12,"eGCWad","stomata-franks_liang_2022a.xlsx#leaf gas-exchange_Franks!BC11",
12,"N_eGCWad","stomata-franks_liang_2022a.xlsx#leaf gas-exchange_Franks!BD11",
12,"d13Cp","stomata-franks_liang_2022a.xlsx#leaf gas-exchange_Franks!BE11",
12,"ed13Cp","stomata-franks_liang_2022a.xlsx#leaf gas-exchange_Franks!BF11",
12,"N_ed13Cp","stomata-franks_liang_2022a.xlsx#leaf gas-exchange_Franks!BG11",
12,"dv","stomata-franks_liang_2022a.xlsx#leaf gas-exchange_Franks!CL11",
12,"A0","stomata-franks_liang_2022a.xlsx#leaf gas-exchange_Franks!BL11",
12,"eA0","stomata-franks_liang_2022a.xlsx#leaf gas-exchange_Franks!BM11",
12,"N_eA0","stomata-franks_liang_2022a.xlsx#leaf gas-exchange_Franks!BN11",
12,"CiCa0","stomata-franks_liang_2022a.xlsx#leaf gas-exchange_Franks!BO11",
12,"eCiCa0","stomata-franks_liang_2022a.xlsx#leaf gas-exchange_Franks!BP11",
12,"N_eCiCa0","stomata-franks_liang_2022a.xlsx#leaf gas-exchange_Franks!BQ11",
12,"gb","stomata-franks_liang_2022a.xlsx#leaf gas-exchange_Franks!BR11",
12,"egb","stomata-franks_liang_2022a.xlsx#leaf gas-exchange_Franks!BS11",
12,"N_egb","stomata-franks_liang_2022a.xlsx#leaf gas-exchange_Franks!BT11",
12,"s1","stomata-franks_liang_2022a.xlsx#leaf gas-exchange_Franks!BU11",
12,"es1","stomata-franks_liang_2022a.xlsx#leaf gas-exchange_Franks!BV11",
12,"N_es1","stomata-franks_liang_2022a.xlsx#leaf gas-exchange_Franks!BW11",
12,"s2","stomata-franks_liang_2022a.xlsx#leaf gas-exchange_Franks!BX11",
12,"es2","stomata-franks_liang_2022a.xlsx#leaf gas-exchange_Franks!BY11",
12,"N_es2","stomata-franks_liang_2022a.xlsx#leaf gas-exchange_Franks!BZ11",
12,"s3","stomata-franks_liang_2022a.xlsx#leaf gas-exchange_Franks!CA11",
12,"es3","stomata-franks_liang_2022a.xlsx#leaf gas-exchange_Franks!CB11",
12,"N_es3","stomata-franks_liang_2022a.xlsx#leaf gas-exchange_Franks!CC11",
12,"s4","stomata-franks_liang_2022a.xlsx#leaf gas-exchange_Franks!CD11",
12,"es4","stomata-franks_liang_2022a.xlsx#leaf gas-exchange_Franks!CE11",
12,"N_es4","stomata-franks_liang_2022a.xlsx#leaf gas-exchange_Franks!CF11",
12,"s5","stomata-franks_liang_2022a.xlsx#leaf gas-exchange_Franks!CG11",
12,"es5","stomata-franks_liang_2022a.xlsx#leaf gas-exchange_Franks!CH11",
12,"N_es5","stomata-franks_liang_2022a.xlsx#leaf gas-exchange_Franks!CI11",
13,"sample","stomata-franks_liang_2022a.xlsx#leaf gas-exchange_Franks!O12",
13,"doi","stomata-franks_liang_2022a.xlsx#leaf gas-exchange_Franks!D12",
13,"lat","stomata-franks_liang_2022a.xlsx#leaf gas-exchange_Franks!AA12",
13,"lon","stomata-franks_liang_2022a.xlsx#leaf gas-exchange_Franks!AB12",
13,"age_mean","stomata-franks_liang_2022a.xlsx#leaf gas-exchange_Franks!V12",
13,"age_min","stomata-franks_liang_2022a.xlsx#leaf gas-exchange_Franks!X12",
13,"age_max","stomata-franks_liang_2022a.xlsx#leaf gas-exchange_Franks!W12",
13,"age_notes","stomata-franks_liang_2022a.xlsx#leaf gas-exchange_Franks!Z12",
13,"family","stomata-franks_liang_2022a.xlsx#leaf gas-exchange_Franks!P12",
13,"genus","stomata-franks_liang_2022a.xlsx#leaf gas-exchange_Franks!Q12",
13,"Dab","stomata-franks_liang_2022a.xlsx#leaf gas-exchange_Franks!AM12",
13,"eDab","stomata-franks_liang_2022a.xlsx#leaf gas-exchange_Franks!AN12",
13,"N_eDab","stomata-franks_liang_2022a.xlsx#leaf gas-exchange_Franks!AO12",
13,"Dad","stomata-franks_liang_2022a.xlsx#leaf gas-exchange_Franks!AP12",
13,"eDad","stomata-franks_liang_2022a.xlsx#leaf gas-exchange_Franks!AQ12",
13,"N_eDad","stomata-franks_liang_2022a.xlsx#leaf gas-exchange_Franks!AR12",
13,"GCLab","stomata-franks_liang_2022a.xlsx#leaf gas-exchange_Franks!AS12",
13,"eGCLab","stomata-franks_liang_2022a.xlsx#leaf gas-exchange_Franks!AT12",
13,"N_eGCLab","stomata-franks_liang_2022a.xlsx#leaf gas-exchange_Franks!AU12",
13,"GCLad","stomata-franks_liang_2022a.xlsx#leaf gas-exchange_Franks!AV12",
13,"eGCLad","stomata-franks_liang_2022a.xlsx#leaf gas-exchange_Franks!AW12",
13,"N_eGCLad","stomata-franks_liang_2022a.xlsx#leaf gas-exchange_Franks!AX12",
13,"GCWab","stomata-franks_liang_2022a.xlsx#leaf gas-exchange_Franks!AY12",
13,"eGCWab","stomata-franks_liang_2022a.xlsx#leaf gas-exchange_Franks!AZ12",
13,"N_eGCWab","stomata-franks_liang_2022a.xlsx#leaf gas-exchange_Franks!BA12",
13,"GCWad","stomata-franks_liang_2022a.xlsx#leaf gas-exchange_Franks!BB12",
13,"eGCWad","stomata-franks_liang_2022a.xlsx#leaf gas-exchange_Franks!BC12",
13,"N_eGCWad","stomata-franks_liang_2022a.xlsx#leaf gas-exchange_Franks!BD12",
13,"d13Cp","stomata-franks_liang_2022a.xlsx#leaf gas-exchange_Franks!BE12",
13,"ed13Cp","stomata-franks_liang_2022a.xlsx#leaf gas-exchange_Franks!BF12",
13,"N_ed13Cp","stomata-franks_liang_2022a.xlsx#leaf gas-exchange_Franks!BG12",
13,"dv","stomata-franks_liang_2022a.xlsx#leaf gas-exchange_Franks!CL12",
13,"A0","stomata-franks_liang_2022a.xlsx#leaf gas-exchange_Franks!BL12",
13,"eA0","stomata-franks_liang_2022a.xlsx#leaf gas-exchange_Franks!BM12",
13,"N_eA0","stomata-franks_liang_2022a.xlsx#leaf gas-exchange_Franks!BN12",
13,"CiCa0","stomata-franks_liang_2022a.xlsx#leaf gas-exchange_Franks!BO12",
13,"eCiCa0","stomata-franks_liang_2022a.xlsx#leaf gas-exchange_Franks!BP12",
13,"N_eCiCa0","stomata-franks_liang_2022a.xlsx#leaf gas-exchange_Franks!BQ12",
13,"gb","stomata-franks_liang_2022a.xlsx#leaf gas-exchange_Franks!BR12",
13,"egb","stomata-franks_liang_2022a.xlsx#leaf gas-exchange_Franks!BS12",
13,"N_egb","stomata-franks_liang_2022a.xlsx#leaf gas-exchange_Franks!BT12",
13,"s1","stomata-franks_liang_2022a.xlsx#leaf gas-exchange_Franks!BU12",
13,"es1","stomata-franks_liang_2022a.xlsx#leaf gas-exchange_Franks!BV12",
13,"N_es1","stomata-franks_liang_2022a.xlsx#leaf gas-exchange_Franks!BW12",
13,"s2","stomata-franks_liang_2022a.xlsx#leaf gas-exchange_Franks!BX12",
13,"es2","stomata-franks_liang_2022a.xlsx#leaf gas-exchange_Franks!BY12",
13,"N_es2","stomata-franks_liang_2022a.xlsx#leaf gas-exchange_Franks!BZ12",
13,"s3","stomata-franks_liang_2022a.xlsx#leaf gas-exchange_Franks!CA12",
13,"es3","stomata-franks_liang_2022a.xlsx#leaf gas-exchange_Franks!CB12",
13,"N_es3","stomata-franks_liang_2022a.xlsx#leaf gas-exchange_Franks!CC12",
13,"s4","stomata-franks_liang_2022a.xlsx#leaf gas-exchange_Franks!CD12",
13,"es4","stomata-franks_liang_2022a.xlsx#leaf gas-exchange_Franks!CE12",
13,"N_es4","stomata-franks_liang_2022a.xlsx#leaf gas-exchange_Franks!CF12",
13,"s5","stomata-franks_liang_2022a.xlsx#leaf gas-exchange_Franks!CG12",
13,"es5","stomata-franks_liang_2022a.xlsx#leaf gas-exchange_Franks!CH12",
13,"N_es5","stomata-franks_liang_2022a.xlsx#leaf gas-exchange_Franks!CI12",
14,"sample","stomata-franks_liang_2022a.xlsx#leaf gas-exchange_Franks!O13",
14,"doi","stomata-franks_liang_2022a.xlsx#leaf gas-exchange_Franks!D13",
14,"lat","stomata-franks_liang_2022a.xlsx#leaf gas-exchange_Franks!AA13",
14,"lon","stomata-franks_liang_2022a.xlsx#leaf gas-exchange_Franks!AB13",
14,"age_mean","stomata-franks_liang_2022a.xlsx#leaf gas-exchange_Franks!V13",
14,"age_min","stomata-franks_liang_2022a.xlsx#leaf gas-exchange_Franks!X13",
14,"age_max","stomata-franks_liang_2022a.xlsx#leaf gas-exchange_Franks!W13",
14,"age_notes","stomata-franks_liang_2022a.xlsx#leaf gas-exchange_Franks!Z13",
14,"family","stomata-franks_liang_2022a.xlsx#leaf gas-exchange_Franks!P13",
14,"genus","stomata-franks_liang_2022a.xlsx#leaf gas-exchange_Franks!Q13",
14,"Dab","stomata-franks_liang_2022a.xlsx#leaf gas-exchange_Franks!AM13",
14,"eDab","stomata-franks_liang_2022a.xlsx#leaf gas-exchange_Franks!AN13",
14,"N_eDab","stomata-franks_liang_2022a.xlsx#leaf gas-exchange_Franks!AO13",
14,"Dad","stomata-franks_liang_2022a.xlsx#leaf gas-exchange_Franks!AP13",
14,"eDad","stomata-franks_liang_2022a.xlsx#leaf gas-exchange_Franks!AQ13",
14,"N_eDad","stomata-franks_liang_2022a.xlsx#leaf gas-exchange_Franks!AR13",
14,"GCLab","stomata-franks_liang_2022a.xlsx#leaf gas-exchange_Franks!AS13",
14,"eGCLab","stomata-franks_liang_2022a.xlsx#leaf gas-exchange_Franks!AT13",
14,"N_eGCLab","stomata-franks_liang_2022a.xlsx#leaf gas-exchange_Franks!AU13",
14,"GCLad","stomata-franks_liang_2022a.xlsx#leaf gas-exchange_Franks!AV13",
14,"eGCLad","stomata-franks_liang_2022a.xlsx#leaf gas-exchange_Franks!AW13",
14,"N_eGCLad","stomata-franks_liang_2022a.xlsx#leaf gas-exchange_Franks!AX13",
14,"GCWab","stomata-franks_liang_2022a.xlsx#leaf gas-exchange_Franks!AY13",
14,"eGCWab","stomata-franks_liang_2022a.xlsx#leaf gas-exchange_Franks!AZ13",
14,"N_eGCWab","stomata-franks_liang_2022a.xlsx#leaf gas-exchange_Franks!BA13",
14,"GCWad","stomata-franks_liang_2022a.xlsx#leaf gas-exchange_Franks!BB13",
14,"eGCWad","stomata-franks_liang_2022a.xlsx#leaf gas-exchange_Franks!BC13",
14,"N_eGCWad","stomata-franks_liang_2022a.xlsx#leaf gas-exchange_Franks!BD13",
14,"d13Cp","stomata-franks_liang_2022a.xlsx#leaf gas-exchange_Franks!BE13",
14,"ed13Cp","stomata-franks_liang_2022a.xlsx#leaf gas-exchange_Franks!BF13",
14,"N_ed13Cp","stomata-franks_liang_2022a.xlsx#leaf gas-exchange_Franks!BG13",
14,"dv","stomata-franks_liang_2022a.xlsx#leaf gas-exchange_Franks!CL13",
14,"A0","stomata-franks_liang_2022a.xlsx#leaf gas-exchange_Franks!BL13",
14,"eA0","stomata-franks_liang_2022a.xlsx#leaf gas-exchange_Franks!BM13",
14,"N_eA0","stomata-franks_liang_2022a.xlsx#leaf gas-exchange_Franks!BN13",
14,"CiCa0","stomata-franks_liang_2022a.xlsx#leaf gas-exchange_Franks!BO13",
14,"eCiCa0","stomata-franks_liang_2022a.xlsx#leaf gas-exchange_Franks!BP13",
14,"N_eCiCa0","stomata-franks_liang_2022a.xlsx#leaf gas-exchange_Franks!BQ13",
14,"gb","stomata-franks_liang_2022a.xlsx#leaf gas-exchange_Franks!BR13",
14,"egb","stomata-franks_liang_2022a.xlsx#leaf gas-exchange_Franks!BS13",
14,"N_egb","stomata-franks_liang_2022a.xlsx#leaf gas-exchange_Franks!BT13",
14,"s1","stomata-franks_liang_2022a.xlsx#leaf gas-exchange_Franks!BU13",
14,"es1","stomata-franks_liang_2022a.xlsx#leaf gas-exchange_Franks!BV13",
14,"N_es1","stomata-franks_liang_2022a.xlsx#leaf gas-exchange_Franks!BW13",
14,"s2","stomata-franks_liang_2022a.xlsx#leaf gas-exchange_Franks!BX13",
14,"es2","stomata-franks_liang_2022a.xlsx#leaf gas-exchange_Franks!BY13",
14,"N_es2","stomata-franks_liang_2022a.xlsx#leaf gas-exchange_Franks!BZ13",
14,"s3","stomata-franks_liang_2022a.xlsx#leaf gas-exchange_Franks!CA13",
14,"es3","stomata-franks_liang_2022a.xlsx#leaf gas-exchange_Franks!CB13",
14,"N_es3","stomata-franks_liang_2022a.xlsx#leaf gas-exchange_Franks!CC13",
14,"s4","stomata-franks_liang_2022a.xlsx#leaf gas-exchange_Franks!CD13",
14,"es4","stomata-franks_liang_2022a.xlsx#leaf gas-exchange_Franks!CE13",
14,"N_es4","stomata-franks_liang_2022a.xlsx#leaf gas-exchange_Franks!CF13",
14,"s5","stomata-franks_liang_2022a.xlsx#leaf gas-exchange_Franks!CG13",
14,"es5","stomata-franks_liang_2022a.xlsx#leaf gas-exchange_Franks!CH13",
14,"N_es5","stomata-franks_liang_2022a.xlsx#leaf gas-exchange_Franks!CI13",
15,"doi","stomata-sd_liang_2022a_p1.0.xlsx#stomatal index!F2",
15,"lat","stomata-sd_liang_2022a_p1.0.xlsx#stomatal index!AM2",
15,"lon","stomata-sd_liang_2022a_p1.0.xlsx#stomatal index!AN2",
15,"age_mean","stomata-sd_liang_2022a_p1.0.xlsx#stomatal index!AH2",
15,"age_min","stomata-sd_liang_2022a_p1.0.xlsx#stomatal index!AJ2",
15,"age_max","stomata-sd_liang_2022a_p1.0.xlsx#stomatal index!AI2",
15,"age_notes","stomata-sd_liang_2022a_p1.0.xlsx#stomatal index!AL2",
15,"family","stomata-sd_liang_2022a_p1.0.xlsx#stomatal index!AB2",
15,"genus","stomata-sd_liang_2022a_p1.0.xlsx#stomatal index!AC2",
15,"Dab","stomata-sd_liang_2022a_p1.0.xlsx#stomatal index!AW2","mm^-2 to m^-2: multiply by 1e6"
15,"eDab","stomata-sd_liang_2022a_p1.0.xlsx#stomatal index!AY2","mm^-2 to m^-2: multiply by 1e6"
15,"N_eDab","stomata-sd_liang_2022a_p1.0.xlsx#stomatal index!AW2; stomata-sd_liang_2022a_p1.0.xlsx#stomatal index!AR2",
16,"sample","stomata-franks_liang_2022b.xlsx#leaf gas-exchange_Franks!O4",
16,"doi","stomata-franks_liang_2022b.xlsx#leaf gas-exchange_Franks!D4",
16,"age_mean","stomata-franks_liang_2022b.xlsx#leaf gas-exchange_Franks!V4",
16,"age_min","stomata-franks_liang_2022b.xlsx#leaf gas-exchange_Franks!X4",
16,"age_max","stomata-franks_liang_2022b.xlsx#leaf gas-exchange_Franks!W4",
16,"age_notes","stomata-franks_liang_2022b.xlsx#leaf gas-exchange_Franks!Z4",
16,"family","stomata-franks_liang_2022b.xlsx#leaf gas-exchange_Franks!P4",
16,"genus","stomata-franks_liang_2022b.xlsx#leaf gas-exchange_Franks!Q4",
16,"Dab","stomata-franks_liang_2022b.xlsx#leaf gas-exchange_Franks!AM4",
16,"eDab","stomata-franks_liang_2022b.xlsx#leaf gas-exchange_Franks!AN4",
16,"N_eDab","stomata-franks_liang_2022b.xlsx#leaf gas-exchange_Franks!AO4",
16,"Dad","stomata-franks_liang_2022b.xlsx#leaf gas-exchange_Franks!AP4",
16,"eDad","stomata-franks_liang_2022b.xlsx#leaf gas-exchange_Franks!AQ4",
16,"N_eDad","stomata-franks_liang_2022b.xlsx#leaf gas-exchange_Franks!AR4",
16,"GCLab","stomata-franks_liang_2022b.xlsx#leaf gas-exchange_Franks!AS4",
16,"eGCLab","stomata-franks_liang_2022b.xlsx#leaf gas-exchange_Franks!AT4",
16,"N_eGCLab","stomata-franks_liang_2022b.xlsx#leaf gas-exchange_Franks!AU4",
16,"GCLad","stomata-franks_liang_2022b.xlsx#leaf gas-exchange_Franks!AV4",
16,"eGCLad","stomata-franks_liang_2022b.xlsx#leaf gas-exchange_Franks!AW4",
16,"N_eGCLad","stomata-franks_liang_2022b.xlsx#leaf gas-exchange_Franks!AX4",
16,"GCWab","stomata-franks_liang_2022b.xlsx#leaf gas-exchange_Franks!AY4",
16,"eGCWab","stomata-franks_liang_2022b.xlsx#leaf gas-exchange_Franks!AZ4",
16,"N_eGCWab","stomata-franks_liang_2022b.xlsx#leaf gas-exchange_Franks!BA4",
16,"GCWad","stomata-franks_liang_2022b.xlsx#leaf gas-exchange_Franks!BB4",
16,"eGCWad","stomata-franks_liang_2022b.xlsx#leaf gas-exchange_Franks!BC4",
16,"N_eGCWad","stomata-franks_liang_2022b.xlsx#leaf gas-exchange_Franks!BD4",
16,"d13Cp","stomata-franks_liang_2022b.xlsx#leaf gas-exchange_Franks!BE4",
16,"ed13Cp","stomata-franks_liang_2022b.xlsx#leaf gas-exchange_Franks!BF4",
16,"N_ed13Cp","stomata-franks_liang_2022b.xlsx#leaf gas-exchange_Franks!BG4",
16,"dv","stomata-franks_liang_2022b.xlsx#leaf gas-exchange_Franks!CL4",
16,"A0","stomata-franks_liang_2022b.xlsx#leaf gas-exchange_Franks!BL4",
16,"eA0","stomata-franks_liang_2022b.xlsx#leaf gas-exchange_Franks!BM4",
16,"N_eA0","stomata-franks_liang_2022b.xlsx#leaf gas-exchange_Franks!BN4",
16,"CiCa0","stomata-franks_liang_2022b.xlsx#leaf gas-exchange_Franks!BO4",
16,"eCiCa0","stomata-franks_liang_2022b.xlsx#leaf gas-exchange_Franks!BP4",
16,"N_eCiCa0","stomata-franks_liang_2022b.xlsx#leaf gas-exchange_Franks!BQ4",
16,"gb","stomata-franks_liang_2022b.xlsx#leaf gas-exchange_Franks!BR4",
16,"egb","stomata-franks_liang_2022b.xlsx#leaf gas-exchange_Franks!BS4",
16,"N_egb","stomata-franks_liang_2022b.xlsx#leaf gas-exchange_Franks!BT4",
16,"s1","stomata-franks_liang_2022b.xlsx#leaf gas-exchange_Franks!BU4",
16,"es1","stomata-franks_liang_2022b.xlsx#leaf gas-exchange_Franks!BV4",
16,"N_es1","stomata-franks_liang_2022b.xlsx#leaf gas-exchange_Franks!BW4",
16,"s2","stomata-franks_liang_2022b.xlsx#leaf gas-exchange_Franks!BX4",
16,"es2","stomata-franks_liang_2022b.xlsx#leaf gas-exchange_Franks!BY4",
16,"N_es2","stomata-franks_liang_2022b.xlsx#leaf gas-exchange_Franks!BZ4",
16,"s3","stomata-franks_liang_2022b.xlsx#leaf gas-exchange_Franks!CA4",
16,"es3","stomata-franks_liang_2022b.xlsx#leaf gas-exchange_Franks!CB4",
16,"N_es3","stomata-franks_liang_2022b.xlsx#leaf gas-exchange_Franks!CC4",
16,"s4","stomata-franks_liang_2022b.xlsx#leaf gas-exchange_Franks!CD4",
16,"es4","stomata-franks_liang_2022b.xlsx#leaf gas-exchange_Franks!CE4",
16,"N_es4","stomata-franks_liang_2022b.xlsx#leaf gas-exchange_Franks!CF4",
16,"s5","stomata-franks_liang_2022b.xlsx#leaf gas-exchange_Franks!CG4",
16,"es5","stomata-franks_liang_2022b.xlsx#leaf gas-exchange_Franks!CH4",
16,"N_es5","stomata-franks_liang_2022b.xlsx#leaf gas-exchange_Franks!CI4",
17,"sample","stomata-franks_liang_2022b.xlsx#leaf gas-exchange_Franks!O5",
17,"doi","stomata-franks_liang_2022b.xlsx#leaf gas-exchange_Franks!D5",
17,"age_mean","stomata-franks_liang_2022b.xlsx#leaf gas-exchange_Franks!V5",
17,"age_min","stomata-franks_liang_2022b.xlsx#leaf gas-exchange_Franks!X5",
17,"age_max","stomata-franks_liang_2022b.xlsx#leaf gas-exchange_Franks!W5",
17,"age_notes","stomata-franks_liang_2022b.xlsx#leaf gas-exchange_Franks!Z5",
17,"family","stomata-franks_liang_2022b.xlsx#leaf gas-exchange_Franks!P5",
17,"genus","stomata-franks_liang_2022b.xlsx#leaf gas-exchange_Franks!Q5",
17,"Dab","stomata-franks_liang_2022b.xlsx#leaf gas-exchange_Franks!AM5",
17,"eDab","stomata-franks_liang_2022b.xlsx#leaf gas-exchange_Franks!AN5",
17,"N_eDab","stomata-franks_liang_2022b.xlsx#leaf gas-exchange_Franks!AO5",
17,"Dad","stomata-franks_liang_2022b.xlsx#leaf gas-exchange_Franks!AP5",
17,"eDad","stomata-franks_liang_2022b.xlsx#leaf gas-exchange_Franks!AQ5",
17,"N_eDad","stomata-franks_liang_2022b.xlsx#leaf gas-exchange_Franks!AR5",
17,"GCLab","stomata-franks_liang_2022b.xlsx#leaf gas-exchange_Franks!AS5",
17,"eGCLab","stomata-franks_liang_2022b.xlsx#leaf gas-exchange_Franks!AT5",
17,"N_eGCLab","stomata-franks_liang_2022b.xlsx#leaf gas-exchange_Franks!AU5",
17,"GCLad","stomata-franks_liang_2022b.xlsx#leaf gas-exchange_Franks!AV5",
17,"eGCLad","stomata-franks_liang_2022b.xlsx#leaf gas-exchange_Franks!AW5",
17,"N_eGCLad","stomata-franks_liang_2022b.xlsx#leaf gas-exchange_Franks!AX5",
17,"GCWab","stomata-franks_liang_2022b.xlsx#leaf gas-exchange_Franks!AY5",
17,"eGCWab","stomata-franks_liang_2022b.xlsx#leaf gas-exchange_Franks!AZ5",
17,"N_eGCWab","stomata-franks_liang_2022b.xlsx#leaf gas-exchange_Franks!BA5",
17,"GCWad","stomata-franks_liang_2022b.xlsx#leaf gas-exchange_Franks!BB5",
17,"eGCWad","stomata-franks_liang_2022b.xlsx#leaf gas-exchange_Franks!BC5",
17,"N_eGCWad","stomata-franks_liang_2022b.xlsx#leaf gas-exchange_Franks!BD5",
17,"d13Cp","stomata-franks_liang_2022b.xlsx#leaf gas-exchange_Franks!BE5",
17,"ed13Cp","stomata-franks_liang_2022b.xlsx#leaf gas-exchange_Franks!BF5",
17,"N_ed13Cp","stomata-franks_liang_2022b.xlsx#leaf gas-exchange_Franks!BG5",
17,"dv","stomata-franks_liang_2022b.xlsx#leaf gas-exchange_Franks!CL5",
17,"A0","stomata-franks_liang_2022b.xlsx#leaf gas-exchange_Franks!BL5",
17,"eA0","stomata-franks_liang_2022b.xlsx#leaf gas-exchange_Franks!BM5",
17,"N_eA0","stomata-franks_liang_2022b.xlsx#leaf gas-exchange_Franks!BN5",
17,"CiCa0","stomata-franks_liang_2022b.xlsx#leaf gas-exchange_Franks!BO5",
17,"eCiCa0","stomata-franks_liang_2022b.xlsx#leaf gas-exchange_Franks!BP5",
17,"N_eCiCa0","stomata-franks_liang_2022b.xlsx#leaf gas-exchange_Franks!BQ5",
17,"gb","stomata-franks_liang_2022b.xlsx#leaf gas-exchange_Franks!BR5",
17,"egb","stomata-franks_liang_2022b.xlsx#leaf gas-exchange_Franks!BS5",
17,"N_egb","stomata-franks_liang_2022b.xlsx#leaf gas-exchange_Franks!BT5",
17,"s1","stomata-franks_liang_2022b.xlsx#leaf gas-exchange_Franks!BU5",
17,"es1","stomata-franks_liang_2022b.xlsx#leaf gas-exchange_Franks!BV5",
17,"N_es1","stomata-franks_liang_2022b.xlsx#leaf gas-exchange_Franks!BW5",
17,"s2","stomata-franks_liang_2022b.xlsx#leaf gas-exchange_Franks!BX5",
17,"es2","stomata-franks_liang_2022b.xlsx#leaf gas-exchange_Franks!BY5",
17,"N_es2","stomata-franks_liang_2022b.xlsx#leaf gas-exchange_Franks!BZ5",
17,"s3","stomata-franks_liang_2022b.xlsx#leaf gas-exchange_Franks!CA5",
17,"es3","stomata-franks_liang_2022b.xlsx#leaf gas-exchange_Franks!CB5",
17,"N_es3","stomata-franks_liang_2022b.xlsx#leaf gas-exchange_Franks!CC5",
17,"s4","stomata-franks_liang_2022b.xlsx#leaf gas-exchange_Franks!CD5",
17,"es4","stomata-franks_liang_2022b.xlsx#leaf gas-exchange_Franks!CE5",
17,"N_es4","stomata-franks_liang_2022b.xlsx#leaf gas-exchange_Franks!CF5",
17,"s5","stomata-franks_liang_2022b.xlsx#leaf gas-exchange_Franks!CG5",
17,"es5","stomata-franks_liang_2022b.xlsx#leaf gas-exchange_Franks!CH5",
17,"N_es5","stomata-franks_liang_2022b.xlsx#leaf gas-exchange_Franks!CI5",
18,"sample","stomata-franks_liang_2022b.xlsx#leaf gas-exchange_Franks!O6",
18,"doi","stomata-franks_liang_2022b.xlsx#leaf gas-exchange_Franks!D6",
18,"age_mean","stomata-franks_liang_2022b.xlsx#leaf gas-exchange_Franks!V6",
18,"age_min","stomata-franks_liang_2022b.xlsx#leaf gas-exchange_Franks!X6",
18,"age_max","stomata-franks_liang_2022b.xlsx#leaf gas-exchange_Franks!W6",
18,"age_notes","stomata-franks_liang_2022b.xlsx#leaf gas-exchange_Franks!Z6",
18,"family","stomata-franks_liang_2022b.xlsx#leaf gas-exchange_Franks!P6",
18,"genus","stomata-franks_liang_2022b.xlsx#leaf gas-exchange_Franks!Q6",
18,"Dab","stomata-franks_liang_2022b.xlsx#leaf gas-exchange_Franks!AM6",
18,"eDab","stomata-franks_liang_2022b.xlsx#leaf gas-exchange_Franks!AN6",
18,"N_eDab","stomata-franks_liang_2022b.xlsx#leaf gas-exchange_Franks!AO6",
18,"Dad","stomata-franks_liang_2022b.xlsx#leaf gas-exchange_Franks!AP6",
18,"eDad","stomata-franks_liang_2022b.xlsx#leaf gas-exchange_Franks!AQ6",
18,"N_eDad","stomata-franks_liang_2022b.xlsx#leaf gas-exchange_Franks!AR6",
18,"GCLab","stomata-franks_liang_2022b.xlsx#leaf gas-exchange_Franks!AS6",
18,"eGCLab","stomata-franks_liang_2022b.xlsx#leaf gas-exchange_Franks!AT6",
18,"N_eGCLab","stomata-franks_liang_2022b.xlsx#leaf gas-exchange_Franks!AU6",
18,"GCLad","stomata-franks_liang_2022b.xlsx#leaf gas-exchange_Franks!AV6",
18,"eGCLad","stomata-franks_liang_2022b.xlsx#leaf gas-exchange_Franks!AW6",
18,"N_eGCLad","stomata-franks_liang_2022b.xlsx#leaf gas-exchange_Franks!AX6",
18,"GCWab","stomata-franks_liang_2022b.xlsx#leaf gas-exchange_Franks!AY6",
18,"eGCWab","stomata-franks_liang_2022b.xlsx#leaf gas-exchange_Franks!AZ6",
18,"N_eGCWab","stomata-franks_liang_2022b.xlsx#leaf gas-exchange_Franks!BA6",
18,"GCWad","stomata-franks_liang_2022b.xlsx#leaf gas-exchange_Franks!BB6",
18,"eGCWad","stomata-franks_liang_2022b.xlsx#leaf gas-exchange_Franks!BC6",
18,"N_eGCWad","stomata-franks_liang_2022b.xlsx#leaf gas-exchange_Franks!BD6",
18,"d13Cp","stomata-franks_liang_2022b.xlsx#leaf gas-exchange_Franks!BE6",
18,"ed13Cp","stomata-franks_liang_2022b.xlsx#leaf gas-exchange_Franks!BF6",
18,"N_ed13Cp","stomata-franks_liang_2022b.xlsx#leaf gas-exchange_Franks!BG6",
18,"dv","stomata-franks_liang_2022b.xlsx#leaf gas-exchange_Franks!CL6",
18,"A0","stomata-franks_liang_2022b.xlsx#leaf gas-exchange_Franks!BL6",
18,"eA0","stomata-franks_liang_2022b.xlsx#leaf gas-exchange_Franks!BM6",
18,"N_eA0","stomata-franks_liang_2022b.xlsx#leaf gas-exchange_Franks!BN6",
18,"CiCa0","stomata-franks_liang_2022b.xlsx#leaf gas-exchange_Franks!BO6",
18,"eCiCa0","stomata-franks_liang_2022b.xlsx#leaf gas-exchange_Franks!BP6",
18,"N_eCiCa0","stomata-franks_liang_2022b.xlsx#leaf gas-exchange_Franks!BQ6",
18,"gb","stomata-franks_liang_2022b.xlsx#leaf gas-exchange_Franks!BR6",
18,"egb","stomata-franks_liang_2022b.xlsx#leaf gas-exchange_Franks!BS6",
18,"N_egb","stomata-franks_liang_2022b.xlsx#leaf gas-exchange_Franks!BT6",
18,"s1","stomata-franks_liang_2022b.xlsx#leaf gas-exchange_Franks!BU6",
18,"es1","stomata-franks_liang_2022b.xlsx#leaf gas-exchange_Franks!BV6",
18,"N_es1","stomata-franks_liang_2022b.xlsx#leaf gas-exchange_Franks!BW6",
18,"s2","stomata-franks_liang_2022b.xlsx#leaf gas-exchange_Franks!BX6",
18,"es2","stomata-franks_liang_2022b.xlsx#leaf gas-exchange_Franks!BY6",
18,"N_es2","stomata-franks_liang_2022b.xlsx#leaf gas-exchange_Franks!BZ6",
18,"s3","stomata-franks_liang_2022b.xlsx#leaf gas-exchange_Franks!CA6",
18,"es3","stomata-franks_liang_2022b.xlsx#leaf gas-exchange_Franks!CB6",
18,"N_es3","stomata-franks_liang_2022b.xlsx#leaf gas-exchange_Franks!CC6",
18,"s4","stomata-franks_liang_2022b.xlsx#leaf gas-exchange_Franks!CD6",
18,"es4","stomata-franks_liang_2022b.xlsx#leaf gas-exchange_Franks!CE6",
18,"N_es4","stomata-franks_liang_2022b.xlsx#leaf gas-exchange_Franks!CF6",
18,"s5","stomata-franks_liang_2022b.xlsx#leaf gas-exchange_Franks!CG6",
18,"es5","stomata-franks_liang_2022b.xlsx#leaf gas-exchange_Franks!CH6",
18,"N_es5","stomata-franks_liang_2022b.xlsx#leaf gas-exchange_Franks!CI6",
19,"sample","stomata-franks_liang_2022b.xlsx#leaf gas-exchange_Franks!O7",
19,"doi","stomata-franks_liang_2022b.xlsx#leaf gas-exchange_Franks!D7",
19,"age_mean","stomata-franks_liang_2022b.xlsx#leaf gas-exchange_Franks!V7",
19,"age_min","stomata-franks_liang_2022b.xlsx#leaf gas-exchange_Franks!X7",
19,"age_max","stomata-franks_liang_2022b.xlsx#leaf gas-exchange_Franks!W7",
19,"age_notes","stomata-franks_liang_2022b.xlsx#leaf gas-exchange_Franks!Z7",
19,"family","stomata-franks_liang_2022b.xlsx#leaf gas-exchange_Franks!P7",
19,"genus","stomata-franks_liang_2022b.xlsx#leaf gas-exchange_Franks!Q7",
19,"Dab","stomata-franks_liang_2022b.xlsx#leaf gas-exchange_Franks!AM7",
19,"eDab","stomata-franks_liang_2022b.xlsx#leaf gas-exchange_Franks!AN7",
19,"N_eDab","stomata-franks_liang_2022b.xlsx#leaf gas-exchange_Franks!AO7",
19,"Dad","stomata-franks_liang_2022b.xlsx#leaf gas-exchange_Franks!AP7",
19,"eDad","stomata-franks_liang_2022b.xlsx#leaf gas-exchange_Franks!AQ7",
19,"N_eDad","stomata-franks_liang_2022b.xlsx#leaf gas-exchange_Franks!AR7",
19,"GCLab","stomata-franks_liang_2022b.xlsx#leaf gas-exchange_Franks!AS7",
19,"eGCLab","stomata-franks_liang_2022b.xlsx#leaf gas-exchange_Franks!AT7",
19,"N_eGCLab","stomata-franks_liang_2022b.xlsx#leaf gas-exchange_Franks!AU7",
19,"GCLad","stomata-franks_liang_2022b.xlsx#leaf gas-exchange_Franks!AV7",
19,"eGCLad","stomata-franks_liang_2022b.xlsx#leaf gas-exchange_Franks!AW7",
19,"N_eGCLad","stomata-franks_liang_2022b.xlsx#leaf gas-exchange_Franks!AX7",
19,"GCWab","stomata-franks_liang_2022b.xlsx#leaf gas-exchange_Franks!AY7",
19,"eGCWab","stomata-franks_liang_2022b.xlsx#leaf gas-exchange_Franks!AZ7",
19,"N_eGCWab","stomata-franks_liang_2022b.xlsx#leaf gas-exchange_Franks!BA7",
19,"GCWad","stomata-franks_liang_2022b.xlsx#leaf gas-exchange_Franks!BB7",
19,"eGCWad","stomata-franks_liang_2022b.xlsx#leaf gas-exchange_Franks!BC7",
19,"N_eGCWad","stomata-franks_liang_2022b.xlsx#leaf gas-exchange_Franks!BD7",
19,"d13Cp","stomata-franks_liang_2022b.xlsx#leaf gas-exchange_Franks!BE7",
19,"ed13Cp","stomata-franks_liang_2022b.xlsx#leaf gas-exchange_Franks!BF7",
19,"N_ed13Cp","stomata-franks_liang_2022b.xlsx#leaf gas-exchange_Franks!BG7",
19,"dv","stomata-franks_liang_2022b.xlsx#leaf gas-exchange_Franks!CL7",
19,"A0","stomata-franks_liang_2022b.xlsx#leaf gas-exchange_Franks!BL7",
19,"eA0","stomata-franks_liang_2022b.xlsx#leaf gas-exchange_Franks!BM7",
19,"N_eA0","stomata-franks_liang_2022b.xlsx#leaf gas-exchange_Franks!BN7",
19,"CiCa0","stomata-franks_liang_2022b.xlsx#leaf gas-exchange_Franks!BO7",
19,"eCiCa0","stomata-franks_liang_2022b.xlsx#leaf gas-exchange_Franks!BP7",
19,"N_eCiCa0","stomata-franks_liang_2022b.xlsx#leaf gas-exchange_Franks!BQ7",
19,"gb","stomata-franks_liang_2022b.xlsx#leaf gas-exchange_Franks!BR7",
19,"egb","stomata-franks_liang_2022b.xlsx#leaf gas-exchange_Franks!BS7",
19,"N_egb","stomata-franks_liang_2022b.xlsx#leaf gas-exchange_Franks!BT7",
19,"s1","stomata-franks_liang_2022b.xlsx#leaf gas-exchange_Franks!BU7",
19,"es1","stomata-franks_liang_2022b.xlsx#leaf gas-exchange_Franks!BV7",
19,"N_es1","stomata-franks_liang_2022b.xlsx#leaf gas-exchange_Franks!BW7",
19,"s2","stomata-franks_liang_2022b.xlsx#leaf gas-exchange_Franks!BX7",
19,"es2","stomata-franks_liang_2022b.xlsx#leaf gas-exchange_Franks!BY7",
19,"N_es2","stomata-franks_liang_2022b.xlsx#leaf gas-exchange_Franks!BZ7",
19,"s3","stomata-franks_liang_2022b.xlsx#leaf gas-exchange_Franks!CA7",
19,"es3","stomata-franks_liang_2022b.xlsx#leaf gas-exchange_Franks!CB7",
19,"N_es3","stomata-franks_liang_2022b.xlsx#leaf gas-exchange_Franks!CC7",
19,"s4","stomata-franks_liang_2022b.xlsx#leaf gas-exchange_Franks!CD7",
19,"es4","stomata-franks_liang_2022b.xlsx#leaf gas-exchange_Franks!CE7",
19,"N_es4","stomata-franks_liang_2022b.xlsx#leaf gas-exchange_Franks!CF7",
19,"s5","stomata-franks_liang_2022b.xlsx#leaf gas-exchange_Franks!CG7",
19,"es5","stomata-franks_liang_2022b.xlsx#leaf gas-exchange_Franks!CH7",
19,"N_es5","stomata-franks_liang_2022b.xlsx#leaf gas-exchange_Franks!CI7",
20,"sample","stomata-franks_liang_2022b.xlsx#leaf gas-exchange_Franks!O8",
20,"doi","stomata-franks_liang_2022b.xlsx#leaf gas-exchange_Franks!D8",
20,"age_mean","stomata-franks_liang_2022b.xlsx#leaf gas-exchange_Franks!V8",
20,"age_min","stomata-franks_liang_2022b.xlsx#leaf gas-exchange_Franks!X8",
20,"age_max","stomata-franks_liang_2022b.xlsx#leaf gas-exchange_Franks!W8",
20,"age_notes","stomata-franks_liang_2022b.xlsx#leaf gas-exchange_Franks!Z8",
20,"family","stomata-franks_liang_2022b.xlsx#leaf gas-exchange_Franks!P8",
20,"genus","stomata-franks_liang_2022b.xlsx#leaf gas-exchange_Franks!Q8",
20,"Dab","stomata-franks_liang_2022b.xlsx#leaf gas-exchange_Franks!AM8",
20,"eDab","stomata-franks_liang_2022b.xlsx#leaf gas-exchange_Franks!AN8",
20,"N_eDab","stomata-franks_liang_2022b.xlsx#leaf gas-exchange_Franks!AO8",
20,"Dad","stomata-franks_liang_2022b.xlsx#leaf gas-exchange_Franks!AP8",
20,"eDad","stomata-franks_liang_2022b.xlsx#leaf gas-exchange_Franks!AQ8",
20,"N_eDad","stomata-franks_liang_2022b.xlsx#leaf gas-exchange_Franks!AR8",
20,"GCLab","stomata-franks_liang_2022b.xlsx#leaf gas-exchange_Franks!AS8",
20,"eGCLab","stomata-franks_liang_2022b.xlsx#leaf gas-exchange_Franks!AT8",
20,"N_eGCLab","stomata-franks_liang_2022b.xlsx#leaf gas-exchange_Franks!AU8",
20,"GCLad","stomata-franks_liang_2022b.xlsx#leaf gas-exchange_Franks!AV8",
20,"eGCLad","stomata-franks_liang_2022b.xlsx#leaf gas-exchange_Franks!AW8",
20,"N_eGCLad","stomata-franks_liang_2022b.xlsx#leaf gas-exchange_Franks!AX8",
20,"GCWab","stomata-franks_liang_2022b.xlsx#leaf gas-exchange_Franks!AY8",
20,"eGCWab","stomata-franks_liang_2022b.xlsx#leaf gas-exchange_Franks!AZ8",
20,"N_eGCWab","stomata-franks_liang_2022b.xlsx#leaf gas-exchange_Franks!BA8",
20,"GCWad","stomata-franks_liang_2022b.xlsx#leaf gas-exchange_Franks!BB8",
20,"eGCWad","stomata-franks_liang_2022b.xlsx#leaf gas-exchange_Franks!BC8",
20,"N_eGCWad","stomata-franks_liang_2022b.xlsx#leaf gas-exchange_Franks!BD8",
20,"d13Cp","stomata-franks_liang_2022b.xlsx#leaf gas-exchange_Franks!BE8",
20,"ed13Cp","stomata-franks_liang_2022b.xlsx#leaf gas-exchange_Franks!BF8",
20,"N_ed13Cp","stomata-franks_liang_2022b.xlsx#leaf gas-exchange_Franks!BG8",
20,"dv","stomata-franks_liang_2022b.xlsx#leaf gas-exchange_Franks!CL8",
20,"A0","stomata-franks_liang_2022b.xlsx#leaf gas-exchange_Franks!BL8",
20,"eA0","stomata-franks_liang_2022b.xlsx#leaf gas-exchange_Franks!BM8",
20,"N_eA0","stomata-franks_liang_2022b.xlsx#leaf gas-exchange_Franks!BN8",
20,"CiCa0","stomata-franks_liang_2022b.xlsx#leaf gas-exchange_Franks!BO8",
20,"eCiCa0","stomata-franks_liang_2022b.xlsx#leaf gas-exchange_Franks!BP8",
20,"N_eCiCa0","stomata-franks_liang_2022b.xlsx#leaf gas-exchange_Franks!BQ8",
20,"gb","stomata-franks_liang_2022b.xlsx#leaf gas-exchange_Franks!BR8",
20,"egb","stomata-franks_liang_2022b.xlsx#leaf gas-exchange_Franks!BS8",
20,"N_egb","stomata-franks_liang_2022b.xlsx#leaf gas-exchange_Franks!BT8",
20,"s1","stomata-franks_liang_2022b.xlsx#leaf gas-exchange_Franks!BU8",
20,"es1","stomata-franks_liang_2022b.xlsx#leaf gas-exchange_Franks!BV8",
20,"N_es1","stomata-franks_liang_2022b.xlsx#leaf gas-exchange_Franks!BW8",
20,"s2","stomata-franks_liang_2022b.xlsx#leaf gas-exchange_Franks!BX8",
20,"es2","stomata-franks_liang_2022b.xlsx#leaf gas-exchange_Franks!BY8",
20,"N_es2","stomata-franks_liang_2022b.xlsx#leaf gas-exchange_Franks!BZ8",
20,"s3","stomata-franks_liang_2022b.xlsx#leaf gas-exchange_Franks!CA8",
20,"es3","stomata-franks_liang_2022b.xlsx#leaf gas-exchange_Franks!CB8",
20,"N_es3","stomata-franks_liang_2022b.xlsx#leaf gas-exchange_Franks!CC8",
20,"s4","stomata-franks_liang_2022b.xlsx#leaf gas-exchange_Franks!CD8",
20,"es4","stomata-franks_liang_2022b.xlsx#leaf gas-exchange_Franks!CE8",
20,"N_es4","stomata-franks_liang_2022b.xlsx#leaf gas-exchange_Franks!CF8",
20,"s5","stomata-franks_liang_2022b.xlsx#leaf gas-exchange_Franks!CG8",
20,"es5","stomata-franks_liang_2022b.xlsx#leaf gas-exchange_Franks!CH8",
20,"N_es5","stomata-franks_liang_2022b.xlsx#leaf gas-exchange_Franks!CI8",
21,"sample","stomata-franks_liang_2022b.xlsx#leaf gas-exchange_Franks!O9",
21,"doi","stomata-franks_liang_2022b.xlsx#leaf gas-exchange_Franks!D9",
21,"age_mean","stomata-franks_liang_2022b.xlsx#leaf gas-exchange_Franks!V9",
21,"age_min","stomata-franks_liang_2022b.xlsx#leaf gas-exchange_Franks!X9",
21,"age_max","stomata-franks_liang_2022b.xlsx#leaf gas-exchange_Franks!W9",
21,"age_notes","stomata-franks_liang_2022b.xlsx#leaf gas-exchange_Franks!Z9",
21,"family","stomata-franks_liang_2022b.xlsx#leaf gas-exchange_Franks!P9",
21,"genus","stomata-franks_liang_2022b.xlsx#leaf gas-exchange_Franks!Q9",
21,"Dab","stomata-franks_liang_2022b.xlsx#leaf gas-exchange_Franks!AM9",
21,"eDab","stomata-franks_liang_2022b.xlsx#leaf gas-exchange_Franks!AN9",
21,"N_eDab","stomata-franks_liang_2022b.xlsx#leaf gas-exchange_Franks!AO9",
21,"Dad","stomata-franks_liang_2022b.xlsx#leaf gas-exchange_Franks!AP9",
21,"eDad","stomata-franks_liang_2022b.xlsx#leaf gas-exchange_Franks!AQ9",
21,"N_eDad","stomata-franks_liang_2022b.xlsx#leaf gas-exchange_Franks!AR9",
21,"GCLab","stomata-franks_liang_2022b.xlsx#leaf gas-exchange_Franks!AS9",
21,"eGCLab","stomata-franks_liang_2022b.xlsx#leaf gas-exchange_Franks!AT9",
21,"N_eGCLab","stomata-franks_liang_2022b.xlsx#leaf gas-exchange_Franks!AU9",
21,"GCLad","stomata-franks_liang_2022b.xlsx#leaf gas-exchange_Franks!AV9",
21,"eGCLad","stomata-franks_liang_2022b.xlsx#leaf gas-exchange_Franks!AW9",
21,"N_eGCLad","stomata-franks_liang_2022b.xlsx#leaf gas-exchange_Franks!AX9",
21,"GCWab","stomata-franks_liang_2022b.xlsx#leaf gas-exchange_Franks!AY9",
21,"eGCWab","stomata-franks_liang_2022b.xlsx#leaf gas-exchange_Franks!AZ9",
21,"N_eGCWab","stomata-franks_liang_2022b.xlsx#leaf gas-exchange_Franks!BA9",
21,"GCWad","stomata-franks_liang_2022b.xlsx#leaf gas-exchange_Franks!BB9",
21,"eGCWad","stomata-franks_liang_2022b.xlsx#leaf gas-exchange_Franks!BC9",
21,"N_eGCWad","stomata-franks_liang_2022b.xlsx#leaf gas-exchange_Franks!BD9",
21,"d13Cp","stomata-franks_liang_2022b.xlsx#leaf gas-exchange_Franks!BE9",
21,"ed13Cp","stomata-franks_liang_2022b.xlsx#leaf gas-exchange_Franks!BF9",
21,"N_ed13Cp","stomata-franks_liang_2022b.xlsx#leaf gas-exchange_Franks!BG9",
21,"dv","stomata-franks_liang_2022b.xlsx#leaf gas-exchange_Franks!CL9",
21,"A0","stomata-franks_liang_2022b.xlsx#leaf gas-exchange_Franks!BL9",
21,"eA0","stomata-franks_liang_2022b.xlsx#leaf gas-exchange_Franks!BM9",
21,"N_eA0","stomata-franks_liang_2022b.xlsx#leaf gas-exchange_Franks!BN9",
21,"CiCa0","stomata-franks_liang_2022b.xlsx#leaf gas-exchange_Franks!BO9",
21,"eCiCa0","stomata-franks_liang_2022b.xlsx#leaf gas-exchange_Franks!BP9",
21,"N_eCiCa0","stomata-franks_liang_2022b.xlsx#leaf gas-exchange_Franks!BQ9",
21,"gb","stomata-franks_liang_2022b.xlsx#leaf gas-exchange_Franks!BR9",
21,"egb","stomata-franks_liang_2022b.xlsx#leaf gas-exchange_Franks!BS9",
21,"N_egb","stomata-franks_liang_2022b.xlsx#leaf gas-exchange_Franks!BT9",
21,"s1","stomata-franks_liang_2022b.xlsx#leaf gas-exchange_Franks!BU9",
21,"es1","stomata-franks_liang_2022b.xlsx#leaf gas-exchange_Franks!BV9",
21,"N_es1","stomata-franks_liang_2022b.xlsx#leaf gas-exchange_Franks!BW9",
21,"s2","stomata-franks_liang_2022b.xlsx#leaf gas-exchange_Franks!BX9",
21,"es2","stomata-franks_liang_2022b.xlsx#leaf gas-exchange_Franks!BY9",
21,"N_es2","stomata-franks_liang_2022b.xlsx#leaf gas-exchange_Franks!BZ9",
21,"s3","stomata-franks_liang_2022b.xlsx#leaf gas-exchange_Franks!CA9",
21,"es3","stomata-franks_liang_2022b.xlsx#leaf gas-exchange_Franks!CB9",
21,"N_es3","stomata-franks_liang_2022b.xlsx#leaf gas-exchange_Franks!CC9",
21,"s4","stomata-franks_liang_2022b.xlsx#leaf gas-exchange_Franks!CD9",
21,"es4","stomata-franks_liang_2022b.xlsx#leaf gas-exchange_Franks!CE9",
21,"N_es4","stomata-franks_liang_2022b.xlsx#leaf gas-exchange_Franks!CF9",
21,"s5","stomata-franks_liang_2022b.xlsx#leaf gas-exchange_Franks!CG9",
21,"es5","stomata-franks_liang_2022b.xlsx#leaf gas-exchange_Franks!CH9",
21,"N_es5","stomata-franks_liang_2022b.xlsx#leaf gas-exchange_Franks!CI9",
22,"sample","stomata-franks_londono_2018.xlsx#leaf gas-exchange_Franks!O4",
22,"doi","stomata-franks_londono_2018.xlsx#leaf gas-exchange_Franks!D4",
22,"lat","stomata-franks_londono_2018.xlsx#leaf gas-exchange_Franks!AA4",
22,"lon","stomata-franks_londono_2018.xlsx#leaf gas-exchange_Franks!AB4",
22,"age_mean","stomata-franks_londono_2018.xlsx#leaf gas-exchange_Franks!V4",
22,"age_min","stomata-franks_londono_2018.xlsx#leaf gas-exchange_Franks!X4",
22,"age_max","stomata-franks_londono_2018.xlsx#leaf gas-exchange_Franks!W4",
22,"age_notes","stomata-franks_londono_2018.xlsx#leaf gas-exchange_Franks!Z4",
22,"family","stomata-franks_londono_2018.xlsx#leaf gas-exchange_Franks!P4",
22,"Dab","stomata-franks_londono_2018.xlsx#leaf gas-exchange_Franks!AM4",
22,"eDab","stomata-franks_londono_2018.xlsx#leaf gas-exchange_Franks!AN4",
22,"N_eDab","stomata-franks_londono_2018.xlsx#leaf gas-exchange_Franks!AO4",
22,"Dad","stomata-franks_londono_2018.xlsx#leaf gas-exchange_Franks!AP4",
22,"eDad","stomata-franks_londono_2018.xlsx#leaf gas-exchange_Franks!AQ4",
22,"N_eDad","stomata-franks_londono_2018.xlsx#leaf gas-exchange_Franks!AR4",
22,"GCLab","stomata-franks_londono_2018.xlsx#leaf gas-exchange_Franks!AS4",
22,"eGCLab","stomata-franks_londono_2018.xlsx#leaf gas-exchange_Franks!AT4",
22,"N_eGCLab","stomata-franks_londono_2018.xlsx#leaf gas-exchange_Franks!AU4",
22,"GCLad","stomata-franks_londono_2018.xlsx#leaf gas-exchange_Franks!AV4",
22,"eGCLad","stomata-franks_londono_2018.xlsx#leaf gas-exchange_Franks!AW4",
22,"N_eGCLad","stomata-franks_londono_2018.xlsx#leaf gas-exchange_Franks!AX4",
22,"GCWab","stomata-franks_londono_2018.xlsx#leaf gas-exchange_Franks!AY4",
22,"eGCWab","stomata-franks_londono_2018.xlsx#leaf gas-exchange_Franks!AZ4",
22,"N_eGCWab","stomata-franks_londono_2018.xlsx#leaf gas-exchange_Franks!BA4",
22,"GCWad","stomata-franks_londono_2018.xlsx#leaf gas-exchange_Franks!BB4",
22,"eGCWad","stomata-franks_londono_2018.xlsx#leaf gas-exchange_Franks!BC4",
22,"N_eGCWad","stomata-franks_londono_2018.xlsx#leaf gas-exchange_Franks!BD4",
22,"d13Cp","stomata-franks_londono_2018.xlsx#leaf gas-exchange_Franks!BE4",
22,"ed13Cp","stomata-franks_londono_2018.xlsx#leaf gas-exchange_Franks!BF4",
22,"N_ed13Cp","stomata-franks_londono_2018.xlsx#leaf gas-exchange_Franks!BG4",
22,"CO2_0","stomata-franks_londono_2018.xlsx#leaf gas-exchange_Franks!BK4",
22,"dv","stomata-franks_londono_2018.xlsx#leaf gas-exchange_Franks!CL4",
22,"A0","stomata-franks_londono_2018.xlsx#leaf gas-exchange_Franks!BL4",
22,"eA0","stomata-franks_londono_2018.xlsx#leaf gas-exchange_Franks!BM4",
22,"N_eA0","stomata-franks_londono_2018.xlsx#leaf gas-exchange_Franks!BN4",
22,"CiCa0","stomata-franks_londono_2018.xlsx#leaf gas-exchange_Franks!BO4",
22,"eCiCa0","stomata-franks_londono_2018.xlsx#leaf gas-exchange_Franks!BP4",
22,"N_eCiCa0","stomata-franks_londono_2018.xlsx#leaf gas-exchange_Franks!BQ4",
22,"gb","stomata-franks_londono_2018.xlsx#leaf gas-exchange_Franks!BR4",
22,"egb","stomata-franks_londono_2018.xlsx#leaf gas-exchange_Franks!BS4",
22,"N_egb","stomata-franks_londono_2018.xlsx#leaf gas-exchange_Franks!BT4",
22,"s1","stomata-franks_londono_2018.xlsx#leaf gas-exchange_Franks!BU4",
22,"es1","stomata-franks_londono_2018.xlsx#leaf gas-exchange_Franks!BV4",
22,"N_es1","stomata-franks_londono_2018.xlsx#leaf gas-exchange_Franks!BW4",
22,"s2","stomata-franks_londono_2018.xlsx#leaf gas-exchange_Franks!BX4",
22,"es2","stomata-franks_londono_2018.xlsx#leaf gas-exchange_Franks!BY4",
22,"N_es2","stomata-franks_londono_2018.xlsx#leaf gas-exchange_Franks!BZ4",
22,"s3","stomata-franks_londono_2018.xlsx#leaf gas-exchange_Franks!CA4",
22,"es3","stomata-franks_londono_2018.xlsx#leaf gas-exchange_Franks!CB4",
22,"N_es3","stomata-franks_londono_2018.xlsx#leaf gas-exchange_Franks!CC4",
22,"s4","stomata-franks_londono_2018.xlsx#leaf gas-exchange_Franks!CD4",
22,"es4","stomata-franks_londono_2018.xlsx#leaf gas-exchange_Franks!CE4",
22,"N_es4","stomata-franks_londono_2018.xlsx#leaf gas-exchange_Franks!CF4",
22,"s5","stomata-franks_londono_2018.xlsx#leaf gas-exchange_Franks!CG4",
22,"es5","stomata-franks_londono_2018.xlsx#leaf gas-exchange_Franks!CH4",
22,"N_es5","stomata-franks_londono_2018.xlsx#leaf gas-exchange_Franks!CI4",
23,"sample","stomata-franks_londono_2018.xlsx#leaf gas-exchange_Franks!O5",
23,"doi","stomata-franks_londono_2018.xlsx#leaf gas-exchange_Franks!D5",
23,"lat","stomata-franks_londono_2018.xlsx#leaf gas-exchange_Franks!AA5",
23,"lon","stomata-franks_londono_2018.xlsx#leaf gas-exchange_Franks!AB5",
23,"age_mean","stomata-franks_londono_2018.xlsx#leaf gas-exchange_Franks!V5",
23,"age_min","stomata-franks_londono_2018.xlsx#leaf gas-exchange_Franks!X5",
23,"age_max","stomata-franks_londono_2018.xlsx#leaf gas-exchange_Franks!W5",
23,"age_notes","stomata-franks_londono_2018.xlsx#leaf gas-exchange_Franks!Z5",
23,"Dab","stomata-franks_londono_2018.xlsx#leaf gas-exchange_Franks!AM5",
23,"eDab","stomata-franks_londono_2018.xlsx#leaf gas-exchange_Franks!AN5",
23,"N_eDab","stomata-franks_londono_2018.xlsx#leaf gas-exchange_Franks!AO5",
23,"Dad","stomata-franks_londono_2018.xlsx#leaf gas-exchange_Franks!AP5",
23,"eDad","stomata-franks_londono_2018.xlsx#leaf gas-exchange_Franks!AQ5",
23,"N_eDad","stomata-franks_londono_2018.xlsx#leaf gas-exchange_Franks!AR5",
23,"GCLab","stomata-franks_londono_2018.xlsx#leaf gas-exchange_Franks!AS5",
23,"eGCLab","stomata-franks_londono_2018.xlsx#leaf gas-exchange_Franks!AT5",
23,"N_eGCLab","stomata-franks_londono_2018.xlsx#leaf gas-exchange_Franks!AU5",
23,"GCLad","stomata-franks_londono_2018.xlsx#leaf gas-exchange_Franks!AV5",
23,"eGCLad","stomata-franks_londono_2018.xlsx#leaf gas-exchange_Franks!AW5",
23,"N_eGCLad","stomata-franks_londono_2018.xlsx#leaf gas-exchange_Franks!AX5",
23,"GCWab","stomata-franks_londono_2018.xlsx#leaf gas-exchange_Franks!AY5",
23,"eGCWab","stomata-franks_londono_2018.xlsx#leaf gas-exchange_Franks!AZ5",
23,"N_eGCWab","stomata-franks_londono_2018.xlsx#leaf gas-exchange_Franks!BA5",
23,"GCWad","stomata-franks_londono_2018.xlsx#leaf gas-exchange_Franks!BB5",
23,"eGCWad","stomata-franks_londono_2018.xlsx#leaf gas-exchange_Franks!BC5",
23,"N_eGCWad","stomata-franks_londono_2018.xlsx#leaf gas-exchange_Franks!BD5",
23,"d13Cp","stomata-franks_londono_2018.xlsx#leaf gas-exchange_Franks!BE5",
23,"ed13Cp","stomata-franks_londono_2018.xlsx#leaf gas-exchange_Franks!BF5",
23,"N_ed13Cp","stomata-franks_londono_2018.xlsx#leaf gas-exchange_Franks!BG5",
23,"CO2_0","stomata-franks_londono_2018.xlsx#leaf gas-exchange_Franks!BK5",
23,"dv","stomata-franks_londono_2018.xlsx#leaf gas-exchange_Franks!CL5",
23,"A0","stomata-franks_londono_2018.xlsx#leaf gas-exchange_Franks!BL5",
23,"eA0","stomata-franks_londono_2018.xlsx#leaf gas-exchange_Franks!BM5",
23,"N_eA0","stomata-franks_londono_2018.xlsx#leaf gas-exchange_Franks!BN5",
23,"CiCa0","stomata-franks_londono_2018.xlsx#leaf gas-exchange_Franks!BO5",
23,"eCiCa0","stomata-franks_londono_2018.xlsx#leaf gas-exchange_Franks!BP5",
23,"N_eCiCa0","stomata-franks_londono_2018.xlsx#leaf gas-exchange_Franks!BQ5",
23,"gb","stomata-franks_londono_2018.xlsx#leaf gas-exchange_Franks!BR5",
23,"egb","stomata-franks_londono_2018.xlsx#leaf gas-exchange_Franks!BS5",
23,"N_egb","stomata-franks_londono_2018.xlsx#leaf gas-exchange_Franks!BT5",
23,"s1","stomata-franks_londono_2018.xlsx#leaf gas-exchange_Franks!BU5",
23,"es1","stomata-franks_londono_2018.xlsx#leaf gas-exchange_Franks!BV5",
23,"N_es1","stomata-franks_londono_2018.xlsx#leaf gas-exchange_Franks!BW5",
23,"s2","stomata-franks_londono_2018.xlsx#leaf gas-exchange_Franks!BX5",
23,"es2","stomata-franks_londono_2018.xlsx#leaf gas-exchange_Franks!BY5",
23,"N_es2","stomata-franks_londono_2018.xlsx#leaf gas-exchange_Franks!BZ5",
23,"s3","stomata-franks_londono_2018.xlsx#leaf gas-exchange_Franks!CA5",
23,"es3","stomata-franks_londono_2018.xlsx#leaf gas-exchange_Franks!CB5",
23,"N_es3","stomata-franks_londono_2018.xlsx#leaf gas-exchange_Franks!CC5",
23,"s4","stomata-franks_londono_2018.xlsx#leaf gas-exchange_Franks!CD5",
23,"es4","stomata-franks_londono_2018.xlsx#leaf gas-exchange_Franks!CE5",
23,"N_es4","stomata-franks_londono_2018.xlsx#leaf gas-exchange_Franks!CF5",
23,"s5","stomata-franks_londono_2018.xlsx#leaf gas-exchange_Franks!CG5",
23,"es5","stomata-franks_londono_2018.xlsx#leaf gas-exchange_Franks!CH5",
23,"N_es5","stomata-franks_londono_2018.xlsx#leaf gas-exchange_Franks!CI5",
24,"sample","stomata-franks_londono_2018.xlsx#leaf gas-exchange_Franks!O6",
24,"doi","stomata-franks_londono_2018.xlsx#leaf gas-exchange_Franks!D6",
24,"lat","stomata-franks_londono_2018.xlsx#leaf gas-exchange_Franks!AA6",
24,"lon","stomata-franks_londono_2018.xlsx#leaf gas-exchange_Franks!AB6",
24,"age_mean","stomata-franks_londono_2018.xlsx#leaf gas-exchange_Franks!V6",
24,"age_min","stomata-franks_londono_2018.xlsx#leaf gas-exchange_Franks!X6",
24,"age_max","stomata-franks_londono_2018.xlsx#leaf gas-exchange_Franks!W6",
24,"age_notes","stomata-franks_londono_2018.xlsx#leaf gas-exchange_Franks!Z6",
24,"family","stomata-franks_londono_2018.xlsx#leaf gas-exchange_Franks!P6",
24,"Dab","stomata-franks_londono_2018.xlsx#leaf gas-exchange_Franks!AM6",
24,"eDab","stomata-franks_londono_2018.xlsx#leaf gas-exchange_Franks!AN6",
24,"N_eDab","stomata-franks_londono_2018.xlsx#leaf gas-exchange_Franks!AO6",
24,"Dad","stomata-franks_londono_2018.xlsx#leaf gas-exchange_Franks!AP6",
24,"eDad","stomata-franks_londono_2018.xlsx#leaf gas-exchange_Franks!AQ6",
24,"N_eDad","stomata-franks_londono_2018.xlsx#leaf gas-exchange_Franks!AR6",
24,"GCLab","stomata-franks_londono_2018.xlsx#leaf gas-exchange_Franks!AS6",
24,"eGCLab","stomata-franks_londono_2018.xlsx#leaf gas-exchange_Franks!AT6",
24,"N_eGCLab","stomata-franks_londono_2018.xlsx#leaf gas-exchange_Franks!AU6",
24,"GCLad","stomata-franks_londono_2018.xlsx#leaf gas-exchange_Franks!AV6",
24,"eGCLad","stomata-franks_londono_2018.xlsx#leaf gas-exchange_Franks!AW6",
24,"N_eGCLad","stomata-franks_londono_2018.xlsx#leaf gas-exchange_Franks!AX6",
24,"GCWab","stomata-franks_londono_2018.xlsx#leaf gas-exchange_Franks!AY6",
24,"eGCWab","stomata-franks_londono_2018.xlsx#leaf gas-exchange_Franks!AZ6",
24,"N_eGCWab","stomata-franks_londono_2018.xlsx#leaf gas-exchange_Franks!BA6",
24,"GCWad","stomata-franks_londono_2018.xlsx#leaf gas-exchange_Franks!BB6",
24,"eGCWad","stomata-franks_londono_2018.xlsx#leaf gas-exchange_Franks!BC6",
24,"N_eGCWad","stomata-franks_londono_2018.xlsx#leaf gas-exchange_Franks!BD6",
24,"d13Cp","stomata-franks_londono_2018.xlsx#leaf gas-exchange_Franks!BE6",
24,"ed13Cp","stomata-franks_londono_2018.xlsx#leaf gas-exchange_Franks!BF6",
24,"N_ed13Cp","stomata-franks_londono_2018.xlsx#leaf gas-exchange_Franks!BG6",
24,"CO2_0","stomata-franks_londono_2018.xlsx#leaf gas-exchange_Franks!BK6",
24,"dv","stomata-franks_londono_2018.xlsx#leaf gas-exchange_Franks!CL6",
24,"A0","stomata-franks_londono_2018.xlsx#leaf gas-exchange_Franks!BL6",
24,"eA0","stomata-franks_londono_2018.xlsx#leaf gas-exchange_Franks!BM6",
24,"N_eA0","stomata-franks_londono_2018.xlsx#leaf gas-exchange_Franks!BN6",
24,"CiCa0","stomata-franks_londono_2018.xlsx#leaf gas-exchange_Franks!BO6",
24,"eCiCa0","stomata-franks_londono_2018.xlsx#leaf gas-exchange_Franks!BP6",
24,"N_eCiCa0","stomata-franks_londono_2018.xlsx#leaf gas-exchange_Franks!BQ6",
24,"gb","stomata-franks_londono_2018.xlsx#leaf gas-exchange_Franks!BR6",
24,"egb","stomata-franks_londono_2018.xlsx#leaf gas-exchange_Franks!BS6",
24,"N_egb","stomata-franks_londono_2018.xlsx#leaf gas-exchange_Franks!BT6",
24,"s1","stomata-franks_londono_2018.xlsx#leaf gas-exchange_Franks!BU6",
24,"es1","stomata-franks_londono_2018.xlsx#leaf gas-exchange_Franks!BV6",
24,"N_es1","stomata-franks_londono_2018.xlsx#leaf gas-exchange_Franks!BW6",
24,"s2","stomata-franks_londono_2018.xlsx#leaf gas-exchange_Franks!BX6",
24,"es2","stomata-franks_londono_2018.xlsx#leaf gas-exchange_Franks!BY6",
24,"N_es2","stomata-franks_londono_2018.xlsx#leaf gas-exchange_Franks!BZ6",
24,"s3","stomata-franks_londono_2018.xlsx#leaf gas-exchange_Franks!CA6",
24,"es3","stomata-franks_londono_2018.xlsx#leaf gas-exchange_Franks!CB6",
24,"N_es3","stomata-franks_londono_2018.xlsx#leaf gas-exchange_Franks!CC6",
24,"s4","stomata-franks_londono_2018.xlsx#leaf gas-exchange_Franks!CD6",
24,"es4","stomata-franks_londono_2018.xlsx#leaf gas-exchange_Franks!CE6",
24,"N_es4","stomata-franks_londono_2018.xlsx#leaf gas-exchange_Franks!CF6",
24,"s5","stomata-franks_londono_2018.xlsx#leaf gas-exchange_Franks!CG6",
24,"es5","stomata-franks_londono_2018.xlsx#leaf gas-exchange_Franks!CH6",
24,"N_es5","stomata-franks_londono_2018.xlsx#leaf gas-exchange_Franks!CI6",
25,"sample","stomata-franks_londono_2018.xlsx#leaf gas-exchange_Franks!O7",
25,"doi","stomata-franks_londono_2018.xlsx#leaf gas-exchange_Franks!D7",
25,"lat","stomata-franks_londono_2018.xlsx#leaf gas-exchange_Franks!AA7",
25,"lon","stomata-franks_londono_2018.xlsx#leaf gas-exchange_Franks!AB7",
25,"age_mean","stomata-franks_londono_2018.xlsx#leaf gas-exchange_Franks!V7",
25,"age_min","stomata-franks_londono_2018.xlsx#leaf gas-exchange_Franks!X7",
25,"age_max","stomata-franks_londono_2018.xlsx#leaf gas-exchange_Franks!W7",
25,"age_notes","stomata-franks_londono_2018.xlsx#leaf gas-exchange_Franks!Z7",
25,"Dab","stomata-franks_londono_2018.xlsx#leaf gas-exchange_Franks!AM7",
25,"eDab","stomata-franks_londono_2018.xlsx#leaf gas-exchange_Franks!AN7",
25,"N_eDab","stomata-franks_londono_2018.xlsx#leaf gas-exchange_Franks!AO7",
25,"Dad","stomata-franks_londono_2018.xlsx#leaf gas-exchange_Franks!AP7",
25,"eDad","stomata-franks_londono_2018.xlsx#leaf gas-exchange_Franks!AQ7",
25,"N_eDad","stomata-franks_londono_2018.xlsx#leaf gas-exchange_Franks!AR7",
25,"GCLab","stomata-franks_londono_2018.xlsx#leaf gas-exchange_Franks!AS7",
25,"eGCLab","stomata-franks_londono_2018.xlsx#leaf gas-exchange_Franks!AT7",
25,"N_eGCLab","stomata-franks_londono_2018.xlsx#leaf gas-exchange_Franks!AU7",
25,"GCLad","stomata-franks_londono_2018.xlsx#leaf gas-exchange_Franks!AV7",
25,"eGCLad","stomata-franks_londono_2018.xlsx#leaf gas-exchange_Franks!AW7",
25,"N_eGCLad","stomata-franks_londono_2018.xlsx#leaf gas-exchange_Franks!AX7",
25,"GCWab","stomata-franks_londono_2018.xlsx#leaf gas-exchange_Franks!AY7",
25,"eGCWab","stomata-franks_londono_2018.xlsx#leaf gas-exchange_Franks!AZ7",
25,"N_eGCWab","stomata-franks_londono_2018.xlsx#leaf gas-exchange_Franks!BA7",
25,"GCWad","stomata-franks_londono_2018.xlsx#leaf gas-exchange_Franks!BB7",
25,"eGCWad","stomata-franks_londono_2018.xlsx#leaf gas-exchange_Franks!BC7",
25,"N_eGCWad","stomata-franks_londono_2018.xlsx#leaf gas-exchange_Franks!BD7",
25,"d13Cp","stomata-franks_londono_2018.xlsx#leaf gas-exchange_Franks!BE7",
25,"ed13Cp","stomata-franks_londono_2018.xlsx#leaf gas-exchange_Franks!BF7",
25,"N_ed13Cp","stomata-franks_londono_2018.xlsx#leaf gas-exchange_Franks!BG7",
25,"CO2_0","stomata-franks_londono_2018.xlsx#leaf gas-exchange_Franks!BK7",
25,"dv","stomata-franks_londono_2018.xlsx#leaf gas-exchange_Franks!CL7",
25,"A0","stomata-franks_londono_2018.xlsx#leaf gas-exchange_Franks!BL7",
25,"eA0","stomata-franks_londono_2018.xlsx#leaf gas-exchange_Franks!BM7",
25,"N_eA0","stomata-franks_londono_2018.xlsx#leaf gas-exchange_Franks!BN7",
25,"CiCa0","stomata-franks_londono_2018.xlsx#leaf gas-exchange_Franks!BO7",
25,"eCiCa0","stomata-franks_londono_2018.xlsx#leaf gas-exchange_Franks!BP7",
25,"N_eCiCa0","stomata-franks_londono_2018.xlsx#leaf gas-exchange_Franks!BQ7",
25,"gb","stomata-franks_londono_2018.xlsx#leaf gas-exchange_Franks!BR7",
25,"egb","stomata-franks_londono_2018.xlsx#leaf gas-exchange_Franks!BS7",
25,"N_egb","stomata-franks_londono_2018.xlsx#leaf gas-exchange_Franks!BT7",
25,"s1","stomata-franks_londono_2018.xlsx#leaf gas-exchange_Franks!BU7",
25,"es1","stomata-franks_londono_2018.xlsx#leaf gas-exchange_Franks!BV7",
25,"N_es1","stomata-franks_londono_2018.xlsx#leaf gas-exchange_Franks!BW7",
25,"s2","stomata-franks_londono_2018.xlsx#leaf gas-exchange_Franks!BX7",
25,"es2","stomata-franks_londono_2018.xlsx#leaf gas-exchange_Franks!BY7",
25,"N_es2","stomata-franks_londono_2018.xlsx#leaf gas-exchange_Franks!BZ7",
25,"s3","stomata-franks_londono_2018.xlsx#leaf gas-exchange_Franks!CA7",
25,"es3","stomata-franks_londono_2018.xlsx#leaf gas-exchange_Franks!CB7",
25,"N_es3","stomata-franks_londono_2018.xlsx#leaf gas-exchange_Franks!CC7",
25,"s4","stomata-franks_londono_2018.xlsx#leaf gas-exchange_Franks!CD7",
25,"es4","stomata-franks_londono_2018.xlsx#leaf gas-exchange_Franks!CE7",
25,"N_es4","stomata-franks_londono_2018.xlsx#leaf gas-exchange_Franks!CF7",
25,"s5","stomata-franks_londono_2018.xlsx#leaf gas-exchange_Franks!CG7",
25,"es5","stomata-franks_londono_2018.xlsx#leaf gas-exchange_Franks!CH7",
25,"N_es5","stomata-franks_londono_2018.xlsx#leaf gas-exchange_Franks!CI7",
26,"sample","stomata-franks_londono_2018.xlsx#leaf gas-exchange_Franks!O8",
26,"doi","stomata-franks_londono_2018.xlsx#leaf gas-exchange_Franks!D8",
26,"lat","stomata-franks_londono_2018.xlsx#leaf gas-exchange_Franks!AA8",
26,"lon","stomata-franks_londono_2018.xlsx#leaf gas-exchange_Franks!AB8",
26,"age_mean","stomata-franks_londono_2018.xlsx#leaf gas-exchange_Franks!V8",
26,"age_min","stomata-franks_londono_2018.xlsx#leaf gas-exchange_Franks!X8",
26,"age_max","stomata-franks_londono_2018.xlsx#leaf gas-exchange_Franks!W8",
26,"age_notes","stomata-franks_londono_2018.xlsx#leaf gas-exchange_Franks!Z8",
26,"Dab","stomata-franks_londono_2018.xlsx#leaf gas-exchange_Franks!AM8",
26,"eDab","stomata-franks_londono_2018.xlsx#leaf gas-exchange_Franks!AN8",
26,"N_eDab","stomata-franks_londono_2018.xlsx#leaf gas-exchange_Franks!AO8",
26,"Dad","stomata-franks_londono_2018.xlsx#leaf gas-exchange_Franks!AP8",
26,"eDad","stomata-franks_londono_2018.xlsx#leaf gas-exchange_Franks!AQ8",
26,"N_eDad","stomata-franks_londono_2018.xlsx#leaf gas-exchange_Franks!AR8",
26,"GCLab","stomata-franks_londono_2018.xlsx#leaf gas-exchange_Franks!AS8",
26,"eGCLab","stomata-franks_londono_2018.xlsx#leaf gas-exchange_Franks!AT8",
26,"N_eGCLab","stomata-franks_londono_2018.xlsx#leaf gas-exchange_Franks!AU8",
26,"GCLad","stomata-franks_londono_2018.xlsx#leaf gas-exchange_Franks!AV8",
26,"eGCLad","stomata-franks_londono_2018.xlsx#leaf gas-exchange_Franks!AW8",
26,"N_eGCLad","stomata-franks_londono_2018.xlsx#leaf gas-exchange_Franks!AX8",
26,"GCWab","stomata-franks_londono_2018.xlsx#leaf gas-exchange_Franks!AY8",
26,"eGCWab","stomata-franks_londono_2018.xlsx#leaf gas-exchange_Franks!AZ8",
26,"N_eGCWab","stomata-franks_londono_2018.xlsx#leaf gas-exchange_Franks!BA8",
26,"GCWad","stomata-franks_londono_2018.xlsx#leaf gas-exchange_Franks!BB8",
26,"eGCWad","stomata-franks_londono_2018.xlsx#leaf gas-exchange_Franks!BC8",
26,"N_eGCWad","stomata-franks_londono_2018.xlsx#leaf gas-exchange_Franks!BD8",
26,"d13Cp","stomata-franks_londono_2018.xlsx#leaf gas-exchange_Franks!BE8",
26,"ed13Cp","stomata-franks_londono_2018.xlsx#leaf gas-exchange_Franks!BF8",
26,"N_ed13Cp","stomata-franks_londono_2018.xlsx#leaf gas-exchange_Franks!BG8",
26,"CO2_0","stomata-franks_londono_2018.xlsx#leaf gas-exchange_Franks!BK8",
26,"dv","stomata-franks_londono_2018.xlsx#leaf gas-exchange_Franks!CL8",
26,"A0","stomata-franks_londono_2018.xlsx#leaf gas-exchange_Franks!BL8",
26,"eA0","stomata-franks_londono_2018.xlsx#leaf gas-exchange_Franks!BM8",
26,"N_eA0","stomata-franks_londono_2018.xlsx#leaf gas-exchange_Franks!BN8",
26,"CiCa0","stomata-franks_londono_2018.xlsx#leaf gas-exchange_Franks!BO8",
26,"eCiCa0","stomata-franks_londono_2018.xlsx#leaf gas-exchange_Franks!BP8",
26,"N_eCiCa0","stomata-franks_londono_2018.xlsx#leaf gas-exchange_Franks!BQ8",
26,"gb","stomata-franks_londono_2018.xlsx#leaf gas-exchange_Franks!BR8",
26,"egb","stomata-franks_londono_2018.xlsx#leaf gas-exchange_Franks!BS8",
26,"N_egb","stomata-franks_londono_2018.xlsx#leaf gas-exchange_Franks!BT8",
26,"s1","stomata-franks_londono_2018.xlsx#leaf gas-exchange_Franks!BU8",
26,"es1","stomata-franks_londono_2018.xlsx#leaf gas-exchange_Franks!BV8",
26,"N_es1","stomata-franks_londono_2018.xlsx#leaf gas-exchange_Franks!BW8",
26,"s2","stomata-franks_londono_2018.xlsx#leaf gas-exchange_Franks!BX8",
26,"es2","stomata-franks_londono_2018.xlsx#leaf gas-exchange_Franks!BY8",
26,"N_es2","stomata-franks_londono_2018.xlsx#leaf gas-exchange_Franks!BZ8",
26,"s3","stomata-franks_londono_2018.xlsx#leaf gas-exchange_Franks!CA8",
26,"es3","stomata-franks_londono_2018.xlsx#leaf gas-exchange_Franks!CB8",
26,"N_es3","stomata-franks_londono_2018.xlsx#leaf gas-exchange_Franks!CC8",
26,"s4","stomata-franks_londono_2018.xlsx#leaf gas-exchange_Franks!CD8",
26,"es4","stomata-franks_londono_2018.xlsx#leaf gas-exchange_Franks!CE8",
26,"N_es4","stomata-franks_londono_2018.xlsx#leaf gas-exchange_Franks!CF8",
26,"s5","stomata-franks_londono_2018.xlsx#leaf gas-exchange_Franks!CG8",
26,"es5","stomata-franks_londono_2018.xlsx#leaf gas-exchange_Franks!CH8",
26,"N_es5","stomata-franks_londono_2018.xlsx#leaf gas-exchange_Franks!CI8",
27,"doi","stomata-franks_reichgelt_2020.xlsx#leaf gas-exchange_Franks!D4",
27,"lat","stomata-franks_reichgelt_2020.xlsx#leaf gas-exchange_Franks!AA4",
27,"lon","stomata-franks_reichgelt_2020.xlsx#leaf gas-exchange_Franks!AB4",
27,"age_mean","stomata-franks_reichgelt_2020.xlsx#leaf gas-exchange_Franks!V4",
27,"age_min","stomata-franks_reichgelt_2020.xlsx#leaf gas-exchange_Franks!X4",
27,"age_max","stomata-franks_reichgelt_2020.xlsx#leaf gas-exchange_Franks!W4",
27,"age_notes","stomata-franks_reichgelt_2020.xlsx#leaf gas-exchange_Franks!Z4",
28,"sample","stomata-franks_reichgelt_2020.xlsx#leaf gas-exchange_Franks!O5",
28,"doi","stomata-franks_reichgelt_2020.xlsx#leaf gas-exchange_Franks!D5",
28,"lat","stomata-franks_reichgelt_2020.xlsx#leaf gas-exchange_Franks!AA5",
28,"lon","stomata-franks_reichgelt_2020.xlsx#leaf gas-exchange_Franks!AB5",
28,"age_mean","stomata-franks_reichgelt_2020.xlsx#leaf gas-exchange_Franks!V5",
28,"age_notes","stomata-franks_reichgelt_2020.xlsx#leaf gas-exchange_Franks!Z5",
28,"family","stomata-franks_reichgelt_2020.xlsx#leaf gas-exchange_Franks!P5",
28,"genus","stomata-franks_reichgelt_2020.xlsx#leaf gas-exchange_Franks!Q5",
28,"Dab","stomata-franks_reichgelt_2020.xlsx#leaf gas-exchange_Franks!AM5",
28,"eDab","stomata-franks_reichgelt_2020.xlsx#leaf gas-exchange_Franks!AN5",
28,"N_eDab","stomata-franks_reichgelt_2020.xlsx#leaf gas-exchange_Franks!AO5",
28,"Dad","stomata-franks_reichgelt_2020.xlsx#leaf gas-exchange_Franks!AP5",
28,"GCLab","stomata-franks_reichgelt_2020.xlsx#leaf gas-exchange_Franks!AS5",
28,"eGCLab","stomata-franks_reichgelt_2020.xlsx#leaf gas-exchange_Franks!AT5",
28,"N_eGCLab","stomata-franks_reichgelt_2020.xlsx#leaf gas-exchange_Franks!AU5",
28,"GCLad","stomata-franks_reichgelt_2020.xlsx#leaf gas-exchange_Franks!AV5",
28,"eGCLad","stomata-franks_reichgelt_2020.xlsx#leaf gas-exchange_Franks!AW5",
28,"GCWab","stomata-franks_reichgelt_2020.xlsx#leaf gas-exchange_Franks!AY5",
28,"eGCWab","stomata-franks_reichgelt_2020.xlsx#leaf gas-exchange_Franks!AZ5",
28,"N_eGCWab","stomata-franks_reichgelt_2020.xlsx#leaf gas-exchange_Franks!BA5",
28,"GCWad","stomata-franks_reichgelt_2020.xlsx#leaf gas-exchange_Franks!BB5",
28,"eGCWad","stomata-franks_reichgelt_2020.xlsx#leaf gas-exchange_Franks!BC5",
28,"d13Cp","stomata-franks_reichgelt_2020.xlsx#leaf gas-exchange_Franks!BE5",
28,"ed13Cp","stomata-franks_reichgelt_2020.xlsx#leaf gas-exchange_Franks!BF5",
28,"N_ed13Cp","stomata-franks_reichgelt_2020.xlsx#leaf gas-exchange_Franks!BG5",
28,"CO2_0","stomata-franks_reichgelt_2020.xlsx#leaf gas-exchange_Franks!BK5",
28,"dv","stomata-franks_reichgelt_2020.xlsx#leaf gas-exchange_Franks!CL5",
28,"A0","stomata-franks_reichgelt_2020.xlsx#leaf gas-exchange_Franks!BL5",
28,"eA0","stomata-franks_reichgelt_2020.xlsx#leaf gas-exchange_Franks!BM5",
28,"N_eA0","stomata-franks_reichgelt_2020.xlsx#leaf gas-exchange_Franks!BN5",
28,"CiCa0","stomata-franks_reichgelt_2020.xlsx#leaf gas-exchange_Franks!BO5",
28,"eCiCa0","stomata-franks_reichgelt_2020.xlsx#leaf gas-exchange_Franks!BP5",
28,"gb","stomata-franks_reichgelt_2020.xlsx#leaf gas-exchange_Franks!BR5",
28,"egb","stomata-franks_reichgelt_2020.xlsx#leaf gas-exchange_Franks!BS5",
28,"N_egb","stomata-franks_reichgelt_2020.xlsx#leaf gas-exchange_Franks!BT5",
28,"s1","stomata-franks_reichgelt_2020.xlsx#leaf gas-exchange_Franks!BU5",
28,"es1","stomata-franks_reichgelt_2020.xlsx#leaf gas-exchange_Franks!BV5",
28,"N_es1","stomata-franks_reichgelt_2020.xlsx#leaf gas-exchange_Franks!BW5",
28,"s2","stomata-franks_reichgelt_2020.xlsx#leaf gas-exchange_Franks!BX5",
28,"es2","stomata-franks_reichgelt_2020.xlsx#leaf gas-exchange_Franks!BY5",
28,"N_es2","stomata-franks_reichgelt_2020.xlsx#leaf gas-exchange_Franks!BZ5",
28,"s3","stomata-franks_reichgelt_2020.xlsx#leaf gas-exchange_Franks!CA5",
28,"es3","stomata-franks_reichgelt_2020.xlsx#leaf gas-exchange_Franks!CB5",
28,"N_es3","stomata-franks_reichgelt_2020.xlsx#leaf gas-exchange_Franks!CC5",
28,"s4","stomata-franks_reichgelt_2020.xlsx#leaf gas-exchange_Franks!CD5",
28,"es4","stomata-franks_reichgelt_2020.xlsx#leaf gas-exchange_Franks!CE5",
28,"N_es4","stomata-franks_reichgelt_2020.xlsx#leaf gas-exchange_Franks!CF5",
28,"s5","stomata-franks_reichgelt_2020.xlsx#leaf gas-exchange_Franks!CG5",
28,"es5","stomata-franks_reichgelt_2020.xlsx#leaf gas-exchange_Franks!CH5",
28,"N_es5","stomata-franks_reichgelt_2020.xlsx#leaf gas-exchange_Franks!CI5",
29,"sample","stomata-franks_reichgelt_2020.xlsx#leaf gas-exchange_Franks!O6",
29,"doi","stomata-franks_reichgelt_2020.xlsx#leaf gas-exchange_Franks!D6",
29,"lat","stomata-franks_reichgelt_2020.xlsx#leaf gas-exchange_Franks!AA6",
29,"lon","stomata-franks_reichgelt_2020.xlsx#leaf gas-exchange_Franks!AB6",
29,"age_mean","stomata-franks_reichgelt_2020.xlsx#leaf gas-exchange_Franks!V6",
29,"age_notes","stomata-franks_reichgelt_2020.xlsx#leaf gas-exchange_Franks!Z6",
29,"family","stomata-franks_reichgelt_2020.xlsx#leaf gas-exchange_Franks!P6",
29,"Dab","stomata-franks_reichgelt_2020.xlsx#leaf gas-exchange_Franks!AM6",
29,"eDab","stomata-franks_reichgelt_2020.xlsx#leaf gas-exchange_Franks!AN6",
29,"N_eDab","stomata-franks_reichgelt_2020.xlsx#leaf gas-exchange_Franks!AO6",
29,"Dad","stomata-franks_reichgelt_2020.xlsx#leaf gas-exchange_Franks!AP6",
29,"GCLab","stomata-franks_reichgelt_2020.xlsx#leaf gas-exchange_Franks!AS6",
29,"eGCLab","stomata-franks_reichgelt_2020.xlsx#leaf gas-exchange_Franks!AT6",
29,"N_eGCLab","stomata-franks_reichgelt_2020.xlsx#leaf gas-exchange_Franks!AU6",
29,"GCLad","stomata-franks_reichgelt_2020.xlsx#leaf gas-exchange_Franks!AV6",
29,"eGCLad","stomata-franks_reichgelt_2020.xlsx#leaf gas-exchange_Franks!AW6",
29,"GCWab","stomata-franks_reichgelt_2020.xlsx#leaf gas-exchange_Franks!AY6",
29,"eGCWab","stomata-franks_reichgelt_2020.xlsx#leaf gas-exchange_Franks!AZ6",
29,"N_eGCWab","stomata-franks_reichgelt_2020.xlsx#leaf gas-exchange_Franks!BA6",
29,"GCWad","stomata-franks_reichgelt_2020.xlsx#leaf gas-exchange_Franks!BB6",
29,"eGCWad","stomata-franks_reichgelt_2020.xlsx#leaf gas-exchange_Franks!BC6",
29,"d13Cp","stomata-franks_reichgelt_2020.xlsx#leaf gas-exchange_Franks!BE6",
29,"ed13Cp","stomata-franks_reichgelt_2020.xlsx#leaf gas-exchange_Franks!BF6",
29,"N_ed13Cp","stomata-franks_reichgelt_2020.xlsx#leaf gas-exchange_Franks!BG6",
29,"CO2_0","stomata-franks_reichgelt_2020.xlsx#leaf gas-exchange_Franks!BK6",
29,"dv","stomata-franks_reichgelt_2020.xlsx#leaf gas-exchange_Franks!CL6",
29,"A0","stomata-franks_reichgelt_2020.xlsx#leaf gas-exchange_Franks!BL6",
29,"eA0","stomata-franks_reichgelt_2020.xlsx#leaf gas-exchange_Franks!BM6",
29,"N_eA0","stomata-franks_reichgelt_2020.xlsx#leaf gas-exchange_Franks!BN6",
29,"CiCa0","stomata-franks_reichgelt_2020.xlsx#leaf gas-exchange_Franks!BO6",
29,"eCiCa0","stomata-franks_reichgelt_2020.xlsx#leaf gas-exchange_Franks!BP6",
29,"gb","stomata-franks_reichgelt_2020.xlsx#leaf gas-exchange_Franks!BR6",
29,"egb","stomata-franks_reichgelt_2020.xlsx#leaf gas-exchange_Franks!BS6",
29,"N_egb","stomata-franks_reichgelt_2020.xlsx#leaf gas-exchange_Franks!BT6",
29,"s1","stomata-franks_reichgelt_2020.xlsx#leaf gas-exchange_Franks!BU6",
29,"es1","stomata-franks_reichgelt_2020.xlsx#leaf gas-exchange_Franks!BV6",
29,"N_es1","stomata-franks_reichgelt_2020.xlsx#leaf gas-exchange_Franks!BW6",
29,"s2","stomata-franks_reichgelt_2020.xlsx#leaf gas-exchange_Franks!BX6",
29,"es2","stomata-franks_reichgelt_2020.xlsx#leaf gas-exchange_Franks!BY6",
29,"N_es2","stomata-franks_reichgelt_2020.xlsx#leaf gas-exchange_Franks!BZ6",
29,"s3","stomata-franks_reichgelt_2020.xlsx#leaf gas-exchange_Franks!CA6",
29,"es3","stomata-franks_reichgelt_2020.xlsx#leaf gas-exchange_Franks!CB6",
29,"N_es3","stomata-franks_reichgelt_2020.xlsx#leaf gas-exchange_Franks!CC6",
29,"s4","stomata-franks_reichgelt_2020.xlsx#leaf gas-exchange_Franks!CD6",
29,"es4","stomata-franks_reichgelt_2020.xlsx#leaf gas-exchange_Franks!CE6",
29,"N_es4","stomata-franks_reichgelt_2020.xlsx#leaf gas-exchange_Franks!CF6",
29,"s5","stomata-franks_reichgelt_2020.xlsx#leaf gas-exchange_Franks!CG6",
29,"es5","stomata-franks_reichgelt_2020.xlsx#leaf gas-exchange_Franks!CH6",
29,"N_es5","stomata-franks_reichgelt_2020.xlsx#leaf gas-exchange_Franks!CI6",
30,"sample","stomata-franks_reichgelt_2020.xlsx#leaf gas-exchange_Franks!O7",
30,"doi","stomata-franks_reichgelt_2020.xlsx#leaf gas-exchange_Franks!D7",
30,"lat","stomata-franks_reichgelt_2020.xlsx#leaf gas-exchange_Franks!AA7",
30,"lon","stomata-franks_reichgelt_2020.xlsx#leaf gas-exchange_Franks!AB7",
30,"age_mean","stomata-franks_reichgelt_2020.xlsx#leaf gas-exchange_Franks!V7",
30,"age_notes","stomata-franks_reichgelt_2020.xlsx#leaf gas-exchange_Franks!Z7",
30,"family","stomata-franks_reichgelt_2020.xlsx#leaf gas-exchange_Franks!P7",
30,"genus","stomata-franks_reichgelt_2020.xlsx#leaf gas-exchange_Franks!Q7",
30,"Dab","stomata-franks_reichgelt_2020.xlsx#leaf gas-exchange_Franks!AM7",
30,"eDab","stomata-franks_reichgelt_2020.xlsx#leaf gas-exchange_Franks!AN7",
30,"N_eDab","stomata-franks_reichgelt_2020.xlsx#leaf gas-exchange_Franks!AO7",
30,"Dad","stomata-franks_reichgelt_2020.xlsx#leaf gas-exchange_Franks!AP7",
30,"GCLab","stomata-franks_reichgelt_2020.xlsx#leaf gas-exchange_Franks!AS7",
30,"eGCLab","stomata-franks_reichgelt_2020.xlsx#leaf gas-exchange_Franks!AT7",
30,"N_eGCLab","stomata-franks_reichgelt_2020.xlsx#leaf gas-exchange_Franks!AU7",
30,"GCLad","stomata-franks_reichgelt_2020.xlsx#leaf gas-exchange_Franks!AV7",
30,"eGCLad","stomata-franks_reichgelt_2020.xlsx#leaf gas-exchange_Franks!AW7",
30,"GCWab","stomata-franks_reichgelt_2020.xlsx#leaf gas-exchange_Franks!AY7",
30,"eGCWab","stomata-franks_reichgelt_2020.xlsx#leaf gas-exchange_Franks!AZ7",
30,"N_eGCWab","stomata-franks_reichgelt_2020.xlsx#leaf gas-exchange_Franks!BA7",
30,"GCWad","stomata-franks_reichgelt_2020.xlsx#leaf gas-exchange_Franks!BB7",
30,"eGCWad","stomata-franks_reichgelt_2020.xlsx#leaf gas-exchange_Franks!BC7",
30,"d13Cp","stomata-franks_reichgelt_2020.xlsx#leaf gas-exchange_Franks!BE7",
30,"ed13Cp","stomata-franks_reichgelt_2020.xlsx#leaf gas-exchange_Franks!BF7",
30,"N_ed13Cp","stomata-franks_reichgelt_2020.xlsx#leaf gas-exchange_Franks!BG7",
30,"CO2_0","stomata-franks_reichgelt_2020.xlsx#leaf gas-exchange_Franks!BK7",
30,"dv","stomata-franks_reichgelt_2020.xlsx#leaf gas-exchange_Franks!CL7",
30,"A0","stomata-franks_reichgelt_2020.xlsx#leaf gas-exchange_Franks!BL7",
30,"eA0","stomata-franks_reichgelt_2020.xlsx#leaf gas-exchange_Franks!BM7",
30,"N_eA0","stomata-franks_reichgelt_2020.xlsx#leaf gas-exchange_Franks!BN7",
30,"CiCa0","stomata-franks_reichgelt_2020.xlsx#leaf gas-exchange_Franks!BO7",
30,"eCiCa0","stomata-franks_reichgelt_2020.xlsx#leaf gas-exchange_Franks!BP7",
30,"gb","stomata-franks_reichgelt_2020.xlsx#leaf gas-exchange_Franks!BR7",
30,"egb","stomata-franks_reichgelt_2020.xlsx#leaf gas-exchange_Franks!BS7",
30,"N_egb","stomata-franks_reichgelt_2020.xlsx#leaf gas-exchange_Franks!BT7",
30,"s1","stomata-franks_reichgelt_2020.xlsx#leaf gas-exchange_Franks!BU7",
30,"es1","stomata-franks_reichgelt_2020.xlsx#leaf gas-exchange_Franks!BV7",
30,"N_es1","stomata-franks_reichgelt_2020.xlsx#leaf gas-exchange_Franks!BW7",
30,"s2","stomata-franks_reichgelt_2020.xlsx#leaf gas-exchange_Franks!BX7",
30,"es2","stomata-franks_reichgelt_2020.xlsx#leaf gas-exchange_Franks!BY7",
30,"N_es2","stomata-franks_reichgelt_2020.xlsx#leaf gas-exchange_Franks!BZ7",
30,"s3","stomata-franks_reichgelt_2020.xlsx#leaf gas-exchange_Franks!CA7",
30,"es3","stomata-franks_reichgelt_2020.xlsx#leaf gas-exchange_Franks!CB7",
30,"N_es3","stomata-franks_reichgelt_2020.xlsx#leaf gas-exchange_Franks!CC7",
30,"s4","stomata-franks_reichgelt_2020.xlsx#leaf gas-exchange_Franks!CD7",
30,"es4","stomata-franks_reichgelt_2020.xlsx#leaf gas-exchange_Franks!CE7",
30,"N_es4","stomata-franks_reichgelt_2020.xlsx#leaf gas-exchange_Franks!CF7",
30,"s5","stomata-franks_reichgelt_2020.xlsx#leaf gas-exchange_Franks!CG7",
30,"es5","stomata-franks_reichgelt_2020.xlsx#leaf gas-exchange_Franks!CH7",
30,"N_es5","stomata-franks_reichgelt_2020.xlsx#leaf gas-exchange_Franks!CI7",
31,"sample","stomata-franks_reichgelt_2020.xlsx#leaf gas-exchange_Franks!O8",
31,"doi","stomata-franks_reichgelt_2020.xlsx#leaf gas-exchange_Franks!D8",
31,"lat","stomata-franks_reichgelt_2020.xlsx#leaf gas-exchange_Franks!AA8",
31,"lon","stomata-franks_reichgelt_2020.xlsx#leaf gas-exchange_Franks!AB8",
31,"age_mean","stomata-franks_reichgelt_2020.xlsx#leaf gas-exchange_Franks!V8",
31,"age_notes","stomata-franks_reichgelt_2020.xlsx#leaf gas-exchange_Franks!Z8",
31,"family","stomata-franks_reichgelt_2020.xlsx#leaf gas-exchange_Franks!P8",
31,"Dab","stomata-franks_reichgelt_2020.xlsx#leaf gas-exchange_Franks!AM8",
31,"eDab","stomata-franks_reichgelt_2020.xlsx#leaf gas-exchange_Franks!AN8",
31,"N_eDab","stomata-franks_reichgelt_2020.xlsx#leaf gas-exchange_Franks!AO8",
31,"Dad","stomata-franks_reichgelt_2020.xlsx#leaf gas-exchange_Franks!AP8",
31,"GCLab","stomata-franks_reichgelt_2020.xlsx#leaf gas-exchange_Franks!AS8",
31,"eGCLab","stomata-franks_reichgelt_2020.xlsx#leaf gas-exchange_Franks!AT8",
31,"N_eGCLab","stomata-franks_reichgelt_2020.xlsx#leaf gas-exchange_Franks!AU8",
31,"GCLad","stomata-franks_reichgelt_2020.xlsx#leaf gas-exchange_Franks!AV8",
31,"eGCLad","stomata-franks_reichgelt_2020.xlsx#leaf gas-exchange_Franks!AW8",
31,"GCWab","stomata-franks_reichgelt_2020.xlsx#leaf gas-exchange_Franks!AY8",
31,"eGCWab","stomata-franks_reichgelt_2020.xlsx#leaf gas-exchange_Franks!AZ8",
31,"N_eGCWab","stomata-franks_reichgelt_2020.xlsx#leaf gas-exchange_Franks!BA8",
31,"GCWad","stomata-franks_reichgelt_2020.xlsx#leaf gas-exchange_Franks!BB8",
31,"eGCWad","stomata-franks_reichgelt_2020.xlsx#leaf gas-exchange_Franks!BC8",
31,"d13Cp","stomata-franks_reichgelt_2020.xlsx#leaf gas-exchange_Franks!BE8",
31,"ed13Cp","stomata-franks_reichgelt_2020.xlsx#leaf gas-exchange_Franks!BF8",
31,"N_ed13Cp","stomata-franks_reichgelt_2020.xlsx#leaf gas-exchange_Franks!BG8",
31,"CO2_0","stomata-franks_reichgelt_2020.xlsx#leaf gas-exchange_Franks!BK8",
31,"dv","stomata-franks_reichgelt_2020.xlsx#leaf gas-exchange_Franks!CL8",
31,"A0","stomata-franks_reichgelt_2020.xlsx#leaf gas-exchange_Franks!BL8",
31,"eA0","stomata-franks_reichgelt_2020.xlsx#leaf gas-exchange_Franks!BM8",
31,"N_eA0","stomata-franks_reichgelt_2020.xlsx#leaf gas-exchange_Franks!BN8",
31,"CiCa0","stomata-franks_reichgelt_2020.xlsx#leaf gas-exchange_Franks!BO8",
31,"eCiCa0","stomata-franks_reichgelt_2020.xlsx#leaf gas-exchange_Franks!BP8",
31,"gb","stomata-franks_reichgelt_2020.xlsx#leaf gas-exchange_Franks!BR8",
31,"egb","stomata-franks_reichgelt_2020.xlsx#leaf gas-exchange_Franks!BS8",
31,"N_egb","stomata-franks_reichgelt_2020.xlsx#leaf gas-exchange_Franks!BT8",
31,"s1","stomata-franks_reichgelt_2020.xlsx#leaf gas-exchange_Franks!BU8",
31,"es1","stomata-franks_reichgelt_2020.xlsx#leaf gas-exchange_Franks!BV8",
31,"N_es1","stomata-franks_reichgelt_2020.xlsx#leaf gas-exchange_Franks!BW8",
31,"s2","stomata-franks_reichgelt_2020.xlsx#leaf gas-exchange_Franks!BX8",
31,"es2","stomata-franks_reichgelt_2020.xlsx#leaf gas-exchange_Franks!BY8",
31,"N_es2","stomata-franks_reichgelt_2020.xlsx#leaf gas-exchange_Franks!BZ8",
31,"s3","stomata-franks_reichgelt_2020.xlsx#leaf gas-exchange_Franks!CA8",
31,"es3","stomata-franks_reichgelt_2020.xlsx#leaf gas-exchange_Franks!CB8",
31,"N_es3","stomata-franks_reichgelt_2020.xlsx#leaf gas-exchange_Franks!CC8",
31,"s4","stomata-franks_reichgelt_2020.xlsx#leaf gas-exchange_Franks!CD8",
31,"es4","stomata-franks_reichgelt_2020.xlsx#leaf gas-exchange_Franks!CE8",
31,"N_es4","stomata-franks_reichgelt_2020.xlsx#leaf gas-exchange_Franks!CF8",
31,"s5","stomata-franks_reichgelt_2020.xlsx#leaf gas-exchange_Franks!CG8",
31,"es5","stomata-franks_reichgelt_2020.xlsx#leaf gas-exchange_Franks!CH8",
31,"N_es5","stomata-franks_reichgelt_2020.xlsx#leaf gas-exchange_Franks!CI8",
32,"sample","stomata-franks_reichgelt_2020.xlsx#leaf gas-exchange_Franks!O9",
32,"doi","stomata-franks_reichgelt_2020.xlsx#leaf gas-exchange_Franks!D9",
32,"lat","stomata-franks_reichgelt_2020.xlsx#leaf gas-exchange_Franks!AA9",
32,"lon","stomata-franks_reichgelt_2020.xlsx#leaf gas-exchange_Franks!AB9",
32,"age_mean","stomata-franks_reichgelt_2020.xlsx#leaf gas-exchange_Franks!V9",
32,"age_notes","stomata-franks_reichgelt_2020.xlsx#leaf gas-exchange_Franks!Z9",
32,"family","stomata-franks_reichgelt_2020.xlsx#leaf gas-exchange_Franks!P9",
32,"genus","stomata-franks_reichgelt_2020.xlsx#leaf gas-exchange_Franks!Q9",
32,"Dab","stomata-franks_reichgelt_2020.xlsx#leaf gas-exchange_Franks!AM9",
32,"eDab","stomata-franks_reichgelt_2020.xlsx#leaf gas-exchange_Franks!AN9",
32,"N_eDab","stomata-franks_reichgelt_2020.xlsx#leaf gas-exchange_Franks!AO9",
32,"Dad","stomata-franks_reichgelt_2020.xlsx#leaf gas-exchange_Franks!AP9",
32,"GCLab","stomata-franks_reichgelt_2020.xlsx#leaf gas-exchange_Franks!AS9",
32,"eGCLab","stomata-franks_reichgelt_2020.xlsx#leaf gas-exchange_Franks!AT9",
32,"N_eGCLab","stomata-franks_reichgelt_2020.xlsx#leaf gas-exchange_Franks!AU9",
32,"GCLad","stomata-franks_reichgelt_2020.xlsx#leaf gas-exchange_Franks!AV9",
32,"eGCLad","stomata-franks_reichgelt_2020.xlsx#leaf gas-exchange_Franks!AW9",
32,"GCWab","stomata-franks_reichgelt_2020.xlsx#leaf gas-exchange_Franks!AY9",
32,"eGCWab","stomata-franks_reichgelt_2020.xlsx#leaf gas-exchange_Franks!AZ9",
32,"N_eGCWab","stomata-franks_reichgelt_2020.xlsx#leaf gas-exchange_Franks!BA9",
32,"GCWad","stomata-franks_reichgelt_2020.xlsx#leaf gas-exchange_Franks!BB9",
32,"eGCWad","stomata-franks_reichgelt_2020.xlsx#leaf gas-exchange_Franks!BC9",
32,"d13Cp","stomata-franks_reichgelt_2020.xlsx#leaf gas-exchange_Franks!BE9",
32,"ed13Cp","stomata-franks_reichgelt_2020.xlsx#leaf gas-exchange_Franks!BF9",
32,"N_ed13Cp","stomata-franks_reichgelt_2020.xlsx#leaf gas-exchange_Franks!BG9",
32,"CO2_0","stomata-franks_reichgelt_2020.xlsx#leaf gas-exchange_Franks!BK9",
32,"dv","stomata-franks_reichgelt_2020.xlsx#leaf gas-exchange_Franks!CL9",
32,"A0","stomata-franks_reichgelt_2020.xlsx#leaf gas-exchange_Franks!BL9",
32,"eA0","stomata-franks_reichgelt_2020.xlsx#leaf gas-exchange_Franks!BM9",
32,"N_eA0","stomata-franks_reichgelt_2020.xlsx#leaf gas-exchange_Franks!BN9",
32,"CiCa0","stomata-franks_reichgelt_2020.xlsx#leaf gas-exchange_Franks!BO9",
32,"eCiCa0","stomata-franks_reichgelt_2020.xlsx#leaf gas-exchange_Franks!BP9",
32,"gb","stomata-franks_reichgelt_2020.xlsx#leaf gas-exchange_Franks!BR9",
32,"egb","stomata-franks_reichgelt_2020.xlsx#leaf gas-exchange_Franks!BS9",
32,"N_egb","stomata-franks_reichgelt_2020.xlsx#leaf gas-exchange_Franks!BT9",
32,"s1","stomata-franks_reichgelt_2020.xlsx#leaf gas-exchange_Franks!BU9",
32,"es1","stomata-franks_reichgelt_2020.xlsx#leaf gas-exchange_Franks!BV9",
32,"N_es1","stomata-franks_reichgelt_2020.xlsx#leaf gas-exchange_Franks!BW9",
32,"s2","stomata-franks_reichgelt_2020.xlsx#leaf gas-exchange_Franks!BX9",
32,"es2","stomata-franks_reichgelt_2020.xlsx#leaf gas-exchange_Franks!BY9",
32,"N_es2","stomata-franks_reichgelt_2020.xlsx#leaf gas-exchange_Franks!BZ9",
32,"s3","stomata-franks_reichgelt_2020.xlsx#leaf gas-exchange_Franks!CA9",
32,"es3","stomata-franks_reichgelt_2020.xlsx#leaf gas-exchange_Franks!CB9",
32,"N_es3","stomata-franks_reichgelt_2020.xlsx#leaf gas-exchange_Franks!CC9",
32,"s4","stomata-franks_reichgelt_2020.xlsx#leaf gas-exchange_Franks!CD9",
32,"es4","stomata-franks_reichgelt_2020.xlsx#leaf gas-exchange_Franks!CE9",
32,"N_es4","stomata-franks_reichgelt_2020.xlsx#leaf gas-exchange_Franks!CF9",
32,"s5","stomata-franks_reichgelt_2020.xlsx#leaf gas-exchange_Franks!CG9",
32,"es5","stomata-franks_reichgelt_2020.xlsx#leaf gas-exchange_Franks!CH9",
32,"N_es5","stomata-franks_reichgelt_2020.xlsx#leaf gas-exchange_Franks!CI9",
33,"sample","stomata-franks_reichgelt_2020.xlsx#leaf gas-exchange_Franks!O10",
33,"doi","stomata-franks_reichgelt_2020.xlsx#leaf gas-exchange_Franks!D10",
33,"lat","stomata-franks_reichgelt_2020.xlsx#leaf gas-exchange_Franks!AA10",
33,"lon","stomata-franks_reichgelt_2020.xlsx#leaf gas-exchange_Franks!AB10",
33,"age_mean","stomata-franks_reichgelt_2020.xlsx#leaf gas-exchange_Franks!V10",
33,"age_notes","stomata-franks_reichgelt_2020.xlsx#leaf gas-exchange_Franks!Z10",
33,"family","stomata-franks_reichgelt_2020.xlsx#leaf gas-exchange_Franks!P10",
33,"genus","stomata-franks_reichgelt_2020.xlsx#leaf gas-exchange_Franks!Q10",
33,"Dab","stomata-franks_reichgelt_2020.xlsx#leaf gas-exchange_Franks!AM10",
33,"eDab","stomata-franks_reichgelt_2020.xlsx#leaf gas-exchange_Franks!AN10",
33,"N_eDab","stomata-franks_reichgelt_2020.xlsx#leaf gas-exchange_Franks!AO10",
33,"Dad","stomata-franks_reichgelt_2020.xlsx#leaf gas-exchange_Franks!AP10",
33,"GCLab","stomata-franks_reichgelt_2020.xlsx#leaf gas-exchange_Franks!AS10",
33,"eGCLab","stomata-franks_reichgelt_2020.xlsx#leaf gas-exchange_Franks!AT10",
33,"N_eGCLab","stomata-franks_reichgelt_2020.xlsx#leaf gas-exchange_Franks!AU10",
33,"GCLad","stomata-franks_reichgelt_2020.xlsx#leaf gas-exchange_Franks!AV10",
33,"eGCLad","stomata-franks_reichgelt_2020.xlsx#leaf gas-exchange_Franks!AW10",
33,"GCWab","stomata-franks_reichgelt_2020.xlsx#leaf gas-exchange_Franks!AY10",
33,"eGCWab","stomata-franks_reichgelt_2020.xlsx#leaf gas-exchange_Franks!AZ10",
33,"N_eGCWab","stomata-franks_reichgelt_2020.xlsx#leaf gas-exchange_Franks!BA10",
33,"GCWad","stomata-franks_reichgelt_2020.xlsx#leaf gas-exchange_Franks!BB10",
33,"eGCWad","stomata-franks_reichgelt_2020.xlsx#leaf gas-exchange_Franks!BC10",
33,"d13Cp","stomata-franks_reichgelt_2020.xlsx#leaf gas-exchange_Franks!BE10",
33,"ed13Cp","stomata-franks_reichgelt_2020.xlsx#leaf gas-exchange_Franks!BF10",
33,"N_ed13Cp","stomata-franks_reichgelt_2020.xlsx#leaf gas-exchange_Franks!BG10",
33,"CO2_0","stomata-franks_reichgelt_2020.xlsx#leaf gas-exchange_Franks!BK10",
33,"dv","stomata-franks_reichgelt_2020.xlsx#leaf gas-exchange_Franks!CL10",
33,"A0","stomata-franks_reichgelt_2020.xlsx#leaf gas-exchange_Franks!BL10",
33,"eA0","stomata-franks_reichgelt_2020.xlsx#leaf gas-exchange_Franks!BM10",
33,"N_eA0","stomata-franks_reichgelt_2020.xlsx#leaf gas-exchange_Franks!BN10",
33,"CiCa0","stomata-franks_reichgelt_2020.xlsx#leaf gas-exchange_Franks!BO10",
33,"eCiCa0","stomata-franks_reichgelt_2020.xlsx#leaf gas-exchange_Franks!BP10",
33,"gb","stomata-franks_reichgelt_2020.xlsx#leaf gas-exchange_Franks!BR10",
33,"egb","stomata-franks_reichgelt_2020.xlsx#leaf gas-exchange_Franks!BS10",
33,"N_egb","stomata-franks_reichgelt_2020.xlsx#leaf gas-exchange_Franks!BT10",
33,"s1","stomata-franks_reichgelt_2020.xlsx#leaf gas-exchange_Franks!BU10",
33,"es1","stomata-franks_reichgelt_2020.xlsx#leaf gas-exchange_Franks!BV10",
33,"N_es1","stomata-franks_reichgelt_2020.xlsx#leaf gas-exchange_Franks!BW10",
33,"s2","stomata-franks_reichgelt_2020.xlsx#leaf gas-exchange_Franks!BX10",
33,"es2","stomata-franks_reichgelt_2020.xlsx#leaf gas-exchange_Franks!BY10",
33,"N_es2","stomata-franks_reichgelt_2020.xlsx#leaf gas-exchange_Franks!BZ10",
33,"s3","stomata-franks_reichgelt_2020.xlsx#leaf gas-exchange_Franks!CA10",
33,"es3","stomata-franks_reichgelt_2020.xlsx#leaf gas-exchange_Franks!CB10",
33,"N_es3","stomata-franks_reichgelt_2020.xlsx#leaf gas-exchange_Franks!CC10",
33,"s4","stomata-franks_reichgelt_2020.xlsx#leaf gas-exchange_Franks!CD10",
33,"es4","stomata-franks_reichgelt_2020.xlsx#leaf gas-exchange_Franks!CE10",
33,"N_es4","stomata-franks_reichgelt_2020.xlsx#leaf gas-exchange_Franks!CF10",
33,"s5","stomata-franks_reichgelt_2020.xlsx#leaf gas-exchange_Franks!CG10",
33,"es5","stomata-franks_reichgelt_2020.xlsx#leaf gas-exchange_Franks!CH10",
33,"N_es5","stomata-franks_reichgelt_2020.xlsx#leaf gas-exchange_Franks!CI10",
34,"sample","stomata-franks_reichgelt_2020.xlsx#leaf gas-exchange_Franks!O11",
34,"doi","stomata-franks_reichgelt_2020.xlsx#leaf gas-exchange_Franks!D11",
34,"lat","stomata-franks_reichgelt_2020.xlsx#leaf gas-exchange_Franks!AA11",
34,"lon","stomata-franks_reichgelt_2020.xlsx#leaf gas-exchange_Franks!AB11",
34,"age_mean","stomata-franks_reichgelt_2020.xlsx#leaf gas-exchange_Franks!V11",
34,"age_notes","stomata-franks_reichgelt_2020.xlsx#leaf gas-exchange_Franks!Z11",
34,"family","stomata-franks_reichgelt_2020.xlsx#leaf gas-exchange_Franks!P11",
34,"genus","stomata-franks_reichgelt_2020.xlsx#leaf gas-exchange_Franks!Q11",
34,"Dab","stomata-franks_reichgelt_2020.xlsx#leaf gas-exchange_Franks!AM11",
34,"eDab","stomata-franks_reichgelt_2020.xlsx#leaf gas-exchange_Franks!AN11",
34,"N_eDab","stomata-franks_reichgelt_2020.xlsx#leaf gas-exchange_Franks!AO11",
34,"Dad","stomata-franks_reichgelt_2020.xlsx#leaf gas-exchange_Franks!AP11",
34,"GCLab","stomata-franks_reichgelt_2020.xlsx#leaf gas-exchange_Franks!AS11",
34,"eGCLab","stomata-franks_reichgelt_2020.xlsx#leaf gas-exchange_Franks!AT11",
34,"N_eGCLab","stomata-franks_reichgelt_2020.xlsx#leaf gas-exchange_Franks!AU11",
34,"GCLad","stomata-franks_reichgelt_2020.xlsx#leaf gas-exchange_Franks!AV11",
34,"eGCLad","stomata-franks_reichgelt_2020.xlsx#leaf gas-exchange_Franks!AW11",
34,"GCWab","stomata-franks_reichgelt_2020.xlsx#leaf gas-exchange_Franks!AY11",
34,"eGCWab","stomata-franks_reichgelt_2020.xlsx#leaf gas-exchange_Franks!AZ11",
34,"N_eGCWab","stomata-franks_reichgelt_2020.xlsx#leaf gas-exchange_Franks!BA11",
34,"GCWad","stomata-franks_reichgelt_2020.xlsx#leaf gas-exchange_Franks!BB11",
34,"eGCWad","stomata-franks_reichgelt_2020.xlsx#leaf gas-exchange_Franks!BC11",
34,"d13Cp","stomata-franks_reichgelt_2020.xlsx#leaf gas-exchange_Franks!BE11",
34,"ed13Cp","stomata-franks_reichgelt_2020.xlsx#leaf gas-exchange_Franks!BF11",
34,"N_ed13Cp","stomata-franks_reichgelt_2020.xlsx#leaf gas-exchange_Franks!BG11",
34,"CO2_0","stomata-franks_reichgelt_2020.xlsx#leaf gas-exchange_Franks!BK11",
34,"dv","stomata-franks_reichgelt_2020.xlsx#leaf gas-exchange_Franks!CL11",
34,"A0","stomata-franks_reichgelt_2020.xlsx#leaf gas-exchange_Franks!BL11",
34,"eA0","stomata-franks_reichgelt_2020.xlsx#leaf gas-exchange_Franks!BM11",
34,"N_eA0","stomata-franks_reichgelt_2020.xlsx#leaf gas-exchange_Franks!BN11",
34,"CiCa0","stomata-franks_reichgelt_2020.xlsx#leaf gas-exchange_Franks!BO11",
34,"eCiCa0","stomata-franks_reichgelt_2020.xlsx#leaf gas-exchange_Franks!BP11",
34,"gb","stomata-franks_reichgelt_2020.xlsx#leaf gas-exchange_Franks!BR11",
34,"egb","stomata-franks_reichgelt_2020.xlsx#leaf gas-exchange_Franks!BS11",
34,"N_egb","stomata-franks_reichgelt_2020.xlsx#leaf gas-exchange_Franks!BT11",
34,"s1","stomata-franks_reichgelt_2020.xlsx#leaf gas-exchange_Franks!BU11",
34,"es1","stomata-franks_reichgelt_2020.xlsx#leaf gas-exchange_Franks!BV11",
34,"N_es1","stomata-franks_reichgelt_2020.xlsx#leaf gas-exchange_Franks!BW11",
34,"s2","stomata-franks_reichgelt_2020.xlsx#leaf gas-exchange_Franks!BX11",
34,"es2","stomata-franks_reichgelt_2020.xlsx#leaf gas-exchange_Franks!BY11",
34,"N_es2","stomata-franks_reichgelt_2020.xlsx#leaf gas-exchange_Franks!BZ11",
34,"s3","stomata-franks_reichgelt_2020.xlsx#leaf gas-exchange_Franks!CA11",
34,"es3","stomata-franks_reichgelt_2020.xlsx#leaf gas-exchange_Franks!CB11",
34,"N_es3","stomata-franks_reichgelt_2020.xlsx#leaf gas-exchange_Franks!CC11",
34,"s4","stomata-franks_reichgelt_2020.xlsx#leaf gas-exchange_Franks!CD11",
34,"es4","stomata-franks_reichgelt_2020.xlsx#leaf gas-exchange_Franks!CE11",
34,"N_es4","stomata-franks_reichgelt_2020.xlsx#leaf gas-exchange_Franks!CF11",
34,"s5","stomata-franks_reichgelt_2020.xlsx#leaf gas-exchange_Franks!CG11",
34,"es5","stomata-franks_reichgelt_2020.xlsx#leaf gas-exchange_Franks!CH11",
34,"N_es5","stomata-franks_reichgelt_2020.xlsx#leaf gas-exchange_Franks!CI11",
35,"sample","stomata-franks_reichgelt_2020.xlsx#leaf gas-exchange_Franks!O12",
35,"doi","stomata-franks_reichgelt_2020.xlsx#leaf gas-exchange_Franks!D12",
35,"lat","stomata-franks_reichgelt_2020.xlsx#leaf gas-exchange_Franks!AA12",
35,"lon","stomata-franks_reichgelt_2020.xlsx#leaf gas-exchange_Franks!AB12",
35,"age_mean","stomata-franks_reichgelt_2020.xlsx#leaf gas-exchange_Franks!V12",
35,"age_notes","stomata-franks_reichgelt_2020.xlsx#leaf gas-exchange_Franks!Z12",
35,"family","stomata-franks_reichgelt_2020.xlsx#leaf gas-exchange_Franks!P12",
35,"genus","stomata-franks_reichgelt_2020.xlsx#leaf gas-exchange_Franks!Q12",
35,"Dab","stomata-franks_reichgelt_2020.xlsx#leaf gas-exchange_Franks!AM12",
35,"eDab","stomata-franks_reichgelt_2020.xlsx#leaf gas-exchange_Franks!AN12",
35,"N_eDab","stomata-franks_reichgelt_2020.xlsx#leaf gas-exchange_Franks!AO12",
35,"Dad","stomata-franks_reichgelt_2020.xlsx#leaf gas-exchange_Franks!AP12",
35,"GCLab","stomata-franks_reichgelt_2020.xlsx#leaf gas-exchange_Franks!AS12",
35,"eGCLab","stomata-franks_reichgelt_2020.xlsx#leaf gas-exchange_Franks!AT12",
35,"N_eGCLab","stomata-franks_reichgelt_2020.xlsx#leaf gas-exchange_Franks!AU12",
35,"GCLad","stomata-franks_reichgelt_2020.xlsx#leaf gas-exchange_Franks!AV12",
35,"eGCLad","stomata-franks_reichgelt_2020.xlsx#leaf gas-exchange_Franks!AW12",
35,"GCWab","stomata-franks_reichgelt_2020.xlsx#leaf gas-exchange_Franks!AY12",
35,"eGCWab","stomata-franks_reichgelt_2020.xlsx#leaf gas-exchange_Franks!AZ12",
35,"N_eGCWab","stomata-franks_reichgelt_2020.xlsx#leaf gas-exchange_Franks!BA12",
35,"GCWad","stomata-franks_reichgelt_2020.xlsx#leaf gas-exchange_Franks!BB12",
35,"eGCWad","stomata-franks_reichgelt_2020.xlsx#leaf gas-exchange_Franks!BC12",
35,"d13Cp","stomata-franks_reichgelt_2020.xlsx#leaf gas-exchange_Franks!BE12",
35,"ed13Cp","stomata-franks_reichgelt_2020.xlsx#leaf gas-exchange_Franks!BF12",
35,"N_ed13Cp","stomata-franks_reichgelt_2020.xlsx#leaf gas-exchange_Franks!BG12",
35,"CO2_0","stomata-franks_reichgelt_2020.xlsx#leaf gas-exchange_Franks!BK12",
35,"dv","stomata-franks_reichgelt_2020.xlsx#leaf gas-exchange_Franks!CL12",
35,"A0","stomata-franks_reichgelt_2020.xlsx#leaf gas-exchange_Franks!BL12",
35,"eA0","stomata-franks_reichgelt_2020.xlsx#leaf gas-exchange_Franks!BM12",
35,"N_eA0","stomata-franks_reichgelt_2020.xlsx#leaf gas-exchange_Franks!BN12",
35,"CiCa0","stomata-franks_reichgelt_2020.xlsx#leaf gas-exchange_Franks!BO12",
35,"eCiCa0","stomata-franks_reichgelt_2020.xlsx#leaf gas-exchange_Franks!BP12",
35,"gb","stomata-franks_reichgelt_2020.xlsx#leaf gas-exchange_Franks!BR12",
35,"egb","stomata-franks_reichgelt_2020.xlsx#leaf gas-exchange_Franks!BS12",
35,"N_egb","stomata-franks_reichgelt_2020.xlsx#leaf gas-exchange_Franks!BT12",
35,"s1","stomata-franks_reichgelt_2020.xlsx#leaf gas-exchange_Franks!BU12",
35,"es1","stomata-franks_reichgelt_2020.xlsx#leaf gas-exchange_Franks!BV12",
35,"N_es1","stomata-franks_reichgelt_2020.xlsx#leaf gas-exchange_Franks!BW12",
35,"s2","stomata-franks_reichgelt_2020.xlsx#leaf gas-exchange_Franks!BX12",
35,"es2","stomata-franks_reichgelt_2020.xlsx#leaf gas-exchange_Franks!BY12",
35,"N_es2","stomata-franks_reichgelt_2020.xlsx#leaf gas-exchange_Franks!BZ12",
35,"s3","stomata-franks_reichgelt_2020.xlsx#leaf gas-exchange_Franks!CA12",
35,"es3","stomata-franks_reichgelt_2020.xlsx#leaf gas-exchange_Franks!CB12",
35,"N_es3","stomata-franks_reichgelt_2020.xlsx#leaf gas-exchange_Franks!CC12",
35,"s4","stomata-franks_reichgelt_2020.xlsx#leaf gas-exchange_Franks!CD12",
35,"es4","stomata-franks_reichgelt_2020.xlsx#leaf gas-exchange_Franks!CE12",
35,"N_es4","stomata-franks_reichgelt_2020.xlsx#leaf gas-exchange_Franks!CF12",
35,"s5","stomata-franks_reichgelt_2020.xlsx#leaf gas-exchange_Franks!CG12",
35,"es5","stomata-franks_reichgelt_2020.xlsx#leaf gas-exchange_Franks!CH12",
35,"N_es5","stomata-franks_reichgelt_2020.xlsx#leaf gas-exchange_Franks!CI12",
36,"sample","stomata-franks_reichgelt_2020.xlsx#leaf gas-exchange_Franks!O13",
36,"doi","stomata-franks_reichgelt_2020.xlsx#leaf gas-exchange_Franks!D13",
36,"lat","stomata-franks_reichgelt_2020.xlsx#leaf gas-exchange_Franks!AA13",
36,"lon","stomata-franks_reichgelt_2020.xlsx#leaf gas-exchange_Franks!AB13",
36,"age_mean","stomata-franks_reichgelt_2020.xlsx#leaf gas-exchange_Franks!V13",
36,"age_notes","stomata-franks_reichgelt_2020.xlsx#leaf gas-exchange_Franks!Z13",
36,"family","stomata-franks_reichgelt_2020.xlsx#leaf gas-exchange_Franks!P13",
36,"genus","stomata-franks_reichgelt_2020.xlsx#leaf gas-exchange_Franks!Q13",
36,"Dab","stomata-franks_reichgelt_2020.xlsx#leaf gas-exchange_Franks!AM13",
36,"eDab","stomata-franks_reichgelt_2020.xlsx#leaf gas-exchange_Franks!AN13",
36,"N_eDab","stomata-franks_reichgelt_2020.xlsx#leaf gas-exchange_Franks!AO13",
36,"Dad","stomata-franks_reichgelt_2020.xlsx#leaf gas-exchange_Franks!AP13",
36,"GCLab","stomata-franks_reichgelt_2020.xlsx#leaf gas-exchange_Franks!AS13",
36,"eGCLab","stomata-franks_reichgelt_2020.xlsx#leaf gas-exchange_Franks!AT13",
36,"N_eGCLab","stomata-franks_reichgelt_2020.xlsx#leaf gas-exchange_Franks!AU13",
36,"GCLad","stomata-franks_reichgelt_2020.xlsx#leaf gas-exchange_Franks!AV13",
36,"eGCLad","stomata-franks_reichgelt_2020.xlsx#leaf gas-exchange_Franks!AW13",
36,"GCWab","stomata-franks_reichgelt_2020.xlsx#leaf gas-exchange_Franks!AY13",
36,"eGCWab","stomata-franks_reichgelt_2020.xlsx#leaf gas-exchange_Franks!AZ13",
36,"N_eGCWab","stomata-franks_reichgelt_2020.xlsx#leaf gas-exchange_Franks!BA13",
36,"GCWad","stomata-franks_reichgelt_2020.xlsx#leaf gas-exchange_Franks!BB13",
36,"eGCWad","stomata-franks_reichgelt_2020.xlsx#leaf gas-exchange_Franks!BC13",
36,"d13Cp","stomata-franks_reichgelt_2020.xlsx#leaf gas-exchange_Franks!BE13",
36,"ed13Cp","stomata-franks_reichgelt_2020.xlsx#leaf gas-exchange_Franks!BF13",
36,"N_ed13Cp","stomata-franks_reichgelt_2020.xlsx#leaf gas-exchange_Franks!BG13",
36,"CO2_0","stomata-franks_reichgelt_2020.xlsx#leaf gas-exchange_Franks!BK13",
36,"dv","stomata-franks_reichgelt_2020.xlsx#leaf gas-exchange_Franks!CL13",
36,"A0","stomata-franks_reichgelt_2020.xlsx#leaf gas-exchange_Franks!BL13",
36,"eA0","stomata-franks_reichgelt_2020.xlsx#leaf gas-exchange_Franks!BM13",
36,"N_eA0","stomata-franks_reichgelt_2020.xlsx#leaf gas-exchange_Franks!BN13",
36,"CiCa0","stomata-franks_reichgelt_2020.xlsx#leaf gas-exchange_Franks!BO13",
36,"eCiCa0","stomata-franks_reichgelt_2020.xlsx#leaf gas-exchange_Franks!BP13",
36,"gb","stomata-franks_reichgelt_2020.xlsx#leaf gas-exchange_Franks!BR13",
36,"egb","stomata-franks_reichgelt_2020.xlsx#leaf gas-exchange_Franks!BS13",
36,"N_egb","stomata-franks_reichgelt_2020.xlsx#leaf gas-exchange_Franks!BT13",
36,"s1","stomata-franks_reichgelt_2020.xlsx#leaf gas-exchange_Franks!BU13",
36,"es1","stomata-franks_reichgelt_2020.xlsx#leaf gas-exchange_Franks!BV13",
36,"N_es1","stomata-franks_reichgelt_2020.xlsx#leaf gas-exchange_Franks!BW13",
36,"s2","stomata-franks_reichgelt_2020.xlsx#leaf gas-exchange_Franks!BX13",
36,"es2","stomata-franks_reichgelt_2020.xlsx#leaf gas-exchange_Franks!BY13",
36,"N_es2","stomata-franks_reichgelt_2020.xlsx#leaf gas-exchange_Franks!BZ13",
36,"s3","stomata-franks_reichgelt_2020.xlsx#leaf gas-exchange_Franks!CA13",
36,"es3","stomata-franks_reichgelt_2020.xlsx#leaf gas-exchange_Franks!CB13",
36,"N_es3","stomata-franks_reichgelt_2020.xlsx#leaf gas-exchange_Franks!CC13",
36,"s4","stomata-franks_reichgelt_2020.xlsx#leaf gas-exchange_Franks!CD13",
36,"es4","stomata-franks_reichgelt_2020.xlsx#leaf gas-exchange_Franks!CE13",
36,"N_es4","stomata-franks_reichgelt_2020.xlsx#leaf gas-exchange_Franks!CF13",
36,"s5","stomata-franks_reichgelt_2020.xlsx#leaf gas-exchange_Franks!CG13",
36,"es5","stomata-franks_reichgelt_2020.xlsx#leaf gas-exchange_Franks!CH13",
36,"N_es5","stomata-franks_reichgelt_2020.xlsx#leaf gas-exchange_Franks!CI13",
37,"sample","stomata-franks_reichgelt_2020.xlsx#leaf gas-exchange_Franks!O14",
37,"doi","stomata-franks_reichgelt_2020.xlsx#leaf gas-exchange_Franks!D14",
37,"lat","stomata-franks_reichgelt_2020.xlsx#leaf gas-exchange_Franks!AA14",
37,"lon","stomata-franks_reichgelt_2020.xlsx#leaf gas-exchange_Franks!AB14",
37,"age_mean","stomata-franks_reichgelt_2020.xlsx#leaf gas-exchange_Franks!V14",
37,"age_notes","stomata-franks_reichgelt_2020.xlsx#leaf gas-exchange_Franks!Z14",
37,"family","stomata-franks_reichgelt_2020.xlsx#leaf gas-exchange_Franks!P14",
37,"Dab","stomata-franks_reichgelt_2020.xlsx#leaf gas-exchange_Franks!AM14",
37,"eDab","stomata-franks_reichgelt_2020.xlsx#leaf gas-exchange_Franks!AN14",
37,"N_eDab","stomata-franks_reichgelt_2020.xlsx#leaf gas-exchange_Franks!AO14",
37,"Dad","stomata-franks_reichgelt_2020.xlsx#leaf gas-exchange_Franks!AP14",
37,"GCLab","stomata-franks_reichgelt_2020.xlsx#leaf gas-exchange_Franks!AS14",
37,"eGCLab","stomata-franks_reichgelt_2020.xlsx#leaf gas-exchange_Franks!AT14",
37,"N_eGCLab","stomata-franks_reichgelt_2020.xlsx#leaf gas-exchange_Franks!AU14",
37,"GCLad","stomata-franks_reichgelt_2020.xlsx#leaf gas-exchange_Franks!AV14",
37,"eGCLad","stomata-franks_reichgelt_2020.xlsx#leaf gas-exchange_Franks!AW14",
37,"GCWab","stomata-franks_reichgelt_2020.xlsx#leaf gas-exchange_Franks!AY14",
37,"eGCWab","stomata-franks_reichgelt_2020.xlsx#leaf gas-exchange_Franks!AZ14",
37,"N_eGCWab","stomata-franks_reichgelt_2020.xlsx#leaf gas-exchange_Franks!BA14",
37,"GCWad","stomata-franks_reichgelt_2020.xlsx#leaf gas-exchange_Franks!BB14",
37,"eGCWad","stomata-franks_reichgelt_2020.xlsx#leaf gas-exchange_Franks!BC14",
37,"d13Cp","stomata-franks_reichgelt_2020.xlsx#leaf gas-exchange_Franks!BE14",
37,"ed13Cp","stomata-franks_reichgelt_2020.xlsx#leaf gas-exchange_Franks!BF14",
37,"N_ed13Cp","stomata-franks_reichgelt_2020.xlsx#leaf gas-exchange_Franks!BG14",
37,"CO2_0","stomata-franks_reichgelt_2020.xlsx#leaf gas-exchange_Franks!BK14",
37,"dv","stomata-franks_reichgelt_2020.xlsx#leaf gas-exchange_Franks!CL14",
37,"A0","stomata-franks_reichgelt_2020.xlsx#leaf gas-exchange_Franks!BL14",
37,"eA0","stomata-franks_reichgelt_2020.xlsx#leaf gas-exchange_Franks!BM14",
37,"N_eA0","stomata-franks_reichgelt_2020.xlsx#leaf gas-exchange_Franks!BN14",
37,"CiCa0","stomata-franks_reichgelt_2020.xlsx#leaf gas-exchange_Franks!BO14",
37,"eCiCa0","stomata-franks_reichgelt_2020.xlsx#leaf gas-exchange_Franks!BP14",
37,"gb","stomata-franks_reichgelt_2020.xlsx#leaf gas-exchange_Franks!BR14",
37,"egb","stomata-franks_reichgelt_2020.xlsx#leaf gas-exchange_Franks!BS14",
37,"N_egb","stomata-franks_reichgelt_2020.xlsx#leaf gas-exchange_Franks!BT14",
37,"s1","stomata-franks_reichgelt_2020.xlsx#leaf gas-exchange_Franks!BU14",
37,"es1","stomata-franks_reichgelt_2020.xlsx#leaf gas-exchange_Franks!BV14",
37,"N_es1","stomata-franks_reichgelt_2020.xlsx#leaf gas-exchange_Franks!BW14",
37,"s2","stomata-franks_reichgelt_2020.xlsx#leaf gas-exchange_Franks!BX14",
37,"es2","stomata-franks_reichgelt_2020.xlsx#leaf gas-exchange_Franks!BY14",
37,"N_es2","stomata-franks_reichgelt_2020.xlsx#leaf gas-exchange_Franks!BZ14",
37,"s3","stomata-franks_reichgelt_2020.xlsx#leaf gas-exchange_Franks!CA14",
37,"es3","stomata-franks_reichgelt_2020.xlsx#leaf gas-exchange_Franks!CB14",
37,"N_es3","stomata-franks_reichgelt_2020.xlsx#leaf gas-exchange_Franks!CC14",
37,"s4","stomata-franks_reichgelt_2020.xlsx#leaf gas-exchange_Franks!CD14",
37,"es4","stomata-franks_reichgelt_2020.xlsx#leaf gas-exchange_Franks!CE14",
37,"N_es4","stomata-franks_reichgelt_2020.xlsx#leaf gas-exchange_Franks!CF14",
37,"s5","stomata-franks_reichgelt_2020.xlsx#leaf gas-exchange_Franks!CG14",
37,"es5","stomata-franks_reichgelt_2020.xlsx#leaf gas-exchange_Franks!CH14",
37,"N_es5","stomata-franks_reichgelt_2020.xlsx#leaf gas-exchange_Franks!CI14",
38,"sample","stomata-franks_reichgelt_2020.xlsx#leaf gas-exchange_Franks!O15",
38,"doi","stomata-franks_reichgelt_2020.xlsx#leaf gas-exchange_Franks!D15",
38,"lat","stomata-franks_reichgelt_2020.xlsx#leaf gas-exchange_Franks!AA15",
38,"lon","stomata-franks_reichgelt_2020.xlsx#leaf gas-exchange_Franks!AB15",
38,"age_mean","stomata-franks_reichgelt_2020.xlsx#leaf gas-exchange_Franks!V15",
38,"age_notes","stomata-franks_reichgelt_2020.xlsx#leaf gas-exchange_Franks!Z15",
38,"family","stomata-franks_reichgelt_2020.xlsx#leaf gas-exchange_Franks!P15",
38,"genus","stomata-franks_reichgelt_2020.xlsx#leaf gas-exchange_Franks!Q15",
38,"Dab","stomata-franks_reichgelt_2020.xlsx#leaf gas-exchange_Franks!AM15",
38,"eDab","stomata-franks_reichgelt_2020.xlsx#leaf gas-exchange_Franks!AN15",
38,"N_eDab","stomata-franks_reichgelt_2020.xlsx#leaf gas-exchange_Franks!AO15",
38,"Dad","stomata-franks_reichgelt_2020.xlsx#leaf gas-exchange_Franks!AP15",
38,"GCLab","stomata-franks_reichgelt_2020.xlsx#leaf gas-exchange_Franks!AS15",
38,"eGCLab","stomata-franks_reichgelt_2020.xlsx#leaf gas-exchange_Franks!AT15",
38,"N_eGCLab","stomata-franks_reichgelt_2020.xlsx#leaf gas-exchange_Franks!AU15",
38,"GCLad","stomata-franks_reichgelt_2020.xlsx#leaf gas-exchange_Franks!AV15",
38,"eGCLad","stomata-franks_reichgelt_2020.xlsx#leaf gas-exchange_Franks!AW15",
38,"GCWab","stomata-franks_reichgelt_2020.xlsx#leaf gas-exchange_Franks!AY15",
38,"eGCWab","stomata-franks_reichgelt_2020.xlsx#leaf gas-exchange_Franks!AZ15",
38,"N_eGCWab","stomata-franks_reichgelt_2020.xlsx#leaf gas-exchange_Franks!BA15",
38,"GCWad","stomata-franks_reichgelt_2020.xlsx#leaf gas-exchange_Franks!BB15",
38,"eGCWad","stomata-franks_reichgelt_2020.xlsx#leaf gas-exchange_Franks!BC15",
38,"d13Cp","stomata-franks_reichgelt_2020.xlsx#leaf gas-exchange_Franks!BE15",
38,"ed13Cp","stomata-franks_reichgelt_2020.xlsx#leaf gas-exchange_Franks!BF15",
38,"N_ed13Cp","stomata-franks_reichgelt_2020.xlsx#leaf gas-exchange_Franks!BG15",
38,"CO2_0","stomata-franks_reichgelt_2020.xlsx#leaf gas-exchange_Franks!BK15",
38,"dv","stomata-franks_reichgelt_2020.xlsx#leaf gas-exchange_Franks!CL15",
38,"A0","stomata-franks_reichgelt_2020.xlsx#leaf gas-exchange_Franks!BL15",
38,"eA0","stomata-franks_reichgelt_2020.xlsx#leaf gas-exchange_Franks!BM15",
38,"N_eA0","stomata-franks_reichgelt_2020.xlsx#leaf gas-exchange_Franks!BN15",
38,"CiCa0","stomata-franks_reichgelt_2020.xlsx#leaf gas-exchange_Franks!BO15",
38,"eCiCa0","stomata-franks_reichgelt_2020.xlsx#leaf gas-exchange_Franks!BP15",
38,"gb","stomata-franks_reichgelt_2020.xlsx#leaf gas-exchange_Franks!BR15",
38,"egb","stomata-franks_reichgelt_2020.xlsx#leaf gas-exchange_Franks!BS15",
38,"N_egb","stomata-franks_reichgelt_2020.xlsx#leaf gas-exchange_Franks!BT15",
38,"s1","stomata-franks_reichgelt_2020.xlsx#leaf gas-exchange_Franks!BU15",
38,"es1","stomata-franks_reichgelt_2020.xlsx#leaf gas-exchange_Franks!BV15",
38,"N_es1","stomata-franks_reichgelt_2020.xlsx#leaf gas-exchange_Franks!BW15",
38,"s2","stomata-franks_reichgelt_2020.xlsx#leaf gas-exchange_Franks!BX15",
38,"es2","stomata-franks_reichgelt_2020.xlsx#leaf gas-exchange_Franks!BY15",
38,"N_es2","stomata-franks_reichgelt_2020.xlsx#leaf gas-exchange_Franks!BZ15",
38,"s3","stomata-franks_reichgelt_2020.xlsx#leaf gas-exchange_Franks!CA15",
38,"es3","stomata-franks_reichgelt_2020.xlsx#leaf gas-exchange_Franks!CB15",
38,"N_es3","stomata-franks_reichgelt_2020.xlsx#leaf gas-exchange_Franks!CC15",
38,"s4","stomata-franks_reichgelt_2020.xlsx#leaf gas-exchange_Franks!CD15",
38,"es4","stomata-franks_reichgelt_2020.xlsx#leaf gas-exchange_Franks!CE15",
38,"N_es4","stomata-franks_reichgelt_2020.xlsx#leaf gas-exchange_Franks!CF15",
38,"s5","stomata-franks_reichgelt_2020.xlsx#leaf gas-exchange_Franks!CG15",
38,"es5","stomata-franks_reichgelt_2020.xlsx#leaf gas-exchange_Franks!CH15",
38,"N_es5","stomata-franks_reichgelt_2020.xlsx#leaf gas-exchange_Franks!CI15",
39,"sample","stomata-franks_reichgelt_2020.xlsx#leaf gas-exchange_Franks!O16",
39,"doi","stomata-franks_reichgelt_2020.xlsx#leaf gas-exchange_Franks!D16",
39,"lat","stomata-franks_reichgelt_2020.xlsx#leaf gas-exchange_Franks!AA16",
39,"lon","stomata-franks_reichgelt_2020.xlsx#leaf gas-exchange_Franks!AB16",
39,"age_mean","stomata-franks_reichgelt_2020.xlsx#leaf gas-exchange_Franks!V16",
39,"age_notes","stomata-franks_reichgelt_2020.xlsx#leaf gas-exchange_Franks!Z16",
39,"family","stomata-franks_reichgelt_2020.xlsx#leaf gas-exchange_Franks!P16",
39,"genus","stomata-franks_reichgelt_2020.xlsx#leaf gas-exchange_Franks!Q16",
39,"Dab","stomata-franks_reichgelt_2020.xlsx#leaf gas-exchange_Franks!AM16",
39,"eDab","stomata-franks_reichgelt_2020.xlsx#leaf gas-exchange_Franks!AN16",
39,"N_eDab","stomata-franks_reichgelt_2020.xlsx#leaf gas-exchange_Franks!AO16",
39,"Dad","stomata-franks_reichgelt_2020.xlsx#leaf gas-exchange_Franks!AP16",
39,"GCLab","stomata-franks_reichgelt_2020.xlsx#leaf gas-exchange_Franks!AS16",
39,"eGCLab","stomata-franks_reichgelt_2020.xlsx#leaf gas-exchange_Franks!AT16",
39,"N_eGCLab","stomata-franks_reichgelt_2020.xlsx#leaf gas-exchange_Franks!AU16",
39,"GCLad","stomata-franks_reichgelt_2020.xlsx#leaf gas-exchange_Franks!AV16",
39,"eGCLad","stomata-franks_reichgelt_2020.xlsx#leaf gas-exchange_Franks!AW16",
39,"GCWab","stomata-franks_reichgelt_2020.xlsx#leaf gas-exchange_Franks!AY16",
39,"eGCWab","stomata-franks_reichgelt_2020.xlsx#leaf gas-exchange_Franks!AZ16",
39,"N_eGCWab","stomata-franks_reichgelt_2020.xlsx#leaf gas-exchange_Franks!BA16",
39,"GCWad","stomata-franks_reichgelt_2020.xlsx#leaf gas-exchange_Franks!BB16",
39,"eGCWad","stomata-franks_reichgelt_2020.xlsx#leaf gas-exchange_Franks!BC16",
39,"d13Cp","stomata-franks_reichgelt_2020.xlsx#leaf gas-exchange_Franks!BE16",
39,"ed13Cp","stomata-franks_reichgelt_2020.xlsx#leaf gas-exchange_Franks!BF16",
39,"N_ed13Cp","stomata-franks_reichgelt_2020.xlsx#leaf gas-exchange_Franks!BG16",
39,"CO2_0","stomata-franks_reichgelt_2020.xlsx#leaf gas-exchange_Franks!BK16",
39,"dv","stomata-franks_reichgelt_2020.xlsx#leaf gas-exchange_Franks!CL16",
39,"A0","stomata-franks_reichgelt_2020.xlsx#leaf gas-exchange_Franks!BL16",
39,"eA0","stomata-franks_reichgelt_2020.xlsx#leaf gas-exchange_Franks!BM16",
39,"N_eA0","stomata-franks_reichgelt_2020.xlsx#leaf gas-exchange_Franks!BN16",
39,"CiCa0","stomata-franks_reichgelt_2020.xlsx#leaf gas-exchange_Franks!BO16",
39,"eCiCa0","stomata-franks_reichgelt_2020.xlsx#leaf gas-exchange_Franks!BP16",
39,"gb","stomata-franks_reichgelt_2020.xlsx#leaf gas-exchange_Franks!BR16",
39,"egb","stomata-franks_reichgelt_2020.xlsx#leaf gas-exchange_Franks!BS16",
39,"N_egb","stomata-franks_reichgelt_2020.xlsx#leaf gas-exchange_Franks!BT16",
39,"s1","stomata-franks_reichgelt_2020.xlsx#leaf gas-exchange_Franks!BU16",
39,"es1","stomata-franks_reichgelt_2020.xlsx#leaf gas-exchange_Franks!BV16",
39,"N_es1","stomata-franks_reichgelt_2020.xlsx#leaf gas-exchange_Franks!BW16",
39,"s2","stomata-franks_reichgelt_2020.xlsx#leaf gas-exchange_Franks!BX16",
39,"es2","stomata-franks_reichgelt_2020.xlsx#leaf gas-exchange_Franks!BY16",
39,"N_es2","stomata-franks_reichgelt_2020.xlsx#leaf gas-exchange_Franks!BZ16",
39,"s3","stomata-franks_reichgelt_2020.xlsx#leaf gas-exchange_Franks!CA16",
39,"es3","stomata-franks_reichgelt_2020.xlsx#leaf gas-exchange_Franks!CB16",
39,"N_es3","stomata-franks_reichgelt_2020.xlsx#leaf gas-exchange_Franks!CC16",
39,"s4","stomata-franks_reichgelt_2020.xlsx#leaf gas-exchange_Franks!CD16",
39,"es4","stomata-franks_reichgelt_2020.xlsx#leaf gas-exchange_Franks!CE16",
39,"N_es4","stomata-franks_reichgelt_2020.xlsx#leaf gas-exchange_Franks!CF16",
39,"s5","stomata-franks_reichgelt_2020.xlsx#leaf gas-exchange_Franks!CG16",
39,"es5","stomata-franks_reichgelt_2020.xlsx#leaf gas-exchange_Franks!CH16",
39,"N_es5","stomata-franks_reichgelt_2020.xlsx#leaf gas-exchange_Franks!CI16",
40,"doi","stomata-franks_reichgelt_2020.xlsx#leaf gas-exchange_Franks!D17",
40,"lat","stomata-franks_reichgelt_2020.xlsx#leaf gas-exchange_Franks!AA17",
40,"lon","stomata-franks_reichgelt_2020.xlsx#leaf gas-exchange_Franks!AB17",
40,"age_mean","stomata-franks_reichgelt_2020.xlsx#leaf gas-exchange_Franks!V17",
40,"age_min","stomata-franks_reichgelt_2020.xlsx#leaf gas-exchange_Franks!X17",
40,"age_max","stomata-franks_reichgelt_2020.xlsx#leaf gas-exchange_Franks!W17",
40,"age_notes","stomata-franks_reichgelt_2020.xlsx#leaf gas-exchange_Franks!Z17",
41,"sample","stomata-franks_reichgelt_2020.xlsx#leaf gas-exchange_Franks!O18",
41,"doi","stomata-franks_reichgelt_2020.xlsx#leaf gas-exchange_Franks!D18",
41,"lat","stomata-franks_reichgelt_2020.xlsx#leaf gas-exchange_Franks!AA18",
41,"lon","stomata-franks_reichgelt_2020.xlsx#leaf gas-exchange_Franks!AB18",
41,"age_mean","stomata-franks_reichgelt_2020.xlsx#leaf gas-exchange_Franks!V18",
41,"age_notes","stomata-franks_reichgelt_2020.xlsx#leaf gas-exchange_Franks!Z18",
41,"family","stomata-franks_reichgelt_2020.xlsx#leaf gas-exchange_Franks!P18",
41,"Dab","stomata-franks_reichgelt_2020.xlsx#leaf gas-exchange_Franks!AM18",
41,"eDab","stomata-franks_reichgelt_2020.xlsx#leaf gas-exchange_Franks!AN18",
41,"N_eDab","stomata-franks_reichgelt_2020.xlsx#leaf gas-exchange_Franks!AO18",
41,"Dad","stomata-franks_reichgelt_2020.xlsx#leaf gas-exchange_Franks!AP18",
41,"GCLab","stomata-franks_reichgelt_2020.xlsx#leaf gas-exchange_Franks!AS18",
41,"eGCLab","stomata-franks_reichgelt_2020.xlsx#leaf gas-exchange_Franks!AT18",
41,"N_eGCLab","stomata-franks_reichgelt_2020.xlsx#leaf gas-exchange_Franks!AU18",
41,"GCLad","stomata-franks_reichgelt_2020.xlsx#leaf gas-exchange_Franks!AV18",
41,"eGCLad","stomata-franks_reichgelt_2020.xlsx#leaf gas-exchange_Franks!AW18",
41,"GCWab","stomata-franks_reichgelt_2020.xlsx#leaf gas-exchange_Franks!AY18",
41,"eGCWab","stomata-franks_reichgelt_2020.xlsx#leaf gas-exchange_Franks!AZ18",
41,"N_eGCWab","stomata-franks_reichgelt_2020.xlsx#leaf gas-exchange_Franks!BA18",
41,"GCWad","stomata-franks_reichgelt_2020.xlsx#leaf gas-exchange_Franks!BB18",
41,"eGCWad","stomata-franks_reichgelt_2020.xlsx#leaf gas-exchange_Franks!BC18",
41,"d13Cp","stomata-franks_reichgelt_2020.xlsx#leaf gas-exchange_Franks!BE18",
41,"ed13Cp","stomata-franks_reichgelt_2020.xlsx#leaf gas-exchange_Franks!BF18",
41,"N_ed13Cp","stomata-franks_reichgelt_2020.xlsx#leaf gas-exchange_Franks!BG18",
41,"CO2_0","stomata-franks_reichgelt_2020.xlsx#leaf gas-exchange_Franks!BK18",
41,"dv","stomata-franks_reichgelt_2020.xlsx#leaf gas-exchange_Franks!CL18",
41,"A0","stomata-franks_reichgelt_2020.xlsx#leaf gas-exchange_Franks!BL18",
41,"eA0","stomata-franks_reichgelt_2020.xlsx#leaf gas-exchange_Franks!BM18",
41,"N_eA0","stomata-franks_reichgelt_2020.xlsx#leaf gas-exchange_Franks!BN18",
41,"CiCa0","stomata-franks_reichgelt_2020.xlsx#leaf gas-exchange_Franks!BO18",
41,"eCiCa0","stomata-franks_reichgelt_2020.xlsx#leaf gas-exchange_Franks!BP18",
41,"gb","stomata-franks_reichgelt_2020.xlsx#leaf gas-exchange_Franks!BR18",
41,"egb","stomata-franks_reichgelt_2020.xlsx#leaf gas-exchange_Franks!BS18",
41,"N_egb","stomata-franks_reichgelt_2020.xlsx#leaf gas-exchange_Franks!BT18",
41,"s1","stomata-franks_reichgelt_2020.xlsx#leaf gas-exchange_Franks!BU18",
41,"es1","stomata-franks_reichgelt_2020.xlsx#leaf gas-exchange_Franks!BV18",
41,"N_es1","stomata-franks_reichgelt_2020.xlsx#leaf gas-exchange_Franks!BW18",
41,"s2","stomata-franks_reichgelt_2020.xlsx#leaf gas-exchange_Franks!BX18",
41,"es2","stomata-franks_reichgelt_2020.xlsx#leaf gas-exchange_Franks!BY18",
41,"N_es2","stomata-franks_reichgelt_2020.xlsx#leaf gas-exchange_Franks!BZ18",
41,"s3","stomata-franks_reichgelt_2020.xlsx#leaf gas-exchange_Franks!CA18",
41,"es3","stomata-franks_reichgelt_2020.xlsx#leaf gas-exchange_Franks!CB18",
41,"N_es3","stomata-franks_reichgelt_2020.xlsx#leaf gas-exchange_Franks!CC18",
41,"s4","stomata-franks_reichgelt_2020.xlsx#leaf gas-exchange_Franks!CD18",
41,"es4","stomata-franks_reichgelt_2020.xlsx#leaf gas-exchange_Franks!CE18",
41,"N_es4","stomata-franks_reichgelt_2020.xlsx#leaf gas-exchange_Franks!CF18",
41,"s5","stomata-franks_reichgelt_2020.xlsx#leaf gas-exchange_Franks!CG18",
41,"es5","stomata-franks_reichgelt_2020.xlsx#leaf gas-exchange_Franks!CH18",
41,"N_es5","stomata-franks_reichgelt_2020.xlsx#leaf gas-exchange_Franks!CI18",
42,"sample","stomata-franks_reichgelt_2020.xlsx#leaf gas-exchange_Franks!O19",
42,"doi","stomata-franks_reichgelt_2020.xlsx#leaf gas-exchange_Franks!D19",
42,"lat","stomata-franks_reichgelt_2020.xlsx#leaf gas-exchange_Franks!AA19",
42,"lon","stomata-franks_reichgelt_2020.xlsx#leaf gas-exchange_Franks!AB19",
42,"age_mean","stomata-franks_reichgelt_2020.xlsx#leaf gas-exchange_Franks!V19",
42,"age_notes","stomata-franks_reichgelt_2020.xlsx#leaf gas-exchange_Franks!Z19",
42,"family","stomata-franks_reichgelt_2020.xlsx#leaf gas-exchange_Franks!P19",
42,"genus","stomata-franks_reichgelt_2020.xlsx#leaf gas-exchange_Franks!Q19",
42,"Dab","stomata-franks_reichgelt_2020.xlsx#leaf gas-exchange_Franks!AM19",
42,"eDab","stomata-franks_reichgelt_2020.xlsx#leaf gas-exchange_Franks!AN19",
42,"N_eDab","stomata-franks_reichgelt_2020.xlsx#leaf gas-exchange_Franks!AO19",
42,"Dad","stomata-franks_reichgelt_2020.xlsx#leaf gas-exchange_Franks!AP19",
42,"GCLab","stomata-franks_reichgelt_2020.xlsx#leaf gas-exchange_Franks!AS19",
42,"eGCLab","stomata-franks_reichgelt_2020.xlsx#leaf gas-exchange_Franks!AT19",
42,"N_eGCLab","stomata-franks_reichgelt_2020.xlsx#leaf gas-exchange_Franks!AU19",
42,"GCLad","stomata-franks_reichgelt_2020.xlsx#leaf gas-exchange_Franks!AV19",
42,"eGCLad","stomata-franks_reichgelt_2020.xlsx#leaf gas-exchange_Franks!AW19",
42,"GCWab","stomata-franks_reichgelt_2020.xlsx#leaf gas-exchange_Franks!AY19",
42,"eGCWab","stomata-franks_reichgelt_2020.xlsx#leaf gas-exchange_Franks!AZ19",
42,"N_eGCWab","stomata-franks_reichgelt_2020.xlsx#leaf gas-exchange_Franks!BA19",
42,"GCWad","stomata-franks_reichgelt_2020.xlsx#leaf gas-exchange_Franks!BB19",
42,"eGCWad","stomata-franks_reichgelt_2020.xlsx#leaf gas-exchange_Franks!BC19",
42,"d13Cp","stomata-franks_reichgelt_2020.xlsx#leaf gas-exchange_Franks!BE19",
42,"ed13Cp","stomata-franks_reichgelt_2020.xlsx#leaf gas-exchange_Franks!BF19",
42,"N_ed13Cp","stomata-franks_reichgelt_2020.xlsx#leaf gas-exchange_Franks!BG19",
42,"CO2_0","stomata-franks_reichgelt_2020.xlsx#leaf gas-exchange_Franks!BK19",
42,"dv","stomata-franks_reichgelt_2020.xlsx#leaf gas-exchange_Franks!CL19",
42,"A0","stomata-franks_reichgelt_2020.xlsx#leaf gas-exchange_Franks!BL19",
42,"eA0","stomata-franks_reichgelt_2020.xlsx#leaf gas-exchange_Franks!BM19",
42,"N_eA0","stomata-franks_reichgelt_2020.xlsx#leaf gas-exchange_Franks!BN19",
42,"CiCa0","stomata-franks_reichgelt_2020.xlsx#leaf gas-exchange_Franks!BO19",
42,"eCiCa0","stomata-franks_reichgelt_2020.xlsx#leaf gas-exchange_Franks!BP19",
42,"gb","stomata-franks_reichgelt_2020.xlsx#leaf gas-exchange_Franks!BR19",
42,"egb","stomata-franks_reichgelt_2020.xlsx#leaf gas-exchange_Franks!BS19",
42,"N_egb","stomata-franks_reichgelt_2020.xlsx#leaf gas-exchange_Franks!BT19",
42,"s1","stomata-franks_reichgelt_2020.xlsx#leaf gas-exchange_Franks!BU19",
42,"es1","stomata-franks_reichgelt_2020.xlsx#leaf gas-exchange_Franks!BV19",
42,"N_es1","stomata-franks_reichgelt_2020.xlsx#leaf gas-exchange_Franks!BW19",
42,"s2","stomata-franks_reichgelt_2020.xlsx#leaf gas-exchange_Franks!BX19",
42,"es2","stomata-franks_reichgelt_2020.xlsx#leaf gas-exchange_Franks!BY19",
42,"N_es2","stomata-franks_reichgelt_2020.xlsx#leaf gas-exchange_Franks!BZ19",
42,"s3","stomata-franks_reichgelt_2020.xlsx#leaf gas-exchange_Franks!CA19",
42,"es3","stomata-franks_reichgelt_2020.xlsx#leaf gas-exchange_Franks!CB19",
42,"N_es3","stomata-franks_reichgelt_2020.xlsx#leaf gas-exchange_Franks!CC19",
42,"s4","stomata-franks_reichgelt_2020.xlsx#leaf gas-exchange_Franks!CD19",
42,"es4","stomata-franks_reichgelt_2020.xlsx#leaf gas-exchange_Franks!CE19",
42,"N_es4","stomata-franks_reichgelt_2020.xlsx#leaf gas-exchange_Franks!CF19",
42,"s5","stomata-franks_reichgelt_2020.xlsx#leaf gas-exchange_Franks!CG19",
42,"es5","stomata-franks_reichgelt_2020.xlsx#leaf gas-exchange_Franks!CH19",
42,"N_es5","stomata-franks_reichgelt_2020.xlsx#leaf gas-exchange_Franks!CI19",
43,"sample","stomata-franks_reichgelt_2020.xlsx#leaf gas-exchange_Franks!O20",
43,"doi","stomata-franks_reichgelt_2020.xlsx#leaf gas-exchange_Franks!D20",
43,"lat","stomata-franks_reichgelt_2020.xlsx#leaf gas-exchange_Franks!AA20",
43,"lon","stomata-franks_reichgelt_2020.xlsx#leaf gas-exchange_Franks!AB20",
43,"age_mean","stomata-franks_reichgelt_2020.xlsx#leaf gas-exchange_Franks!V20",
43,"age_notes","stomata-franks_reichgelt_2020.xlsx#leaf gas-exchange_Franks!Z20",
43,"family","stomata-franks_reichgelt_2020.xlsx#leaf gas-exchange_Franks!P20",
43,"genus","stomata-franks_reichgelt_2020.xlsx#leaf gas-exchange_Franks!Q20",
43,"Dab","stomata-franks_reichgelt_2020.xlsx#leaf gas-exchange_Franks!AM20",
43,"eDab","stomata-franks_reichgelt_2020.xlsx#leaf gas-exchange_Franks!AN20",
43,"N_eDab","stomata-franks_reichgelt_2020.xlsx#leaf gas-exchange_Franks!AO20",
43,"Dad","stomata-franks_reichgelt_2020.xlsx#leaf gas-exchange_Franks!AP20",
43,"GCLab","stomata-franks_reichgelt_2020.xlsx#leaf gas-exchange_Franks!AS20",
43,"eGCLab","stomata-franks_reichgelt_2020.xlsx#leaf gas-exchange_Franks!AT20",
43,"N_eGCLab","stomata-franks_reichgelt_2020.xlsx#leaf gas-exchange_Franks!AU20",
43,"GCLad","stomata-franks_reichgelt_2020.xlsx#leaf gas-exchange_Franks!AV20",
43,"eGCLad","stomata-franks_reichgelt_2020.xlsx#leaf gas-exchange_Franks!AW20",
43,"GCWab","stomata-franks_reichgelt_2020.xlsx#leaf gas-exchange_Franks!AY20",
43,"eGCWab","stomata-franks_reichgelt_2020.xlsx#leaf gas-exchange_Franks!AZ20",
43,"N_eGCWab","stomata-franks_reichgelt_2020.xlsx#leaf gas-exchange_Franks!BA20",
43,"GCWad","stomata-franks_reichgelt_2020.xlsx#leaf gas-exchange_Franks!BB20",
43,"eGCWad","stomata-franks_reichgelt_2020.xlsx#leaf gas-exchange_Franks!BC20",
43,"d13Cp","stomata-franks_reichgelt_2020.xlsx#leaf gas-exchange_Franks!BE20",
43,"ed13Cp","stomata-franks_reichgelt_2020.xlsx#leaf gas-exchange_Franks!BF20",
43,"N_ed13Cp","stomata-franks_reichgelt_2020.xlsx#leaf gas-exchange_Franks!BG20",
43,"CO2_0","stomata-franks_reichgelt_2020.xlsx#leaf gas-exchange_Franks!BK20",
43,"dv","stomata-franks_reichgelt_2020.xlsx#leaf gas-exchange_Franks!CL20",
43,"A0","stomata-franks_reichgelt_2020.xlsx#leaf gas-exchange_Franks!BL20",
43,"eA0","stomata-franks_reichgelt_2020.xlsx#leaf gas-exchange_Franks!BM20",
43,"N_eA0","stomata-franks_reichgelt_2020.xlsx#leaf gas-exchange_Franks!BN20",
43,"CiCa0","stomata-franks_reichgelt_2020.xlsx#leaf gas-exchange_Franks!BO20",
43,"eCiCa0","stomata-franks_reichgelt_2020.xlsx#leaf gas-exchange_Franks!BP20",
43,"gb","stomata-franks_reichgelt_2020.xlsx#leaf gas-exchange_Franks!BR20",
43,"egb","stomata-franks_reichgelt_2020.xlsx#leaf gas-exchange_Franks!BS20",
43,"N_egb","stomata-franks_reichgelt_2020.xlsx#leaf gas-exchange_Franks!BT20",
43,"s1","stomata-franks_reichgelt_2020.xlsx#leaf gas-exchange_Franks!BU20",
43,"es1","stomata-franks_reichgelt_2020.xlsx#leaf gas-exchange_Franks!BV20",
43,"N_es1","stomata-franks_reichgelt_2020.xlsx#leaf gas-exchange_Franks!BW20",
43,"s2","stomata-franks_reichgelt_2020.xlsx#leaf gas-exchange_Franks!BX20",
43,"es2","stomata-franks_reichgelt_2020.xlsx#leaf gas-exchange_Franks!BY20",
43,"N_es2","stomata-franks_reichgelt_2020.xlsx#leaf gas-exchange_Franks!BZ20",
43,"s3","stomata-franks_reichgelt_2020.xlsx#leaf gas-exchange_Franks!CA20",
43,"es3","stomata-franks_reichgelt_2020.xlsx#leaf gas-exchange_Franks!CB20",
43,"N_es3","stomata-franks_reichgelt_2020.xlsx#leaf gas-exchange_Franks!CC20",
43,"s4","stomata-franks_reichgelt_2020.xlsx#leaf gas-exchange_Franks!CD20",
43,"es4","stomata-franks_reichgelt_2020.xlsx#leaf gas-exchange_Franks!CE20",
43,"N_es4","stomata-franks_reichgelt_2020.xlsx#leaf gas-exchange_Franks!CF20",
43,"s5","stomata-franks_reichgelt_2020.xlsx#leaf gas-exchange_Franks!CG20",
43,"es5","stomata-franks_reichgelt_2020.xlsx#leaf gas-exchange_Franks!CH20",
43,"N_es5","stomata-franks_reichgelt_2020.xlsx#leaf gas-exchange_Franks!CI20",
44,"sample","stomata-franks_reichgelt_2020.xlsx#leaf gas-exchange_Franks!O21",
44,"doi","stomata-franks_reichgelt_2020.xlsx#leaf gas-exchange_Franks!D21",
44,"lat","stomata-franks_reichgelt_2020.xlsx#leaf gas-exchange_Franks!AA21",
44,"lon","stomata-franks_reichgelt_2020.xlsx#leaf gas-exchange_Franks!AB21",
44,"age_mean","stomata-franks_reichgelt_2020.xlsx#leaf gas-exchange_Franks!V21",
44,"age_notes","stomata-franks_reichgelt_2020.xlsx#leaf gas-exchange_Franks!Z21",
44,"family","stomata-franks_reichgelt_2020.xlsx#leaf gas-exchange_Franks!P21",
44,"genus","stomata-franks_reichgelt_2020.xlsx#leaf gas-exchange_Franks!Q21",
44,"Dab","stomata-franks_reichgelt_2020.xlsx#leaf gas-exchange_Franks!AM21",
44,"eDab","stomata-franks_reichgelt_2020.xlsx#leaf gas-exchange_Franks!AN21",
44,"N_eDab","stomata-franks_reichgelt_2020.xlsx#leaf gas-exchange_Franks!AO21",
44,"Dad","stomata-franks_reichgelt_2020.xlsx#leaf gas-exchange_Franks!AP21",
44,"GCLab","stomata-franks_reichgelt_2020.xlsx#leaf gas-exchange_Franks!AS21",
44,"eGCLab","stomata-franks_reichgelt_2020.xlsx#leaf gas-exchange_Franks!AT21",
44,"N_eGCLab","stomata-franks_reichgelt_2020.xlsx#leaf gas-exchange_Franks!AU21",
44,"GCLad","stomata-franks_reichgelt_2020.xlsx#leaf gas-exchange_Franks!AV21",
44,"eGCLad","stomata-franks_reichgelt_2020.xlsx#leaf gas-exchange_Franks!AW21",
44,"GCWab","stomata-franks_reichgelt_2020.xlsx#leaf gas-exchange_Franks!AY21",
44,"eGCWab","stomata-franks_reichgelt_2020.xlsx#leaf gas-exchange_Franks!AZ21",
44,"N_eGCWab","stomata-franks_reichgelt_2020.xlsx#leaf gas-exchange_Franks!BA21",
44,"GCWad","stomata-franks_reichgelt_2020.xlsx#leaf gas-exchange_Franks!BB21",
44,"eGCWad","stomata-franks_reichgelt_2020.xlsx#leaf gas-exchange_Franks!BC21",
44,"d13Cp","stomata-franks_reichgelt_2020.xlsx#leaf gas-exchange_Franks!BE21",
44,"ed13Cp","stomata-franks_reichgelt_2020.xlsx#leaf gas-exchange_Franks!BF21",
44,"N_ed13Cp","stomata-franks_reichgelt_2020.xlsx#leaf gas-exchange_Franks!BG21",
44,"CO2_0","stomata-franks_reichgelt_2020.xlsx#leaf gas-exchange_Franks!BK21",
44,"dv","stomata-franks_reichgelt_2020.xlsx#leaf gas-exchange_Franks!CL21",
44,"A0","stomata-franks_reichgelt_2020.xlsx#leaf gas-exchange_Franks!BL21",
44,"eA0","stomata-franks_reichgelt_2020.xlsx#leaf gas-exchange_Franks!BM21",
44,"N_eA0","stomata-franks_reichgelt_2020.xlsx#leaf gas-exchange_Franks!BN21",
44,"CiCa0","stomata-franks_reichgelt_2020.xlsx#leaf gas-exchange_Franks!BO21",
44,"eCiCa0","stomata-franks_reichgelt_2020.xlsx#leaf gas-exchange_Franks!BP21",
44,"gb","stomata-franks_reichgelt_2020.xlsx#leaf gas-exchange_Franks!BR21",
44,"egb","stomata-franks_reichgelt_2020.xlsx#leaf gas-exchange_Franks!BS21",
44,"N_egb","stomata-franks_reichgelt_2020.xlsx#leaf gas-exchange_Franks!BT21",
44,"s1","stomata-franks_reichgelt_2020.xlsx#leaf gas-exchange_Franks!BU21",
44,"es1","stomata-franks_reichgelt_2020.xlsx#leaf gas-exchange_Franks!BV21",
44,"N_es1","stomata-franks_reichgelt_2020.xlsx#leaf gas-exchange_Franks!BW21",
44,"s2","stomata-franks_reichgelt_2020.xlsx#leaf gas-exchange_Franks!BX21",
44,"es2","stomata-franks_reichgelt_2020.xlsx#leaf gas-exchange_Franks!BY21",
44,"N_es2","stomata-franks_reichgelt_2020.xlsx#leaf gas-exchange_Franks!BZ21",
44,"s3","stomata-franks_reichgelt_2020.xlsx#leaf gas-exchange_Franks!CA21",
44,"es3","stomata-franks_reichgelt_2020.xlsx#leaf gas-exchange_Franks!CB21",
44,"N_es3","stomata-franks_reichgelt_2020.xlsx#leaf gas-exchange_Franks!CC21",
44,"s4","stomata-franks_reichgelt_2020.xlsx#leaf gas-exchange_Franks!CD21",
44,"es4","stomata-franks_reichgelt_2020.xlsx#leaf gas-exchange_Franks!CE21",
44,"N_es4","stomata-franks_reichgelt_2020.xlsx#leaf gas-exchange_Franks!CF21",
44,"s5","stomata-franks_reichgelt_2020.xlsx#leaf gas-exchange_Franks!CG21",
44,"es5","stomata-franks_reichgelt_2020.xlsx#leaf gas-exchange_Franks!CH21",
44,"N_es5","stomata-franks_reichgelt_2020.xlsx#leaf gas-exchange_Franks!CI21",
45,"sample","stomata-franks_reichgelt_2020.xlsx#leaf gas-exchange_Franks!O22",
45,"doi","stomata-franks_reichgelt_2020.xlsx#leaf gas-exchange_Franks!D22",
45,"lat","stomata-franks_reichgelt_2020.xlsx#leaf gas-exchange_Franks!AA22",
45,"lon","stomata-franks_reichgelt_2020.xlsx#leaf gas-exchange_Franks!AB22",
45,"age_mean","stomata-franks_reichgelt_2020.xlsx#leaf gas-exchange_Franks!V22",
45,"age_notes","stomata-franks_reichgelt_2020.xlsx#leaf gas-exchange_Franks!Z22",
45,"family","stomata-franks_reichgelt_2020.xlsx#leaf gas-exchange_Franks!P22",
45,"genus","stomata-franks_reichgelt_2020.xlsx#leaf gas-exchange_Franks!Q22",
45,"Dab","stomata-franks_reichgelt_2020.xlsx#leaf gas-exchange_Franks!AM22",
45,"eDab","stomata-franks_reichgelt_2020.xlsx#leaf gas-exchange_Franks!AN22",
45,"N_eDab","stomata-franks_reichgelt_2020.xlsx#leaf gas-exchange_Franks!AO22",
45,"Dad","stomata-franks_reichgelt_2020.xlsx#leaf gas-exchange_Franks!AP22",
45,"GCLab","stomata-franks_reichgelt_2020.xlsx#leaf gas-exchange_Franks!AS22",
45,"eGCLab","stomata-franks_reichgelt_2020.xlsx#leaf gas-exchange_Franks!AT22",
45,"N_eGCLab","stomata-franks_reichgelt_2020.xlsx#leaf gas-exchange_Franks!AU22",
45,"GCLad","stomata-franks_reichgelt_2020.xlsx#leaf gas-exchange_Franks!AV22",
45,"eGCLad","stomata-franks_reichgelt_2020.xlsx#leaf gas-exchange_Franks!AW22",
45,"GCWab","stomata-franks_reichgelt_2020.xlsx#leaf gas-exchange_Franks!AY22",
45,"eGCWab","stomata-franks_reichgelt_2020.xlsx#leaf gas-exchange_Franks!AZ22",
45,"N_eGCWab","stomata-franks_reichgelt_2020.xlsx#leaf gas-exchange_Franks!BA22",
45,"GCWad","stomata-franks_reichgelt_2020.xlsx#leaf gas-exchange_Franks!BB22",
45,"eGCWad","stomata-franks_reichgelt_2020.xlsx#leaf gas-exchange_Franks!BC22",
45,"d13Cp","stomata-franks_reichgelt_2020.xlsx#leaf gas-exchange_Franks!BE22",
45,"ed13Cp","stomata-franks_reichgelt_2020.xlsx#leaf gas-exchange_Franks!BF22",
45,"N_ed13Cp","stomata-franks_reichgelt_2020.xlsx#leaf gas-exchange_Franks!BG22",
45,"CO2_0","stomata-franks_reichgelt_2020.xlsx#leaf gas-exchange_Franks!BK22",
45,"dv","stomata-franks_reichgelt_2020.xlsx#leaf gas-exchange_Franks!CL22",
45,"A0","stomata-franks_reichgelt_2020.xlsx#leaf gas-exchange_Franks!BL22",
45,"eA0","stomata-franks_reichgelt_2020.xlsx#leaf gas-exchange_Franks!BM22",
45,"N_eA0","stomata-franks_reichgelt_2020.xlsx#leaf gas-exchange_Franks!BN22",
45,"CiCa0","stomata-franks_reichgelt_2020.xlsx#leaf gas-exchange_Franks!BO22",
45,"eCiCa0","stomata-franks_reichgelt_2020.xlsx#leaf gas-exchange_Franks!BP22",
45,"gb","stomata-franks_reichgelt_2020.xlsx#leaf gas-exchange_Franks!BR22",
45,"egb","stomata-franks_reichgelt_2020.xlsx#leaf gas-exchange_Franks!BS22",
45,"N_egb","stomata-franks_reichgelt_2020.xlsx#leaf gas-exchange_Franks!BT22",
45,"s1","stomata-franks_reichgelt_2020.xlsx#leaf gas-exchange_Franks!BU22",
45,"es1","stomata-franks_reichgelt_2020.xlsx#leaf gas-exchange_Franks!BV22",
45,"N_es1","stomata-franks_reichgelt_2020.xlsx#leaf gas-exchange_Franks!BW22",
45,"s2","stomata-franks_reichgelt_2020.xlsx#leaf gas-exchange_Franks!BX22",
45,"es2","stomata-franks_reichgelt_2020.xlsx#leaf gas-exchange_Franks!BY22",
45,"N_es2","stomata-franks_reichgelt_2020.xlsx#leaf gas-exchange_Franks!BZ22",
45,"s3","stomata-franks_reichgelt_2020.xlsx#leaf gas-exchange_Franks!CA22",
45,"es3","stomata-franks_reichgelt_2020.xlsx#leaf gas-exchange_Franks!CB22",
45,"N_es3","stomata-franks_reichgelt_2020.xlsx#leaf gas-exchange_Franks!CC22",
45,"s4","stomata-franks_reichgelt_2020.xlsx#leaf gas-exchange_Franks!CD22",
45,"es4","stomata-franks_reichgelt_2020.xlsx#leaf gas-exchange_Franks!CE22",
45,"N_es4","stomata-franks_reichgelt_2020.xlsx#leaf gas-exchange_Franks!CF22",
45,"s5","stomata-franks_reichgelt_2020.xlsx#leaf gas-exchange_Franks!CG22",
45,"es5","stomata-franks_reichgelt_2020.xlsx#leaf gas-exchange_Franks!CH22",
45,"N_es5","stomata-franks_reichgelt_2020.xlsx#leaf gas-exchange_Franks!CI22",
46,"sample","stomata-franks_reichgelt_2020.xlsx#leaf gas-exchange_Franks!O23",
46,"doi","stomata-franks_reichgelt_2020.xlsx#leaf gas-exchange_Franks!D23",
46,"lat","stomata-franks_reichgelt_2020.xlsx#leaf gas-exchange_Franks!AA23",
46,"lon","stomata-franks_reichgelt_2020.xlsx#leaf gas-exchange_Franks!AB23",
46,"age_mean","stomata-franks_reichgelt_2020.xlsx#leaf gas-exchange_Franks!V23",
46,"age_notes","stomata-franks_reichgelt_2020.xlsx#leaf gas-exchange_Franks!Z23",
46,"family","stomata-franks_reichgelt_2020.xlsx#leaf gas-exchange_Franks!P23",
46,"genus","stomata-franks_reichgelt_2020.xlsx#leaf gas-exchange_Franks!Q23",
46,"Dab","stomata-franks_reichgelt_2020.xlsx#leaf gas-exchange_Franks!AM23",
46,"eDab","stomata-franks_reichgelt_2020.xlsx#leaf gas-exchange_Franks!AN23",
46,"N_eDab","stomata-franks_reichgelt_2020.xlsx#leaf gas-exchange_Franks!AO23",
46,"Dad","stomata-franks_reichgelt_2020.xlsx#leaf gas-exchange_Franks!AP23",
46,"GCLab","stomata-franks_reichgelt_2020.xlsx#leaf gas-exchange_Franks!AS23",
46,"eGCLab","stomata-franks_reichgelt_2020.xlsx#leaf gas-exchange_Franks!AT23",
46,"N_eGCLab","stomata-franks_reichgelt_2020.xlsx#leaf gas-exchange_Franks!AU23",
46,"GCLad","stomata-franks_reichgelt_2020.xlsx#leaf gas-exchange_Franks!AV23",
46,"eGCLad","stomata-franks_reichgelt_2020.xlsx#leaf gas-exchange_Franks!AW23",
46,"GCWab","stomata-franks_reichgelt_2020.xlsx#leaf gas-exchange_Franks!AY23",
46,"eGCWab","stomata-franks_reichgelt_2020.xlsx#leaf gas-exchange_Franks!AZ23",
46,"N_eGCWab","stomata-franks_reichgelt_2020.xlsx#leaf gas-exchange_Franks!BA23",
46,"GCWad","stomata-franks_reichgelt_2020.xlsx#leaf gas-exchange_Franks!BB23",
46,"eGCWad","stomata-franks_reichgelt_2020.xlsx#leaf gas-exchange_Franks!BC23",
46,"d13Cp","stomata-franks_reichgelt_2020.xlsx#leaf gas-exchange_Franks!BE23",
46,"ed13Cp","stomata-franks_reichgelt_2020.xlsx#leaf gas-exchange_Franks!BF23",
46,"N_ed13Cp","stomata-franks_reichgelt_2020.xlsx#leaf gas-exchange_Franks!BG23",
46,"CO2_0","stomata-franks_reichgelt_2020.xlsx#leaf gas-exchange_Franks!BK23",
46,"dv","stomata-franks_reichgelt_2020.xlsx#leaf gas-exchange_Franks!CL23",
46,"A0","stomata-franks_reichgelt_2020.xlsx#leaf gas-exchange_Franks!BL23",
46,"eA0","stomata-franks_reichgelt_2020.xlsx#leaf gas-exchange_Franks!BM23",
46,"N_eA0","stomata-franks_reichgelt_2020.xlsx#leaf gas-exchange_Franks!BN23",
46,"CiCa0","stomata-franks_reichgelt_2020.xlsx#leaf gas-exchange_Franks!BO23",
46,"eCiCa0","stomata-franks_reichgelt_2020.xlsx#leaf gas-exchange_Franks!BP23",
46,"gb","stomata-franks_reichgelt_2020.xlsx#leaf gas-exchange_Franks!BR23",
46,"egb","stomata-franks_reichgelt_2020.xlsx#leaf gas-exchange_Franks!BS23",
46,"N_egb","stomata-franks_reichgelt_2020.xlsx#leaf gas-exchange_Franks!BT23",
46,"s1","stomata-franks_reichgelt_2020.xlsx#leaf gas-exchange_Franks!BU23",
46,"es1","stomata-franks_reichgelt_2020.xlsx#leaf gas-exchange_Franks!BV23",
46,"N_es1","stomata-franks_reichgelt_2020.xlsx#leaf gas-exchange_Franks!BW23",
46,"s2","stomata-franks_reichgelt_2020.xlsx#leaf gas-exchange_Franks!BX23",
46,"es2","stomata-franks_reichgelt_2020.xlsx#leaf gas-exchange_Franks!BY23",
46,"N_es2","stomata-franks_reichgelt_2020.xlsx#leaf gas-exchange_Franks!BZ23",
46,"s3","stomata-franks_reichgelt_2020.xlsx#leaf gas-exchange_Franks!CA23",
46,"es3","stomata-franks_reichgelt_2020.xlsx#leaf gas-exchange_Franks!CB23",
46,"N_es3","stomata-franks_reichgelt_2020.xlsx#leaf gas-exchange_Franks!CC23",
46,"s4","stomata-franks_reichgelt_2020.xlsx#leaf gas-exchange_Franks!CD23",
46,"es4","stomata-franks_reichgelt_2020.xlsx#leaf gas-exchange_Franks!CE23",
46,"N_es4","stomata-franks_reichgelt_2020.xlsx#leaf gas-exchange_Franks!CF23",
46,"s5","stomata-franks_reichgelt_2020.xlsx#leaf gas-exchange_Franks!CG23",
46,"es5","stomata-franks_reichgelt_2020.xlsx#leaf gas-exchange_Franks!CH23",
46,"N_es5","stomata-franks_reichgelt_2020.xlsx#leaf gas-exchange_Franks!CI23",
47,"sample","stomata-franks_reichgelt_2020.xlsx#leaf gas-exchange_Franks!O24",
47,"doi","stomata-franks_reichgelt_2020.xlsx#leaf gas-exchange_Franks!D24",
47,"lat","stomata-franks_reichgelt_2020.xlsx#leaf gas-exchange_Franks!AA24",
47,"lon","stomata-franks_reichgelt_2020.xlsx#leaf gas-exchange_Franks!AB24",
47,"age_mean","stomata-franks_reichgelt_2020.xlsx#leaf gas-exchange_Franks!V24",
47,"age_notes","stomata-franks_reichgelt_2020.xlsx#leaf gas-exchange_Franks!Z24",
47,"family","stomata-franks_reichgelt_2020.xlsx#leaf gas-exchange_Franks!P24",
47,"genus","stomata-franks_reichgelt_2020.xlsx#leaf gas-exchange_Franks!Q24",
47,"Dab","stomata-franks_reichgelt_2020.xlsx#leaf gas-exchange_Franks!AM24",
47,"eDab","stomata-franks_reichgelt_2020.xlsx#leaf gas-exchange_Franks!AN24",
47,"N_eDab","stomata-franks_reichgelt_2020.xlsx#leaf gas-exchange_Franks!AO24",
47,"Dad","stomata-franks_reichgelt_2020.xlsx#leaf gas-exchange_Franks!AP24",
47,"GCLab","stomata-franks_reichgelt_2020.xlsx#leaf gas-exchange_Franks!AS24",
47,"eGCLab","stomata-franks_reichgelt_2020.xlsx#leaf gas-exchange_Franks!AT24",
47,"N_eGCLab","stomata-franks_reichgelt_2020.xlsx#leaf gas-exchange_Franks!AU24",
47,"GCLad","stomata-franks_reichgelt_2020.xlsx#leaf gas-exchange_Franks!AV24",
47,"eGCLad","stomata-franks_reichgelt_2020.xlsx#leaf gas-exchange_Franks!AW24",
47,"GCWab","stomata-franks_reichgelt_2020.xlsx#leaf gas-exchange_Franks!AY24",
47,"eGCWab","stomata-franks_reichgelt_2020.xlsx#leaf gas-exchange_Franks!AZ24",
47,"N_eGCWab","stomata-franks_reichgelt_2020.xlsx#leaf gas-exchange_Franks!BA24",
47,"GCWad","stomata-franks_reichgelt_2020.xlsx#leaf gas-exchange_Franks!BB24",
47,"eGCWad","stomata-franks_reichgelt_2020.xlsx#leaf gas-exchange_Franks!BC24",
47,"d13Cp","stomata-franks_reichgelt_2020.xlsx#leaf gas-exchange_Franks!BE24",
47,"ed13Cp","stomata-franks_reichgelt_2020.xlsx#leaf gas-exchange_Franks!BF24",
47,"N_ed13Cp","stomata-franks_reichgelt_2020.xlsx#leaf gas-exchange_Franks!BG24",
47,"CO2_0","stomata-franks_reichgelt_2020.xlsx#leaf gas-exchange_Franks!BK24",
47,"dv","stomata-franks_reichgelt_2020.xlsx#leaf gas-exchange_Franks!CL24",
47,"A0","stomata-franks_reichgelt_2020.xlsx#leaf gas-exchange_Franks!BL24",
47,"eA0","stomata-franks_reichgelt_2020.xlsx#leaf gas-exchange_Franks!BM24",
47,"N_eA0","stomata-franks_reichgelt_2020.xlsx#leaf gas-exchange_Franks!BN24",
47,"CiCa0","stomata-franks_reichgelt_2020.xlsx#leaf gas-exchange_Franks!BO24",
47,"eCiCa0","stomata-franks_reichgelt_2020.xlsx#leaf gas-exchange_Franks!BP24",
47,"gb","stomata-franks_reichgelt_2020.xlsx#leaf gas-exchange_Franks!BR24",
47,"egb","stomata-franks_reichgelt_2020.xlsx#leaf gas-exchange_Franks!BS24",
47,"N_egb","stomata-franks_reichgelt_2020.xlsx#leaf gas-exchange_Franks!BT24",
47,"s1","stomata-franks_reichgelt_2020.xlsx#leaf gas-exchange_Franks!BU24",
47,"es1","stomata-franks_reichgelt_2020.xlsx#leaf gas-exchange_Franks!BV24",
47,"N_es1","stomata-franks_reichgelt_2020.xlsx#leaf gas-exchange_Franks!BW24",
47,"s2","stomata-franks_reichgelt_2020.xlsx#leaf gas-exchange_Franks!BX24",
47,"es2","stomata-franks_reichgelt_2020.xlsx#leaf gas-exchange_Franks!BY24",
47,"N_es2","stomata-franks_reichgelt_2020.xlsx#leaf gas-exchange_Franks!BZ24",
47,"s3","stomata-franks_reichgelt_2020.xlsx#leaf gas-exchange_Franks!CA24",
47,"es3","stomata-franks_reichgelt_2020.xlsx#leaf gas-exchange_Franks!CB24",
47,"N_es3","stomata-franks_reichgelt_2020.xlsx#leaf gas-exchange_Franks!CC24",
47,"s4","stomata-franks_reichgelt_2020.xlsx#leaf gas-exchange_Franks!CD24",
47,"es4","stomata-franks_reichgelt_2020.xlsx#leaf gas-exchange_Franks!CE24",
47,"N_es4","stomata-franks_reichgelt_2020.xlsx#leaf gas-exchange_Franks!CF24",
47,"s5","stomata-franks_reichgelt_2020.xlsx#leaf gas-exchange_Franks!CG24",
47,"es5","stomata-franks_reichgelt_2020.xlsx#leaf gas-exchange_Franks!CH24",
47,"N_es5","stomata-franks_reichgelt_2020.xlsx#leaf gas-exchange_Franks!CI24",
48,"sample","stomata-franks_reichgelt_2020.xlsx#leaf gas-exchange_Franks!O25",
48,"doi","stomata-franks_reichgelt_2020.xlsx#leaf gas-exchange_Franks!D25",
48,"lat","stomata-franks_reichgelt_2020.xlsx#leaf gas-exchange_Franks!AA25",
48,"lon","stomata-franks_reichgelt_2020.xlsx#leaf gas-exchange_Franks!AB25",
48,"age_mean","stomata-franks_reichgelt_2020.xlsx#leaf gas-exchange_Franks!V25",
48,"age_notes","stomata-franks_reichgelt_2020.xlsx#leaf gas-exchange_Franks!Z25",
48,"family","stomata-franks_reichgelt_2020.xlsx#leaf gas-exchange_Franks!P25",
48,"genus","stomata-franks_reichgelt_2020.xlsx#leaf gas-exchange_Franks!Q25",
48,"Dab","stomata-franks_reichgelt_2020.xlsx#leaf gas-exchange_Franks!AM25",
48,"eDab","stomata-franks_reichgelt_2020.xlsx#leaf gas-exchange_Franks!AN25",
48,"N_eDab","stomata-franks_reichgelt_2020.xlsx#leaf gas-exchange_Franks!AO25",
48,"Dad","stomata-franks_reichgelt_2020.xlsx#leaf gas-exchange_Franks!AP25",
48,"GCLab","stomata-franks_reichgelt_2020.xlsx#leaf gas-exchange_Franks!AS25",
48,"eGCLab","stomata-franks_reichgelt_2020.xlsx#leaf gas-exchange_Franks!AT25",
48,"N_eGCLab","stomata-franks_reichgelt_2020.xlsx#leaf gas-exchange_Franks!AU25",
48,"GCLad","stomata-franks_reichgelt_2020.xlsx#leaf gas-exchange_Franks!AV25",
48,"eGCLad","stomata-franks_reichgelt_2020.xlsx#leaf gas-exchange_Franks!AW25",
48,"GCWab","stomata-franks_reichgelt_2020.xlsx#leaf gas-exchange_Franks!AY25",
48,"eGCWab","stomata-franks_reichgelt_2020.xlsx#leaf gas-exchange_Franks!AZ25",
48,"N_eGCWab","stomata-franks_reichgelt_2020.xlsx#leaf gas-exchange_Franks!BA25",
48,"GCWad","stomata-franks_reichgelt_2020.xlsx#leaf gas-exchange_Franks!BB25",
48,"eGCWad","stomata-franks_reichgelt_2020.xlsx#leaf gas-exchange_Franks!BC25",
48,"d13Cp","stomata-franks_reichgelt_2020.xlsx#leaf gas-exchange_Franks!BE25",
48,"ed13Cp","stomata-franks_reichgelt_2020.xlsx#leaf gas-exchange_Franks!BF25",
48,"N_ed13Cp","stomata-franks_reichgelt_2020.xlsx#leaf gas-exchange_Franks!BG25",
48,"CO2_0","stomata-franks_reichgelt_2020.xlsx#leaf gas-exchange_Franks!BK25",
48,"dv","stomata-franks_reichgelt_2020.xlsx#leaf gas-exchange_Franks!CL25",
48,"A0","stomata-franks_reichgelt_2020.xlsx#leaf gas-exchange_Franks!BL25",
48,"eA0","stomata-franks_reichgelt_2020.xlsx#leaf gas-exchange_Franks!BM25",
48,"N_eA0","stomata-franks_reichgelt_2020.xlsx#leaf gas-exchange_Franks!BN25",
48,"CiCa0","stomata-franks_reichgelt_2020.xlsx#leaf gas-exchange_Franks!BO25",
48,"eCiCa0","stomata-franks_reichgelt_2020.xlsx#leaf gas-exchange_Franks!BP25",
48,"gb","stomata-franks_reichgelt_2020.xlsx#leaf gas-exchange_Franks!BR25",
48,"egb","stomata-franks_reichgelt_2020.xlsx#leaf gas-exchange_Franks!BS25",
48,"N_egb","stomata-franks_reichgelt_2020.xlsx#leaf gas-exchange_Franks!BT25",
48,"s1","stomata-franks_reichgelt_2020.xlsx#leaf gas-exchange_Franks!BU25",
48,"es1","stomata-franks_reichgelt_2020.xlsx#leaf gas-exchange_Franks!BV25",
48,"N_es1","stomata-franks_reichgelt_2020.xlsx#leaf gas-exchange_Franks!BW25",
48,"s2","stomata-franks_reichgelt_2020.xlsx#leaf gas-exchange_Franks!BX25",
48,"es2","stomata-franks_reichgelt_2020.xlsx#leaf gas-exchange_Franks!BY25",
48,"N_es2","stomata-franks_reichgelt_2020.xlsx#leaf gas-exchange_Franks!BZ25",
48,"s3","stomata-franks_reichgelt_2020.xlsx#leaf gas-exchange_Franks!CA25",
48,"es3","stomata-franks_reichgelt_2020.xlsx#leaf gas-exchange_Franks!CB25",
48,"N_es3","stomata-franks_reichgelt_2020.xlsx#leaf gas-exchange_Franks!CC25",
48,"s4","stomata-franks_reichgelt_2020.xlsx#leaf gas-exchange_Franks!CD25",
48,"es4","stomata-franks_reichgelt_2020.xlsx#leaf gas-exchange_Franks!CE25",
48,"N_es4","stomata-franks_reichgelt_2020.xlsx#leaf gas-exchange_Franks!CF25",
48,"s5","stomata-franks_reichgelt_2020.xlsx#leaf gas-exchange_Franks!CG25",
48,"es5","stomata-franks_reichgelt_2020.xlsx#leaf gas-exchange_Franks!CH25",
48,"N_es5","stomata-franks_reichgelt_2020.xlsx#leaf gas-exchange_Franks!CI25",
49,"sample","stomata-franks_reichgelt_2020.xlsx#leaf gas-exchange_Franks!O26",
49,"doi","stomata-franks_reichgelt_2020.xlsx#leaf gas-exchange_Franks!D26",
49,"lat","stomata-franks_reichgelt_2020.xlsx#leaf gas-exchange_Franks!AA26",
49,"lon","stomata-franks_reichgelt_2020.xlsx#leaf gas-exchange_Franks!AB26",
49,"age_mean","stomata-franks_reichgelt_2020.xlsx#leaf gas-exchange_Franks!V26",
49,"age_notes","stomata-franks_reichgelt_2020.xlsx#leaf gas-exchange_Franks!Z26",
49,"family","stomata-franks_reichgelt_2020.xlsx#leaf gas-exchange_Franks!P26",
49,"genus","stomata-franks_reichgelt_2020.xlsx#leaf gas-exchange_Franks!Q26",
49,"Dab","stomata-franks_reichgelt_2020.xlsx#leaf gas-exchange_Franks!AM26",
49,"eDab","stomata-franks_reichgelt_2020.xlsx#leaf gas-exchange_Franks!AN26",
49,"N_eDab","stomata-franks_reichgelt_2020.xlsx#leaf gas-exchange_Franks!AO26",
49,"Dad","stomata-franks_reichgelt_2020.xlsx#leaf gas-exchange_Franks!AP26",
49,"GCLab","stomata-franks_reichgelt_2020.xlsx#leaf gas-exchange_Franks!AS26",
49,"eGCLab","stomata-franks_reichgelt_2020.xlsx#leaf gas-exchange_Franks!AT26",
49,"N_eGCLab","stomata-franks_reichgelt_2020.xlsx#leaf gas-exchange_Franks!AU26",
49,"GCLad","stomata-franks_reichgelt_2020.xlsx#leaf gas-exchange_Franks!AV26",
49,"eGCLad","stomata-franks_reichgelt_2020.xlsx#leaf gas-exchange_Franks!AW26",
49,"GCWab","stomata-franks_reichgelt_2020.xlsx#leaf gas-exchange_Franks!AY26",
49,"eGCWab","stomata-franks_reichgelt_2020.xlsx#leaf gas-exchange_Franks!AZ26",
49,"N_eGCWab","stomata-franks_reichgelt_2020.xlsx#leaf gas-exchange_Franks!BA26",
49,"GCWad","stomata-franks_reichgelt_2020.xlsx#leaf gas-exchange_Franks!BB26",
49,"eGCWad","stomata-franks_reichgelt_2020.xlsx#leaf gas-exchange_Franks!BC26",
49,"d13Cp","stomata-franks_reichgelt_2020.xlsx#leaf gas-exchange_Franks!BE26",
49,"ed13Cp","stomata-franks_reichgelt_2020.xlsx#leaf gas-exchange_Franks!BF26",
49,"N_ed13Cp","stomata-franks_reichgelt_2020.xlsx#leaf gas-exchange_Franks!BG26",
49,"CO2_0","stomata-franks_reichgelt_2020.xlsx#leaf gas-exchange_Franks!BK26",
49,"dv","stomata-franks_reichgelt_2020.xlsx#leaf gas-exchange_Franks!CL26",
49,"A0","stomata-franks_reichgelt_2020.xlsx#leaf gas-exchange_Franks!BL26",
49,"eA0","stomata-franks_reichgelt_2020.xlsx#leaf gas-exchange_Franks!BM26",
49,"N_eA0","stomata-franks_reichgelt_2020.xlsx#leaf gas-exchange_Franks!BN26",
49,"CiCa0","stomata-franks_reichgelt_2020.xlsx#leaf gas-exchange_Franks!BO26",
49,"eCiCa0","stomata-franks_reichgelt_2020.xlsx#leaf gas-exchange_Franks!BP26",
49,"gb","stomata-franks_reichgelt_2020.xlsx#leaf gas-exchange_Franks!BR26",
49,"egb","stomata-franks_reichgelt_2020.xlsx#leaf gas-exchange_Franks!BS26",
49,"N_egb","stomata-franks_reichgelt_2020.xlsx#leaf gas-exchange_Franks!BT26",
49,"s1","stomata-franks_reichgelt_2020.xlsx#leaf gas-exchange_Franks!BU26",
49,"es1","stomata-franks_reichgelt_2020.xlsx#leaf gas-exchange_Franks!BV26",
49,"N_es1","stomata-franks_reichgelt_2020.xlsx#leaf gas-exchange_Franks!BW26",
49,"s2","stomata-franks_reichgelt_2020.xlsx#leaf gas-exchange_Franks!BX26",
49,"es2","stomata-franks_reichgelt_2020.xlsx#leaf gas-exchange_Franks!BY26",
49,"N_es2","stomata-franks_reichgelt_2020.xlsx#leaf gas-exchange_Franks!BZ26",
49,"s3","stomata-franks_reichgelt_2020.xlsx#leaf gas-exchange_Franks!CA26",
49,"es3","stomata-franks_reichgelt_2020.xlsx#leaf gas-exchange_Franks!CB26",
49,"N_es3","stomata-franks_reichgelt_2020.xlsx#leaf gas-exchange_Franks!CC26",
49,"s4","stomata-franks_reichgelt_2020.xlsx#leaf gas-exchange_Franks!CD26",
49,"es4","stomata-franks_reichgelt_2020.xlsx#leaf gas-exchange_Franks!CE26",
49,"N_es4","stomata-franks_reichgelt_2020.xlsx#leaf gas-exchange_Franks!CF26",
49,"s5","stomata-franks_reichgelt_2020.xlsx#leaf gas-exchange_Franks!CG26",
49,"es5","stomata-franks_reichgelt_2020.xlsx#leaf gas-exchange_Franks!CH26",
49,"N_es5","stomata-franks_reichgelt_2020.xlsx#leaf gas-exchange_Franks!CI26",
50,"sample","stomata-franks_reichgelt_2020.xlsx#leaf gas-exchange_Franks!O27",
50,"doi","stomata-franks_reichgelt_2020.xlsx#leaf gas-exchange_Franks!D27",
50,"lat","stomata-franks_reichgelt_2020.xlsx#leaf gas-exchange_Franks!AA27",
50,"lon","stomata-franks_reichgelt_2020.xlsx#leaf gas-exchange_Franks!AB27",
50,"age_mean","stomata-franks_reichgelt_2020.xlsx#leaf gas-exchange_Franks!V27",
50,"age_notes","stomata-franks_reichgelt_2020.xlsx#leaf gas-exchange_Franks!Z27",
50,"family","stomata-franks_reichgelt_2020.xlsx#leaf gas-exchange_Franks!P27",
50,"Dab","stomata-franks_reichgelt_2020.xlsx#leaf gas-exchange_Franks!AM27",
50,"eDab","stomata-franks_reichgelt_2020.xlsx#leaf gas-exchange_Franks!AN27",
50,"N_eDab","stomata-franks_reichgelt_2020.xlsx#leaf gas-exchange_Franks!AO27",
50,"Dad","stomata-franks_reichgelt_2020.xlsx#leaf gas-exchange_Franks!AP27",
50,"GCLab","stomata-franks_reichgelt_2020.xlsx#leaf gas-exchange_Franks!AS27",
50,"eGCLab","stomata-franks_reichgelt_2020.xlsx#leaf gas-exchange_Franks!AT27",
50,"N_eGCLab","stomata-franks_reichgelt_2020.xlsx#leaf gas-exchange_Franks!AU27",
50,"GCLad","stomata-franks_reichgelt_2020.xlsx#leaf gas-exchange_Franks!AV27",
50,"eGCLad","stomata-franks_reichgelt_2020.xlsx#leaf gas-exchange_Franks!AW27",
50,"GCWab","stomata-franks_reichgelt_2020.xlsx#leaf gas-exchange_Franks!AY27",
50,"eGCWab","stomata-franks_reichgelt_2020.xlsx#leaf gas-exchange_Franks!AZ27",
50,"N_eGCWab","stomata-franks_reichgelt_2020.xlsx#leaf gas-exchange_Franks!BA27",
50,"GCWad","stomata-franks_reichgelt_2020.xlsx#leaf gas-exchange_Franks!BB27",
50,"eGCWad","stomata-franks_reichgelt_2020.xlsx#leaf gas-exchange_Franks!BC27",
50,"d13Cp","stomata-franks_reichgelt_2020.xlsx#leaf gas-exchange_Franks!BE27",
50,"ed13Cp","stomata-franks_reichgelt_2020.xlsx#leaf gas-exchange_Franks!BF27",
50,"N_ed13Cp","stomata-franks_reichgelt_2020.xlsx#leaf gas-exchange_Franks!BG27",
50,"CO2_0","stomata-franks_reichgelt_2020.xlsx#leaf gas-exchange_Franks!BK27",
50,"dv","stomata-franks_reichgelt_2020.xlsx#leaf gas-exchange_Franks!CL27",
50,"A0","stomata-franks_reichgelt_2020.xlsx#leaf gas-exchange_Franks!BL27",
50,"eA0","stomata-franks_reichgelt_2020.xlsx#leaf gas-exchange_Franks!BM27",
50,"N_eA0","stomata-franks_reichgelt_2020.xlsx#leaf gas-exchange_Franks!BN27",
50,"CiCa0","stomata-franks_reichgelt_2020.xlsx#leaf gas-exchange_Franks!BO27",
50,"eCiCa0","stomata-franks_reichgelt_2020.xlsx#leaf gas-exchange_Franks!BP27",
50,"gb","stomata-franks_reichgelt_2020.xlsx#leaf gas-exchange_Franks!BR27",
50,"egb","stomata-franks_reichgelt_2020.xlsx#leaf gas-exchange_Franks!BS27",
50,"N_egb","stomata-franks_reichgelt_2020.xlsx#leaf gas-exchange_Franks!BT27",
50,"s1","stomata-franks_reichgelt_2020.xlsx#leaf gas-exchange_Franks!BU27",
50,"es1","stomata-franks_reichgelt_2020.xlsx#leaf gas-exchange_Franks!BV27",
50,"N_es1","stomata-franks_reichgelt_2020.xlsx#leaf gas-exchange_Franks!BW27",
50,"s2","stomata-franks_reichgelt_2020.xlsx#leaf gas-exchange_Franks!BX27",
50,"es2","stomata-franks_reichgelt_2020.xlsx#leaf gas-exchange_Franks!BY27",
50,"N_es2","stomata-franks_reichgelt_2020.xlsx#leaf gas-exchange_Franks!BZ27",
50,"s3","stomata-franks_reichgelt_2020.xlsx#leaf gas-exchange_Franks!CA27",
50,"es3","stomata-franks_reichgelt_2020.xlsx#leaf gas-exchange_Franks!CB27",
50,"N_es3","stomata-franks_reichgelt_2020.xlsx#leaf gas-exchange_Franks!CC27",
50,"s4","stomata-franks_reichgelt_2020.xlsx#leaf gas-exchange_Franks!CD27",
50,"es4","stomata-franks_reichgelt_2020.xlsx#leaf gas-exchange_Franks!CE27",
50,"N_es4","stomata-franks_reichgelt_2020.xlsx#leaf gas-exchange_Franks!CF27",
50,"s5","stomata-franks_reichgelt_2020.xlsx#leaf gas-exchange_Franks!CG27",
50,"es5","stomata-franks_reichgelt_2020.xlsx#leaf gas-exchange_Franks!CH27",
50,"N_es5","stomata-franks_reichgelt_2020.xlsx#leaf gas-exchange_Franks!CI27",
51,"sample","stomata-franks_reichgelt_2020.xlsx#leaf gas-exchange_Franks!O28",
51,"doi","stomata-franks_reichgelt_2020.xlsx#leaf gas-exchange_Franks!D28",
51,"lat","stomata-franks_reichgelt_2020.xlsx#leaf gas-exchange_Franks!AA28",
51,"lon","stomata-franks_reichgelt_2020.xlsx#leaf gas-exchange_Franks!AB28",
51,"age_mean","stomata-franks_reichgelt_2020.xlsx#leaf gas-exchange_Franks!V28",
51,"age_notes","stomata-franks_reichgelt_2020.xlsx#leaf gas-exchange_Franks!Z28",
51,"family","stomata-franks_reichgelt_2020.xlsx#leaf gas-exchange_Franks!P28",
51,"genus","stomata-franks_reichgelt_2020.xlsx#leaf gas-exchange_Franks!Q28",
51,"Dab","stomata-franks_reichgelt_2020.xlsx#leaf gas-exchange_Franks!AM28",
51,"eDab","stomata-franks_reichgelt_2020.xlsx#leaf gas-exchange_Franks!AN28",
51,"N_eDab","stomata-franks_reichgelt_2020.xlsx#leaf gas-exchange_Franks!AO28",
51,"Dad","stomata-franks_reichgelt_2020.xlsx#leaf gas-exchange_Franks!AP28",
51,"GCLab","stomata-franks_reichgelt_2020.xlsx#leaf gas-exchange_Franks!AS28",
51,"eGCLab","stomata-franks_reichgelt_2020.xlsx#leaf gas-exchange_Franks!AT28",
51,"N_eGCLab","stomata-franks_reichgelt_2020.xlsx#leaf gas-exchange_Franks!AU28",
51,"GCLad","stomata-franks_reichgelt_2020.xlsx#leaf gas-exchange_Franks!AV28",
51,"eGCLad","stomata-franks_reichgelt_2020.xlsx#leaf gas-exchange_Franks!AW28",
51,"GCWab","stomata-franks_reichgelt_2020.xlsx#leaf gas-exchange_Franks!AY28",
51,"eGCWab","stomata-franks_reichgelt_2020.xlsx#leaf gas-exchange_Franks!AZ28",
51,"N_eGCWab","stomata-franks_reichgelt_2020.xlsx#leaf gas-exchange_Franks!BA28",
51,"GCWad","stomata-franks_reichgelt_2020.xlsx#leaf gas-exchange_Franks!BB28",
51,"eGCWad","stomata-franks_reichgelt_2020.xlsx#leaf gas-exchange_Franks!BC28",
51,"d13Cp","stomata-franks_reichgelt_2020.xlsx#leaf gas-exchange_Franks!BE28",
51,"ed13Cp","stomata-franks_reichgelt_2020.xlsx#leaf gas-exchange_Franks!BF28",
51,"N_ed13Cp","stomata-franks_reichgelt_2020.xlsx#leaf gas-exchange_Franks!BG28",
51,"CO2_0","stomata-franks_reichgelt_2020.xlsx#leaf gas-exchange_Franks!BK28",
51,"dv","stomata-franks_reichgelt_2020.xlsx#leaf gas-exchange_Franks!CL28",
51,"A0","stomata-franks_reichgelt_2020.xlsx#leaf gas-exchange_Franks!BL28",
51,"eA0","stomata-franks_reichgelt_2020.xlsx#leaf gas-exchange_Franks!BM28",
51,"N_eA0","stomata-franks_reichgelt_2020.xlsx#leaf gas-exchange_Franks!BN28",
51,"CiCa0","stomata-franks_reichgelt_2020.xlsx#leaf gas-exchange_Franks!BO28",
51,"eCiCa0","stomata-franks_reichgelt_2020.xlsx#leaf gas-exchange_Franks!BP28",
51,"gb","stomata-franks_reichgelt_2020.xlsx#leaf gas-exchange_Franks!BR28",
51,"egb","stomata-franks_reichgelt_2020.xlsx#leaf gas-exchange_Franks!BS28",
51,"N_egb","stomata-franks_reichgelt_2020.xlsx#leaf gas-exchange_Franks!BT28",
51,"s1","stomata-franks_reichgelt_2020.xlsx#leaf gas-exchange_Franks!BU28",
51,"es1","stomata-franks_reichgelt_2020.xlsx#leaf gas-exchange_Franks!BV28",
51,"N_es1","stomata-franks_reichgelt_2020.xlsx#leaf gas-exchange_Franks!BW28",
51,"s2","stomata-franks_reichgelt_2020.xlsx#leaf gas-exchange_Franks!BX28",
51,"es2","stomata-franks_reichgelt_2020.xlsx#leaf gas-exchange_Franks!BY28",
51,"N_es2","stomata-franks_reichgelt_2020.xlsx#leaf gas-exchange_Franks!BZ28",
51,"s3","stomata-franks_reichgelt_2020.xlsx#leaf gas-exchange_Franks!CA28",
51,"es3","stomata-franks_reichgelt_2020.xlsx#leaf gas-exchange_Franks!CB28",
51,"N_es3","stomata-franks_reichgelt_2020.xlsx#leaf gas-exchange_Franks!CC28",
51,"s4","stomata-franks_reichgelt_2020.xlsx#leaf gas-exchange_Franks!CD28",
51,"es4","stomata-franks_reichgelt_2020.xlsx#leaf gas-exchange_Franks!CE28",
51,"N_es4","stomata-franks_reichgelt_2020.xlsx#leaf gas-exchange_Franks!CF28",
51,"s5","stomata-franks_reichgelt_2020.xlsx#leaf gas-exchange_Franks!CG28",
51,"es5","stomata-franks_reichgelt_2020.xlsx#leaf gas-exchange_Franks!CH28",
51,"N_es5","stomata-franks_reichgelt_2020.xlsx#leaf gas-exchange_Franks!CI28",
52,"sample","stomata-franks_reichgelt_2020.xlsx#leaf gas-exchange_Franks!O29",
52,"doi","stomata-franks_reichgelt_2020.xlsx#leaf gas-exchange_Franks!D29",
52,"lat","stomata-franks_reichgelt_2020.xlsx#leaf gas-exchange_Franks!AA29",
52,"lon","stomata-franks_reichgelt_2020.xlsx#leaf gas-exchange_Franks!AB29",
52,"age_mean","stomata-franks_reichgelt_2020.xlsx#leaf gas-exchange_Franks!V29",
52,"age_notes","stomata-franks_reichgelt_2020.xlsx#leaf gas-exchange_Franks!Z29",
52,"family","stomata-franks_reichgelt_2020.xlsx#leaf gas-exchange_Franks!P29",
52,"genus","stomata-franks_reichgelt_2020.xlsx#leaf gas-exchange_Franks!Q29",
52,"Dab","stomata-franks_reichgelt_2020.xlsx#leaf gas-exchange_Franks!AM29",
52,"eDab","stomata-franks_reichgelt_2020.xlsx#leaf gas-exchange_Franks!AN29",
52,"N_eDab","stomata-franks_reichgelt_2020.xlsx#leaf gas-exchange_Franks!AO29",
52,"Dad","stomata-franks_reichgelt_2020.xlsx#leaf gas-exchange_Franks!AP29",
52,"GCLab","stomata-franks_reichgelt_2020.xlsx#leaf gas-exchange_Franks!AS29",
52,"eGCLab","stomata-franks_reichgelt_2020.xlsx#leaf gas-exchange_Franks!AT29",
52,"N_eGCLab","stomata-franks_reichgelt_2020.xlsx#leaf gas-exchange_Franks!AU29",
52,"GCLad","stomata-franks_reichgelt_2020.xlsx#leaf gas-exchange_Franks!AV29",
52,"eGCLad","stomata-franks_reichgelt_2020.xlsx#leaf gas-exchange_Franks!AW29",
52,"GCWab","stomata-franks_reichgelt_2020.xlsx#leaf gas-exchange_Franks!AY29",
52,"eGCWab","stomata-franks_reichgelt_2020.xlsx#leaf gas-exchange_Franks!AZ29",
52,"N_eGCWab","stomata-franks_reichgelt_2020.xlsx#leaf gas-exchange_Franks!BA29",
52,"GCWad","stomata-franks_reichgelt_2020.xlsx#leaf gas-exchange_Franks!BB29",
52,"eGCWad","stomata-franks_reichgelt_2020.xlsx#leaf gas-exchange_Franks!BC29",
52,"d13Cp","stomata-franks_reichgelt_2020.xlsx#leaf gas-exchange_Franks!BE29",
52,"ed13Cp","stomata-franks_reichgelt_2020.xlsx#leaf gas-exchange_Franks!BF29",
52,"N_ed13Cp","stomata-franks_reichgelt_2020.xlsx#leaf gas-exchange_Franks!BG29",
52,"CO2_0","stomata-franks_reichgelt_2020.xlsx#leaf gas-exchange_Franks!BK29",
52,"dv","stomata-franks_reichgelt_2020.xlsx#leaf gas-exchange_Franks!CL29",
52,"A0","stomata-franks_reichgelt_2020.xlsx#leaf gas-exchange_Franks!BL29",
52,"eA0","stomata-franks_reichgelt_2020.xlsx#leaf gas-exchange_Franks!BM29",
52,"N_eA0","stomata-franks_reichgelt_2020.xlsx#leaf gas-exchange_Franks!BN29",
52,"CiCa0","stomata-franks_reichgelt_2020.xlsx#leaf gas-exchange_Franks!BO29",
52,"eCiCa0","stomata-franks_reichgelt_2020.xlsx#leaf gas-exchange_Franks!BP29",
52,"gb","stomata-franks_reichgelt_2020.xlsx#leaf gas-exchange_Franks!BR29",
52,"egb","stomata-franks_reichgelt_2020.xlsx#leaf gas-exchange_Franks!BS29",
52,"N_egb","stomata-franks_reichgelt_2020.xlsx#leaf gas-exchange_Franks!BT29",
52,"s1","stomata-franks_reichgelt_2020.xlsx#leaf gas-exchange_Franks!BU29",
52,"es1","stomata-franks_reichgelt_2020.xlsx#leaf gas-exchange_Franks!BV29",
52,"N_es1","stomata-franks_reichgelt_2020.xlsx#leaf gas-exchange_Franks!BW29",
52,"s2","stomata-franks_reichgelt_2020.xlsx#leaf gas-exchange_Franks!BX29",
52,"es2","stomata-franks_reichgelt_2020.xlsx#leaf gas-exchange_Franks!BY29",
52,"N_es2","stomata-franks_reichgelt_2020.xlsx#leaf gas-exchange_Franks!BZ29",
52,"s3","stomata-franks_reichgelt_2020.xlsx#leaf gas-exchange_Franks!CA29",
52,"es3","stomata-franks_reichgelt_2020.xlsx#leaf gas-exchange_Franks!CB29",
52,"N_es3","stomata-franks_reichgelt_2020.xlsx#leaf gas-exchange_Franks!CC29",
52,"s4","stomata-franks_reichgelt_2020.xlsx#leaf gas-exchange_Franks!CD29",
52,"es4","stomata-franks_reichgelt_2020.xlsx#leaf gas-exchange_Franks!CE29",
52,"N_es4","stomata-franks_reichgelt_2020.xlsx#leaf gas-exchange_Franks!CF29",
52,"s5","stomata-franks_reichgelt_2020.xlsx#leaf gas-exchange_Franks!CG29",
52,"es5","stomata-franks_reichgelt_2020.xlsx#leaf gas-exchange_Franks!CH29",
52,"N_es5","stomata-franks_reichgelt_2020.xlsx#leaf gas-exchange_Franks!CI29",
53,"sample","stomata-franks_reichgelt_2020.xlsx#leaf gas-exchange_Franks!O30",
53,"doi","stomata-franks_reichgelt_2020.xlsx#leaf gas-exchange_Franks!D30",
53,"lat","stomata-franks_reichgelt_2020.xlsx#leaf gas-exchange_Franks!AA30",
53,"lon","stomata-franks_reichgelt_2020.xlsx#leaf gas-exchange_Franks!AB30",
53,"age_mean","stomata-franks_reichgelt_2020.xlsx#leaf gas-exchange_Franks!V30",
53,"age_notes","stomata-franks_reichgelt_2020.xlsx#leaf gas-exchange_Franks!Z30",
53,"family","stomata-franks_reichgelt_2020.xlsx#leaf gas-exchange_Franks!P30",
53,"genus","stomata-franks_reichgelt_2020.xlsx#leaf gas-exchange_Franks!Q30",
53,"Dab","stomata-franks_reichgelt_2020.xlsx#leaf gas-exchange_Franks!AM30",
53,"eDab","stomata-franks_reichgelt_2020.xlsx#leaf gas-exchange_Franks!AN30",
53,"N_eDab","stomata-franks_reichgelt_2020.xlsx#leaf gas-exchange_Franks!AO30",
53,"Dad","stomata-franks_reichgelt_2020.xlsx#leaf gas-exchange_Franks!AP30",
53,"GCLab","stomata-franks_reichgelt_2020.xlsx#leaf gas-exchange_Franks!AS30",
53,"eGCLab","stomata-franks_reichgelt_2020.xlsx#leaf gas-exchange_Franks!AT30",
53,"N_eGCLab","stomata-franks_reichgelt_2020.xlsx#leaf gas-exchange_Franks!AU30",
53,"GCLad","stomata-franks_reichgelt_2020.xlsx#leaf gas-exchange_Franks!AV30",
53,"eGCLad","stomata-franks_reichgelt_2020.xlsx#leaf gas-exchange_Franks!AW30",
53,"GCWab","stomata-franks_reichgelt_2020.xlsx#leaf gas-exchange_Franks!AY30",
53,"eGCWab","stomata-franks_reichgelt_2020.xlsx#leaf gas-exchange_Franks!AZ30",
53,"N_eGCWab","stomata-franks_reichgelt_2020.xlsx#leaf gas-exchange_Franks!BA30",
53,"GCWad","stomata-franks_reichgelt_2020.xlsx#leaf gas-exchange_Franks!BB30",
53,"eGCWad","stomata-franks_reichgelt_2020.xlsx#leaf gas-exchange_Franks!BC30",
53,"d13Cp","stomata-franks_reichgelt_2020.xlsx#leaf gas-exchange_Franks!BE30",
53,"ed13Cp","stomata-franks_reichgelt_2020.xlsx#leaf gas-exchange_Franks!BF30",
53,"N_ed13Cp","stomata-franks_reichgelt_2020.xlsx#leaf gas-exchange_Franks!BG30",
53,"CO2_0","stomata-franks_reichgelt_2020.xlsx#leaf gas-exchange_Franks!BK30",
53,"dv","stomata-franks_reichgelt_2020.xlsx#leaf gas-exchange_Franks!CL30",
53,"A0","stomata-franks_reichgelt_2020.xlsx#leaf gas-exchange_Franks!BL30",
53,"eA0","stomata-franks_reichgelt_2020.xlsx#leaf gas-exchange_Franks!BM30",
53,"N_eA0","stomata-franks_reichgelt_2020.xlsx#leaf gas-exchange_Franks!BN30",
53,"CiCa0","stomata-franks_reichgelt_2020.xlsx#leaf gas-exchange_Franks!BO30",
53,"eCiCa0","stomata-franks_reichgelt_2020.xlsx#leaf gas-exchange_Franks!BP30",
53,"gb","stomata-franks_reichgelt_2020.xlsx#leaf gas-exchange_Franks!BR30",
53,"egb","stomata-franks_reichgelt_2020.xlsx#leaf gas-exchange_Franks!BS30",
53,"N_egb","stomata-franks_reichgelt_2020.xlsx#leaf gas-exchange_Franks!BT30",
53,"s1","stomata-franks_reichgelt_2020.xlsx#leaf gas-exchange_Franks!BU30",
53,"es1","stomata-franks_reichgelt_2020.xlsx#leaf gas-exchange_Franks!BV30",
53,"N_es1","stomata-franks_reichgelt_2020.xlsx#leaf gas-exchange_Franks!BW30",
53,"s2","stomata-franks_reichgelt_2020.xlsx#leaf gas-exchange_Franks!BX30",
53,"es2","stomata-franks_reichgelt_2020.xlsx#leaf gas-exchange_Franks!BY30",
53,"N_es2","stomata-franks_reichgelt_2020.xlsx#leaf gas-exchange_Franks!BZ30",
53,"s3","stomata-franks_reichgelt_2020.xlsx#leaf gas-exchange_Franks!CA30",
53,"es3","stomata-franks_reichgelt_2020.xlsx#leaf gas-exchange_Franks!CB30",
53,"N_es3","stomata-franks_reichgelt_2020.xlsx#leaf gas-exchange_Franks!CC30",
53,"s4","stomata-franks_reichgelt_2020.xlsx#leaf gas-exchange_Franks!CD30",
53,"es4","stomata-franks_reichgelt_2020.xlsx#leaf gas-exchange_Franks!CE30",
53,"N_es4","stomata-franks_reichgelt_2020.xlsx#leaf gas-exchange_Franks!CF30",
53,"s5","stomata-franks_reichgelt_2020.xlsx#leaf gas-exchange_Franks!CG30",
53,"es5","stomata-franks_reichgelt_2020.xlsx#leaf gas-exchange_Franks!CH30",
53,"N_es5","stomata-franks_reichgelt_2020.xlsx#leaf gas-exchange_Franks!CI30",
54,"sample","stomata-franks_reichgelt_2020.xlsx#leaf gas-exchange_Franks!O31",
54,"doi","stomata-franks_reichgelt_2020.xlsx#leaf gas-exchange_Franks!D31",
54,"lat","stomata-franks_reichgelt_2020.xlsx#leaf gas-exchange_Franks!AA31",
54,"lon","stomata-franks_reichgelt_2020.xlsx#leaf gas-exchange_Franks!AB31",
54,"age_mean","stomata-franks_reichgelt_2020.xlsx#leaf gas-exchange_Franks!V31",
54,"age_notes","stomata-franks_reichgelt_2020.xlsx#leaf gas-exchange_Franks!Z31",
54,"family","stomata-franks_reichgelt_2020.xlsx#leaf gas-exchange_Franks!P31",
54,"genus","stomata-franks_reichgelt_2020.xlsx#leaf gas-exchange_Franks!Q31",
54,"Dab","stomata-franks_reichgelt_2020.xlsx#leaf gas-exchange_Franks!AM31",
54,"eDab","stomata-franks_reichgelt_2020.xlsx#leaf gas-exchange_Franks!AN31",
54,"N_eDab","stomata-franks_reichgelt_2020.xlsx#leaf gas-exchange_Franks!AO31",
54,"Dad","stomata-franks_reichgelt_2020.xlsx#leaf gas-exchange_Franks!AP31",
54,"GCLab","stomata-franks_reichgelt_2020.xlsx#leaf gas-exchange_Franks!AS31",
54,"eGCLab","stomata-franks_reichgelt_2020.xlsx#leaf gas-exchange_Franks!AT31",
54,"N_eGCLab","stomata-franks_reichgelt_2020.xlsx#leaf gas-exchange_Franks!AU31",
54,"GCLad","stomata-franks_reichgelt_2020.xlsx#leaf gas-exchange_Franks!AV31",
54,"eGCLad","stomata-franks_reichgelt_2020.xlsx#leaf gas-exchange_Franks!AW31",
54,"GCWab","stomata-franks_reichgelt_2020.xlsx#leaf gas-exchange_Franks!AY31",
54,"eGCWab","stomata-franks_reichgelt_2020.xlsx#leaf gas-exchange_Franks!AZ31",
54,"N_eGCWab","stomata-franks_reichgelt_2020.xlsx#leaf gas-exchange_Franks!BA31",
54,"GCWad","stomata-franks_reichgelt_2020.xlsx#leaf gas-exchange_Franks!BB31",
54,"eGCWad","stomata-franks_reichgelt_2020.xlsx#leaf gas-exchange_Franks!BC31",
54,"d13Cp","stomata-franks_reichgelt_2020.xlsx#leaf gas-exchange_Franks!BE31",
54,"ed13Cp","stomata-franks_reichgelt_2020.xlsx#leaf gas-exchange_Franks!BF31",
54,"N_ed13Cp","stomata-franks_reichgelt_2020.xlsx#leaf gas-exchange_Franks!BG31",
54,"CO2_0","stomata-franks_reichgelt_2020.xlsx#leaf gas-exchange_Franks!BK31",
54,"dv","stomata-franks_reichgelt_2020.xlsx#leaf gas-exchange_Franks!CL31",
54,"A0","stomata-franks_reichgelt_2020.xlsx#leaf gas-exchange_Franks!BL31",
54,"eA0","stomata-franks_reichgelt_2020.xlsx#leaf gas-exchange_Franks!BM31",
54,"N_eA0","stomata-franks_reichgelt_2020.xlsx#leaf gas-exchange_Franks!BN31",
54,"CiCa0","stomata-franks_reichgelt_2020.xlsx#leaf gas-exchange_Franks!BO31",
54,"eCiCa0","stomata-franks_reichgelt_2020.xlsx#leaf gas-exchange_Franks!BP31",
54,"gb","stomata-franks_reichgelt_2020.xlsx#leaf gas-exchange_Franks!BR31",
54,"egb","stomata-franks_reichgelt_2020.xlsx#leaf gas-exchange_Franks!BS31",
54,"N_egb","stomata-franks_reichgelt_2020.xlsx#leaf gas-exchange_Franks!BT31",
54,"s1","stomata-franks_reichgelt_2020.xlsx#leaf gas-exchange_Franks!BU31",
54,"es1","stomata-franks_reichgelt_2020.xlsx#leaf gas-exchange_Franks!BV31",
54,"N_es1","stomata-franks_reichgelt_2020.xlsx#leaf gas-exchange_Franks!BW31",
54,"s2","stomata-franks_reichgelt_2020.xlsx#leaf gas-exchange_Franks!BX31",
54,"es2","stomata-franks_reichgelt_2020.xlsx#leaf gas-exchange_Franks!BY31",
54,"N_es2","stomata-franks_reichgelt_2020.xlsx#leaf gas-exchange_Franks!BZ31",
54,"s3","stomata-franks_reichgelt_2020.xlsx#leaf gas-exchange_Franks!CA31",
54,"es3","stomata-franks_reichgelt_2020.xlsx#leaf gas-exchange_Franks!CB31",
54,"N_es3","stomata-franks_reichgelt_2020.xlsx#leaf gas-exchange_Franks!CC31",
54,"s4","stomata-franks_reichgelt_2020.xlsx#leaf gas-exchange_Franks!CD31",
54,"es4","stomata-franks_reichgelt_2020.xlsx#leaf gas-exchange_Franks!CE31",
54,"N_es4","stomata-franks_reichgelt_2020.xlsx#leaf gas-exchange_Franks!CF31",
54,"s5","stomata-franks_reichgelt_2020.xlsx#leaf gas-exchange_Franks!CG31",
54,"es5","stomata-franks_reichgelt_2020.xlsx#leaf gas-exchange_Franks!CH31",
54,"N_es5","stomata-franks_reichgelt_2020.xlsx#leaf gas-exchange_Franks!CI31",
55,"sample","stomata-franks_reichgelt_2020.xlsx#leaf gas-exchange_Franks!O32",
55,"doi","stomata-franks_reichgelt_2020.xlsx#leaf gas-exchange_Franks!D32",
55,"lat","stomata-franks_reichgelt_2020.xlsx#leaf gas-exchange_Franks!AA32",
55,"lon","stomata-franks_reichgelt_2020.xlsx#leaf gas-exchange_Franks!AB32",
55,"age_mean","stomata-franks_reichgelt_2020.xlsx#leaf gas-exchange_Franks!V32",
55,"age_notes","stomata-franks_reichgelt_2020.xlsx#leaf gas-exchange_Franks!Z32",
55,"family","stomata-franks_reichgelt_2020.xlsx#leaf gas-exchange_Franks!P32",
55,"genus","stomata-franks_reichgelt_2020.xlsx#leaf gas-exchange_Franks!Q32",
55,"Dab","stomata-franks_reichgelt_2020.xlsx#leaf gas-exchange_Franks!AM32",
55,"eDab","stomata-franks_reichgelt_2020.xlsx#leaf gas-exchange_Franks!AN32",
55,"N_eDab","stomata-franks_reichgelt_2020.xlsx#leaf gas-exchange_Franks!AO32",
55,"Dad","stomata-franks_reichgelt_2020.xlsx#leaf gas-exchange_Franks!AP32",
55,"GCLab","stomata-franks_reichgelt_2020.xlsx#leaf gas-exchange_Franks!AS32",
55,"eGCLab","stomata-franks_reichgelt_2020.xlsx#leaf gas-exchange_Franks!AT32",
55,"N_eGCLab","stomata-franks_reichgelt_2020.xlsx#leaf gas-exchange_Franks!AU32",
55,"GCLad","stomata-franks_reichgelt_2020.xlsx#leaf gas-exchange_Franks!AV32",
55,"eGCLad","stomata-franks_reichgelt_2020.xlsx#leaf gas-exchange_Franks!AW32",
55,"GCWab","stomata-franks_reichgelt_2020.xlsx#leaf gas-exchange_Franks!AY32",
55,"eGCWab","stomata-franks_reichgelt_2020.xlsx#leaf gas-exchange_Franks!AZ32",
55,"N_eGCWab","stomata-franks_reichgelt_2020.xlsx#leaf gas-exchange_Franks!BA32",
55,"GCWad","stomata-franks_reichgelt_2020.xlsx#leaf gas-exchange_Franks!BB32",
55,"eGCWad","stomata-franks_reichgelt_2020.xlsx#leaf gas-exchange_Franks!BC32",
55,"d13Cp","stomata-franks_reichgelt_2020.xlsx#leaf gas-exchange_Franks!BE32",
55,"ed13Cp","stomata-franks_reichgelt_2020.xlsx#leaf gas-exchange_Franks!BF32",
55,"N_ed13Cp","stomata-franks_reichgelt_2020.xlsx#leaf gas-exchange_Franks!BG32",
55,"CO2_0","stomata-franks_reichgelt_2020.xlsx#leaf gas-exchange_Franks!BK32",
55,"dv","stomata-franks_reichgelt_2020.xlsx#leaf gas-exchange_Franks!CL32",
55,"A0","stomata-franks_reichgelt_2020.xlsx#leaf gas-exchange_Franks!BL32",
55,"eA0","stomata-franks_reichgelt_2020.xlsx#leaf gas-exchange_Franks!BM32",
55,"N_eA0","stomata-franks_reichgelt_2020.xlsx#leaf gas-exchange_Franks!BN32",
55,"CiCa0","stomata-franks_reichgelt_2020.xlsx#leaf gas-exchange_Franks!BO32",
55,"eCiCa0","stomata-franks_reichgelt_2020.xlsx#leaf gas-exchange_Franks!BP32",
55,"gb","stomata-franks_reichgelt_2020.xlsx#leaf gas-exchange_Franks!BR32",
55,"egb","stomata-franks_reichgelt_2020.xlsx#leaf gas-exchange_Franks!BS32",
55,"N_egb","stomata-franks_reichgelt_2020.xlsx#leaf gas-exchange_Franks!BT32",
55,"s1","stomata-franks_reichgelt_2020.xlsx#leaf gas-exchange_Franks!BU32",
55,"es1","stomata-franks_reichgelt_2020.xlsx#leaf gas-exchange_Franks!BV32",
55,"N_es1","stomata-franks_reichgelt_2020.xlsx#leaf gas-exchange_Franks!BW32",
55,"s2","stomata-franks_reichgelt_2020.xlsx#leaf gas-exchange_Franks!BX32",
55,"es2","stomata-franks_reichgelt_2020.xlsx#leaf gas-exchange_Franks!BY32",
55,"N_es2","stomata-franks_reichgelt_2020.xlsx#leaf gas-exchange_Franks!BZ32",
55,"s3","stomata-franks_reichgelt_2020.xlsx#leaf gas-exchange_Franks!CA32",
55,"es3","stomata-franks_reichgelt_2020.xlsx#leaf gas-exchange_Franks!CB32",
55,"N_es3","stomata-franks_reichgelt_2020.xlsx#leaf gas-exchange_Franks!CC32",
55,"s4","stomata-franks_reichgelt_2020.xlsx#leaf gas-exchange_Franks!CD32",
55,"es4","stomata-franks_reichgelt_2020.xlsx#leaf gas-exchange_Franks!CE32",
55,"N_es4","stomata-franks_reichgelt_2020.xlsx#leaf gas-exchange_Franks!CF32",
55,"s5","stomata-franks_reichgelt_2020.xlsx#leaf gas-exchange_Franks!CG32",
55,"es5","stomata-franks_reichgelt_2020.xlsx#leaf gas-exchange_Franks!CH32",
55,"N_es5","stomata-franks_reichgelt_2020.xlsx#leaf gas-exchange_Franks!CI32",
56,"sample","stomata-franks_reichgelt_2020.xlsx#leaf gas-exchange_Franks!O33",
56,"doi","stomata-franks_reichgelt_2020.xlsx#leaf gas-exchange_Franks!D33",
56,"lat","stomata-franks_reichgelt_2020.xlsx#leaf gas-exchange_Franks!AA33",
56,"lon","stomata-franks_reichgelt_2020.xlsx#leaf gas-exchange_Franks!AB33",
56,"age_mean","stomata-franks_reichgelt_2020.xlsx#leaf gas-exchange_Franks!V33",
56,"age_notes","stomata-franks_reichgelt_2020.xlsx#leaf gas-exchange_Franks!Z33",
56,"family","stomata-franks_reichgelt_2020.xlsx#leaf gas-exchange_Franks!P33",
56,"genus","stomata-franks_reichgelt_2020.xlsx#leaf gas-exchange_Franks!Q33",
56,"Dab","stomata-franks_reichgelt_2020.xlsx#leaf gas-exchange_Franks!AM33",
56,"eDab","stomata-franks_reichgelt_2020.xlsx#leaf gas-exchange_Franks!AN33",
56,"N_eDab","stomata-franks_reichgelt_2020.xlsx#leaf gas-exchange_Franks!AO33",
56,"Dad","stomata-franks_reichgelt_2020.xlsx#leaf gas-exchange_Franks!AP33",
56,"GCLab","stomata-franks_reichgelt_2020.xlsx#leaf gas-exchange_Franks!AS33",
56,"eGCLab","stomata-franks_reichgelt_2020.xlsx#leaf gas-exchange_Franks!AT33",
56,"N_eGCLab","stomata-franks_reichgelt_2020.xlsx#leaf gas-exchange_Franks!AU33",
56,"GCLad","stomata-franks_reichgelt_2020.xlsx#leaf gas-exchange_Franks!AV33",
56,"eGCLad","stomata-franks_reichgelt_2020.xlsx#leaf gas-exchange_Franks!AW33",
56,"GCWab","stomata-franks_reichgelt_2020.xlsx#leaf gas-exchange_Franks!AY33",
56,"eGCWab","stomata-franks_reichgelt_2020.xlsx#leaf gas-exchange_Franks!AZ33",
56,"N_eGCWab","stomata-franks_reichgelt_2020.xlsx#leaf gas-exchange_Franks!BA33",
56,"GCWad","stomata-franks_reichgelt_2020.xlsx#leaf gas-exchange_Franks!BB33",
56,"eGCWad","stomata-franks_reichgelt_2020.xlsx#leaf gas-exchange_Franks!BC33",
56,"d13Cp","stomata-franks_reichgelt_2020.xlsx#leaf gas-exchange_Franks!BE33",
56,"ed13Cp","stomata-franks_reichgelt_2020.xlsx#leaf gas-exchange_Franks!BF33",
56,"N_ed13Cp","stomata-franks_reichgelt_2020.xlsx#leaf gas-exchange_Franks!BG33",
56,"CO2_0","stomata-franks_reichgelt_2020.xlsx#leaf gas-exchange_Franks!BK33",
56,"dv","stomata-franks_reichgelt_2020.xlsx#leaf gas-exchange_Franks!CL33",
56,"A0","stomata-franks_reichgelt_2020.xlsx#leaf gas-exchange_Franks!BL33",
56,"eA0","stomata-franks_reichgelt_2020.xlsx#leaf gas-exchange_Franks!BM33",
56,"N_eA0","stomata-franks_reichgelt_2020.xlsx#leaf gas-exchange_Franks!BN33",
56,"CiCa0","stomata-franks_reichgelt_2020.xlsx#leaf gas-exchange_Franks!BO33",
56,"eCiCa0","stomata-franks_reichgelt_2020.xlsx#leaf gas-exchange_Franks!BP33",
56,"gb","stomata-franks_reichgelt_2020.xlsx#leaf gas-exchange_Franks!BR33",
56,"egb","stomata-franks_reichgelt_2020.xlsx#leaf gas-exchange_Franks!BS33",
56,"N_egb","stomata-franks_reichgelt_2020.xlsx#leaf gas-exchange_Franks!BT33",
56,"s1","stomata-franks_reichgelt_2020.xlsx#leaf gas-exchange_Franks!BU33",
56,"es1","stomata-franks_reichgelt_2020.xlsx#leaf gas-exchange_Franks!BV33",
56,"N_es1","stomata-franks_reichgelt_2020.xlsx#leaf gas-exchange_Franks!BW33",
56,"s2","stomata-franks_reichgelt_2020.xlsx#leaf gas-exchange_Franks!BX33",
56,"es2","stomata-franks_reichgelt_2020.xlsx#leaf gas-exchange_Franks!BY33",
56,"N_es2","stomata-franks_reichgelt_2020.xlsx#leaf gas-exchange_Franks!BZ33",
56,"s3","stomata-franks_reichgelt_2020.xlsx#leaf gas-exchange_Franks!CA33",
56,"es3","stomata-franks_reichgelt_2020.xlsx#leaf gas-exchange_Franks!CB33",
56,"N_es3","stomata-franks_reichgelt_2020.xlsx#leaf gas-exchange_Franks!CC33",
56,"s4","stomata-franks_reichgelt_2020.xlsx#leaf gas-exchange_Franks!CD33",
56,"es4","stomata-franks_reichgelt_2020.xlsx#leaf gas-exchange_Franks!CE33",
56,"N_es4","stomata-franks_reichgelt_2020.xlsx#leaf gas-exchange_Franks!CF33",
56,"s5","stomata-franks_reichgelt_2020.xlsx#leaf gas-exchange_Franks!CG33",
56,"es5","stomata-franks_reichgelt_2020.xlsx#leaf gas-exchange_Franks!CH33",
56,"N_es5","stomata-franks_reichgelt_2020.xlsx#leaf gas-exchange_Franks!CI33",
57,"sample","stomata-franks_reichgelt_2020.xlsx#leaf gas-exchange_Franks!O34",
57,"doi","stomata-franks_reichgelt_2020.xlsx#leaf gas-exchange_Franks!D34",
57,"lat","stomata-franks_reichgelt_2020.xlsx#leaf gas-exchange_Franks!AA34",
57,"lon","stomata-franks_reichgelt_2020.xlsx#leaf gas-exchange_Franks!AB34",
57,"age_mean","stomata-franks_reichgelt_2020.xlsx#leaf gas-exchange_Franks!V34",
57,"age_notes","stomata-franks_reichgelt_2020.xlsx#leaf gas-exchange_Franks!Z34",
57,"family","stomata-franks_reichgelt_2020.xlsx#leaf gas-exchange_Franks!P34",
57,"genus","stomata-franks_reichgelt_2020.xlsx#leaf gas-exchange_Franks!Q34",
57,"Dab","stomata-franks_reichgelt_2020.xlsx#leaf gas-exchange_Franks!AM34",
57,"eDab","stomata-franks_reichgelt_2020.xlsx#leaf gas-exchange_Franks!AN34",
57,"N_eDab","stomata-franks_reichgelt_2020.xlsx#leaf gas-exchange_Franks!AO34",
57,"Dad","stomata-franks_reichgelt_2020.xlsx#leaf gas-exchange_Franks!AP34",
57,"GCLab","stomata-franks_reichgelt_2020.xlsx#leaf gas-exchange_Franks!AS34",
57,"eGCLab","stomata-franks_reichgelt_2020.xlsx#leaf gas-exchange_Franks!AT34",
57,"N_eGCLab","stomata-franks_reichgelt_2020.xlsx#leaf gas-exchange_Franks!AU34",
57,"GCLad","stomata-franks_reichgelt_2020.xlsx#leaf gas-exchange_Franks!AV34",
57,"eGCLad","stomata-franks_reichgelt_2020.xlsx#leaf gas-exchange_Franks!AW34",
57,"GCWab","stomata-franks_reichgelt_2020.xlsx#leaf gas-exchange_Franks!AY34",
57,"eGCWab","stomata-franks_reichgelt_2020.xlsx#leaf gas-exchange_Franks!AZ34",
57,"N_eGCWab","stomata-franks_reichgelt_2020.xlsx#leaf gas-exchange_Franks!BA34",
57,"GCWad","stomata-franks_reichgelt_2020.xlsx#leaf gas-exchange_Franks!BB34",
57,"eGCWad","stomata-franks_reichgelt_2020.xlsx#leaf gas-exchange_Franks!BC34",
57,"d13Cp","stomata-franks_reichgelt_2020.xlsx#leaf gas-exchange_Franks!BE34",
57,"ed13Cp","stomata-franks_reichgelt_2020.xlsx#leaf gas-exchange_Franks!BF34",
57,"N_ed13Cp","stomata-franks_reichgelt_2020.xlsx#leaf gas-exchange_Franks!BG34",
57,"CO2_0","stomata-franks_reichgelt_2020.xlsx#leaf gas-exchange_Franks!BK34",
57,"dv","stomata-franks_reichgelt_2020.xlsx#leaf gas-exchange_Franks!CL34",
57,"A0","stomata-franks_reichgelt_2020.xlsx#leaf gas-exchange_Franks!BL34",
57,"eA0","stomata-franks_reichgelt_2020.xlsx#leaf gas-exchange_Franks!BM34",
57,"N_eA0","stomata-franks_reichgelt_2020.xlsx#leaf gas-exchange_Franks!BN34",
57,"CiCa0","stomata-franks_reichgelt_2020.xlsx#leaf gas-exchange_Franks!BO34",
57,"eCiCa0","stomata-franks_reichgelt_2020.xlsx#leaf gas-exchange_Franks!BP34",
57,"gb","stomata-franks_reichgelt_2020.xlsx#leaf gas-exchange_Franks!BR34",
57,"egb","stomata-franks_reichgelt_2020.xlsx#leaf gas-exchange_Franks!BS34",
57,"N_egb","stomata-franks_reichgelt_2020.xlsx#leaf gas-exchange_Franks!BT34",
57,"s1","stomata-franks_reichgelt_2020.xlsx#leaf gas-exchange_Franks!BU34",
57,"es1","stomata-franks_reichgelt_2020.xlsx#leaf gas-exchange_Franks!BV34",
57,"N_es1","stomata-franks_reichgelt_2020.xlsx#leaf gas-exchange_Franks!BW34",
57,"s2","stomata-franks_reichgelt_2020.xlsx#leaf gas-exchange_Franks!BX34",
57,"es2","stomata-franks_reichgelt_2020.xlsx#leaf gas-exchange_Franks!BY34",
57,"N_es2","stomata-franks_reichgelt_2020.xlsx#leaf gas-exchange_Franks!BZ34",
57,"s3","stomata-franks_reichgelt_2020.xlsx#leaf gas-exchange_Franks!CA34",
57,"es3","stomata-franks_reichgelt_2020.xlsx#leaf gas-exchange_Franks!CB34",
57,"N_es3","stomata-franks_reichgelt_2020.xlsx#leaf gas-exchange_Franks!CC34",
57,"s4","stomata-franks_reichgelt_2020.xlsx#leaf gas-exchange_Franks!CD34",
57,"es4","stomata-franks_reichgelt_2020.xlsx#leaf gas-exchange_Franks!CE34",
57,"N_es4","stomata-franks_reichgelt_2020.xlsx#leaf gas-exchange_Franks!CF34",
57,"s5","stomata-franks_reichgelt_2020.xlsx#leaf gas-exchange_Franks!CG34",
57,"es5","stomata-franks_reichgelt_2020.xlsx#leaf gas-exchange_Franks!CH34",
57,"N_es5","stomata-franks_reichgelt_2020.xlsx#leaf gas-exchange_Franks!CI34",
58,"doi","stomata-franks_reichgelt_2020.xlsx#leaf gas-exchange_Franks!D35",
58,"lat","stomata-franks_reichgelt_2020.xlsx#leaf gas-exchange_Franks!AA35",
58,"lon","stomata-franks_reichgelt_2020.xlsx#leaf gas-exchange_Franks!AB35",
58,"age_mean","stomata-franks_reichgelt_2020.xlsx#leaf gas-exchange_Franks!V35",
58,"age_min","stomata-franks_reichgelt_2020.xlsx#leaf gas-exchange_Franks!X35",
58,"age_max","stomata-franks_reichgelt_2020.xlsx#leaf gas-exchange_Franks!W35",
58,"age_notes","stomata-franks_reichgelt_2020.xlsx#leaf gas-exchange_Franks!Z35",
59,"sample","stomata-franks_reichgelt_2020.xlsx#leaf gas-exchange_Franks!O36",
59,"doi","stomata-franks_reichgelt_2020.xlsx#leaf gas-exchange_Franks!D36",
59,"lat","stomata-franks_reichgelt_2020.xlsx#leaf gas-exchange_Franks!AA36",
59,"lon","stomata-franks_reichgelt_2020.xlsx#leaf gas-exchange_Franks!AB36",
59,"age_mean","stomata-franks_reichgelt_2020.xlsx#leaf gas-exchange_Franks!V36",
59,"age_notes","stomata-franks_reichgelt_2020.xlsx#leaf gas-exchange_Franks!Z36",
59,"family","stomata-franks_reichgelt_2020.xlsx#leaf gas-exchange_Franks!P36",
59,"genus","stomata-franks_reichgelt_2020.xlsx#leaf gas-exchange_Franks!Q36",
59,"Dab","stomata-franks_reichgelt_2020.xlsx#leaf gas-exchange_Franks!AM36",
59,"eDab","stomata-franks_reichgelt_2020.xlsx#leaf gas-exchange_Franks!AN36",
59,"N_eDab","stomata-franks_reichgelt_2020.xlsx#leaf gas-exchange_Franks!AO36",
59,"Dad","stomata-franks_reichgelt_2020.xlsx#leaf gas-exchange_Franks!AP36",
59,"GCLab","stomata-franks_reichgelt_2020.xlsx#leaf gas-exchange_Franks!AS36",
59,"eGCLab","stomata-franks_reichgelt_2020.xlsx#leaf gas-exchange_Franks!AT36",
59,"N_eGCLab","stomata-franks_reichgelt_2020.xlsx#leaf gas-exchange_Franks!AU36",
59,"GCLad","stomata-franks_reichgelt_2020.xlsx#leaf gas-exchange_Franks!AV36",
59,"eGCLad","stomata-franks_reichgelt_2020.xlsx#leaf gas-exchange_Franks!AW36",
59,"GCWab","stomata-franks_reichgelt_2020.xlsx#leaf gas-exchange_Franks!AY36",
59,"eGCWab","stomata-franks_reichgelt_2020.xlsx#leaf gas-exchange_Franks!AZ36",
59,"N_eGCWab","stomata-franks_reichgelt_2020.xlsx#leaf gas-exchange_Franks!BA36",
59,"GCWad","stomata-franks_reichgelt_2020.xlsx#leaf gas-exchange_Franks!BB36",
59,"eGCWad","stomata-franks_reichgelt_2020.xlsx#leaf gas-exchange_Franks!BC36",
59,"d13Cp","stomata-franks_reichgelt_2020.xlsx#leaf gas-exchange_Franks!BE36",
59,"ed13Cp","stomata-franks_reichgelt_2020.xlsx#leaf gas-exchange_Franks!BF36",
59,"N_ed13Cp","stomata-franks_reichgelt_2020.xlsx#leaf gas-exchange_Franks!BG36",
59,"CO2_0","stomata-franks_reichgelt_2020.xlsx#leaf gas-exchange_Franks!BK36",
59,"dv","stomata-franks_reichgelt_2020.xlsx#leaf gas-exchange_Franks!CL36",
59,"A0","stomata-franks_reichgelt_2020.xlsx#leaf gas-exchange_Franks!BL36",
59,"eA0","stomata-franks_reichgelt_2020.xlsx#leaf gas-exchange_Franks!BM36",
59,"N_eA0","stomata-franks_reichgelt_2020.xlsx#leaf gas-exchange_Franks!BN36",
59,"CiCa0","stomata-franks_reichgelt_2020.xlsx#leaf gas-exchange_Franks!BO36",
59,"eCiCa0","stomata-franks_reichgelt_2020.xlsx#leaf gas-exchange_Franks!BP36",
59,"gb","stomata-franks_reichgelt_2020.xlsx#leaf gas-exchange_Franks!BR36",
59,"egb","stomata-franks_reichgelt_2020.xlsx#leaf gas-exchange_Franks!BS36",
59,"N_egb","stomata-franks_reichgelt_2020.xlsx#leaf gas-exchange_Franks!BT36",
59,"s1","stomata-franks_reichgelt_2020.xlsx#leaf gas-exchange_Franks!BU36",
59,"es1","stomata-franks_reichgelt_2020.xlsx#leaf gas-exchange_Franks!BV36",
59,"N_es1","stomata-franks_reichgelt_2020.xlsx#leaf gas-exchange_Franks!BW36",
59,"s2","stomata-franks_reichgelt_2020.xlsx#leaf gas-exchange_Franks!BX36",
59,"es2","stomata-franks_reichgelt_2020.xlsx#leaf gas-exchange_Franks!BY36",
59,"N_es2","stomata-franks_reichgelt_2020.xlsx#leaf gas-exchange_Franks!BZ36",
59,"s3","stomata-franks_reichgelt_2020.xlsx#leaf gas-exchange_Franks!CA36",
59,"es3","stomata-franks_reichgelt_2020.xlsx#leaf gas-exchange_Franks!CB36",
59,"N_es3","stomata-franks_reichgelt_2020.xlsx#leaf gas-exchange_Franks!CC36",
59,"s4","stomata-franks_reichgelt_2020.xlsx#leaf gas-exchange_Franks!CD36",
59,"es4","stomata-franks_reichgelt_2020.xlsx#leaf gas-exchange_Franks!CE36",
59,"N_es4","stomata-franks_reichgelt_2020.xlsx#leaf gas-exchange_Franks!CF36",
59,"s5","stomata-franks_reichgelt_2020.xlsx#leaf gas-exchange_Franks!CG36",
59,"es5","stomata-franks_reichgelt_2020.xlsx#leaf gas-exchange_Franks!CH36",
59,"N_es5","stomata-franks_reichgelt_2020.xlsx#leaf gas-exchange_Franks!CI36",
60,"sample","stomata-franks_reichgelt_2020.xlsx#leaf gas-exchange_Franks!O37",
60,"doi","stomata-franks_reichgelt_2020.xlsx#leaf gas-exchange_Franks!D37",
60,"lat","stomata-franks_reichgelt_2020.xlsx#leaf gas-exchange_Franks!AA37",
60,"lon","stomata-franks_reichgelt_2020.xlsx#leaf gas-exchange_Franks!AB37",
60,"age_mean","stomata-franks_reichgelt_2020.xlsx#leaf gas-exchange_Franks!V37",
60,"age_notes","stomata-franks_reichgelt_2020.xlsx#leaf gas-exchange_Franks!Z37",
60,"family","stomata-franks_reichgelt_2020.xlsx#leaf gas-exchange_Franks!P37",
60,"genus","stomata-franks_reichgelt_2020.xlsx#leaf gas-exchange_Franks!Q37",
60,"Dab","stomata-franks_reichgelt_2020.xlsx#leaf gas-exchange_Franks!AM37",
60,"eDab","stomata-franks_reichgelt_2020.xlsx#leaf gas-exchange_Franks!AN37",
60,"N_eDab","stomata-franks_reichgelt_2020.xlsx#leaf gas-exchange_Franks!AO37",
60,"Dad","stomata-franks_reichgelt_2020.xlsx#leaf gas-exchange_Franks!AP37",
60,"GCLab","stomata-franks_reichgelt_2020.xlsx#leaf gas-exchange_Franks!AS37",
60,"eGCLab","stomata-franks_reichgelt_2020.xlsx#leaf gas-exchange_Franks!AT37",
60,"N_eGCLab","stomata-franks_reichgelt_2020.xlsx#leaf gas-exchange_Franks!AU37",
60,"GCLad","stomata-franks_reichgelt_2020.xlsx#leaf gas-exchange_Franks!AV37",
60,"eGCLad","stomata-franks_reichgelt_2020.xlsx#leaf gas-exchange_Franks!AW37",
60,"GCWab","stomata-franks_reichgelt_2020.xlsx#leaf gas-exchange_Franks!AY37",
60,"eGCWab","stomata-franks_reichgelt_2020.xlsx#leaf gas-exchange_Franks!AZ37",
60,"N_eGCWab","stomata-franks_reichgelt_2020.xlsx#leaf gas-exchange_Franks!BA37",
60,"GCWad","stomata-franks_reichgelt_2020.xlsx#leaf gas-exchange_Franks!BB37",
60,"eGCWad","stomata-franks_reichgelt_2020.xlsx#leaf gas-exchange_Franks!BC37",
60,"d13Cp","stomata-franks_reichgelt_2020.xlsx#leaf gas-exchange_Franks!BE37",
60,"ed13Cp","stomata-franks_reichgelt_2020.xlsx#leaf gas-exchange_Franks!BF37",
60,"N_ed13Cp","stomata-franks_reichgelt_2020.xlsx#leaf gas-exchange_Franks!BG37",
60,"CO2_0","stomata-franks_reichgelt_2020.xlsx#leaf gas-exchange_Franks!BK37",
60,"dv","stomata-franks_reichgelt_2020.xlsx#leaf gas-exchange_Franks!CL37",
60,"A0","stomata-franks_reichgelt_2020.xlsx#leaf gas-exchange_Franks!BL37",
60,"eA0","stomata-franks_reichgelt_2020.xlsx#leaf gas-exchange_Franks!BM37",
60,"N_eA0","stomata-franks_reichgelt_2020.xlsx#leaf gas-exchange_Franks!BN37",
60,"CiCa0","stomata-franks_reichgelt_2020.xlsx#leaf gas-exchange_Franks!BO37",
60,"eCiCa0","stomata-franks_reichgelt_2020.xlsx#leaf gas-exchange_Franks!BP37",
60,"gb","stomata-franks_reichgelt_2020.xlsx#leaf gas-exchange_Franks!BR37",
60,"egb","stomata-franks_reichgelt_2020.xlsx#leaf gas-exchange_Franks!BS37",
60,"N_egb","stomata-franks_reichgelt_2020.xlsx#leaf gas-exchange_Franks!BT37",
60,"s1","stomata-franks_reichgelt_2020.xlsx#leaf gas-exchange_Franks!BU37",
60,"es1","stomata-franks_reichgelt_2020.xlsx#leaf gas-exchange_Franks!BV37",
60,"N_es1","stomata-franks_reichgelt_2020.xlsx#leaf gas-exchange_Franks!BW37",
60,"s2","stomata-franks_reichgelt_2020.xlsx#leaf gas-exchange_Franks!BX37",
60,"es2","stomata-franks_reichgelt_2020.xlsx#leaf gas-exchange_Franks!BY37",
60,"N_es2","stomata-franks_reichgelt_2020.xlsx#leaf gas-exchange_Franks!BZ37",
60,"s3","stomata-franks_reichgelt_2020.xlsx#leaf gas-exchange_Franks!CA37",
60,"es3","stomata-franks_reichgelt_2020.xlsx#leaf gas-exchange_Franks!CB37",
60,"N_es3","stomata-franks_reichgelt_2020.xlsx#leaf gas-exchange_Franks!CC37",
60,"s4","stomata-franks_reichgelt_2020.xlsx#leaf gas-exchange_Franks!CD37",
60,"es4","stomata-franks_reichgelt_2020.xlsx#leaf gas-exchange_Franks!CE37",
60,"N_es4","stomata-franks_reichgelt_2020.xlsx#leaf gas-exchange_Franks!CF37",
60,"s5","stomata-franks_reichgelt_2020.xlsx#leaf gas-exchange_Franks!CG37",
60,"es5","stomata-franks_reichgelt_2020.xlsx#leaf gas-exchange_Franks!CH37",
60,"N_es5","stomata-franks_reichgelt_2020.xlsx#leaf gas-exchange_Franks!CI37",
61,"sample","stomata-franks_reichgelt_2020.xlsx#leaf gas-exchange_Franks!O38",
61,"doi","stomata-franks_reichgelt_2020.xlsx#leaf gas-exchange_Franks!D38",
61,"lat","stomata-franks_reichgelt_2020.xlsx#leaf gas-exchange_Franks!AA38",
61,"lon","stomata-franks_reichgelt_2020.xlsx#leaf gas-exchange_Franks!AB38",
61,"age_mean","stomata-franks_reichgelt_2020.xlsx#leaf gas-exchange_Franks!V38",
61,"age_notes","stomata-franks_reichgelt_2020.xlsx#leaf gas-exchange_Franks!Z38",
61,"family","stomata-franks_reichgelt_2020.xlsx#leaf gas-exchange_Franks!P38",
61,"genus","stomata-franks_reichgelt_2020.xlsx#leaf gas-exchange_Franks!Q38",
61,"Dab","stomata-franks_reichgelt_2020.xlsx#leaf gas-exchange_Franks!AM38",
61,"eDab","stomata-franks_reichgelt_2020.xlsx#leaf gas-exchange_Franks!AN38",
61,"N_eDab","stomata-franks_reichgelt_2020.xlsx#leaf gas-exchange_Franks!AO38",
61,"Dad","stomata-franks_reichgelt_2020.xlsx#leaf gas-exchange_Franks!AP38",
61,"GCLab","stomata-franks_reichgelt_2020.xlsx#leaf gas-exchange_Franks!AS38",
61,"eGCLab","stomata-franks_reichgelt_2020.xlsx#leaf gas-exchange_Franks!AT38",
61,"N_eGCLab","stomata-franks_reichgelt_2020.xlsx#leaf gas-exchange_Franks!AU38",
61,"GCLad","stomata-franks_reichgelt_2020.xlsx#leaf gas-exchange_Franks!AV38",
61,"eGCLad","stomata-franks_reichgelt_2020.xlsx#leaf gas-exchange_Franks!AW38",
61,"GCWab","stomata-franks_reichgelt_2020.xlsx#leaf gas-exchange_Franks!AY38",
61,"eGCWab","stomata-franks_reichgelt_2020.xlsx#leaf gas-exchange_Franks!AZ38",
61,"N_eGCWab","stomata-franks_reichgelt_2020.xlsx#leaf gas-exchange_Franks!BA38",
61,"GCWad","stomata-franks_reichgelt_2020.xlsx#leaf gas-exchange_Franks!BB38",
61,"eGCWad","stomata-franks_reichgelt_2020.xlsx#leaf gas-exchange_Franks!BC38",
61,"d13Cp","stomata-franks_reichgelt_2020.xlsx#leaf gas-exchange_Franks!BE38",
61,"ed13Cp","stomata-franks_reichgelt_2020.xlsx#leaf gas-exchange_Franks!BF38",
61,"N_ed13Cp","stomata-franks_reichgelt_2020.xlsx#leaf gas-exchange_Franks!BG38",
61,"CO2_0","stomata-franks_reichgelt_2020.xlsx#leaf gas-exchange_Franks!BK38",
61,"dv","stomata-franks_reichgelt_2020.xlsx#leaf gas-exchange_Franks!CL38",
61,"A0","stomata-franks_reichgelt_2020.xlsx#leaf gas-exchange_Franks!BL38",
61,"eA0","stomata-franks_reichgelt_2020.xlsx#leaf gas-exchange_Franks!BM38",
61,"N_eA0","stomata-franks_reichgelt_2020.xlsx#leaf gas-exchange_Franks!BN38",
61,"CiCa0","stomata-franks_reichgelt_2020.xlsx#leaf gas-exchange_Franks!BO38",
61,"eCiCa0","stomata-franks_reichgelt_2020.xlsx#leaf gas-exchange_Franks!BP38",
61,"gb","stomata-franks_reichgelt_2020.xlsx#leaf gas-exchange_Franks!BR38",
61,"egb","stomata-franks_reichgelt_2020.xlsx#leaf gas-exchange_Franks!BS38",
61,"N_egb","stomata-franks_reichgelt_2020.xlsx#leaf gas-exchange_Franks!BT38",
61,"s1","stomata-franks_reichgelt_2020.xlsx#leaf gas-exchange_Franks!BU38",
61,"es1","stomata-franks_reichgelt_2020.xlsx#leaf gas-exchange_Franks!BV38",
61,"N_es1","stomata-franks_reichgelt_2020.xlsx#leaf gas-exchange_Franks!BW38",
61,"s2","stomata-franks_reichgelt_2020.xlsx#leaf gas-exchange_Franks!BX38",
61,"es2","stomata-franks_reichgelt_2020.xlsx#leaf gas-exchange_Franks!BY38",
61,"N_es2","stomata-franks_reichgelt_2020.xlsx#leaf gas-exchange_Franks!BZ38",
61,"s3","stomata-franks_reichgelt_2020.xlsx#leaf gas-exchange_Franks!CA38",
61,"es3","stomata-franks_reichgelt_2020.xlsx#leaf gas-exchange_Franks!CB38",
61,"N_es3","stomata-franks_reichgelt_2020.xlsx#leaf gas-exchange_Franks!CC38",
61,"s4","stomata-franks_reichgelt_2020.xlsx#leaf gas-exchange_Franks!CD38",
61,"es4","stomata-franks_reichgelt_2020.xlsx#leaf gas-exchange_Franks!CE38",
61,"N_es4","stomata-franks_reichgelt_2020.xlsx#leaf gas-exchange_Franks!CF38",
61,"s5","stomata-franks_reichgelt_2020.xlsx#leaf gas-exchange_Franks!CG38",
61,"es5","stomata-franks_reichgelt_2020.xlsx#leaf gas-exchange_Franks!CH38",
61,"N_es5","stomata-franks_reichgelt_2020.xlsx#leaf gas-exchange_Franks!CI38",
62,"sample","stomata-franks_reichgelt_2020.xlsx#leaf gas-exchange_Franks!O39",
62,"doi","stomata-franks_reichgelt_2020.xlsx#leaf gas-exchange_Franks!D39",
62,"lat","stomata-franks_reichgelt_2020.xlsx#leaf gas-exchange_Franks!AA39",
62,"lon","stomata-franks_reichgelt_2020.xlsx#leaf gas-exchange_Franks!AB39",
62,"age_mean","stomata-franks_reichgelt_2020.xlsx#leaf gas-exchange_Franks!V39",
62,"age_notes","stomata-franks_reichgelt_2020.xlsx#leaf gas-exchange_Franks!Z39",
62,"family","stomata-franks_reichgelt_2020.xlsx#leaf gas-exchange_Franks!P39",
62,"genus","stomata-franks_reichgelt_2020.xlsx#leaf gas-exchange_Franks!Q39",
62,"Dab","stomata-franks_reichgelt_2020.xlsx#leaf gas-exchange_Franks!AM39",
62,"eDab","stomata-franks_reichgelt_2020.xlsx#leaf gas-exchange_Franks!AN39",
62,"N_eDab","stomata-franks_reichgelt_2020.xlsx#leaf gas-exchange_Franks!AO39",
62,"Dad","stomata-franks_reichgelt_2020.xlsx#leaf gas-exchange_Franks!AP39",
62,"GCLab","stomata-franks_reichgelt_2020.xlsx#leaf gas-exchange_Franks!AS39",
62,"eGCLab","stomata-franks_reichgelt_2020.xlsx#leaf gas-exchange_Franks!AT39",
62,"N_eGCLab","stomata-franks_reichgelt_2020.xlsx#leaf gas-exchange_Franks!AU39",
62,"GCLad","stomata-franks_reichgelt_2020.xlsx#leaf gas-exchange_Franks!AV39",
62,"eGCLad","stomata-franks_reichgelt_2020.xlsx#leaf gas-exchange_Franks!AW39",
62,"GCWab","stomata-franks_reichgelt_2020.xlsx#leaf gas-exchange_Franks!AY39",
62,"eGCWab","stomata-franks_reichgelt_2020.xlsx#leaf gas-exchange_Franks!AZ39",
62,"N_eGCWab","stomata-franks_reichgelt_2020.xlsx#leaf gas-exchange_Franks!BA39",
62,"GCWad","stomata-franks_reichgelt_2020.xlsx#leaf gas-exchange_Franks!BB39",
62,"eGCWad","stomata-franks_reichgelt_2020.xlsx#leaf gas-exchange_Franks!BC39",
62,"d13Cp","stomata-franks_reichgelt_2020.xlsx#leaf gas-exchange_Franks!BE39",
62,"ed13Cp","stomata-franks_reichgelt_2020.xlsx#leaf gas-exchange_Franks!BF39",
62,"N_ed13Cp","stomata-franks_reichgelt_2020.xlsx#leaf gas-exchange_Franks!BG39",
62,"CO2_0","stomata-franks_reichgelt_2020.xlsx#leaf gas-exchange_Franks!BK39",
62,"dv","stomata-franks_reichgelt_2020.xlsx#leaf gas-exchange_Franks!CL39",
62,"A0","stomata-franks_reichgelt_2020.xlsx#leaf gas-exchange_Franks!BL39",
62,"eA0","stomata-franks_reichgelt_2020.xlsx#leaf gas-exchange_Franks!BM39",
62,"N_eA0","stomata-franks_reichgelt_2020.xlsx#leaf gas-exchange_Franks!BN39",
62,"CiCa0","stomata-franks_reichgelt_2020.xlsx#leaf gas-exchange_Franks!BO39",
62,"eCiCa0","stomata-franks_reichgelt_2020.xlsx#leaf gas-exchange_Franks!BP39",
62,"gb","stomata-franks_reichgelt_2020.xlsx#leaf gas-exchange_Franks!BR39",
62,"egb","stomata-franks_reichgelt_2020.xlsx#leaf gas-exchange_Franks!BS39",
62,"N_egb","stomata-franks_reichgelt_2020.xlsx#leaf gas-exchange_Franks!BT39",
62,"s1","stomata-franks_reichgelt_2020.xlsx#leaf gas-exchange_Franks!BU39",
62,"es1","stomata-franks_reichgelt_2020.xlsx#leaf gas-exchange_Franks!BV39",
62,"N_es1","stomata-franks_reichgelt_2020.xlsx#leaf gas-exchange_Franks!BW39",
62,"s2","stomata-franks_reichgelt_2020.xlsx#leaf gas-exchange_Franks!BX39",
62,"es2","stomata-franks_reichgelt_2020.xlsx#leaf gas-exchange_Franks!BY39",
62,"N_es2","stomata-franks_reichgelt_2020.xlsx#leaf gas-exchange_Franks!BZ39",
62,"s3","stomata-franks_reichgelt_2020.xlsx#leaf gas-exchange_Franks!CA39",
62,"es3","stomata-franks_reichgelt_2020.xlsx#leaf gas-exchange_Franks!CB39",
62,"N_es3","stomata-franks_reichgelt_2020.xlsx#leaf gas-exchange_Franks!CC39",
62,"s4","stomata-franks_reichgelt_2020.xlsx#leaf gas-exchange_Franks!CD39",
62,"es4","stomata-franks_reichgelt_2020.xlsx#leaf gas-exchange_Franks!CE39",
62,"N_es4","stomata-franks_reichgelt_2020.xlsx#leaf gas-exchange_Franks!CF39",
62,"s5","stomata-franks_reichgelt_2020.xlsx#leaf gas-exchange_Franks!CG39",
62,"es5","stomata-franks_reichgelt_2020.xlsx#leaf gas-exchange_Franks!CH39",
62,"N_es5","stomata-franks_reichgelt_2020.xlsx#leaf gas-exchange_Franks!CI39",
63,"sample","stomata-franks_reichgelt_2020.xlsx#leaf gas-exchange_Franks!O40",
63,"doi","stomata-franks_reichgelt_2020.xlsx#leaf gas-exchange_Franks!D40",
63,"lat","stomata-franks_reichgelt_2020.xlsx#leaf gas-exchange_Franks!AA40",
63,"lon","stomata-franks_reichgelt_2020.xlsx#leaf gas-exchange_Franks!AB40",
63,"age_mean","stomata-franks_reichgelt_2020.xlsx#leaf gas-exchange_Franks!V40",
63,"age_notes","stomata-franks_reichgelt_2020.xlsx#leaf gas-exchange_Franks!Z40",
63,"family","stomata-franks_reichgelt_2020.xlsx#leaf gas-exchange_Franks!P40",
63,"Dab","stomata-franks_reichgelt_2020.xlsx#leaf gas-exchange_Franks!AM40",
63,"eDab","stomata-franks_reichgelt_2020.xlsx#leaf gas-exchange_Franks!AN40",
63,"N_eDab","stomata-franks_reichgelt_2020.xlsx#leaf gas-exchange_Franks!AO40",
63,"Dad","stomata-franks_reichgelt_2020.xlsx#leaf gas-exchange_Franks!AP40",
63,"GCLab","stomata-franks_reichgelt_2020.xlsx#leaf gas-exchange_Franks!AS40",
63,"eGCLab","stomata-franks_reichgelt_2020.xlsx#leaf gas-exchange_Franks!AT40",
63,"N_eGCLab","stomata-franks_reichgelt_2020.xlsx#leaf gas-exchange_Franks!AU40",
63,"GCLad","stomata-franks_reichgelt_2020.xlsx#leaf gas-exchange_Franks!AV40",
63,"eGCLad","stomata-franks_reichgelt_2020.xlsx#leaf gas-exchange_Franks!AW40",
63,"GCWab","stomata-franks_reichgelt_2020.xlsx#leaf gas-exchange_Franks!AY40",
63,"eGCWab","stomata-franks_reichgelt_2020.xlsx#leaf gas-exchange_Franks!AZ40",
63,"N_eGCWab","stomata-franks_reichgelt_2020.xlsx#leaf gas-exchange_Franks!BA40",
63,"GCWad","stomata-franks_reichgelt_2020.xlsx#leaf gas-exchange_Franks!BB40",
63,"eGCWad","stomata-franks_reichgelt_2020.xlsx#leaf gas-exchange_Franks!BC40",
63,"d13Cp","stomata-franks_reichgelt_2020.xlsx#leaf gas-exchange_Franks!BE40",
63,"ed13Cp","stomata-franks_reichgelt_2020.xlsx#leaf gas-exchange_Franks!BF40",
63,"N_ed13Cp","stomata-franks_reichgelt_2020.xlsx#leaf gas-exchange_Franks!BG40",
63,"CO2_0","stomata-franks_reichgelt_2020.xlsx#leaf gas-exchange_Franks!BK40",
63,"dv","stomata-franks_reichgelt_2020.xlsx#leaf gas-exchange_Franks!CL40",
63,"A0","stomata-franks_reichgelt_2020.xlsx#leaf gas-exchange_Franks!BL40",
63,"eA0","stomata-franks_reichgelt_2020.xlsx#leaf gas-exchange_Franks!BM40",
63,"N_eA0","stomata-franks_reichgelt_2020.xlsx#leaf gas-exchange_Franks!BN40",
63,"CiCa0","stomata-franks_reichgelt_2020.xlsx#leaf gas-exchange_Franks!BO40",
63,"eCiCa0","stomata-franks_reichgelt_2020.xlsx#leaf gas-exchange_Franks!BP40",
63,"gb","stomata-franks_reichgelt_2020.xlsx#leaf gas-exchange_Franks!BR40",
63,"egb","stomata-franks_reichgelt_2020.xlsx#leaf gas-exchange_Franks!BS40",
63,"N_egb","stomata-franks_reichgelt_2020.xlsx#leaf gas-exchange_Franks!BT40",
63,"s1","stomata-franks_reichgelt_2020.xlsx#leaf gas-exchange_Franks!BU40",
63,"es1","stomata-franks_reichgelt_2020.xlsx#leaf gas-exchange_Franks!BV40",
63,"N_es1","stomata-franks_reichgelt_2020.xlsx#leaf gas-exchange_Franks!BW40",
63,"s2","stomata-franks_reichgelt_2020.xlsx#leaf gas-exchange_Franks!BX40",
63,"es2","stomata-franks_reichgelt_2020.xlsx#leaf gas-exchange_Franks!BY40",
63,"N_es2","stomata-franks_reichgelt_2020.xlsx#leaf gas-exchange_Franks!BZ40",
63,"s3","stomata-franks_reichgelt_2020.xlsx#leaf gas-exchange_Franks!CA40",
63,"es3","stomata-franks_reichgelt_2020.xlsx#leaf gas-exchange_Franks!CB40",
63,"N_es3","stomata-franks_reichgelt_2020.xlsx#leaf gas-exchange_Franks!CC40",
63,"s4","stomata-franks_reichgelt_2020.xlsx#leaf gas-exchange_Franks!CD40",
63,"es4","stomata-franks_reichgelt_2020.xlsx#leaf gas-exchange_Franks!CE40",
63,"N_es4","stomata-franks_reichgelt_2020.xlsx#leaf gas-exchange_Franks!CF40",
63,"s5","stomata-franks_reichgelt_2020.xlsx#leaf gas-exchange_Franks!CG40",
63,"es5","stomata-franks_reichgelt_2020.xlsx#leaf gas-exchange_Franks!CH40",
63,"N_es5","stomata-franks_reichgelt_2020.xlsx#leaf gas-exchange_Franks!CI40",
64,"sample","stomata-franks_reichgelt_2020.xlsx#leaf gas-exchange_Franks!O41",
64,"doi","stomata-franks_reichgelt_2020.xlsx#leaf gas-exchange_Franks!D41",
64,"lat","stomata-franks_reichgelt_2020.xlsx#leaf gas-exchange_Franks!AA41",
64,"lon","stomata-franks_reichgelt_2020.xlsx#leaf gas-exchange_Franks!AB41",
64,"age_mean","stomata-franks_reichgelt_2020.xlsx#leaf gas-exchange_Franks!V41",
64,"age_notes","stomata-franks_reichgelt_2020.xlsx#leaf gas-exchange_Franks!Z41",
64,"family","stomata-franks_reichgelt_2020.xlsx#leaf gas-exchange_Franks!P41",
64,"genus","stomata-franks_reichgelt_2020.xlsx#leaf gas-exchange_Franks!Q41",
64,"Dab","stomata-franks_reichgelt_2020.xlsx#leaf gas-exchange_Franks!AM41",
64,"eDab","stomata-franks_reichgelt_2020.xlsx#leaf gas-exchange_Franks!AN41",
64,"N_eDab","stomata-franks_reichgelt_2020.xlsx#leaf gas-exchange_Franks!AO41",
64,"Dad","stomata-franks_reichgelt_2020.xlsx#leaf gas-exchange_Franks!AP41",
64,"GCLab","stomata-franks_reichgelt_2020.xlsx#leaf gas-exchange_Franks!AS41",
64,"eGCLab","stomata-franks_reichgelt_2020.xlsx#leaf gas-exchange_Franks!AT41",
64,"N_eGCLab","stomata-franks_reichgelt_2020.xlsx#leaf gas-exchange_Franks!AU41",
64,"GCLad","stomata-franks_reichgelt_2020.xlsx#leaf gas-exchange_Franks!AV41",
64,"eGCLad","stomata-franks_reichgelt_2020.xlsx#leaf gas-exchange_Franks!AW41",
64,"GCWab","stomata-franks_reichgelt_2020.xlsx#leaf gas-exchange_Franks!AY41",
64,"eGCWab","stomata-franks_reichgelt_2020.xlsx#leaf gas-exchange_Franks!AZ41",
64,"N_eGCWab","stomata-franks_reichgelt_2020.xlsx#leaf gas-exchange_Franks!BA41",
64,"GCWad","stomata-franks_reichgelt_2020.xlsx#leaf gas-exchange_Franks!BB41",
64,"eGCWad","stomata-franks_reichgelt_2020.xlsx#leaf gas-exchange_Franks!BC41",
64,"d13Cp","stomata-franks_reichgelt_2020.xlsx#leaf gas-exchange_Franks!BE41",
64,"ed13Cp","stomata-franks_reichgelt_2020.xlsx#leaf gas-exchange_Franks!BF41",
64,"N_ed13Cp","stomata-franks_reichgelt_2020.xlsx#leaf gas-exchange_Franks!BG41",
64,"CO2_0","stomata-franks_reichgelt_2020.xlsx#leaf gas-exchange_Franks!BK41",
64,"dv","stomata-franks_reichgelt_2020.xlsx#leaf gas-exchange_Franks!CL41",
64,"A0","stomata-franks_reichgelt_2020.xlsx#leaf gas-exchange_Franks!BL41",
64,"eA0","stomata-franks_reichgelt_2020.xlsx#leaf gas-exchange_Franks!BM41",
64,"N_eA0","stomata-franks_reichgelt_2020.xlsx#leaf gas-exchange_Franks!BN41",
64,"CiCa0","stomata-franks_reichgelt_2020.xlsx#leaf gas-exchange_Franks!BO41",
64,"eCiCa0","stomata-franks_reichgelt_2020.xlsx#leaf gas-exchange_Franks!BP41",
64,"gb","stomata-franks_reichgelt_2020.xlsx#leaf gas-exchange_Franks!BR41",
64,"egb","stomata-franks_reichgelt_2020.xlsx#leaf gas-exchange_Franks!BS41",
64,"N_egb","stomata-franks_reichgelt_2020.xlsx#leaf gas-exchange_Franks!BT41",
64,"s1","stomata-franks_reichgelt_2020.xlsx#leaf gas-exchange_Franks!BU41",
64,"es1","stomata-franks_reichgelt_2020.xlsx#leaf gas-exchange_Franks!BV41",
64,"N_es1","stomata-franks_reichgelt_2020.xlsx#leaf gas-exchange_Franks!BW41",
64,"s2","stomata-franks_reichgelt_2020.xlsx#leaf gas-exchange_Franks!BX41",
64,"es2","stomata-franks_reichgelt_2020.xlsx#leaf gas-exchange_Franks!BY41",
64,"N_es2","stomata-franks_reichgelt_2020.xlsx#leaf gas-exchange_Franks!BZ41",
64,"s3","stomata-franks_reichgelt_2020.xlsx#leaf gas-exchange_Franks!CA41",
64,"es3","stomata-franks_reichgelt_2020.xlsx#leaf gas-exchange_Franks!CB41",
64,"N_es3","stomata-franks_reichgelt_2020.xlsx#leaf gas-exchange_Franks!CC41",
64,"s4","stomata-franks_reichgelt_2020.xlsx#leaf gas-exchange_Franks!CD41",
64,"es4","stomata-franks_reichgelt_2020.xlsx#leaf gas-exchange_Franks!CE41",
64,"N_es4","stomata-franks_reichgelt_2020.xlsx#leaf gas-exchange_Franks!CF41",
64,"s5","stomata-franks_reichgelt_2020.xlsx#leaf gas-exchange_Franks!CG41",
64,"es5","stomata-franks_reichgelt_2020.xlsx#leaf gas-exchange_Franks!CH41",
64,"N_es5","stomata-franks_reichgelt_2020.xlsx#leaf gas-exchange_Franks!CI41",
65,"sample","stomata-franks_reichgelt_2020.xlsx#leaf gas-exchange_Franks!O42",
65,"doi","stomata-franks_reichgelt_2020.xlsx#leaf gas-exchange_Franks!D42",
65,"lat","stomata-franks_reichgelt_2020.xlsx#leaf gas-exchange_Franks!AA42",
65,"lon","stomata-franks_reichgelt_2020.xlsx#leaf gas-exchange_Franks!AB42",
65,"age_mean","stomata-franks_reichgelt_2020.xlsx#leaf gas-exchange_Franks!V42",
65,"age_notes","stomata-franks_reichgelt_2020.xlsx#leaf gas-exchange_Franks!Z42",
65,"family","stomata-franks_reichgelt_2020.xlsx#leaf gas-exchange_Franks!P42",
65,"genus","stomata-franks_reichgelt_2020.xlsx#leaf gas-exchange_Franks!Q42",
65,"Dab","stomata-franks_reichgelt_2020.xlsx#leaf gas-exchange_Franks!AM42",
65,"eDab","stomata-franks_reichgelt_2020.xlsx#leaf gas-exchange_Franks!AN42",
65,"N_eDab","stomata-franks_reichgelt_2020.xlsx#leaf gas-exchange_Franks!AO42",
65,"Dad","stomata-franks_reichgelt_2020.xlsx#leaf gas-exchange_Franks!AP42",
65,"GCLab","stomata-franks_reichgelt_2020.xlsx#leaf gas-exchange_Franks!AS42",
65,"eGCLab","stomata-franks_reichgelt_2020.xlsx#leaf gas-exchange_Franks!AT42",
65,"N_eGCLab","stomata-franks_reichgelt_2020.xlsx#leaf gas-exchange_Franks!AU42",
65,"GCLad","stomata-franks_reichgelt_2020.xlsx#leaf gas-exchange_Franks!AV42",
65,"eGCLad","stomata-franks_reichgelt_2020.xlsx#leaf gas-exchange_Franks!AW42",
65,"GCWab","stomata-franks_reichgelt_2020.xlsx#leaf gas-exchange_Franks!AY42",
65,"eGCWab","stomata-franks_reichgelt_2020.xlsx#leaf gas-exchange_Franks!AZ42",
65,"N_eGCWab","stomata-franks_reichgelt_2020.xlsx#leaf gas-exchange_Franks!BA42",
65,"GCWad","stomata-franks_reichgelt_2020.xlsx#leaf gas-exchange_Franks!BB42",
65,"eGCWad","stomata-franks_reichgelt_2020.xlsx#leaf gas-exchange_Franks!BC42",
65,"d13Cp","stomata-franks_reichgelt_2020.xlsx#leaf gas-exchange_Franks!BE42",
65,"ed13Cp","stomata-franks_reichgelt_2020.xlsx#leaf gas-exchange_Franks!BF42",
65,"N_ed13Cp","stomata-franks_reichgelt_2020.xlsx#leaf gas-exchange_Franks!BG42",
65,"CO2_0","stomata-franks_reichgelt_2020.xlsx#leaf gas-exchange_Franks!BK42",
65,"dv","stomata-franks_reichgelt_2020.xlsx#leaf gas-exchange_Franks!CL42",
65,"A0","stomata-franks_reichgelt_2020.xlsx#leaf gas-exchange_Franks!BL42",
65,"eA0","stomata-franks_reichgelt_2020.xlsx#leaf gas-exchange_Franks!BM42",
65,"N_eA0","stomata-franks_reichgelt_2020.xlsx#leaf gas-exchange_Franks!BN42",
65,"CiCa0","stomata-franks_reichgelt_2020.xlsx#leaf gas-exchange_Franks!BO42",
65,"eCiCa0","stomata-franks_reichgelt_2020.xlsx#leaf gas-exchange_Franks!BP42",
65,"gb","stomata-franks_reichgelt_2020.xlsx#leaf gas-exchange_Franks!BR42",
65,"egb","stomata-franks_reichgelt_2020.xlsx#leaf gas-exchange_Franks!BS42",
65,"N_egb","stomata-franks_reichgelt_2020.xlsx#leaf gas-exchange_Franks!BT42",
65,"s1","stomata-franks_reichgelt_2020.xlsx#leaf gas-exchange_Franks!BU42",
65,"es1","stomata-franks_reichgelt_2020.xlsx#leaf gas-exchange_Franks!BV42",
65,"N_es1","stomata-franks_reichgelt_2020.xlsx#leaf gas-exchange_Franks!BW42",
65,"s2","stomata-franks_reichgelt_2020.xlsx#leaf gas-exchange_Franks!BX42",
65,"es2","stomata-franks_reichgelt_2020.xlsx#leaf gas-exchange_Franks!BY42",
65,"N_es2","stomata-franks_reichgelt_2020.xlsx#leaf gas-exchange_Franks!BZ42",
65,"s3","stomata-franks_reichgelt_2020.xlsx#leaf gas-exchange_Franks!CA42",
65,"es3","stomata-franks_reichgelt_2020.xlsx#leaf gas-exchange_Franks!CB42",
65,"N_es3","stomata-franks_reichgelt_2020.xlsx#leaf gas-exchange_Franks!CC42",
65,"s4","stomata-franks_reichgelt_2020.xlsx#leaf gas-exchange_Franks!CD42",
65,"es4","stomata-franks_reichgelt_2020.xlsx#leaf gas-exchange_Franks!CE42",
65,"N_es4","stomata-franks_reichgelt_2020.xlsx#leaf gas-exchange_Franks!CF42",
65,"s5","stomata-franks_reichgelt_2020.xlsx#leaf gas-exchange_Franks!CG42",
65,"es5","stomata-franks_reichgelt_2020.xlsx#leaf gas-exchange_Franks!CH42",
65,"N_es5","stomata-franks_reichgelt_2020.xlsx#leaf gas-exchange_Franks!CI42",
66,"doi","stomata-franks_reichgelt_2020.xlsx#leaf gas-exchange_Franks!D43",
66,"lat","stomata-franks_reichgelt_2020.xlsx#leaf gas-exchange_Franks!AA43",
66,"lon","stomata-franks_reichgelt_2020.xlsx#leaf gas-exchange_Franks!AB43",
66,"age_mean","stomata-franks_reichgelt_2020.xlsx#leaf gas-exchange_Franks!V43",
66,"age_min","stomata-franks_reichgelt_2020.xlsx#leaf gas-exchange_Franks!X43",
66,"age_max","stomata-franks_reichgelt_2020.xlsx#leaf gas-exchange_Franks!W43",
66,"age_notes","stomata-franks_reichgelt_2020.xlsx#leaf gas-exchange_Franks!Z43",
67,"sample","stomata-franks_reichgelt_2020.xlsx#leaf gas-exchange_Franks!O44",
67,"doi","stomata-franks_reichgelt_2020.xlsx#leaf gas-exchange_Franks!D44",
67,"lat","stomata-franks_reichgelt_2020.xlsx#leaf gas-exchange_Franks!AA44",
67,"lon","stomata-franks_reichgelt_2020.xlsx#leaf gas-exchange_Franks!AB44",
67,"age_mean","stomata-franks_reichgelt_2020.xlsx#leaf gas-exchange_Franks!V44",
67,"age_notes","stomata-franks_reichgelt_2020.xlsx#leaf gas-exchange_Franks!Z44",
67,"family","stomata-franks_reichgelt_2020.xlsx#leaf gas-exchange_Franks!P44",
67,"genus","stomata-franks_reichgelt_2020.xlsx#leaf gas-exchange_Franks!Q44",
67,"Dab","stomata-franks_reichgelt_2020.xlsx#leaf gas-exchange_Franks!AM44",
67,"eDab","stomata-franks_reichgelt_2020.xlsx#leaf gas-exchange_Franks!AN44",
67,"N_eDab","stomata-franks_reichgelt_2020.xlsx#leaf gas-exchange_Franks!AO44",
67,"Dad","stomata-franks_reichgelt_2020.xlsx#leaf gas-exchange_Franks!AP44",
67,"GCLab","stomata-franks_reichgelt_2020.xlsx#leaf gas-exchange_Franks!AS44",
67,"eGCLab","stomata-franks_reichgelt_2020.xlsx#leaf gas-exchange_Franks!AT44",
67,"N_eGCLab","stomata-franks_reichgelt_2020.xlsx#leaf gas-exchange_Franks!AU44",
67,"GCLad","stomata-franks_reichgelt_2020.xlsx#leaf gas-exchange_Franks!AV44",
67,"eGCLad","stomata-franks_reichgelt_2020.xlsx#leaf gas-exchange_Franks!AW44",
67,"GCWab","stomata-franks_reichgelt_2020.xlsx#leaf gas-exchange_Franks!AY44",
67,"eGCWab","stomata-franks_reichgelt_2020.xlsx#leaf gas-exchange_Franks!AZ44",
67,"N_eGCWab","stomata-franks_reichgelt_2020.xlsx#leaf gas-exchange_Franks!BA44",
67,"GCWad","stomata-franks_reichgelt_2020.xlsx#leaf gas-exchange_Franks!BB44",
67,"eGCWad","stomata-franks_reichgelt_2020.xlsx#leaf gas-exchange_Franks!BC44",
67,"d13Cp","stomata-franks_reichgelt_2020.xlsx#leaf gas-exchange_Franks!BE44",
67,"ed13Cp","stomata-franks_reichgelt_2020.xlsx#leaf gas-exchange_Franks!BF44",
67,"N_ed13Cp","stomata-franks_reichgelt_2020.xlsx#leaf gas-exchange_Franks!BG44",
67,"CO2_0","stomata-franks_reichgelt_2020.xlsx#leaf gas-exchange_Franks!BK44",
67,"dv","stomata-franks_reichgelt_2020.xlsx#leaf gas-exchange_Franks!CL44",
67,"A0","stomata-franks_reichgelt_2020.xlsx#leaf gas-exchange_Franks!BL44",
67,"eA0","stomata-franks_reichgelt_2020.xlsx#leaf gas-exchange_Franks!BM44",
67,"N_eA0","stomata-franks_reichgelt_2020.xlsx#leaf gas-exchange_Franks!BN44",
67,"CiCa0","stomata-franks_reichgelt_2020.xlsx#leaf gas-exchange_Franks!BO44",
67,"eCiCa0","stomata-franks_reichgelt_2020.xlsx#leaf gas-exchange_Franks!BP44",
67,"gb","stomata-franks_reichgelt_2020.xlsx#leaf gas-exchange_Franks!BR44",
67,"egb","stomata-franks_reichgelt_2020.xlsx#leaf gas-exchange_Franks!BS44",
67,"N_egb","stomata-franks_reichgelt_2020.xlsx#leaf gas-exchange_Franks!BT44",
67,"s1","stomata-franks_reichgelt_2020.xlsx#leaf gas-exchange_Franks!BU44",
67,"es1","stomata-franks_reichgelt_2020.xlsx#leaf gas-exchange_Franks!BV44",
67,"N_es1","stomata-franks_reichgelt_2020.xlsx#leaf gas-exchange_Franks!BW44",
67,"s2","stomata-franks_reichgelt_2020.xlsx#leaf gas-exchange_Franks!BX44",
67,"es2","stomata-franks_reichgelt_2020.xlsx#leaf gas-exchange_Franks!BY44",
67,"N_es2","stomata-franks_reichgelt_2020.xlsx#leaf gas-exchange_Franks!BZ44",
67,"s3","stomata-franks_reichgelt_2020.xlsx#leaf gas-exchange_Franks!CA44",
67,"es3","stomata-franks_reichgelt_2020.xlsx#leaf gas-exchange_Franks!CB44",
67,"N_es3","stomata-franks_reichgelt_2020.xlsx#leaf gas-exchange_Franks!CC44",
67,"s4","stomata-franks_reichgelt_2020.xlsx#leaf gas-exchange_Franks!CD44",
67,"es4","stomata-franks_reichgelt_2020.xlsx#leaf gas-exchange_Franks!CE44",
67,"N_es4","stomata-franks_reichgelt_2020.xlsx#leaf gas-exchange_Franks!CF44",
67,"s5","stomata-franks_reichgelt_2020.xlsx#leaf gas-exchange_Franks!CG44",
67,"es5","stomata-franks_reichgelt_2020.xlsx#leaf gas-exchange_Franks!CH44",
67,"N_es5","stomata-franks_reichgelt_2020.xlsx#leaf gas-exchange_Franks!CI44",
68,"sample","stomata-franks_reichgelt_2020.xlsx#leaf gas-exchange_Franks!O45",
68,"doi","stomata-franks_reichgelt_2020.xlsx#leaf gas-exchange_Franks!D45",
68,"lat","stomata-franks_reichgelt_2020.xlsx#leaf gas-exchange_Franks!AA45",
68,"lon","stomata-franks_reichgelt_2020.xlsx#leaf gas-exchange_Franks!AB45",
68,"age_mean","stomata-franks_reichgelt_2020.xlsx#leaf gas-exchange_Franks!V45",
68,"age_notes","stomata-franks_reichgelt_2020.xlsx#leaf gas-exchange_Franks!Z45",
68,"family","stomata-franks_reichgelt_2020.xlsx#leaf gas-exchange_Franks!P45",
68,"genus","stomata-franks_reichgelt_2020.xlsx#leaf gas-exchange_Franks!Q45",
68,"Dab","stomata-franks_reichgelt_2020.xlsx#leaf gas-exchange_Franks!AM45",
68,"eDab","stomata-franks_reichgelt_2020.xlsx#leaf gas-exchange_Franks!AN45",
68,"N_eDab","stomata-franks_reichgelt_2020.xlsx#leaf gas-exchange_Franks!AO45",
68,"Dad","stomata-franks_reichgelt_2020.xlsx#leaf gas-exchange_Franks!AP45",
68,"GCLab","stomata-franks_reichgelt_2020.xlsx#leaf gas-exchange_Franks!AS45",
68,"eGCLab","stomata-franks_reichgelt_2020.xlsx#leaf gas-exchange_Franks!AT45",
68,"N_eGCLab","stomata-franks_reichgelt_2020.xlsx#leaf gas-exchange_Franks!AU45",
68,"GCLad","stomata-franks_reichgelt_2020.xlsx#leaf gas-exchange_Franks!AV45",
68,"eGCLad","stomata-franks_reichgelt_2020.xlsx#leaf gas-exchange_Franks!AW45",
68,"GCWab","stomata-franks_reichgelt_2020.xlsx#leaf gas-exchange_Franks!AY45",
68,"eGCWab","stomata-franks_reichgelt_2020.xlsx#leaf gas-exchange_Franks!AZ45",
68,"N_eGCWab","stomata-franks_reichgelt_2020.xlsx#leaf gas-exchange_Franks!BA45",
68,"GCWad","stomata-franks_reichgelt_2020.xlsx#leaf gas-exchange_Franks!BB45",
68,"eGCWad","stomata-franks_reichgelt_2020.xlsx#leaf gas-exchange_Franks!BC45",
68,"d13Cp","stomata-franks_reichgelt_2020.xlsx#leaf gas-exchange_Franks!BE45",
68,"ed13Cp","stomata-franks_reichgelt_2020.xlsx#leaf gas-exchange_Franks!BF45",
68,"N_ed13Cp","stomata-franks_reichgelt_2020.xlsx#leaf gas-exchange_Franks!BG45",
68,"CO2_0","stomata-franks_reichgelt_2020.xlsx#leaf gas-exchange_Franks!BK45",
68,"dv","stomata-franks_reichgelt_2020.xlsx#leaf gas-exchange_Franks!CL45",
68,"A0","stomata-franks_reichgelt_2020.xlsx#leaf gas-exchange_Franks!BL45",
68,"eA0","stomata-franks_reichgelt_2020.xlsx#leaf gas-exchange_Franks!BM45",
68,"N_eA0","stomata-franks_reichgelt_2020.xlsx#leaf gas-exchange_Franks!BN45",
68,"CiCa0","stomata-franks_reichgelt_2020.xlsx#leaf gas-exchange_Franks!BO45",
68,"eCiCa0","stomata-franks_reichgelt_2020.xlsx#leaf gas-exchange_Franks!BP45",
68,"gb","stomata-franks_reichgelt_2020.xlsx#leaf gas-exchange_Franks!BR45",
68,"egb","stomata-franks_reichgelt_2020.xlsx#leaf gas-exchange_Franks!BS45",
68,"N_egb","stomata-franks_reichgelt_2020.xlsx#leaf gas-exchange_Franks!BT45",
68,"s1","stomata-franks_reichgelt_2020.xlsx#leaf gas-exchange_Franks!BU45",
68,"es1","stomata-franks_reichgelt_2020.xlsx#leaf gas-exchange_Franks!BV45",
68,"N_es1","stomata-franks_reichgelt_2020.xlsx#leaf gas-exchange_Franks!BW45",
68,"s2","stomata-franks_reichgelt_2020.xlsx#leaf gas-exchange_Franks!BX45",
68,"es2","stomata-franks_reichgelt_2020.xlsx#leaf gas-exchange_Franks!BY45",
68,"N_es2","stomata-franks_reichgelt_2020.xlsx#leaf gas-exchange_Franks!BZ45",
68,"s3","stomata-franks_reichgelt_2020.xlsx#leaf gas-exchange_Franks!CA45",
68,"es3","stomata-franks_reichgelt_2020.xlsx#leaf gas-exchange_Franks!CB45",
68,"N_es3","stomata-franks_reichgelt_2020.xlsx#leaf gas-exchange_Franks!CC45",
68,"s4","stomata-franks_reichgelt_2020.xlsx#leaf gas-exchange_Franks!CD45",
68,"es4","stomata-franks_reichgelt_2020.xlsx#leaf gas-exchange_Franks!CE45",
68,"N_es4","stomata-franks_reichgelt_2020.xlsx#leaf gas-exchange_Franks!CF45",
68,"s5","stomata-franks_reichgelt_2020.xlsx#leaf gas-exchange_Franks!CG45",
68,"es5","stomata-franks_reichgelt_2020.xlsx#leaf gas-exchange_Franks!CH45",
68,"N_es5","stomata-franks_reichgelt_2020.xlsx#leaf gas-exchange_Franks!CI45",
69,"sample","stomata-franks_reichgelt_2020.xlsx#leaf gas-exchange_Franks!O46",
69,"doi","stomata-franks_reichgelt_2020.xlsx#leaf gas-exchange_Franks!D46",
69,"lat","stomata-franks_reichgelt_2020.xlsx#leaf gas-exchange_Franks!AA46",
69,"lon","stomata-franks_reichgelt_2020.xlsx#leaf gas-exchange_Franks!AB46",
69,"age_mean","stomata-franks_reichgelt_2020.xlsx#leaf gas-exchange_Franks!V46",
69,"age_notes","stomata-franks_reichgelt_2020.xlsx#leaf gas-exchange_Franks!Z46",
69,"family","stomata-franks_reichgelt_2020.xlsx#leaf gas-exchange_Franks!P46",
69,"genus","stomata-franks_reichgelt_2020.xlsx#leaf gas-exchange_Franks!Q46",
69,"Dab","stomata-franks_reichgelt_2020.xlsx#leaf gas-exchange_Franks!AM46",
69,"eDab","stomata-franks_reichgelt_2020.xlsx#leaf gas-exchange_Franks!AN46",
69,"N_eDab","stomata-franks_reichgelt_2020.xlsx#leaf gas-exchange_Franks!AO46",
69,"Dad","stomata-franks_reichgelt_2020.xlsx#leaf gas-exchange_Franks!AP46",
69,"GCLab","stomata-franks_reichgelt_2020.xlsx#leaf gas-exchange_Franks!AS46",
69,"eGCLab","stomata-franks_reichgelt_2020.xlsx#leaf gas-exchange_Franks!AT46",
69,"N_eGCLab","stomata-franks_reichgelt_2020.xlsx#leaf gas-exchange_Franks!AU46",
69,"GCLad","stomata-franks_reichgelt_2020.xlsx#leaf gas-exchange_Franks!AV46",
69,"eGCLad","stomata-franks_reichgelt_2020.xlsx#leaf gas-exchange_Franks!AW46",
69,"GCWab","stomata-franks_reichgelt_2020.xlsx#leaf gas-exchange_Franks!AY46",
69,"eGCWab","stomata-franks_reichgelt_2020.xlsx#leaf gas-exchange_Franks!AZ46",
69,"N_eGCWab","stomata-franks_reichgelt_2020.xlsx#leaf gas-exchange_Franks!BA46",
69,"GCWad","stomata-franks_reichgelt_2020.xlsx#leaf gas-exchange_Franks!BB46",
69,"eGCWad","stomata-franks_reichgelt_2020.xlsx#leaf gas-exchange_Franks!BC46",
69,"d13Cp","stomata-franks_reichgelt_2020.xlsx#leaf gas-exchange_Franks!BE46",
69,"ed13Cp","stomata-franks_reichgelt_2020.xlsx#leaf gas-exchange_Franks!BF46",
69,"N_ed13Cp","stomata-franks_reichgelt_2020.xlsx#leaf gas-exchange_Franks!BG46",
69,"CO2_0","stomata-franks_reichgelt_2020.xlsx#leaf gas-exchange_Franks!BK46",
69,"dv","stomata-franks_reichgelt_2020.xlsx#leaf gas-exchange_Franks!CL46",
69,"A0","stomata-franks_reichgelt_2020.xlsx#leaf gas-exchange_Franks!BL46",
69,"eA0","stomata-franks_reichgelt_2020.xlsx#leaf gas-exchange_Franks!BM46",
69,"N_eA0","stomata-franks_reichgelt_2020.xlsx#leaf gas-exchange_Franks!BN46",
69,"CiCa0","stomata-franks_reichgelt_2020.xlsx#leaf gas-exchange_Franks!BO46",
69,"eCiCa0","stomata-franks_reichgelt_2020.xlsx#leaf gas-exchange_Franks!BP46",
69,"gb","stomata-franks_reichgelt_2020.xlsx#leaf gas-exchange_Franks!BR46",
69,"egb","stomata-franks_reichgelt_2020.xlsx#leaf gas-exchange_Franks!BS46",
69,"N_egb","stomata-franks_reichgelt_2020.xlsx#leaf gas-exchange_Franks!BT46",
69,"s1","stomata-franks_reichgelt_2020.xlsx#leaf gas-exchange_Franks!BU46",
69,"es1","stomata-franks_reichgelt_2020.xlsx#leaf gas-exchange_Franks!BV46",
69,"N_es1","stomata-franks_reichgelt_2020.xlsx#leaf gas-exchange_Franks!BW46",
69,"s2","stomata-franks_reichgelt_2020.xlsx#leaf gas-exchange_Franks!BX46",
69,"es2","stomata-franks_reichgelt_2020.xlsx#leaf gas-exchange_Franks!BY46",
69,"N_es2","stomata-franks_reichgelt_2020.xlsx#leaf gas-exchange_Franks!BZ46",
69,"s3","stomata-franks_reichgelt_2020.xlsx#leaf gas-exchange_Franks!CA46",
69,"es3","stomata-franks_reichgelt_2020.xlsx#leaf gas-exchange_Franks!CB46",
69,"N_es3","stomata-franks_reichgelt_2020.xlsx#leaf gas-exchange_Franks!CC46",
69,"s4","stomata-franks_reichgelt_2020.xlsx#leaf gas-exchange_Franks!CD46",
69,"es4","stomata-franks_reichgelt_2020.xlsx#leaf gas-exchange_Franks!CE46",
69,"N_es4","stomata-franks_reichgelt_2020.xlsx#leaf gas-exchange_Franks!CF46",
69,"s5","stomata-franks_reichgelt_2020.xlsx#leaf gas-exchange_Franks!CG46",
69,"es5","stomata-franks_reichgelt_2020.xlsx#leaf gas-exchange_Franks!CH46",
69,"N_es5","stomata-franks_reichgelt_2020.xlsx#leaf gas-exchange_Franks!CI46",
70,"sample","stomata-franks_reichgelt_2020.xlsx#leaf gas-exchange_Franks!O47",
70,"doi","stomata-franks_reichgelt_2020.xlsx#leaf gas-exchange_Franks!D47",
70,"lat","stomata-franks_reichgelt_2020.xlsx#leaf gas-exchange_Franks!AA47",
70,"lon","stomata-franks_reichgelt_2020.xlsx#leaf gas-exchange_Franks!AB47",
70,"age_mean","stomata-franks_reichgelt_2020.xlsx#leaf gas-exchange_Franks!V47",
70,"age_notes","stomata-franks_reichgelt_2020.xlsx#leaf gas-exchange_Franks!Z47",
70,"family","stomata-franks_reichgelt_2020.xlsx#leaf gas-exchange_Franks!P47",
70,"genus","stomata-franks_reichgelt_2020.xlsx#leaf gas-exchange_Franks!Q47",
70,"Dab","stomata-franks_reichgelt_2020.xlsx#leaf gas-exchange_Franks!AM47",
70,"eDab","stomata-franks_reichgelt_2020.xlsx#leaf gas-exchange_Franks!AN47",
70,"N_eDab","stomata-franks_reichgelt_2020.xlsx#leaf gas-exchange_Franks!AO47",
70,"Dad","stomata-franks_reichgelt_2020.xlsx#leaf gas-exchange_Franks!AP47",
70,"GCLab","stomata-franks_reichgelt_2020.xlsx#leaf gas-exchange_Franks!AS47",
70,"eGCLab","stomata-franks_reichgelt_2020.xlsx#leaf gas-exchange_Franks!AT47",
70,"N_eGCLab","stomata-franks_reichgelt_2020.xlsx#leaf gas-exchange_Franks!AU47",
70,"GCLad","stomata-franks_reichgelt_2020.xlsx#leaf gas-exchange_Franks!AV47",
70,"eGCLad","stomata-franks_reichgelt_2020.xlsx#leaf gas-exchange_Franks!AW47",
70,"GCWab","stomata-franks_reichgelt_2020.xlsx#leaf gas-exchange_Franks!AY47",
70,"eGCWab","stomata-franks_reichgelt_2020.xlsx#leaf gas-exchange_Franks!AZ47",
70,"N_eGCWab","stomata-franks_reichgelt_2020.xlsx#leaf gas-exchange_Franks!BA47",
70,"GCWad","stomata-franks_reichgelt_2020.xlsx#leaf gas-exchange_Franks!BB47",
70,"eGCWad","stomata-franks_reichgelt_2020.xlsx#leaf gas-exchange_Franks!BC47",
70,"d13Cp","stomata-franks_reichgelt_2020.xlsx#leaf gas-exchange_Franks!BE47",
70,"ed13Cp","stomata-franks_reichgelt_2020.xlsx#leaf gas-exchange_Franks!BF47",
70,"N_ed13Cp","stomata-franks_reichgelt_2020.xlsx#leaf gas-exchange_Franks!BG47",
70,"CO2_0","stomata-franks_reichgelt_2020.xlsx#leaf gas-exchange_Franks!BK47",
70,"dv","stomata-franks_reichgelt_2020.xlsx#leaf gas-exchange_Franks!CL47",
70,"A0","stomata-franks_reichgelt_2020.xlsx#leaf gas-exchange_Franks!BL47",
70,"eA0","stomata-franks_reichgelt_2020.xlsx#leaf gas-exchange_Franks!BM47",
70,"N_eA0","stomata-franks_reichgelt_2020.xlsx#leaf gas-exchange_Franks!BN47",
70,"CiCa0","stomata-franks_reichgelt_2020.xlsx#leaf gas-exchange_Franks!BO47",
70,"eCiCa0","stomata-franks_reichgelt_2020.xlsx#leaf gas-exchange_Franks!BP47",
70,"gb","stomata-franks_reichgelt_2020.xlsx#leaf gas-exchange_Franks!BR47",
70,"egb","stomata-franks_reichgelt_2020.xlsx#leaf gas-exchange_Franks!BS47",
70,"N_egb","stomata-franks_reichgelt_2020.xlsx#leaf gas-exchange_Franks!BT47",
70,"s1","stomata-franks_reichgelt_2020.xlsx#leaf gas-exchange_Franks!BU47",
70,"es1","stomata-franks_reichgelt_2020.xlsx#leaf gas-exchange_Franks!BV47",
70,"N_es1","stomata-franks_reichgelt_2020.xlsx#leaf gas-exchange_Franks!BW47",
70,"s2","stomata-franks_reichgelt_2020.xlsx#leaf gas-exchange_Franks!BX47",
70,"es2","stomata-franks_reichgelt_2020.xlsx#leaf gas-exchange_Franks!BY47",
70,"N_es2","stomata-franks_reichgelt_2020.xlsx#leaf gas-exchange_Franks!BZ47",
70,"s3","stomata-franks_reichgelt_2020.xlsx#leaf gas-exchange_Franks!CA47",
70,"es3","stomata-franks_reichgelt_2020.xlsx#leaf gas-exchange_Franks!CB47",
70,"N_es3","stomata-franks_reichgelt_2020.xlsx#leaf gas-exchange_Franks!CC47",
70,"s4","stomata-franks_reichgelt_2020.xlsx#leaf gas-exchange_Franks!CD47",
70,"es4","stomata-franks_reichgelt_2020.xlsx#leaf gas-exchange_Franks!CE47",
70,"N_es4","stomata-franks_reichgelt_2020.xlsx#leaf gas-exchange_Franks!CF47",
70,"s5","stomata-franks_reichgelt_2020.xlsx#leaf gas-exchange_Franks!CG47",
70,"es5","stomata-franks_reichgelt_2020.xlsx#leaf gas-exchange_Franks!CH47",
70,"N_es5","stomata-franks_reichgelt_2020.xlsx#leaf gas-exchange_Franks!CI47",
71,"sample","stomata-franks_reichgelt_2020.xlsx#leaf gas-exchange_Franks!O48",
71,"doi","stomata-franks_reichgelt_2020.xlsx#leaf gas-exchange_Franks!D48",
71,"lat","stomata-franks_reichgelt_2020.xlsx#leaf gas-exchange_Franks!AA48",
71,"lon","stomata-franks_reichgelt_2020.xlsx#leaf gas-exchange_Franks!AB48",
71,"age_mean","stomata-franks_reichgelt_2020.xlsx#leaf gas-exchange_Franks!V48",
71,"age_notes","stomata-franks_reichgelt_2020.xlsx#leaf gas-exchange_Franks!Z48",
71,"family","stomata-franks_reichgelt_2020.xlsx#leaf gas-exchange_Franks!P48",
71,"genus","stomata-franks_reichgelt_2020.xlsx#leaf gas-exchange_Franks!Q48",
71,"Dab","stomata-franks_reichgelt_2020.xlsx#leaf gas-exchange_Franks!AM48",
71,"eDab","stomata-franks_reichgelt_2020.xlsx#leaf gas-exchange_Franks!AN48",
71,"N_eDab","stomata-franks_reichgelt_2020.xlsx#leaf gas-exchange_Franks!AO48",
71,"Dad","stomata-franks_reichgelt_2020.xlsx#leaf gas-exchange_Franks!AP48",
71,"GCLab","stomata-franks_reichgelt_2020.xlsx#leaf gas-exchange_Franks!AS48",
71,"eGCLab","stomata-franks_reichgelt_2020.xlsx#leaf gas-exchange_Franks!AT48",
71,"N_eGCLab","stomata-franks_reichgelt_2020.xlsx#leaf gas-exchange_Franks!AU48",
71,"GCLad","stomata-franks_reichgelt_2020.xlsx#leaf gas-exchange_Franks!AV48",
71,"eGCLad","stomata-franks_reichgelt_2020.xlsx#leaf gas-exchange_Franks!AW48",
71,"GCWab","stomata-franks_reichgelt_2020.xlsx#leaf gas-exchange_Franks!AY48",
71,"eGCWab","stomata-franks_reichgelt_2020.xlsx#leaf gas-exchange_Franks!AZ48",
71,"N_eGCWab","stomata-franks_reichgelt_2020.xlsx#leaf gas-exchange_Franks!BA48",
71,"GCWad","stomata-franks_reichgelt_2020.xlsx#leaf gas-exchange_Franks!BB48",
71,"eGCWad","stomata-franks_reichgelt_2020.xlsx#leaf gas-exchange_Franks!BC48",
71,"d13Cp","stomata-franks_reichgelt_2020.xlsx#leaf gas-exchange_Franks!BE48",
71,"ed13Cp","stomata-franks_reichgelt_2020.xlsx#leaf gas-exchange_Franks!BF48",
71,"N_ed13Cp","stomata-franks_reichgelt_2020.xlsx#leaf gas-exchange_Franks!BG48",
71,"CO2_0","stomata-franks_reichgelt_2020.xlsx#leaf gas-exchange_Franks!BK48",
71,"dv","stomata-franks_reichgelt_2020.xlsx#leaf gas-exchange_Franks!CL48",
71,"A0","stomata-franks_reichgelt_2020.xlsx#leaf gas-exchange_Franks!BL48",
71,"eA0","stomata-franks_reichgelt_2020.xlsx#leaf gas-exchange_Franks!BM48",
71,"N_eA0","stomata-franks_reichgelt_2020.xlsx#leaf gas-exchange_Franks!BN48",
71,"CiCa0","stomata-franks_reichgelt_2020.xlsx#leaf gas-exchange_Franks!BO48",
71,"eCiCa0","stomata-franks_reichgelt_2020.xlsx#leaf gas-exchange_Franks!BP48",
71,"gb","stomata-franks_reichgelt_2020.xlsx#leaf gas-exchange_Franks!BR48",
71,"egb","stomata-franks_reichgelt_2020.xlsx#leaf gas-exchange_Franks!BS48",
71,"N_egb","stomata-franks_reichgelt_2020.xlsx#leaf gas-exchange_Franks!BT48",
71,"s1","stomata-franks_reichgelt_2020.xlsx#leaf gas-exchange_Franks!BU48",
71,"es1","stomata-franks_reichgelt_2020.xlsx#leaf gas-exchange_Franks!BV48",
71,"N_es1","stomata-franks_reichgelt_2020.xlsx#leaf gas-exchange_Franks!BW48",
71,"s2","stomata-franks_reichgelt_2020.xlsx#leaf gas-exchange_Franks!BX48",
71,"es2","stomata-franks_reichgelt_2020.xlsx#leaf gas-exchange_Franks!BY48",
71,"N_es2","stomata-franks_reichgelt_2020.xlsx#leaf gas-exchange_Franks!BZ48",
71,"s3","stomata-franks_reichgelt_2020.xlsx#leaf gas-exchange_Franks!CA48",
71,"es3","stomata-franks_reichgelt_2020.xlsx#leaf gas-exchange_Franks!CB48",
71,"N_es3","stomata-franks_reichgelt_2020.xlsx#leaf gas-exchange_Franks!CC48",
71,"s4","stomata-franks_reichgelt_2020.xlsx#leaf gas-exchange_Franks!CD48",
71,"es4","stomata-franks_reichgelt_2020.xlsx#leaf gas-exchange_Franks!CE48",
71,"N_es4","stomata-franks_reichgelt_2020.xlsx#leaf gas-exchange_Franks!CF48",
71,"s5","stomata-franks_reichgelt_2020.xlsx#leaf gas-exchange_Franks!CG48",
71,"es5","stomata-franks_reichgelt_2020.xlsx#leaf gas-exchange_Franks!CH48",
71,"N_es5","stomata-franks_reichgelt_2020.xlsx#leaf gas-exchange_Franks!CI48",
72,"sample","stomata-franks_reichgelt_2020.xlsx#leaf gas-exchange_Franks!O49",
72,"doi","stomata-franks_reichgelt_2020.xlsx#leaf gas-exchange_Franks!D49",
72,"lat","stomata-franks_reichgelt_2020.xlsx#leaf gas-exchange_Franks!AA49",
72,"lon","stomata-franks_reichgelt_2020.xlsx#leaf gas-exchange_Franks!AB49",
72,"age_mean","stomata-franks_reichgelt_2020.xlsx#leaf gas-exchange_Franks!V49",
72,"age_notes","stomata-franks_reichgelt_2020.xlsx#leaf gas-exchange_Franks!Z49",
72,"family","stomata-franks_reichgelt_2020.xlsx#leaf gas-exchange_Franks!P49",
72,"genus","stomata-franks_reichgelt_2020.xlsx#leaf gas-exchange_Franks!Q49",
72,"Dab","stomata-franks_reichgelt_2020.xlsx#leaf gas-exchange_Franks!AM49",
72,"eDab","stomata-franks_reichgelt_2020.xlsx#leaf gas-exchange_Franks!AN49",
72,"N_eDab","stomata-franks_reichgelt_2020.xlsx#leaf gas-exchange_Franks!AO49",
72,"Dad","stomata-franks_reichgelt_2020.xlsx#leaf gas-exchange_Franks!AP49",
72,"GCLab","stomata-franks_reichgelt_2020.xlsx#leaf gas-exchange_Franks!AS49",
72,"eGCLab","stomata-franks_reichgelt_2020.xlsx#leaf gas-exchange_Franks!AT49",
72,"N_eGCLab","stomata-franks_reichgelt_2020.xlsx#leaf gas-exchange_Franks!AU49",
72,"GCLad","stomata-franks_reichgelt_2020.xlsx#leaf gas-exchange_Franks!AV49",
72,"eGCLad","stomata-franks_reichgelt_2020.xlsx#leaf gas-exchange_Franks!AW49",
72,"GCWab","stomata-franks_reichgelt_2020.xlsx#leaf gas-exchange_Franks!AY49",
72,"eGCWab","stomata-franks_reichgelt_2020.xlsx#leaf gas-exchange_Franks!AZ49",
72,"N_eGCWab","stomata-franks_reichgelt_2020.xlsx#leaf gas-exchange_Franks!BA49",
72,"GCWad","stomata-franks_reichgelt_2020.xlsx#leaf gas-exchange_Franks!BB49",
72,"eGCWad","stomata-franks_reichgelt_2020.xlsx#leaf gas-exchange_Franks!BC49",
72,"d13Cp","stomata-franks_reichgelt_2020.xlsx#leaf gas-exchange_Franks!BE49",
72,"ed13Cp","stomata-franks_reichgelt_2020.xlsx#leaf gas-exchange_Franks!BF49",
72,"N_ed13Cp","stomata-franks_reichgelt_2020.xlsx#leaf gas-exchange_Franks!BG49",
72,"CO2_0","stomata-franks_reichgelt_2020.xlsx#leaf gas-exchange_Franks!BK49",
72,"dv","stomata-franks_reichgelt_2020.xlsx#leaf gas-exchange_Franks!CL49",
72,"A0","stomata-franks_reichgelt_2020.xlsx#leaf gas-exchange_Franks!BL49",
72,"eA0","stomata-franks_reichgelt_2020.xlsx#leaf gas-exchange_Franks!BM49",
72,"N_eA0","stomata-franks_reichgelt_2020.xlsx#leaf gas-exchange_Franks!BN49",
72,"CiCa0","stomata-franks_reichgelt_2020.xlsx#leaf gas-exchange_Franks!BO49",
72,"eCiCa0","stomata-franks_reichgelt_2020.xlsx#leaf gas-exchange_Franks!BP49",
72,"gb","stomata-franks_reichgelt_2020.xlsx#leaf gas-exchange_Franks!BR49",
72,"egb","stomata-franks_reichgelt_2020.xlsx#leaf gas-exchange_Franks!BS49",
72,"N_egb","stomata-franks_reichgelt_2020.xlsx#leaf gas-exchange_Franks!BT49",
72,"s1","stomata-franks_reichgelt_2020.xlsx#leaf gas-exchange_Franks!BU49",
72,"es1","stomata-franks_reichgelt_2020.xlsx#leaf gas-exchange_Franks!BV49",
72,"N_es1","stomata-franks_reichgelt_2020.xlsx#leaf gas-exchange_Franks!BW49",
72,"s2","stomata-franks_reichgelt_2020.xlsx#leaf gas-exchange_Franks!BX49",
72,"es2","stomata-franks_reichgelt_2020.xlsx#leaf gas-exchange_Franks!BY49",
72,"N_es2","stomata-franks_reichgelt_2020.xlsx#leaf gas-exchange_Franks!BZ49",
72,"s3","stomata-franks_reichgelt_2020.xlsx#leaf gas-exchange_Franks!CA49",
72,"es3","stomata-franks_reichgelt_2020.xlsx#leaf gas-exchange_Franks!CB49",
72,"N_es3","stomata-franks_reichgelt_2020.xlsx#leaf gas-exchange_Franks!CC49",
72,"s4","stomata-franks_reichgelt_2020.xlsx#leaf gas-exchange_Franks!CD49",
72,"es4","stomata-franks_reichgelt_2020.xlsx#leaf gas-exchange_Franks!CE49",
72,"N_es4","stomata-franks_reichgelt_2020.xlsx#leaf gas-exchange_Franks!CF49",
72,"s5","stomata-franks_reichgelt_2020.xlsx#leaf gas-exchange_Franks!CG49",
72,"es5","stomata-franks_reichgelt_2020.xlsx#leaf gas-exchange_Franks!CH49",
72,"N_es5","stomata-franks_reichgelt_2020.xlsx#leaf gas-exchange_Franks!CI49",
73,"sample","stomata-franks_reichgelt_2020.xlsx#leaf gas-exchange_Franks!O50",
73,"doi","stomata-franks_reichgelt_2020.xlsx#leaf gas-exchange_Franks!D50",
73,"lat","stomata-franks_reichgelt_2020.xlsx#leaf gas-exchange_Franks!AA50",
73,"lon","stomata-franks_reichgelt_2020.xlsx#leaf gas-exchange_Franks!AB50",
73,"age_mean","stomata-franks_reichgelt_2020.xlsx#leaf gas-exchange_Franks!V50",
73,"age_notes","stomata-franks_reichgelt_2020.xlsx#leaf gas-exchange_Franks!Z50",
73,"family","stomata-franks_reichgelt_2020.xlsx#leaf gas-exchange_Franks!P50",
73,"genus","stomata-franks_reichgelt_2020.xlsx#leaf gas-exchange_Franks!Q50",
73,"Dab","stomata-franks_reichgelt_2020.xlsx#leaf gas-exchange_Franks!AM50",
73,"eDab","stomata-franks_reichgelt_2020.xlsx#leaf gas-exchange_Franks!AN50",
73,"N_eDab","stomata-franks_reichgelt_2020.xlsx#leaf gas-exchange_Franks!AO50",
73,"Dad","stomata-franks_reichgelt_2020.xlsx#leaf gas-exchange_Franks!AP50",
73,"GCLab","stomata-franks_reichgelt_2020.xlsx#leaf gas-exchange_Franks!AS50",
73,"eGCLab","stomata-franks_reichgelt_2020.xlsx#leaf gas-exchange_Franks!AT50",
73,"N_eGCLab","stomata-franks_reichgelt_2020.xlsx#leaf gas-exchange_Franks!AU50",
73,"GCLad","stomata-franks_reichgelt_2020.xlsx#leaf gas-exchange_Franks!AV50",
73,"eGCLad","stomata-franks_reichgelt_2020.xlsx#leaf gas-exchange_Franks!AW50",
73,"GCWab","stomata-franks_reichgelt_2020.xlsx#leaf gas-exchange_Franks!AY50",
73,"eGCWab","stomata-franks_reichgelt_2020.xlsx#leaf gas-exchange_Franks!AZ50",
73,"N_eGCWab","stomata-franks_reichgelt_2020.xlsx#leaf gas-exchange_Franks!BA50",
73,"GCWad","stomata-franks_reichgelt_2020.xlsx#leaf gas-exchange_Franks!BB50",
73,"eGCWad","stomata-franks_reichgelt_2020.xlsx#leaf gas-exchange_Franks!BC50",
73,"d13Cp","stomata-franks_reichgelt_2020.xlsx#leaf gas-exchange_Franks!BE50",
73,"ed13Cp","stomata-franks_reichgelt_2020.xlsx#leaf gas-exchange_Franks!BF50",
73,"N_ed13Cp","stomata-franks_reichgelt_2020.xlsx#leaf gas-exchange_Franks!BG50",
73,"CO2_0","stomata-franks_reichgelt_2020.xlsx#leaf gas-exchange_Franks!BK50",
73,"dv","stomata-franks_reichgelt_2020.xlsx#leaf gas-exchange_Franks!CL50",
73,"A0","stomata-franks_reichgelt_2020.xlsx#leaf gas-exchange_Franks!BL50",
73,"eA0","stomata-franks_reichgelt_2020.xlsx#leaf gas-exchange_Franks!BM50",
73,"N_eA0","stomata-franks_reichgelt_2020.xlsx#leaf gas-exchange_Franks!BN50",
73,"CiCa0","stomata-franks_reichgelt_2020.xlsx#leaf gas-exchange_Franks!BO50",
73,"eCiCa0","stomata-franks_reichgelt_2020.xlsx#leaf gas-exchange_Franks!BP50",
73,"gb","stomata-franks_reichgelt_2020.xlsx#leaf gas-exchange_Franks!BR50",
73,"egb","stomata-franks_reichgelt_2020.xlsx#leaf gas-exchange_Franks!BS50",
73,"N_egb","stomata-franks_reichgelt_2020.xlsx#leaf gas-exchange_Franks!BT50",
73,"s1","stomata-franks_reichgelt_2020.xlsx#leaf gas-exchange_Franks!BU50",
73,"es1","stomata-franks_reichgelt_2020.xlsx#leaf gas-exchange_Franks!BV50",
73,"N_es1","stomata-franks_reichgelt_2020.xlsx#leaf gas-exchange_Franks!BW50",
73,"s2","stomata-franks_reichgelt_2020.xlsx#leaf gas-exchange_Franks!BX50",
73,"es2","stomata-franks_reichgelt_2020.xlsx#leaf gas-exchange_Franks!BY50",
73,"N_es2","stomata-franks_reichgelt_2020.xlsx#leaf gas-exchange_Franks!BZ50",
73,"s3","stomata-franks_reichgelt_2020.xlsx#leaf gas-exchange_Franks!CA50",
73,"es3","stomata-franks_reichgelt_2020.xlsx#leaf gas-exchange_Franks!CB50",
73,"N_es3","stomata-franks_reichgelt_2020.xlsx#leaf gas-exchange_Franks!CC50",
73,"s4","stomata-franks_reichgelt_2020.xlsx#leaf gas-exchange_Franks!CD50",
73,"es4","stomata-franks_reichgelt_2020.xlsx#leaf gas-exchange_Franks!CE50",
73,"N_es4","stomata-franks_reichgelt_2020.xlsx#leaf gas-exchange_Franks!CF50",
73,"s5","stomata-franks_reichgelt_2020.xlsx#leaf gas-exchange_Franks!CG50",
73,"es5","stomata-franks_reichgelt_2020.xlsx#leaf gas-exchange_Franks!CH50",
73,"N_es5","stomata-franks_reichgelt_2020.xlsx#leaf gas-exchange_Franks!CI50",
74,"sample","stomata-franks_reichgelt_2020.xlsx#leaf gas-exchange_Franks!O51",
74,"doi","stomata-franks_reichgelt_2020.xlsx#leaf gas-exchange_Franks!D51",
74,"lat","stomata-franks_reichgelt_2020.xlsx#leaf gas-exchange_Franks!AA51",
74,"lon","stomata-franks_reichgelt_2020.xlsx#leaf gas-exchange_Franks!AB51",
74,"age_mean","stomata-franks_reichgelt_2020.xlsx#leaf gas-exchange_Franks!V51",
74,"age_notes","stomata-franks_reichgelt_2020.xlsx#leaf gas-exchange_Franks!Z51",
74,"family","stomata-franks_reichgelt_2020.xlsx#leaf gas-exchange_Franks!P51",
74,"genus","stomata-franks_reichgelt_2020.xlsx#leaf gas-exchange_Franks!Q51",
74,"Dab","stomata-franks_reichgelt_2020.xlsx#leaf gas-exchange_Franks!AM51",
74,"eDab","stomata-franks_reichgelt_2020.xlsx#leaf gas-exchange_Franks!AN51",
74,"N_eDab","stomata-franks_reichgelt_2020.xlsx#leaf gas-exchange_Franks!AO51",
74,"Dad","stomata-franks_reichgelt_2020.xlsx#leaf gas-exchange_Franks!AP51",
74,"GCLab","stomata-franks_reichgelt_2020.xlsx#leaf gas-exchange_Franks!AS51",
74,"eGCLab","stomata-franks_reichgelt_2020.xlsx#leaf gas-exchange_Franks!AT51",
74,"N_eGCLab","stomata-franks_reichgelt_2020.xlsx#leaf gas-exchange_Franks!AU51",
74,"GCLad","stomata-franks_reichgelt_2020.xlsx#leaf gas-exchange_Franks!AV51",
74,"eGCLad","stomata-franks_reichgelt_2020.xlsx#leaf gas-exchange_Franks!AW51",
74,"GCWab","stomata-franks_reichgelt_2020.xlsx#leaf gas-exchange_Franks!AY51",
74,"eGCWab","stomata-franks_reichgelt_2020.xlsx#leaf gas-exchange_Franks!AZ51",
74,"N_eGCWab","stomata-franks_reichgelt_2020.xlsx#leaf gas-exchange_Franks!BA51",
74,"GCWad","stomata-franks_reichgelt_2020.xlsx#leaf gas-exchange_Franks!BB51",
74,"eGCWad","stomata-franks_reichgelt_2020.xlsx#leaf gas-exchange_Franks!BC51",
74,"d13Cp","stomata-franks_reichgelt_2020.xlsx#leaf gas-exchange_Franks!BE51",
74,"ed13Cp","stomata-franks_reichgelt_2020.xlsx#leaf gas-exchange_Franks!BF51",
74,"N_ed13Cp","stomata-franks_reichgelt_2020.xlsx#leaf gas-exchange_Franks!BG51",
74,"CO2_0","stomata-franks_reichgelt_2020.xlsx#leaf gas-exchange_Franks!BK51",
74,"dv","stomata-franks_reichgelt_2020.xlsx#leaf gas-exchange_Franks!CL51",
74,"A0","stomata-franks_reichgelt_2020.xlsx#leaf gas-exchange_Franks!BL51",
74,"eA0","stomata-franks_reichgelt_2020.xlsx#leaf gas-exchange_Franks!BM51",
74,"N_eA0","stomata-franks_reichgelt_2020.xlsx#leaf gas-exchange_Franks!BN51",
74,"CiCa0","stomata-franks_reichgelt_2020.xlsx#leaf gas-exchange_Franks!BO51",
74,"eCiCa0","stomata-franks_reichgelt_2020.xlsx#leaf gas-exchange_Franks!BP51",
74,"gb","stomata-franks_reichgelt_2020.xlsx#leaf gas-exchange_Franks!BR51",
74,"egb","stomata-franks_reichgelt_2020.xlsx#leaf gas-exchange_Franks!BS51",
74,"N_egb","stomata-franks_reichgelt_2020.xlsx#leaf gas-exchange_Franks!BT51",
74,"s1","stomata-franks_reichgelt_2020.xlsx#leaf gas-exchange_Franks!BU51",
74,"es1","stomata-franks_reichgelt_2020.xlsx#leaf gas-exchange_Franks!BV51",
74,"N_es1","stomata-franks_reichgelt_2020.xlsx#leaf gas-exchange_Franks!BW51",
74,"s2","stomata-franks_reichgelt_2020.xlsx#leaf gas-exchange_Franks!BX51",
74,"es2","stomata-franks_reichgelt_2020.xlsx#leaf gas-exchange_Franks!BY51",
74,"N_es2","stomata-franks_reichgelt_2020.xlsx#leaf gas-exchange_Franks!BZ51",
74,"s3","stomata-franks_reichgelt_2020.xlsx#leaf gas-exchange_Franks!CA51",
74,"es3","stomata-franks_reichgelt_2020.xlsx#leaf gas-exchange_Franks!CB51",
74,"N_es3","stomata-franks_reichgelt_2020.xlsx#leaf gas-exchange_Franks!CC51",
74,"s4","stomata-franks_reichgelt_2020.xlsx#leaf gas-exchange_Franks!CD51",
74,"es4","stomata-franks_reichgelt_2020.xlsx#leaf gas-exchange_Franks!CE51",
74,"N_es4","stomata-franks_reichgelt_2020.xlsx#leaf gas-exchange_Franks!CF51",
74,"s5","stomata-franks_reichgelt_2020.xlsx#leaf gas-exchange_Franks!CG51",
74,"es5","stomata-franks_reichgelt_2020.xlsx#leaf gas-exchange_Franks!CH51",
74,"N_es5","stomata-franks_reichgelt_2020.xlsx#leaf gas-exchange_Franks!CI51",
75,"sample","stomata-franks_steinthorsdottir_2021.xlsx#leaf gas-exchange_Franks!O4",
75,"doi","stomata-franks_steinthorsdottir_2021.xlsx#leaf gas-exchange_Franks!D4",
75,"lat","stomata-franks_steinthorsdottir_2021.xlsx#leaf gas-exchange_Franks!AA4",
75,"lon","stomata-franks_steinthorsdottir_2021.xlsx#leaf gas-exchange_Franks!AB4",
75,"age_mean","stomata-franks_steinthorsdottir_2021_p1.0.xlsx#leaf gas-exchange_Franks!AH4",
75,"age_min","stomata-franks_steinthorsdottir_2021_p1.0.xlsx#leaf gas-exchange_Franks!AJ4",
75,"age_max","stomata-franks_steinthorsdottir_2021_p1.0.xlsx#leaf gas-exchange_Franks!AI4",
75,"age_notes","stomata-franks_steinthorsdottir_2021_p1.0.xlsx#leaf gas-exchange_Franks!AL4",
76,"sample","stomata-franks_steinthorsdottir_2021.xlsx#leaf gas-exchange_Franks!O5",
76,"doi","stomata-franks_steinthorsdottir_2021.xlsx#leaf gas-exchange_Franks!D5",
76,"lat","stomata-franks_steinthorsdottir_2021.xlsx#leaf gas-exchange_Franks!AA5",
76,"lon","stomata-franks_steinthorsdottir_2021.xlsx#leaf gas-exchange_Franks!AB5",
76,"age_mean","stomata-franks_steinthorsdottir_2021_p1.0.xlsx#leaf gas-exchange_Franks!AH5",
76,"age_min","stomata-franks_steinthorsdottir_2021_p1.0.xlsx#leaf gas-exchange_Franks!AJ5",
76,"age_max","stomata-franks_steinthorsdottir_2021_p1.0.xlsx#leaf gas-exchange_Franks!AI5",
76,"age_notes","stomata-franks_steinthorsdottir_2021_p1.0.xlsx#leaf gas-exchange_Franks!AL5",
76,"gen_notes","stomata-franks_steinthorsdottir_2021_p1.0.xlsx#leaf gas-exchange_Franks!DA5",
77,"sample","stomata-franks_steinthorsdottir_2021.xlsx#leaf gas-exchange_Franks!O6",
77,"doi","stomata-franks_steinthorsdottir_2021.xlsx#leaf gas-exchange_Franks!D6",
77,"lat","stomata-franks_steinthorsdottir_2021.xlsx#leaf gas-exchange_Franks!AA6",
77,"lon","stomata-franks_steinthorsdottir_2021.xlsx#leaf gas-exchange_Franks!AB6",
77,"age_mean","stomata-franks_steinthorsdottir_2021_p1.0.xlsx#leaf gas-exchange_Franks!AH6",
77,"age_min","stomata-franks_steinthorsdottir_2021_p1.0.xlsx#leaf gas-exchange_Franks!AJ6",
77,"age_max","stomata-franks_steinthorsdottir_2021_p1.0.xlsx#leaf gas-exchange_Franks!AI6",
77,"age_notes","stomata-franks_steinthorsdottir_2021_p1.0.xlsx#leaf gas-exchange_Franks!AL6",
77,"family","stomata-franks_steinthorsdottir_2021.xlsx#leaf gas-exchange_Franks!P6",
77,"genus","stomata-franks_steinthorsdottir_2021.xlsx#leaf gas-exchange_Franks!Q6",
77,"Dab","stomata-franks_steinthorsdottir_2021.xlsx#leaf gas-exchange_Franks!AM6",
77,"eDab","stomata-franks_steinthorsdottir_2021.xlsx#leaf gas-exchange_Franks!AN6",
77,"N_eDab","stomata-franks_steinthorsdottir_2021.xlsx#leaf gas-exchange_Franks!AO6",
77,"Dad","stomata-franks_steinthorsdottir_2021.xlsx#leaf gas-exchange_Franks!AP6",
77,"eDad","stomata-franks_steinthorsdottir_2021.xlsx#leaf gas-exchange_Franks!AQ6",
77,"N_eDad","stomata-franks_steinthorsdottir_2021.xlsx#leaf gas-exchange_Franks!AR6",
77,"GCLab","stomata-franks_steinthorsdottir_2021.xlsx#leaf gas-exchange_Franks!AS6",
77,"eGCLab","stomata-franks_steinthorsdottir_2021.xlsx#leaf gas-exchange_Franks!AT6",
77,"N_eGCLab","stomata-franks_steinthorsdottir_2021.xlsx#leaf gas-exchange_Franks!AU6",
77,"GCLad","stomata-franks_steinthorsdottir_2021.xlsx#leaf gas-exchange_Franks!AV6",
77,"eGCLad","stomata-franks_steinthorsdottir_2021.xlsx#leaf gas-exchange_Franks!AW6",
77,"N_eGCLad","stomata-franks_steinthorsdottir_2021.xlsx#leaf gas-exchange_Franks!AX6",
77,"GCWab","stomata-franks_steinthorsdottir_2021.xlsx#leaf gas-exchange_Franks!AY6",
77,"eGCWab","stomata-franks_steinthorsdottir_2021.xlsx#leaf gas-exchange_Franks!AZ6",
77,"N_eGCWab","stomata-franks_steinthorsdottir_2021.xlsx#leaf gas-exchange_Franks!BA6",
77,"GCWad","stomata-franks_steinthorsdottir_2021.xlsx#leaf gas-exchange_Franks!BB6",
77,"eGCWad","stomata-franks_steinthorsdottir_2021.xlsx#leaf gas-exchange_Franks!BC6",
77,"N_eGCWad","stomata-franks_steinthorsdottir_2021.xlsx#leaf gas-exchange_Franks!BD6",
77,"d13Cp","stomata-franks_steinthorsdottir_2021.xlsx#leaf gas-exchange_Franks!BE6",
77,"ed13Cp","stomata-franks_steinthorsdottir_2021.xlsx#leaf gas-exchange_Franks!BF6",
77,"N_ed13Cp","stomata-franks_steinthorsdottir_2021.xlsx#leaf gas-exchange_Franks!BG6",
77,"CO2_0","stomata-franks_steinthorsdottir_2021.xlsx#leaf gas-exchange_Franks!BK6",
77,"dv","stomata-franks_steinthorsdottir_2021.xlsx#leaf gas-exchange_Franks!CL6",
77,"A0","stomata-franks_steinthorsdottir_2021.xlsx#leaf gas-exchange_Franks!BL6",
77,"eA0","stomata-franks_steinthorsdottir_2021.xlsx#leaf gas-exchange_Franks!BM6",
77,"N_eA0","stomata-franks_steinthorsdottir_2021.xlsx#leaf gas-exchange_Franks!BN6",
77,"gb","stomata-franks_steinthorsdottir_2021.xlsx#leaf gas-exchange_Franks!BR6",
77,"egb","stomata-franks_steinthorsdottir_2021.xlsx#leaf gas-exchange_Franks!BS6",
77,"N_egb","stomata-franks_steinthorsdottir_2021.xlsx#leaf gas-exchange_Franks!BT6",
77,"s1","stomata-franks_steinthorsdottir_2021.xlsx#leaf gas-exchange_Franks!BU6",
77,"es1","stomata-franks_steinthorsdottir_2021.xlsx#leaf gas-exchange_Franks!BV6",
77,"N_es1","stomata-franks_steinthorsdottir_2021.xlsx#leaf gas-exchange_Franks!BW6",
77,"s2","stomata-franks_steinthorsdottir_2021.xlsx#leaf gas-exchange_Franks!BX6",
77,"es2","stomata-franks_steinthorsdottir_2021.xlsx#leaf gas-exchange_Franks!BY6",
77,"N_es2","stomata-franks_steinthorsdottir_2021.xlsx#leaf gas-exchange_Franks!BZ6",
77,"s3","stomata-franks_steinthorsdottir_2021.xlsx#leaf gas-exchange_Franks!CA6",
77,"es3","stomata-franks_steinthorsdottir_2021.xlsx#leaf gas-exchange_Franks!CB6",
77,"N_es3","stomata-franks_steinthorsdottir_2021.xlsx#leaf gas-exchange_Franks!CC6",
77,"s4","stomata-franks_steinthorsdottir_2021.xlsx#leaf gas-exchange_Franks!CD6",
77,"es4","stomata-franks_steinthorsdottir_2021.xlsx#leaf gas-exchange_Franks!CE6",
77,"N_es4","stomata-franks_steinthorsdottir_2021.xlsx#leaf gas-exchange_Franks!CF6",
77,"s5","stomata-franks_steinthorsdottir_2021.xlsx#leaf gas-exchange_Franks!CG6",
77,"es5","stomata-franks_steinthorsdottir_2021.xlsx#leaf gas-exchange_Franks!CH6",
77,"N_es5","stomata-franks_steinthorsdottir_2021.xlsx#leaf gas-exchange_Franks!CI6",
78,"sample","stomata-franks_steinthorsdottir_2021.xlsx#leaf gas-exchange_Franks!O7",
78,"doi","stomata-franks_steinthorsdottir_2021.xlsx#leaf gas-exchange_Franks!D7",
78,"lat","stomata-franks_steinthorsdottir_2021.xlsx#leaf gas-exchange_Franks!AA7",
78,"lon","stomata-franks_steinthorsdottir_2021.xlsx#leaf gas-exchange_Franks!AB7",
78,"age_mean","stomata-franks_steinthorsdottir_2021_p1.0.xlsx#leaf gas-exchange_Franks!AH7",
78,"age_min","stomata-franks_steinthorsdottir_2021_p1.0.xlsx#leaf gas-exchange_Franks!AJ7",
78,"age_max","stomata-franks_steinthorsdottir_2021_p1.0.xlsx#leaf gas-exchange_Franks!AI7",
78,"age_notes","stomata-franks_steinthorsdottir_2021_p1.0.xlsx#leaf gas-exchange_Franks!AL7",
78,"family","stomata-franks_steinthorsdottir_2021.xlsx#leaf gas-exchange_Franks!P7",
78,"genus","stomata-franks_steinthorsdottir_2021.xlsx#leaf gas-exchange_Franks!Q7",
78,"Dab","stomata-franks_steinthorsdottir_2021.xlsx#leaf gas-exchange_Franks!AM7",
78,"eDab","stomata-franks_steinthorsdottir_2021.xlsx#leaf gas-exchange_Franks!AN7",
78,"N_eDab","stomata-franks_steinthorsdottir_2021.xlsx#leaf gas-exchange_Franks!AO7",
78,"Dad","stomata-franks_steinthorsdottir_2021.xlsx#leaf gas-exchange_Franks!AP7",
78,"eDad","stomata-franks_steinthorsdottir_2021.xlsx#leaf gas-exchange_Franks!AQ7",
78,"N_eDad","stomata-franks_steinthorsdottir_2021.xlsx#leaf gas-exchange_Franks!AR7",
78,"GCLab","stomata-franks_steinthorsdottir_2021.xlsx#leaf gas-exchange_Franks!AS7",
78,"eGCLab","stomata-franks_steinthorsdottir_2021.xlsx#leaf gas-exchange_Franks!AT7",
78,"N_eGCLab","stomata-franks_steinthorsdottir_2021.xlsx#leaf gas-exchange_Franks!AU7",
78,"GCLad","stomata-franks_steinthorsdottir_2021.xlsx#leaf gas-exchange_Franks!AV7",
78,"eGCLad","stomata-franks_steinthorsdottir_2021.xlsx#leaf gas-exchange_Franks!AW7",
78,"N_eGCLad","stomata-franks_steinthorsdottir_2021.xlsx#leaf gas-exchange_Franks!AX7",
78,"GCWab","stomata-franks_steinthorsdottir_2021.xlsx#leaf gas-exchange_Franks!AY7",
78,"eGCWab","stomata-franks_steinthorsdottir_2021.xlsx#leaf gas-exchange_Franks!AZ7",
78,"N_eGCWab","stomata-franks_steinthorsdottir_2021.xlsx#leaf gas-exchange_Franks!BA7",
78,"GCWad","stomata-franks_steinthorsdottir_2021.xlsx#leaf gas-exchange_Franks!BB7",
78,"eGCWad","stomata-franks_steinthorsdottir_2021.xlsx#leaf gas-exchange_Franks!BC7",
78,"N_eGCWad","stomata-franks_steinthorsdottir_2021.xlsx#leaf gas-exchange_Franks!BD7",
78,"d13Cp","stomata-franks_steinthorsdottir_2021.xlsx#leaf gas-exchange_Franks!BE7",
78,"ed13Cp","stomata-franks_steinthorsdottir_2021.xlsx#leaf gas-exchange_Franks!BF7",
78,"N_ed13Cp","stomata-franks_steinthorsdottir_2021.xlsx#leaf gas-exchange_Franks!BG7",
78,"CO2_0","stomata-franks_steinthorsdottir_2021.xlsx#leaf gas-exchange_Franks!BK7",
78,"dv","stomata-franks_steinthorsdottir_2021.xlsx#leaf gas-exchange_Franks!CL7",
78,"A0","stomata-franks_steinthorsdottir_2021.xlsx#leaf gas-exchange_Franks!BL7",
78,"eA0","stomata-franks_steinthorsdottir_2021.xlsx#leaf gas-exchange_Franks!BM7",
78,"N_eA0","stomata-franks_steinthorsdottir_2021.xlsx#leaf gas-exchange_Franks!BN7",
78,"gb","stomata-franks_steinthorsdottir_2021.xlsx#leaf gas-exchange_Franks!BR7",
78,"egb","stomata-franks_steinthorsdottir_2021.xlsx#leaf gas-exchange_Franks!BS7",
78,"N_egb","stomata-franks_steinthorsdottir_2021.xlsx#leaf gas-exchange_Franks!BT7",
78,"s1","stomata-franks_steinthorsdottir_2021.xlsx#leaf gas-exchange_Franks!BU7",
78,"es1","stomata-franks_steinthorsdottir_2021.xlsx#leaf gas-exchange_Franks!BV7",
78,"N_es1","stomata-franks_steinthorsdottir_2021.xlsx#leaf gas-exchange_Franks!BW7",
78,"s2","stomata-franks_steinthorsdottir_2021.xlsx#leaf gas-exchange_Franks!BX7",
78,"es2","stomata-franks_steinthorsdottir_2021.xlsx#leaf gas-exchange_Franks!BY7",
78,"N_es2","stomata-franks_steinthorsdottir_2021.xlsx#leaf gas-exchange_Franks!BZ7",
78,"s3","stomata-franks_steinthorsdottir_2021.xlsx#leaf gas-exchange_Franks!CA7",
78,"es3","stomata-franks_steinthorsdottir_2021.xlsx#leaf gas-exchange_Franks!CB7",
78,"N_es3","stomata-franks_steinthorsdottir_2021.xlsx#leaf gas-exchange_Franks!CC7",
78,"s4","stomata-franks_steinthorsdottir_2021.xlsx#leaf gas-exchange_Franks!CD7",
78,"es4","stomata-franks_steinthorsdottir_2021.xlsx#leaf gas-exchange_Franks!CE7",
78,"N_es4","stomata-franks_steinthorsdottir_2021.xlsx#leaf gas-exchange_Franks!CF7",
78,"s5","stomata-franks_steinthorsdottir_2021.xlsx#leaf gas-exchange_Franks!CG7",
78,"es5","stomata-franks_steinthorsdottir_2021.xlsx#leaf gas-exchange_Franks!CH7",
78,"N_es5","stomata-franks_steinthorsdottir_2021.xlsx#leaf gas-exchange_Franks!CI7",
79,"sample","stomata-franks_steinthorsdottir_2021.xlsx#leaf gas-exchange_Franks!O8",
79,"doi","stomata-franks_steinthorsdottir_2021.xlsx#leaf gas-exchange_Franks!D8",
79,"lat","stomata-franks_steinthorsdottir_2021.xlsx#leaf gas-exchange_Franks!AA8",
79,"lon","stomata-franks_steinthorsdottir_2021.xlsx#leaf gas-exchange_Franks!AB8",
79,"age_mean","stomata-franks_steinthorsdottir_2021_p1.0.xlsx#leaf gas-exchange_Franks!AH8",
79,"age_min","stomata-franks_steinthorsdottir_2021_p1.0.xlsx#leaf gas-exchange_Franks!AJ8",
79,"age_max","stomata-franks_steinthorsdottir_2021_p1.0.xlsx#leaf gas-exchange_Franks!AI8",
79,"age_notes","stomata-franks_steinthorsdottir_2021_p1.0.xlsx#leaf gas-exchange_Franks!AL8",
79,"family","stomata-franks_steinthorsdottir_2021.xlsx#leaf gas-exchange_Franks!P8",
79,"genus","stomata-franks_steinthorsdottir_2021.xlsx#leaf gas-exchange_Franks!Q8",
79,"Dab","stomata-franks_steinthorsdottir_2021.xlsx#leaf gas-exchange_Franks!AM8",
79,"eDab","stomata-franks_steinthorsdottir_2021.xlsx#leaf gas-exchange_Franks!AN8",
79,"N_eDab","stomata-franks_steinthorsdottir_2021.xlsx#leaf gas-exchange_Franks!AO8",
79,"Dad","stomata-franks_steinthorsdottir_2021.xlsx#leaf gas-exchange_Franks!AP8",
79,"eDad","stomata-franks_steinthorsdottir_2021.xlsx#leaf gas-exchange_Franks!AQ8",
79,"N_eDad","stomata-franks_steinthorsdottir_2021.xlsx#leaf gas-exchange_Franks!AR8",
79,"GCLab","stomata-franks_steinthorsdottir_2021.xlsx#leaf gas-exchange_Franks!AS8",
79,"eGCLab","stomata-franks_steinthorsdottir_2021.xlsx#leaf gas-exchange_Franks!AT8",
79,"N_eGCLab","stomata-franks_steinthorsdottir_2021.xlsx#leaf gas-exchange_Franks!AU8",
79,"GCLad","stomata-franks_steinthorsdottir_2021.xlsx#leaf gas-exchange_Franks!AV8",
79,"eGCLad","stomata-franks_steinthorsdottir_2021.xlsx#leaf gas-exchange_Franks!AW8",
79,"N_eGCLad","stomata-franks_steinthorsdottir_2021.xlsx#leaf gas-exchange_Franks!AX8",
79,"GCWab","stomata-franks_steinthorsdottir_2021.xlsx#leaf gas-exchange_Franks!AY8",
79,"eGCWab","stomata-franks_steinthorsdottir_2021.xlsx#leaf gas-exchange_Franks!AZ8",
79,"N_eGCWab","stomata-franks_steinthorsdottir_2021.xlsx#leaf gas-exchange_Franks!BA8",
79,"GCWad","stomata-franks_steinthorsdottir_2021.xlsx#leaf gas-exchange_Franks!BB8",
79,"eGCWad","stomata-franks_steinthorsdottir_2021.xlsx#leaf gas-exchange_Franks!BC8",
79,"N_eGCWad","stomata-franks_steinthorsdottir_2021.xlsx#leaf gas-exchange_Franks!BD8",
79,"d13Cp","stomata-franks_steinthorsdottir_2021.xlsx#leaf gas-exchange_Franks!BE8",
79,"ed13Cp","stomata-franks_steinthorsdottir_2021.xlsx#leaf gas-exchange_Franks!BF8",
79,"N_ed13Cp","stomata-franks_steinthorsdottir_2021.xlsx#leaf gas-exchange_Franks!BG8",
79,"CO2_0","stomata-franks_steinthorsdottir_2021.xlsx#leaf gas-exchange_Franks!BK8",
79,"dv","stomata-franks_steinthorsdottir_2021.xlsx#leaf gas-exchange_Franks!CL8",
79,"A0","stomata-franks_steinthorsdottir_2021.xlsx#leaf gas-exchange_Franks!BL8",
79,"eA0","stomata-franks_steinthorsdottir_2021.xlsx#leaf gas-exchange_Franks!BM8",
79,"N_eA0","stomata-franks_steinthorsdottir_2021.xlsx#leaf gas-exchange_Franks!BN8",
79,"gb","stomata-franks_steinthorsdottir_2021.xlsx#leaf gas-exchange_Franks!BR8",
79,"egb","stomata-franks_steinthorsdottir_2021.xlsx#leaf gas-exchange_Franks!BS8",
79,"N_egb","stomata-franks_steinthorsdottir_2021.xlsx#leaf gas-exchange_Franks!BT8",
79,"s1","stomata-franks_steinthorsdottir_2021.xlsx#leaf gas-exchange_Franks!BU8",
79,"es1","stomata-franks_steinthorsdottir_2021.xlsx#leaf gas-exchange_Franks!BV8",
79,"N_es1","stomata-franks_steinthorsdottir_2021.xlsx#leaf gas-exchange_Franks!BW8",
79,"s2","stomata-franks_steinthorsdottir_2021.xlsx#leaf gas-exchange_Franks!BX8",
79,"es2","stomata-franks_steinthorsdottir_2021.xlsx#leaf gas-exchange_Franks!BY8",
79,"N_es2","stomata-franks_steinthorsdottir_2021.xlsx#leaf gas-exchange_Franks!BZ8",
79,"s3","stomata-franks_steinthorsdottir_2021.xlsx#leaf gas-exchange_Franks!CA8",
79,"es3","stomata-franks_steinthorsdottir_2021.xlsx#leaf gas-exchange_Franks!CB8",
79,"N_es3","stomata-franks_steinthorsdottir_2021.xlsx#leaf gas-exchange_Franks!CC8",
79,"s4","stomata-franks_steinthorsdottir_2021.xlsx#leaf gas-exchange_Franks!CD8",
79,"es4","stomata-franks_steinthorsdottir_2021.xlsx#leaf gas-exchange_Franks!CE8",
79,"N_es4","stomata-franks_steinthorsdottir_2021.xlsx#leaf gas-exchange_Franks!CF8",
79,"s5","stomata-franks_steinthorsdottir_2021.xlsx#leaf gas-exchange_Franks!CG8",
79,"es5","stomata-franks_steinthorsdottir_2021.xlsx#leaf gas-exchange_Franks!CH8",
79,"N_es5","stomata-franks_steinthorsdottir_2021.xlsx#leaf gas-exchange_Franks!CI8",
80,"sample","stomata-franks_steinthorsdottir_2021.xlsx#leaf gas-exchange_Franks!O9",
80,"doi","stomata-franks_steinthorsdottir_2021.xlsx#leaf gas-exchange_Franks!D9",
80,"lat","stomata-franks_steinthorsdottir_2021.xlsx#leaf gas-exchange_Franks!AA9",
80,"lon","stomata-franks_steinthorsdottir_2021.xlsx#leaf gas-exchange_Franks!AB9",
80,"age_mean","stomata-franks_steinthorsdottir_2021_p1.0.xlsx#leaf gas-exchange_Franks!AH9",
80,"age_min","stomata-franks_steinthorsdottir_2021_p1.0.xlsx#leaf gas-exchange_Franks!AJ9",
80,"age_max","stomata-franks_steinthorsdottir_2021_p1.0.xlsx#leaf gas-exchange_Franks!AI9",
80,"age_notes","stomata-franks_steinthorsdottir_2021_p1.0.xlsx#leaf gas-exchange_Franks!AL9",
80,"family","stomata-franks_steinthorsdottir_2021.xlsx#leaf gas-exchange_Franks!P9",
80,"genus","stomata-franks_steinthorsdottir_2021.xlsx#leaf gas-exchange_Franks!Q9",
80,"Dab","stomata-franks_steinthorsdottir_2021.xlsx#leaf gas-exchange_Franks!AM9",
80,"eDab","stomata-franks_steinthorsdottir_2021.xlsx#leaf gas-exchange_Franks!AN9",
80,"N_eDab","stomata-franks_steinthorsdottir_2021.xlsx#leaf gas-exchange_Franks!AO9",
80,"Dad","stomata-franks_steinthorsdottir_2021.xlsx#leaf gas-exchange_Franks!AP9",
80,"eDad","stomata-franks_steinthorsdottir_2021.xlsx#leaf gas-exchange_Franks!AQ9",
80,"N_eDad","stomata-franks_steinthorsdottir_2021.xlsx#leaf gas-exchange_Franks!AR9",
80,"GCLab","stomata-franks_steinthorsdottir_2021.xlsx#leaf gas-exchange_Franks!AS9",
80,"eGCLab","stomata-franks_steinthorsdottir_2021.xlsx#leaf gas-exchange_Franks!AT9",
80,"N_eGCLab","stomata-franks_steinthorsdottir_2021.xlsx#leaf gas-exchange_Franks!AU9",
80,"GCLad","stomata-franks_steinthorsdottir_2021.xlsx#leaf gas-exchange_Franks!AV9",
80,"eGCLad","stomata-franks_steinthorsdottir_2021.xlsx#leaf gas-exchange_Franks!AW9",
80,"N_eGCLad","stomata-franks_steinthorsdottir_2021.xlsx#leaf gas-exchange_Franks!AX9",
80,"GCWab","stomata-franks_steinthorsdottir_2021.xlsx#leaf gas-exchange_Franks!AY9",
80,"eGCWab","stomata-franks_steinthorsdottir_2021.xlsx#leaf gas-exchange_Franks!AZ9",
80,"N_eGCWab","stomata-franks_steinthorsdottir_2021.xlsx#leaf gas-exchange_Franks!BA9",
80,"GCWad","stomata-franks_steinthorsdottir_2021.xlsx#leaf gas-exchange_Franks!BB9",
80,"eGCWad","stomata-franks_steinthorsdottir_2021.xlsx#leaf gas-exchange_Franks!BC9",
80,"N_eGCWad","stomata-franks_steinthorsdottir_2021.xlsx#leaf gas-exchange_Franks!BD9",
80,"d13Cp","stomata-franks_steinthorsdottir_2021.xlsx#leaf gas-exchange_Franks!BE9",
80,"ed13Cp","stomata-franks_steinthorsdottir_2021.xlsx#leaf gas-exchange_Franks!BF9",
80,"N_ed13Cp","stomata-franks_steinthorsdottir_2021.xlsx#leaf gas-exchange_Franks!BG9",
80,"CO2_0","stomata-franks_steinthorsdottir_2021.xlsx#leaf gas-exchange_Franks!BK9",
80,"dv","stomata-franks_steinthorsdottir_2021.xlsx#leaf gas-exchange_Franks!CL9",
80,"A0","stomata-franks_steinthorsdottir_2021.xlsx#leaf gas-exchange_Franks!BL9",
80,"eA0","stomata-franks_steinthorsdottir_2021.xlsx#leaf gas-exchange_Franks!BM9",
80,"N_eA0","stomata-franks_steinthorsdottir_2021.xlsx#leaf gas-exchange_Franks!BN9",
80,"gb","stomata-franks_steinthorsdottir_2021.xlsx#leaf gas-exchange_Franks!BR9",
80,"egb","stomata-franks_steinthorsdottir_2021.xlsx#leaf gas-exchange_Franks!BS9",
80,"N_egb","stomata-franks_steinthorsdottir_2021.xlsx#leaf gas-exchange_Franks!BT9",
80,"s1","stomata-franks_steinthorsdottir_2021.xlsx#leaf gas-exchange_Franks!BU9",
80,"es1","stomata-franks_steinthorsdottir_2021.xlsx#leaf gas-exchange_Franks!BV9",
80,"N_es1","stomata-franks_steinthorsdottir_2021.xlsx#leaf gas-exchange_Franks!BW9",
80,"s2","stomata-franks_steinthorsdottir_2021.xlsx#leaf gas-exchange_Franks!BX9",
80,"es2","stomata-franks_steinthorsdottir_2021.xlsx#leaf gas-exchange_Franks!BY9",
80,"N_es2","stomata-franks_steinthorsdottir_2021.xlsx#leaf gas-exchange_Franks!BZ9",
80,"s3","stomata-franks_steinthorsdottir_2021.xlsx#leaf gas-exchange_Franks!CA9",
80,"es3","stomata-franks_steinthorsdottir_2021.xlsx#leaf gas-exchange_Franks!CB9",
80,"N_es3","stomata-franks_steinthorsdottir_2021.xlsx#leaf gas-exchange_Franks!CC9",
80,"s4","stomata-franks_steinthorsdottir_2021.xlsx#leaf gas-exchange_Franks!CD9",
80,"es4","stomata-franks_steinthorsdottir_2021.xlsx#leaf gas-exchange_Franks!CE9",
80,"N_es4","stomata-franks_steinthorsdottir_2021.xlsx#leaf gas-exchange_Franks!CF9",
80,"s5","stomata-franks_steinthorsdottir_2021.xlsx#leaf gas-exchange_Franks!CG9",
80,"es5","stomata-franks_steinthorsdottir_2021.xlsx#leaf gas-exchange_Franks!CH9",
80,"N_es5","stomata-franks_steinthorsdottir_2021.xlsx#leaf gas-exchange_Franks!CI9",
81,"sample","stomata-franks_steinthorsdottir_2021.xlsx#leaf gas-exchange_Franks!O10",
81,"doi","stomata-franks_steinthorsdottir_2021.xlsx#leaf gas-exchange_Franks!D10",
81,"lat","stomata-franks_steinthorsdottir_2021.xlsx#leaf gas-exchange_Franks!AA10",
81,"lon","stomata-franks_steinthorsdottir_2021.xlsx#leaf gas-exchange_Franks!AB10",
81,"age_mean","stomata-franks_steinthorsdottir_2021_p1.0.xlsx#leaf gas-exchange_Franks!AH10",
81,"age_min","stomata-franks_steinthorsdottir_2021_p1.0.xlsx#leaf gas-exchange_Franks!AJ10",
81,"age_max","stomata-franks_steinthorsdottir_2021_p1.0.xlsx#leaf gas-exchange_Franks!AI10",
81,"age_notes","stomata-franks_steinthorsdottir_2021_p1.0.xlsx#leaf gas-exchange_Franks!AL10",
81,"family","stomata-franks_steinthorsdottir_2021.xlsx#leaf gas-exchange_Franks!P10",
81,"genus","stomata-franks_steinthorsdottir_2021.xlsx#leaf gas-exchange_Franks!Q10",
81,"Dab","stomata-franks_steinthorsdottir_2021.xlsx#leaf gas-exchange_Franks!AM10",
81,"eDab","stomata-franks_steinthorsdottir_2021.xlsx#leaf gas-exchange_Franks!AN10",
81,"N_eDab","stomata-franks_steinthorsdottir_2021.xlsx#leaf gas-exchange_Franks!AO10",
81,"Dad","stomata-franks_steinthorsdottir_2021.xlsx#leaf gas-exchange_Franks!AP10",
81,"eDad","stomata-franks_steinthorsdottir_2021.xlsx#leaf gas-exchange_Franks!AQ10",
81,"N_eDad","stomata-franks_steinthorsdottir_2021.xlsx#leaf gas-exchange_Franks!AR10",
81,"GCLab","stomata-franks_steinthorsdottir_2021.xlsx#leaf gas-exchange_Franks!AS10",
81,"eGCLab","stomata-franks_steinthorsdottir_2021.xlsx#leaf gas-exchange_Franks!AT10",
81,"N_eGCLab","stomata-franks_steinthorsdottir_2021.xlsx#leaf gas-exchange_Franks!AU10",
81,"GCLad","stomata-franks_steinthorsdottir_2021.xlsx#leaf gas-exchange_Franks!AV10",
81,"eGCLad","stomata-franks_steinthorsdottir_2021.xlsx#leaf gas-exchange_Franks!AW10",
81,"N_eGCLad","stomata-franks_steinthorsdottir_2021.xlsx#leaf gas-exchange_Franks!AX10",
81,"GCWab","stomata-franks_steinthorsdottir_2021.xlsx#leaf gas-exchange_Franks!AY10",
81,"eGCWab","stomata-franks_steinthorsdottir_2021.xlsx#leaf gas-exchange_Franks!AZ10",
81,"N_eGCWab","stomata-franks_steinthorsdottir_2021.xlsx#leaf gas-exchange_Franks!BA10",
81,"GCWad","stomata-franks_steinthorsdottir_2021.xlsx#leaf gas-exchange_Franks!BB10",
81,"eGCWad","stomata-franks_steinthorsdottir_2021.xlsx#leaf gas-exchange_Franks!BC10",
81,"N_eGCWad","stomata-franks_steinthorsdottir_2021.xlsx#leaf gas-exchange_Franks!BD10",
81,"d13Cp","stomata-franks_steinthorsdottir_2021.xlsx#leaf gas-exchange_Franks!BE10",
81,"ed13Cp","stomata-franks_steinthorsdottir_2021.xlsx#leaf gas-exchange_Franks!BF10",
81,"N_ed13Cp","stomata-franks_steinthorsdottir_2021.xlsx#leaf gas-exchange_Franks!BG10",
81,"CO2_0","stomata-franks_steinthorsdottir_2021.xlsx#leaf gas-exchange_Franks!BK10",
81,"dv","stomata-franks_steinthorsdottir_2021.xlsx#leaf gas-exchange_Franks!CL10",
81,"A0","stomata-franks_steinthorsdottir_2021.xlsx#leaf gas-exchange_Franks!BL10",
81,"eA0","stomata-franks_steinthorsdottir_2021.xlsx#leaf gas-exchange_Franks!BM10",
81,"N_eA0","stomata-franks_steinthorsdottir_2021.xlsx#leaf gas-exchange_Franks!BN10",
81,"gb","stomata-franks_steinthorsdottir_2021.xlsx#leaf gas-exchange_Franks!BR10",
81,"egb","stomata-franks_steinthorsdottir_2021.xlsx#leaf gas-exchange_Franks!BS10",
81,"N_egb","stomata-franks_steinthorsdottir_2021.xlsx#leaf gas-exchange_Franks!BT10",
81,"s1","stomata-franks_steinthorsdottir_2021.xlsx#leaf gas-exchange_Franks!BU10",
81,"es1","stomata-franks_steinthorsdottir_2021.xlsx#leaf gas-exchange_Franks!BV10",
81,"N_es1","stomata-franks_steinthorsdottir_2021.xlsx#leaf gas-exchange_Franks!BW10",
81,"s2","stomata-franks_steinthorsdottir_2021.xlsx#leaf gas-exchange_Franks!BX10",
81,"es2","stomata-franks_steinthorsdottir_2021.xlsx#leaf gas-exchange_Franks!BY10",
81,"N_es2","stomata-franks_steinthorsdottir_2021.xlsx#leaf gas-exchange_Franks!BZ10",
81,"s3","stomata-franks_steinthorsdottir_2021.xlsx#leaf gas-exchange_Franks!CA10",
81,"es3","stomata-franks_steinthorsdottir_2021.xlsx#leaf gas-exchange_Franks!CB10",
81,"N_es3","stomata-franks_steinthorsdottir_2021.xlsx#leaf gas-exchange_Franks!CC10",
81,"s4","stomata-franks_steinthorsdottir_2021.xlsx#leaf gas-exchange_Franks!CD10",
81,"es4","stomata-franks_steinthorsdottir_2021.xlsx#leaf gas-exchange_Franks!CE10",
81,"N_es4","stomata-franks_steinthorsdottir_2021.xlsx#leaf gas-exchange_Franks!CF10",
81,"s5","stomata-franks_steinthorsdottir_2021.xlsx#leaf gas-exchange_Franks!CG10",
81,"es5","stomata-franks_steinthorsdottir_2021.xlsx#leaf gas-exchange_Franks!CH10",
81,"N_es5","stomata-franks_steinthorsdottir_2021.xlsx#leaf gas-exchange_Franks!CI10",
82,"sample","stomata-franks_steinthorsdottir_2021.xlsx#leaf gas-exchange_Franks!O11",
82,"doi","stomata-franks_steinthorsdottir_2021.xlsx#leaf gas-exchange_Franks!D11",
82,"lat","stomata-franks_steinthorsdottir_2021.xlsx#leaf gas-exchange_Franks!AA11",
82,"lon","stomata-franks_steinthorsdottir_2021.xlsx#leaf gas-exchange_Franks!AB11",
82,"age_mean","stomata-franks_steinthorsdottir_2021_p1.0.xlsx#leaf gas-exchange_Franks!AH11",
82,"age_min","stomata-franks_steinthorsdottir_2021_p1.0.xlsx#leaf gas-exchange_Franks!AJ11",
82,"age_max","stomata-franks_steinthorsdottir_2021_p1.0.xlsx#leaf gas-exchange_Franks!AI11",
82,"age_notes","stomata-franks_steinthorsdottir_2021_p1.0.xlsx#leaf gas-exchange_Franks!AL11",
82,"family","stomata-franks_steinthorsdottir_2021.xlsx#leaf gas-exchange_Franks!P11",
82,"genus","stomata-franks_steinthorsdottir_2021.xlsx#leaf gas-exchange_Franks!Q11",
82,"Dab","stomata-franks_steinthorsdottir_2021.xlsx#leaf gas-exchange_Franks!AM11",
82,"eDab","stomata-franks_steinthorsdottir_2021.xlsx#leaf gas-exchange_Franks!AN11",
82,"N_eDab","stomata-franks_steinthorsdottir_2021.xlsx#leaf gas-exchange_Franks!AO11",
82,"Dad","stomata-franks_steinthorsdottir_2021.xlsx#leaf gas-exchange_Franks!AP11",
82,"eDad","stomata-franks_steinthorsdottir_2021.xlsx#leaf gas-exchange_Franks!AQ11",
82,"N_eDad","stomata-franks_steinthorsdottir_2021.xlsx#leaf gas-exchange_Franks!AR11",
82,"GCLab","stomata-franks_steinthorsdottir_2021.xlsx#leaf gas-exchange_Franks!AS11",
82,"eGCLab","stomata-franks_steinthorsdottir_2021.xlsx#leaf gas-exchange_Franks!AT11",
82,"N_eGCLab","stomata-franks_steinthorsdottir_2021.xlsx#leaf gas-exchange_Franks!AU11",
82,"GCLad","stomata-franks_steinthorsdottir_2021.xlsx#leaf gas-exchange_Franks!AV11",
82,"eGCLad","stomata-franks_steinthorsdottir_2021.xlsx#leaf gas-exchange_Franks!AW11",
82,"N_eGCLad","stomata-franks_steinthorsdottir_2021.xlsx#leaf gas-exchange_Franks!AX11",
82,"GCWab","stomata-franks_steinthorsdottir_2021.xlsx#leaf gas-exchange_Franks!AY11",
82,"eGCWab","stomata-franks_steinthorsdottir_2021.xlsx#leaf gas-exchange_Franks!AZ11",
82,"N_eGCWab","stomata-franks_steinthorsdottir_2021.xlsx#leaf gas-exchange_Franks!BA11",
82,"GCWad","stomata-franks_steinthorsdottir_2021.xlsx#leaf gas-exchange_Franks!BB11",
82,"eGCWad","stomata-franks_steinthorsdottir_2021.xlsx#leaf gas-exchange_Franks!BC11",
82,"N_eGCWad","stomata-franks_steinthorsdottir_2021.xlsx#leaf gas-exchange_Franks!BD11",
82,"d13Cp","stomata-franks_steinthorsdottir_2021.xlsx#leaf gas-exchange_Franks!BE11",
82,"ed13Cp","stomata-franks_steinthorsdottir_2021.xlsx#leaf gas-exchange_Franks!BF11",
82,"N_ed13Cp","stomata-franks_steinthorsdottir_2021.xlsx#leaf gas-exchange_Franks!BG11",
82,"CO2_0","stomata-franks_steinthorsdottir_2021.xlsx#leaf gas-exchange_Franks!BK11",
82,"dv","stomata-franks_steinthorsdottir_2021.xlsx#leaf gas-exchange_Franks!CL11",
82,"A0","stomata-franks_steinthorsdottir_2021.xlsx#leaf gas-exchange_Franks!BL11",
82,"eA0","stomata-franks_steinthorsdottir_2021.xlsx#leaf gas-exchange_Franks!BM11",
82,"N_eA0","stomata-franks_steinthorsdottir_2021.xlsx#leaf gas-exchange_Franks!BN11",
82,"gb","stomata-franks_steinthorsdottir_2021.xlsx#leaf gas-exchange_Franks!BR11",
82,"egb","stomata-franks_steinthorsdottir_2021.xlsx#leaf gas-exchange_Franks!BS11",
82,"N_egb","stomata-franks_steinthorsdottir_2021.xlsx#leaf gas-exchange_Franks!BT11",
82,"s1","stomata-franks_steinthorsdottir_2021.xlsx#leaf gas-exchange_Franks!BU11",
82,"es1","stomata-franks_steinthorsdottir_2021.xlsx#leaf gas-exchange_Franks!BV11",
82,"N_es1","stomata-franks_steinthorsdottir_2021.xlsx#leaf gas-exchange_Franks!BW11",
82,"s2","stomata-franks_steinthorsdottir_2021.xlsx#leaf gas-exchange_Franks!BX11",
82,"es2","stomata-franks_steinthorsdottir_2021.xlsx#leaf gas-exchange_Franks!BY11",
82,"N_es2","stomata-franks_steinthorsdottir_2021.xlsx#leaf gas-exchange_Franks!BZ11",
82,"s3","stomata-franks_steinthorsdottir_2021.xlsx#leaf gas-exchange_Franks!CA11",
82,"es3","stomata-franks_steinthorsdottir_2021.xlsx#leaf gas-exchange_Franks!CB11",
82,"N_es3","stomata-franks_steinthorsdottir_2021.xlsx#leaf gas-exchange_Franks!CC11",
82,"s4","stomata-franks_steinthorsdottir_2021.xlsx#leaf gas-exchange_Franks!CD11",
82,"es4","stomata-franks_steinthorsdottir_2021.xlsx#leaf gas-exchange_Franks!CE11",
82,"N_es4","stomata-franks_steinthorsdottir_2021.xlsx#leaf gas-exchange_Franks!CF11",
82,"s5","stomata-franks_steinthorsdottir_2021.xlsx#leaf gas-exchange_Franks!CG11",
82,"es5","stomata-franks_steinthorsdottir_2021.xlsx#leaf gas-exchange_Franks!CH11",
82,"N_es5","stomata-franks_steinthorsdottir_2021.xlsx#leaf gas-exchange_Franks!CI11",
83,"sample","stomata-franks_steinthorsdottir_2021.xlsx#leaf gas-exchange_Franks!O12",
83,"doi","stomata-franks_steinthorsdottir_2021.xlsx#leaf gas-exchange_Franks!D12",
83,"lat","stomata-franks_steinthorsdottir_2021.xlsx#leaf gas-exchange_Franks!AA12",
83,"lon","stomata-franks_steinthorsdottir_2021.xlsx#leaf gas-exchange_Franks!AB12",
83,"age_mean","stomata-franks_steinthorsdottir_2021_p1.0.xlsx#leaf gas-exchange_Franks!AH12",
83,"age_min","stomata-franks_steinthorsdottir_2021_p1.0.xlsx#leaf gas-exchange_Franks!AJ12",
83,"age_max","stomata-franks_steinthorsdottir_2021_p1.0.xlsx#leaf gas-exchange_Franks!AI12",
83,"age_notes","stomata-franks_steinthorsdottir_2021_p1.0.xlsx#leaf gas-exchange_Franks!AL12",
83,"family","stomata-franks_steinthorsdottir_2021.xlsx#leaf gas-exchange_Franks!P12",
83,"genus","stomata-franks_steinthorsdottir_2021.xlsx#leaf gas-exchange_Franks!Q12",
83,"Dab","stomata-franks_steinthorsdottir_2021.xlsx#leaf gas-exchange_Franks!AM12",
83,"eDab","stomata-franks_steinthorsdottir_2021.xlsx#leaf gas-exchange_Franks!AN12",
83,"N_eDab","stomata-franks_steinthorsdottir_2021.xlsx#leaf gas-exchange_Franks!AO12",
83,"Dad","stomata-franks_steinthorsdottir_2021.xlsx#leaf gas-exchange_Franks!AP12",
83,"eDad","stomata-franks_steinthorsdottir_2021.xlsx#leaf gas-exchange_Franks!AQ12",
83,"N_eDad","stomata-franks_steinthorsdottir_2021.xlsx#leaf gas-exchange_Franks!AR12",
83,"GCLab","stomata-franks_steinthorsdottir_2021.xlsx#leaf gas-exchange_Franks!AS12",
83,"eGCLab","stomata-franks_steinthorsdottir_2021.xlsx#leaf gas-exchange_Franks!AT12",
83,"N_eGCLab","stomata-franks_steinthorsdottir_2021.xlsx#leaf gas-exchange_Franks!AU12",
83,"GCLad","stomata-franks_steinthorsdottir_2021.xlsx#leaf gas-exchange_Franks!AV12",
83,"eGCLad","stomata-franks_steinthorsdottir_2021.xlsx#leaf gas-exchange_Franks!AW12",
83,"N_eGCLad","stomata-franks_steinthorsdottir_2021.xlsx#leaf gas-exchange_Franks!AX12",
83,"GCWab","stomata-franks_steinthorsdottir_2021.xlsx#leaf gas-exchange_Franks!AY12",
83,"eGCWab","stomata-franks_steinthorsdottir_2021.xlsx#leaf gas-exchange_Franks!AZ12",
83,"N_eGCWab","stomata-franks_steinthorsdottir_2021.xlsx#leaf gas-exchange_Franks!BA12",
83,"GCWad","stomata-franks_steinthorsdottir_2021.xlsx#leaf gas-exchange_Franks!BB12",
83,"eGCWad","stomata-franks_steinthorsdottir_2021.xlsx#leaf gas-exchange_Franks!BC12",
83,"N_eGCWad","stomata-franks_steinthorsdottir_2021.xlsx#leaf gas-exchange_Franks!BD12",
83,"d13Cp","stomata-franks_steinthorsdottir_2021.xlsx#leaf gas-exchange_Franks!BE12",
83,"ed13Cp","stomata-franks_steinthorsdottir_2021.xlsx#leaf gas-exchange_Franks!BF12",
83,"N_ed13Cp","stomata-franks_steinthorsdottir_2021.xlsx#leaf gas-exchange_Franks!BG12",
83,"CO2_0","stomata-franks_steinthorsdottir_2021.xlsx#leaf gas-exchange_Franks!BK12",
83,"dv","stomata-franks_steinthorsdottir_2021.xlsx#leaf gas-exchange_Franks!CL12",
83,"A0","stomata-franks_steinthorsdottir_2021.xlsx#leaf gas-exchange_Franks!BL12",
83,"eA0","stomata-franks_steinthorsdottir_2021.xlsx#leaf gas-exchange_Franks!BM12",
83,"N_eA0","stomata-franks_steinthorsdottir_2021.xlsx#leaf gas-exchange_Franks!BN12",
83,"gb","stomata-franks_steinthorsdottir_2021.xlsx#leaf gas-exchange_Franks!BR12",
83,"egb","stomata-franks_steinthorsdottir_2021.xlsx#leaf gas-exchange_Franks!BS12",
83,"N_egb","stomata-franks_steinthorsdottir_2021.xlsx#leaf gas-exchange_Franks!BT12",
83,"s1","stomata-franks_steinthorsdottir_2021.xlsx#leaf gas-exchange_Franks!BU12",
83,"es1","stomata-franks_steinthorsdottir_2021.xlsx#leaf gas-exchange_Franks!BV12",
83,"N_es1","stomata-franks_steinthorsdottir_2021.xlsx#leaf gas-exchange_Franks!BW12",
83,"s2","stomata-franks_steinthorsdottir_2021.xlsx#leaf gas-exchange_Franks!BX12",
83,"es2","stomata-franks_steinthorsdottir_2021.xlsx#leaf gas-exchange_Franks!BY12",
83,"N_es2","stomata-franks_steinthorsdottir_2021.xlsx#leaf gas-exchange_Franks!BZ12",
83,"s3","stomata-franks_steinthorsdottir_2021.xlsx#leaf gas-exchange_Franks!CA12",
83,"es3","stomata-franks_steinthorsdottir_2021.xlsx#leaf gas-exchange_Franks!CB12",
83,"N_es3","stomata-franks_steinthorsdottir_2021.xlsx#leaf gas-exchange_Franks!CC12",
83,"s4","stomata-franks_steinthorsdottir_2021.xlsx#leaf gas-exchange_Franks!CD12",
83,"es4","stomata-franks_steinthorsdottir_2021.xlsx#leaf gas-exchange_Franks!CE12",
83,"N_es4","stomata-franks_steinthorsdottir_2021.xlsx#leaf gas-exchange_Franks!CF12",
83,"s5","stomata-franks_steinthorsdottir_2021.xlsx#leaf gas-exchange_Franks!CG12",
83,"es5","stomata-franks_steinthorsdottir_2021.xlsx#leaf gas-exchange_Franks!CH12",
83,"N_es5","stomata-franks_steinthorsdottir_2021.xlsx#leaf gas-exchange_Franks!CI12",
84,"sample","stomata-franks_steinthorsdottir_2021.xlsx#leaf gas-exchange_Franks!O13",
84,"doi","stomata-franks_steinthorsdottir_2021.xlsx#leaf gas-exchange_Franks!D13",
84,"lat","stomata-franks_steinthorsdottir_2021.xlsx#leaf gas-exchange_Franks!AA13",
84,"lon","stomata-franks_steinthorsdottir_2021.xlsx#leaf gas-exchange_Franks!AB13",
84,"age_mean","stomata-franks_steinthorsdottir_2021_p1.0.xlsx#leaf gas-exchange_Franks!AH13",
84,"age_min","stomata-franks_steinthorsdottir_2021_p1.0.xlsx#leaf gas-exchange_Franks!AJ13",
84,"age_max","stomata-franks_steinthorsdottir_2021_p1.0.xlsx#leaf gas-exchange_Franks!AI13",
84,"age_notes","stomata-franks_steinthorsdottir_2021_p1.0.xlsx#leaf gas-exchange_Franks!AL13",
84,"family","stomata-franks_steinthorsdottir_2021.xlsx#leaf gas-exchange_Franks!P13",
84,"genus","stomata-franks_steinthorsdottir_2021.xlsx#leaf gas-exchange_Franks!Q13",
84,"Dab","stomata-franks_steinthorsdottir_2021.xlsx#leaf gas-exchange_Franks!AM13",
84,"eDab","stomata-franks_steinthorsdottir_2021.xlsx#leaf gas-exchange_Franks!AN13",
84,"N_eDab","stomata-franks_steinthorsdottir_2021.xlsx#leaf gas-exchange_Franks!AO13",
84,"Dad","stomata-franks_steinthorsdottir_2021.xlsx#leaf gas-exchange_Franks!AP13",
84,"eDad","stomata-franks_steinthorsdottir_2021.xlsx#leaf gas-exchange_Franks!AQ13",
84,"N_eDad","stomata-franks_steinthorsdottir_2021.xlsx#leaf gas-exchange_Franks!AR13",
84,"GCLab","stomata-franks_steinthorsdottir_2021.xlsx#leaf gas-exchange_Franks!AS13",
84,"eGCLab","stomata-franks_steinthorsdottir_2021.xlsx#leaf gas-exchange_Franks!AT13",
84,"N_eGCLab","stomata-franks_steinthorsdottir_2021.xlsx#leaf gas-exchange_Franks!AU13",
84,"GCLad","stomata-franks_steinthorsdottir_2021.xlsx#leaf gas-exchange_Franks!AV13",
84,"eGCLad","stomata-franks_steinthorsdottir_2021.xlsx#leaf gas-exchange_Franks!AW13",
84,"N_eGCLad","stomata-franks_steinthorsdottir_2021.xlsx#leaf gas-exchange_Franks!AX13",
84,"GCWab","stomata-franks_steinthorsdottir_2021.xlsx#leaf gas-exchange_Franks!AY13",
84,"eGCWab","stomata-franks_steinthorsdottir_2021.xlsx#leaf gas-exchange_Franks!AZ13",
84,"N_eGCWab","stomata-franks_steinthorsdottir_2021.xlsx#leaf gas-exchange_Franks!BA13",
84,"GCWad","stomata-franks_steinthorsdottir_2021.xlsx#leaf gas-exchange_Franks!BB13",
84,"eGCWad","stomata-franks_steinthorsdottir_2021.xlsx#leaf gas-exchange_Franks!BC13",
84,"N_eGCWad","stomata-franks_steinthorsdottir_2021.xlsx#leaf gas-exchange_Franks!BD13",
84,"d13Cp","stomata-franks_steinthorsdottir_2021.xlsx#leaf gas-exchange_Franks!BE13",
84,"ed13Cp","stomata-franks_steinthorsdottir_2021.xlsx#leaf gas-exchange_Franks!BF13",
84,"N_ed13Cp","stomata-franks_steinthorsdottir_2021.xlsx#leaf gas-exchange_Franks!BG13",
84,"CO2_0","stomata-franks_steinthorsdottir_2021.xlsx#leaf gas-exchange_Franks!BK13",
84,"dv","stomata-franks_steinthorsdottir_2021.xlsx#leaf gas-exchange_Franks!CL13",
84,"A0","stomata-franks_steinthorsdottir_2021.xlsx#leaf gas-exchange_Franks!BL13",
84,"eA0","stomata-franks_steinthorsdottir_2021.xlsx#leaf gas-exchange_Franks!BM13",
84,"N_eA0","stomata-franks_steinthorsdottir_2021.xlsx#leaf gas-exchange_Franks!BN13",
84,"gb","stomata-franks_steinthorsdottir_2021.xlsx#leaf gas-exchange_Franks!BR13",
84,"egb","stomata-franks_steinthorsdottir_2021.xlsx#leaf gas-exchange_Franks!BS13",
84,"N_egb","stomata-franks_steinthorsdottir_2021.xlsx#leaf gas-exchange_Franks!BT13",
84,"s1","stomata-franks_steinthorsdottir_2021.xlsx#leaf gas-exchange_Franks!BU13",
84,"es1","stomata-franks_steinthorsdottir_2021.xlsx#leaf gas-exchange_Franks!BV13",
84,"N_es1","stomata-franks_steinthorsdottir_2021.xlsx#leaf gas-exchange_Franks!BW13",
84,"s2","stomata-franks_steinthorsdottir_2021.xlsx#leaf gas-exchange_Franks!BX13",
84,"es2","stomata-franks_steinthorsdottir_2021.xlsx#leaf gas-exchange_Franks!BY13",
84,"N_es2","stomata-franks_steinthorsdottir_2021.xlsx#leaf gas-exchange_Franks!BZ13",
84,"s3","stomata-franks_steinthorsdottir_2021.xlsx#leaf gas-exchange_Franks!CA13",
84,"es3","stomata-franks_steinthorsdottir_2021.xlsx#leaf gas-exchange_Franks!CB13",
84,"N_es3","stomata-franks_steinthorsdottir_2021.xlsx#leaf gas-exchange_Franks!CC13",
84,"s4","stomata-franks_steinthorsdottir_2021.xlsx#leaf gas-exchange_Franks!CD13",
84,"es4","stomata-franks_steinthorsdottir_2021.xlsx#leaf gas-exchange_Franks!CE13",
84,"N_es4","stomata-franks_steinthorsdottir_2021.xlsx#leaf gas-exchange_Franks!CF13",
84,"s5","stomata-franks_steinthorsdottir_2021.xlsx#leaf gas-exchange_Franks!CG13",
84,"es5","stomata-franks_steinthorsdottir_2021.xlsx#leaf gas-exchange_Franks!CH13",
84,"N_es5","stomata-franks_steinthorsdottir_2021.xlsx#leaf gas-exchange_Franks!CI13",
85,"sample","stomata-franks_steinthorsdottir_2021.xlsx#leaf gas-exchange_Franks!O14",
85,"doi","stomata-franks_steinthorsdottir_2021.xlsx#leaf gas-exchange_Franks!D14",
85,"lat","stomata-franks_steinthorsdottir_2021.xlsx#leaf gas-exchange_Franks!AA14",
85,"lon","stomata-franks_steinthorsdottir_2021.xlsx#leaf gas-exchange_Franks!AB14",
85,"age_mean","stomata-franks_steinthorsdottir_2021_p1.0.xlsx#leaf gas-exchange_Franks!AH14",
85,"age_min","stomata-franks_steinthorsdottir_2021_p1.0.xlsx#leaf gas-exchange_Franks!AJ14",
85,"age_max","stomata-franks_steinthorsdottir_2021_p1.0.xlsx#leaf gas-exchange_Franks!AI14",
85,"age_notes","stomata-franks_steinthorsdottir_2021_p1.0.xlsx#leaf gas-exchange_Franks!AL14",
85,"family","stomata-franks_steinthorsdottir_2021.xlsx#leaf gas-exchange_Franks!P14",
85,"genus","stomata-franks_steinthorsdottir_2021.xlsx#leaf gas-exchange_Franks!Q14",
85,"Dab","stomata-franks_steinthorsdottir_2021.xlsx#leaf gas-exchange_Franks!AM14",
85,"eDab","stomata-franks_steinthorsdottir_2021.xlsx#leaf gas-exchange_Franks!AN14",
85,"N_eDab","stomata-franks_steinthorsdottir_2021.xlsx#leaf gas-exchange_Franks!AO14",
85,"Dad","stomata-franks_steinthorsdottir_2021.xlsx#leaf gas-exchange_Franks!AP14",
85,"eDad","stomata-franks_steinthorsdottir_2021.xlsx#leaf gas-exchange_Franks!AQ14",
85,"N_eDad","stomata-franks_steinthorsdottir_2021.xlsx#leaf gas-exchange_Franks!AR14",
85,"GCLab","stomata-franks_steinthorsdottir_2021.xlsx#leaf gas-exchange_Franks!AS14",
85,"eGCLab","stomata-franks_steinthorsdottir_2021.xlsx#leaf gas-exchange_Franks!AT14",
85,"N_eGCLab","stomata-franks_steinthorsdottir_2021.xlsx#leaf gas-exchange_Franks!AU14",
85,"GCLad","stomata-franks_steinthorsdottir_2021.xlsx#leaf gas-exchange_Franks!AV14",
85,"eGCLad","stomata-franks_steinthorsdottir_2021.xlsx#leaf gas-exchange_Franks!AW14",
85,"N_eGCLad","stomata-franks_steinthorsdottir_2021.xlsx#leaf gas-exchange_Franks!AX14",
85,"GCWab","stomata-franks_steinthorsdottir_2021.xlsx#leaf gas-exchange_Franks!AY14",
85,"eGCWab","stomata-franks_steinthorsdottir_2021.xlsx#leaf gas-exchange_Franks!AZ14",
85,"N_eGCWab","stomata-franks_steinthorsdottir_2021.xlsx#leaf gas-exchange_Franks!BA14",
85,"GCWad","stomata-franks_steinthorsdottir_2021.xlsx#leaf gas-exchange_Franks!BB14",
85,"eGCWad","stomata-franks_steinthorsdottir_2021.xlsx#leaf gas-exchange_Franks!BC14",
85,"N_eGCWad","stomata-franks_steinthorsdottir_2021.xlsx#leaf gas-exchange_Franks!BD14",
85,"d13Cp","stomata-franks_steinthorsdottir_2021.xlsx#leaf gas-exchange_Franks!BE14",
85,"ed13Cp","stomata-franks_steinthorsdottir_2021.xlsx#leaf gas-exchange_Franks!BF14",
85,"N_ed13Cp","stomata-franks_steinthorsdottir_2021.xlsx#leaf gas-exchange_Franks!BG14",
85,"CO2_0","stomata-franks_steinthorsdottir_2021.xlsx#leaf gas-exchange_Franks!BK14",
85,"dv","stomata-franks_steinthorsdottir_2021.xlsx#leaf gas-exchange_Franks!CL14",
85,"A0","stomata-franks_steinthorsdottir_2021.xlsx#leaf gas-exchange_Franks!BL14",
85,"eA0","stomata-franks_steinthorsdottir_2021.xlsx#leaf gas-exchange_Franks!BM14",
85,"N_eA0","stomata-franks_steinthorsdottir_2021.xlsx#leaf gas-exchange_Franks!BN14",
85,"gb","stomata-franks_steinthorsdottir_2021.xlsx#leaf gas-exchange_Franks!BR14",
85,"egb","stomata-franks_steinthorsdottir_2021.xlsx#leaf gas-exchange_Franks!BS14",
85,"N_egb","stomata-franks_steinthorsdottir_2021.xlsx#leaf gas-exchange_Franks!BT14",
85,"s1","stomata-franks_steinthorsdottir_2021.xlsx#leaf gas-exchange_Franks!BU14",
85,"es1","stomata-franks_steinthorsdottir_2021.xlsx#leaf gas-exchange_Franks!BV14",
85,"N_es1","stomata-franks_steinthorsdottir_2021.xlsx#leaf gas-exchange_Franks!BW14",
85,"s2","stomata-franks_steinthorsdottir_2021.xlsx#leaf gas-exchange_Franks!BX14",
85,"es2","stomata-franks_steinthorsdottir_2021.xlsx#leaf gas-exchange_Franks!BY14",
85,"N_es2","stomata-franks_steinthorsdottir_2021.xlsx#leaf gas-exchange_Franks!BZ14",
85,"s3","stomata-franks_steinthorsdottir_2021.xlsx#leaf gas-exchange_Franks!CA14",
85,"es3","stomata-franks_steinthorsdottir_2021.xlsx#leaf gas-exchange_Franks!CB14",
85,"N_es3","stomata-franks_steinthorsdottir_2021.xlsx#leaf gas-exchange_Franks!CC14",
85,"s4","stomata-franks_steinthorsdottir_2021.xlsx#leaf gas-exchange_Franks!CD14",
85,"es4","stomata-franks_steinthorsdottir_2021.xlsx#leaf gas-exchange_Franks!CE14",
85,"N_es4","stomata-franks_steinthorsdottir_2021.xlsx#leaf gas-exchange_Franks!CF14",
85,"s5","stomata-franks_steinthorsdottir_2021.xlsx#leaf gas-exchange_Franks!CG14",
85,"es5","stomata-franks_steinthorsdottir_2021.xlsx#leaf gas-exchange_Franks!CH14",
85,"N_es5","stomata-franks_steinthorsdottir_2021.xlsx#leaf gas-exchange_Franks!CI14",
86,"sample","stomata-franks_steinthorsdottir_2021.xlsx#leaf gas-exchange_Franks!O15",
86,"doi","stomata-franks_steinthorsdottir_2021.xlsx#leaf gas-exchange_Franks!D15",
86,"lat","stomata-franks_steinthorsdottir_2021.xlsx#leaf gas-exchange_Franks!AA15",
86,"lon","stomata-franks_steinthorsdottir_2021.xlsx#leaf gas-exchange_Franks!AB15",
86,"age_mean","stomata-franks_steinthorsdottir_2021_p1.0.xlsx#leaf gas-exchange_Franks!AH15",
86,"age_min","stomata-franks_steinthorsdottir_2021_p1.0.xlsx#leaf gas-exchange_Franks!AJ15",
86,"age_max","stomata-franks_steinthorsdottir_2021_p1.0.xlsx#leaf gas-exchange_Franks!AI15",
86,"age_notes","stomata-franks_steinthorsdottir_2021_p1.0.xlsx#leaf gas-exchange_Franks!AL15",
86,"family","stomata-franks_steinthorsdottir_2021.xlsx#leaf gas-exchange_Franks!P15",
86,"genus","stomata-franks_steinthorsdottir_2021.xlsx#leaf gas-exchange_Franks!Q15",
86,"Dab","stomata-franks_steinthorsdottir_2021.xlsx#leaf gas-exchange_Franks!AM15",
86,"eDab","stomata-franks_steinthorsdottir_2021.xlsx#leaf gas-exchange_Franks!AN15",
86,"N_eDab","stomata-franks_steinthorsdottir_2021.xlsx#leaf gas-exchange_Franks!AO15",
86,"Dad","stomata-franks_steinthorsdottir_2021.xlsx#leaf gas-exchange_Franks!AP15",
86,"eDad","stomata-franks_steinthorsdottir_2021.xlsx#leaf gas-exchange_Franks!AQ15",
86,"N_eDad","stomata-franks_steinthorsdottir_2021.xlsx#leaf gas-exchange_Franks!AR15",
86,"GCLab","stomata-franks_steinthorsdottir_2021.xlsx#leaf gas-exchange_Franks!AS15",
86,"eGCLab","stomata-franks_steinthorsdottir_2021.xlsx#leaf gas-exchange_Franks!AT15",
86,"N_eGCLab","stomata-franks_steinthorsdottir_2021.xlsx#leaf gas-exchange_Franks!AU15",
86,"GCLad","stomata-franks_steinthorsdottir_2021.xlsx#leaf gas-exchange_Franks!AV15",
86,"eGCLad","stomata-franks_steinthorsdottir_2021.xlsx#leaf gas-exchange_Franks!AW15",
86,"N_eGCLad","stomata-franks_steinthorsdottir_2021.xlsx#leaf gas-exchange_Franks!AX15",
86,"GCWab","stomata-franks_steinthorsdottir_2021.xlsx#leaf gas-exchange_Franks!AY15",
86,"eGCWab","stomata-franks_steinthorsdottir_2021.xlsx#leaf gas-exchange_Franks!AZ15",
86,"N_eGCWab","stomata-franks_steinthorsdottir_2021.xlsx#leaf gas-exchange_Franks!BA15",
86,"GCWad","stomata-franks_steinthorsdottir_2021.xlsx#leaf gas-exchange_Franks!BB15",
86,"eGCWad","stomata-franks_steinthorsdottir_2021.xlsx#leaf gas-exchange_Franks!BC15",
86,"N_eGCWad","stomata-franks_steinthorsdottir_2021.xlsx#leaf gas-exchange_Franks!BD15",
86,"d13Cp","stomata-franks_steinthorsdottir_2021.xlsx#leaf gas-exchange_Franks!BE15",
86,"ed13Cp","stomata-franks_steinthorsdottir_2021.xlsx#leaf gas-exchange_Franks!BF15",
86,"N_ed13Cp","stomata-franks_steinthorsdottir_2021.xlsx#leaf gas-exchange_Franks!BG15",
86,"CO2_0","stomata-franks_steinthorsdottir_2021.xlsx#leaf gas-exchange_Franks!BK15",
86,"dv","stomata-franks_steinthorsdottir_2021.xlsx#leaf gas-exchange_Franks!CL15",
86,"A0","stomata-franks_steinthorsdottir_2021.xlsx#leaf gas-exchange_Franks!BL15",
86,"eA0","stomata-franks_steinthorsdottir_2021.xlsx#leaf gas-exchange_Franks!BM15",
86,"N_eA0","stomata-franks_steinthorsdottir_2021.xlsx#leaf gas-exchange_Franks!BN15",
86,"gb","stomata-franks_steinthorsdottir_2021.xlsx#leaf gas-exchange_Franks!BR15",
86,"egb","stomata-franks_steinthorsdottir_2021.xlsx#leaf gas-exchange_Franks!BS15",
86,"N_egb","stomata-franks_steinthorsdottir_2021.xlsx#leaf gas-exchange_Franks!BT15",
86,"s1","stomata-franks_steinthorsdottir_2021.xlsx#leaf gas-exchange_Franks!BU15",
86,"es1","stomata-franks_steinthorsdottir_2021.xlsx#leaf gas-exchange_Franks!BV15",
86,"N_es1","stomata-franks_steinthorsdottir_2021.xlsx#leaf gas-exchange_Franks!BW15",
86,"s2","stomata-franks_steinthorsdottir_2021.xlsx#leaf gas-exchange_Franks!BX15",
86,"es2","stomata-franks_steinthorsdottir_2021.xlsx#leaf gas-exchange_Franks!BY15",
86,"N_es2","stomata-franks_steinthorsdottir_2021.xlsx#leaf gas-exchange_Franks!BZ15",
86,"s3","stomata-franks_steinthorsdottir_2021.xlsx#leaf gas-exchange_Franks!CA15",
86,"es3","stomata-franks_steinthorsdottir_2021.xlsx#leaf gas-exchange_Franks!CB15",
86,"N_es3","stomata-franks_steinthorsdottir_2021.xlsx#leaf gas-exchange_Franks!CC15",
86,"s4","stomata-franks_steinthorsdottir_2021.xlsx#leaf gas-exchange_Franks!CD15",
86,"es4","stomata-franks_steinthorsdottir_2021.xlsx#leaf gas-exchange_Franks!CE15",
86,"N_es4","stomata-franks_steinthorsdottir_2021.xlsx#leaf gas-exchange_Franks!CF15",
86,"s5","stomata-franks_steinthorsdottir_2021.xlsx#leaf gas-exchange_Franks!CG15",
86,"es5","stomata-franks_steinthorsdottir_2021.xlsx#leaf gas-exchange_Franks!CH15",
86,"N_es5","stomata-franks_steinthorsdottir_2021.xlsx#leaf gas-exchange_Franks!CI15",
87,"sample","stomata-franks_steinthorsdottir_2021.xlsx#leaf gas-exchange_Franks!O16",
87,"doi","stomata-franks_steinthorsdottir_2021.xlsx#leaf gas-exchange_Franks!D16",
87,"lat","stomata-franks_steinthorsdottir_2021.xlsx#leaf gas-exchange_Franks!AA16",
87,"lon","stomata-franks_steinthorsdottir_2021.xlsx#leaf gas-exchange_Franks!AB16",
87,"age_mean","stomata-franks_steinthorsdottir_2021_p1.0.xlsx#leaf gas-exchange_Franks!AH16",
87,"age_min","stomata-franks_steinthorsdottir_2021_p1.0.xlsx#leaf gas-exchange_Franks!AJ16",
87,"age_max","stomata-franks_steinthorsdottir_2021_p1.0.xlsx#leaf gas-exchange_Franks!AI16",
87,"age_notes","stomata-franks_steinthorsdottir_2021_p1.0.xlsx#leaf gas-exchange_Franks!AL16",
87,"family","stomata-franks_steinthorsdottir_2021.xlsx#leaf gas-exchange_Franks!P16",
87,"genus","stomata-franks_steinthorsdottir_2021.xlsx#leaf gas-exchange_Franks!Q16",
87,"Dab","stomata-franks_steinthorsdottir_2021.xlsx#leaf gas-exchange_Franks!AM16",
87,"eDab","stomata-franks_steinthorsdottir_2021.xlsx#leaf gas-exchange_Franks!AN16",
87,"N_eDab","stomata-franks_steinthorsdottir_2021.xlsx#leaf gas-exchange_Franks!AO16",
87,"Dad","stomata-franks_steinthorsdottir_2021.xlsx#leaf gas-exchange_Franks!AP16",
87,"eDad","stomata-franks_steinthorsdottir_2021.xlsx#leaf gas-exchange_Franks!AQ16",
87,"N_eDad","stomata-franks_steinthorsdottir_2021.xlsx#leaf gas-exchange_Franks!AR16",
87,"GCLab","stomata-franks_steinthorsdottir_2021.xlsx#leaf gas-exchange_Franks!AS16",
87,"eGCLab","stomata-franks_steinthorsdottir_2021.xlsx#leaf gas-exchange_Franks!AT16",
87,"N_eGCLab","stomata-franks_steinthorsdottir_2021.xlsx#leaf gas-exchange_Franks!AU16",
87,"GCLad","stomata-franks_steinthorsdottir_2021.xlsx#leaf gas-exchange_Franks!AV16",
87,"eGCLad","stomata-franks_steinthorsdottir_2021.xlsx#leaf gas-exchange_Franks!AW16",
87,"N_eGCLad","stomata-franks_steinthorsdottir_2021.xlsx#leaf gas-exchange_Franks!AX16",
87,"GCWab","stomata-franks_steinthorsdottir_2021.xlsx#leaf gas-exchange_Franks!AY16",
87,"eGCWab","stomata-franks_steinthorsdottir_2021.xlsx#leaf gas-exchange_Franks!AZ16",
87,"N_eGCWab","stomata-franks_steinthorsdottir_2021.xlsx#leaf gas-exchange_Franks!BA16",
87,"GCWad","stomata-franks_steinthorsdottir_2021.xlsx#leaf gas-exchange_Franks!BB16",
87,"eGCWad","stomata-franks_steinthorsdottir_2021.xlsx#leaf gas-exchange_Franks!BC16",
87,"N_eGCWad","stomata-franks_steinthorsdottir_2021.xlsx#leaf gas-exchange_Franks!BD16",
87,"d13Cp","stomata-franks_steinthorsdottir_2021.xlsx#leaf gas-exchange_Franks!BE16",
87,"ed13Cp","stomata-franks_steinthorsdottir_2021.xlsx#leaf gas-exchange_Franks!BF16",
87,"N_ed13Cp","stomata-franks_steinthorsdottir_2021.xlsx#leaf gas-exchange_Franks!BG16",
87,"CO2_0","stomata-franks_steinthorsdottir_2021.xlsx#leaf gas-exchange_Franks!BK16",
87,"dv","stomata-franks_steinthorsdottir_2021.xlsx#leaf gas-exchange_Franks!CL16",
87,"A0","stomata-franks_steinthorsdottir_2021.xlsx#leaf gas-exchange_Franks!BL16",
87,"eA0","stomata-franks_steinthorsdottir_2021.xlsx#leaf gas-exchange_Franks!BM16",
87,"N_eA0","stomata-franks_steinthorsdottir_2021.xlsx#leaf gas-exchange_Franks!BN16",
87,"gb","stomata-franks_steinthorsdottir_2021.xlsx#leaf gas-exchange_Franks!BR16",
87,"egb","stomata-franks_steinthorsdottir_2021.xlsx#leaf gas-exchange_Franks!BS16",
87,"N_egb","stomata-franks_steinthorsdottir_2021.xlsx#leaf gas-exchange_Franks!BT16",
87,"s1","stomata-franks_steinthorsdottir_2021.xlsx#leaf gas-exchange_Franks!BU16",
87,"es1","stomata-franks_steinthorsdottir_2021.xlsx#leaf gas-exchange_Franks!BV16",
87,"N_es1","stomata-franks_steinthorsdottir_2021.xlsx#leaf gas-exchange_Franks!BW16",
87,"s2","stomata-franks_steinthorsdottir_2021.xlsx#leaf gas-exchange_Franks!BX16",
87,"es2","stomata-franks_steinthorsdottir_2021.xlsx#leaf gas-exchange_Franks!BY16",
87,"N_es2","stomata-franks_steinthorsdottir_2021.xlsx#leaf gas-exchange_Franks!BZ16",
87,"s3","stomata-franks_steinthorsdottir_2021.xlsx#leaf gas-exchange_Franks!CA16",
87,"es3","stomata-franks_steinthorsdottir_2021.xlsx#leaf gas-exchange_Franks!CB16",
87,"N_es3","stomata-franks_steinthorsdottir_2021.xlsx#leaf gas-exchange_Franks!CC16",
87,"s4","stomata-franks_steinthorsdottir_2021.xlsx#leaf gas-exchange_Franks!CD16",
87,"es4","stomata-franks_steinthorsdottir_2021.xlsx#leaf gas-exchange_Franks!CE16",
87,"N_es4","stomata-franks_steinthorsdottir_2021.xlsx#leaf gas-exchange_Franks!CF16",
87,"s5","stomata-franks_steinthorsdottir_2021.xlsx#leaf gas-exchange_Franks!CG16",
87,"es5","stomata-franks_steinthorsdottir_2021.xlsx#leaf gas-exchange_Franks!CH16",
87,"N_es5","stomata-franks_steinthorsdottir_2021.xlsx#leaf gas-exchange_Franks!CI16",
88,"sample","stomata-franks_steinthorsdottir_2021.xlsx#leaf gas-exchange_Franks!O17",
88,"doi","stomata-franks_steinthorsdottir_2021.xlsx#leaf gas-exchange_Franks!D17",
88,"lat","stomata-franks_steinthorsdottir_2021.xlsx#leaf gas-exchange_Franks!AA17",
88,"lon","stomata-franks_steinthorsdottir_2021.xlsx#leaf gas-exchange_Franks!AB17",
88,"age_mean","stomata-franks_steinthorsdottir_2021_p1.0.xlsx#leaf gas-exchange_Franks!AH17",
88,"age_min","stomata-franks_steinthorsdottir_2021_p1.0.xlsx#leaf gas-exchange_Franks!AJ17",
88,"age_max","stomata-franks_steinthorsdottir_2021_p1.0.xlsx#leaf gas-exchange_Franks!AI17",
88,"age_notes","stomata-franks_steinthorsdottir_2021_p1.0.xlsx#leaf gas-exchange_Franks!AL17",
88,"family","stomata-franks_steinthorsdottir_2021.xlsx#leaf gas-exchange_Franks!P17",
88,"genus","stomata-franks_steinthorsdottir_2021.xlsx#leaf gas-exchange_Franks!Q17",
88,"Dab","stomata-franks_steinthorsdottir_2021.xlsx#leaf gas-exchange_Franks!AM17",
88,"eDab","stomata-franks_steinthorsdottir_2021.xlsx#leaf gas-exchange_Franks!AN17",
88,"N_eDab","stomata-franks_steinthorsdottir_2021.xlsx#leaf gas-exchange_Franks!AO17",
88,"Dad","stomata-franks_steinthorsdottir_2021.xlsx#leaf gas-exchange_Franks!AP17",
88,"eDad","stomata-franks_steinthorsdottir_2021.xlsx#leaf gas-exchange_Franks!AQ17",
88,"N_eDad","stomata-franks_steinthorsdottir_2021.xlsx#leaf gas-exchange_Franks!AR17",
88,"GCLab","stomata-franks_steinthorsdottir_2021.xlsx#leaf gas-exchange_Franks!AS17",
88,"eGCLab","stomata-franks_steinthorsdottir_2021.xlsx#leaf gas-exchange_Franks!AT17",
88,"N_eGCLab","stomata-franks_steinthorsdottir_2021.xlsx#leaf gas-exchange_Franks!AU17",
88,"GCLad","stomata-franks_steinthorsdottir_2021.xlsx#leaf gas-exchange_Franks!AV17",
88,"eGCLad","stomata-franks_steinthorsdottir_2021.xlsx#leaf gas-exchange_Franks!AW17",
88,"N_eGCLad","stomata-franks_steinthorsdottir_2021.xlsx#leaf gas-exchange_Franks!AX17",
88,"GCWab","stomata-franks_steinthorsdottir_2021.xlsx#leaf gas-exchange_Franks!AY17",
88,"eGCWab","stomata-franks_steinthorsdottir_2021.xlsx#leaf gas-exchange_Franks!AZ17",
88,"N_eGCWab","stomata-franks_steinthorsdottir_2021.xlsx#leaf gas-exchange_Franks!BA17",
88,"GCWad","stomata-franks_steinthorsdottir_2021.xlsx#leaf gas-exchange_Franks!BB17",
88,"eGCWad","stomata-franks_steinthorsdottir_2021.xlsx#leaf gas-exchange_Franks!BC17",
88,"N_eGCWad","stomata-franks_steinthorsdottir_2021.xlsx#leaf gas-exchange_Franks!BD17",
88,"d13Cp","stomata-franks_steinthorsdottir_2021.xlsx#leaf gas-exchange_Franks!BE17",
88,"ed13Cp","stomata-franks_steinthorsdottir_2021.xlsx#leaf gas-exchange_Franks!BF17",
88,"N_ed13Cp","stomata-franks_steinthorsdottir_2021.xlsx#leaf gas-exchange_Franks!BG17",
88,"CO2_0","stomata-franks_steinthorsdottir_2021.xlsx#leaf gas-exchange_Franks!BK17",
88,"dv","stomata-franks_steinthorsdottir_2021.xlsx#leaf gas-exchange_Franks!CL17",
88,"A0","stomata-franks_steinthorsdottir_2021.xlsx#leaf gas-exchange_Franks!BL17",
88,"eA0","stomata-franks_steinthorsdottir_2021.xlsx#leaf gas-exchange_Franks!BM17",
88,"N_eA0","stomata-franks_steinthorsdottir_2021.xlsx#leaf gas-exchange_Franks!BN17",
88,"gb","stomata-franks_steinthorsdottir_2021.xlsx#leaf gas-exchange_Franks!BR17",
88,"egb","stomata-franks_steinthorsdottir_2021.xlsx#leaf gas-exchange_Franks!BS17",
88,"N_egb","stomata-franks_steinthorsdottir_2021.xlsx#leaf gas-exchange_Franks!BT17",
88,"s1","stomata-franks_steinthorsdottir_2021.xlsx#leaf gas-exchange_Franks!BU17",
88,"es1","stomata-franks_steinthorsdottir_2021.xlsx#leaf gas-exchange_Franks!BV17",
88,"N_es1","stomata-franks_steinthorsdottir_2021.xlsx#leaf gas-exchange_Franks!BW17",
88,"s2","stomata-franks_steinthorsdottir_2021.xlsx#leaf gas-exchange_Franks!BX17",
88,"es2","stomata-franks_steinthorsdottir_2021.xlsx#leaf gas-exchange_Franks!BY17",
88,"N_es2","stomata-franks_steinthorsdottir_2021.xlsx#leaf gas-exchange_Franks!BZ17",
88,"s3","stomata-franks_steinthorsdottir_2021.xlsx#leaf gas-exchange_Franks!CA17",
88,"es3","stomata-franks_steinthorsdottir_2021.xlsx#leaf gas-exchange_Franks!CB17",
88,"N_es3","stomata-franks_steinthorsdottir_2021.xlsx#leaf gas-exchange_Franks!CC17",
88,"s4","stomata-franks_steinthorsdottir_2021.xlsx#leaf gas-exchange_Franks!CD17",
88,"es4","stomata-franks_steinthorsdottir_2021.xlsx#leaf gas-exchange_Franks!CE17",
88,"N_es4","stomata-franks_steinthorsdottir_2021.xlsx#leaf gas-exchange_Franks!CF17",
88,"s5","stomata-franks_steinthorsdottir_2021.xlsx#leaf gas-exchange_Franks!CG17",
88,"es5","stomata-franks_steinthorsdottir_2021.xlsx#leaf gas-exchange_Franks!CH17",
88,"N_es5","stomata-franks_steinthorsdottir_2021.xlsx#leaf gas-exchange_Franks!CI17",
89,"sample","stomata-franks_steinthorsdottir_2021.xlsx#leaf gas-exchange_Franks!O18",
89,"doi","stomata-franks_steinthorsdottir_2021.xlsx#leaf gas-exchange_Franks!D18",
89,"lat","stomata-franks_steinthorsdottir_2021.xlsx#leaf gas-exchange_Franks!AA18",
89,"lon","stomata-franks_steinthorsdottir_2021.xlsx#leaf gas-exchange_Franks!AB18",
89,"age_mean","stomata-franks_steinthorsdottir_2021_p1.0.xlsx#leaf gas-exchange_Franks!AH18",
89,"age_min","stomata-franks_steinthorsdottir_2021_p1.0.xlsx#leaf gas-exchange_Franks!AJ18",
89,"age_max","stomata-franks_steinthorsdottir_2021_p1.0.xlsx#leaf gas-exchange_Franks!AI18",
89,"age_notes","stomata-franks_steinthorsdottir_2021_p1.0.xlsx#leaf gas-exchange_Franks!AL18",
89,"family","stomata-franks_steinthorsdottir_2021.xlsx#leaf gas-exchange_Franks!P18",
89,"genus","stomata-franks_steinthorsdottir_2021.xlsx#leaf gas-exchange_Franks!Q18",
89,"Dab","stomata-franks_steinthorsdottir_2021.xlsx#leaf gas-exchange_Franks!AM18",
89,"eDab","stomata-franks_steinthorsdottir_2021.xlsx#leaf gas-exchange_Franks!AN18",
89,"N_eDab","stomata-franks_steinthorsdottir_2021.xlsx#leaf gas-exchange_Franks!AO18",
89,"Dad","stomata-franks_steinthorsdottir_2021.xlsx#leaf gas-exchange_Franks!AP18",
89,"eDad","stomata-franks_steinthorsdottir_2021.xlsx#leaf gas-exchange_Franks!AQ18",
89,"N_eDad","stomata-franks_steinthorsdottir_2021.xlsx#leaf gas-exchange_Franks!AR18",
89,"GCLab","stomata-franks_steinthorsdottir_2021.xlsx#leaf gas-exchange_Franks!AS18",
89,"eGCLab","stomata-franks_steinthorsdottir_2021.xlsx#leaf gas-exchange_Franks!AT18",
89,"N_eGCLab","stomata-franks_steinthorsdottir_2021.xlsx#leaf gas-exchange_Franks!AU18",
89,"GCLad","stomata-franks_steinthorsdottir_2021.xlsx#leaf gas-exchange_Franks!AV18",
89,"eGCLad","stomata-franks_steinthorsdottir_2021.xlsx#leaf gas-exchange_Franks!AW18",
89,"N_eGCLad","stomata-franks_steinthorsdottir_2021.xlsx#leaf gas-exchange_Franks!AX18",
89,"GCWab","stomata-franks_steinthorsdottir_2021.xlsx#leaf gas-exchange_Franks!AY18",
89,"eGCWab","stomata-franks_steinthorsdottir_2021.xlsx#leaf gas-exchange_Franks!AZ18",
89,"N_eGCWab","stomata-franks_steinthorsdottir_2021.xlsx#leaf gas-exchange_Franks!BA18",
89,"GCWad","stomata-franks_steinthorsdottir_2021.xlsx#leaf gas-exchange_Franks!BB18",
89,"eGCWad","stomata-franks_steinthorsdottir_2021.xlsx#leaf gas-exchange_Franks!BC18",
89,"N_eGCWad","stomata-franks_steinthorsdottir_2021.xlsx#leaf gas-exchange_Franks!BD18",
89,"d13Cp","stomata-franks_steinthorsdottir_2021.xlsx#leaf gas-exchange_Franks!BE18",
89,"ed13Cp","stomata-franks_steinthorsdottir_2021.xlsx#leaf gas-exchange_Franks!BF18",
89,"N_ed13Cp","stomata-franks_steinthorsdottir_2021.xlsx#leaf gas-exchange_Franks!BG18",
89,"CO2_0","stomata-franks_steinthorsdottir_2021.xlsx#leaf gas-exchange_Franks!BK18",
89,"dv","stomata-franks_steinthorsdottir_2021.xlsx#leaf gas-exchange_Franks!CL18",
89,"A0","stomata-franks_steinthorsdottir_2021.xlsx#leaf gas-exchange_Franks!BL18",
89,"eA0","stomata-franks_steinthorsdottir_2021.xlsx#leaf gas-exchange_Franks!BM18",
89,"N_eA0","stomata-franks_steinthorsdottir_2021.xlsx#leaf gas-exchange_Franks!BN18",
89,"gb","stomata-franks_steinthorsdottir_2021.xlsx#leaf gas-exchange_Franks!BR18",
89,"egb","stomata-franks_steinthorsdottir_2021.xlsx#leaf gas-exchange_Franks!BS18",
89,"N_egb","stomata-franks_steinthorsdottir_2021.xlsx#leaf gas-exchange_Franks!BT18",
89,"s1","stomata-franks_steinthorsdottir_2021.xlsx#leaf gas-exchange_Franks!BU18",
89,"es1","stomata-franks_steinthorsdottir_2021.xlsx#leaf gas-exchange_Franks!BV18",
89,"N_es1","stomata-franks_steinthorsdottir_2021.xlsx#leaf gas-exchange_Franks!BW18",
89,"s2","stomata-franks_steinthorsdottir_2021.xlsx#leaf gas-exchange_Franks!BX18",
89,"es2","stomata-franks_steinthorsdottir_2021.xlsx#leaf gas-exchange_Franks!BY18",
89,"N_es2","stomata-franks_steinthorsdottir_2021.xlsx#leaf gas-exchange_Franks!BZ18",
89,"s3","stomata-franks_steinthorsdottir_2021.xlsx#leaf gas-exchange_Franks!CA18",
89,"es3","stomata-franks_steinthorsdottir_2021.xlsx#leaf gas-exchange_Franks!CB18",
89,"N_es3","stomata-franks_steinthorsdottir_2021.xlsx#leaf gas-exchange_Franks!CC18",
89,"s4","stomata-franks_steinthorsdottir_2021.xlsx#leaf gas-exchange_Franks!CD18",
89,"es4","stomata-franks_steinthorsdottir_2021.xlsx#leaf gas-exchange_Franks!CE18",
89,"N_es4","stomata-franks_steinthorsdottir_2021.xlsx#leaf gas-exchange_Franks!CF18",
89,"s5","stomata-franks_steinthorsdottir_2021.xlsx#leaf gas-exchange_Franks!CG18",
89,"es5","stomata-franks_steinthorsdottir_2021.xlsx#leaf gas-exchange_Franks!CH18",
89,"N_es5","stomata-franks_steinthorsdottir_2021.xlsx#leaf gas-exchange_Franks!CI18",
90,"sample","stomata-franks_steinthorsdottir_2021.xlsx#leaf gas-exchange_Franks!O19",
90,"doi","stomata-franks_steinthorsdottir_2021.xlsx#leaf gas-exchange_Franks!D19",
90,"lat","stomata-franks_steinthorsdottir_2021.xlsx#leaf gas-exchange_Franks!AA19",
90,"lon","stomata-franks_steinthorsdottir_2021.xlsx#leaf gas-exchange_Franks!AB19",
90,"age_mean","stomata-franks_steinthorsdottir_2021_p1.0.xlsx#leaf gas-exchange_Franks!AH19",
90,"age_min","stomata-franks_steinthorsdottir_2021_p1.0.xlsx#leaf gas-exchange_Franks!AJ19",
90,"age_max","stomata-franks_steinthorsdottir_2021_p1.0.xlsx#leaf gas-exchange_Franks!AI19",
90,"age_notes","stomata-franks_steinthorsdottir_2021_p1.0.xlsx#leaf gas-exchange_Franks!AL19",
90,"family","stomata-franks_steinthorsdottir_2021.xlsx#leaf gas-exchange_Franks!P19",
90,"genus","stomata-franks_steinthorsdottir_2021.xlsx#leaf gas-exchange_Franks!Q19",
90,"Dab","stomata-franks_steinthorsdottir_2021.xlsx#leaf gas-exchange_Franks!AM19",
90,"eDab","stomata-franks_steinthorsdottir_2021.xlsx#leaf gas-exchange_Franks!AN19",
90,"N_eDab","stomata-franks_steinthorsdottir_2021.xlsx#leaf gas-exchange_Franks!AO19",
90,"Dad","stomata-franks_steinthorsdottir_2021.xlsx#leaf gas-exchange_Franks!AP19",
90,"eDad","stomata-franks_steinthorsdottir_2021.xlsx#leaf gas-exchange_Franks!AQ19",
90,"N_eDad","stomata-franks_steinthorsdottir_2021.xlsx#leaf gas-exchange_Franks!AR19",
90,"GCLab","stomata-franks_steinthorsdottir_2021.xlsx#leaf gas-exchange_Franks!AS19",
90,"eGCLab","stomata-franks_steinthorsdottir_2021.xlsx#leaf gas-exchange_Franks!AT19",
90,"N_eGCLab","stomata-franks_steinthorsdottir_2021.xlsx#leaf gas-exchange_Franks!AU19",
90,"GCLad","stomata-franks_steinthorsdottir_2021.xlsx#leaf gas-exchange_Franks!AV19",
90,"eGCLad","stomata-franks_steinthorsdottir_2021.xlsx#leaf gas-exchange_Franks!AW19",
90,"N_eGCLad","stomata-franks_steinthorsdottir_2021.xlsx#leaf gas-exchange_Franks!AX19",
90,"GCWab","stomata-franks_steinthorsdottir_2021.xlsx#leaf gas-exchange_Franks!AY19",
90,"eGCWab","stomata-franks_steinthorsdottir_2021.xlsx#leaf gas-exchange_Franks!AZ19",
90,"N_eGCWab","stomata-franks_steinthorsdottir_2021.xlsx#leaf gas-exchange_Franks!BA19",
90,"GCWad","stomata-franks_steinthorsdottir_2021.xlsx#leaf gas-exchange_Franks!BB19",
90,"eGCWad","stomata-franks_steinthorsdottir_2021.xlsx#leaf gas-exchange_Franks!BC19",
90,"N_eGCWad","stomata-franks_steinthorsdottir_2021.xlsx#leaf gas-exchange_Franks!BD19",
90,"d13Cp","stomata-franks_steinthorsdottir_2021.xlsx#leaf gas-exchange_Franks!BE19",
90,"ed13Cp","stomata-franks_steinthorsdottir_2021.xlsx#leaf gas-exchange_Franks!BF19",
90,"N_ed13Cp","stomata-franks_steinthorsdottir_2021.xlsx#leaf gas-exchange_Franks!BG19",
90,"CO2_0","stomata-franks_steinthorsdottir_2021.xlsx#leaf gas-exchange_Franks!BK19",
90,"dv","stomata-franks_steinthorsdottir_2021.xlsx#leaf gas-exchange_Franks!CL19",
90,"A0","stomata-franks_steinthorsdottir_2021.xlsx#leaf gas-exchange_Franks!BL19",
90,"eA0","stomata-franks_steinthorsdottir_2021.xlsx#leaf gas-exchange_Franks!BM19",
90,"N_eA0","stomata-franks_steinthorsdottir_2021.xlsx#leaf gas-exchange_Franks!BN19",
90,"gb","stomata-franks_steinthorsdottir_2021.xlsx#leaf gas-exchange_Franks!BR19",
90,"egb","stomata-franks_steinthorsdottir_2021.xlsx#leaf gas-exchange_Franks!BS19",
90,"N_egb","stomata-franks_steinthorsdottir_2021.xlsx#leaf gas-exchange_Franks!BT19",
90,"s1","stomata-franks_steinthorsdottir_2021.xlsx#leaf gas-exchange_Franks!BU19",
90,"es1","stomata-franks_steinthorsdottir_2021.xlsx#leaf gas-exchange_Franks!BV19",
90,"N_es1","stomata-franks_steinthorsdottir_2021.xlsx#leaf gas-exchange_Franks!BW19",
90,"s2","stomata-franks_steinthorsdottir_2021.xlsx#leaf gas-exchange_Franks!BX19",
90,"es2","stomata-franks_steinthorsdottir_2021.xlsx#leaf gas-exchange_Franks!BY19",
90,"N_es2","stomata-franks_steinthorsdottir_2021.xlsx#leaf gas-exchange_Franks!BZ19",
90,"s3","stomata-franks_steinthorsdottir_2021.xlsx#leaf gas-exchange_Franks!CA19",
90,"es3","stomata-franks_steinthorsdottir_2021.xlsx#leaf gas-exchange_Franks!CB19",
90,"N_es3","stomata-franks_steinthorsdottir_2021.xlsx#leaf gas-exchange_Franks!CC19",
90,"s4","stomata-franks_steinthorsdottir_2021.xlsx#leaf gas-exchange_Franks!CD19",
90,"es4","stomata-franks_steinthorsdottir_2021.xlsx#leaf gas-exchange_Franks!CE19",
90,"N_es4","stomata-franks_steinthorsdottir_2021.xlsx#leaf gas-exchange_Franks!CF19",
90,"s5","stomata-franks_steinthorsdottir_2021.xlsx#leaf gas-exchange_Franks!CG19",
90,"es5","stomata-franks_steinthorsdottir_2021.xlsx#leaf gas-exchange_Franks!CH19",
90,"N_es5","stomata-franks_steinthorsdottir_2021.xlsx#leaf gas-exchange_Franks!CI19",
91,"sample","stomata-franks_steinthorsdottir_2021.xlsx#leaf gas-exchange_Franks!O20",
91,"doi","stomata-franks_steinthorsdottir_2021.xlsx#leaf gas-exchange_Franks!D20",
91,"lat","stomata-franks_steinthorsdottir_2021.xlsx#leaf gas-exchange_Franks!AA20",
91,"lon","stomata-franks_steinthorsdottir_2021.xlsx#leaf gas-exchange_Franks!AB20",
91,"age_mean","stomata-franks_steinthorsdottir_2021_p1.0.xlsx#leaf gas-exchange_Franks!AH20",
91,"age_min","stomata-franks_steinthorsdottir_2021_p1.0.xlsx#leaf gas-exchange_Franks!AJ20",
91,"age_max","stomata-franks_steinthorsdottir_2021_p1.0.xlsx#leaf gas-exchange_Franks!AI20",
91,"age_notes","stomata-franks_steinthorsdottir_2021_p1.0.xlsx#leaf gas-exchange_Franks!AL20",
91,"family","stomata-franks_steinthorsdottir_2021.xlsx#leaf gas-exchange_Franks!P20",
91,"genus","stomata-franks_steinthorsdottir_2021.xlsx#leaf gas-exchange_Franks!Q20",
91,"Dab","stomata-franks_steinthorsdottir_2021.xlsx#leaf gas-exchange_Franks!AM20",
91,"eDab","stomata-franks_steinthorsdottir_2021.xlsx#leaf gas-exchange_Franks!AN20",
91,"N_eDab","stomata-franks_steinthorsdottir_2021.xlsx#leaf gas-exchange_Franks!AO20",
91,"Dad","stomata-franks_steinthorsdottir_2021.xlsx#leaf gas-exchange_Franks!AP20",
91,"eDad","stomata-franks_steinthorsdottir_2021.xlsx#leaf gas-exchange_Franks!AQ20",
91,"N_eDad","stomata-franks_steinthorsdottir_2021.xlsx#leaf gas-exchange_Franks!AR20",
91,"GCLab","stomata-franks_steinthorsdottir_2021.xlsx#leaf gas-exchange_Franks!AS20",
91,"eGCLab","stomata-franks_steinthorsdottir_2021.xlsx#leaf gas-exchange_Franks!AT20",
91,"N_eGCLab","stomata-franks_steinthorsdottir_2021.xlsx#leaf gas-exchange_Franks!AU20",
91,"GCLad","stomata-franks_steinthorsdottir_2021.xlsx#leaf gas-exchange_Franks!AV20",
91,"eGCLad","stomata-franks_steinthorsdottir_2021.xlsx#leaf gas-exchange_Franks!AW20",
91,"N_eGCLad","stomata-franks_steinthorsdottir_2021.xlsx#leaf gas-exchange_Franks!AX20",
91,"GCWab","stomata-franks_steinthorsdottir_2021.xlsx#leaf gas-exchange_Franks!AY20",
91,"eGCWab","stomata-franks_steinthorsdottir_2021.xlsx#leaf gas-exchange_Franks!AZ20",
91,"N_eGCWab","stomata-franks_steinthorsdottir_2021.xlsx#leaf gas-exchange_Franks!BA20",
91,"GCWad","stomata-franks_steinthorsdottir_2021.xlsx#leaf gas-exchange_Franks!BB20",
91,"eGCWad","stomata-franks_steinthorsdottir_2021.xlsx#leaf gas-exchange_Franks!BC20",
91,"N_eGCWad","stomata-franks_steinthorsdottir_2021.xlsx#leaf gas-exchange_Franks!BD20",
91,"d13Cp","stomata-franks_steinthorsdottir_2021.xlsx#leaf gas-exchange_Franks!BE20",
91,"ed13Cp","stomata-franks_steinthorsdottir_2021.xlsx#leaf gas-exchange_Franks!BF20",
91,"N_ed13Cp","stomata-franks_steinthorsdottir_2021.xlsx#leaf gas-exchange_Franks!BG20",
91,"CO2_0","stomata-franks_steinthorsdottir_2021.xlsx#leaf gas-exchange_Franks!BK20",
91,"dv","stomata-franks_steinthorsdottir_2021.xlsx#leaf gas-exchange_Franks!CL20",
91,"A0","stomata-franks_steinthorsdottir_2021.xlsx#leaf gas-exchange_Franks!BL20",
91,"eA0","stomata-franks_steinthorsdottir_2021.xlsx#leaf gas-exchange_Franks!BM20",
91,"N_eA0","stomata-franks_steinthorsdottir_2021.xlsx#leaf gas-exchange_Franks!BN20",
91,"gb","stomata-franks_steinthorsdottir_2021.xlsx#leaf gas-exchange_Franks!BR20",
91,"egb","stomata-franks_steinthorsdottir_2021.xlsx#leaf gas-exchange_Franks!BS20",
91,"N_egb","stomata-franks_steinthorsdottir_2021.xlsx#leaf gas-exchange_Franks!BT20",
91,"s1","stomata-franks_steinthorsdottir_2021.xlsx#leaf gas-exchange_Franks!BU20",
91,"es1","stomata-franks_steinthorsdottir_2021.xlsx#leaf gas-exchange_Franks!BV20",
91,"N_es1","stomata-franks_steinthorsdottir_2021.xlsx#leaf gas-exchange_Franks!BW20",
91,"s2","stomata-franks_steinthorsdottir_2021.xlsx#leaf gas-exchange_Franks!BX20",
91,"es2","stomata-franks_steinthorsdottir_2021.xlsx#leaf gas-exchange_Franks!BY20",
91,"N_es2","stomata-franks_steinthorsdottir_2021.xlsx#leaf gas-exchange_Franks!BZ20",
91,"s3","stomata-franks_steinthorsdottir_2021.xlsx#leaf gas-exchange_Franks!CA20",
91,"es3","stomata-franks_steinthorsdottir_2021.xlsx#leaf gas-exchange_Franks!CB20",
91,"N_es3","stomata-franks_steinthorsdottir_2021.xlsx#leaf gas-exchange_Franks!CC20",
91,"s4","stomata-franks_steinthorsdottir_2021.xlsx#leaf gas-exchange_Franks!CD20",
91,"es4","stomata-franks_steinthorsdottir_2021.xlsx#leaf gas-exchange_Franks!CE20",
91,"N_es4","stomata-franks_steinthorsdottir_2021.xlsx#leaf gas-exchange_Franks!CF20",
91,"s5","stomata-franks_steinthorsdottir_2021.xlsx#leaf gas-exchange_Franks!CG20",
91,"es5","stomata-franks_steinthorsdottir_2021.xlsx#leaf gas-exchange_Franks!CH20",
91,"N_es5","stomata-franks_steinthorsdottir_2021.xlsx#leaf gas-exchange_Franks!CI20",
92,"sample","stomata-franks_steinthorsdottir_2021.xlsx#leaf gas-exchange_Franks!O21",
92,"doi","stomata-franks_steinthorsdottir_2021.xlsx#leaf gas-exchange_Franks!D21",
92,"lat","stomata-franks_steinthorsdottir_2021.xlsx#leaf gas-exchange_Franks!AA21",
92,"lon","stomata-franks_steinthorsdottir_2021.xlsx#leaf gas-exchange_Franks!AB21",
92,"age_mean","stomata-franks_steinthorsdottir_2021_p1.0.xlsx#leaf gas-exchange_Franks!AH21",
92,"age_min","stomata-franks_steinthorsdottir_2021_p1.0.xlsx#leaf gas-exchange_Franks!AJ21",
92,"age_max","stomata-franks_steinthorsdottir_2021_p1.0.xlsx#leaf gas-exchange_Franks!AI21",
92,"age_notes","stomata-franks_steinthorsdottir_2021_p1.0.xlsx#leaf gas-exchange_Franks!AL21",
92,"family","stomata-franks_steinthorsdottir_2021.xlsx#leaf gas-exchange_Franks!P21",
92,"genus","stomata-franks_steinthorsdottir_2021.xlsx#leaf gas-exchange_Franks!Q21",
92,"Dab","stomata-franks_steinthorsdottir_2021.xlsx#leaf gas-exchange_Franks!AM21",
92,"eDab","stomata-franks_steinthorsdottir_2021.xlsx#leaf gas-exchange_Franks!AN21",
92,"N_eDab","stomata-franks_steinthorsdottir_2021.xlsx#leaf gas-exchange_Franks!AO21",
92,"Dad","stomata-franks_steinthorsdottir_2021.xlsx#leaf gas-exchange_Franks!AP21",
92,"eDad","stomata-franks_steinthorsdottir_2021.xlsx#leaf gas-exchange_Franks!AQ21",
92,"N_eDad","stomata-franks_steinthorsdottir_2021.xlsx#leaf gas-exchange_Franks!AR21",
92,"GCLab","stomata-franks_steinthorsdottir_2021.xlsx#leaf gas-exchange_Franks!AS21",
92,"eGCLab","stomata-franks_steinthorsdottir_2021.xlsx#leaf gas-exchange_Franks!AT21",
92,"N_eGCLab","stomata-franks_steinthorsdottir_2021.xlsx#leaf gas-exchange_Franks!AU21",
92,"GCLad","stomata-franks_steinthorsdottir_2021.xlsx#leaf gas-exchange_Franks!AV21",
92,"eGCLad","stomata-franks_steinthorsdottir_2021.xlsx#leaf gas-exchange_Franks!AW21",
92,"N_eGCLad","stomata-franks_steinthorsdottir_2021.xlsx#leaf gas-exchange_Franks!AX21",
92,"GCWab","stomata-franks_steinthorsdottir_2021.xlsx#leaf gas-exchange_Franks!AY21",
92,"eGCWab","stomata-franks_steinthorsdottir_2021.xlsx#leaf gas-exchange_Franks!AZ21",
92,"N_eGCWab","stomata-franks_steinthorsdottir_2021.xlsx#leaf gas-exchange_Franks!BA21",
92,"GCWad","stomata-franks_steinthorsdottir_2021.xlsx#leaf gas-exchange_Franks!BB21",
92,"eGCWad","stomata-franks_steinthorsdottir_2021.xlsx#leaf gas-exchange_Franks!BC21",
92,"N_eGCWad","stomata-franks_steinthorsdottir_2021.xlsx#leaf gas-exchange_Franks!BD21",
92,"d13Cp","stomata-franks_steinthorsdottir_2021.xlsx#leaf gas-exchange_Franks!BE21",
92,"ed13Cp","stomata-franks_steinthorsdottir_2021.xlsx#leaf gas-exchange_Franks!BF21",
92,"N_ed13Cp","stomata-franks_steinthorsdottir_2021.xlsx#leaf gas-exchange_Franks!BG21",
92,"CO2_0","stomata-franks_steinthorsdottir_2021.xlsx#leaf gas-exchange_Franks!BK21",
92,"dv","stomata-franks_steinthorsdottir_2021.xlsx#leaf gas-exchange_Franks!CL21",
92,"A0","stomata-franks_steinthorsdottir_2021.xlsx#leaf gas-exchange_Franks!BL21",
92,"eA0","stomata-franks_steinthorsdottir_2021.xlsx#leaf gas-exchange_Franks!BM21",
92,"N_eA0","stomata-franks_steinthorsdottir_2021.xlsx#leaf gas-exchange_Franks!BN21",
92,"gb","stomata-franks_steinthorsdottir_2021.xlsx#leaf gas-exchange_Franks!BR21",
92,"egb","stomata-franks_steinthorsdottir_2021.xlsx#leaf gas-exchange_Franks!BS21",
92,"N_egb","stomata-franks_steinthorsdottir_2021.xlsx#leaf gas-exchange_Franks!BT21",
92,"s1","stomata-franks_steinthorsdottir_2021.xlsx#leaf gas-exchange_Franks!BU21",
92,"es1","stomata-franks_steinthorsdottir_2021.xlsx#leaf gas-exchange_Franks!BV21",
92,"N_es1","stomata-franks_steinthorsdottir_2021.xlsx#leaf gas-exchange_Franks!BW21",
92,"s2","stomata-franks_steinthorsdottir_2021.xlsx#leaf gas-exchange_Franks!BX21",
92,"es2","stomata-franks_steinthorsdottir_2021.xlsx#leaf gas-exchange_Franks!BY21",
92,"N_es2","stomata-franks_steinthorsdottir_2021.xlsx#leaf gas-exchange_Franks!BZ21",
92,"s3","stomata-franks_steinthorsdottir_2021.xlsx#leaf gas-exchange_Franks!CA21",
92,"es3","stomata-franks_steinthorsdottir_2021.xlsx#leaf gas-exchange_Franks!CB21",
92,"N_es3","stomata-franks_steinthorsdottir_2021.xlsx#leaf gas-exchange_Franks!CC21",
92,"s4","stomata-franks_steinthorsdottir_2021.xlsx#leaf gas-exchange_Franks!CD21",
92,"es4","stomata-franks_steinthorsdottir_2021.xlsx#leaf gas-exchange_Franks!CE21",
92,"N_es4","stomata-franks_steinthorsdottir_2021.xlsx#leaf gas-exchange_Franks!CF21",
92,"s5","stomata-franks_steinthorsdottir_2021.xlsx#leaf gas-exchange_Franks!CG21",
92,"es5","stomata-franks_steinthorsdottir_2021.xlsx#leaf gas-exchange_Franks!CH21",
92,"N_es5","stomata-franks_steinthorsdottir_2021.xlsx#leaf gas-exchange_Franks!CI21",
93,"sample","stomata-franks_steinthorsdottir_2021.xlsx#leaf gas-exchange_Franks!O22",
93,"doi","stomata-franks_steinthorsdottir_2021.xlsx#leaf gas-exchange_Franks!D22",
93,"lat","stomata-franks_steinthorsdottir_2021.xlsx#leaf gas-exchange_Franks!AA22",
93,"lon","stomata-franks_steinthorsdottir_2021.xlsx#leaf gas-exchange_Franks!AB22",
93,"age_mean","stomata-franks_steinthorsdottir_2021_p1.0.xlsx#leaf gas-exchange_Franks!AH22",
93,"age_min","stomata-franks_steinthorsdottir_2021_p1.0.xlsx#leaf gas-exchange_Franks!AJ22",
93,"age_max","stomata-franks_steinthorsdottir_2021_p1.0.xlsx#leaf gas-exchange_Franks!AI22",
93,"age_notes","stomata-franks_steinthorsdottir_2021_p1.0.xlsx#leaf gas-exchange_Franks!AL22",
93,"family","stomata-franks_steinthorsdottir_2021.xlsx#leaf gas-exchange_Franks!P22",
93,"genus","stomata-franks_steinthorsdottir_2021.xlsx#leaf gas-exchange_Franks!Q22",
93,"Dab","stomata-franks_steinthorsdottir_2021.xlsx#leaf gas-exchange_Franks!AM22",
93,"eDab","stomata-franks_steinthorsdottir_2021.xlsx#leaf gas-exchange_Franks!AN22",
93,"N_eDab","stomata-franks_steinthorsdottir_2021.xlsx#leaf gas-exchange_Franks!AO22",
93,"Dad","stomata-franks_steinthorsdottir_2021.xlsx#leaf gas-exchange_Franks!AP22",
93,"eDad","stomata-franks_steinthorsdottir_2021.xlsx#leaf gas-exchange_Franks!AQ22",
93,"N_eDad","stomata-franks_steinthorsdottir_2021.xlsx#leaf gas-exchange_Franks!AR22",
93,"GCLab","stomata-franks_steinthorsdottir_2021.xlsx#leaf gas-exchange_Franks!AS22",
93,"eGCLab","stomata-franks_steinthorsdottir_2021.xlsx#leaf gas-exchange_Franks!AT22",
93,"N_eGCLab","stomata-franks_steinthorsdottir_2021.xlsx#leaf gas-exchange_Franks!AU22",
93,"GCLad","stomata-franks_steinthorsdottir_2021.xlsx#leaf gas-exchange_Franks!AV22",
93,"eGCLad","stomata-franks_steinthorsdottir_2021.xlsx#leaf gas-exchange_Franks!AW22",
93,"N_eGCLad","stomata-franks_steinthorsdottir_2021.xlsx#leaf gas-exchange_Franks!AX22",
93,"GCWab","stomata-franks_steinthorsdottir_2021.xlsx#leaf gas-exchange_Franks!AY22",
93,"eGCWab","stomata-franks_steinthorsdottir_2021.xlsx#leaf gas-exchange_Franks!AZ22",
93,"N_eGCWab","stomata-franks_steinthorsdottir_2021.xlsx#leaf gas-exchange_Franks!BA22",
93,"GCWad","stomata-franks_steinthorsdottir_2021.xlsx#leaf gas-exchange_Franks!BB22",
93,"eGCWad","stomata-franks_steinthorsdottir_2021.xlsx#leaf gas-exchange_Franks!BC22",
93,"N_eGCWad","stomata-franks_steinthorsdottir_2021.xlsx#leaf gas-exchange_Franks!BD22",
93,"d13Cp","stomata-franks_steinthorsdottir_2021.xlsx#leaf gas-exchange_Franks!BE22",
93,"ed13Cp","stomata-franks_steinthorsdottir_2021.xlsx#leaf gas-exchange_Franks!BF22",
93,"N_ed13Cp","stomata-franks_steinthorsdottir_2021.xlsx#leaf gas-exchange_Franks!BG22",
93,"CO2_0","stomata-franks_steinthorsdottir_2021.xlsx#leaf gas-exchange_Franks!BK22",
93,"dv","stomata-franks_steinthorsdottir_2021.xlsx#leaf gas-exchange_Franks!CL22",
93,"A0","stomata-franks_steinthorsdottir_2021.xlsx#leaf gas-exchange_Franks!BL22",
93,"eA0","stomata-franks_steinthorsdottir_2021.xlsx#leaf gas-exchange_Franks!BM22",
93,"N_eA0","stomata-franks_steinthorsdottir_2021.xlsx#leaf gas-exchange_Franks!BN22",
93,"gb","stomata-franks_steinthorsdottir_2021.xlsx#leaf gas-exchange_Franks!BR22",
93,"egb","stomata-franks_steinthorsdottir_2021.xlsx#leaf gas-exchange_Franks!BS22",
93,"N_egb","stomata-franks_steinthorsdottir_2021.xlsx#leaf gas-exchange_Franks!BT22",
93,"s1","stomata-franks_steinthorsdottir_2021.xlsx#leaf gas-exchange_Franks!BU22",
93,"es1","stomata-franks_steinthorsdottir_2021.xlsx#leaf gas-exchange_Franks!BV22",
93,"N_es1","stomata-franks_steinthorsdottir_2021.xlsx#leaf gas-exchange_Franks!BW22",
93,"s2","stomata-franks_steinthorsdottir_2021.xlsx#leaf gas-exchange_Franks!BX22",
93,"es2","stomata-franks_steinthorsdottir_2021.xlsx#leaf gas-exchange_Franks!BY22",
93,"N_es2","stomata-franks_steinthorsdottir_2021.xlsx#leaf gas-exchange_Franks!BZ22",
93,"s3","stomata-franks_steinthorsdottir_2021.xlsx#leaf gas-exchange_Franks!CA22",
93,"es3","stomata-franks_steinthorsdottir_2021.xlsx#leaf gas-exchange_Franks!CB22",
93,"N_es3","stomata-franks_steinthorsdottir_2021.xlsx#leaf gas-exchange_Franks!CC22",
93,"s4","stomata-franks_steinthorsdottir_2021.xlsx#leaf gas-exchange_Franks!CD22",
93,"es4","stomata-franks_steinthorsdottir_2021.xlsx#leaf gas-exchange_Franks!CE22",
93,"N_es4","stomata-franks_steinthorsdottir_2021.xlsx#leaf gas-exchange_Franks!CF22",
93,"s5","stomata-franks_steinthorsdottir_2021.xlsx#leaf gas-exchange_Franks!CG22",
93,"es5","stomata-franks_steinthorsdottir_2021.xlsx#leaf gas-exchange_Franks!CH22",
93,"N_es5","stomata-franks_steinthorsdottir_2021.xlsx#leaf gas-exchange_Franks!CI22",
94,"sample","stomata-franks_steinthorsdottir_2021.xlsx#leaf gas-exchange_Franks!O23",
94,"doi","stomata-franks_steinthorsdottir_2021.xlsx#leaf gas-exchange_Franks!D23",
94,"lat","stomata-franks_steinthorsdottir_2021.xlsx#leaf gas-exchange_Franks!AA23",
94,"lon","stomata-franks_steinthorsdottir_2021.xlsx#leaf gas-exchange_Franks!AB23",
94,"age_mean","stomata-franks_steinthorsdottir_2021_p1.0.xlsx#leaf gas-exchange_Franks!AH23",
94,"age_min","stomata-franks_steinthorsdottir_2021_p1.0.xlsx#leaf gas-exchange_Franks!AJ23",
94,"age_max","stomata-franks_steinthorsdottir_2021_p1.0.xlsx#leaf gas-exchange_Franks!AI23",
94,"age_notes","stomata-franks_steinthorsdottir_2021_p1.0.xlsx#leaf gas-exchange_Franks!AL23",
94,"family","stomata-franks_steinthorsdottir_2021.xlsx#leaf gas-exchange_Franks!P23",
94,"genus","stomata-franks_steinthorsdottir_2021.xlsx#leaf gas-exchange_Franks!Q23",
94,"Dab","stomata-franks_steinthorsdottir_2021.xlsx#leaf gas-exchange_Franks!AM23",
94,"eDab","stomata-franks_steinthorsdottir_2021.xlsx#leaf gas-exchange_Franks!AN23",
94,"N_eDab","stomata-franks_steinthorsdottir_2021.xlsx#leaf gas-exchange_Franks!AO23",
94,"Dad","stomata-franks_steinthorsdottir_2021.xlsx#leaf gas-exchange_Franks!AP23",
94,"eDad","stomata-franks_steinthorsdottir_2021.xlsx#leaf gas-exchange_Franks!AQ23",
94,"N_eDad","stomata-franks_steinthorsdottir_2021.xlsx#leaf gas-exchange_Franks!AR23",
94,"GCLab","stomata-franks_steinthorsdottir_2021.xlsx#leaf gas-exchange_Franks!AS23",
94,"eGCLab","stomata-franks_steinthorsdottir_2021.xlsx#leaf gas-exchange_Franks!AT23",
94,"N_eGCLab","stomata-franks_steinthorsdottir_2021.xlsx#leaf gas-exchange_Franks!AU23",
94,"GCLad","stomata-franks_steinthorsdottir_2021.xlsx#leaf gas-exchange_Franks!AV23",
94,"eGCLad","stomata-franks_steinthorsdottir_2021.xlsx#leaf gas-exchange_Franks!AW23",
94,"N_eGCLad","stomata-franks_steinthorsdottir_2021.xlsx#leaf gas-exchange_Franks!AX23",
94,"GCWab","stomata-franks_steinthorsdottir_2021.xlsx#leaf gas-exchange_Franks!AY23",
94,"eGCWab","stomata-franks_steinthorsdottir_2021.xlsx#leaf gas-exchange_Franks!AZ23",
94,"N_eGCWab","stomata-franks_steinthorsdottir_2021.xlsx#leaf gas-exchange_Franks!BA23",
94,"GCWad","stomata-franks_steinthorsdottir_2021.xlsx#leaf gas-exchange_Franks!BB23",
94,"eGCWad","stomata-franks_steinthorsdottir_2021.xlsx#leaf gas-exchange_Franks!BC23",
94,"N_eGCWad","stomata-franks_steinthorsdottir_2021.xlsx#leaf gas-exchange_Franks!BD23",
94,"d13Cp","stomata-franks_steinthorsdottir_2021.xlsx#leaf gas-exchange_Franks!BE23",
94,"ed13Cp","stomata-franks_steinthorsdottir_2021.xlsx#leaf gas-exchange_Franks!BF23",
94,"N_ed13Cp","stomata-franks_steinthorsdottir_2021.xlsx#leaf gas-exchange_Franks!BG23",
94,"CO2_0","stomata-franks_steinthorsdottir_2021.xlsx#leaf gas-exchange_Franks!BK23",
94,"dv","stomata-franks_steinthorsdottir_2021.xlsx#leaf gas-exchange_Franks!CL23",
94,"A0","stomata-franks_steinthorsdottir_2021.xlsx#leaf gas-exchange_Franks!BL23",
94,"eA0","stomata-franks_steinthorsdottir_2021.xlsx#leaf gas-exchange_Franks!BM23",
94,"N_eA0","stomata-franks_steinthorsdottir_2021.xlsx#leaf gas-exchange_Franks!BN23",
94,"gb","stomata-franks_steinthorsdottir_2021.xlsx#leaf gas-exchange_Franks!BR23",
94,"egb","stomata-franks_steinthorsdottir_2021.xlsx#leaf gas-exchange_Franks!BS23",
94,"N_egb","stomata-franks_steinthorsdottir_2021.xlsx#leaf gas-exchange_Franks!BT23",
94,"s1","stomata-franks_steinthorsdottir_2021.xlsx#leaf gas-exchange_Franks!BU23",
94,"es1","stomata-franks_steinthorsdottir_2021.xlsx#leaf gas-exchange_Franks!BV23",
94,"N_es1","stomata-franks_steinthorsdottir_2021.xlsx#leaf gas-exchange_Franks!BW23",
94,"s2","stomata-franks_steinthorsdottir_2021.xlsx#leaf gas-exchange_Franks!BX23",
94,"es2","stomata-franks_steinthorsdottir_2021.xlsx#leaf gas-exchange_Franks!BY23",
94,"N_es2","stomata-franks_steinthorsdottir_2021.xlsx#leaf gas-exchange_Franks!BZ23",
94,"s3","stomata-franks_steinthorsdottir_2021.xlsx#leaf gas-exchange_Franks!CA23",
94,"es3","stomata-franks_steinthorsdottir_2021.xlsx#leaf gas-exchange_Franks!CB23",
94,"N_es3","stomata-franks_steinthorsdottir_2021.xlsx#leaf gas-exchange_Franks!CC23",
94,"s4","stomata-franks_steinthorsdottir_2021.xlsx#leaf gas-exchange_Franks!CD23",
94,"es4","stomata-franks_steinthorsdottir_2021.xlsx#leaf gas-exchange_Franks!CE23",
94,"N_es4","stomata-franks_steinthorsdottir_2021.xlsx#leaf gas-exchange_Franks!CF23",
94,"s5","stomata-franks_steinthorsdottir_2021.xlsx#leaf gas-exchange_Franks!CG23",
94,"es5","stomata-franks_steinthorsdottir_2021.xlsx#leaf gas-exchange_Franks!CH23",
94,"N_es5","stomata-franks_steinthorsdottir_2021.xlsx#leaf gas-exchange_Franks!CI23",
95,"sample","stomata-franks_steinthorsdottir_2021.xlsx#leaf gas-exchange_Franks!O24",
95,"doi","stomata-franks_steinthorsdottir_2021.xlsx#leaf gas-exchange_Franks!D24",
95,"lat","stomata-franks_steinthorsdottir_2021.xlsx#leaf gas-exchange_Franks!AA24",
95,"lon","stomata-franks_steinthorsdottir_2021.xlsx#leaf gas-exchange_Franks!AB24",
95,"age_mean","stomata-franks_steinthorsdottir_2021_p1.0.xlsx#leaf gas-exchange_Franks!AH24",
95,"age_min","stomata-franks_steinthorsdottir_2021_p1.0.xlsx#leaf gas-exchange_Franks!AJ24",
95,"age_max","stomata-franks_steinthorsdottir_2021_p1.0.xlsx#leaf gas-exchange_Franks!AI24",
95,"age_notes","stomata-franks_steinthorsdottir_2021_p1.0.xlsx#leaf gas-exchange_Franks!AL24",
95,"family","stomata-franks_steinthorsdottir_2021.xlsx#leaf gas-exchange_Franks!P24",
95,"genus","stomata-franks_steinthorsdottir_2021.xlsx#leaf gas-exchange_Franks!Q24",
95,"Dab","stomata-franks_steinthorsdottir_2021.xlsx#leaf gas-exchange_Franks!AM24",
95,"eDab","stomata-franks_steinthorsdottir_2021.xlsx#leaf gas-exchange_Franks!AN24",
95,"N_eDab","stomata-franks_steinthorsdottir_2021.xlsx#leaf gas-exchange_Franks!AO24",
95,"Dad","stomata-franks_steinthorsdottir_2021.xlsx#leaf gas-exchange_Franks!AP24",
95,"eDad","stomata-franks_steinthorsdottir_2021.xlsx#leaf gas-exchange_Franks!AQ24",
95,"N_eDad","stomata-franks_steinthorsdottir_2021.xlsx#leaf gas-exchange_Franks!AR24",
95,"GCLab","stomata-franks_steinthorsdottir_2021.xlsx#leaf gas-exchange_Franks!AS24",
95,"eGCLab","stomata-franks_steinthorsdottir_2021.xlsx#leaf gas-exchange_Franks!AT24",
95,"N_eGCLab","stomata-franks_steinthorsdottir_2021.xlsx#leaf gas-exchange_Franks!AU24",
95,"GCLad","stomata-franks_steinthorsdottir_2021.xlsx#leaf gas-exchange_Franks!AV24",
95,"eGCLad","stomata-franks_steinthorsdottir_2021.xlsx#leaf gas-exchange_Franks!AW24",
95,"N_eGCLad","stomata-franks_steinthorsdottir_2021.xlsx#leaf gas-exchange_Franks!AX24",
95,"GCWab","stomata-franks_steinthorsdottir_2021.xlsx#leaf gas-exchange_Franks!AY24",
95,"eGCWab","stomata-franks_steinthorsdottir_2021.xlsx#leaf gas-exchange_Franks!AZ24",
95,"N_eGCWab","stomata-franks_steinthorsdottir_2021.xlsx#leaf gas-exchange_Franks!BA24",
95,"GCWad","stomata-franks_steinthorsdottir_2021.xlsx#leaf gas-exchange_Franks!BB24",
95,"eGCWad","stomata-franks_steinthorsdottir_2021.xlsx#leaf gas-exchange_Franks!BC24",
95,"N_eGCWad","stomata-franks_steinthorsdottir_2021.xlsx#leaf gas-exchange_Franks!BD24",
95,"d13Cp","stomata-franks_steinthorsdottir_2021.xlsx#leaf gas-exchange_Franks!BE24",
95,"ed13Cp","stomata-franks_steinthorsdottir_2021.xlsx#leaf gas-exchange_Franks!BF24",
95,"N_ed13Cp","stomata-franks_steinthorsdottir_2021.xlsx#leaf gas-exchange_Franks!BG24",
95,"CO2_0","stomata-franks_steinthorsdottir_2021.xlsx#leaf gas-exchange_Franks!BK24",
95,"dv","stomata-franks_steinthorsdottir_2021.xlsx#leaf gas-exchange_Franks!CL24",
95,"A0","stomata-franks_steinthorsdottir_2021.xlsx#leaf gas-exchange_Franks!BL24",
95,"eA0","stomata-franks_steinthorsdottir_2021.xlsx#leaf gas-exchange_Franks!BM24",
95,"N_eA0","stomata-franks_steinthorsdottir_2021.xlsx#leaf gas-exchange_Franks!BN24",
95,"gb","stomata-franks_steinthorsdottir_2021.xlsx#leaf gas-exchange_Franks!BR24",
95,"egb","stomata-franks_steinthorsdottir_2021.xlsx#leaf gas-exchange_Franks!BS24",
95,"N_egb","stomata-franks_steinthorsdottir_2021.xlsx#leaf gas-exchange_Franks!BT24",
95,"s1","stomata-franks_steinthorsdottir_2021.xlsx#leaf gas-exchange_Franks!BU24",
95,"es1","stomata-franks_steinthorsdottir_2021.xlsx#leaf gas-exchange_Franks!BV24",
95,"N_es1","stomata-franks_steinthorsdottir_2021.xlsx#leaf gas-exchange_Franks!BW24",
95,"s2","stomata-franks_steinthorsdottir_2021.xlsx#leaf gas-exchange_Franks!BX24",
95,"es2","stomata-franks_steinthorsdottir_2021.xlsx#leaf gas-exchange_Franks!BY24",
95,"N_es2","stomata-franks_steinthorsdottir_2021.xlsx#leaf gas-exchange_Franks!BZ24",
95,"s3","stomata-franks_steinthorsdottir_2021.xlsx#leaf gas-exchange_Franks!CA24",
95,"es3","stomata-franks_steinthorsdottir_2021.xlsx#leaf gas-exchange_Franks!CB24",
95,"N_es3","stomata-franks_steinthorsdottir_2021.xlsx#leaf gas-exchange_Franks!CC24",
95,"s4","stomata-franks_steinthorsdottir_2021.xlsx#leaf gas-exchange_Franks!CD24",
95,"es4","stomata-franks_steinthorsdottir_2021.xlsx#leaf gas-exchange_Franks!CE24",
95,"N_es4","stomata-franks_steinthorsdottir_2021.xlsx#leaf gas-exchange_Franks!CF24",
95,"s5","stomata-franks_steinthorsdottir_2021.xlsx#leaf gas-exchange_Franks!CG24",
95,"es5","stomata-franks_steinthorsdottir_2021.xlsx#leaf gas-exchange_Franks!CH24",
95,"N_es5","stomata-franks_steinthorsdottir_2021.xlsx#leaf gas-exchange_Franks!CI24",
96,"sample","stomata-franks_steinthorsdottir_2021.xlsx#leaf gas-exchange_Franks!O25",
96,"doi","stomata-franks_steinthorsdottir_2021.xlsx#leaf gas-exchange_Franks!D25",
96,"lat","stomata-franks_steinthorsdottir_2021.xlsx#leaf gas-exchange_Franks!AA25",
96,"lon","stomata-franks_steinthorsdottir_2021.xlsx#leaf gas-exchange_Franks!AB25",
96,"age_mean","stomata-franks_steinthorsdottir_2021_p1.0.xlsx#leaf gas-exchange_Franks!AH25",
96,"age_min","stomata-franks_steinthorsdottir_2021_p1.0.xlsx#leaf gas-exchange_Franks!AJ25",
96,"age_max","stomata-franks_steinthorsdottir_2021_p1.0.xlsx#leaf gas-exchange_Franks!AI25",
96,"age_notes","stomata-franks_steinthorsdottir_2021_p1.0.xlsx#leaf gas-exchange_Franks!AL25",
96,"family","stomata-franks_steinthorsdottir_2021.xlsx#leaf gas-exchange_Franks!P25",
96,"genus","stomata-franks_steinthorsdottir_2021.xlsx#leaf gas-exchange_Franks!Q25",
96,"Dab","stomata-franks_steinthorsdottir_2021.xlsx#leaf gas-exchange_Franks!AM25",
96,"eDab","stomata-franks_steinthorsdottir_2021.xlsx#leaf gas-exchange_Franks!AN25",
96,"N_eDab","stomata-franks_steinthorsdottir_2021.xlsx#leaf gas-exchange_Franks!AO25",
96,"Dad","stomata-franks_steinthorsdottir_2021.xlsx#leaf gas-exchange_Franks!AP25",
96,"eDad","stomata-franks_steinthorsdottir_2021.xlsx#leaf gas-exchange_Franks!AQ25",
96,"N_eDad","stomata-franks_steinthorsdottir_2021.xlsx#leaf gas-exchange_Franks!AR25",
96,"GCLab","stomata-franks_steinthorsdottir_2021.xlsx#leaf gas-exchange_Franks!AS25",
96,"eGCLab","stomata-franks_steinthorsdottir_2021.xlsx#leaf gas-exchange_Franks!AT25",
96,"N_eGCLab","stomata-franks_steinthorsdottir_2021.xlsx#leaf gas-exchange_Franks!AU25",
96,"GCLad","stomata-franks_steinthorsdottir_2021.xlsx#leaf gas-exchange_Franks!AV25",
96,"eGCLad","stomata-franks_steinthorsdottir_2021.xlsx#leaf gas-exchange_Franks!AW25",
96,"N_eGCLad","stomata-franks_steinthorsdottir_2021.xlsx#leaf gas-exchange_Franks!AX25",
96,"GCWab","stomata-franks_steinthorsdottir_2021.xlsx#leaf gas-exchange_Franks!AY25",
96,"eGCWab","stomata-franks_steinthorsdottir_2021.xlsx#leaf gas-exchange_Franks!AZ25",
96,"N_eGCWab","stomata-franks_steinthorsdottir_2021.xlsx#leaf gas-exchange_Franks!BA25",
96,"GCWad","stomata-franks_steinthorsdottir_2021.xlsx#leaf gas-exchange_Franks!BB25",
96,"eGCWad","stomata-franks_steinthorsdottir_2021.xlsx#leaf gas-exchange_Franks!BC25",
96,"N_eGCWad","stomata-franks_steinthorsdottir_2021.xlsx#leaf gas-exchange_Franks!BD25",
96,"d13Cp","stomata-franks_steinthorsdottir_2021.xlsx#leaf gas-exchange_Franks!BE25",
96,"ed13Cp","stomata-franks_steinthorsdottir_2021.xlsx#leaf gas-exchange_Franks!BF25",
96,"N_ed13Cp","stomata-franks_steinthorsdottir_2021.xlsx#leaf gas-exchange_Franks!BG25",
96,"CO2_0","stomata-franks_steinthorsdottir_2021.xlsx#leaf gas-exchange_Franks!BK25",
96,"dv","stomata-franks_steinthorsdottir_2021.xlsx#leaf gas-exchange_Franks!CL25",
96,"A0","stomata-franks_steinthorsdottir_2021.xlsx#leaf gas-exchange_Franks!BL25",
96,"eA0","stomata-franks_steinthorsdottir_2021.xlsx#leaf gas-exchange_Franks!BM25",
96,"N_eA0","stomata-franks_steinthorsdottir_2021.xlsx#leaf gas-exchange_Franks!BN25",
96,"gb","stomata-franks_steinthorsdottir_2021.xlsx#leaf gas-exchange_Franks!BR25",
96,"egb","stomata-franks_steinthorsdottir_2021.xlsx#leaf gas-exchange_Franks!BS25",
96,"N_egb","stomata-franks_steinthorsdottir_2021.xlsx#leaf gas-exchange_Franks!BT25",
96,"s1","stomata-franks_steinthorsdottir_2021.xlsx#leaf gas-exchange_Franks!BU25",
96,"es1","stomata-franks_steinthorsdottir_2021.xlsx#leaf gas-exchange_Franks!BV25",
96,"N_es1","stomata-franks_steinthorsdottir_2021.xlsx#leaf gas-exchange_Franks!BW25",
96,"s2","stomata-franks_steinthorsdottir_2021.xlsx#leaf gas-exchange_Franks!BX25",
96,"es2","stomata-franks_steinthorsdottir_2021.xlsx#leaf gas-exchange_Franks!BY25",
96,"N_es2","stomata-franks_steinthorsdottir_2021.xlsx#leaf gas-exchange_Franks!BZ25",
96,"s3","stomata-franks_steinthorsdottir_2021.xlsx#leaf gas-exchange_Franks!CA25",
96,"es3","stomata-franks_steinthorsdottir_2021.xlsx#leaf gas-exchange_Franks!CB25",
96,"N_es3","stomata-franks_steinthorsdottir_2021.xlsx#leaf gas-exchange_Franks!CC25",
96,"s4","stomata-franks_steinthorsdottir_2021.xlsx#leaf gas-exchange_Franks!CD25",
96,"es4","stomata-franks_steinthorsdottir_2021.xlsx#leaf gas-exchange_Franks!CE25",
96,"N_es4","stomata-franks_steinthorsdottir_2021.xlsx#leaf gas-exchange_Franks!CF25",
96,"s5","stomata-franks_steinthorsdottir_2021.xlsx#leaf gas-exchange_Franks!CG25",
96,"es5","stomata-franks_steinthorsdottir_2021.xlsx#leaf gas-exchange_Franks!CH25",
96,"N_es5","stomata-franks_steinthorsdottir_2021.xlsx#leaf gas-exchange_Franks!CI25",
97,"sample","stomata-franks_steinthorsdottir_2021.xlsx#leaf gas-exchange_Franks!O26",
97,"doi","stomata-franks_steinthorsdottir_2021.xlsx#leaf gas-exchange_Franks!D26",
97,"lat","stomata-franks_steinthorsdottir_2021.xlsx#leaf gas-exchange_Franks!AA26",
97,"lon","stomata-franks_steinthorsdottir_2021.xlsx#leaf gas-exchange_Franks!AB26",
97,"age_mean","stomata-franks_steinthorsdottir_2021_p1.0.xlsx#leaf gas-exchange_Franks!AH26",
97,"age_min","stomata-franks_steinthorsdottir_2021_p1.0.xlsx#leaf gas-exchange_Franks!AJ26",
97,"age_max","stomata-franks_steinthorsdottir_2021_p1.0.xlsx#leaf gas-exchange_Franks!AI26",
97,"age_notes","stomata-franks_steinthorsdottir_2021_p1.0.xlsx#leaf gas-exchange_Franks!AL26",
97,"family","stomata-franks_steinthorsdottir_2021.xlsx#leaf gas-exchange_Franks!P26",
97,"genus","stomata-franks_steinthorsdottir_2021.xlsx#leaf gas-exchange_Franks!Q26",
97,"Dab","stomata-franks_steinthorsdottir_2021.xlsx#leaf gas-exchange_Franks!AM26",
97,"eDab","stomata-franks_steinthorsdottir_2021.xlsx#leaf gas-exchange_Franks!AN26",
97,"N_eDab","stomata-franks_steinthorsdottir_2021.xlsx#leaf gas-exchange_Franks!AO26",
97,"Dad","stomata-franks_steinthorsdottir_2021.xlsx#leaf gas-exchange_Franks!AP26",
97,"eDad","stomata-franks_steinthorsdottir_2021.xlsx#leaf gas-exchange_Franks!AQ26",
97,"N_eDad","stomata-franks_steinthorsdottir_2021.xlsx#leaf gas-exchange_Franks!AR26",
97,"GCLab","stomata-franks_steinthorsdottir_2021.xlsx#leaf gas-exchange_Franks!AS26",
97,"eGCLab","stomata-franks_steinthorsdottir_2021.xlsx#leaf gas-exchange_Franks!AT26",
97,"N_eGCLab","stomata-franks_steinthorsdottir_2021.xlsx#leaf gas-exchange_Franks!AU26",
97,"GCLad","stomata-franks_steinthorsdottir_2021.xlsx#leaf gas-exchange_Franks!AV26",
97,"eGCLad","stomata-franks_steinthorsdottir_2021.xlsx#leaf gas-exchange_Franks!AW26",
97,"N_eGCLad","stomata-franks_steinthorsdottir_2021.xlsx#leaf gas-exchange_Franks!AX26",
97,"GCWab","stomata-franks_steinthorsdottir_2021.xlsx#leaf gas-exchange_Franks!AY26",
97,"eGCWab","stomata-franks_steinthorsdottir_2021.xlsx#leaf gas-exchange_Franks!AZ26",
97,"N_eGCWab","stomata-franks_steinthorsdottir_2021.xlsx#leaf gas-exchange_Franks!BA26",
97,"GCWad","stomata-franks_steinthorsdottir_2021.xlsx#leaf gas-exchange_Franks!BB26",
97,"eGCWad","stomata-franks_steinthorsdottir_2021.xlsx#leaf gas-exchange_Franks!BC26",
97,"N_eGCWad","stomata-franks_steinthorsdottir_2021.xlsx#leaf gas-exchange_Franks!BD26",
97,"d13Cp","stomata-franks_steinthorsdottir_2021.xlsx#leaf gas-exchange_Franks!BE26",
97,"ed13Cp","stomata-franks_steinthorsdottir_2021.xlsx#leaf gas-exchange_Franks!BF26",
97,"N_ed13Cp","stomata-franks_steinthorsdottir_2021.xlsx#leaf gas-exchange_Franks!BG26",
97,"CO2_0","stomata-franks_steinthorsdottir_2021.xlsx#leaf gas-exchange_Franks!BK26",
97,"dv","stomata-franks_steinthorsdottir_2021.xlsx#leaf gas-exchange_Franks!CL26",
97,"A0","stomata-franks_steinthorsdottir_2021.xlsx#leaf gas-exchange_Franks!BL26",
97,"eA0","stomata-franks_steinthorsdottir_2021.xlsx#leaf gas-exchange_Franks!BM26",
97,"N_eA0","stomata-franks_steinthorsdottir_2021.xlsx#leaf gas-exchange_Franks!BN26",
97,"gb","stomata-franks_steinthorsdottir_2021.xlsx#leaf gas-exchange_Franks!BR26",
97,"egb","stomata-franks_steinthorsdottir_2021.xlsx#leaf gas-exchange_Franks!BS26",
97,"N_egb","stomata-franks_steinthorsdottir_2021.xlsx#leaf gas-exchange_Franks!BT26",
97,"s1","stomata-franks_steinthorsdottir_2021.xlsx#leaf gas-exchange_Franks!BU26",
97,"es1","stomata-franks_steinthorsdottir_2021.xlsx#leaf gas-exchange_Franks!BV26",
97,"N_es1","stomata-franks_steinthorsdottir_2021.xlsx#leaf gas-exchange_Franks!BW26",
97,"s2","stomata-franks_steinthorsdottir_2021.xlsx#leaf gas-exchange_Franks!BX26",
97,"es2","stomata-franks_steinthorsdottir_2021.xlsx#leaf gas-exchange_Franks!BY26",
97,"N_es2","stomata-franks_steinthorsdottir_2021.xlsx#leaf gas-exchange_Franks!BZ26",
97,"s3","stomata-franks_steinthorsdottir_2021.xlsx#leaf gas-exchange_Franks!CA26",
97,"es3","stomata-franks_steinthorsdottir_2021.xlsx#leaf gas-exchange_Franks!CB26",
97,"N_es3","stomata-franks_steinthorsdottir_2021.xlsx#leaf gas-exchange_Franks!CC26",
97,"s4","stomata-franks_steinthorsdottir_2021.xlsx#leaf gas-exchange_Franks!CD26",
97,"es4","stomata-franks_steinthorsdottir_2021.xlsx#leaf gas-exchange_Franks!CE26",
97,"N_es4","stomata-franks_steinthorsdottir_2021.xlsx#leaf gas-exchange_Franks!CF26",
97,"s5","stomata-franks_steinthorsdottir_2021.xlsx#leaf gas-exchange_Franks!CG26",
97,"es5","stomata-franks_steinthorsdottir_2021.xlsx#leaf gas-exchange_Franks!CH26",
97,"N_es5","stomata-franks_steinthorsdottir_2021.xlsx#leaf gas-exchange_Franks!CI26",
98,"sample","stomata-franks_steinthorsdottir_2021.xlsx#leaf gas-exchange_Franks!O27",
98,"doi","stomata-franks_steinthorsdottir_2021.xlsx#leaf gas-exchange_Franks!D27",
98,"lat","stomata-franks_steinthorsdottir_2021.xlsx#leaf gas-exchange_Franks!AA27",
98,"lon","stomata-franks_steinthorsdottir_2021.xlsx#leaf gas-exchange_Franks!AB27",
98,"age_mean","stomata-franks_steinthorsdottir_2021_p1.0.xlsx#leaf gas-exchange_Franks!AH27",
98,"age_min","stomata-franks_steinthorsdottir_2021_p1.0.xlsx#leaf gas-exchange_Franks!AJ27",
98,"age_max","stomata-franks_steinthorsdottir_2021_p1.0.xlsx#leaf gas-exchange_Franks!AI27",
98,"age_notes","stomata-franks_steinthorsdottir_2021_p1.0.xlsx#leaf gas-exchange_Franks!AL27",
98,"family","stomata-franks_steinthorsdottir_2021.xlsx#leaf gas-exchange_Franks!P27",
98,"genus","stomata-franks_steinthorsdottir_2021.xlsx#leaf gas-exchange_Franks!Q27",
98,"Dab","stomata-franks_steinthorsdottir_2021.xlsx#leaf gas-exchange_Franks!AM27",
98,"eDab","stomata-franks_steinthorsdottir_2021.xlsx#leaf gas-exchange_Franks!AN27",
98,"N_eDab","stomata-franks_steinthorsdottir_2021.xlsx#leaf gas-exchange_Franks!AO27",
98,"Dad","stomata-franks_steinthorsdottir_2021.xlsx#leaf gas-exchange_Franks!AP27",
98,"eDad","stomata-franks_steinthorsdottir_2021.xlsx#leaf gas-exchange_Franks!AQ27",
98,"N_eDad","stomata-franks_steinthorsdottir_2021.xlsx#leaf gas-exchange_Franks!AR27",
98,"GCLab","stomata-franks_steinthorsdottir_2021.xlsx#leaf gas-exchange_Franks!AS27",
98,"eGCLab","stomata-franks_steinthorsdottir_2021.xlsx#leaf gas-exchange_Franks!AT27",
98,"N_eGCLab","stomata-franks_steinthorsdottir_2021.xlsx#leaf gas-exchange_Franks!AU27",
98,"GCLad","stomata-franks_steinthorsdottir_2021.xlsx#leaf gas-exchange_Franks!AV27",
98,"eGCLad","stomata-franks_steinthorsdottir_2021.xlsx#leaf gas-exchange_Franks!AW27",
98,"N_eGCLad","stomata-franks_steinthorsdottir_2021.xlsx#leaf gas-exchange_Franks!AX27",
98,"GCWab","stomata-franks_steinthorsdottir_2021.xlsx#leaf gas-exchange_Franks!AY27",
98,"eGCWab","stomata-franks_steinthorsdottir_2021.xlsx#leaf gas-exchange_Franks!AZ27",
98,"N_eGCWab","stomata-franks_steinthorsdottir_2021.xlsx#leaf gas-exchange_Franks!BA27",
98,"GCWad","stomata-franks_steinthorsdottir_2021.xlsx#leaf gas-exchange_Franks!BB27",
98,"eGCWad","stomata-franks_steinthorsdottir_2021.xlsx#leaf gas-exchange_Franks!BC27",
98,"N_eGCWad","stomata-franks_steinthorsdottir_2021.xlsx#leaf gas-exchange_Franks!BD27",
98,"d13Cp","stomata-franks_steinthorsdottir_2021.xlsx#leaf gas-exchange_Franks!BE27",
98,"ed13Cp","stomata-franks_steinthorsdottir_2021.xlsx#leaf gas-exchange_Franks!BF27",
98,"N_ed13Cp","stomata-franks_steinthorsdottir_2021.xlsx#leaf gas-exchange_Franks!BG27",
98,"CO2_0","stomata-franks_steinthorsdottir_2021.xlsx#leaf gas-exchange_Franks!BK27",
98,"dv","stomata-franks_steinthorsdottir_2021.xlsx#leaf gas-exchange_Franks!CL27",
98,"A0","stomata-franks_steinthorsdottir_2021.xlsx#leaf gas-exchange_Franks!BL27",
98,"eA0","stomata-franks_steinthorsdottir_2021.xlsx#leaf gas-exchange_Franks!BM27",
98,"N_eA0","stomata-franks_steinthorsdottir_2021.xlsx#leaf gas-exchange_Franks!BN27",
98,"gb","stomata-franks_steinthorsdottir_2021.xlsx#leaf gas-exchange_Franks!BR27",
98,"egb","stomata-franks_steinthorsdottir_2021.xlsx#leaf gas-exchange_Franks!BS27",
98,"N_egb","stomata-franks_steinthorsdottir_2021.xlsx#leaf gas-exchange_Franks!BT27",
98,"s1","stomata-franks_steinthorsdottir_2021.xlsx#leaf gas-exchange_Franks!BU27",
98,"es1","stomata-franks_steinthorsdottir_2021.xlsx#leaf gas-exchange_Franks!BV27",
98,"N_es1","stomata-franks_steinthorsdottir_2021.xlsx#leaf gas-exchange_Franks!BW27",
98,"s2","stomata-franks_steinthorsdottir_2021.xlsx#leaf gas-exchange_Franks!BX27",
98,"es2","stomata-franks_steinthorsdottir_2021.xlsx#leaf gas-exchange_Franks!BY27",
98,"N_es2","stomata-franks_steinthorsdottir_2021.xlsx#leaf gas-exchange_Franks!BZ27",
98,"s3","stomata-franks_steinthorsdottir_2021.xlsx#leaf gas-exchange_Franks!CA27",
98,"es3","stomata-franks_steinthorsdottir_2021.xlsx#leaf gas-exchange_Franks!CB27",
98,"N_es3","stomata-franks_steinthorsdottir_2021.xlsx#leaf gas-exchange_Franks!CC27",
98,"s4","stomata-franks_steinthorsdottir_2021.xlsx#leaf gas-exchange_Franks!CD27",
98,"es4","stomata-franks_steinthorsdottir_2021.xlsx#leaf gas-exchange_Franks!CE27",
98,"N_es4","stomata-franks_steinthorsdottir_2021.xlsx#leaf gas-exchange_Franks!CF27",
98,"s5","stomata-franks_steinthorsdottir_2021.xlsx#leaf gas-exchange_Franks!CG27",
98,"es5","stomata-franks_steinthorsdottir_2021.xlsx#leaf gas-exchange_Franks!CH27",
98,"N_es5","stomata-franks_steinthorsdottir_2021.xlsx#leaf gas-exchange_Franks!CI27",
99,"sample","stomata-franks_steinthorsdottir_2021.xlsx#leaf gas-exchange_Franks!O28",
99,"doi","stomata-franks_steinthorsdottir_2021.xlsx#leaf gas-exchange_Franks!D28",
99,"lat","stomata-franks_steinthorsdottir_2021.xlsx#leaf gas-exchange_Franks!AA28",
99,"lon","stomata-franks_steinthorsdottir_2021.xlsx#leaf gas-exchange_Franks!AB28",
99,"age_mean","stomata-franks_steinthorsdottir_2021_p1.0.xlsx#leaf gas-exchange_Franks!AH28",
99,"age_min","stomata-franks_steinthorsdottir_2021_p1.0.xlsx#leaf gas-exchange_Franks!AJ28",
99,"age_max","stomata-franks_steinthorsdottir_2021_p1.0.xlsx#leaf gas-exchange_Franks!AI28",
99,"age_notes","stomata-franks_steinthorsdottir_2021_p1.0.xlsx#leaf gas-exchange_Franks!AL28",
99,"family","stomata-franks_steinthorsdottir_2021.xlsx#leaf gas-exchange_Franks!P28",
99,"genus","stomata-franks_steinthorsdottir_2021.xlsx#leaf gas-exchange_Franks!Q28",
99,"Dab","stomata-franks_steinthorsdottir_2021.xlsx#leaf gas-exchange_Franks!AM28",
99,"eDab","stomata-franks_steinthorsdottir_2021.xlsx#leaf gas-exchange_Franks!AN28",
99,"N_eDab","stomata-franks_steinthorsdottir_2021.xlsx#leaf gas-exchange_Franks!AO28",
99,"Dad","stomata-franks_steinthorsdottir_2021.xlsx#leaf gas-exchange_Franks!AP28",
99,"eDad","stomata-franks_steinthorsdottir_2021.xlsx#leaf gas-exchange_Franks!AQ28",
99,"N_eDad","stomata-franks_steinthorsdottir_2021.xlsx#leaf gas-exchange_Franks!AR28",
99,"GCLab","stomata-franks_steinthorsdottir_2021.xlsx#leaf gas-exchange_Franks!AS28",
99,"eGCLab","stomata-franks_steinthorsdottir_2021.xlsx#leaf gas-exchange_Franks!AT28",
99,"N_eGCLab","stomata-franks_steinthorsdottir_2021.xlsx#leaf gas-exchange_Franks!AU28",
99,"GCLad","stomata-franks_steinthorsdottir_2021.xlsx#leaf gas-exchange_Franks!AV28",
99,"eGCLad","stomata-franks_steinthorsdottir_2021.xlsx#leaf gas-exchange_Franks!AW28",
99,"N_eGCLad","stomata-franks_steinthorsdottir_2021.xlsx#leaf gas-exchange_Franks!AX28",
99,"GCWab","stomata-franks_steinthorsdottir_2021.xlsx#leaf gas-exchange_Franks!AY28",
99,"eGCWab","stomata-franks_steinthorsdottir_2021.xlsx#leaf gas-exchange_Franks!AZ28",
99,"N_eGCWab","stomata-franks_steinthorsdottir_2021.xlsx#leaf gas-exchange_Franks!BA28",
99,"GCWad","stomata-franks_steinthorsdottir_2021.xlsx#leaf gas-exchange_Franks!BB28",
99,"eGCWad","stomata-franks_steinthorsdottir_2021.xlsx#leaf gas-exchange_Franks!BC28",
99,"N_eGCWad","stomata-franks_steinthorsdottir_2021.xlsx#leaf gas-exchange_Franks!BD28",
99,"d13Cp","stomata-franks_steinthorsdottir_2021.xlsx#leaf gas-exchange_Franks!BE28",
99,"ed13Cp","stomata-franks_steinthorsdottir_2021.xlsx#leaf gas-exchange_Franks!BF28",
99,"N_ed13Cp","stomata-franks_steinthorsdottir_2021.xlsx#leaf gas-exchange_Franks!BG28",
99,"CO2_0","stomata-franks_steinthorsdottir_2021.xlsx#leaf gas-exchange_Franks!BK28",
99,"dv","stomata-franks_steinthorsdottir_2021.xlsx#leaf gas-exchange_Franks!CL28",
99,"A0","stomata-franks_steinthorsdottir_2021.xlsx#leaf gas-exchange_Franks!BL28",
99,"eA0","stomata-franks_steinthorsdottir_2021.xlsx#leaf gas-exchange_Franks!BM28",
99,"N_eA0","stomata-franks_steinthorsdottir_2021.xlsx#leaf gas-exchange_Franks!BN28",
99,"gb","stomata-franks_steinthorsdottir_2021.xlsx#leaf gas-exchange_Franks!BR28",
99,"egb","stomata-franks_steinthorsdottir_2021.xlsx#leaf gas-exchange_Franks!BS28",
99,"N_egb","stomata-franks_steinthorsdottir_2021.xlsx#leaf gas-exchange_Franks!BT28",
99,"s1","stomata-franks_steinthorsdottir_2021.xlsx#leaf gas-exchange_Franks!BU28",
99,"es1","stomata-franks_steinthorsdottir_2021.xlsx#leaf gas-exchange_Franks!BV28",
99,"N_es1","stomata-franks_steinthorsdottir_2021.xlsx#leaf gas-exchange_Franks!BW28",
99,"s2","stomata-franks_steinthorsdottir_2021.xlsx#leaf gas-exchange_Franks!BX28",
99,"es2","stomata-franks_steinthorsdottir_2021.xlsx#leaf gas-exchange_Franks!BY28",
99,"N_es2","stomata-franks_steinthorsdottir_2021.xlsx#leaf gas-exchange_Franks!BZ28",
99,"s3","stomata-franks_steinthorsdottir_2021.xlsx#leaf gas-exchange_Franks!CA28",
99,"es3","stomata-franks_steinthorsdottir_2021.xlsx#leaf gas-exchange_Franks!CB28",
99,"N_es3","stomata-franks_steinthorsdottir_2021.xlsx#leaf gas-exchange_Franks!CC28",
99,"s4","stomata-franks_steinthorsdottir_2021.xlsx#leaf gas-exchange_Franks!CD28",
99,"es4","stomata-franks_steinthorsdottir_2021.xlsx#leaf gas-exchange_Franks!CE28",
99,"N_es4","stomata-franks_steinthorsdottir_2021.xlsx#leaf gas-exchange_Franks!CF28",
99,"s5","stomata-franks_steinthorsdottir_2021.xlsx#leaf gas-exchange_Franks!CG28",
99,"es5","stomata-franks_steinthorsdottir_2021.xlsx#leaf gas-exchange_Franks!CH28",
99,"N_es5","stomata-franks_steinthorsdottir_2021.xlsx#leaf gas-exchange_Franks!CI28",
100,"sample","stomata-franks_steinthorsdottir_2021.xlsx#leaf gas-exchange_Franks!O29",
100,"doi","stomata-franks_steinthorsdottir_2021.xlsx#leaf gas-exchange_Franks!D29",
100,"lat","stomata-franks_steinthorsdottir_2021.xlsx#leaf gas-exchange_Franks!AA29",
100,"lon","stomata-franks_steinthorsdottir_2021.xlsx#leaf gas-exchange_Franks!AB29",
100,"age_mean","stomata-franks_steinthorsdottir_2021_p1.0.xlsx#leaf gas-exchange_Franks!AH29",
100,"age_min","stomata-franks_steinthorsdottir_2021_p1.0.xlsx#leaf gas-exchange_Franks!AJ29",
100,"age_max","stomata-franks_steinthorsdottir_2021_p1.0.xlsx#leaf gas-exchange_Franks!AI29",
100,"age_notes","stomata-franks_steinthorsdottir_2021_p1.0.xlsx#leaf gas-exchange_Franks!AL29",
100,"family","stomata-franks_steinthorsdottir_2021.xlsx#leaf gas-exchange_Franks!P29",
100,"genus","stomata-franks_steinthorsdottir_2021.xlsx#leaf gas-exchange_Franks!Q29",
100,"Dab","stomata-franks_steinthorsdottir_2021.xlsx#leaf gas-exchange_Franks!AM29",
100,"eDab","stomata-franks_steinthorsdottir_2021.xlsx#leaf gas-exchange_Franks!AN29",
100,"N_eDab","stomata-franks_steinthorsdottir_2021.xlsx#leaf gas-exchange_Franks!AO29",
100,"Dad","stomata-franks_steinthorsdottir_2021.xlsx#leaf gas-exchange_Franks!AP29",
100,"eDad","stomata-franks_steinthorsdottir_2021.xlsx#leaf gas-exchange_Franks!AQ29",
100,"N_eDad","stomata-franks_steinthorsdottir_2021.xlsx#leaf gas-exchange_Franks!AR29",
100,"GCLab","stomata-franks_steinthorsdottir_2021.xlsx#leaf gas-exchange_Franks!AS29",
100,"eGCLab","stomata-franks_steinthorsdottir_2021.xlsx#leaf gas-exchange_Franks!AT29",
100,"N_eGCLab","stomata-franks_steinthorsdottir_2021.xlsx#leaf gas-exchange_Franks!AU29",
100,"GCLad","stomata-franks_steinthorsdottir_2021.xlsx#leaf gas-exchange_Franks!AV29",
100,"eGCLad","stomata-franks_steinthorsdottir_2021.xlsx#leaf gas-exchange_Franks!AW29",
100,"N_eGCLad","stomata-franks_steinthorsdottir_2021.xlsx#leaf gas-exchange_Franks!AX29",
100,"GCWab","stomata-franks_steinthorsdottir_2021.xlsx#leaf gas-exchange_Franks!AY29",
100,"eGCWab","stomata-franks_steinthorsdottir_2021.xlsx#leaf gas-exchange_Franks!AZ29",
100,"N_eGCWab","stomata-franks_steinthorsdottir_2021.xlsx#leaf gas-exchange_Franks!BA29",
100,"GCWad","stomata-franks_steinthorsdottir_2021.xlsx#leaf gas-exchange_Franks!BB29",
100,"eGCWad","stomata-franks_steinthorsdottir_2021.xlsx#leaf gas-exchange_Franks!BC29",
100,"N_eGCWad","stomata-franks_steinthorsdottir_2021.xlsx#leaf gas-exchange_Franks!BD29",
100,"d13Cp","stomata-franks_steinthorsdottir_2021.xlsx#leaf gas-exchange_Franks!BE29",
100,"ed13Cp","stomata-franks_steinthorsdottir_2021.xlsx#leaf gas-exchange_Franks!BF29",
100,"N_ed13Cp","stomata-franks_steinthorsdottir_2021.xlsx#leaf gas-exchange_Franks!BG29",
100,"CO2_0","stomata-franks_steinthorsdottir_2021.xlsx#leaf gas-exchange_Franks!BK29",
100,"dv","stomata-franks_steinthorsdottir_2021.xlsx#leaf gas-exchange_Franks!CL29",
100,"A0","stomata-franks_steinthorsdottir_2021.xlsx#leaf gas-exchange_Franks!BL29",
100,"eA0","stomata-franks_steinthorsdottir_2021.xlsx#leaf gas-exchange_Franks!BM29",
100,"N_eA0","stomata-franks_steinthorsdottir_2021.xlsx#leaf gas-exchange_Franks!BN29",
100,"gb","stomata-franks_steinthorsdottir_2021.xlsx#leaf gas-exchange_Franks!BR29",
100,"egb","stomata-franks_steinthorsdottir_2021.xlsx#leaf gas-exchange_Franks!BS29",
100,"N_egb","stomata-franks_steinthorsdottir_2021.xlsx#leaf gas-exchange_Franks!BT29",
100,"s1","stomata-franks_steinthorsdottir_2021.xlsx#leaf gas-exchange_Franks!BU29",
100,"es1","stomata-franks_steinthorsdottir_2021.xlsx#leaf gas-exchange_Franks!BV29",
100,"N_es1","stomata-franks_steinthorsdottir_2021.xlsx#leaf gas-exchange_Franks!BW29",
100,"s2","stomata-franks_steinthorsdottir_2021.xlsx#leaf gas-exchange_Franks!BX29",
100,"es2","stomata-franks_steinthorsdottir_2021.xlsx#leaf gas-exchange_Franks!BY29",
100,"N_es2","stomata-franks_steinthorsdottir_2021.xlsx#leaf gas-exchange_Franks!BZ29",
100,"s3","stomata-franks_steinthorsdottir_2021.xlsx#leaf gas-exchange_Franks!CA29",
100,"es3","stomata-franks_steinthorsdottir_2021.xlsx#leaf gas-exchange_Franks!CB29",
100,"N_es3","stomata-franks_steinthorsdottir_2021.xlsx#leaf gas-exchange_Franks!CC29",
100,"s4","stomata-franks_steinthorsdottir_2021.xlsx#leaf gas-exchange_Franks!CD29",
100,"es4","stomata-franks_steinthorsdottir_2021.xlsx#leaf gas-exchange_Franks!CE29",
100,"N_es4","stomata-franks_steinthorsdottir_2021.xlsx#leaf gas-exchange_Franks!CF29",
100,"s5","stomata-franks_steinthorsdottir_2021.xlsx#leaf gas-exchange_Franks!CG29",
100,"es5","stomata-franks_steinthorsdottir_2021.xlsx#leaf gas-exchange_Franks!CH29",
100,"N_es5","stomata-franks_steinthorsdottir_2021.xlsx#leaf gas-exchange_Franks!CI29",
101,"sample","stomata-franks_steinthorsdottir_2021.xlsx#leaf gas-exchange_Franks!O30",
101,"doi","stomata-franks_steinthorsdottir_2021.xlsx#leaf gas-exchange_Franks!D30",
101,"lat","stomata-franks_steinthorsdottir_2021.xlsx#leaf gas-exchange_Franks!AA30",
101,"lon","stomata-franks_steinthorsdottir_2021.xlsx#leaf gas-exchange_Franks!AB30",
101,"age_mean","stomata-franks_steinthorsdottir_2021_p1.0.xlsx#leaf gas-exchange_Franks!AH30",
101,"age_min","stomata-franks_steinthorsdottir_2021_p1.0.xlsx#leaf gas-exchange_Franks!AJ30",
101,"age_max","stomata-franks_steinthorsdottir_2021_p1.0.xlsx#leaf gas-exchange_Franks!AI30",
101,"age_notes","stomata-franks_steinthorsdottir_2021_p1.0.xlsx#leaf gas-exchange_Franks!AL30",
101,"family","stomata-franks_steinthorsdottir_2021.xlsx#leaf gas-exchange_Franks!P30",
101,"genus","stomata-franks_steinthorsdottir_2021.xlsx#leaf gas-exchange_Franks!Q30",
101,"Dab","stomata-franks_steinthorsdottir_2021.xlsx#leaf gas-exchange_Franks!AM30",
101,"eDab","stomata-franks_steinthorsdottir_2021.xlsx#leaf gas-exchange_Franks!AN30",
101,"N_eDab","stomata-franks_steinthorsdottir_2021.xlsx#leaf gas-exchange_Franks!AO30",
101,"Dad","stomata-franks_steinthorsdottir_2021.xlsx#leaf gas-exchange_Franks!AP30",
101,"eDad","stomata-franks_steinthorsdottir_2021.xlsx#leaf gas-exchange_Franks!AQ30",
101,"N_eDad","stomata-franks_steinthorsdottir_2021.xlsx#leaf gas-exchange_Franks!AR30",
101,"GCLab","stomata-franks_steinthorsdottir_2021.xlsx#leaf gas-exchange_Franks!AS30",
101,"eGCLab","stomata-franks_steinthorsdottir_2021.xlsx#leaf gas-exchange_Franks!AT30",
101,"N_eGCLab","stomata-franks_steinthorsdottir_2021.xlsx#leaf gas-exchange_Franks!AU30",
101,"GCLad","stomata-franks_steinthorsdottir_2021.xlsx#leaf gas-exchange_Franks!AV30",
101,"eGCLad","stomata-franks_steinthorsdottir_2021.xlsx#leaf gas-exchange_Franks!AW30",
101,"N_eGCLad","stomata-franks_steinthorsdottir_2021.xlsx#leaf gas-exchange_Franks!AX30",
101,"GCWab","stomata-franks_steinthorsdottir_2021.xlsx#leaf gas-exchange_Franks!AY30",
101,"eGCWab","stomata-franks_steinthorsdottir_2021.xlsx#leaf gas-exchange_Franks!AZ30",
101,"N_eGCWab","stomata-franks_steinthorsdottir_2021.xlsx#leaf gas-exchange_Franks!BA30",
101,"GCWad","stomata-franks_steinthorsdottir_2021.xlsx#leaf gas-exchange_Franks!BB30",
101,"eGCWad","stomata-franks_steinthorsdottir_2021.xlsx#leaf gas-exchange_Franks!BC30",
101,"N_eGCWad","stomata-franks_steinthorsdottir_2021.xlsx#leaf gas-exchange_Franks!BD30",
101,"d13Cp","stomata-franks_steinthorsdottir_2021.xlsx#leaf gas-exchange_Franks!BE30",
101,"ed13Cp","stomata-franks_steinthorsdottir_2021.xlsx#leaf gas-exchange_Franks!BF30",
101,"N_ed13Cp","stomata-franks_steinthorsdottir_2021.xlsx#leaf gas-exchange_Franks!BG30",
101,"CO2_0","stomata-franks_steinthorsdottir_2021.xlsx#leaf gas-exchange_Franks!BK30",
101,"dv","stomata-franks_steinthorsdottir_2021.xlsx#leaf gas-exchange_Franks!CL30",
101,"A0","stomata-franks_steinthorsdottir_2021.xlsx#leaf gas-exchange_Franks!BL30",
101,"eA0","stomata-franks_steinthorsdottir_2021.xlsx#leaf gas-exchange_Franks!BM30",
101,"N_eA0","stomata-franks_steinthorsdottir_2021.xlsx#leaf gas-exchange_Franks!BN30",
101,"gb","stomata-franks_steinthorsdottir_2021.xlsx#leaf gas-exchange_Franks!BR30",
101,"egb","stomata-franks_steinthorsdottir_2021.xlsx#leaf gas-exchange_Franks!BS30",
101,"N_egb","stomata-franks_steinthorsdottir_2021.xlsx#leaf gas-exchange_Franks!BT30",
101,"s1","stomata-franks_steinthorsdottir_2021.xlsx#leaf gas-exchange_Franks!BU30",
101,"es1","stomata-franks_steinthorsdottir_2021.xlsx#leaf gas-exchange_Franks!BV30",
101,"N_es1","stomata-franks_steinthorsdottir_2021.xlsx#leaf gas-exchange_Franks!BW30",
101,"s2","stomata-franks_steinthorsdottir_2021.xlsx#leaf gas-exchange_Franks!BX30",
101,"es2","stomata-franks_steinthorsdottir_2021.xlsx#leaf gas-exchange_Franks!BY30",
101,"N_es2","stomata-franks_steinthorsdottir_2021.xlsx#leaf gas-exchange_Franks!BZ30",
101,"s3","stomata-franks_steinthorsdottir_2021.xlsx#leaf gas-exchange_Franks!CA30",
101,"es3","stomata-franks_steinthorsdottir_2021.xlsx#leaf gas-exchange_Franks!CB30",
101,"N_es3","stomata-franks_steinthorsdottir_2021.xlsx#leaf gas-exchange_Franks!CC30",
101,"s4","stomata-franks_steinthorsdottir_2021.xlsx#leaf gas-exchange_Franks!CD30",
101,"es4","stomata-franks_steinthorsdottir_2021.xlsx#leaf gas-exchange_Franks!CE30",
101,"N_es4","stomata-franks_steinthorsdottir_2021.xlsx#leaf gas-exchange_Franks!CF30",
101,"s5","stomata-franks_steinthorsdottir_2021.xlsx#leaf gas-exchange_Franks!CG30",
101,"es5","stomata-franks_steinthorsdottir_2021.xlsx#leaf gas-exchange_Franks!CH30",
101,"N_es5","stomata-franks_steinthorsdottir_2021.xlsx#leaf gas-exchange_Franks!CI30",
102,"sample","stomata-franks_steinthorsdottir_2021.xlsx#leaf gas-exchange_Franks!O31",
102,"doi","stomata-franks_steinthorsdottir_2021.xlsx#leaf gas-exchange_Franks!D31",
102,"lat","stomata-franks_steinthorsdottir_2021.xlsx#leaf gas-exchange_Franks!AA31",
102,"lon","stomata-franks_steinthorsdottir_2021.xlsx#leaf gas-exchange_Franks!AB31",
102,"age_mean","stomata-franks_steinthorsdottir_2021_p1.0.xlsx#leaf gas-exchange_Franks!AH31",
102,"age_min","stomata-franks_steinthorsdottir_2021_p1.0.xlsx#leaf gas-exchange_Franks!AJ31",
102,"age_max","stomata-franks_steinthorsdottir_2021_p1.0.xlsx#leaf gas-exchange_Franks!AI31",
102,"age_notes","stomata-franks_steinthorsdottir_2021_p1.0.xlsx#leaf gas-exchange_Franks!AL31",
102,"family","stomata-franks_steinthorsdottir_2021.xlsx#leaf gas-exchange_Franks!P31",
102,"genus","stomata-franks_steinthorsdottir_2021.xlsx#leaf gas-exchange_Franks!Q31",
102,"Dab","stomata-franks_steinthorsdottir_2021.xlsx#leaf gas-exchange_Franks!AM31",
102,"eDab","stomata-franks_steinthorsdottir_2021.xlsx#leaf gas-exchange_Franks!AN31",
102,"N_eDab","stomata-franks_steinthorsdottir_2021.xlsx#leaf gas-exchange_Franks!AO31",
102,"Dad","stomata-franks_steinthorsdottir_2021.xlsx#leaf gas-exchange_Franks!AP31",
102,"eDad","stomata-franks_steinthorsdottir_2021.xlsx#leaf gas-exchange_Franks!AQ31",
102,"N_eDad","stomata-franks_steinthorsdottir_2021.xlsx#leaf gas-exchange_Franks!AR31",
102,"GCLab","stomata-franks_steinthorsdottir_2021.xlsx#leaf gas-exchange_Franks!AS31",
102,"eGCLab","stomata-franks_steinthorsdottir_2021.xlsx#leaf gas-exchange_Franks!AT31",
102,"N_eGCLab","stomata-franks_steinthorsdottir_2021.xlsx#leaf gas-exchange_Franks!AU31",
102,"GCLad","stomata-franks_steinthorsdottir_2021.xlsx#leaf gas-exchange_Franks!AV31",
102,"eGCLad","stomata-franks_steinthorsdottir_2021.xlsx#leaf gas-exchange_Franks!AW31",
102,"N_eGCLad","stomata-franks_steinthorsdottir_2021.xlsx#leaf gas-exchange_Franks!AX31",
102,"GCWab","stomata-franks_steinthorsdottir_2021.xlsx#leaf gas-exchange_Franks!AY31",
102,"eGCWab","stomata-franks_steinthorsdottir_2021.xlsx#leaf gas-exchange_Franks!AZ31",
102,"N_eGCWab","stomata-franks_steinthorsdottir_2021.xlsx#leaf gas-exchange_Franks!BA31",
102,"GCWad","stomata-franks_steinthorsdottir_2021.xlsx#leaf gas-exchange_Franks!BB31",
102,"eGCWad","stomata-franks_steinthorsdottir_2021.xlsx#leaf gas-exchange_Franks!BC31",
102,"N_eGCWad","stomata-franks_steinthorsdottir_2021.xlsx#leaf gas-exchange_Franks!BD31",
102,"d13Cp","stomata-franks_steinthorsdottir_2021.xlsx#leaf gas-exchange_Franks!BE31",
102,"ed13Cp","stomata-franks_steinthorsdottir_2021.xlsx#leaf gas-exchange_Franks!BF31",
102,"N_ed13Cp","stomata-franks_steinthorsdottir_2021.xlsx#leaf gas-exchange_Franks!BG31",
102,"CO2_0","stomata-franks_steinthorsdottir_2021.xlsx#leaf gas-exchange_Franks!BK31",
102,"dv","stomata-franks_steinthorsdottir_2021.xlsx#leaf gas-exchange_Franks!CL31",
102,"A0","stomata-franks_steinthorsdottir_2021.xlsx#leaf gas-exchange_Franks!BL31",
102,"eA0","stomata-franks_steinthorsdottir_2021.xlsx#leaf gas-exchange_Franks!BM31",
102,"N_eA0","stomata-franks_steinthorsdottir_2021.xlsx#leaf gas-exchange_Franks!BN31",
102,"gb","stomata-franks_steinthorsdottir_2021.xlsx#leaf gas-exchange_Franks!BR31",
102,"egb","stomata-franks_steinthorsdottir_2021.xlsx#leaf gas-exchange_Franks!BS31",
102,"N_egb","stomata-franks_steinthorsdottir_2021.xlsx#leaf gas-exchange_Franks!BT31",
102,"s1","stomata-franks_steinthorsdottir_2021.xlsx#leaf gas-exchange_Franks!BU31",
102,"es1","stomata-franks_steinthorsdottir_2021.xlsx#leaf gas-exchange_Franks!BV31",
102,"N_es1","stomata-franks_steinthorsdottir_2021.xlsx#leaf gas-exchange_Franks!BW31",
102,"s2","stomata-franks_steinthorsdottir_2021.xlsx#leaf gas-exchange_Franks!BX31",
102,"es2","stomata-franks_steinthorsdottir_2021.xlsx#leaf gas-exchange_Franks!BY31",
102,"N_es2","stomata-franks_steinthorsdottir_2021.xlsx#leaf gas-exchange_Franks!BZ31",
102,"s3","stomata-franks_steinthorsdottir_2021.xlsx#leaf gas-exchange_Franks!CA31",
102,"es3","stomata-franks_steinthorsdottir_2021.xlsx#leaf gas-exchange_Franks!CB31",
102,"N_es3","stomata-franks_steinthorsdottir_2021.xlsx#leaf gas-exchange_Franks!CC31",
102,"s4","stomata-franks_steinthorsdottir_2021.xlsx#leaf gas-exchange_Franks!CD31",
102,"es4","stomata-franks_steinthorsdottir_2021.xlsx#leaf gas-exchange_Franks!CE31",
102,"N_es4","stomata-franks_steinthorsdottir_2021.xlsx#leaf gas-exchange_Franks!CF31",
102,"s5","stomata-franks_steinthorsdottir_2021.xlsx#leaf gas-exchange_Franks!CG31",
102,"es5","stomata-franks_steinthorsdottir_2021.xlsx#leaf gas-exchange_Franks!CH31",
102,"N_es5","stomata-franks_steinthorsdottir_2021.xlsx#leaf gas-exchange_Franks!CI31",
103,"sample","stomata-franks_steinthorsdottir_2021.xlsx#leaf gas-exchange_Franks!O32",
103,"doi","stomata-franks_steinthorsdottir_2021.xlsx#leaf gas-exchange_Franks!D32",
103,"lat","stomata-franks_steinthorsdottir_2021.xlsx#leaf gas-exchange_Franks!AA32",
103,"lon","stomata-franks_steinthorsdottir_2021.xlsx#leaf gas-exchange_Franks!AB32",
103,"age_mean","stomata-franks_steinthorsdottir_2021_p1.0.xlsx#leaf gas-exchange_Franks!AH32",
103,"age_min","stomata-franks_steinthorsdottir_2021_p1.0.xlsx#leaf gas-exchange_Franks!AJ32",
103,"age_max","stomata-franks_steinthorsdottir_2021_p1.0.xlsx#leaf gas-exchange_Franks!AI32",
103,"age_notes","stomata-franks_steinthorsdottir_2021_p1.0.xlsx#leaf gas-exchange_Franks!AL32",
103,"family","stomata-franks_steinthorsdottir_2021.xlsx#leaf gas-exchange_Franks!P32",
103,"genus","stomata-franks_steinthorsdottir_2021.xlsx#leaf gas-exchange_Franks!Q32",
103,"Dab","stomata-franks_steinthorsdottir_2021.xlsx#leaf gas-exchange_Franks!AM32",
103,"eDab","stomata-franks_steinthorsdottir_2021.xlsx#leaf gas-exchange_Franks!AN32",
103,"N_eDab","stomata-franks_steinthorsdottir_2021.xlsx#leaf gas-exchange_Franks!AO32",
103,"Dad","stomata-franks_steinthorsdottir_2021.xlsx#leaf gas-exchange_Franks!AP32",
103,"eDad","stomata-franks_steinthorsdottir_2021.xlsx#leaf gas-exchange_Franks!AQ32",
103,"N_eDad","stomata-franks_steinthorsdottir_2021.xlsx#leaf gas-exchange_Franks!AR32",
103,"GCLab","stomata-franks_steinthorsdottir_2021.xlsx#leaf gas-exchange_Franks!AS32",
103,"eGCLab","stomata-franks_steinthorsdottir_2021.xlsx#leaf gas-exchange_Franks!AT32",
103,"N_eGCLab","stomata-franks_steinthorsdottir_2021.xlsx#leaf gas-exchange_Franks!AU32",
103,"GCLad","stomata-franks_steinthorsdottir_2021.xlsx#leaf gas-exchange_Franks!AV32",
103,"eGCLad","stomata-franks_steinthorsdottir_2021.xlsx#leaf gas-exchange_Franks!AW32",
103,"N_eGCLad","stomata-franks_steinthorsdottir_2021.xlsx#leaf gas-exchange_Franks!AX32",
103,"GCWab","stomata-franks_steinthorsdottir_2021.xlsx#leaf gas-exchange_Franks!AY32",
103,"eGCWab","stomata-franks_steinthorsdottir_2021.xlsx#leaf gas-exchange_Franks!AZ32",
103,"N_eGCWab","stomata-franks_steinthorsdottir_2021.xlsx#leaf gas-exchange_Franks!BA32",
103,"GCWad","stomata-franks_steinthorsdottir_2021.xlsx#leaf gas-exchange_Franks!BB32",
103,"eGCWad","stomata-franks_steinthorsdottir_2021.xlsx#leaf gas-exchange_Franks!BC32",
103,"N_eGCWad","stomata-franks_steinthorsdottir_2021.xlsx#leaf gas-exchange_Franks!BD32",
103,"d13Cp","stomata-franks_steinthorsdottir_2021.xlsx#leaf gas-exchange_Franks!BE32",
103,"ed13Cp","stomata-franks_steinthorsdottir_2021.xlsx#leaf gas-exchange_Franks!BF32",
103,"N_ed13Cp","stomata-franks_steinthorsdottir_2021.xlsx#leaf gas-exchange_Franks!BG32",
103,"CO2_0","stomata-franks_steinthorsdottir_2021.xlsx#leaf gas-exchange_Franks!BK32",
103,"dv","stomata-franks_steinthorsdottir_2021.xlsx#leaf gas-exchange_Franks!CL32",
103,"A0","stomata-franks_steinthorsdottir_2021.xlsx#leaf gas-exchange_Franks!BL32",
103,"eA0","stomata-franks_steinthorsdottir_2021.xlsx#leaf gas-exchange_Franks!BM32",
103,"N_eA0","stomata-franks_steinthorsdottir_2021.xlsx#leaf gas-exchange_Franks!BN32",
103,"gb","stomata-franks_steinthorsdottir_2021.xlsx#leaf gas-exchange_Franks!BR32",
103,"egb","stomata-franks_steinthorsdottir_2021.xlsx#leaf gas-exchange_Franks!BS32",
103,"N_egb","stomata-franks_steinthorsdottir_2021.xlsx#leaf gas-exchange_Franks!BT32",
103,"s1","stomata-franks_steinthorsdottir_2021.xlsx#leaf gas-exchange_Franks!BU32",
103,"es1","stomata-franks_steinthorsdottir_2021.xlsx#leaf gas-exchange_Franks!BV32",
103,"N_es1","stomata-franks_steinthorsdottir_2021.xlsx#leaf gas-exchange_Franks!BW32",
103,"s2","stomata-franks_steinthorsdottir_2021.xlsx#leaf gas-exchange_Franks!BX32",
103,"es2","stomata-franks_steinthorsdottir_2021.xlsx#leaf gas-exchange_Franks!BY32",
103,"N_es2","stomata-franks_steinthorsdottir_2021.xlsx#leaf gas-exchange_Franks!BZ32",
103,"s3","stomata-franks_steinthorsdottir_2021.xlsx#leaf gas-exchange_Franks!CA32",
103,"es3","stomata-franks_steinthorsdottir_2021.xlsx#leaf gas-exchange_Franks!CB32",
103,"N_es3","stomata-franks_steinthorsdottir_2021.xlsx#leaf gas-exchange_Franks!CC32",
103,"s4","stomata-franks_steinthorsdottir_2021.xlsx#leaf gas-exchange_Franks!CD32",
103,"es4","stomata-franks_steinthorsdottir_2021.xlsx#leaf gas-exchange_Franks!CE32",
103,"N_es4","stomata-franks_steinthorsdottir_2021.xlsx#leaf gas-exchange_Franks!CF32",
103,"s5","stomata-franks_steinthorsdottir_2021.xlsx#leaf gas-exchange_Franks!CG32",
103,"es5","stomata-franks_steinthorsdottir_2021.xlsx#leaf gas-exchange_Franks!CH32",
103,"N_es5","stomata-franks_steinthorsdottir_2021.xlsx#leaf gas-exchange_Franks!CI32",
104,"sample","stomata-franks_steinthorsdottir_2021.xlsx#leaf gas-exchange_Franks!O33",
104,"doi","stomata-franks_steinthorsdottir_2021.xlsx#leaf gas-exchange_Franks!D33",
104,"lat","stomata-franks_steinthorsdottir_2021.xlsx#leaf gas-exchange_Franks!AA33",
104,"lon","stomata-franks_steinthorsdottir_2021.xlsx#leaf gas-exchange_Franks!AB33",
104,"age_mean","stomata-franks_steinthorsdottir_2021_p1.0.xlsx#leaf gas-exchange_Franks!AH33",
104,"age_min","stomata-franks_steinthorsdottir_2021_p1.0.xlsx#leaf gas-exchange_Franks!AJ33",
104,"age_max","stomata-franks_steinthorsdottir_2021_p1.0.xlsx#leaf gas-exchange_Franks!AI33",
104,"age_notes","stomata-franks_steinthorsdottir_2021_p1.0.xlsx#leaf gas-exchange_Franks!AL33",
104,"family","stomata-franks_steinthorsdottir_2021.xlsx#leaf gas-exchange_Franks!P33",
104,"genus","stomata-franks_steinthorsdottir_2021.xlsx#leaf gas-exchange_Franks!Q33",
104,"Dab","stomata-franks_steinthorsdottir_2021.xlsx#leaf gas-exchange_Franks!AM33",
104,"eDab","stomata-franks_steinthorsdottir_2021.xlsx#leaf gas-exchange_Franks!AN33",
104,"N_eDab","stomata-franks_steinthorsdottir_2021.xlsx#leaf gas-exchange_Franks!AO33",
104,"Dad","stomata-franks_steinthorsdottir_2021.xlsx#leaf gas-exchange_Franks!AP33",
104,"eDad","stomata-franks_steinthorsdottir_2021.xlsx#leaf gas-exchange_Franks!AQ33",
104,"N_eDad","stomata-franks_steinthorsdottir_2021.xlsx#leaf gas-exchange_Franks!AR33",
104,"GCLab","stomata-franks_steinthorsdottir_2021.xlsx#leaf gas-exchange_Franks!AS33",
104,"eGCLab","stomata-franks_steinthorsdottir_2021.xlsx#leaf gas-exchange_Franks!AT33",
104,"N_eGCLab","stomata-franks_steinthorsdottir_2021.xlsx#leaf gas-exchange_Franks!AU33",
104,"GCLad","stomata-franks_steinthorsdottir_2021.xlsx#leaf gas-exchange_Franks!AV33",
104,"eGCLad","stomata-franks_steinthorsdottir_2021.xlsx#leaf gas-exchange_Franks!AW33",
104,"N_eGCLad","stomata-franks_steinthorsdottir_2021.xlsx#leaf gas-exchange_Franks!AX33",
104,"GCWab","stomata-franks_steinthorsdottir_2021.xlsx#leaf gas-exchange_Franks!AY33",
104,"eGCWab","stomata-franks_steinthorsdottir_2021.xlsx#leaf gas-exchange_Franks!AZ33",
104,"N_eGCWab","stomata-franks_steinthorsdottir_2021.xlsx#leaf gas-exchange_Franks!BA33",
104,"GCWad","stomata-franks_steinthorsdottir_2021.xlsx#leaf gas-exchange_Franks!BB33",
104,"eGCWad","stomata-franks_steinthorsdottir_2021.xlsx#leaf gas-exchange_Franks!BC33",
104,"N_eGCWad","stomata-franks_steinthorsdottir_2021.xlsx#leaf gas-exchange_Franks!BD33",
104,"d13Cp","stomata-franks_steinthorsdottir_2021.xlsx#leaf gas-exchange_Franks!BE33",
104,"ed13Cp","stomata-franks_steinthorsdottir_2021.xlsx#leaf gas-exchange_Franks!BF33",
104,"N_ed13Cp","stomata-franks_steinthorsdottir_2021.xlsx#leaf gas-exchange_Franks!BG33",
104,"CO2_0","stomata-franks_steinthorsdottir_2021.xlsx#leaf gas-exchange_Franks!BK33",
104,"dv","stomata-franks_steinthorsdottir_2021.xlsx#leaf gas-exchange_Franks!CL33",
104,"A0","stomata-franks_steinthorsdottir_2021.xlsx#leaf gas-exchange_Franks!BL33",
104,"eA0","stomata-franks_steinthorsdottir_2021.xlsx#leaf gas-exchange_Franks!BM33",
104,"N_eA0","stomata-franks_steinthorsdottir_2021.xlsx#leaf gas-exchange_Franks!BN33",
104,"gb","stomata-franks_steinthorsdottir_2021.xlsx#leaf gas-exchange_Franks!BR33",
104,"egb","stomata-franks_steinthorsdottir_2021.xlsx#leaf gas-exchange_Franks!BS33",
104,"N_egb","stomata-franks_steinthorsdottir_2021.xlsx#leaf gas-exchange_Franks!BT33",
104,"s1","stomata-franks_steinthorsdottir_2021.xlsx#leaf gas-exchange_Franks!BU33",
104,"es1","stomata-franks_steinthorsdottir_2021.xlsx#leaf gas-exchange_Franks!BV33",
104,"N_es1","stomata-franks_steinthorsdottir_2021.xlsx#leaf gas-exchange_Franks!BW33",
104,"s2","stomata-franks_steinthorsdottir_2021.xlsx#leaf gas-exchange_Franks!BX33",
104,"es2","stomata-franks_steinthorsdottir_2021.xlsx#leaf gas-exchange_Franks!BY33",
104,"N_es2","stomata-franks_steinthorsdottir_2021.xlsx#leaf gas-exchange_Franks!BZ33",
104,"s3","stomata-franks_steinthorsdottir_2021.xlsx#leaf gas-exchange_Franks!CA33",
104,"es3","stomata-franks_steinthorsdottir_2021.xlsx#leaf gas-exchange_Franks!CB33",
104,"N_es3","stomata-franks_steinthorsdottir_2021.xlsx#leaf gas-exchange_Franks!CC33",
104,"s4","stomata-franks_steinthorsdottir_2021.xlsx#leaf gas-exchange_Franks!CD33",
104,"es4","stomata-franks_steinthorsdottir_2021.xlsx#leaf gas-exchange_Franks!CE33",
104,"N_es4","stomata-franks_steinthorsdottir_2021.xlsx#leaf gas-exchange_Franks!CF33",
104,"s5","stomata-franks_steinthorsdottir_2021.xlsx#leaf gas-exchange_Franks!CG33",
104,"es5","stomata-franks_steinthorsdottir_2021.xlsx#leaf gas-exchange_Franks!CH33",
104,"N_es5","stomata-franks_steinthorsdottir_2021.xlsx#leaf gas-exchange_Franks!CI33",
105,"sample","stomata-franks_steinthorsdottir_2021.xlsx#leaf gas-exchange_Franks!O34",
105,"doi","stomata-franks_steinthorsdottir_2021.xlsx#leaf gas-exchange_Franks!D34",
105,"lat","stomata-franks_steinthorsdottir_2021.xlsx#leaf gas-exchange_Franks!AA34",
105,"lon","stomata-franks_steinthorsdottir_2021.xlsx#leaf gas-exchange_Franks!AB34",
105,"age_mean","stomata-franks_steinthorsdottir_2021_p1.0.xlsx#leaf gas-exchange_Franks!AH34",
105,"age_min","stomata-franks_steinthorsdottir_2021_p1.0.xlsx#leaf gas-exchange_Franks!AJ34",
105,"age_max","stomata-franks_steinthorsdottir_2021_p1.0.xlsx#leaf gas-exchange_Franks!AI34",
105,"age_notes","stomata-franks_steinthorsdottir_2021_p1.0.xlsx#leaf gas-exchange_Franks!AL34",
105,"family","stomata-franks_steinthorsdottir_2021.xlsx#leaf gas-exchange_Franks!P34",
105,"genus","stomata-franks_steinthorsdottir_2021.xlsx#leaf gas-exchange_Franks!Q34",
105,"Dab","stomata-franks_steinthorsdottir_2021.xlsx#leaf gas-exchange_Franks!AM34",
105,"eDab","stomata-franks_steinthorsdottir_2021.xlsx#leaf gas-exchange_Franks!AN34",
105,"N_eDab","stomata-franks_steinthorsdottir_2021.xlsx#leaf gas-exchange_Franks!AO34",
105,"Dad","stomata-franks_steinthorsdottir_2021.xlsx#leaf gas-exchange_Franks!AP34",
105,"eDad","stomata-franks_steinthorsdottir_2021.xlsx#leaf gas-exchange_Franks!AQ34",
105,"N_eDad","stomata-franks_steinthorsdottir_2021.xlsx#leaf gas-exchange_Franks!AR34",
105,"GCLab","stomata-franks_steinthorsdottir_2021.xlsx#leaf gas-exchange_Franks!AS34",
105,"eGCLab","stomata-franks_steinthorsdottir_2021.xlsx#leaf gas-exchange_Franks!AT34",
105,"N_eGCLab","stomata-franks_steinthorsdottir_2021.xlsx#leaf gas-exchange_Franks!AU34",
105,"GCLad","stomata-franks_steinthorsdottir_2021.xlsx#leaf gas-exchange_Franks!AV34",
105,"eGCLad","stomata-franks_steinthorsdottir_2021.xlsx#leaf gas-exchange_Franks!AW34",
105,"N_eGCLad","stomata-franks_steinthorsdottir_2021.xlsx#leaf gas-exchange_Franks!AX34",
105,"GCWab","stomata-franks_steinthorsdottir_2021.xlsx#leaf gas-exchange_Franks!AY34",
105,"eGCWab","stomata-franks_steinthorsdottir_2021.xlsx#leaf gas-exchange_Franks!AZ34",
105,"N_eGCWab","stomata-franks_steinthorsdottir_2021.xlsx#leaf gas-exchange_Franks!BA34",
105,"GCWad","stomata-franks_steinthorsdottir_2021.xlsx#leaf gas-exchange_Franks!BB34",
105,"eGCWad","stomata-franks_steinthorsdottir_2021.xlsx#leaf gas-exchange_Franks!BC34",
105,"N_eGCWad","stomata-franks_steinthorsdottir_2021.xlsx#leaf gas-exchange_Franks!BD34",
105,"d13Cp","stomata-franks_steinthorsdottir_2021.xlsx#leaf gas-exchange_Franks!BE34",
105,"ed13Cp","stomata-franks_steinthorsdottir_2021.xlsx#leaf gas-exchange_Franks!BF34",
105,"N_ed13Cp","stomata-franks_steinthorsdottir_2021.xlsx#leaf gas-exchange_Franks!BG34",
105,"CO2_0","stomata-franks_steinthorsdottir_2021.xlsx#leaf gas-exchange_Franks!BK34",
105,"dv","stomata-franks_steinthorsdottir_2021.xlsx#leaf gas-exchange_Franks!CL34",
105,"A0","stomata-franks_steinthorsdottir_2021.xlsx#leaf gas-exchange_Franks!BL34",
105,"eA0","stomata-franks_steinthorsdottir_2021.xlsx#leaf gas-exchange_Franks!BM34",
105,"N_eA0","stomata-franks_steinthorsdottir_2021.xlsx#leaf gas-exchange_Franks!BN34",
105,"gb","stomata-franks_steinthorsdottir_2021.xlsx#leaf gas-exchange_Franks!BR34",
105,"egb","stomata-franks_steinthorsdottir_2021.xlsx#leaf gas-exchange_Franks!BS34",
105,"N_egb","stomata-franks_steinthorsdottir_2021.xlsx#leaf gas-exchange_Franks!BT34",
105,"s1","stomata-franks_steinthorsdottir_2021.xlsx#leaf gas-exchange_Franks!BU34",
105,"es1","stomata-franks_steinthorsdottir_2021.xlsx#leaf gas-exchange_Franks!BV34",
105,"N_es1","stomata-franks_steinthorsdottir_2021.xlsx#leaf gas-exchange_Franks!BW34",
105,"s2","stomata-franks_steinthorsdottir_2021.xlsx#leaf gas-exchange_Franks!BX34",
105,"es2","stomata-franks_steinthorsdottir_2021.xlsx#leaf gas-exchange_Franks!BY34",
105,"N_es2","stomata-franks_steinthorsdottir_2021.xlsx#leaf gas-exchange_Franks!BZ34",
105,"s3","stomata-franks_steinthorsdottir_2021.xlsx#leaf gas-exchange_Franks!CA34",
105,"es3","stomata-franks_steinthorsdottir_2021.xlsx#leaf gas-exchange_Franks!CB34",
105,"N_es3","stomata-franks_steinthorsdottir_2021.xlsx#leaf gas-exchange_Franks!CC34",
105,"s4","stomata-franks_steinthorsdottir_2021.xlsx#leaf gas-exchange_Franks!CD34",
105,"es4","stomata-franks_steinthorsdottir_2021.xlsx#leaf gas-exchange_Franks!CE34",
105,"N_es4","stomata-franks_steinthorsdottir_2021.xlsx#leaf gas-exchange_Franks!CF34",
105,"s5","stomata-franks_steinthorsdottir_2021.xlsx#leaf gas-exchange_Franks!CG34",
105,"es5","stomata-franks_steinthorsdottir_2021.xlsx#leaf gas-exchange_Franks!CH34",
105,"N_es5","stomata-franks_steinthorsdottir_2021.xlsx#leaf gas-exchange_Franks!CI34",
106,"sample","stomata-franks_steinthorsdottir_2021.xlsx#leaf gas-exchange_Franks!O35",
106,"doi","stomata-franks_steinthorsdottir_2021.xlsx#leaf gas-exchange_Franks!D35",
106,"lat","stomata-franks_steinthorsdottir_2021.xlsx#leaf gas-exchange_Franks!AA35",
106,"lon","stomata-franks_steinthorsdottir_2021.xlsx#leaf gas-exchange_Franks!AB35",
106,"age_mean","stomata-franks_steinthorsdottir_2021_p1.0.xlsx#leaf gas-exchange_Franks!AH35",
106,"age_min","stomata-franks_steinthorsdottir_2021_p1.0.xlsx#leaf gas-exchange_Franks!AJ35",
106,"age_max","stomata-franks_steinthorsdottir_2021_p1.0.xlsx#leaf gas-exchange_Franks!AI35",
106,"age_notes","stomata-franks_steinthorsdottir_2021_p1.0.xlsx#leaf gas-exchange_Franks!AL35",
106,"family","stomata-franks_steinthorsdottir_2021.xlsx#leaf gas-exchange_Franks!P35",
106,"genus","stomata-franks_steinthorsdottir_2021.xlsx#leaf gas-exchange_Franks!Q35",
106,"Dab","stomata-franks_steinthorsdottir_2021.xlsx#leaf gas-exchange_Franks!AM35",
106,"eDab","stomata-franks_steinthorsdottir_2021.xlsx#leaf gas-exchange_Franks!AN35",
106,"N_eDab","stomata-franks_steinthorsdottir_2021.xlsx#leaf gas-exchange_Franks!AO35",
106,"Dad","stomata-franks_steinthorsdottir_2021.xlsx#leaf gas-exchange_Franks!AP35",
106,"eDad","stomata-franks_steinthorsdottir_2021.xlsx#leaf gas-exchange_Franks!AQ35",
106,"N_eDad","stomata-franks_steinthorsdottir_2021.xlsx#leaf gas-exchange_Franks!AR35",
106,"GCLab","stomata-franks_steinthorsdottir_2021.xlsx#leaf gas-exchange_Franks!AS35",
106,"eGCLab","stomata-franks_steinthorsdottir_2021.xlsx#leaf gas-exchange_Franks!AT35",
106,"N_eGCLab","stomata-franks_steinthorsdottir_2021.xlsx#leaf gas-exchange_Franks!AU35",
106,"GCLad","stomata-franks_steinthorsdottir_2021.xlsx#leaf gas-exchange_Franks!AV35",
106,"eGCLad","stomata-franks_steinthorsdottir_2021.xlsx#leaf gas-exchange_Franks!AW35",
106,"N_eGCLad","stomata-franks_steinthorsdottir_2021.xlsx#leaf gas-exchange_Franks!AX35",
106,"GCWab","stomata-franks_steinthorsdottir_2021.xlsx#leaf gas-exchange_Franks!AY35",
106,"eGCWab","stomata-franks_steinthorsdottir_2021.xlsx#leaf gas-exchange_Franks!AZ35",
106,"N_eGCWab","stomata-franks_steinthorsdottir_2021.xlsx#leaf gas-exchange_Franks!BA35",
106,"GCWad","stomata-franks_steinthorsdottir_2021.xlsx#leaf gas-exchange_Franks!BB35",
106,"eGCWad","stomata-franks_steinthorsdottir_2021.xlsx#leaf gas-exchange_Franks!BC35",
106,"N_eGCWad","stomata-franks_steinthorsdottir_2021.xlsx#leaf gas-exchange_Franks!BD35",
106,"d13Cp","stomata-franks_steinthorsdottir_2021.xlsx#leaf gas-exchange_Franks!BE35",
106,"ed13Cp","stomata-franks_steinthorsdottir_2021.xlsx#leaf gas-exchange_Franks!BF35",
106,"N_ed13Cp","stomata-franks_steinthorsdottir_2021.xlsx#leaf gas-exchange_Franks!BG35",
106,"CO2_0","stomata-franks_steinthorsdottir_2021.xlsx#leaf gas-exchange_Franks!BK35",
106,"dv","stomata-franks_steinthorsdottir_2021.xlsx#leaf gas-exchange_Franks!CL35",
106,"A0","stomata-franks_steinthorsdottir_2021.xlsx#leaf gas-exchange_Franks!BL35",
106,"eA0","stomata-franks_steinthorsdottir_2021.xlsx#leaf gas-exchange_Franks!BM35",
106,"N_eA0","stomata-franks_steinthorsdottir_2021.xlsx#leaf gas-exchange_Franks!BN35",
106,"gb","stomata-franks_steinthorsdottir_2021.xlsx#leaf gas-exchange_Franks!BR35",
106,"egb","stomata-franks_steinthorsdottir_2021.xlsx#leaf gas-exchange_Franks!BS35",
106,"N_egb","stomata-franks_steinthorsdottir_2021.xlsx#leaf gas-exchange_Franks!BT35",
106,"s1","stomata-franks_steinthorsdottir_2021.xlsx#leaf gas-exchange_Franks!BU35",
106,"es1","stomata-franks_steinthorsdottir_2021.xlsx#leaf gas-exchange_Franks!BV35",
106,"N_es1","stomata-franks_steinthorsdottir_2021.xlsx#leaf gas-exchange_Franks!BW35",
106,"s2","stomata-franks_steinthorsdottir_2021.xlsx#leaf gas-exchange_Franks!BX35",
106,"es2","stomata-franks_steinthorsdottir_2021.xlsx#leaf gas-exchange_Franks!BY35",
106,"N_es2","stomata-franks_steinthorsdottir_2021.xlsx#leaf gas-exchange_Franks!BZ35",
106,"s3","stomata-franks_steinthorsdottir_2021.xlsx#leaf gas-exchange_Franks!CA35",
106,"es3","stomata-franks_steinthorsdottir_2021.xlsx#leaf gas-exchange_Franks!CB35",
106,"N_es3","stomata-franks_steinthorsdottir_2021.xlsx#leaf gas-exchange_Franks!CC35",
106,"s4","stomata-franks_steinthorsdottir_2021.xlsx#leaf gas-exchange_Franks!CD35",
106,"es4","stomata-franks_steinthorsdottir_2021.xlsx#leaf gas-exchange_Franks!CE35",
106,"N_es4","stomata-franks_steinthorsdottir_2021.xlsx#leaf gas-exchange_Franks!CF35",
106,"s5","stomata-franks_steinthorsdottir_2021.xlsx#leaf gas-exchange_Franks!CG35",
106,"es5","stomata-franks_steinthorsdottir_2021.xlsx#leaf gas-exchange_Franks!CH35",
106,"N_es5","stomata-franks_steinthorsdottir_2021.xlsx#leaf gas-exchange_Franks!CI35",
107,"sample","stomata-franks_steinthorsdottir_2021.xlsx#leaf gas-exchange_Franks!O36",
107,"doi","stomata-franks_steinthorsdottir_2021.xlsx#leaf gas-exchange_Franks!D36",
107,"lat","stomata-franks_steinthorsdottir_2021.xlsx#leaf gas-exchange_Franks!AA36",
107,"lon","stomata-franks_steinthorsdottir_2021.xlsx#leaf gas-exchange_Franks!AB36",
107,"age_mean","stomata-franks_steinthorsdottir_2021_p1.0.xlsx#leaf gas-exchange_Franks!AH36",
107,"age_min","stomata-franks_steinthorsdottir_2021_p1.0.xlsx#leaf gas-exchange_Franks!AJ36",
107,"age_max","stomata-franks_steinthorsdottir_2021_p1.0.xlsx#leaf gas-exchange_Franks!AI36",
107,"age_notes","stomata-franks_steinthorsdottir_2021_p1.0.xlsx#leaf gas-exchange_Franks!AL36",
107,"family","stomata-franks_steinthorsdottir_2021.xlsx#leaf gas-exchange_Franks!P36",
107,"genus","stomata-franks_steinthorsdottir_2021.xlsx#leaf gas-exchange_Franks!Q36",
107,"Dab","stomata-franks_steinthorsdottir_2021.xlsx#leaf gas-exchange_Franks!AM36",
107,"eDab","stomata-franks_steinthorsdottir_2021.xlsx#leaf gas-exchange_Franks!AN36",
107,"N_eDab","stomata-franks_steinthorsdottir_2021.xlsx#leaf gas-exchange_Franks!AO36",
107,"Dad","stomata-franks_steinthorsdottir_2021.xlsx#leaf gas-exchange_Franks!AP36",
107,"eDad","stomata-franks_steinthorsdottir_2021.xlsx#leaf gas-exchange_Franks!AQ36",
107,"N_eDad","stomata-franks_steinthorsdottir_2021.xlsx#leaf gas-exchange_Franks!AR36",
107,"GCLab","stomata-franks_steinthorsdottir_2021.xlsx#leaf gas-exchange_Franks!AS36",
107,"eGCLab","stomata-franks_steinthorsdottir_2021.xlsx#leaf gas-exchange_Franks!AT36",
107,"N_eGCLab","stomata-franks_steinthorsdottir_2021.xlsx#leaf gas-exchange_Franks!AU36",
107,"GCLad","stomata-franks_steinthorsdottir_2021.xlsx#leaf gas-exchange_Franks!AV36",
107,"eGCLad","stomata-franks_steinthorsdottir_2021.xlsx#leaf gas-exchange_Franks!AW36",
107,"N_eGCLad","stomata-franks_steinthorsdottir_2021.xlsx#leaf gas-exchange_Franks!AX36",
107,"GCWab","stomata-franks_steinthorsdottir_2021.xlsx#leaf gas-exchange_Franks!AY36",
107,"eGCWab","stomata-franks_steinthorsdottir_2021.xlsx#leaf gas-exchange_Franks!AZ36",
107,"N_eGCWab","stomata-franks_steinthorsdottir_2021.xlsx#leaf gas-exchange_Franks!BA36",
107,"GCWad","stomata-franks_steinthorsdottir_2021.xlsx#leaf gas-exchange_Franks!BB36",
107,"eGCWad","stomata-franks_steinthorsdottir_2021.xlsx#leaf gas-exchange_Franks!BC36",
107,"N_eGCWad","stomata-franks_steinthorsdottir_2021.xlsx#leaf gas-exchange_Franks!BD36",
107,"d13Cp","stomata-franks_steinthorsdottir_2021.xlsx#leaf gas-exchange_Franks!BE36",
107,"ed13Cp","stomata-franks_steinthorsdottir_2021.xlsx#leaf gas-exchange_Franks!BF36",
107,"N_ed13Cp","stomata-franks_steinthorsdottir_2021.xlsx#leaf gas-exchange_Franks!BG36",
107,"CO2_0","stomata-franks_steinthorsdottir_2021.xlsx#leaf gas-exchange_Franks!BK36",
107,"dv","stomata-franks_steinthorsdottir_2021.xlsx#leaf gas-exchange_Franks!CL36",
107,"A0","stomata-franks_steinthorsdottir_2021.xlsx#leaf gas-exchange_Franks!BL36",
107,"eA0","stomata-franks_steinthorsdottir_2021.xlsx#leaf gas-exchange_Franks!BM36",
107,"N_eA0","stomata-franks_steinthorsdottir_2021.xlsx#leaf gas-exchange_Franks!BN36",
107,"gb","stomata-franks_steinthorsdottir_2021.xlsx#leaf gas-exchange_Franks!BR36",
107,"egb","stomata-franks_steinthorsdottir_2021.xlsx#leaf gas-exchange_Franks!BS36",
107,"N_egb","stomata-franks_steinthorsdottir_2021.xlsx#leaf gas-exchange_Franks!BT36",
107,"s1","stomata-franks_steinthorsdottir_2021.xlsx#leaf gas-exchange_Franks!BU36",
107,"es1","stomata-franks_steinthorsdottir_2021.xlsx#leaf gas-exchange_Franks!BV36",
107,"N_es1","stomata-franks_steinthorsdottir_2021.xlsx#leaf gas-exchange_Franks!BW36",
107,"s2","stomata-franks_steinthorsdottir_2021.xlsx#leaf gas-exchange_Franks!BX36",
107,"es2","stomata-franks_steinthorsdottir_2021.xlsx#leaf gas-exchange_Franks!BY36",
107,"N_es2","stomata-franks_steinthorsdottir_2021.xlsx#leaf gas-exchange_Franks!BZ36",
107,"s3","stomata-franks_steinthorsdottir_2021.xlsx#leaf gas-exchange_Franks!CA36",
107,"es3","stomata-franks_steinthorsdottir_2021.xlsx#leaf gas-exchange_Franks!CB36",
107,"N_es3","stomata-franks_steinthorsdottir_2021.xlsx#leaf gas-exchange_Franks!CC36",
107,"s4","stomata-franks_steinthorsdottir_2021.xlsx#leaf gas-exchange_Franks!CD36",
107,"es4","stomata-franks_steinthorsdottir_2021.xlsx#leaf gas-exchange_Franks!CE36",
107,"N_es4","stomata-franks_steinthorsdottir_2021.xlsx#leaf gas-exchange_Franks!CF36",
107,"s5","stomata-franks_steinthorsdottir_2021.xlsx#leaf gas-exchange_Franks!CG36",
107,"es5","stomata-franks_steinthorsdottir_2021.xlsx#leaf gas-exchange_Franks!CH36",
107,"N_es5","stomata-franks_steinthorsdottir_2021.xlsx#leaf gas-exchange_Franks!CI36",
108,"sample","stomata-franks_steinthorsdottir_2021.xlsx#leaf gas-exchange_Franks!O37",
108,"doi","stomata-franks_steinthorsdottir_2021.xlsx#leaf gas-exchange_Franks!D37",
108,"lat","stomata-franks_steinthorsdottir_2021.xlsx#leaf gas-exchange_Franks!AA37",
108,"lon","stomata-franks_steinthorsdottir_2021.xlsx#leaf gas-exchange_Franks!AB37",
108,"age_mean","stomata-franks_steinthorsdottir_2021_p1.0.xlsx#leaf gas-exchange_Franks!AH37",
108,"age_min","stomata-franks_steinthorsdottir_2021_p1.0.xlsx#leaf gas-exchange_Franks!AJ37",
108,"age_max","stomata-franks_steinthorsdottir_2021_p1.0.xlsx#leaf gas-exchange_Franks!AI37",
108,"age_notes","stomata-franks_steinthorsdottir_2021_p1.0.xlsx#leaf gas-exchange_Franks!AL37",
108,"family","stomata-franks_steinthorsdottir_2021.xlsx#leaf gas-exchange_Franks!P37",
108,"genus","stomata-franks_steinthorsdottir_2021.xlsx#leaf gas-exchange_Franks!Q37",
108,"Dab","stomata-franks_steinthorsdottir_2021.xlsx#leaf gas-exchange_Franks!AM37",
108,"eDab","stomata-franks_steinthorsdottir_2021.xlsx#leaf gas-exchange_Franks!AN37",
108,"N_eDab","stomata-franks_steinthorsdottir_2021.xlsx#leaf gas-exchange_Franks!AO37",
108,"Dad","stomata-franks_steinthorsdottir_2021.xlsx#leaf gas-exchange_Franks!AP37",
108,"eDad","stomata-franks_steinthorsdottir_2021.xlsx#leaf gas-exchange_Franks!AQ37",
108,"N_eDad","stomata-franks_steinthorsdottir_2021.xlsx#leaf gas-exchange_Franks!AR37",
108,"GCLab","stomata-franks_steinthorsdottir_2021.xlsx#leaf gas-exchange_Franks!AS37",
108,"eGCLab","stomata-franks_steinthorsdottir_2021.xlsx#leaf gas-exchange_Franks!AT37",
108,"N_eGCLab","stomata-franks_steinthorsdottir_2021.xlsx#leaf gas-exchange_Franks!AU37",
108,"GCLad","stomata-franks_steinthorsdottir_2021.xlsx#leaf gas-exchange_Franks!AV37",
108,"eGCLad","stomata-franks_steinthorsdottir_2021.xlsx#leaf gas-exchange_Franks!AW37",
108,"N_eGCLad","stomata-franks_steinthorsdottir_2021.xlsx#leaf gas-exchange_Franks!AX37",
108,"GCWab","stomata-franks_steinthorsdottir_2021.xlsx#leaf gas-exchange_Franks!AY37",
108,"eGCWab","stomata-franks_steinthorsdottir_2021.xlsx#leaf gas-exchange_Franks!AZ37",
108,"N_eGCWab","stomata-franks_steinthorsdottir_2021.xlsx#leaf gas-exchange_Franks!BA37",
108,"GCWad","stomata-franks_steinthorsdottir_2021.xlsx#leaf gas-exchange_Franks!BB37",
108,"eGCWad","stomata-franks_steinthorsdottir_2021.xlsx#leaf gas-exchange_Franks!BC37",
108,"N_eGCWad","stomata-franks_steinthorsdottir_2021.xlsx#leaf gas-exchange_Franks!BD37",
108,"d13Cp","stomata-franks_steinthorsdottir_2021.xlsx#leaf gas-exchange_Franks!BE37",
108,"ed13Cp","stomata-franks_steinthorsdottir_2021.xlsx#leaf gas-exchange_Franks!BF37",
108,"N_ed13Cp","stomata-franks_steinthorsdottir_2021.xlsx#leaf gas-exchange_Franks!BG37",
108,"CO2_0","stomata-franks_steinthorsdottir_2021.xlsx#leaf gas-exchange_Franks!BK37",
108,"dv","stomata-franks_steinthorsdottir_2021.xlsx#leaf gas-exchange_Franks!CL37",
108,"A0","stomata-franks_steinthorsdottir_2021.xlsx#leaf gas-exchange_Franks!BL37",
108,"eA0","stomata-franks_steinthorsdottir_2021.xlsx#leaf gas-exchange_Franks!BM37",
108,"N_eA0","stomata-franks_steinthorsdottir_2021.xlsx#leaf gas-exchange_Franks!BN37",
108,"gb","stomata-franks_steinthorsdottir_2021.xlsx#leaf gas-exchange_Franks!BR37",
108,"egb","stomata-franks_steinthorsdottir_2021.xlsx#leaf gas-exchange_Franks!BS37",
108,"N_egb","stomata-franks_steinthorsdottir_2021.xlsx#leaf gas-exchange_Franks!BT37",
108,"s1","stomata-franks_steinthorsdottir_2021.xlsx#leaf gas-exchange_Franks!BU37",
108,"es1","stomata-franks_steinthorsdottir_2021.xlsx#leaf gas-exchange_Franks!BV37",
108,"N_es1","stomata-franks_steinthorsdottir_2021.xlsx#leaf gas-exchange_Franks!BW37",
108,"s2","stomata-franks_steinthorsdottir_2021.xlsx#leaf gas-exchange_Franks!BX37",
108,"es2","stomata-franks_steinthorsdottir_2021.xlsx#leaf gas-exchange_Franks!BY37",
108,"N_es2","stomata-franks_steinthorsdottir_2021.xlsx#leaf gas-exchange_Franks!BZ37",
108,"s3","stomata-franks_steinthorsdottir_2021.xlsx#leaf gas-exchange_Franks!CA37",
108,"es3","stomata-franks_steinthorsdottir_2021.xlsx#leaf gas-exchange_Franks!CB37",
108,"N_es3","stomata-franks_steinthorsdottir_2021.xlsx#leaf gas-exchange_Franks!CC37",
108,"s4","stomata-franks_steinthorsdottir_2021.xlsx#leaf gas-exchange_Franks!CD37",
108,"es4","stomata-franks_steinthorsdottir_2021.xlsx#leaf gas-exchange_Franks!CE37",
108,"N_es4","stomata-franks_steinthorsdottir_2021.xlsx#leaf gas-exchange_Franks!CF37",
108,"s5","stomata-franks_steinthorsdottir_2021.xlsx#leaf gas-exchange_Franks!CG37",
108,"es5","stomata-franks_steinthorsdottir_2021.xlsx#leaf gas-exchange_Franks!CH37",
108,"N_es5","stomata-franks_steinthorsdottir_2021.xlsx#leaf gas-exchange_Franks!CI37",
109,"sample","stomata-franks_steinthorsdottir_2021.xlsx#leaf gas-exchange_Franks!O38",
109,"doi","stomata-franks_steinthorsdottir_2021.xlsx#leaf gas-exchange_Franks!D38",
109,"lat","stomata-franks_steinthorsdottir_2021.xlsx#leaf gas-exchange_Franks!AA38",
109,"lon","stomata-franks_steinthorsdottir_2021.xlsx#leaf gas-exchange_Franks!AB38",
109,"age_mean","stomata-franks_steinthorsdottir_2021_p1.0.xlsx#leaf gas-exchange_Franks!AH38",
109,"age_min","stomata-franks_steinthorsdottir_2021_p1.0.xlsx#leaf gas-exchange_Franks!AJ38",
109,"age_max","stomata-franks_steinthorsdottir_2021_p1.0.xlsx#leaf gas-exchange_Franks!AI38",
109,"age_notes","stomata-franks_steinthorsdottir_2021_p1.0.xlsx#leaf gas-exchange_Franks!AL38",
109,"family","stomata-franks_steinthorsdottir_2021.xlsx#leaf gas-exchange_Franks!P38",
109,"genus","stomata-franks_steinthorsdottir_2021.xlsx#leaf gas-exchange_Franks!Q38",
109,"Dab","stomata-franks_steinthorsdottir_2021.xlsx#leaf gas-exchange_Franks!AM38",
109,"eDab","stomata-franks_steinthorsdottir_2021.xlsx#leaf gas-exchange_Franks!AN38",
109,"N_eDab","stomata-franks_steinthorsdottir_2021.xlsx#leaf gas-exchange_Franks!AO38",
109,"Dad","stomata-franks_steinthorsdottir_2021.xlsx#leaf gas-exchange_Franks!AP38",
109,"eDad","stomata-franks_steinthorsdottir_2021.xlsx#leaf gas-exchange_Franks!AQ38",
109,"N_eDad","stomata-franks_steinthorsdottir_2021.xlsx#leaf gas-exchange_Franks!AR38",
109,"GCLab","stomata-franks_steinthorsdottir_2021.xlsx#leaf gas-exchange_Franks!AS38",
109,"eGCLab","stomata-franks_steinthorsdottir_2021.xlsx#leaf gas-exchange_Franks!AT38",
109,"N_eGCLab","stomata-franks_steinthorsdottir_2021.xlsx#leaf gas-exchange_Franks!AU38",
109,"GCLad","stomata-franks_steinthorsdottir_2021.xlsx#leaf gas-exchange_Franks!AV38",
109,"eGCLad","stomata-franks_steinthorsdottir_2021.xlsx#leaf gas-exchange_Franks!AW38",
109,"N_eGCLad","stomata-franks_steinthorsdottir_2021.xlsx#leaf gas-exchange_Franks!AX38",
109,"GCWab","stomata-franks_steinthorsdottir_2021.xlsx#leaf gas-exchange_Franks!AY38",
109,"eGCWab","stomata-franks_steinthorsdottir_2021.xlsx#leaf gas-exchange_Franks!AZ38",
109,"N_eGCWab","stomata-franks_steinthorsdottir_2021.xlsx#leaf gas-exchange_Franks!BA38",
109,"GCWad","stomata-franks_steinthorsdottir_2021.xlsx#leaf gas-exchange_Franks!BB38",
109,"eGCWad","stomata-franks_steinthorsdottir_2021.xlsx#leaf gas-exchange_Franks!BC38",
109,"N_eGCWad","stomata-franks_steinthorsdottir_2021.xlsx#leaf gas-exchange_Franks!BD38",
109,"d13Cp","stomata-franks_steinthorsdottir_2021.xlsx#leaf gas-exchange_Franks!BE38",
109,"ed13Cp","stomata-franks_steinthorsdottir_2021.xlsx#leaf gas-exchange_Franks!BF38",
109,"N_ed13Cp","stomata-franks_steinthorsdottir_2021.xlsx#leaf gas-exchange_Franks!BG38",
109,"CO2_0","stomata-franks_steinthorsdottir_2021.xlsx#leaf gas-exchange_Franks!BK38",
109,"dv","stomata-franks_steinthorsdottir_2021.xlsx#leaf gas-exchange_Franks!CL38",
109,"A0","stomata-franks_steinthorsdottir_2021.xlsx#leaf gas-exchange_Franks!BL38",
109,"eA0","stomata-franks_steinthorsdottir_2021.xlsx#leaf gas-exchange_Franks!BM38",
109,"N_eA0","stomata-franks_steinthorsdottir_2021.xlsx#leaf gas-exchange_Franks!BN38",
109,"gb","stomata-franks_steinthorsdottir_2021.xlsx#leaf gas-exchange_Franks!BR38",
109,"egb","stomata-franks_steinthorsdottir_2021.xlsx#leaf gas-exchange_Franks!BS38",
109,"N_egb","stomata-franks_steinthorsdottir_2021.xlsx#leaf gas-exchange_Franks!BT38",
109,"s1","stomata-franks_steinthorsdottir_2021.xlsx#leaf gas-exchange_Franks!BU38",
109,"es1","stomata-franks_steinthorsdottir_2021.xlsx#leaf gas-exchange_Franks!BV38",
109,"N_es1","stomata-franks_steinthorsdottir_2021.xlsx#leaf gas-exchange_Franks!BW38",
109,"s2","stomata-franks_steinthorsdottir_2021.xlsx#leaf gas-exchange_Franks!BX38",
109,"es2","stomata-franks_steinthorsdottir_2021.xlsx#leaf gas-exchange_Franks!BY38",
109,"N_es2","stomata-franks_steinthorsdottir_2021.xlsx#leaf gas-exchange_Franks!BZ38",
109,"s3","stomata-franks_steinthorsdottir_2021.xlsx#leaf gas-exchange_Franks!CA38",
109,"es3","stomata-franks_steinthorsdottir_2021.xlsx#leaf gas-exchange_Franks!CB38",
109,"N_es3","stomata-franks_steinthorsdottir_2021.xlsx#leaf gas-exchange_Franks!CC38",
109,"s4","stomata-franks_steinthorsdottir_2021.xlsx#leaf gas-exchange_Franks!CD38",
109,"es4","stomata-franks_steinthorsdottir_2021.xlsx#leaf gas-exchange_Franks!CE38",
109,"N_es4","stomata-franks_steinthorsdottir_2021.xlsx#leaf gas-exchange_Franks!CF38",
109,"s5","stomata-franks_steinthorsdottir_2021.xlsx#leaf gas-exchange_Franks!CG38",
109,"es5","stomata-franks_steinthorsdottir_2021.xlsx#leaf gas-exchange_Franks!CH38",
109,"N_es5","stomata-franks_steinthorsdottir_2021.xlsx#leaf gas-exchange_Franks!CI38",
110,"sample","stomata-franks_steinthorsdottir_2021.xlsx#leaf gas-exchange_Franks!O39",
110,"doi","stomata-franks_steinthorsdottir_2021.xlsx#leaf gas-exchange_Franks!D39",
110,"lat","stomata-franks_steinthorsdottir_2021.xlsx#leaf gas-exchange_Franks!AA39",
110,"lon","stomata-franks_steinthorsdottir_2021.xlsx#leaf gas-exchange_Franks!AB39",
110,"age_mean","stomata-franks_steinthorsdottir_2021_p1.0.xlsx#leaf gas-exchange_Franks!AH39",
110,"age_min","stomata-franks_steinthorsdottir_2021_p1.0.xlsx#leaf gas-exchange_Franks!AJ39",
110,"age_max","stomata-franks_steinthorsdottir_2021_p1.0.xlsx#leaf gas-exchange_Franks!AI39",
110,"age_notes","stomata-franks_steinthorsdottir_2021_p1.0.xlsx#leaf gas-exchange_Franks!AL39",
110,"family","stomata-franks_steinthorsdottir_2021.xlsx#leaf gas-exchange_Franks!P39",
110,"genus","stomata-franks_steinthorsdottir_2021.xlsx#leaf gas-exchange_Franks!Q39",
110,"Dab","stomata-franks_steinthorsdottir_2021.xlsx#leaf gas-exchange_Franks!AM39",
110,"eDab","stomata-franks_steinthorsdottir_2021.xlsx#leaf gas-exchange_Franks!AN39",
110,"N_eDab","stomata-franks_steinthorsdottir_2021.xlsx#leaf gas-exchange_Franks!AO39",
110,"Dad","stomata-franks_steinthorsdottir_2021.xlsx#leaf gas-exchange_Franks!AP39",
110,"eDad","stomata-franks_steinthorsdottir_2021.xlsx#leaf gas-exchange_Franks!AQ39",
110,"N_eDad","stomata-franks_steinthorsdottir_2021.xlsx#leaf gas-exchange_Franks!AR39",
110,"GCLab","stomata-franks_steinthorsdottir_2021.xlsx#leaf gas-exchange_Franks!AS39",
110,"eGCLab","stomata-franks_steinthorsdottir_2021.xlsx#leaf gas-exchange_Franks!AT39",
110,"N_eGCLab","stomata-franks_steinthorsdottir_2021.xlsx#leaf gas-exchange_Franks!AU39",
110,"GCLad","stomata-franks_steinthorsdottir_2021.xlsx#leaf gas-exchange_Franks!AV39",
110,"eGCLad","stomata-franks_steinthorsdottir_2021.xlsx#leaf gas-exchange_Franks!AW39",
110,"N_eGCLad","stomata-franks_steinthorsdottir_2021.xlsx#leaf gas-exchange_Franks!AX39",
110,"GCWab","stomata-franks_steinthorsdottir_2021.xlsx#leaf gas-exchange_Franks!AY39",
110,"eGCWab","stomata-franks_steinthorsdottir_2021.xlsx#leaf gas-exchange_Franks!AZ39",
110,"N_eGCWab","stomata-franks_steinthorsdottir_2021.xlsx#leaf gas-exchange_Franks!BA39",
110,"GCWad","stomata-franks_steinthorsdottir_2021.xlsx#leaf gas-exchange_Franks!BB39",
110,"eGCWad","stomata-franks_steinthorsdottir_2021.xlsx#leaf gas-exchange_Franks!BC39",
110,"N_eGCWad","stomata-franks_steinthorsdottir_2021.xlsx#leaf gas-exchange_Franks!BD39",
110,"d13Cp","stomata-franks_steinthorsdottir_2021.xlsx#leaf gas-exchange_Franks!BE39",
110,"ed13Cp","stomata-franks_steinthorsdottir_2021.xlsx#leaf gas-exchange_Franks!BF39",
110,"N_ed13Cp","stomata-franks_steinthorsdottir_2021.xlsx#leaf gas-exchange_Franks!BG39",
110,"CO2_0","stomata-franks_steinthorsdottir_2021.xlsx#leaf gas-exchange_Franks!BK39",
110,"dv","stomata-franks_steinthorsdottir_2021.xlsx#leaf gas-exchange_Franks!CL39",
110,"A0","stomata-franks_steinthorsdottir_2021.xlsx#leaf gas-exchange_Franks!BL39",
110,"eA0","stomata-franks_steinthorsdottir_2021.xlsx#leaf gas-exchange_Franks!BM39",
110,"N_eA0","stomata-franks_steinthorsdottir_2021.xlsx#leaf gas-exchange_Franks!BN39",
110,"gb","stomata-franks_steinthorsdottir_2021.xlsx#leaf gas-exchange_Franks!BR39",
110,"egb","stomata-franks_steinthorsdottir_2021.xlsx#leaf gas-exchange_Franks!BS39",
110,"N_egb","stomata-franks_steinthorsdottir_2021.xlsx#leaf gas-exchange_Franks!BT39",
110,"s1","stomata-franks_steinthorsdottir_2021.xlsx#leaf gas-exchange_Franks!BU39",
110,"es1","stomata-franks_steinthorsdottir_2021.xlsx#leaf gas-exchange_Franks!BV39",
110,"N_es1","stomata-franks_steinthorsdottir_2021.xlsx#leaf gas-exchange_Franks!BW39",
110,"s2","stomata-franks_steinthorsdottir_2021.xlsx#leaf gas-exchange_Franks!BX39",
110,"es2","stomata-franks_steinthorsdottir_2021.xlsx#leaf gas-exchange_Franks!BY39",
110,"N_es2","stomata-franks_steinthorsdottir_2021.xlsx#leaf gas-exchange_Franks!BZ39",
110,"s3","stomata-franks_steinthorsdottir_2021.xlsx#leaf gas-exchange_Franks!CA39",
110,"es3","stomata-franks_steinthorsdottir_2021.xlsx#leaf gas-exchange_Franks!CB39",
110,"N_es3","stomata-franks_steinthorsdottir_2021.xlsx#leaf gas-exchange_Franks!CC39",
110,"s4","stomata-franks_steinthorsdottir_2021.xlsx#leaf gas-exchange_Franks!CD39",
110,"es4","stomata-franks_steinthorsdottir_2021.xlsx#leaf gas-exchange_Franks!CE39",
110,"N_es4","stomata-franks_steinthorsdottir_2021.xlsx#leaf gas-exchange_Franks!CF39",
110,"s5","stomata-franks_steinthorsdottir_2021.xlsx#leaf gas-exchange_Franks!CG39",
110,"es5","stomata-franks_steinthorsdottir_2021.xlsx#leaf gas-exchange_Franks!CH39",
110,"N_es5","stomata-franks_steinthorsdottir_2021.xlsx#leaf gas-exchange_Franks!CI39",
111,"sample","stomata-franks_steinthorsdottir_2021.xlsx#leaf gas-exchange_Franks!O40",
111,"doi","stomata-franks_steinthorsdottir_2021.xlsx#leaf gas-exchange_Franks!D40",
111,"lat","stomata-franks_steinthorsdottir_2021.xlsx#leaf gas-exchange_Franks!AA40",
111,"lon","stomata-franks_steinthorsdottir_2021.xlsx#leaf gas-exchange_Franks!AB40",
111,"age_mean","stomata-franks_steinthorsdottir_2021_p1.0.xlsx#leaf gas-exchange_Franks!AH40",
111,"age_min","stomata-franks_steinthorsdottir_2021_p1.0.xlsx#leaf gas-exchange_Franks!AJ40",
111,"age_max","stomata-franks_steinthorsdottir_2021_p1.0.xlsx#leaf gas-exchange_Franks!AI40",
111,"age_notes","stomata-franks_steinthorsdottir_2021_p1.0.xlsx#leaf gas-exchange_Franks!AL40",
111,"family","stomata-franks_steinthorsdottir_2021.xlsx#leaf gas-exchange_Franks!P40",
111,"genus","stomata-franks_steinthorsdottir_2021.xlsx#leaf gas-exchange_Franks!Q40",
111,"Dab","stomata-franks_steinthorsdottir_2021.xlsx#leaf gas-exchange_Franks!AM40",
111,"eDab","stomata-franks_steinthorsdottir_2021.xlsx#leaf gas-exchange_Franks!AN40",
111,"N_eDab","stomata-franks_steinthorsdottir_2021.xlsx#leaf gas-exchange_Franks!AO40",
111,"Dad","stomata-franks_steinthorsdottir_2021.xlsx#leaf gas-exchange_Franks!AP40",
111,"eDad","stomata-franks_steinthorsdottir_2021.xlsx#leaf gas-exchange_Franks!AQ40",
111,"N_eDad","stomata-franks_steinthorsdottir_2021.xlsx#leaf gas-exchange_Franks!AR40",
111,"GCLab","stomata-franks_steinthorsdottir_2021.xlsx#leaf gas-exchange_Franks!AS40",
111,"eGCLab","stomata-franks_steinthorsdottir_2021.xlsx#leaf gas-exchange_Franks!AT40",
111,"N_eGCLab","stomata-franks_steinthorsdottir_2021.xlsx#leaf gas-exchange_Franks!AU40",
111,"GCLad","stomata-franks_steinthorsdottir_2021.xlsx#leaf gas-exchange_Franks!AV40",
111,"eGCLad","stomata-franks_steinthorsdottir_2021.xlsx#leaf gas-exchange_Franks!AW40",
111,"N_eGCLad","stomata-franks_steinthorsdottir_2021.xlsx#leaf gas-exchange_Franks!AX40",
111,"GCWab","stomata-franks_steinthorsdottir_2021.xlsx#leaf gas-exchange_Franks!AY40",
111,"eGCWab","stomata-franks_steinthorsdottir_2021.xlsx#leaf gas-exchange_Franks!AZ40",
111,"N_eGCWab","stomata-franks_steinthorsdottir_2021.xlsx#leaf gas-exchange_Franks!BA40",
111,"GCWad","stomata-franks_steinthorsdottir_2021.xlsx#leaf gas-exchange_Franks!BB40",
111,"eGCWad","stomata-franks_steinthorsdottir_2021.xlsx#leaf gas-exchange_Franks!BC40",
111,"N_eGCWad","stomata-franks_steinthorsdottir_2021.xlsx#leaf gas-exchange_Franks!BD40",
111,"d13Cp","stomata-franks_steinthorsdottir_2021.xlsx#leaf gas-exchange_Franks!BE40",
111,"ed13Cp","stomata-franks_steinthorsdottir_2021.xlsx#leaf gas-exchange_Franks!BF40",
111,"N_ed13Cp","stomata-franks_steinthorsdottir_2021.xlsx#leaf gas-exchange_Franks!BG40",
111,"CO2_0","stomata-franks_steinthorsdottir_2021.xlsx#leaf gas-exchange_Franks!BK40",
111,"dv","stomata-franks_steinthorsdottir_2021.xlsx#leaf gas-exchange_Franks!CL40",
111,"A0","stomata-franks_steinthorsdottir_2021.xlsx#leaf gas-exchange_Franks!BL40",
111,"eA0","stomata-franks_steinthorsdottir_2021.xlsx#leaf gas-exchange_Franks!BM40",
111,"N_eA0","stomata-franks_steinthorsdottir_2021.xlsx#leaf gas-exchange_Franks!BN40",
111,"gb","stomata-franks_steinthorsdottir_2021.xlsx#leaf gas-exchange_Franks!BR40",
111,"egb","stomata-franks_steinthorsdottir_2021.xlsx#leaf gas-exchange_Franks!BS40",
111,"N_egb","stomata-franks_steinthorsdottir_2021.xlsx#leaf gas-exchange_Franks!BT40",
111,"s1","stomata-franks_steinthorsdottir_2021.xlsx#leaf gas-exchange_Franks!BU40",
111,"es1","stomata-franks_steinthorsdottir_2021.xlsx#leaf gas-exchange_Franks!BV40",
111,"N_es1","stomata-franks_steinthorsdottir_2021.xlsx#leaf gas-exchange_Franks!BW40",
111,"s2","stomata-franks_steinthorsdottir_2021.xlsx#leaf gas-exchange_Franks!BX40",
111,"es2","stomata-franks_steinthorsdottir_2021.xlsx#leaf gas-exchange_Franks!BY40",
111,"N_es2","stomata-franks_steinthorsdottir_2021.xlsx#leaf gas-exchange_Franks!BZ40",
111,"s3","stomata-franks_steinthorsdottir_2021.xlsx#leaf gas-exchange_Franks!CA40",
111,"es3","stomata-franks_steinthorsdottir_2021.xlsx#leaf gas-exchange_Franks!CB40",
111,"N_es3","stomata-franks_steinthorsdottir_2021.xlsx#leaf gas-exchange_Franks!CC40",
111,"s4","stomata-franks_steinthorsdottir_2021.xlsx#leaf gas-exchange_Franks!CD40",
111,"es4","stomata-franks_steinthorsdottir_2021.xlsx#leaf gas-exchange_Franks!CE40",
111,"N_es4","stomata-franks_steinthorsdottir_2021.xlsx#leaf gas-exchange_Franks!CF40",
111,"s5","stomata-franks_steinthorsdottir_2021.xlsx#leaf gas-exchange_Franks!CG40",
111,"es5","stomata-franks_steinthorsdottir_2021.xlsx#leaf gas-exchange_Franks!CH40",
111,"N_es5","stomata-franks_steinthorsdottir_2021.xlsx#leaf gas-exchange_Franks!CI40",
112,"sample","stomata-franks_steinthorsdottir_2021.xlsx#leaf gas-exchange_Franks!O41",
112,"doi","stomata-franks_steinthorsdottir_2021.xlsx#leaf gas-exchange_Franks!D41",
112,"lat","stomata-franks_steinthorsdottir_2021.xlsx#leaf gas-exchange_Franks!AA41",
112,"lon","stomata-franks_steinthorsdottir_2021.xlsx#leaf gas-exchange_Franks!AB41",
112,"age_mean","stomata-franks_steinthorsdottir_2021_p1.0.xlsx#leaf gas-exchange_Franks!AH41",
112,"age_min","stomata-franks_steinthorsdottir_2021_p1.0.xlsx#leaf gas-exchange_Franks!AJ41",
112,"age_max","stomata-franks_steinthorsdottir_2021_p1.0.xlsx#leaf gas-exchange_Franks!AI41",
112,"age_notes","stomata-franks_steinthorsdottir_2021_p1.0.xlsx#leaf gas-exchange_Franks!AL41",
112,"family","stomata-franks_steinthorsdottir_2021.xlsx#leaf gas-exchange_Franks!P41",
112,"genus","stomata-franks_steinthorsdottir_2021.xlsx#leaf gas-exchange_Franks!Q41",
112,"Dab","stomata-franks_steinthorsdottir_2021.xlsx#leaf gas-exchange_Franks!AM41",
112,"eDab","stomata-franks_steinthorsdottir_2021.xlsx#leaf gas-exchange_Franks!AN41",
112,"N_eDab","stomata-franks_steinthorsdottir_2021.xlsx#leaf gas-exchange_Franks!AO41",
112,"Dad","stomata-franks_steinthorsdottir_2021.xlsx#leaf gas-exchange_Franks!AP41",
112,"eDad","stomata-franks_steinthorsdottir_2021.xlsx#leaf gas-exchange_Franks!AQ41",
112,"N_eDad","stomata-franks_steinthorsdottir_2021.xlsx#leaf gas-exchange_Franks!AR41",
112,"GCLab","stomata-franks_steinthorsdottir_2021.xlsx#leaf gas-exchange_Franks!AS41",
112,"eGCLab","stomata-franks_steinthorsdottir_2021.xlsx#leaf gas-exchange_Franks!AT41",
112,"N_eGCLab","stomata-franks_steinthorsdottir_2021.xlsx#leaf gas-exchange_Franks!AU41",
112,"GCLad","stomata-franks_steinthorsdottir_2021.xlsx#leaf gas-exchange_Franks!AV41",
112,"eGCLad","stomata-franks_steinthorsdottir_2021.xlsx#leaf gas-exchange_Franks!AW41",
112,"N_eGCLad","stomata-franks_steinthorsdottir_2021.xlsx#leaf gas-exchange_Franks!AX41",
112,"GCWab","stomata-franks_steinthorsdottir_2021.xlsx#leaf gas-exchange_Franks!AY41",
112,"eGCWab","stomata-franks_steinthorsdottir_2021.xlsx#leaf gas-exchange_Franks!AZ41",
112,"N_eGCWab","stomata-franks_steinthorsdottir_2021.xlsx#leaf gas-exchange_Franks!BA41",
112,"GCWad","stomata-franks_steinthorsdottir_2021.xlsx#leaf gas-exchange_Franks!BB41",
112,"eGCWad","stomata-franks_steinthorsdottir_2021.xlsx#leaf gas-exchange_Franks!BC41",
112,"N_eGCWad","stomata-franks_steinthorsdottir_2021.xlsx#leaf gas-exchange_Franks!BD41",
112,"d13Cp","stomata-franks_steinthorsdottir_2021.xlsx#leaf gas-exchange_Franks!BE41",
112,"ed13Cp","stomata-franks_steinthorsdottir_2021.xlsx#leaf gas-exchange_Franks!BF41",
112,"N_ed13Cp","stomata-franks_steinthorsdottir_2021.xlsx#leaf gas-exchange_Franks!BG41",
112,"CO2_0","stomata-franks_steinthorsdottir_2021.xlsx#leaf gas-exchange_Franks!BK41",
112,"dv","stomata-franks_steinthorsdottir_2021.xlsx#leaf gas-exchange_Franks!CL41",
112,"A0","stomata-franks_steinthorsdottir_2021.xlsx#leaf gas-exchange_Franks!BL41",
112,"eA0","stomata-franks_steinthorsdottir_2021.xlsx#leaf gas-exchange_Franks!BM41",
112,"N_eA0","stomata-franks_steinthorsdottir_2021.xlsx#leaf gas-exchange_Franks!BN41",
112,"gb","stomata-franks_steinthorsdottir_2021.xlsx#leaf gas-exchange_Franks!BR41",
112,"egb","stomata-franks_steinthorsdottir_2021.xlsx#leaf gas-exchange_Franks!BS41",
112,"N_egb","stomata-franks_steinthorsdottir_2021.xlsx#leaf gas-exchange_Franks!BT41",
112,"s1","stomata-franks_steinthorsdottir_2021.xlsx#leaf gas-exchange_Franks!BU41",
112,"es1","stomata-franks_steinthorsdottir_2021.xlsx#leaf gas-exchange_Franks!BV41",
112,"N_es1","stomata-franks_steinthorsdottir_2021.xlsx#leaf gas-exchange_Franks!BW41",
112,"s2","stomata-franks_steinthorsdottir_2021.xlsx#leaf gas-exchange_Franks!BX41",
112,"es2","stomata-franks_steinthorsdottir_2021.xlsx#leaf gas-exchange_Franks!BY41",
112,"N_es2","stomata-franks_steinthorsdottir_2021.xlsx#leaf gas-exchange_Franks!BZ41",
112,"s3","stomata-franks_steinthorsdottir_2021.xlsx#leaf gas-exchange_Franks!CA41",
112,"es3","stomata-franks_steinthorsdottir_2021.xlsx#leaf gas-exchange_Franks!CB41",
112,"N_es3","stomata-franks_steinthorsdottir_2021.xlsx#leaf gas-exchange_Franks!CC41",
112,"s4","stomata-franks_steinthorsdottir_2021.xlsx#leaf gas-exchange_Franks!CD41",
112,"es4","stomata-franks_steinthorsdottir_2021.xlsx#leaf gas-exchange_Franks!CE41",
112,"N_es4","stomata-franks_steinthorsdottir_2021.xlsx#leaf gas-exchange_Franks!CF41",
112,"s5","stomata-franks_steinthorsdottir_2021.xlsx#leaf gas-exchange_Franks!CG41",
112,"es5","stomata-franks_steinthorsdottir_2021.xlsx#leaf gas-exchange_Franks!CH41",
112,"N_es5","stomata-franks_steinthorsdottir_2021.xlsx#leaf gas-exchange_Franks!CI41",
113,"sample","stomata-franks_steinthorsdottir_2021.xlsx#leaf gas-exchange_Franks!O42",
113,"doi","stomata-franks_steinthorsdottir_2021.xlsx#leaf gas-exchange_Franks!D42",
113,"lat","stomata-franks_steinthorsdottir_2021.xlsx#leaf gas-exchange_Franks!AA42",
113,"lon","stomata-franks_steinthorsdottir_2021.xlsx#leaf gas-exchange_Franks!AB42",
113,"age_mean","stomata-franks_steinthorsdottir_2021_p1.0.xlsx#leaf gas-exchange_Franks!AH42",
113,"age_min","stomata-franks_steinthorsdottir_2021_p1.0.xlsx#leaf gas-exchange_Franks!AJ42",
113,"age_max","stomata-franks_steinthorsdottir_2021_p1.0.xlsx#leaf gas-exchange_Franks!AI42",
113,"age_notes","stomata-franks_steinthorsdottir_2021_p1.0.xlsx#leaf gas-exchange_Franks!AL42",
113,"family","stomata-franks_steinthorsdottir_2021.xlsx#leaf gas-exchange_Franks!P42",
113,"genus","stomata-franks_steinthorsdottir_2021.xlsx#leaf gas-exchange_Franks!Q42",
113,"Dab","stomata-franks_steinthorsdottir_2021.xlsx#leaf gas-exchange_Franks!AM42",
113,"eDab","stomata-franks_steinthorsdottir_2021.xlsx#leaf gas-exchange_Franks!AN42",
113,"N_eDab","stomata-franks_steinthorsdottir_2021.xlsx#leaf gas-exchange_Franks!AO42",
113,"Dad","stomata-franks_steinthorsdottir_2021.xlsx#leaf gas-exchange_Franks!AP42",
113,"eDad","stomata-franks_steinthorsdottir_2021.xlsx#leaf gas-exchange_Franks!AQ42",
113,"N_eDad","stomata-franks_steinthorsdottir_2021.xlsx#leaf gas-exchange_Franks!AR42",
113,"GCLab","stomata-franks_steinthorsdottir_2021.xlsx#leaf gas-exchange_Franks!AS42",
113,"eGCLab","stomata-franks_steinthorsdottir_2021.xlsx#leaf gas-exchange_Franks!AT42",
113,"N_eGCLab","stomata-franks_steinthorsdottir_2021.xlsx#leaf gas-exchange_Franks!AU42",
113,"GCLad","stomata-franks_steinthorsdottir_2021.xlsx#leaf gas-exchange_Franks!AV42",
113,"eGCLad","stomata-franks_steinthorsdottir_2021.xlsx#leaf gas-exchange_Franks!AW42",
113,"N_eGCLad","stomata-franks_steinthorsdottir_2021.xlsx#leaf gas-exchange_Franks!AX42",
113,"GCWab","stomata-franks_steinthorsdottir_2021.xlsx#leaf gas-exchange_Franks!AY42",
113,"eGCWab","stomata-franks_steinthorsdottir_2021.xlsx#leaf gas-exchange_Franks!AZ42",
113,"N_eGCWab","stomata-franks_steinthorsdottir_2021.xlsx#leaf gas-exchange_Franks!BA42",
113,"GCWad","stomata-franks_steinthorsdottir_2021.xlsx#leaf gas-exchange_Franks!BB42",
113,"eGCWad","stomata-franks_steinthorsdottir_2021.xlsx#leaf gas-exchange_Franks!BC42",
113,"N_eGCWad","stomata-franks_steinthorsdottir_2021.xlsx#leaf gas-exchange_Franks!BD42",
113,"d13Cp","stomata-franks_steinthorsdottir_2021.xlsx#leaf gas-exchange_Franks!BE42",
113,"ed13Cp","stomata-franks_steinthorsdottir_2021.xlsx#leaf gas-exchange_Franks!BF42",
113,"N_ed13Cp","stomata-franks_steinthorsdottir_2021.xlsx#leaf gas-exchange_Franks!BG42",
113,"CO2_0","stomata-franks_steinthorsdottir_2021.xlsx#leaf gas-exchange_Franks!BK42",
113,"dv","stomata-franks_steinthorsdottir_2021.xlsx#leaf gas-exchange_Franks!CL42",
113,"A0","stomata-franks_steinthorsdottir_2021.xlsx#leaf gas-exchange_Franks!BL42",
113,"eA0","stomata-franks_steinthorsdottir_2021.xlsx#leaf gas-exchange_Franks!BM42",
113,"N_eA0","stomata-franks_steinthorsdottir_2021.xlsx#leaf gas-exchange_Franks!BN42",
113,"gb","stomata-franks_steinthorsdottir_2021.xlsx#leaf gas-exchange_Franks!BR42",
113,"egb","stomata-franks_steinthorsdottir_2021.xlsx#leaf gas-exchange_Franks!BS42",
113,"N_egb","stomata-franks_steinthorsdottir_2021.xlsx#leaf gas-exchange_Franks!BT42",
113,"s1","stomata-franks_steinthorsdottir_2021.xlsx#leaf gas-exchange_Franks!BU42",
113,"es1","stomata-franks_steinthorsdottir_2021.xlsx#leaf gas-exchange_Franks!BV42",
113,"N_es1","stomata-franks_steinthorsdottir_2021.xlsx#leaf gas-exchange_Franks!BW42",
113,"s2","stomata-franks_steinthorsdottir_2021.xlsx#leaf gas-exchange_Franks!BX42",
113,"es2","stomata-franks_steinthorsdottir_2021.xlsx#leaf gas-exchange_Franks!BY42",
113,"N_es2","stomata-franks_steinthorsdottir_2021.xlsx#leaf gas-exchange_Franks!BZ42",
113,"s3","stomata-franks_steinthorsdottir_2021.xlsx#leaf gas-exchange_Franks!CA42",
113,"es3","stomata-franks_steinthorsdottir_2021.xlsx#leaf gas-exchange_Franks!CB42",
113,"N_es3","stomata-franks_steinthorsdottir_2021.xlsx#leaf gas-exchange_Franks!CC42",
113,"s4","stomata-franks_steinthorsdottir_2021.xlsx#leaf gas-exchange_Franks!CD42",
113,"es4","stomata-franks_steinthorsdottir_2021.xlsx#leaf gas-exchange_Franks!CE42",
113,"N_es4","stomata-franks_steinthorsdottir_2021.xlsx#leaf gas-exchange_Franks!CF42",
113,"s5","stomata-franks_steinthorsdottir_2021.xlsx#leaf gas-exchange_Franks!CG42",
113,"es5","stomata-franks_steinthorsdottir_2021.xlsx#leaf gas-exchange_Franks!CH42",
113,"N_es5","stomata-franks_steinthorsdottir_2021.xlsx#leaf gas-exchange_Franks!CI42",
114,"sample","stomata-franks_steinthorsdottir_2021.xlsx#leaf gas-exchange_Franks!O43",
114,"doi","stomata-franks_steinthorsdottir_2021.xlsx#leaf gas-exchange_Franks!D43",
114,"lat","stomata-franks_steinthorsdottir_2021.xlsx#leaf gas-exchange_Franks!AA43",
114,"lon","stomata-franks_steinthorsdottir_2021.xlsx#leaf gas-exchange_Franks!AB43",
114,"age_mean","stomata-franks_steinthorsdottir_2021_p1.0.xlsx#leaf gas-exchange_Franks!AH43",
114,"age_min","stomata-franks_steinthorsdottir_2021_p1.0.xlsx#leaf gas-exchange_Franks!AJ43",
114,"age_max","stomata-franks_steinthorsdottir_2021_p1.0.xlsx#leaf gas-exchange_Franks!AI43",
114,"age_notes","stomata-franks_steinthorsdottir_2021_p1.0.xlsx#leaf gas-exchange_Franks!AL43",
114,"family","stomata-franks_steinthorsdottir_2021.xlsx#leaf gas-exchange_Franks!P43",
114,"genus","stomata-franks_steinthorsdottir_2021.xlsx#leaf gas-exchange_Franks!Q43",
114,"Dab","stomata-franks_steinthorsdottir_2021.xlsx#leaf gas-exchange_Franks!AM43",
114,"eDab","stomata-franks_steinthorsdottir_2021.xlsx#leaf gas-exchange_Franks!AN43",
114,"N_eDab","stomata-franks_steinthorsdottir_2021.xlsx#leaf gas-exchange_Franks!AO43",
114,"Dad","stomata-franks_steinthorsdottir_2021.xlsx#leaf gas-exchange_Franks!AP43",
114,"eDad","stomata-franks_steinthorsdottir_2021.xlsx#leaf gas-exchange_Franks!AQ43",
114,"N_eDad","stomata-franks_steinthorsdottir_2021.xlsx#leaf gas-exchange_Franks!AR43",
114,"GCLab","stomata-franks_steinthorsdottir_2021.xlsx#leaf gas-exchange_Franks!AS43",
114,"eGCLab","stomata-franks_steinthorsdottir_2021.xlsx#leaf gas-exchange_Franks!AT43",
114,"N_eGCLab","stomata-franks_steinthorsdottir_2021.xlsx#leaf gas-exchange_Franks!AU43",
114,"GCLad","stomata-franks_steinthorsdottir_2021.xlsx#leaf gas-exchange_Franks!AV43",
114,"eGCLad","stomata-franks_steinthorsdottir_2021.xlsx#leaf gas-exchange_Franks!AW43",
114,"N_eGCLad","stomata-franks_steinthorsdottir_2021.xlsx#leaf gas-exchange_Franks!AX43",
114,"GCWab","stomata-franks_steinthorsdottir_2021.xlsx#leaf gas-exchange_Franks!AY43",
114,"eGCWab","stomata-franks_steinthorsdottir_2021.xlsx#leaf gas-exchange_Franks!AZ43",
114,"N_eGCWab","stomata-franks_steinthorsdottir_2021.xlsx#leaf gas-exchange_Franks!BA43",
114,"GCWad","stomata-franks_steinthorsdottir_2021.xlsx#leaf gas-exchange_Franks!BB43",
114,"eGCWad","stomata-franks_steinthorsdottir_2021.xlsx#leaf gas-exchange_Franks!BC43",
114,"N_eGCWad","stomata-franks_steinthorsdottir_2021.xlsx#leaf gas-exchange_Franks!BD43",
114,"d13Cp","stomata-franks_steinthorsdottir_2021.xlsx#leaf gas-exchange_Franks!BE43",
114,"ed13Cp","stomata-franks_steinthorsdottir_2021.xlsx#leaf gas-exchange_Franks!BF43",
114,"N_ed13Cp","stomata-franks_steinthorsdottir_2021.xlsx#leaf gas-exchange_Franks!BG43",
114,"CO2_0","stomata-franks_steinthorsdottir_2021.xlsx#leaf gas-exchange_Franks!BK43",
114,"dv","stomata-franks_steinthorsdottir_2021.xlsx#leaf gas-exchange_Franks!CL43",
114,"A0","stomata-franks_steinthorsdottir_2021.xlsx#leaf gas-exchange_Franks!BL43",
114,"eA0","stomata-franks_steinthorsdottir_2021.xlsx#leaf gas-exchange_Franks!BM43",
114,"N_eA0","stomata-franks_steinthorsdottir_2021.xlsx#leaf gas-exchange_Franks!BN43",
114,"gb","stomata-franks_steinthorsdottir_2021.xlsx#leaf gas-exchange_Franks!BR43",
114,"egb","stomata-franks_steinthorsdottir_2021.xlsx#leaf gas-exchange_Franks!BS43",
114,"N_egb","stomata-franks_steinthorsdottir_2021.xlsx#leaf gas-exchange_Franks!BT43",
114,"s1","stomata-franks_steinthorsdottir_2021.xlsx#leaf gas-exchange_Franks!BU43",
114,"es1","stomata-franks_steinthorsdottir_2021.xlsx#leaf gas-exchange_Franks!BV43",
114,"N_es1","stomata-franks_steinthorsdottir_2021.xlsx#leaf gas-exchange_Franks!BW43",
114,"s2","stomata-franks_steinthorsdottir_2021.xlsx#leaf gas-exchange_Franks!BX43",
114,"es2","stomata-franks_steinthorsdottir_2021.xlsx#leaf gas-exchange_Franks!BY43",
114,"N_es2","stomata-franks_steinthorsdottir_2021.xlsx#leaf gas-exchange_Franks!BZ43",
114,"s3","stomata-franks_steinthorsdottir_2021.xlsx#leaf gas-exchange_Franks!CA43",
114,"es3","stomata-franks_steinthorsdottir_2021.xlsx#leaf gas-exchange_Franks!CB43",
114,"N_es3","stomata-franks_steinthorsdottir_2021.xlsx#leaf gas-exchange_Franks!CC43",
114,"s4","stomata-franks_steinthorsdottir_2021.xlsx#leaf gas-exchange_Franks!CD43",
114,"es4","stomata-franks_steinthorsdottir_2021.xlsx#leaf gas-exchange_Franks!CE43",
114,"N_es4","stomata-franks_steinthorsdottir_2021.xlsx#leaf gas-exchange_Franks!CF43",
114,"s5","stomata-franks_steinthorsdottir_2021.xlsx#leaf gas-exchange_Franks!CG43",
114,"es5","stomata-franks_steinthorsdottir_2021.xlsx#leaf gas-exchange_Franks!CH43",
114,"N_es5","stomata-franks_steinthorsdottir_2021.xlsx#leaf gas-exchange_Franks!CI43",
115,"sample","stomata-franks_steinthorsdottir_2021.xlsx#leaf gas-exchange_Franks!O44",
115,"doi","stomata-franks_steinthorsdottir_2021.xlsx#leaf gas-exchange_Franks!D44",
115,"lat","stomata-franks_steinthorsdottir_2021.xlsx#leaf gas-exchange_Franks!AA44",
115,"lon","stomata-franks_steinthorsdottir_2021.xlsx#leaf gas-exchange_Franks!AB44",
115,"age_mean","stomata-franks_steinthorsdottir_2021_p1.0.xlsx#leaf gas-exchange_Franks!AH44",
115,"age_min","stomata-franks_steinthorsdottir_2021_p1.0.xlsx#leaf gas-exchange_Franks!AJ44",
115,"age_max","stomata-franks_steinthorsdottir_2021_p1.0.xlsx#leaf gas-exchange_Franks!AI44",
115,"age_notes","stomata-franks_steinthorsdottir_2021_p1.0.xlsx#leaf gas-exchange_Franks!AL44",
115,"family","stomata-franks_steinthorsdottir_2021.xlsx#leaf gas-exchange_Franks!P44",
115,"genus","stomata-franks_steinthorsdottir_2021.xlsx#leaf gas-exchange_Franks!Q44",
115,"Dab","stomata-franks_steinthorsdottir_2021.xlsx#leaf gas-exchange_Franks!AM44",
115,"eDab","stomata-franks_steinthorsdottir_2021.xlsx#leaf gas-exchange_Franks!AN44",
115,"N_eDab","stomata-franks_steinthorsdottir_2021.xlsx#leaf gas-exchange_Franks!AO44",
115,"Dad","stomata-franks_steinthorsdottir_2021.xlsx#leaf gas-exchange_Franks!AP44",
115,"eDad","stomata-franks_steinthorsdottir_2021.xlsx#leaf gas-exchange_Franks!AQ44",
115,"N_eDad","stomata-franks_steinthorsdottir_2021.xlsx#leaf gas-exchange_Franks!AR44",
115,"GCLab","stomata-franks_steinthorsdottir_2021.xlsx#leaf gas-exchange_Franks!AS44",
115,"eGCLab","stomata-franks_steinthorsdottir_2021.xlsx#leaf gas-exchange_Franks!AT44",
115,"N_eGCLab","stomata-franks_steinthorsdottir_2021.xlsx#leaf gas-exchange_Franks!AU44",
115,"GCLad","stomata-franks_steinthorsdottir_2021.xlsx#leaf gas-exchange_Franks!AV44",
115,"eGCLad","stomata-franks_steinthorsdottir_2021.xlsx#leaf gas-exchange_Franks!AW44",
115,"N_eGCLad","stomata-franks_steinthorsdottir_2021.xlsx#leaf gas-exchange_Franks!AX44",
115,"GCWab","stomata-franks_steinthorsdottir_2021.xlsx#leaf gas-exchange_Franks!AY44",
115,"eGCWab","stomata-franks_steinthorsdottir_2021.xlsx#leaf gas-exchange_Franks!AZ44",
115,"N_eGCWab","stomata-franks_steinthorsdottir_2021.xlsx#leaf gas-exchange_Franks!BA44",
115,"GCWad","stomata-franks_steinthorsdottir_2021.xlsx#leaf gas-exchange_Franks!BB44",
115,"eGCWad","stomata-franks_steinthorsdottir_2021.xlsx#leaf gas-exchange_Franks!BC44",
115,"N_eGCWad","stomata-franks_steinthorsdottir_2021.xlsx#leaf gas-exchange_Franks!BD44",
115,"d13Cp","stomata-franks_steinthorsdottir_2021.xlsx#leaf gas-exchange_Franks!BE44",
115,"ed13Cp","stomata-franks_steinthorsdottir_2021.xlsx#leaf gas-exchange_Franks!BF44",
115,"N_ed13Cp","stomata-franks_steinthorsdottir_2021.xlsx#leaf gas-exchange_Franks!BG44",
115,"CO2_0","stomata-franks_steinthorsdottir_2021.xlsx#leaf gas-exchange_Franks!BK44",
115,"dv","stomata-franks_steinthorsdottir_2021.xlsx#leaf gas-exchange_Franks!CL44",
115,"A0","stomata-franks_steinthorsdottir_2021.xlsx#leaf gas-exchange_Franks!BL44",
115,"eA0","stomata-franks_steinthorsdottir_2021.xlsx#leaf gas-exchange_Franks!BM44",
115,"N_eA0","stomata-franks_steinthorsdottir_2021.xlsx#leaf gas-exchange_Franks!BN44",
115,"gb","stomata-franks_steinthorsdottir_2021.xlsx#leaf gas-exchange_Franks!BR44",
115,"egb","stomata-franks_steinthorsdottir_2021.xlsx#leaf gas-exchange_Franks!BS44",
115,"N_egb","stomata-franks_steinthorsdottir_2021.xlsx#leaf gas-exchange_Franks!BT44",
115,"s1","stomata-franks_steinthorsdottir_2021.xlsx#leaf gas-exchange_Franks!BU44",
115,"es1","stomata-franks_steinthorsdottir_2021.xlsx#leaf gas-exchange_Franks!BV44",
115,"N_es1","stomata-franks_steinthorsdottir_2021.xlsx#leaf gas-exchange_Franks!BW44",
115,"s2","stomata-franks_steinthorsdottir_2021.xlsx#leaf gas-exchange_Franks!BX44",
115,"es2","stomata-franks_steinthorsdottir_2021.xlsx#leaf gas-exchange_Franks!BY44",
115,"N_es2","stomata-franks_steinthorsdottir_2021.xlsx#leaf gas-exchange_Franks!BZ44",
115,"s3","stomata-franks_steinthorsdottir_2021.xlsx#leaf gas-exchange_Franks!CA44",
115,"es3","stomata-franks_steinthorsdottir_2021.xlsx#leaf gas-exchange_Franks!CB44",
115,"N_es3","stomata-franks_steinthorsdottir_2021.xlsx#leaf gas-exchange_Franks!CC44",
115,"s4","stomata-franks_steinthorsdottir_2021.xlsx#leaf gas-exchange_Franks!CD44",
115,"es4","stomata-franks_steinthorsdottir_2021.xlsx#leaf gas-exchange_Franks!CE44",
115,"N_es4","stomata-franks_steinthorsdottir_2021.xlsx#leaf gas-exchange_Franks!CF44",
115,"s5","stomata-franks_steinthorsdottir_2021.xlsx#leaf gas-exchange_Franks!CG44",
115,"es5","stomata-franks_steinthorsdottir_2021.xlsx#leaf gas-exchange_Franks!CH44",
115,"N_es5","stomata-franks_steinthorsdottir_2021.xlsx#leaf gas-exchange_Franks!CI44",
116,"sample","stomata-franks_steinthorsdottir_2021.xlsx#leaf gas-exchange_Franks!O45",
116,"doi","stomata-franks_steinthorsdottir_2021.xlsx#leaf gas-exchange_Franks!D45",
116,"lat","stomata-franks_steinthorsdottir_2021.xlsx#leaf gas-exchange_Franks!AA45",
116,"lon","stomata-franks_steinthorsdottir_2021.xlsx#leaf gas-exchange_Franks!AB45",
116,"age_mean","stomata-franks_steinthorsdottir_2021_p1.0.xlsx#leaf gas-exchange_Franks!AH45",
116,"age_min","stomata-franks_steinthorsdottir_2021_p1.0.xlsx#leaf gas-exchange_Franks!AJ45",
116,"age_max","stomata-franks_steinthorsdottir_2021_p1.0.xlsx#leaf gas-exchange_Franks!AI45",
116,"age_notes","stomata-franks_steinthorsdottir_2021_p1.0.xlsx#leaf gas-exchange_Franks!AL45",
116,"family","stomata-franks_steinthorsdottir_2021.xlsx#leaf gas-exchange_Franks!P45",
116,"genus","stomata-franks_steinthorsdottir_2021.xlsx#leaf gas-exchange_Franks!Q45",
116,"Dab","stomata-franks_steinthorsdottir_2021.xlsx#leaf gas-exchange_Franks!AM45",
116,"eDab","stomata-franks_steinthorsdottir_2021.xlsx#leaf gas-exchange_Franks!AN45",
116,"N_eDab","stomata-franks_steinthorsdottir_2021.xlsx#leaf gas-exchange_Franks!AO45",
116,"Dad","stomata-franks_steinthorsdottir_2021.xlsx#leaf gas-exchange_Franks!AP45",
116,"eDad","stomata-franks_steinthorsdottir_2021.xlsx#leaf gas-exchange_Franks!AQ45",
116,"N_eDad","stomata-franks_steinthorsdottir_2021.xlsx#leaf gas-exchange_Franks!AR45",
116,"GCLab","stomata-franks_steinthorsdottir_2021.xlsx#leaf gas-exchange_Franks!AS45",
116,"eGCLab","stomata-franks_steinthorsdottir_2021.xlsx#leaf gas-exchange_Franks!AT45",
116,"N_eGCLab","stomata-franks_steinthorsdottir_2021.xlsx#leaf gas-exchange_Franks!AU45",
116,"GCLad","stomata-franks_steinthorsdottir_2021.xlsx#leaf gas-exchange_Franks!AV45",
116,"eGCLad","stomata-franks_steinthorsdottir_2021.xlsx#leaf gas-exchange_Franks!AW45",
116,"N_eGCLad","stomata-franks_steinthorsdottir_2021.xlsx#leaf gas-exchange_Franks!AX45",
116,"GCWab","stomata-franks_steinthorsdottir_2021.xlsx#leaf gas-exchange_Franks!AY45",
116,"eGCWab","stomata-franks_steinthorsdottir_2021.xlsx#leaf gas-exchange_Franks!AZ45",
116,"N_eGCWab","stomata-franks_steinthorsdottir_2021.xlsx#leaf gas-exchange_Franks!BA45",
116,"GCWad","stomata-franks_steinthorsdottir_2021.xlsx#leaf gas-exchange_Franks!BB45",
116,"eGCWad","stomata-franks_steinthorsdottir_2021.xlsx#leaf gas-exchange_Franks!BC45",
116,"N_eGCWad","stomata-franks_steinthorsdottir_2021.xlsx#leaf gas-exchange_Franks!BD45",
116,"d13Cp","stomata-franks_steinthorsdottir_2021.xlsx#leaf gas-exchange_Franks!BE45",
116,"ed13Cp","stomata-franks_steinthorsdottir_2021.xlsx#leaf gas-exchange_Franks!BF45",
116,"N_ed13Cp","stomata-franks_steinthorsdottir_2021.xlsx#leaf gas-exchange_Franks!BG45",
116,"CO2_0","stomata-franks_steinthorsdottir_2021.xlsx#leaf gas-exchange_Franks!BK45",
116,"dv","stomata-franks_steinthorsdottir_2021.xlsx#leaf gas-exchange_Franks!CL45",
116,"A0","stomata-franks_steinthorsdottir_2021.xlsx#leaf gas-exchange_Franks!BL45",
116,"eA0","stomata-franks_steinthorsdottir_2021.xlsx#leaf gas-exchange_Franks!BM45",
116,"N_eA0","stomata-franks_steinthorsdottir_2021.xlsx#leaf gas-exchange_Franks!BN45",
116,"gb","stomata-franks_steinthorsdottir_2021.xlsx#leaf gas-exchange_Franks!BR45",
116,"egb","stomata-franks_steinthorsdottir_2021.xlsx#leaf gas-exchange_Franks!BS45",
116,"N_egb","stomata-franks_steinthorsdottir_2021.xlsx#leaf gas-exchange_Franks!BT45",
116,"s1","stomata-franks_steinthorsdottir_2021.xlsx#leaf gas-exchange_Franks!BU45",
116,"es1","stomata-franks_steinthorsdottir_2021.xlsx#leaf gas-exchange_Franks!BV45",
116,"N_es1","stomata-franks_steinthorsdottir_2021.xlsx#leaf gas-exchange_Franks!BW45",
116,"s2","stomata-franks_steinthorsdottir_2021.xlsx#leaf gas-exchange_Franks!BX45",
116,"es2","stomata-franks_steinthorsdottir_2021.xlsx#leaf gas-exchange_Franks!BY45",
116,"N_es2","stomata-franks_steinthorsdottir_2021.xlsx#leaf gas-exchange_Franks!BZ45",
116,"s3","stomata-franks_steinthorsdottir_2021.xlsx#leaf gas-exchange_Franks!CA45",
116,"es3","stomata-franks_steinthorsdottir_2021.xlsx#leaf gas-exchange_Franks!CB45",
116,"N_es3","stomata-franks_steinthorsdottir_2021.xlsx#leaf gas-exchange_Franks!CC45",
116,"s4","stomata-franks_steinthorsdottir_2021.xlsx#leaf gas-exchange_Franks!CD45",
116,"es4","stomata-franks_steinthorsdottir_2021.xlsx#leaf gas-exchange_Franks!CE45",
116,"N_es4","stomata-franks_steinthorsdottir_2021.xlsx#leaf gas-exchange_Franks!CF45",
116,"s5","stomata-franks_steinthorsdottir_2021.xlsx#leaf gas-exchange_Franks!CG45",
116,"es5","stomata-franks_steinthorsdottir_2021.xlsx#leaf gas-exchange_Franks!CH45",
116,"N_es5","stomata-franks_steinthorsdottir_2021.xlsx#leaf gas-exchange_Franks!CI45",
117,"sample","stomata-franks_steinthorsdottir_2021.xlsx#leaf gas-exchange_Franks!O46",
117,"doi","stomata-franks_steinthorsdottir_2021.xlsx#leaf gas-exchange_Franks!D46",
117,"lat","stomata-franks_steinthorsdottir_2021.xlsx#leaf gas-exchange_Franks!AA46",
117,"lon","stomata-franks_steinthorsdottir_2021.xlsx#leaf gas-exchange_Franks!AB46",
117,"age_mean","stomata-franks_steinthorsdottir_2021_p1.0.xlsx#leaf gas-exchange_Franks!AH46",
117,"age_min","stomata-franks_steinthorsdottir_2021_p1.0.xlsx#leaf gas-exchange_Franks!AJ46",
117,"age_max","stomata-franks_steinthorsdottir_2021_p1.0.xlsx#leaf gas-exchange_Franks!AI46",
117,"age_notes","stomata-franks_steinthorsdottir_2021_p1.0.xlsx#leaf gas-exchange_Franks!AL46",
117,"family","stomata-franks_steinthorsdottir_2021.xlsx#leaf gas-exchange_Franks!P46",
117,"genus","stomata-franks_steinthorsdottir_2021.xlsx#leaf gas-exchange_Franks!Q46",
117,"Dab","stomata-franks_steinthorsdottir_2021.xlsx#leaf gas-exchange_Franks!AM46",
117,"eDab","stomata-franks_steinthorsdottir_2021.xlsx#leaf gas-exchange_Franks!AN46",
117,"N_eDab","stomata-franks_steinthorsdottir_2021.xlsx#leaf gas-exchange_Franks!AO46",
117,"Dad","stomata-franks_steinthorsdottir_2021.xlsx#leaf gas-exchange_Franks!AP46",
117,"eDad","stomata-franks_steinthorsdottir_2021.xlsx#leaf gas-exchange_Franks!AQ46",
117,"N_eDad","stomata-franks_steinthorsdottir_2021.xlsx#leaf gas-exchange_Franks!AR46",
117,"GCLab","stomata-franks_steinthorsdottir_2021.xlsx#leaf gas-exchange_Franks!AS46",
117,"eGCLab","stomata-franks_steinthorsdottir_2021.xlsx#leaf gas-exchange_Franks!AT46",
117,"N_eGCLab","stomata-franks_steinthorsdottir_2021.xlsx#leaf gas-exchange_Franks!AU46",
117,"GCLad","stomata-franks_steinthorsdottir_2021.xlsx#leaf gas-exchange_Franks!AV46",
117,"eGCLad","stomata-franks_steinthorsdottir_2021.xlsx#leaf gas-exchange_Franks!AW46",
117,"N_eGCLad","stomata-franks_steinthorsdottir_2021.xlsx#leaf gas-exchange_Franks!AX46",
117,"GCWab","stomata-franks_steinthorsdottir_2021.xlsx#leaf gas-exchange_Franks!AY46",
117,"eGCWab","stomata-franks_steinthorsdottir_2021.xlsx#leaf gas-exchange_Franks!AZ46",
117,"N_eGCWab","stomata-franks_steinthorsdottir_2021.xlsx#leaf gas-exchange_Franks!BA46",
117,"GCWad","stomata-franks_steinthorsdottir_2021.xlsx#leaf gas-exchange_Franks!BB46",
117,"eGCWad","stomata-franks_steinthorsdottir_2021.xlsx#leaf gas-exchange_Franks!BC46",
117,"N_eGCWad","stomata-franks_steinthorsdottir_2021.xlsx#leaf gas-exchange_Franks!BD46",
117,"d13Cp","stomata-franks_steinthorsdottir_2021.xlsx#leaf gas-exchange_Franks!BE46",
117,"ed13Cp","stomata-franks_steinthorsdottir_2021.xlsx#leaf gas-exchange_Franks!BF46",
117,"N_ed13Cp","stomata-franks_steinthorsdottir_2021.xlsx#leaf gas-exchange_Franks!BG46",
117,"CO2_0","stomata-franks_steinthorsdottir_2021.xlsx#leaf gas-exchange_Franks!BK46",
117,"dv","stomata-franks_steinthorsdottir_2021.xlsx#leaf gas-exchange_Franks!CL46",
117,"A0","stomata-franks_steinthorsdottir_2021.xlsx#leaf gas-exchange_Franks!BL46",
117,"eA0","stomata-franks_steinthorsdottir_2021.xlsx#leaf gas-exchange_Franks!BM46",
117,"N_eA0","stomata-franks_steinthorsdottir_2021.xlsx#leaf gas-exchange_Franks!BN46",
117,"gb","stomata-franks_steinthorsdottir_2021.xlsx#leaf gas-exchange_Franks!BR46",
117,"egb","stomata-franks_steinthorsdottir_2021.xlsx#leaf gas-exchange_Franks!BS46",
117,"N_egb","stomata-franks_steinthorsdottir_2021.xlsx#leaf gas-exchange_Franks!BT46",
117,"s1","stomata-franks_steinthorsdottir_2021.xlsx#leaf gas-exchange_Franks!BU46",
117,"es1","stomata-franks_steinthorsdottir_2021.xlsx#leaf gas-exchange_Franks!BV46",
117,"N_es1","stomata-franks_steinthorsdottir_2021.xlsx#leaf gas-exchange_Franks!BW46",
117,"s2","stomata-franks_steinthorsdottir_2021.xlsx#leaf gas-exchange_Franks!BX46",
117,"es2","stomata-franks_steinthorsdottir_2021.xlsx#leaf gas-exchange_Franks!BY46",
117,"N_es2","stomata-franks_steinthorsdottir_2021.xlsx#leaf gas-exchange_Franks!BZ46",
117,"s3","stomata-franks_steinthorsdottir_2021.xlsx#leaf gas-exchange_Franks!CA46",
117,"es3","stomata-franks_steinthorsdottir_2021.xlsx#leaf gas-exchange_Franks!CB46",
117,"N_es3","stomata-franks_steinthorsdottir_2021.xlsx#leaf gas-exchange_Franks!CC46",
117,"s4","stomata-franks_steinthorsdottir_2021.xlsx#leaf gas-exchange_Franks!CD46",
117,"es4","stomata-franks_steinthorsdottir_2021.xlsx#leaf gas-exchange_Franks!CE46",
117,"N_es4","stomata-franks_steinthorsdottir_2021.xlsx#leaf gas-exchange_Franks!CF46",
117,"s5","stomata-franks_steinthorsdottir_2021.xlsx#leaf gas-exchange_Franks!CG46",
117,"es5","stomata-franks_steinthorsdottir_2021.xlsx#leaf gas-exchange_Franks!CH46",
117,"N_es5","stomata-franks_steinthorsdottir_2021.xlsx#leaf gas-exchange_Franks!CI46",
118,"sample","stomata-franks_steinthorsdottir_2021.xlsx#leaf gas-exchange_Franks!O47",
118,"doi","stomata-franks_steinthorsdottir_2021.xlsx#leaf gas-exchange_Franks!D47",
118,"lat","stomata-franks_steinthorsdottir_2021.xlsx#leaf gas-exchange_Franks!AA47",
118,"lon","stomata-franks_steinthorsdottir_2021.xlsx#leaf gas-exchange_Franks!AB47",
118,"age_mean","stomata-franks_steinthorsdottir_2021_p1.0.xlsx#leaf gas-exchange_Franks!AH47",
118,"age_min","stomata-franks_steinthorsdottir_2021_p1.0.xlsx#leaf gas-exchange_Franks!AJ47",
118,"age_max","stomata-franks_steinthorsdottir_2021_p1.0.xlsx#leaf gas-exchange_Franks!AI47",
118,"age_notes","stomata-franks_steinthorsdottir_2021_p1.0.xlsx#leaf gas-exchange_Franks!AL47",
118,"family","stomata-franks_steinthorsdottir_2021.xlsx#leaf gas-exchange_Franks!P47",
118,"genus","stomata-franks_steinthorsdottir_2021.xlsx#leaf gas-exchange_Franks!Q47",
118,"Dab","stomata-franks_steinthorsdottir_2021.xlsx#leaf gas-exchange_Franks!AM47",
118,"eDab","stomata-franks_steinthorsdottir_2021.xlsx#leaf gas-exchange_Franks!AN47",
118,"N_eDab","stomata-franks_steinthorsdottir_2021.xlsx#leaf gas-exchange_Franks!AO47",
118,"Dad","stomata-franks_steinthorsdottir_2021.xlsx#leaf gas-exchange_Franks!AP47",
118,"eDad","stomata-franks_steinthorsdottir_2021.xlsx#leaf gas-exchange_Franks!AQ47",
118,"N_eDad","stomata-franks_steinthorsdottir_2021.xlsx#leaf gas-exchange_Franks!AR47",
118,"GCLab","stomata-franks_steinthorsdottir_2021.xlsx#leaf gas-exchange_Franks!AS47",
118,"eGCLab","stomata-franks_steinthorsdottir_2021.xlsx#leaf gas-exchange_Franks!AT47",
118,"N_eGCLab","stomata-franks_steinthorsdottir_2021.xlsx#leaf gas-exchange_Franks!AU47",
118,"GCLad","stomata-franks_steinthorsdottir_2021.xlsx#leaf gas-exchange_Franks!AV47",
118,"eGCLad","stomata-franks_steinthorsdottir_2021.xlsx#leaf gas-exchange_Franks!AW47",
118,"N_eGCLad","stomata-franks_steinthorsdottir_2021.xlsx#leaf gas-exchange_Franks!AX47",
118,"GCWab","stomata-franks_steinthorsdottir_2021.xlsx#leaf gas-exchange_Franks!AY47",
118,"eGCWab","stomata-franks_steinthorsdottir_2021.xlsx#leaf gas-exchange_Franks!AZ47",
118,"N_eGCWab","stomata-franks_steinthorsdottir_2021.xlsx#leaf gas-exchange_Franks!BA47",
118,"GCWad","stomata-franks_steinthorsdottir_2021.xlsx#leaf gas-exchange_Franks!BB47",
118,"eGCWad","stomata-franks_steinthorsdottir_2021.xlsx#leaf gas-exchange_Franks!BC47",
118,"N_eGCWad","stomata-franks_steinthorsdottir_2021.xlsx#leaf gas-exchange_Franks!BD47",
118,"d13Cp","stomata-franks_steinthorsdottir_2021.xlsx#leaf gas-exchange_Franks!BE47",
118,"ed13Cp","stomata-franks_steinthorsdottir_2021.xlsx#leaf gas-exchange_Franks!BF47",
118,"N_ed13Cp","stomata-franks_steinthorsdottir_2021.xlsx#leaf gas-exchange_Franks!BG47",
118,"CO2_0","stomata-franks_steinthorsdottir_2021.xlsx#leaf gas-exchange_Franks!BK47",
118,"dv","stomata-franks_steinthorsdottir_2021.xlsx#leaf gas-exchange_Franks!CL47",
118,"A0","stomata-franks_steinthorsdottir_2021.xlsx#leaf gas-exchange_Franks!BL47",
118,"eA0","stomata-franks_steinthorsdottir_2021.xlsx#leaf gas-exchange_Franks!BM47",
118,"N_eA0","stomata-franks_steinthorsdottir_2021.xlsx#leaf gas-exchange_Franks!BN47",
118,"gb","stomata-franks_steinthorsdottir_2021.xlsx#leaf gas-exchange_Franks!BR47",
118,"egb","stomata-franks_steinthorsdottir_2021.xlsx#leaf gas-exchange_Franks!BS47",
118,"N_egb","stomata-franks_steinthorsdottir_2021.xlsx#leaf gas-exchange_Franks!BT47",
118,"s1","stomata-franks_steinthorsdottir_2021.xlsx#leaf gas-exchange_Franks!BU47",
118,"es1","stomata-franks_steinthorsdottir_2021.xlsx#leaf gas-exchange_Franks!BV47",
118,"N_es1","stomata-franks_steinthorsdottir_2021.xlsx#leaf gas-exchange_Franks!BW47",
118,"s2","stomata-franks_steinthorsdottir_2021.xlsx#leaf gas-exchange_Franks!BX47",
118,"es2","stomata-franks_steinthorsdottir_2021.xlsx#leaf gas-exchange_Franks!BY47",
118,"N_es2","stomata-franks_steinthorsdottir_2021.xlsx#leaf gas-exchange_Franks!BZ47",
118,"s3","stomata-franks_steinthorsdottir_2021.xlsx#leaf gas-exchange_Franks!CA47",
118,"es3","stomata-franks_steinthorsdottir_2021.xlsx#leaf gas-exchange_Franks!CB47",
118,"N_es3","stomata-franks_steinthorsdottir_2021.xlsx#leaf gas-exchange_Franks!CC47",
118,"s4","stomata-franks_steinthorsdottir_2021.xlsx#leaf gas-exchange_Franks!CD47",
118,"es4","stomata-franks_steinthorsdottir_2021.xlsx#leaf gas-exchange_Franks!CE47",
118,"N_es4","stomata-franks_steinthorsdottir_2021.xlsx#leaf gas-exchange_Franks!CF47",
118,"s5","stomata-franks_steinthorsdottir_2021.xlsx#leaf gas-exchange_Franks!CG47",
118,"es5","stomata-franks_steinthorsdottir_2021.xlsx#leaf gas-exchange_Franks!CH47",
118,"N_es5","stomata-franks_steinthorsdottir_2021.xlsx#leaf gas-exchange_Franks!CI47",
119,"sample","stomata-franks_steinthorsdottir_2021.xlsx#leaf gas-exchange_Franks!O48",
119,"doi","stomata-franks_steinthorsdottir_2021.xlsx#leaf gas-exchange_Franks!D48",
119,"lat","stomata-franks_steinthorsdottir_2021.xlsx#leaf gas-exchange_Franks!AA48",
119,"lon","stomata-franks_steinthorsdottir_2021.xlsx#leaf gas-exchange_Franks!AB48",
119,"age_mean","stomata-franks_steinthorsdottir_2021_p1.0.xlsx#leaf gas-exchange_Franks!AH48",
119,"age_min","stomata-franks_steinthorsdottir_2021_p1.0.xlsx#leaf gas-exchange_Franks!AJ48",
119,"age_max","stomata-franks_steinthorsdottir_2021_p1.0.xlsx#leaf gas-exchange_Franks!AI48",
119,"age_notes","stomata-franks_steinthorsdottir_2021_p1.0.xlsx#leaf gas-exchange_Franks!AL48",
119,"family","stomata-franks_steinthorsdottir_2021.xlsx#leaf gas-exchange_Franks!P48",
119,"genus","stomata-franks_steinthorsdottir_2021.xlsx#leaf gas-exchange_Franks!Q48",
119,"Dab","stomata-franks_steinthorsdottir_2021.xlsx#leaf gas-exchange_Franks!AM48",
119,"eDab","stomata-franks_steinthorsdottir_2021.xlsx#leaf gas-exchange_Franks!AN48",
119,"N_eDab","stomata-franks_steinthorsdottir_2021.xlsx#leaf gas-exchange_Franks!AO48",
119,"Dad","stomata-franks_steinthorsdottir_2021.xlsx#leaf gas-exchange_Franks!AP48",
119,"eDad","stomata-franks_steinthorsdottir_2021.xlsx#leaf gas-exchange_Franks!AQ48",
119,"N_eDad","stomata-franks_steinthorsdottir_2021.xlsx#leaf gas-exchange_Franks!AR48",
119,"GCLab","stomata-franks_steinthorsdottir_2021.xlsx#leaf gas-exchange_Franks!AS48",
119,"eGCLab","stomata-franks_steinthorsdottir_2021.xlsx#leaf gas-exchange_Franks!AT48",
119,"N_eGCLab","stomata-franks_steinthorsdottir_2021.xlsx#leaf gas-exchange_Franks!AU48",
119,"GCLad","stomata-franks_steinthorsdottir_2021.xlsx#leaf gas-exchange_Franks!AV48",
119,"eGCLad","stomata-franks_steinthorsdottir_2021.xlsx#leaf gas-exchange_Franks!AW48",
119,"N_eGCLad","stomata-franks_steinthorsdottir_2021.xlsx#leaf gas-exchange_Franks!AX48",
119,"GCWab","stomata-franks_steinthorsdottir_2021.xlsx#leaf gas-exchange_Franks!AY48",
119,"eGCWab","stomata-franks_steinthorsdottir_2021.xlsx#leaf gas-exchange_Franks!AZ48",
119,"N_eGCWab","stomata-franks_steinthorsdottir_2021.xlsx#leaf gas-exchange_Franks!BA48",
119,"GCWad","stomata-franks_steinthorsdottir_2021.xlsx#leaf gas-exchange_Franks!BB48",
119,"eGCWad","stomata-franks_steinthorsdottir_2021.xlsx#leaf gas-exchange_Franks!BC48",
119,"N_eGCWad","stomata-franks_steinthorsdottir_2021.xlsx#leaf gas-exchange_Franks!BD48",
119,"d13Cp","stomata-franks_steinthorsdottir_2021.xlsx#leaf gas-exchange_Franks!BE48",
119,"ed13Cp","stomata-franks_steinthorsdottir_2021.xlsx#leaf gas-exchange_Franks!BF48",
119,"N_ed13Cp","stomata-franks_steinthorsdottir_2021.xlsx#leaf gas-exchange_Franks!BG48",
119,"CO2_0","stomata-franks_steinthorsdottir_2021.xlsx#leaf gas-exchange_Franks!BK48",
119,"dv","stomata-franks_steinthorsdottir_2021.xlsx#leaf gas-exchange_Franks!CL48",
119,"A0","stomata-franks_steinthorsdottir_2021.xlsx#leaf gas-exchange_Franks!BL48",
119,"eA0","stomata-franks_steinthorsdottir_2021.xlsx#leaf gas-exchange_Franks!BM48",
119,"N_eA0","stomata-franks_steinthorsdottir_2021.xlsx#leaf gas-exchange_Franks!BN48",
119,"gb","stomata-franks_steinthorsdottir_2021.xlsx#leaf gas-exchange_Franks!BR48",
119,"egb","stomata-franks_steinthorsdottir_2021.xlsx#leaf gas-exchange_Franks!BS48",
119,"N_egb","stomata-franks_steinthorsdottir_2021.xlsx#leaf gas-exchange_Franks!BT48",
119,"s1","stomata-franks_steinthorsdottir_2021.xlsx#leaf gas-exchange_Franks!BU48",
119,"es1","stomata-franks_steinthorsdottir_2021.xlsx#leaf gas-exchange_Franks!BV48",
119,"N_es1","stomata-franks_steinthorsdottir_2021.xlsx#leaf gas-exchange_Franks!BW48",
119,"s2","stomata-franks_steinthorsdottir_2021.xlsx#leaf gas-exchange_Franks!BX48",
119,"es2","stomata-franks_steinthorsdottir_2021.xlsx#leaf gas-exchange_Franks!BY48",
119,"N_es2","stomata-franks_steinthorsdottir_2021.xlsx#leaf gas-exchange_Franks!BZ48",
119,"s3","stomata-franks_steinthorsdottir_2021.xlsx#leaf gas-exchange_Franks!CA48",
119,"es3","stomata-franks_steinthorsdottir_2021.xlsx#leaf gas-exchange_Franks!CB48",
119,"N_es3","stomata-franks_steinthorsdottir_2021.xlsx#leaf gas-exchange_Franks!CC48",
119,"s4","stomata-franks_steinthorsdottir_2021.xlsx#leaf gas-exchange_Franks!CD48",
119,"es4","stomata-franks_steinthorsdottir_2021.xlsx#leaf gas-exchange_Franks!CE48",
119,"N_es4","stomata-franks_steinthorsdottir_2021.xlsx#leaf gas-exchange_Franks!CF48",
119,"s5","stomata-franks_steinthorsdottir_2021.xlsx#leaf gas-exchange_Franks!CG48",
119,"es5","stomata-franks_steinthorsdottir_2021.xlsx#leaf gas-exchange_Franks!CH48",
119,"N_es5","stomata-franks_steinthorsdottir_2021.xlsx#leaf gas-exchange_Franks!CI48",
120,"sample","stomata-franks_steinthorsdottir_2021.xlsx#leaf gas-exchange_Franks!O49",
120,"doi","stomata-franks_steinthorsdottir_2021.xlsx#leaf gas-exchange_Franks!D49",
120,"lat","stomata-franks_steinthorsdottir_2021.xlsx#leaf gas-exchange_Franks!AA49",
120,"lon","stomata-franks_steinthorsdottir_2021.xlsx#leaf gas-exchange_Franks!AB49",
120,"age_mean","stomata-franks_steinthorsdottir_2021_p1.0.xlsx#leaf gas-exchange_Franks!AH49",
120,"age_min","stomata-franks_steinthorsdottir_2021_p1.0.xlsx#leaf gas-exchange_Franks!AJ49",
120,"age_max","stomata-franks_steinthorsdottir_2021_p1.0.xlsx#leaf gas-exchange_Franks!AI49",
120,"age_notes","stomata-franks_steinthorsdottir_2021_p1.0.xlsx#leaf gas-exchange_Franks!AL49",
120,"family","stomata-franks_steinthorsdottir_2021.xlsx#leaf gas-exchange_Franks!P49",
120,"genus","stomata-franks_steinthorsdottir_2021.xlsx#leaf gas-exchange_Franks!Q49",
120,"Dab","stomata-franks_steinthorsdottir_2021.xlsx#leaf gas-exchange_Franks!AM49",
120,"eDab","stomata-franks_steinthorsdottir_2021.xlsx#leaf gas-exchange_Franks!AN49",
120,"N_eDab","stomata-franks_steinthorsdottir_2021.xlsx#leaf gas-exchange_Franks!AO49",
120,"Dad","stomata-franks_steinthorsdottir_2021.xlsx#leaf gas-exchange_Franks!AP49",
120,"eDad","stomata-franks_steinthorsdottir_2021.xlsx#leaf gas-exchange_Franks!AQ49",
120,"N_eDad","stomata-franks_steinthorsdottir_2021.xlsx#leaf gas-exchange_Franks!AR49",
120,"GCLab","stomata-franks_steinthorsdottir_2021.xlsx#leaf gas-exchange_Franks!AS49",
120,"eGCLab","stomata-franks_steinthorsdottir_2021.xlsx#leaf gas-exchange_Franks!AT49",
120,"N_eGCLab","stomata-franks_steinthorsdottir_2021.xlsx#leaf gas-exchange_Franks!AU49",
120,"GCLad","stomata-franks_steinthorsdottir_2021.xlsx#leaf gas-exchange_Franks!AV49",
120,"eGCLad","stomata-franks_steinthorsdottir_2021.xlsx#leaf gas-exchange_Franks!AW49",
120,"N_eGCLad","stomata-franks_steinthorsdottir_2021.xlsx#leaf gas-exchange_Franks!AX49",
120,"GCWab","stomata-franks_steinthorsdottir_2021.xlsx#leaf gas-exchange_Franks!AY49",
120,"eGCWab","stomata-franks_steinthorsdottir_2021.xlsx#leaf gas-exchange_Franks!AZ49",
120,"N_eGCWab","stomata-franks_steinthorsdottir_2021.xlsx#leaf gas-exchange_Franks!BA49",
120,"GCWad","stomata-franks_steinthorsdottir_2021.xlsx#leaf gas-exchange_Franks!BB49",
120,"eGCWad","stomata-franks_steinthorsdottir_2021.xlsx#leaf gas-exchange_Franks!BC49",
120,"N_eGCWad","stomata-franks_steinthorsdottir_2021.xlsx#leaf gas-exchange_Franks!BD49",
120,"d13Cp","stomata-franks_steinthorsdottir_2021.xlsx#leaf gas-exchange_Franks!BE49",
120,"ed13Cp","stomata-franks_steinthorsdottir_2021.xlsx#leaf gas-exchange_Franks!BF49",
120,"N_ed13Cp","stomata-franks_steinthorsdottir_2021.xlsx#leaf gas-exchange_Franks!BG49",
120,"CO2_0","stomata-franks_steinthorsdottir_2021.xlsx#leaf gas-exchange_Franks!BK49",
120,"dv","stomata-franks_steinthorsdottir_2021.xlsx#leaf gas-exchange_Franks!CL49",
120,"A0","stomata-franks_steinthorsdottir_2021.xlsx#leaf gas-exchange_Franks!BL49",
120,"eA0","stomata-franks_steinthorsdottir_2021.xlsx#leaf gas-exchange_Franks!BM49",
120,"N_eA0","stomata-franks_steinthorsdottir_2021.xlsx#leaf gas-exchange_Franks!BN49",
120,"gb","stomata-franks_steinthorsdottir_2021.xlsx#leaf gas-exchange_Franks!BR49",
120,"egb","stomata-franks_steinthorsdottir_2021.xlsx#leaf gas-exchange_Franks!BS49",
120,"N_egb","stomata-franks_steinthorsdottir_2021.xlsx#leaf gas-exchange_Franks!BT49",
120,"s1","stomata-franks_steinthorsdottir_2021.xlsx#leaf gas-exchange_Franks!BU49",
120,"es1","stomata-franks_steinthorsdottir_2021.xlsx#leaf gas-exchange_Franks!BV49",
120,"N_es1","stomata-franks_steinthorsdottir_2021.xlsx#leaf gas-exchange_Franks!BW49",
120,"s2","stomata-franks_steinthorsdottir_2021.xlsx#leaf gas-exchange_Franks!BX49",
120,"es2","stomata-franks_steinthorsdottir_2021.xlsx#leaf gas-exchange_Franks!BY49",
120,"N_es2","stomata-franks_steinthorsdottir_2021.xlsx#leaf gas-exchange_Franks!BZ49",
120,"s3","stomata-franks_steinthorsdottir_2021.xlsx#leaf gas-exchange_Franks!CA49",
120,"es3","stomata-franks_steinthorsdottir_2021.xlsx#leaf gas-exchange_Franks!CB49",
120,"N_es3","stomata-franks_steinthorsdottir_2021.xlsx#leaf gas-exchange_Franks!CC49",
120,"s4","stomata-franks_steinthorsdottir_2021.xlsx#leaf gas-exchange_Franks!CD49",
120,"es4","stomata-franks_steinthorsdottir_2021.xlsx#leaf gas-exchange_Franks!CE49",
120,"N_es4","stomata-franks_steinthorsdottir_2021.xlsx#leaf gas-exchange_Franks!CF49",
120,"s5","stomata-franks_steinthorsdottir_2021.xlsx#leaf gas-exchange_Franks!CG49",
120,"es5","stomata-franks_steinthorsdottir_2021.xlsx#leaf gas-exchange_Franks!CH49",
120,"N_es5","stomata-franks_steinthorsdottir_2021.xlsx#leaf gas-exchange_Franks!CI49",
121,"sample","stomata-franks_steinthorsdottir_2021.xlsx#leaf gas-exchange_Franks!O50",
121,"doi","stomata-franks_steinthorsdottir_2021.xlsx#leaf gas-exchange_Franks!D50",
121,"lat","stomata-franks_steinthorsdottir_2021.xlsx#leaf gas-exchange_Franks!AA50",
121,"lon","stomata-franks_steinthorsdottir_2021.xlsx#leaf gas-exchange_Franks!AB50",
121,"age_mean","stomata-franks_steinthorsdottir_2021_p1.0.xlsx#leaf gas-exchange_Franks!AH50",
121,"age_min","stomata-franks_steinthorsdottir_2021_p1.0.xlsx#leaf gas-exchange_Franks!AJ50",
121,"age_max","stomata-franks_steinthorsdottir_2021_p1.0.xlsx#leaf gas-exchange_Franks!AI50",
121,"age_notes","stomata-franks_steinthorsdottir_2021_p1.0.xlsx#leaf gas-exchange_Franks!AL50",
121,"family","stomata-franks_steinthorsdottir_2021.xlsx#leaf gas-exchange_Franks!P50",
121,"genus","stomata-franks_steinthorsdottir_2021.xlsx#leaf gas-exchange_Franks!Q50",
121,"Dab","stomata-franks_steinthorsdottir_2021.xlsx#leaf gas-exchange_Franks!AM50",
121,"eDab","stomata-franks_steinthorsdottir_2021.xlsx#leaf gas-exchange_Franks!AN50",
121,"N_eDab","stomata-franks_steinthorsdottir_2021.xlsx#leaf gas-exchange_Franks!AO50",
121,"Dad","stomata-franks_steinthorsdottir_2021.xlsx#leaf gas-exchange_Franks!AP50",
121,"eDad","stomata-franks_steinthorsdottir_2021.xlsx#leaf gas-exchange_Franks!AQ50",
121,"N_eDad","stomata-franks_steinthorsdottir_2021.xlsx#leaf gas-exchange_Franks!AR50",
121,"GCLab","stomata-franks_steinthorsdottir_2021.xlsx#leaf gas-exchange_Franks!AS50",
121,"eGCLab","stomata-franks_steinthorsdottir_2021.xlsx#leaf gas-exchange_Franks!AT50",
121,"N_eGCLab","stomata-franks_steinthorsdottir_2021.xlsx#leaf gas-exchange_Franks!AU50",
121,"GCLad","stomata-franks_steinthorsdottir_2021.xlsx#leaf gas-exchange_Franks!AV50",
121,"eGCLad","stomata-franks_steinthorsdottir_2021.xlsx#leaf gas-exchange_Franks!AW50",
121,"N_eGCLad","stomata-franks_steinthorsdottir_2021.xlsx#leaf gas-exchange_Franks!AX50",
121,"GCWab","stomata-franks_steinthorsdottir_2021.xlsx#leaf gas-exchange_Franks!AY50",
121,"eGCWab","stomata-franks_steinthorsdottir_2021.xlsx#leaf gas-exchange_Franks!AZ50",
121,"N_eGCWab","stomata-franks_steinthorsdottir_2021.xlsx#leaf gas-exchange_Franks!BA50",
121,"GCWad","stomata-franks_steinthorsdottir_2021.xlsx#leaf gas-exchange_Franks!BB50",
121,"eGCWad","stomata-franks_steinthorsdottir_2021.xlsx#leaf gas-exchange_Franks!BC50",
121,"N_eGCWad","stomata-franks_steinthorsdottir_2021.xlsx#leaf gas-exchange_Franks!BD50",
121,"d13Cp","stomata-franks_steinthorsdottir_2021.xlsx#leaf gas-exchange_Franks!BE50",
121,"ed13Cp","stomata-franks_steinthorsdottir_2021.xlsx#leaf gas-exchange_Franks!BF50",
121,"N_ed13Cp","stomata-franks_steinthorsdottir_2021.xlsx#leaf gas-exchange_Franks!BG50",
121,"CO2_0","stomata-franks_steinthorsdottir_2021.xlsx#leaf gas-exchange_Franks!BK50",
121,"dv","stomata-franks_steinthorsdottir_2021.xlsx#leaf gas-exchange_Franks!CL50",
121,"A0","stomata-franks_steinthorsdottir_2021.xlsx#leaf gas-exchange_Franks!BL50",
121,"eA0","stomata-franks_steinthorsdottir_2021.xlsx#leaf gas-exchange_Franks!BM50",
121,"N_eA0","stomata-franks_steinthorsdottir_2021.xlsx#leaf gas-exchange_Franks!BN50",
121,"gb","stomata-franks_steinthorsdottir_2021.xlsx#leaf gas-exchange_Franks!BR50",
121,"egb","stomata-franks_steinthorsdottir_2021.xlsx#leaf gas-exchange_Franks!BS50",
121,"N_egb","stomata-franks_steinthorsdottir_2021.xlsx#leaf gas-exchange_Franks!BT50",
121,"s1","stomata-franks_steinthorsdottir_2021.xlsx#leaf gas-exchange_Franks!BU50",
121,"es1","stomata-franks_steinthorsdottir_2021.xlsx#leaf gas-exchange_Franks!BV50",
121,"N_es1","stomata-franks_steinthorsdottir_2021.xlsx#leaf gas-exchange_Franks!BW50",
121,"s2","stomata-franks_steinthorsdottir_2021.xlsx#leaf gas-exchange_Franks!BX50",
121,"es2","stomata-franks_steinthorsdottir_2021.xlsx#leaf gas-exchange_Franks!BY50",
121,"N_es2","stomata-franks_steinthorsdottir_2021.xlsx#leaf gas-exchange_Franks!BZ50",
121,"s3","stomata-franks_steinthorsdottir_2021.xlsx#leaf gas-exchange_Franks!CA50",
121,"es3","stomata-franks_steinthorsdottir_2021.xlsx#leaf gas-exchange_Franks!CB50",
121,"N_es3","stomata-franks_steinthorsdottir_2021.xlsx#leaf gas-exchange_Franks!CC50",
121,"s4","stomata-franks_steinthorsdottir_2021.xlsx#leaf gas-exchange_Franks!CD50",
121,"es4","stomata-franks_steinthorsdottir_2021.xlsx#leaf gas-exchange_Franks!CE50",
121,"N_es4","stomata-franks_steinthorsdottir_2021.xlsx#leaf gas-exchange_Franks!CF50",
121,"s5","stomata-franks_steinthorsdottir_2021.xlsx#leaf gas-exchange_Franks!CG50",
121,"es5","stomata-franks_steinthorsdottir_2021.xlsx#leaf gas-exchange_Franks!CH50",
121,"N_es5","stomata-franks_steinthorsdottir_2021.xlsx#leaf gas-exchange_Franks!CI50",
122,"sample","stomata-franks_steinthorsdottir_2021.xlsx#leaf gas-exchange_Franks!O51",
122,"doi","stomata-franks_steinthorsdottir_2021.xlsx#leaf gas-exchange_Franks!D51",
122,"lat","stomata-franks_steinthorsdottir_2021.xlsx#leaf gas-exchange_Franks!AA51",
122,"lon","stomata-franks_steinthorsdottir_2021.xlsx#leaf gas-exchange_Franks!AB51",
122,"age_mean","stomata-franks_steinthorsdottir_2021_p1.0.xlsx#leaf gas-exchange_Franks!AH51",
122,"age_min","stomata-franks_steinthorsdottir_2021_p1.0.xlsx#leaf gas-exchange_Franks!AJ51",
122,"age_max","stomata-franks_steinthorsdottir_2021_p1.0.xlsx#leaf gas-exchange_Franks!AI51",
122,"age_notes","stomata-franks_steinthorsdottir_2021_p1.0.xlsx#leaf gas-exchange_Franks!AL51",
122,"family","stomata-franks_steinthorsdottir_2021.xlsx#leaf gas-exchange_Franks!P51",
122,"genus","stomata-franks_steinthorsdottir_2021.xlsx#leaf gas-exchange_Franks!Q51",
122,"Dab","stomata-franks_steinthorsdottir_2021.xlsx#leaf gas-exchange_Franks!AM51",
122,"eDab","stomata-franks_steinthorsdottir_2021.xlsx#leaf gas-exchange_Franks!AN51",
122,"N_eDab","stomata-franks_steinthorsdottir_2021.xlsx#leaf gas-exchange_Franks!AO51",
122,"Dad","stomata-franks_steinthorsdottir_2021.xlsx#leaf gas-exchange_Franks!AP51",
122,"eDad","stomata-franks_steinthorsdottir_2021.xlsx#leaf gas-exchange_Franks!AQ51",
122,"N_eDad","stomata-franks_steinthorsdottir_2021.xlsx#leaf gas-exchange_Franks!AR51",
122,"GCLab","stomata-franks_steinthorsdottir_2021.xlsx#leaf gas-exchange_Franks!AS51",
122,"eGCLab","stomata-franks_steinthorsdottir_2021.xlsx#leaf gas-exchange_Franks!AT51",
122,"N_eGCLab","stomata-franks_steinthorsdottir_2021.xlsx#leaf gas-exchange_Franks!AU51",
122,"GCLad","stomata-franks_steinthorsdottir_2021.xlsx#leaf gas-exchange_Franks!AV51",
122,"eGCLad","stomata-franks_steinthorsdottir_2021.xlsx#leaf gas-exchange_Franks!AW51",
122,"N_eGCLad","stomata-franks_steinthorsdottir_2021.xlsx#leaf gas-exchange_Franks!AX51",
122,"GCWab","stomata-franks_steinthorsdottir_2021.xlsx#leaf gas-exchange_Franks!AY51",
122,"eGCWab","stomata-franks_steinthorsdottir_2021.xlsx#leaf gas-exchange_Franks!AZ51",
122,"N_eGCWab","stomata-franks_steinthorsdottir_2021.xlsx#leaf gas-exchange_Franks!BA51",
122,"GCWad","stomata-franks_steinthorsdottir_2021.xlsx#leaf gas-exchange_Franks!BB51",
122,"eGCWad","stomata-franks_steinthorsdottir_2021.xlsx#leaf gas-exchange_Franks!BC51",
122,"N_eGCWad","stomata-franks_steinthorsdottir_2021.xlsx#leaf gas-exchange_Franks!BD51",
122,"d13Cp","stomata-franks_steinthorsdottir_2021.xlsx#leaf gas-exchange_Franks!BE51",
122,"ed13Cp","stomata-franks_steinthorsdottir_2021.xlsx#leaf gas-exchange_Franks!BF51",
122,"N_ed13Cp","stomata-franks_steinthorsdottir_2021.xlsx#leaf gas-exchange_Franks!BG51",
122,"CO2_0","stomata-franks_steinthorsdottir_2021.xlsx#leaf gas-exchange_Franks!BK51",
122,"dv","stomata-franks_steinthorsdottir_2021.xlsx#leaf gas-exchange_Franks!CL51",
122,"A0","stomata-franks_steinthorsdottir_2021.xlsx#leaf gas-exchange_Franks!BL51",
122,"eA0","stomata-franks_steinthorsdottir_2021.xlsx#leaf gas-exchange_Franks!BM51",
122,"N_eA0","stomata-franks_steinthorsdottir_2021.xlsx#leaf gas-exchange_Franks!BN51",
122,"gb","stomata-franks_steinthorsdottir_2021.xlsx#leaf gas-exchange_Franks!BR51",
122,"egb","stomata-franks_steinthorsdottir_2021.xlsx#leaf gas-exchange_Franks!BS51",
122,"N_egb","stomata-franks_steinthorsdottir_2021.xlsx#leaf gas-exchange_Franks!BT51",
122,"s1","stomata-franks_steinthorsdottir_2021.xlsx#leaf gas-exchange_Franks!BU51",
122,"es1","stomata-franks_steinthorsdottir_2021.xlsx#leaf gas-exchange_Franks!BV51",
122,"N_es1","stomata-franks_steinthorsdottir_2021.xlsx#leaf gas-exchange_Franks!BW51",
122,"s2","stomata-franks_steinthorsdottir_2021.xlsx#leaf gas-exchange_Franks!BX51",
122,"es2","stomata-franks_steinthorsdottir_2021.xlsx#leaf gas-exchange_Franks!BY51",
122,"N_es2","stomata-franks_steinthorsdottir_2021.xlsx#leaf gas-exchange_Franks!BZ51",
122,"s3","stomata-franks_steinthorsdottir_2021.xlsx#leaf gas-exchange_Franks!CA51",
122,"es3","stomata-franks_steinthorsdottir_2021.xlsx#leaf gas-exchange_Franks!CB51",
122,"N_es3","stomata-franks_steinthorsdottir_2021.xlsx#leaf gas-exchange_Franks!CC51",
122,"s4","stomata-franks_steinthorsdottir_2021.xlsx#leaf gas-exchange_Franks!CD51",
122,"es4","stomata-franks_steinthorsdottir_2021.xlsx#leaf gas-exchange_Franks!CE51",
122,"N_es4","stomata-franks_steinthorsdottir_2021.xlsx#leaf gas-exchange_Franks!CF51",
122,"s5","stomata-franks_steinthorsdottir_2021.xlsx#leaf gas-exchange_Franks!CG51",
122,"es5","stomata-franks_steinthorsdottir_2021.xlsx#leaf gas-exchange_Franks!CH51",
122,"N_es5","stomata-franks_steinthorsdottir_2021.xlsx#leaf gas-exchange_Franks!CI51",
123,"sample","stomata-franks_steinthorsdottir_2021.xlsx#leaf gas-exchange_Franks!O52",
123,"doi","stomata-franks_steinthorsdottir_2021.xlsx#leaf gas-exchange_Franks!D52",
123,"lat","stomata-franks_steinthorsdottir_2021.xlsx#leaf gas-exchange_Franks!AA52",
123,"lon","stomata-franks_steinthorsdottir_2021.xlsx#leaf gas-exchange_Franks!AB52",
123,"age_mean","stomata-franks_steinthorsdottir_2021_p1.0.xlsx#leaf gas-exchange_Franks!AH52",
123,"age_min","stomata-franks_steinthorsdottir_2021_p1.0.xlsx#leaf gas-exchange_Franks!AJ52",
123,"age_max","stomata-franks_steinthorsdottir_2021_p1.0.xlsx#leaf gas-exchange_Franks!AI52",
123,"age_notes","stomata-franks_steinthorsdottir_2021_p1.0.xlsx#leaf gas-exchange_Franks!AL52",
123,"family","stomata-franks_steinthorsdottir_2021.xlsx#leaf gas-exchange_Franks!P52",
123,"genus","stomata-franks_steinthorsdottir_2021.xlsx#leaf gas-exchange_Franks!Q52",
123,"Dab","stomata-franks_steinthorsdottir_2021.xlsx#leaf gas-exchange_Franks!AM52",
123,"eDab","stomata-franks_steinthorsdottir_2021.xlsx#leaf gas-exchange_Franks!AN52",
123,"N_eDab","stomata-franks_steinthorsdottir_2021.xlsx#leaf gas-exchange_Franks!AO52",
123,"Dad","stomata-franks_steinthorsdottir_2021.xlsx#leaf gas-exchange_Franks!AP52",
123,"eDad","stomata-franks_steinthorsdottir_2021.xlsx#leaf gas-exchange_Franks!AQ52",
123,"N_eDad","stomata-franks_steinthorsdottir_2021.xlsx#leaf gas-exchange_Franks!AR52",
123,"GCLab","stomata-franks_steinthorsdottir_2021.xlsx#leaf gas-exchange_Franks!AS52",
123,"eGCLab","stomata-franks_steinthorsdottir_2021.xlsx#leaf gas-exchange_Franks!AT52",
123,"N_eGCLab","stomata-franks_steinthorsdottir_2021.xlsx#leaf gas-exchange_Franks!AU52",
123,"GCLad","stomata-franks_steinthorsdottir_2021.xlsx#leaf gas-exchange_Franks!AV52",
123,"eGCLad","stomata-franks_steinthorsdottir_2021.xlsx#leaf gas-exchange_Franks!AW52",
123,"N_eGCLad","stomata-franks_steinthorsdottir_2021.xlsx#leaf gas-exchange_Franks!AX52",
123,"GCWab","stomata-franks_steinthorsdottir_2021.xlsx#leaf gas-exchange_Franks!AY52",
123,"eGCWab","stomata-franks_steinthorsdottir_2021.xlsx#leaf gas-exchange_Franks!AZ52",
123,"N_eGCWab","stomata-franks_steinthorsdottir_2021.xlsx#leaf gas-exchange_Franks!BA52",
123,"GCWad","stomata-franks_steinthorsdottir_2021.xlsx#leaf gas-exchange_Franks!BB52",
123,"eGCWad","stomata-franks_steinthorsdottir_2021.xlsx#leaf gas-exchange_Franks!BC52",
123,"N_eGCWad","stomata-franks_steinthorsdottir_2021.xlsx#leaf gas-exchange_Franks!BD52",
123,"d13Cp","stomata-franks_steinthorsdottir_2021.xlsx#leaf gas-exchange_Franks!BE52",
123,"ed13Cp","stomata-franks_steinthorsdottir_2021.xlsx#leaf gas-exchange_Franks!BF52",
123,"N_ed13Cp","stomata-franks_steinthorsdottir_2021.xlsx#leaf gas-exchange_Franks!BG52",
123,"CO2_0","stomata-franks_steinthorsdottir_2021.xlsx#leaf gas-exchange_Franks!BK52",
123,"dv","stomata-franks_steinthorsdottir_2021.xlsx#leaf gas-exchange_Franks!CL52",
123,"A0","stomata-franks_steinthorsdottir_2021.xlsx#leaf gas-exchange_Franks!BL52",
123,"eA0","stomata-franks_steinthorsdottir_2021.xlsx#leaf gas-exchange_Franks!BM52",
123,"N_eA0","stomata-franks_steinthorsdottir_2021.xlsx#leaf gas-exchange_Franks!BN52",
123,"gb","stomata-franks_steinthorsdottir_2021.xlsx#leaf gas-exchange_Franks!BR52",
123,"egb","stomata-franks_steinthorsdottir_2021.xlsx#leaf gas-exchange_Franks!BS52",
123,"N_egb","stomata-franks_steinthorsdottir_2021.xlsx#leaf gas-exchange_Franks!BT52",
123,"s1","stomata-franks_steinthorsdottir_2021.xlsx#leaf gas-exchange_Franks!BU52",
123,"es1","stomata-franks_steinthorsdottir_2021.xlsx#leaf gas-exchange_Franks!BV52",
123,"N_es1","stomata-franks_steinthorsdottir_2021.xlsx#leaf gas-exchange_Franks!BW52",
123,"s2","stomata-franks_steinthorsdottir_2021.xlsx#leaf gas-exchange_Franks!BX52",
123,"es2","stomata-franks_steinthorsdottir_2021.xlsx#leaf gas-exchange_Franks!BY52",
123,"N_es2","stomata-franks_steinthorsdottir_2021.xlsx#leaf gas-exchange_Franks!BZ52",
123,"s3","stomata-franks_steinthorsdottir_2021.xlsx#leaf gas-exchange_Franks!CA52",
123,"es3","stomata-franks_steinthorsdottir_2021.xlsx#leaf gas-exchange_Franks!CB52",
123,"N_es3","stomata-franks_steinthorsdottir_2021.xlsx#leaf gas-exchange_Franks!CC52",
123,"s4","stomata-franks_steinthorsdottir_2021.xlsx#leaf gas-exchange_Franks!CD52",
123,"es4","stomata-franks_steinthorsdottir_2021.xlsx#leaf gas-exchange_Franks!CE52",
123,"N_es4","stomata-franks_steinthorsdottir_2021.xlsx#leaf gas-exchange_Franks!CF52",
123,"s5","stomata-franks_steinthorsdottir_2021.xlsx#leaf gas-exchange_Franks!CG52",
123,"es5","stomata-franks_steinthorsdottir_2021.xlsx#leaf gas-exchange_Franks!CH52",
123,"N_es5","stomata-franks_steinthorsdottir_2021.xlsx#leaf gas-exchange_Franks!CI52",
124,"sample","stomata-franks_steinthorsdottir_2021.xlsx#leaf gas-exchange_Franks!O53",
124,"doi","stomata-franks_steinthorsdottir_2021.xlsx#leaf gas-exchange_Franks!D53",
124,"lat","stomata-franks_steinthorsdottir_2021.xlsx#leaf gas-exchange_Franks!AA53",
124,"lon","stomata-franks_steinthorsdottir_2021.xlsx#leaf gas-exchange_Franks!AB53",
124,"age_mean","stomata-franks_steinthorsdottir_2021_p1.0.xlsx#leaf gas-exchange_Franks!AH53",
124,"age_min","stomata-franks_steinthorsdottir_2021_p1.0.xlsx#leaf gas-exchange_Franks!AJ53",
124,"age_max","stomata-franks_steinthorsdottir_2021_p1.0.xlsx#leaf gas-exchange_Franks!AI53",
124,"age_notes","stomata-franks_steinthorsdottir_2021_p1.0.xlsx#leaf gas-exchange_Franks!AL53",
124,"family","stomata-franks_steinthorsdottir_2021.xlsx#leaf gas-exchange_Franks!P53",
124,"genus","stomata-franks_steinthorsdottir_2021.xlsx#leaf gas-exchange_Franks!Q53",
124,"Dab","stomata-franks_steinthorsdottir_2021.xlsx#leaf gas-exchange_Franks!AM53",
124,"eDab","stomata-franks_steinthorsdottir_2021.xlsx#leaf gas-exchange_Franks!AN53",
124,"N_eDab","stomata-franks_steinthorsdottir_2021.xlsx#leaf gas-exchange_Franks!AO53",
124,"Dad","stomata-franks_steinthorsdottir_2021.xlsx#leaf gas-exchange_Franks!AP53",
124,"eDad","stomata-franks_steinthorsdottir_2021.xlsx#leaf gas-exchange_Franks!AQ53",
124,"N_eDad","stomata-franks_steinthorsdottir_2021.xlsx#leaf gas-exchange_Franks!AR53",
124,"GCLab","stomata-franks_steinthorsdottir_2021.xlsx#leaf gas-exchange_Franks!AS53",
124,"eGCLab","stomata-franks_steinthorsdottir_2021.xlsx#leaf gas-exchange_Franks!AT53",
124,"N_eGCLab","stomata-franks_steinthorsdottir_2021.xlsx#leaf gas-exchange_Franks!AU53",
124,"GCLad","stomata-franks_steinthorsdottir_2021.xlsx#leaf gas-exchange_Franks!AV53",
124,"eGCLad","stomata-franks_steinthorsdottir_2021.xlsx#leaf gas-exchange_Franks!AW53",
124,"N_eGCLad","stomata-franks_steinthorsdottir_2021.xlsx#leaf gas-exchange_Franks!AX53",
124,"GCWab","stomata-franks_steinthorsdottir_2021.xlsx#leaf gas-exchange_Franks!AY53",
124,"eGCWab","stomata-franks_steinthorsdottir_2021.xlsx#leaf gas-exchange_Franks!AZ53",
124,"N_eGCWab","stomata-franks_steinthorsdottir_2021.xlsx#leaf gas-exchange_Franks!BA53",
124,"GCWad","stomata-franks_steinthorsdottir_2021.xlsx#leaf gas-exchange_Franks!BB53",
124,"eGCWad","stomata-franks_steinthorsdottir_2021.xlsx#leaf gas-exchange_Franks!BC53",
124,"N_eGCWad","stomata-franks_steinthorsdottir_2021.xlsx#leaf gas-exchange_Franks!BD53",
124,"d13Cp","stomata-franks_steinthorsdottir_2021.xlsx#leaf gas-exchange_Franks!BE53",
124,"ed13Cp","stomata-franks_steinthorsdottir_2021.xlsx#leaf gas-exchange_Franks!BF53",
124,"N_ed13Cp","stomata-franks_steinthorsdottir_2021.xlsx#leaf gas-exchange_Franks!BG53",
124,"CO2_0","stomata-franks_steinthorsdottir_2021.xlsx#leaf gas-exchange_Franks!BK53",
124,"dv","stomata-franks_steinthorsdottir_2021.xlsx#leaf gas-exchange_Franks!CL53",
124,"A0","stomata-franks_steinthorsdottir_2021.xlsx#leaf gas-exchange_Franks!BL53",
124,"eA0","stomata-franks_steinthorsdottir_2021.xlsx#leaf gas-exchange_Franks!BM53",
124,"N_eA0","stomata-franks_steinthorsdottir_2021.xlsx#leaf gas-exchange_Franks!BN53",
124,"gb","stomata-franks_steinthorsdottir_2021.xlsx#leaf gas-exchange_Franks!BR53",
124,"egb","stomata-franks_steinthorsdottir_2021.xlsx#leaf gas-exchange_Franks!BS53",
124,"N_egb","stomata-franks_steinthorsdottir_2021.xlsx#leaf gas-exchange_Franks!BT53",
124,"s1","stomata-franks_steinthorsdottir_2021.xlsx#leaf gas-exchange_Franks!BU53",
124,"es1","stomata-franks_steinthorsdottir_2021.xlsx#leaf gas-exchange_Franks!BV53",
124,"N_es1","stomata-franks_steinthorsdottir_2021.xlsx#leaf gas-exchange_Franks!BW53",
124,"s2","stomata-franks_steinthorsdottir_2021.xlsx#leaf gas-exchange_Franks!BX53",
124,"es2","stomata-franks_steinthorsdottir_2021.xlsx#leaf gas-exchange_Franks!BY53",
124,"N_es2","stomata-franks_steinthorsdottir_2021.xlsx#leaf gas-exchange_Franks!BZ53",
124,"s3","stomata-franks_steinthorsdottir_2021.xlsx#leaf gas-exchange_Franks!CA53",
124,"es3","stomata-franks_steinthorsdottir_2021.xlsx#leaf gas-exchange_Franks!CB53",
124,"N_es3","stomata-franks_steinthorsdottir_2021.xlsx#leaf gas-exchange_Franks!CC53",
124,"s4","stomata-franks_steinthorsdottir_2021.xlsx#leaf gas-exchange_Franks!CD53",
124,"es4","stomata-franks_steinthorsdottir_2021.xlsx#leaf gas-exchange_Franks!CE53",
124,"N_es4","stomata-franks_steinthorsdottir_2021.xlsx#leaf gas-exchange_Franks!CF53",
124,"s5","stomata-franks_steinthorsdottir_2021.xlsx#leaf gas-exchange_Franks!CG53",
124,"es5","stomata-franks_steinthorsdottir_2021.xlsx#leaf gas-exchange_Franks!CH53",
124,"N_es5","stomata-franks_steinthorsdottir_2021.xlsx#leaf gas-exchange_Franks!CI53",
125,"sample","stomata-franks_steinthorsdottir_2021.xlsx#leaf gas-exchange_Franks!O54",
125,"doi","stomata-franks_steinthorsdottir_2021.xlsx#leaf gas-exchange_Franks!D54",
125,"lat","stomata-franks_steinthorsdottir_2021.xlsx#leaf gas-exchange_Franks!AA54",
125,"lon","stomata-franks_steinthorsdottir_2021.xlsx#leaf gas-exchange_Franks!AB54",
125,"age_mean","stomata-franks_steinthorsdottir_2021_p1.0.xlsx#leaf gas-exchange_Franks!AH54",
125,"age_min","stomata-franks_steinthorsdottir_2021_p1.0.xlsx#leaf gas-exchange_Franks!AJ54",
125,"age_max","stomata-franks_steinthorsdottir_2021_p1.0.xlsx#leaf gas-exchange_Franks!AI54",
125,"age_notes","stomata-franks_steinthorsdottir_2021_p1.0.xlsx#leaf gas-exchange_Franks!AL54",
125,"family","stomata-franks_steinthorsdottir_2021.xlsx#leaf gas-exchange_Franks!P54",
125,"genus","stomata-franks_steinthorsdottir_2021.xlsx#leaf gas-exchange_Franks!Q54",
125,"Dab","stomata-franks_steinthorsdottir_2021.xlsx#leaf gas-exchange_Franks!AM54",
125,"eDab","stomata-franks_steinthorsdottir_2021.xlsx#leaf gas-exchange_Franks!AN54",
125,"N_eDab","stomata-franks_steinthorsdottir_2021.xlsx#leaf gas-exchange_Franks!AO54",
125,"Dad","stomata-franks_steinthorsdottir_2021.xlsx#leaf gas-exchange_Franks!AP54",
125,"eDad","stomata-franks_steinthorsdottir_2021.xlsx#leaf gas-exchange_Franks!AQ54",
125,"N_eDad","stomata-franks_steinthorsdottir_2021.xlsx#leaf gas-exchange_Franks!AR54",
125,"GCLab","stomata-franks_steinthorsdottir_2021.xlsx#leaf gas-exchange_Franks!AS54",
125,"eGCLab","stomata-franks_steinthorsdottir_2021.xlsx#leaf gas-exchange_Franks!AT54",
125,"N_eGCLab","stomata-franks_steinthorsdottir_2021.xlsx#leaf gas-exchange_Franks!AU54",
125,"GCLad","stomata-franks_steinthorsdottir_2021.xlsx#leaf gas-exchange_Franks!AV54",
125,"eGCLad","stomata-franks_steinthorsdottir_2021.xlsx#leaf gas-exchange_Franks!AW54",
125,"N_eGCLad","stomata-franks_steinthorsdottir_2021.xlsx#leaf gas-exchange_Franks!AX54",
125,"GCWab","stomata-franks_steinthorsdottir_2021.xlsx#leaf gas-exchange_Franks!AY54",
125,"eGCWab","stomata-franks_steinthorsdottir_2021.xlsx#leaf gas-exchange_Franks!AZ54",
125,"N_eGCWab","stomata-franks_steinthorsdottir_2021.xlsx#leaf gas-exchange_Franks!BA54",
125,"GCWad","stomata-franks_steinthorsdottir_2021.xlsx#leaf gas-exchange_Franks!BB54",
125,"eGCWad","stomata-franks_steinthorsdottir_2021.xlsx#leaf gas-exchange_Franks!BC54",
125,"N_eGCWad","stomata-franks_steinthorsdottir_2021.xlsx#leaf gas-exchange_Franks!BD54",
125,"d13Cp","stomata-franks_steinthorsdottir_2021.xlsx#leaf gas-exchange_Franks!BE54",
125,"ed13Cp","stomata-franks_steinthorsdottir_2021.xlsx#leaf gas-exchange_Franks!BF54",
125,"N_ed13Cp","stomata-franks_steinthorsdottir_2021.xlsx#leaf gas-exchange_Franks!BG54",
125,"CO2_0","stomata-franks_steinthorsdottir_2021.xlsx#leaf gas-exchange_Franks!BK54",
125,"dv","stomata-franks_steinthorsdottir_2021.xlsx#leaf gas-exchange_Franks!CL54",
125,"A0","stomata-franks_steinthorsdottir_2021.xlsx#leaf gas-exchange_Franks!BL54",
125,"eA0","stomata-franks_steinthorsdottir_2021.xlsx#leaf gas-exchange_Franks!BM54",
125,"N_eA0","stomata-franks_steinthorsdottir_2021.xlsx#leaf gas-exchange_Franks!BN54",
125,"gb","stomata-franks_steinthorsdottir_2021.xlsx#leaf gas-exchange_Franks!BR54",
125,"egb","stomata-franks_steinthorsdottir_2021.xlsx#leaf gas-exchange_Franks!BS54",
125,"N_egb","stomata-franks_steinthorsdottir_2021.xlsx#leaf gas-exchange_Franks!BT54",
125,"s1","stomata-franks_steinthorsdottir_2021.xlsx#leaf gas-exchange_Franks!BU54",
125,"es1","stomata-franks_steinthorsdottir_2021.xlsx#leaf gas-exchange_Franks!BV54",
125,"N_es1","stomata-franks_steinthorsdottir_2021.xlsx#leaf gas-exchange_Franks!BW54",
125,"s2","stomata-franks_steinthorsdottir_2021.xlsx#leaf gas-exchange_Franks!BX54",
125,"es2","stomata-franks_steinthorsdottir_2021.xlsx#leaf gas-exchange_Franks!BY54",
125,"N_es2","stomata-franks_steinthorsdottir_2021.xlsx#leaf gas-exchange_Franks!BZ54",
125,"s3","stomata-franks_steinthorsdottir_2021.xlsx#leaf gas-exchange_Franks!CA54",
125,"es3","stomata-franks_steinthorsdottir_2021.xlsx#leaf gas-exchange_Franks!CB54",
125,"N_es3","stomata-franks_steinthorsdottir_2021.xlsx#leaf gas-exchange_Franks!CC54",
125,"s4","stomata-franks_steinthorsdottir_2021.xlsx#leaf gas-exchange_Franks!CD54",
125,"es4","stomata-franks_steinthorsdottir_2021.xlsx#leaf gas-exchange_Franks!CE54",
125,"N_es4","stomata-franks_steinthorsdottir_2021.xlsx#leaf gas-exchange_Franks!CF54",
125,"s5","stomata-franks_steinthorsdottir_2021.xlsx#leaf gas-exchange_Franks!CG54",
125,"es5","stomata-franks_steinthorsdottir_2021.xlsx#leaf gas-exchange_Franks!CH54",
125,"N_es5","stomata-franks_steinthorsdottir_2021.xlsx#leaf gas-exchange_Franks!CI54",
126,"sample","stomata-franks_steinthorsdottir_2021.xlsx#leaf gas-exchange_Franks!O55",
126,"doi","stomata-franks_steinthorsdottir_2021.xlsx#leaf gas-exchange_Franks!D55",
126,"lat","stomata-franks_steinthorsdottir_2021.xlsx#leaf gas-exchange_Franks!AA55",
126,"lon","stomata-franks_steinthorsdottir_2021.xlsx#leaf gas-exchange_Franks!AB55",
126,"age_mean","stomata-franks_steinthorsdottir_2021_p1.0.xlsx#leaf gas-exchange_Franks!AH55",
126,"age_min","stomata-franks_steinthorsdottir_2021_p1.0.xlsx#leaf gas-exchange_Franks!AJ55",
126,"age_max","stomata-franks_steinthorsdottir_2021_p1.0.xlsx#leaf gas-exchange_Franks!AI55",
126,"age_notes","stomata-franks_steinthorsdottir_2021_p1.0.xlsx#leaf gas-exchange_Franks!AL55",
126,"family","stomata-franks_steinthorsdottir_2021.xlsx#leaf gas-exchange_Franks!P55",
126,"genus","stomata-franks_steinthorsdottir_2021.xlsx#leaf gas-exchange_Franks!Q55",
126,"Dab","stomata-franks_steinthorsdottir_2021.xlsx#leaf gas-exchange_Franks!AM55",
126,"eDab","stomata-franks_steinthorsdottir_2021.xlsx#leaf gas-exchange_Franks!AN55",
126,"N_eDab","stomata-franks_steinthorsdottir_2021.xlsx#leaf gas-exchange_Franks!AO55",
126,"Dad","stomata-franks_steinthorsdottir_2021.xlsx#leaf gas-exchange_Franks!AP55",
126,"eDad","stomata-franks_steinthorsdottir_2021.xlsx#leaf gas-exchange_Franks!AQ55",
126,"N_eDad","stomata-franks_steinthorsdottir_2021.xlsx#leaf gas-exchange_Franks!AR55",
126,"GCLab","stomata-franks_steinthorsdottir_2021.xlsx#leaf gas-exchange_Franks!AS55",
126,"eGCLab","stomata-franks_steinthorsdottir_2021.xlsx#leaf gas-exchange_Franks!AT55",
126,"N_eGCLab","stomata-franks_steinthorsdottir_2021.xlsx#leaf gas-exchange_Franks!AU55",
126,"GCLad","stomata-franks_steinthorsdottir_2021.xlsx#leaf gas-exchange_Franks!AV55",
126,"eGCLad","stomata-franks_steinthorsdottir_2021.xlsx#leaf gas-exchange_Franks!AW55",
126,"N_eGCLad","stomata-franks_steinthorsdottir_2021.xlsx#leaf gas-exchange_Franks!AX55",
126,"GCWab","stomata-franks_steinthorsdottir_2021.xlsx#leaf gas-exchange_Franks!AY55",
126,"eGCWab","stomata-franks_steinthorsdottir_2021.xlsx#leaf gas-exchange_Franks!AZ55",
126,"N_eGCWab","stomata-franks_steinthorsdottir_2021.xlsx#leaf gas-exchange_Franks!BA55",
126,"GCWad","stomata-franks_steinthorsdottir_2021.xlsx#leaf gas-exchange_Franks!BB55",
126,"eGCWad","stomata-franks_steinthorsdottir_2021.xlsx#leaf gas-exchange_Franks!BC55",
126,"N_eGCWad","stomata-franks_steinthorsdottir_2021.xlsx#leaf gas-exchange_Franks!BD55",
126,"d13Cp","stomata-franks_steinthorsdottir_2021.xlsx#leaf gas-exchange_Franks!BE55",
126,"ed13Cp","stomata-franks_steinthorsdottir_2021.xlsx#leaf gas-exchange_Franks!BF55",
126,"N_ed13Cp","stomata-franks_steinthorsdottir_2021.xlsx#leaf gas-exchange_Franks!BG55",
126,"CO2_0","stomata-franks_steinthorsdottir_2021.xlsx#leaf gas-exchange_Franks!BK55",
126,"dv","stomata-franks_steinthorsdottir_2021.xlsx#leaf gas-exchange_Franks!CL55",
126,"A0","stomata-franks_steinthorsdottir_2021.xlsx#leaf gas-exchange_Franks!BL55",
126,"eA0","stomata-franks_steinthorsdottir_2021.xlsx#leaf gas-exchange_Franks!BM55",
126,"N_eA0","stomata-franks_steinthorsdottir_2021.xlsx#leaf gas-exchange_Franks!BN55",
126,"gb","stomata-franks_steinthorsdottir_2021.xlsx#leaf gas-exchange_Franks!BR55",
126,"egb","stomata-franks_steinthorsdottir_2021.xlsx#leaf gas-exchange_Franks!BS55",
126,"N_egb","stomata-franks_steinthorsdottir_2021.xlsx#leaf gas-exchange_Franks!BT55",
126,"s1","stomata-franks_steinthorsdottir_2021.xlsx#leaf gas-exchange_Franks!BU55",
126,"es1","stomata-franks_steinthorsdottir_2021.xlsx#leaf gas-exchange_Franks!BV55",
126,"N_es1","stomata-franks_steinthorsdottir_2021.xlsx#leaf gas-exchange_Franks!BW55",
126,"s2","stomata-franks_steinthorsdottir_2021.xlsx#leaf gas-exchange_Franks!BX55",
126,"es2","stomata-franks_steinthorsdottir_2021.xlsx#leaf gas-exchange_Franks!BY55",
126,"N_es2","stomata-franks_steinthorsdottir_2021.xlsx#leaf gas-exchange_Franks!BZ55",
126,"s3","stomata-franks_steinthorsdottir_2021.xlsx#leaf gas-exchange_Franks!CA55",
126,"es3","stomata-franks_steinthorsdottir_2021.xlsx#leaf gas-exchange_Franks!CB55",
126,"N_es3","stomata-franks_steinthorsdottir_2021.xlsx#leaf gas-exchange_Franks!CC55",
126,"s4","stomata-franks_steinthorsdottir_2021.xlsx#leaf gas-exchange_Franks!CD55",
126,"es4","stomata-franks_steinthorsdottir_2021.xlsx#leaf gas-exchange_Franks!CE55",
126,"N_es4","stomata-franks_steinthorsdottir_2021.xlsx#leaf gas-exchange_Franks!CF55",
126,"s5","stomata-franks_steinthorsdottir_2021.xlsx#leaf gas-exchange_Franks!CG55",
126,"es5","stomata-franks_steinthorsdottir_2021.xlsx#leaf gas-exchange_Franks!CH55",
126,"N_es5","stomata-franks_steinthorsdottir_2021.xlsx#leaf gas-exchange_Franks!CI55",
127,"sample","stomata-franks_steinthorsdottir_2021.xlsx#leaf gas-exchange_Franks!O56",
127,"doi","stomata-franks_steinthorsdottir_2021.xlsx#leaf gas-exchange_Franks!D56",
127,"lat","stomata-franks_steinthorsdottir_2021.xlsx#leaf gas-exchange_Franks!AA56",
127,"lon","stomata-franks_steinthorsdottir_2021.xlsx#leaf gas-exchange_Franks!AB56",
127,"age_mean","stomata-franks_steinthorsdottir_2021_p1.0.xlsx#leaf gas-exchange_Franks!AH56",
127,"age_min","stomata-franks_steinthorsdottir_2021_p1.0.xlsx#leaf gas-exchange_Franks!AJ56",
127,"age_max","stomata-franks_steinthorsdottir_2021_p1.0.xlsx#leaf gas-exchange_Franks!AI56",
127,"age_notes","stomata-franks_steinthorsdottir_2021_p1.0.xlsx#leaf gas-exchange_Franks!AL56",
127,"family","stomata-franks_steinthorsdottir_2021.xlsx#leaf gas-exchange_Franks!P56",
127,"genus","stomata-franks_steinthorsdottir_2021.xlsx#leaf gas-exchange_Franks!Q56",
127,"Dab","stomata-franks_steinthorsdottir_2021.xlsx#leaf gas-exchange_Franks!AM56",
127,"eDab","stomata-franks_steinthorsdottir_2021.xlsx#leaf gas-exchange_Franks!AN56",
127,"N_eDab","stomata-franks_steinthorsdottir_2021.xlsx#leaf gas-exchange_Franks!AO56",
127,"Dad","stomata-franks_steinthorsdottir_2021.xlsx#leaf gas-exchange_Franks!AP56",
127,"eDad","stomata-franks_steinthorsdottir_2021.xlsx#leaf gas-exchange_Franks!AQ56",
127,"N_eDad","stomata-franks_steinthorsdottir_2021.xlsx#leaf gas-exchange_Franks!AR56",
127,"GCLab","stomata-franks_steinthorsdottir_2021.xlsx#leaf gas-exchange_Franks!AS56",
127,"eGCLab","stomata-franks_steinthorsdottir_2021.xlsx#leaf gas-exchange_Franks!AT56",
127,"N_eGCLab","stomata-franks_steinthorsdottir_2021.xlsx#leaf gas-exchange_Franks!AU56",
127,"GCLad","stomata-franks_steinthorsdottir_2021.xlsx#leaf gas-exchange_Franks!AV56",
127,"eGCLad","stomata-franks_steinthorsdottir_2021.xlsx#leaf gas-exchange_Franks!AW56",
127,"N_eGCLad","stomata-franks_steinthorsdottir_2021.xlsx#leaf gas-exchange_Franks!AX56",
127,"GCWab","stomata-franks_steinthorsdottir_2021.xlsx#leaf gas-exchange_Franks!AY56",
127,"eGCWab","stomata-franks_steinthorsdottir_2021.xlsx#leaf gas-exchange_Franks!AZ56",
127,"N_eGCWab","stomata-franks_steinthorsdottir_2021.xlsx#leaf gas-exchange_Franks!BA56",
127,"GCWad","stomata-franks_steinthorsdottir_2021.xlsx#leaf gas-exchange_Franks!BB56",
127,"eGCWad","stomata-franks_steinthorsdottir_2021.xlsx#leaf gas-exchange_Franks!BC56",
127,"N_eGCWad","stomata-franks_steinthorsdottir_2021.xlsx#leaf gas-exchange_Franks!BD56",
127,"d13Cp","stomata-franks_steinthorsdottir_2021.xlsx#leaf gas-exchange_Franks!BE56",
127,"ed13Cp","stomata-franks_steinthorsdottir_2021.xlsx#leaf gas-exchange_Franks!BF56",
127,"N_ed13Cp","stomata-franks_steinthorsdottir_2021.xlsx#leaf gas-exchange_Franks!BG56",
127,"CO2_0","stomata-franks_steinthorsdottir_2021.xlsx#leaf gas-exchange_Franks!BK56",
127,"dv","stomata-franks_steinthorsdottir_2021.xlsx#leaf gas-exchange_Franks!CL56",
127,"A0","stomata-franks_steinthorsdottir_2021.xlsx#leaf gas-exchange_Franks!BL56",
127,"eA0","stomata-franks_steinthorsdottir_2021.xlsx#leaf gas-exchange_Franks!BM56",
127,"N_eA0","stomata-franks_steinthorsdottir_2021.xlsx#leaf gas-exchange_Franks!BN56",
127,"gb","stomata-franks_steinthorsdottir_2021.xlsx#leaf gas-exchange_Franks!BR56",
127,"egb","stomata-franks_steinthorsdottir_2021.xlsx#leaf gas-exchange_Franks!BS56",
127,"N_egb","stomata-franks_steinthorsdottir_2021.xlsx#leaf gas-exchange_Franks!BT56",
127,"s1","stomata-franks_steinthorsdottir_2021.xlsx#leaf gas-exchange_Franks!BU56",
127,"es1","stomata-franks_steinthorsdottir_2021.xlsx#leaf gas-exchange_Franks!BV56",
127,"N_es1","stomata-franks_steinthorsdottir_2021.xlsx#leaf gas-exchange_Franks!BW56",
127,"s2","stomata-franks_steinthorsdottir_2021.xlsx#leaf gas-exchange_Franks!BX56",
127,"es2","stomata-franks_steinthorsdottir_2021.xlsx#leaf gas-exchange_Franks!BY56",
127,"N_es2","stomata-franks_steinthorsdottir_2021.xlsx#leaf gas-exchange_Franks!BZ56",
127,"s3","stomata-franks_steinthorsdottir_2021.xlsx#leaf gas-exchange_Franks!CA56",
127,"es3","stomata-franks_steinthorsdottir_2021.xlsx#leaf gas-exchange_Franks!CB56",
127,"N_es3","stomata-franks_steinthorsdottir_2021.xlsx#leaf gas-exchange_Franks!CC56",
127,"s4","stomata-franks_steinthorsdottir_2021.xlsx#leaf gas-exchange_Franks!CD56",
127,"es4","stomata-franks_steinthorsdottir_2021.xlsx#leaf gas-exchange_Franks!CE56",
127,"N_es4","stomata-franks_steinthorsdottir_2021.xlsx#leaf gas-exchange_Franks!CF56",
127,"s5","stomata-franks_steinthorsdottir_2021.xlsx#leaf gas-exchange_Franks!CG56",
127,"es5","stomata-franks_steinthorsdottir_2021.xlsx#leaf gas-exchange_Franks!CH56",
127,"N_es5","stomata-franks_steinthorsdottir_2021.xlsx#leaf gas-exchange_Franks!CI56",
128,"sample","stomata-franks_steinthorsdottir_2021.xlsx#leaf gas-exchange_Franks!O57",
128,"doi","stomata-franks_steinthorsdottir_2021.xlsx#leaf gas-exchange_Franks!D57",
128,"lat","stomata-franks_steinthorsdottir_2021.xlsx#leaf gas-exchange_Franks!AA57",
128,"lon","stomata-franks_steinthorsdottir_2021.xlsx#leaf gas-exchange_Franks!AB57",
128,"age_mean","stomata-franks_steinthorsdottir_2021_p1.0.xlsx#leaf gas-exchange_Franks!AH57",
128,"age_min","stomata-franks_steinthorsdottir_2021_p1.0.xlsx#leaf gas-exchange_Franks!AJ57",
128,"age_max","stomata-franks_steinthorsdottir_2021_p1.0.xlsx#leaf gas-exchange_Franks!AI57",
128,"age_notes","stomata-franks_steinthorsdottir_2021_p1.0.xlsx#leaf gas-exchange_Franks!AL57",
128,"family","stomata-franks_steinthorsdottir_2021.xlsx#leaf gas-exchange_Franks!P57",
128,"genus","stomata-franks_steinthorsdottir_2021.xlsx#leaf gas-exchange_Franks!Q57",
128,"Dab","stomata-franks_steinthorsdottir_2021.xlsx#leaf gas-exchange_Franks!AM57",
128,"eDab","stomata-franks_steinthorsdottir_2021.xlsx#leaf gas-exchange_Franks!AN57",
128,"N_eDab","stomata-franks_steinthorsdottir_2021.xlsx#leaf gas-exchange_Franks!AO57",
128,"Dad","stomata-franks_steinthorsdottir_2021.xlsx#leaf gas-exchange_Franks!AP57",
128,"eDad","stomata-franks_steinthorsdottir_2021.xlsx#leaf gas-exchange_Franks!AQ57",
128,"N_eDad","stomata-franks_steinthorsdottir_2021.xlsx#leaf gas-exchange_Franks!AR57",
128,"GCLab","stomata-franks_steinthorsdottir_2021.xlsx#leaf gas-exchange_Franks!AS57",
128,"eGCLab","stomata-franks_steinthorsdottir_2021.xlsx#leaf gas-exchange_Franks!AT57",
128,"N_eGCLab","stomata-franks_steinthorsdottir_2021.xlsx#leaf gas-exchange_Franks!AU57",
128,"GCLad","stomata-franks_steinthorsdottir_2021.xlsx#leaf gas-exchange_Franks!AV57",
128,"eGCLad","stomata-franks_steinthorsdottir_2021.xlsx#leaf gas-exchange_Franks!AW57",
128,"N_eGCLad","stomata-franks_steinthorsdottir_2021.xlsx#leaf gas-exchange_Franks!AX57",
128,"GCWab","stomata-franks_steinthorsdottir_2021.xlsx#leaf gas-exchange_Franks!AY57",
128,"eGCWab","stomata-franks_steinthorsdottir_2021.xlsx#leaf gas-exchange_Franks!AZ57",
128,"N_eGCWab","stomata-franks_steinthorsdottir_2021.xlsx#leaf gas-exchange_Franks!BA57",
128,"GCWad","stomata-franks_steinthorsdottir_2021.xlsx#leaf gas-exchange_Franks!BB57",
128,"eGCWad","stomata-franks_steinthorsdottir_2021.xlsx#leaf gas-exchange_Franks!BC57",
128,"N_eGCWad","stomata-franks_steinthorsdottir_2021.xlsx#leaf gas-exchange_Franks!BD57",
128,"d13Cp","stomata-franks_steinthorsdottir_2021.xlsx#leaf gas-exchange_Franks!BE57",
128,"ed13Cp","stomata-franks_steinthorsdottir_2021.xlsx#leaf gas-exchange_Franks!BF57",
128,"N_ed13Cp","stomata-franks_steinthorsdottir_2021.xlsx#leaf gas-exchange_Franks!BG57",
128,"CO2_0","stomata-franks_steinthorsdottir_2021.xlsx#leaf gas-exchange_Franks!BK57",
128,"dv","stomata-franks_steinthorsdottir_2021.xlsx#leaf gas-exchange_Franks!CL57",
128,"A0","stomata-franks_steinthorsdottir_2021.xlsx#leaf gas-exchange_Franks!BL57",
128,"eA0","stomata-franks_steinthorsdottir_2021.xlsx#leaf gas-exchange_Franks!BM57",
128,"N_eA0","stomata-franks_steinthorsdottir_2021.xlsx#leaf gas-exchange_Franks!BN57",
128,"gb","stomata-franks_steinthorsdottir_2021.xlsx#leaf gas-exchange_Franks!BR57",
128,"egb","stomata-franks_steinthorsdottir_2021.xlsx#leaf gas-exchange_Franks!BS57",
128,"N_egb","stomata-franks_steinthorsdottir_2021.xlsx#leaf gas-exchange_Franks!BT57",
128,"s1","stomata-franks_steinthorsdottir_2021.xlsx#leaf gas-exchange_Franks!BU57",
128,"es1","stomata-franks_steinthorsdottir_2021.xlsx#leaf gas-exchange_Franks!BV57",
128,"N_es1","stomata-franks_steinthorsdottir_2021.xlsx#leaf gas-exchange_Franks!BW57",
128,"s2","stomata-franks_steinthorsdottir_2021.xlsx#leaf gas-exchange_Franks!BX57",
128,"es2","stomata-franks_steinthorsdottir_2021.xlsx#leaf gas-exchange_Franks!BY57",
128,"N_es2","stomata-franks_steinthorsdottir_2021.xlsx#leaf gas-exchange_Franks!BZ57",
128,"s3","stomata-franks_steinthorsdottir_2021.xlsx#leaf gas-exchange_Franks!CA57",
128,"es3","stomata-franks_steinthorsdottir_2021.xlsx#leaf gas-exchange_Franks!CB57",
128,"N_es3","stomata-franks_steinthorsdottir_2021.xlsx#leaf gas-exchange_Franks!CC57",
128,"s4","stomata-franks_steinthorsdottir_2021.xlsx#leaf gas-exchange_Franks!CD57",
128,"es4","stomata-franks_steinthorsdottir_2021.xlsx#leaf gas-exchange_Franks!CE57",
128,"N_es4","stomata-franks_steinthorsdottir_2021.xlsx#leaf gas-exchange_Franks!CF57",
128,"s5","stomata-franks_steinthorsdottir_2021.xlsx#leaf gas-exchange_Franks!CG57",
128,"es5","stomata-franks_steinthorsdottir_2021.xlsx#leaf gas-exchange_Franks!CH57",
128,"N_es5","stomata-franks_steinthorsdottir_2021.xlsx#leaf gas-exchange_Franks!CI57",
129,"sample","stomata-franks_steinthorsdottir_2021.xlsx#leaf gas-exchange_Franks!O58",
129,"doi","stomata-franks_steinthorsdottir_2021.xlsx#leaf gas-exchange_Franks!D58",
129,"lat","stomata-franks_steinthorsdottir_2021.xlsx#leaf gas-exchange_Franks!AA58",
129,"lon","stomata-franks_steinthorsdottir_2021.xlsx#leaf gas-exchange_Franks!AB58",
129,"age_mean","stomata-franks_steinthorsdottir_2021_p1.0.xlsx#leaf gas-exchange_Franks!AH58",
129,"age_min","stomata-franks_steinthorsdottir_2021_p1.0.xlsx#leaf gas-exchange_Franks!AJ58",
129,"age_max","stomata-franks_steinthorsdottir_2021_p1.0.xlsx#leaf gas-exchange_Franks!AI58",
129,"age_notes","stomata-franks_steinthorsdottir_2021_p1.0.xlsx#leaf gas-exchange_Franks!AL58",
129,"family","stomata-franks_steinthorsdottir_2021.xlsx#leaf gas-exchange_Franks!P58",
129,"genus","stomata-franks_steinthorsdottir_2021.xlsx#leaf gas-exchange_Franks!Q58",
129,"Dab","stomata-franks_steinthorsdottir_2021.xlsx#leaf gas-exchange_Franks!AM58",
129,"eDab","stomata-franks_steinthorsdottir_2021.xlsx#leaf gas-exchange_Franks!AN58",
129,"N_eDab","stomata-franks_steinthorsdottir_2021.xlsx#leaf gas-exchange_Franks!AO58",
129,"Dad","stomata-franks_steinthorsdottir_2021.xlsx#leaf gas-exchange_Franks!AP58",
129,"eDad","stomata-franks_steinthorsdottir_2021.xlsx#leaf gas-exchange_Franks!AQ58",
129,"N_eDad","stomata-franks_steinthorsdottir_2021.xlsx#leaf gas-exchange_Franks!AR58",
129,"GCLab","stomata-franks_steinthorsdottir_2021.xlsx#leaf gas-exchange_Franks!AS58",
129,"eGCLab","stomata-franks_steinthorsdottir_2021.xlsx#leaf gas-exchange_Franks!AT58",
129,"N_eGCLab","stomata-franks_steinthorsdottir_2021.xlsx#leaf gas-exchange_Franks!AU58",
129,"GCLad","stomata-franks_steinthorsdottir_2021.xlsx#leaf gas-exchange_Franks!AV58",
129,"eGCLad","stomata-franks_steinthorsdottir_2021.xlsx#leaf gas-exchange_Franks!AW58",
129,"N_eGCLad","stomata-franks_steinthorsdottir_2021.xlsx#leaf gas-exchange_Franks!AX58",
129,"GCWab","stomata-franks_steinthorsdottir_2021.xlsx#leaf gas-exchange_Franks!AY58",
129,"eGCWab","stomata-franks_steinthorsdottir_2021.xlsx#leaf gas-exchange_Franks!AZ58",
129,"N_eGCWab","stomata-franks_steinthorsdottir_2021.xlsx#leaf gas-exchange_Franks!BA58",
129,"GCWad","stomata-franks_steinthorsdottir_2021.xlsx#leaf gas-exchange_Franks!BB58",
129,"eGCWad","stomata-franks_steinthorsdottir_2021.xlsx#leaf gas-exchange_Franks!BC58",
129,"N_eGCWad","stomata-franks_steinthorsdottir_2021.xlsx#leaf gas-exchange_Franks!BD58",
129,"d13Cp","stomata-franks_steinthorsdottir_2021.xlsx#leaf gas-exchange_Franks!BE58",
129,"ed13Cp","stomata-franks_steinthorsdottir_2021.xlsx#leaf gas-exchange_Franks!BF58",
129,"N_ed13Cp","stomata-franks_steinthorsdottir_2021.xlsx#leaf gas-exchange_Franks!BG58",
129,"CO2_0","stomata-franks_steinthorsdottir_2021.xlsx#leaf gas-exchange_Franks!BK58",
129,"dv","stomata-franks_steinthorsdottir_2021.xlsx#leaf gas-exchange_Franks!CL58",
129,"A0","stomata-franks_steinthorsdottir_2021.xlsx#leaf gas-exchange_Franks!BL58",
129,"eA0","stomata-franks_steinthorsdottir_2021.xlsx#leaf gas-exchange_Franks!BM58",
129,"N_eA0","stomata-franks_steinthorsdottir_2021.xlsx#leaf gas-exchange_Franks!BN58",
129,"gb","stomata-franks_steinthorsdottir_2021.xlsx#leaf gas-exchange_Franks!BR58",
129,"egb","stomata-franks_steinthorsdottir_2021.xlsx#leaf gas-exchange_Franks!BS58",
129,"N_egb","stomata-franks_steinthorsdottir_2021.xlsx#leaf gas-exchange_Franks!BT58",
129,"s1","stomata-franks_steinthorsdottir_2021.xlsx#leaf gas-exchange_Franks!BU58",
129,"es1","stomata-franks_steinthorsdottir_2021.xlsx#leaf gas-exchange_Franks!BV58",
129,"N_es1","stomata-franks_steinthorsdottir_2021.xlsx#leaf gas-exchange_Franks!BW58",
129,"s2","stomata-franks_steinthorsdottir_2021.xlsx#leaf gas-exchange_Franks!BX58",
129,"es2","stomata-franks_steinthorsdottir_2021.xlsx#leaf gas-exchange_Franks!BY58",
129,"N_es2","stomata-franks_steinthorsdottir_2021.xlsx#leaf gas-exchange_Franks!BZ58",
129,"s3","stomata-franks_steinthorsdottir_2021.xlsx#leaf gas-exchange_Franks!CA58",
129,"es3","stomata-franks_steinthorsdottir_2021.xlsx#leaf gas-exchange_Franks!CB58",
129,"N_es3","stomata-franks_steinthorsdottir_2021.xlsx#leaf gas-exchange_Franks!CC58",
129,"s4","stomata-franks_steinthorsdottir_2021.xlsx#leaf gas-exchange_Franks!CD58",
129,"es4","stomata-franks_steinthorsdottir_2021.xlsx#leaf gas-exchange_Franks!CE58",
129,"N_es4","stomata-franks_steinthorsdottir_2021.xlsx#leaf gas-exchange_Franks!CF58",
129,"s5","stomata-franks_steinthorsdottir_2021.xlsx#leaf gas-exchange_Franks!CG58",
129,"es5","stomata-franks_steinthorsdottir_2021.xlsx#leaf gas-exchange_Franks!CH58",
129,"N_es5","stomata-franks_steinthorsdottir_2021.xlsx#leaf gas-exchange_Franks!CI58",
130,"sample","stomata-franks_steinthorsdottir_2021.xlsx#leaf gas-exchange_Franks!O59",
130,"doi","stomata-franks_steinthorsdottir_2021.xlsx#leaf gas-exchange_Franks!D59",
130,"lat","stomata-franks_steinthorsdottir_2021.xlsx#leaf gas-exchange_Franks!AA59",
130,"lon","stomata-franks_steinthorsdottir_2021.xlsx#leaf gas-exchange_Franks!AB59",
130,"age_mean","stomata-franks_steinthorsdottir_2021_p1.0.xlsx#leaf gas-exchange_Franks!AH59",
130,"age_min","stomata-franks_steinthorsdottir_2021_p1.0.xlsx#leaf gas-exchange_Franks!AJ59",
130,"age_max","stomata-franks_steinthorsdottir_2021_p1.0.xlsx#leaf gas-exchange_Franks!AI59",
130,"age_notes","stomata-franks_steinthorsdottir_2021_p1.0.xlsx#leaf gas-exchange_Franks!AL59",
130,"family","stomata-franks_steinthorsdottir_2021.xlsx#leaf gas-exchange_Franks!P59",
130,"genus","stomata-franks_steinthorsdottir_2021.xlsx#leaf gas-exchange_Franks!Q59",
130,"Dab","stomata-franks_steinthorsdottir_2021.xlsx#leaf gas-exchange_Franks!AM59",
130,"eDab","stomata-franks_steinthorsdottir_2021.xlsx#leaf gas-exchange_Franks!AN59",
130,"N_eDab","stomata-franks_steinthorsdottir_2021.xlsx#leaf gas-exchange_Franks!AO59",
130,"Dad","stomata-franks_steinthorsdottir_2021.xlsx#leaf gas-exchange_Franks!AP59",
130,"eDad","stomata-franks_steinthorsdottir_2021.xlsx#leaf gas-exchange_Franks!AQ59",
130,"N_eDad","stomata-franks_steinthorsdottir_2021.xlsx#leaf gas-exchange_Franks!AR59",
130,"GCLab","stomata-franks_steinthorsdottir_2021.xlsx#leaf gas-exchange_Franks!AS59",
130,"eGCLab","stomata-franks_steinthorsdottir_2021.xlsx#leaf gas-exchange_Franks!AT59",
130,"N_eGCLab","stomata-franks_steinthorsdottir_2021.xlsx#leaf gas-exchange_Franks!AU59",
130,"GCLad","stomata-franks_steinthorsdottir_2021.xlsx#leaf gas-exchange_Franks!AV59",
130,"eGCLad","stomata-franks_steinthorsdottir_2021.xlsx#leaf gas-exchange_Franks!AW59",
130,"N_eGCLad","stomata-franks_steinthorsdottir_2021.xlsx#leaf gas-exchange_Franks!AX59",
130,"GCWab","stomata-franks_steinthorsdottir_2021.xlsx#leaf gas-exchange_Franks!AY59",
130,"eGCWab","stomata-franks_steinthorsdottir_2021.xlsx#leaf gas-exchange_Franks!AZ59",
130,"N_eGCWab","stomata-franks_steinthorsdottir_2021.xlsx#leaf gas-exchange_Franks!BA59",
130,"GCWad","stomata-franks_steinthorsdottir_2021.xlsx#leaf gas-exchange_Franks!BB59",
130,"eGCWad","stomata-franks_steinthorsdottir_2021.xlsx#leaf gas-exchange_Franks!BC59",
130,"N_eGCWad","stomata-franks_steinthorsdottir_2021.xlsx#leaf gas-exchange_Franks!BD59",
130,"d13Cp","stomata-franks_steinthorsdottir_2021.xlsx#leaf gas-exchange_Franks!BE59",
130,"ed13Cp","stomata-franks_steinthorsdottir_2021.xlsx#leaf gas-exchange_Franks!BF59",
130,"N_ed13Cp","stomata-franks_steinthorsdottir_2021.xlsx#leaf gas-exchange_Franks!BG59",
130,"CO2_0","stomata-franks_steinthorsdottir_2021.xlsx#leaf gas-exchange_Franks!BK59",
130,"dv","stomata-franks_steinthorsdottir_2021.xlsx#leaf gas-exchange_Franks!CL59",
130,"A0","stomata-franks_steinthorsdottir_2021.xlsx#leaf gas-exchange_Franks!BL59",
130,"eA0","stomata-franks_steinthorsdottir_2021.xlsx#leaf gas-exchange_Franks!BM59",
130,"N_eA0","stomata-franks_steinthorsdottir_2021.xlsx#leaf gas-exchange_Franks!BN59",
130,"gb","stomata-franks_steinthorsdottir_2021.xlsx#leaf gas-exchange_Franks!BR59",
130,"egb","stomata-franks_steinthorsdottir_2021.xlsx#leaf gas-exchange_Franks!BS59",
130,"N_egb","stomata-franks_steinthorsdottir_2021.xlsx#leaf gas-exchange_Franks!BT59",
130,"s1","stomata-franks_steinthorsdottir_2021.xlsx#leaf gas-exchange_Franks!BU59",
130,"es1","stomata-franks_steinthorsdottir_2021.xlsx#leaf gas-exchange_Franks!BV59",
130,"N_es1","stomata-franks_steinthorsdottir_2021.xlsx#leaf gas-exchange_Franks!BW59",
130,"s2","stomata-franks_steinthorsdottir_2021.xlsx#leaf gas-exchange_Franks!BX59",
130,"es2","stomata-franks_steinthorsdottir_2021.xlsx#leaf gas-exchange_Franks!BY59",
130,"N_es2","stomata-franks_steinthorsdottir_2021.xlsx#leaf gas-exchange_Franks!BZ59",
130,"s3","stomata-franks_steinthorsdottir_2021.xlsx#leaf gas-exchange_Franks!CA59",
130,"es3","stomata-franks_steinthorsdottir_2021.xlsx#leaf gas-exchange_Franks!CB59",
130,"N_es3","stomata-franks_steinthorsdottir_2021.xlsx#leaf gas-exchange_Franks!CC59",
130,"s4","stomata-franks_steinthorsdottir_2021.xlsx#leaf gas-exchange_Franks!CD59",
130,"es4","stomata-franks_steinthorsdottir_2021.xlsx#leaf gas-exchange_Franks!CE59",
130,"N_es4","stomata-franks_steinthorsdottir_2021.xlsx#leaf gas-exchange_Franks!CF59",
130,"s5","stomata-franks_steinthorsdottir_2021.xlsx#leaf gas-exchange_Franks!CG59",
130,"es5","stomata-franks_steinthorsdottir_2021.xlsx#leaf gas-exchange_Franks!CH59",
130,"N_es5","stomata-franks_steinthorsdottir_2021.xlsx#leaf gas-exchange_Franks!CI59",
131,"sample","stomata-franks_steinthorsdottir_2021.xlsx#leaf gas-exchange_Franks!O60",
131,"doi","stomata-franks_steinthorsdottir_2021.xlsx#leaf gas-exchange_Franks!D60",
131,"lat","stomata-franks_steinthorsdottir_2021.xlsx#leaf gas-exchange_Franks!AA60",
131,"lon","stomata-franks_steinthorsdottir_2021.xlsx#leaf gas-exchange_Franks!AB60",
131,"age_mean","stomata-franks_steinthorsdottir_2021_p1.0.xlsx#leaf gas-exchange_Franks!AH60",
131,"age_min","stomata-franks_steinthorsdottir_2021_p1.0.xlsx#leaf gas-exchange_Franks!AJ60",
131,"age_max","stomata-franks_steinthorsdottir_2021_p1.0.xlsx#leaf gas-exchange_Franks!AI60",
131,"age_notes","stomata-franks_steinthorsdottir_2021_p1.0.xlsx#leaf gas-exchange_Franks!AL60",
131,"family","stomata-franks_steinthorsdottir_2021.xlsx#leaf gas-exchange_Franks!P60",
131,"genus","stomata-franks_steinthorsdottir_2021.xlsx#leaf gas-exchange_Franks!Q60",
131,"Dab","stomata-franks_steinthorsdottir_2021.xlsx#leaf gas-exchange_Franks!AM60",
131,"eDab","stomata-franks_steinthorsdottir_2021.xlsx#leaf gas-exchange_Franks!AN60",
131,"N_eDab","stomata-franks_steinthorsdottir_2021.xlsx#leaf gas-exchange_Franks!AO60",
131,"Dad","stomata-franks_steinthorsdottir_2021.xlsx#leaf gas-exchange_Franks!AP60",
131,"eDad","stomata-franks_steinthorsdottir_2021.xlsx#leaf gas-exchange_Franks!AQ60",
131,"N_eDad","stomata-franks_steinthorsdottir_2021.xlsx#leaf gas-exchange_Franks!AR60",
131,"GCLab","stomata-franks_steinthorsdottir_2021.xlsx#leaf gas-exchange_Franks!AS60",
131,"eGCLab","stomata-franks_steinthorsdottir_2021.xlsx#leaf gas-exchange_Franks!AT60",
131,"N_eGCLab","stomata-franks_steinthorsdottir_2021.xlsx#leaf gas-exchange_Franks!AU60",
131,"GCLad","stomata-franks_steinthorsdottir_2021.xlsx#leaf gas-exchange_Franks!AV60",
131,"eGCLad","stomata-franks_steinthorsdottir_2021.xlsx#leaf gas-exchange_Franks!AW60",
131,"N_eGCLad","stomata-franks_steinthorsdottir_2021.xlsx#leaf gas-exchange_Franks!AX60",
131,"GCWab","stomata-franks_steinthorsdottir_2021.xlsx#leaf gas-exchange_Franks!AY60",
131,"eGCWab","stomata-franks_steinthorsdottir_2021.xlsx#leaf gas-exchange_Franks!AZ60",
131,"N_eGCWab","stomata-franks_steinthorsdottir_2021.xlsx#leaf gas-exchange_Franks!BA60",
131,"GCWad","stomata-franks_steinthorsdottir_2021.xlsx#leaf gas-exchange_Franks!BB60",
131,"eGCWad","stomata-franks_steinthorsdottir_2021.xlsx#leaf gas-exchange_Franks!BC60",
131,"N_eGCWad","stomata-franks_steinthorsdottir_2021.xlsx#leaf gas-exchange_Franks!BD60",
131,"d13Cp","stomata-franks_steinthorsdottir_2021.xlsx#leaf gas-exchange_Franks!BE60",
131,"ed13Cp","stomata-franks_steinthorsdottir_2021.xlsx#leaf gas-exchange_Franks!BF60",
131,"N_ed13Cp","stomata-franks_steinthorsdottir_2021.xlsx#leaf gas-exchange_Franks!BG60",
131,"CO2_0","stomata-franks_steinthorsdottir_2021.xlsx#leaf gas-exchange_Franks!BK60",
131,"dv","stomata-franks_steinthorsdottir_2021.xlsx#leaf gas-exchange_Franks!CL60",
131,"A0","stomata-franks_steinthorsdottir_2021.xlsx#leaf gas-exchange_Franks!BL60",
131,"eA0","stomata-franks_steinthorsdottir_2021.xlsx#leaf gas-exchange_Franks!BM60",
131,"N_eA0","stomata-franks_steinthorsdottir_2021.xlsx#leaf gas-exchange_Franks!BN60",
131,"gb","stomata-franks_steinthorsdottir_2021.xlsx#leaf gas-exchange_Franks!BR60",
131,"egb","stomata-franks_steinthorsdottir_2021.xlsx#leaf gas-exchange_Franks!BS60",
131,"N_egb","stomata-franks_steinthorsdottir_2021.xlsx#leaf gas-exchange_Franks!BT60",
131,"s1","stomata-franks_steinthorsdottir_2021.xlsx#leaf gas-exchange_Franks!BU60",
131,"es1","stomata-franks_steinthorsdottir_2021.xlsx#leaf gas-exchange_Franks!BV60",
131,"N_es1","stomata-franks_steinthorsdottir_2021.xlsx#leaf gas-exchange_Franks!BW60",
131,"s2","stomata-franks_steinthorsdottir_2021.xlsx#leaf gas-exchange_Franks!BX60",
131,"es2","stomata-franks_steinthorsdottir_2021.xlsx#leaf gas-exchange_Franks!BY60",
131,"N_es2","stomata-franks_steinthorsdottir_2021.xlsx#leaf gas-exchange_Franks!BZ60",
131,"s3","stomata-franks_steinthorsdottir_2021.xlsx#leaf gas-exchange_Franks!CA60",
131,"es3","stomata-franks_steinthorsdottir_2021.xlsx#leaf gas-exchange_Franks!CB60",
131,"N_es3","stomata-franks_steinthorsdottir_2021.xlsx#leaf gas-exchange_Franks!CC60",
131,"s4","stomata-franks_steinthorsdottir_2021.xlsx#leaf gas-exchange_Franks!CD60",
131,"es4","stomata-franks_steinthorsdottir_2021.xlsx#leaf gas-exchange_Franks!CE60",
131,"N_es4","stomata-franks_steinthorsdottir_2021.xlsx#leaf gas-exchange_Franks!CF60",
131,"s5","stomata-franks_steinthorsdottir_2021.xlsx#leaf gas-exchange_Franks!CG60",
131,"es5","stomata-franks_steinthorsdottir_2021.xlsx#leaf gas-exchange_Franks!CH60",
131,"N_es5","stomata-franks_steinthorsdottir_2021.xlsx#leaf gas-exchange_Franks!CI60",
132,"sample","stomata-franks_steinthorsdottir_2021.xlsx#leaf gas-exchange_Franks!O61",
132,"doi","stomata-franks_steinthorsdottir_2021.xlsx#leaf gas-exchange_Franks!D61",
132,"lat","stomata-franks_steinthorsdottir_2021.xlsx#leaf gas-exchange_Franks!AA61",
132,"lon","stomata-franks_steinthorsdottir_2021.xlsx#leaf gas-exchange_Franks!AB61",
132,"age_mean","stomata-franks_steinthorsdottir_2021_p1.0.xlsx#leaf gas-exchange_Franks!AH61",
132,"age_min","stomata-franks_steinthorsdottir_2021_p1.0.xlsx#leaf gas-exchange_Franks!AJ61",
132,"age_max","stomata-franks_steinthorsdottir_2021_p1.0.xlsx#leaf gas-exchange_Franks!AI61",
132,"age_notes","stomata-franks_steinthorsdottir_2021_p1.0.xlsx#leaf gas-exchange_Franks!AL61",
132,"family","stomata-franks_steinthorsdottir_2021.xlsx#leaf gas-exchange_Franks!P61",
132,"genus","stomata-franks_steinthorsdottir_2021.xlsx#leaf gas-exchange_Franks!Q61",
132,"Dab","stomata-franks_steinthorsdottir_2021.xlsx#leaf gas-exchange_Franks!AM61",
132,"eDab","stomata-franks_steinthorsdottir_2021.xlsx#leaf gas-exchange_Franks!AN61",
132,"N_eDab","stomata-franks_steinthorsdottir_2021.xlsx#leaf gas-exchange_Franks!AO61",
132,"Dad","stomata-franks_steinthorsdottir_2021.xlsx#leaf gas-exchange_Franks!AP61",
132,"eDad","stomata-franks_steinthorsdottir_2021.xlsx#leaf gas-exchange_Franks!AQ61",
132,"N_eDad","stomata-franks_steinthorsdottir_2021.xlsx#leaf gas-exchange_Franks!AR61",
132,"GCLab","stomata-franks_steinthorsdottir_2021.xlsx#leaf gas-exchange_Franks!AS61",
132,"eGCLab","stomata-franks_steinthorsdottir_2021.xlsx#leaf gas-exchange_Franks!AT61",
132,"N_eGCLab","stomata-franks_steinthorsdottir_2021.xlsx#leaf gas-exchange_Franks!AU61",
132,"GCLad","stomata-franks_steinthorsdottir_2021.xlsx#leaf gas-exchange_Franks!AV61",
132,"eGCLad","stomata-franks_steinthorsdottir_2021.xlsx#leaf gas-exchange_Franks!AW61",
132,"N_eGCLad","stomata-franks_steinthorsdottir_2021.xlsx#leaf gas-exchange_Franks!AX61",
132,"GCWab","stomata-franks_steinthorsdottir_2021.xlsx#leaf gas-exchange_Franks!AY61",
132,"eGCWab","stomata-franks_steinthorsdottir_2021.xlsx#leaf gas-exchange_Franks!AZ61",
132,"N_eGCWab","stomata-franks_steinthorsdottir_2021.xlsx#leaf gas-exchange_Franks!BA61",
132,"GCWad","stomata-franks_steinthorsdottir_2021.xlsx#leaf gas-exchange_Franks!BB61",
132,"eGCWad","stomata-franks_steinthorsdottir_2021.xlsx#leaf gas-exchange_Franks!BC61",
132,"N_eGCWad","stomata-franks_steinthorsdottir_2021.xlsx#leaf gas-exchange_Franks!BD61",
132,"d13Cp","stomata-franks_steinthorsdottir_2021.xlsx#leaf gas-exchange_Franks!BE61",
132,"ed13Cp","stomata-franks_steinthorsdottir_2021.xlsx#leaf gas-exchange_Franks!BF61",
132,"N_ed13Cp","stomata-franks_steinthorsdottir_2021.xlsx#leaf gas-exchange_Franks!BG61",
132,"CO2_0","stomata-franks_steinthorsdottir_2021.xlsx#leaf gas-exchange_Franks!BK61",
132,"dv","stomata-franks_steinthorsdottir_2021.xlsx#leaf gas-exchange_Franks!CL61",
132,"A0","stomata-franks_steinthorsdottir_2021.xlsx#leaf gas-exchange_Franks!BL61",
132,"eA0","stomata-franks_steinthorsdottir_2021.xlsx#leaf gas-exchange_Franks!BM61",
132,"N_eA0","stomata-franks_steinthorsdottir_2021.xlsx#leaf gas-exchange_Franks!BN61",
132,"gb","stomata-franks_steinthorsdottir_2021.xlsx#leaf gas-exchange_Franks!BR61",
132,"egb","stomata-franks_steinthorsdottir_2021.xlsx#leaf gas-exchange_Franks!BS61",
132,"N_egb","stomata-franks_steinthorsdottir_2021.xlsx#leaf gas-exchange_Franks!BT61",
132,"s1","stomata-franks_steinthorsdottir_2021.xlsx#leaf gas-exchange_Franks!BU61",
132,"es1","stomata-franks_steinthorsdottir_2021.xlsx#leaf gas-exchange_Franks!BV61",
132,"N_es1","stomata-franks_steinthorsdottir_2021.xlsx#leaf gas-exchange_Franks!BW61",
132,"s2","stomata-franks_steinthorsdottir_2021.xlsx#leaf gas-exchange_Franks!BX61",
132,"es2","stomata-franks_steinthorsdottir_2021.xlsx#leaf gas-exchange_Franks!BY61",
132,"N_es2","stomata-franks_steinthorsdottir_2021.xlsx#leaf gas-exchange_Franks!BZ61",
132,"s3","stomata-franks_steinthorsdottir_2021.xlsx#leaf gas-exchange_Franks!CA61",
132,"es3","stomata-franks_steinthorsdottir_2021.xlsx#leaf gas-exchange_Franks!CB61",
132,"N_es3","stomata-franks_steinthorsdottir_2021.xlsx#leaf gas-exchange_Franks!CC61",
132,"s4","stomata-franks_steinthorsdottir_2021.xlsx#leaf gas-exchange_Franks!CD61",
132,"es4","stomata-franks_steinthorsdottir_2021.xlsx#leaf gas-exchange_Franks!CE61",
132,"N_es4","stomata-franks_steinthorsdottir_2021.xlsx#leaf gas-exchange_Franks!CF61",
132,"s5","stomata-franks_steinthorsdottir_2021.xlsx#leaf gas-exchange_Franks!CG61",
132,"es5","stomata-franks_steinthorsdottir_2021.xlsx#leaf gas-exchange_Franks!CH61",
132,"N_es5","stomata-franks_steinthorsdottir_2021.xlsx#leaf gas-exchange_Franks!CI61",
133,"sample","stomata-franks_steinthorsdottir_2021.xlsx#leaf gas-exchange_Franks!O62",
133,"doi","stomata-franks_steinthorsdottir_2021.xlsx#leaf gas-exchange_Franks!D62",
133,"lat","stomata-franks_steinthorsdottir_2021.xlsx#leaf gas-exchange_Franks!AA62",
133,"lon","stomata-franks_steinthorsdottir_2021.xlsx#leaf gas-exchange_Franks!AB62",
133,"age_mean","stomata-franks_steinthorsdottir_2021_p1.0.xlsx#leaf gas-exchange_Franks!AH62",
133,"age_min","stomata-franks_steinthorsdottir_2021_p1.0.xlsx#leaf gas-exchange_Franks!AJ62",
133,"age_max","stomata-franks_steinthorsdottir_2021_p1.0.xlsx#leaf gas-exchange_Franks!AI62",
133,"age_notes","stomata-franks_steinthorsdottir_2021_p1.0.xlsx#leaf gas-exchange_Franks!AL62",
133,"family","stomata-franks_steinthorsdottir_2021.xlsx#leaf gas-exchange_Franks!P62",
133,"genus","stomata-franks_steinthorsdottir_2021.xlsx#leaf gas-exchange_Franks!Q62",
133,"Dab","stomata-franks_steinthorsdottir_2021.xlsx#leaf gas-exchange_Franks!AM62",
133,"eDab","stomata-franks_steinthorsdottir_2021.xlsx#leaf gas-exchange_Franks!AN62",
133,"N_eDab","stomata-franks_steinthorsdottir_2021.xlsx#leaf gas-exchange_Franks!AO62",
133,"Dad","stomata-franks_steinthorsdottir_2021.xlsx#leaf gas-exchange_Franks!AP62",
133,"eDad","stomata-franks_steinthorsdottir_2021.xlsx#leaf gas-exchange_Franks!AQ62",
133,"N_eDad","stomata-franks_steinthorsdottir_2021.xlsx#leaf gas-exchange_Franks!AR62",
133,"GCLab","stomata-franks_steinthorsdottir_2021.xlsx#leaf gas-exchange_Franks!AS62",
133,"eGCLab","stomata-franks_steinthorsdottir_2021.xlsx#leaf gas-exchange_Franks!AT62",
133,"N_eGCLab","stomata-franks_steinthorsdottir_2021.xlsx#leaf gas-exchange_Franks!AU62",
133,"GCLad","stomata-franks_steinthorsdottir_2021.xlsx#leaf gas-exchange_Franks!AV62",
133,"eGCLad","stomata-franks_steinthorsdottir_2021.xlsx#leaf gas-exchange_Franks!AW62",
133,"N_eGCLad","stomata-franks_steinthorsdottir_2021.xlsx#leaf gas-exchange_Franks!AX62",
133,"GCWab","stomata-franks_steinthorsdottir_2021.xlsx#leaf gas-exchange_Franks!AY62",
133,"eGCWab","stomata-franks_steinthorsdottir_2021.xlsx#leaf gas-exchange_Franks!AZ62",
133,"N_eGCWab","stomata-franks_steinthorsdottir_2021.xlsx#leaf gas-exchange_Franks!BA62",
133,"GCWad","stomata-franks_steinthorsdottir_2021.xlsx#leaf gas-exchange_Franks!BB62",
133,"eGCWad","stomata-franks_steinthorsdottir_2021.xlsx#leaf gas-exchange_Franks!BC62",
133,"N_eGCWad","stomata-franks_steinthorsdottir_2021.xlsx#leaf gas-exchange_Franks!BD62",
133,"d13Cp","stomata-franks_steinthorsdottir_2021.xlsx#leaf gas-exchange_Franks!BE62",
133,"ed13Cp","stomata-franks_steinthorsdottir_2021.xlsx#leaf gas-exchange_Franks!BF62",
133,"N_ed13Cp","stomata-franks_steinthorsdottir_2021.xlsx#leaf gas-exchange_Franks!BG62",
133,"CO2_0","stomata-franks_steinthorsdottir_2021.xlsx#leaf gas-exchange_Franks!BK62",
133,"dv","stomata-franks_steinthorsdottir_2021.xlsx#leaf gas-exchange_Franks!CL62",
133,"A0","stomata-franks_steinthorsdottir_2021.xlsx#leaf gas-exchange_Franks!BL62",
133,"eA0","stomata-franks_steinthorsdottir_2021.xlsx#leaf gas-exchange_Franks!BM62",
133,"N_eA0","stomata-franks_steinthorsdottir_2021.xlsx#leaf gas-exchange_Franks!BN62",
133,"gb","stomata-franks_steinthorsdottir_2021.xlsx#leaf gas-exchange_Franks!BR62",
133,"egb","stomata-franks_steinthorsdottir_2021.xlsx#leaf gas-exchange_Franks!BS62",
133,"N_egb","stomata-franks_steinthorsdottir_2021.xlsx#leaf gas-exchange_Franks!BT62",
133,"s1","stomata-franks_steinthorsdottir_2021.xlsx#leaf gas-exchange_Franks!BU62",
133,"es1","stomata-franks_steinthorsdottir_2021.xlsx#leaf gas-exchange_Franks!BV62",
133,"N_es1","stomata-franks_steinthorsdottir_2021.xlsx#leaf gas-exchange_Franks!BW62",
133,"s2","stomata-franks_steinthorsdottir_2021.xlsx#leaf gas-exchange_Franks!BX62",
133,"es2","stomata-franks_steinthorsdottir_2021.xlsx#leaf gas-exchange_Franks!BY62",
133,"N_es2","stomata-franks_steinthorsdottir_2021.xlsx#leaf gas-exchange_Franks!BZ62",
133,"s3","stomata-franks_steinthorsdottir_2021.xlsx#leaf gas-exchange_Franks!CA62",
133,"es3","stomata-franks_steinthorsdottir_2021.xlsx#leaf gas-exchange_Franks!CB62",
133,"N_es3","stomata-franks_steinthorsdottir_2021.xlsx#leaf gas-exchange_Franks!CC62",
133,"s4","stomata-franks_steinthorsdottir_2021.xlsx#leaf gas-exchange_Franks!CD62",
133,"es4","stomata-franks_steinthorsdottir_2021.xlsx#leaf gas-exchange_Franks!CE62",
133,"N_es4","stomata-franks_steinthorsdottir_2021.xlsx#leaf gas-exchange_Franks!CF62",
133,"s5","stomata-franks_steinthorsdottir_2021.xlsx#leaf gas-exchange_Franks!CG62",
133,"es5","stomata-franks_steinthorsdottir_2021.xlsx#leaf gas-exchange_Franks!CH62",
133,"N_es5","stomata-franks_steinthorsdottir_2021.xlsx#leaf gas-exchange_Franks!CI62",
134,"sample","stomata-franks_steinthorsdottir_2021.xlsx#leaf gas-exchange_Franks!O63",
134,"doi","stomata-franks_steinthorsdottir_2021.xlsx#leaf gas-exchange_Franks!D63",
134,"lat","stomata-franks_steinthorsdottir_2021.xlsx#leaf gas-exchange_Franks!AA63",
134,"lon","stomata-franks_steinthorsdottir_2021.xlsx#leaf gas-exchange_Franks!AB63",
134,"age_mean","stomata-franks_steinthorsdottir_2021_p1.0.xlsx#leaf gas-exchange_Franks!AH63",
134,"age_min","stomata-franks_steinthorsdottir_2021_p1.0.xlsx#leaf gas-exchange_Franks!AJ63",
134,"age_max","stomata-franks_steinthorsdottir_2021_p1.0.xlsx#leaf gas-exchange_Franks!AI63",
134,"age_notes","stomata-franks_steinthorsdottir_2021_p1.0.xlsx#leaf gas-exchange_Franks!AL63",
134,"family","stomata-franks_steinthorsdottir_2021.xlsx#leaf gas-exchange_Franks!P63",
134,"genus","stomata-franks_steinthorsdottir_2021.xlsx#leaf gas-exchange_Franks!Q63",
134,"Dab","stomata-franks_steinthorsdottir_2021.xlsx#leaf gas-exchange_Franks!AM63",
134,"eDab","stomata-franks_steinthorsdottir_2021.xlsx#leaf gas-exchange_Franks!AN63",
134,"N_eDab","stomata-franks_steinthorsdottir_2021.xlsx#leaf gas-exchange_Franks!AO63",
134,"Dad","stomata-franks_steinthorsdottir_2021.xlsx#leaf gas-exchange_Franks!AP63",
134,"eDad","stomata-franks_steinthorsdottir_2021.xlsx#leaf gas-exchange_Franks!AQ63",
134,"N_eDad","stomata-franks_steinthorsdottir_2021.xlsx#leaf gas-exchange_Franks!AR63",
134,"GCLab","stomata-franks_steinthorsdottir_2021.xlsx#leaf gas-exchange_Franks!AS63",
134,"eGCLab","stomata-franks_steinthorsdottir_2021.xlsx#leaf gas-exchange_Franks!AT63",
134,"N_eGCLab","stomata-franks_steinthorsdottir_2021.xlsx#leaf gas-exchange_Franks!AU63",
134,"GCLad","stomata-franks_steinthorsdottir_2021.xlsx#leaf gas-exchange_Franks!AV63",
134,"eGCLad","stomata-franks_steinthorsdottir_2021.xlsx#leaf gas-exchange_Franks!AW63",
134,"N_eGCLad","stomata-franks_steinthorsdottir_2021.xlsx#leaf gas-exchange_Franks!AX63",
134,"GCWab","stomata-franks_steinthorsdottir_2021.xlsx#leaf gas-exchange_Franks!AY63",
134,"eGCWab","stomata-franks_steinthorsdottir_2021.xlsx#leaf gas-exchange_Franks!AZ63",
134,"N_eGCWab","stomata-franks_steinthorsdottir_2021.xlsx#leaf gas-exchange_Franks!BA63",
134,"GCWad","stomata-franks_steinthorsdottir_2021.xlsx#leaf gas-exchange_Franks!BB63",
134,"eGCWad","stomata-franks_steinthorsdottir_2021.xlsx#leaf gas-exchange_Franks!BC63",
134,"N_eGCWad","stomata-franks_steinthorsdottir_2021.xlsx#leaf gas-exchange_Franks!BD63",
134,"d13Cp","stomata-franks_steinthorsdottir_2021.xlsx#leaf gas-exchange_Franks!BE63",
134,"ed13Cp","stomata-franks_steinthorsdottir_2021.xlsx#leaf gas-exchange_Franks!BF63",
134,"N_ed13Cp","stomata-franks_steinthorsdottir_2021.xlsx#leaf gas-exchange_Franks!BG63",
134,"CO2_0","stomata-franks_steinthorsdottir_2021.xlsx#leaf gas-exchange_Franks!BK63",
134,"dv","stomata-franks_steinthorsdottir_2021.xlsx#leaf gas-exchange_Franks!CL63",
134,"A0","stomata-franks_steinthorsdottir_2021.xlsx#leaf gas-exchange_Franks!BL63",
134,"eA0","stomata-franks_steinthorsdottir_2021.xlsx#leaf gas-exchange_Franks!BM63",
134,"N_eA0","stomata-franks_steinthorsdottir_2021.xlsx#leaf gas-exchange_Franks!BN63",
134,"gb","stomata-franks_steinthorsdottir_2021.xlsx#leaf gas-exchange_Franks!BR63",
134,"egb","stomata-franks_steinthorsdottir_2021.xlsx#leaf gas-exchange_Franks!BS63",
134,"N_egb","stomata-franks_steinthorsdottir_2021.xlsx#leaf gas-exchange_Franks!BT63",
134,"s1","stomata-franks_steinthorsdottir_2021.xlsx#leaf gas-exchange_Franks!BU63",
134,"es1","stomata-franks_steinthorsdottir_2021.xlsx#leaf gas-exchange_Franks!BV63",
134,"N_es1","stomata-franks_steinthorsdottir_2021.xlsx#leaf gas-exchange_Franks!BW63",
134,"s2","stomata-franks_steinthorsdottir_2021.xlsx#leaf gas-exchange_Franks!BX63",
134,"es2","stomata-franks_steinthorsdottir_2021.xlsx#leaf gas-exchange_Franks!BY63",
134,"N_es2","stomata-franks_steinthorsdottir_2021.xlsx#leaf gas-exchange_Franks!BZ63",
134,"s3","stomata-franks_steinthorsdottir_2021.xlsx#leaf gas-exchange_Franks!CA63",
134,"es3","stomata-franks_steinthorsdottir_2021.xlsx#leaf gas-exchange_Franks!CB63",
134,"N_es3","stomata-franks_steinthorsdottir_2021.xlsx#leaf gas-exchange_Franks!CC63",
134,"s4","stomata-franks_steinthorsdottir_2021.xlsx#leaf gas-exchange_Franks!CD63",
134,"es4","stomata-franks_steinthorsdottir_2021.xlsx#leaf gas-exchange_Franks!CE63",
134,"N_es4","stomata-franks_steinthorsdottir_2021.xlsx#leaf gas-exchange_Franks!CF63",
134,"s5","stomata-franks_steinthorsdottir_2021.xlsx#leaf gas-exchange_Franks!CG63",
134,"es5","stomata-franks_steinthorsdottir_2021.xlsx#leaf gas-exchange_Franks!CH63",
134,"N_es5","stomata-franks_steinthorsdottir_2021.xlsx#leaf gas-exchange_Franks!CI63",
135,"sample","stomata-franks_steinthorsdottir_2021.xlsx#leaf gas-exchange_Franks!O64",
135,"doi","stomata-franks_steinthorsdottir_2021.xlsx#leaf gas-exchange_Franks!D64",
135,"lat","stomata-franks_steinthorsdottir_2021.xlsx#leaf gas-exchange_Franks!AA64",
135,"lon","stomata-franks_steinthorsdottir_2021.xlsx#leaf gas-exchange_Franks!AB64",
135,"age_mean","stomata-franks_steinthorsdottir_2021_p1.0.xlsx#leaf gas-exchange_Franks!AH64",
135,"age_min","stomata-franks_steinthorsdottir_2021_p1.0.xlsx#leaf gas-exchange_Franks!AJ64",
135,"age_max","stomata-franks_steinthorsdottir_2021_p1.0.xlsx#leaf gas-exchange_Franks!AI64",
135,"age_notes","stomata-franks_steinthorsdottir_2021_p1.0.xlsx#leaf gas-exchange_Franks!AL64",
135,"family","stomata-franks_steinthorsdottir_2021.xlsx#leaf gas-exchange_Franks!P64",
135,"genus","stomata-franks_steinthorsdottir_2021.xlsx#leaf gas-exchange_Franks!Q64",
135,"Dab","stomata-franks_steinthorsdottir_2021.xlsx#leaf gas-exchange_Franks!AM64",
135,"eDab","stomata-franks_steinthorsdottir_2021.xlsx#leaf gas-exchange_Franks!AN64",
135,"N_eDab","stomata-franks_steinthorsdottir_2021.xlsx#leaf gas-exchange_Franks!AO64",
135,"Dad","stomata-franks_steinthorsdottir_2021.xlsx#leaf gas-exchange_Franks!AP64",
135,"eDad","stomata-franks_steinthorsdottir_2021.xlsx#leaf gas-exchange_Franks!AQ64",
135,"N_eDad","stomata-franks_steinthorsdottir_2021.xlsx#leaf gas-exchange_Franks!AR64",
135,"GCLab","stomata-franks_steinthorsdottir_2021.xlsx#leaf gas-exchange_Franks!AS64",
135,"eGCLab","stomata-franks_steinthorsdottir_2021.xlsx#leaf gas-exchange_Franks!AT64",
135,"N_eGCLab","stomata-franks_steinthorsdottir_2021.xlsx#leaf gas-exchange_Franks!AU64",
135,"GCLad","stomata-franks_steinthorsdottir_2021.xlsx#leaf gas-exchange_Franks!AV64",
135,"eGCLad","stomata-franks_steinthorsdottir_2021.xlsx#leaf gas-exchange_Franks!AW64",
135,"N_eGCLad","stomata-franks_steinthorsdottir_2021.xlsx#leaf gas-exchange_Franks!AX64",
135,"GCWab","stomata-franks_steinthorsdottir_2021.xlsx#leaf gas-exchange_Franks!AY64",
135,"eGCWab","stomata-franks_steinthorsdottir_2021.xlsx#leaf gas-exchange_Franks!AZ64",
135,"N_eGCWab","stomata-franks_steinthorsdottir_2021.xlsx#leaf gas-exchange_Franks!BA64",
135,"GCWad","stomata-franks_steinthorsdottir_2021.xlsx#leaf gas-exchange_Franks!BB64",
135,"eGCWad","stomata-franks_steinthorsdottir_2021.xlsx#leaf gas-exchange_Franks!BC64",
135,"N_eGCWad","stomata-franks_steinthorsdottir_2021.xlsx#leaf gas-exchange_Franks!BD64",
135,"d13Cp","stomata-franks_steinthorsdottir_2021.xlsx#leaf gas-exchange_Franks!BE64",
135,"ed13Cp","stomata-franks_steinthorsdottir_2021.xlsx#leaf gas-exchange_Franks!BF64",
135,"N_ed13Cp","stomata-franks_steinthorsdottir_2021.xlsx#leaf gas-exchange_Franks!BG64",
135,"CO2_0","stomata-franks_steinthorsdottir_2021.xlsx#leaf gas-exchange_Franks!BK64",
135,"dv","stomata-franks_steinthorsdottir_2021.xlsx#leaf gas-exchange_Franks!CL64",
135,"A0","stomata-franks_steinthorsdottir_2021.xlsx#leaf gas-exchange_Franks!BL64",
135,"eA0","stomata-franks_steinthorsdottir_2021.xlsx#leaf gas-exchange_Franks!BM64",
135,"N_eA0","stomata-franks_steinthorsdottir_2021.xlsx#leaf gas-exchange_Franks!BN64",
135,"gb","stomata-franks_steinthorsdottir_2021.xlsx#leaf gas-exchange_Franks!BR64",
135,"egb","stomata-franks_steinthorsdottir_2021.xlsx#leaf gas-exchange_Franks!BS64",
135,"N_egb","stomata-franks_steinthorsdottir_2021.xlsx#leaf gas-exchange_Franks!BT64",
135,"s1","stomata-franks_steinthorsdottir_2021.xlsx#leaf gas-exchange_Franks!BU64",
135,"es1","stomata-franks_steinthorsdottir_2021.xlsx#leaf gas-exchange_Franks!BV64",
135,"N_es1","stomata-franks_steinthorsdottir_2021.xlsx#leaf gas-exchange_Franks!BW64",
135,"s2","stomata-franks_steinthorsdottir_2021.xlsx#leaf gas-exchange_Franks!BX64",
135,"es2","stomata-franks_steinthorsdottir_2021.xlsx#leaf gas-exchange_Franks!BY64",
135,"N_es2","stomata-franks_steinthorsdottir_2021.xlsx#leaf gas-exchange_Franks!BZ64",
135,"s3","stomata-franks_steinthorsdottir_2021.xlsx#leaf gas-exchange_Franks!CA64",
135,"es3","stomata-franks_steinthorsdottir_2021.xlsx#leaf gas-exchange_Franks!CB64",
135,"N_es3","stomata-franks_steinthorsdottir_2021.xlsx#leaf gas-exchange_Franks!CC64",
135,"s4","stomata-franks_steinthorsdottir_2021.xlsx#leaf gas-exchange_Franks!CD64",
135,"es4","stomata-franks_steinthorsdottir_2021.xlsx#leaf gas-exchange_Franks!CE64",
135,"N_es4","stomata-franks_steinthorsdottir_2021.xlsx#leaf gas-exchange_Franks!CF64",
135,"s5","stomata-franks_steinthorsdottir_2021.xlsx#leaf gas-exchange_Franks!CG64",
135,"es5","stomata-franks_steinthorsdottir_2021.xlsx#leaf gas-exchange_Franks!CH64",
135,"N_es5","stomata-franks_steinthorsdottir_2021.xlsx#leaf gas-exchange_Franks!CI64",
136,"sample","stomata-franks_steinthorsdottir_2021.xlsx#leaf gas-exchange_Franks!O65",
136,"doi","stomata-franks_steinthorsdottir_2021.xlsx#leaf gas-exchange_Franks!D65",
136,"lat","stomata-franks_steinthorsdottir_2021.xlsx#leaf gas-exchange_Franks!AA65",
136,"lon","stomata-franks_steinthorsdottir_2021.xlsx#leaf gas-exchange_Franks!AB65",
136,"age_mean","stomata-franks_steinthorsdottir_2021_p1.0.xlsx#leaf gas-exchange_Franks!AH65",
136,"age_min","stomata-franks_steinthorsdottir_2021_p1.0.xlsx#leaf gas-exchange_Franks!AJ65",
136,"age_max","stomata-franks_steinthorsdottir_2021_p1.0.xlsx#leaf gas-exchange_Franks!AI65",
136,"age_notes","stomata-franks_steinthorsdottir_2021_p1.0.xlsx#leaf gas-exchange_Franks!AL65",
136,"family","stomata-franks_steinthorsdottir_2021.xlsx#leaf gas-exchange_Franks!P65",
136,"genus","stomata-franks_steinthorsdottir_2021.xlsx#leaf gas-exchange_Franks!Q65",
136,"Dab","stomata-franks_steinthorsdottir_2021.xlsx#leaf gas-exchange_Franks!AM65",
136,"eDab","stomata-franks_steinthorsdottir_2021.xlsx#leaf gas-exchange_Franks!AN65",
136,"N_eDab","stomata-franks_steinthorsdottir_2021.xlsx#leaf gas-exchange_Franks!AO65",
136,"Dad","stomata-franks_steinthorsdottir_2021.xlsx#leaf gas-exchange_Franks!AP65",
136,"eDad","stomata-franks_steinthorsdottir_2021.xlsx#leaf gas-exchange_Franks!AQ65",
136,"N_eDad","stomata-franks_steinthorsdottir_2021.xlsx#leaf gas-exchange_Franks!AR65",
136,"GCLab","stomata-franks_steinthorsdottir_2021.xlsx#leaf gas-exchange_Franks!AS65",
136,"eGCLab","stomata-franks_steinthorsdottir_2021.xlsx#leaf gas-exchange_Franks!AT65",
136,"N_eGCLab","stomata-franks_steinthorsdottir_2021.xlsx#leaf gas-exchange_Franks!AU65",
136,"GCLad","stomata-franks_steinthorsdottir_2021.xlsx#leaf gas-exchange_Franks!AV65",
136,"eGCLad","stomata-franks_steinthorsdottir_2021.xlsx#leaf gas-exchange_Franks!AW65",
136,"N_eGCLad","stomata-franks_steinthorsdottir_2021.xlsx#leaf gas-exchange_Franks!AX65",
136,"GCWab","stomata-franks_steinthorsdottir_2021.xlsx#leaf gas-exchange_Franks!AY65",
136,"eGCWab","stomata-franks_steinthorsdottir_2021.xlsx#leaf gas-exchange_Franks!AZ65",
136,"N_eGCWab","stomata-franks_steinthorsdottir_2021.xlsx#leaf gas-exchange_Franks!BA65",
136,"GCWad","stomata-franks_steinthorsdottir_2021.xlsx#leaf gas-exchange_Franks!BB65",
136,"eGCWad","stomata-franks_steinthorsdottir_2021.xlsx#leaf gas-exchange_Franks!BC65",
136,"N_eGCWad","stomata-franks_steinthorsdottir_2021.xlsx#leaf gas-exchange_Franks!BD65",
136,"d13Cp","stomata-franks_steinthorsdottir_2021.xlsx#leaf gas-exchange_Franks!BE65",
136,"ed13Cp","stomata-franks_steinthorsdottir_2021.xlsx#leaf gas-exchange_Franks!BF65",
136,"N_ed13Cp","stomata-franks_steinthorsdottir_2021.xlsx#leaf gas-exchange_Franks!BG65",
136,"CO2_0","stomata-franks_steinthorsdottir_2021.xlsx#leaf gas-exchange_Franks!BK65",
136,"dv","stomata-franks_steinthorsdottir_2021.xlsx#leaf gas-exchange_Franks!CL65",
136,"A0","stomata-franks_steinthorsdottir_2021.xlsx#leaf gas-exchange_Franks!BL65",
136,"eA0","stomata-franks_steinthorsdottir_2021.xlsx#leaf gas-exchange_Franks!BM65",
136,"N_eA0","stomata-franks_steinthorsdottir_2021.xlsx#leaf gas-exchange_Franks!BN65",
136,"gb","stomata-franks_steinthorsdottir_2021.xlsx#leaf gas-exchange_Franks!BR65",
136,"egb","stomata-franks_steinthorsdottir_2021.xlsx#leaf gas-exchange_Franks!BS65",
136,"N_egb","stomata-franks_steinthorsdottir_2021.xlsx#leaf gas-exchange_Franks!BT65",
136,"s1","stomata-franks_steinthorsdottir_2021.xlsx#leaf gas-exchange_Franks!BU65",
136,"es1","stomata-franks_steinthorsdottir_2021.xlsx#leaf gas-exchange_Franks!BV65",
136,"N_es1","stomata-franks_steinthorsdottir_2021.xlsx#leaf gas-exchange_Franks!BW65",
136,"s2","stomata-franks_steinthorsdottir_2021.xlsx#leaf gas-exchange_Franks!BX65",
136,"es2","stomata-franks_steinthorsdottir_2021.xlsx#leaf gas-exchange_Franks!BY65",
136,"N_es2","stomata-franks_steinthorsdottir_2021.xlsx#leaf gas-exchange_Franks!BZ65",
136,"s3","stomata-franks_steinthorsdottir_2021.xlsx#leaf gas-exchange_Franks!CA65",
136,"es3","stomata-franks_steinthorsdottir_2021.xlsx#leaf gas-exchange_Franks!CB65",
136,"N_es3","stomata-franks_steinthorsdottir_2021.xlsx#leaf gas-exchange_Franks!CC65",
136,"s4","stomata-franks_steinthorsdottir_2021.xlsx#leaf gas-exchange_Franks!CD65",
136,"es4","stomata-franks_steinthorsdottir_2021.xlsx#leaf gas-exchange_Franks!CE65",
136,"N_es4","stomata-franks_steinthorsdottir_2021.xlsx#leaf gas-exchange_Franks!CF65",
136,"s5","stomata-franks_steinthorsdottir_2021.xlsx#leaf gas-exchange_Franks!CG65",
136,"es5","stomata-franks_steinthorsdottir_2021.xlsx#leaf gas-exchange_Franks!CH65",
136,"N_es5","stomata-franks_steinthorsdottir_2021.xlsx#leaf gas-exchange_Franks!CI65",
137,"sample","stomata-franks_steinthorsdottir_2021.xlsx#leaf gas-exchange_Franks!O66",
137,"doi","stomata-franks_steinthorsdottir_2021.xlsx#leaf gas-exchange_Franks!D66",
137,"lat","stomata-franks_steinthorsdottir_2021.xlsx#leaf gas-exchange_Franks!AA66",
137,"lon","stomata-franks_steinthorsdottir_2021.xlsx#leaf gas-exchange_Franks!AB66",
137,"age_mean","stomata-franks_steinthorsdottir_2021_p1.0.xlsx#leaf gas-exchange_Franks!AH66",
137,"age_min","stomata-franks_steinthorsdottir_2021_p1.0.xlsx#leaf gas-exchange_Franks!AJ66",
137,"age_max","stomata-franks_steinthorsdottir_2021_p1.0.xlsx#leaf gas-exchange_Franks!AI66",
137,"age_notes","stomata-franks_steinthorsdottir_2021_p1.0.xlsx#leaf gas-exchange_Franks!AL66",
137,"family","stomata-franks_steinthorsdottir_2021.xlsx#leaf gas-exchange_Franks!P66",
137,"genus","stomata-franks_steinthorsdottir_2021.xlsx#leaf gas-exchange_Franks!Q66",
137,"Dab","stomata-franks_steinthorsdottir_2021.xlsx#leaf gas-exchange_Franks!AM66",
137,"eDab","stomata-franks_steinthorsdottir_2021.xlsx#leaf gas-exchange_Franks!AN66",
137,"N_eDab","stomata-franks_steinthorsdottir_2021.xlsx#leaf gas-exchange_Franks!AO66",
137,"Dad","stomata-franks_steinthorsdottir_2021.xlsx#leaf gas-exchange_Franks!AP66",
137,"eDad","stomata-franks_steinthorsdottir_2021.xlsx#leaf gas-exchange_Franks!AQ66",
137,"N_eDad","stomata-franks_steinthorsdottir_2021.xlsx#leaf gas-exchange_Franks!AR66",
137,"GCLab","stomata-franks_steinthorsdottir_2021.xlsx#leaf gas-exchange_Franks!AS66",
137,"eGCLab","stomata-franks_steinthorsdottir_2021.xlsx#leaf gas-exchange_Franks!AT66",
137,"N_eGCLab","stomata-franks_steinthorsdottir_2021.xlsx#leaf gas-exchange_Franks!AU66",
137,"GCLad","stomata-franks_steinthorsdottir_2021.xlsx#leaf gas-exchange_Franks!AV66",
137,"eGCLad","stomata-franks_steinthorsdottir_2021.xlsx#leaf gas-exchange_Franks!AW66",
137,"N_eGCLad","stomata-franks_steinthorsdottir_2021.xlsx#leaf gas-exchange_Franks!AX66",
137,"GCWab","stomata-franks_steinthorsdottir_2021.xlsx#leaf gas-exchange_Franks!AY66",
137,"eGCWab","stomata-franks_steinthorsdottir_2021.xlsx#leaf gas-exchange_Franks!AZ66",
137,"N_eGCWab","stomata-franks_steinthorsdottir_2021.xlsx#leaf gas-exchange_Franks!BA66",
137,"GCWad","stomata-franks_steinthorsdottir_2021.xlsx#leaf gas-exchange_Franks!BB66",
137,"eGCWad","stomata-franks_steinthorsdottir_2021.xlsx#leaf gas-exchange_Franks!BC66",
137,"N_eGCWad","stomata-franks_steinthorsdottir_2021.xlsx#leaf gas-exchange_Franks!BD66",
137,"d13Cp","stomata-franks_steinthorsdottir_2021.xlsx#leaf gas-exchange_Franks!BE66",
137,"ed13Cp","stomata-franks_steinthorsdottir_2021.xlsx#leaf gas-exchange_Franks!BF66",
137,"N_ed13Cp","stomata-franks_steinthorsdottir_2021.xlsx#leaf gas-exchange_Franks!BG66",
137,"CO2_0","stomata-franks_steinthorsdottir_2021.xlsx#leaf gas-exchange_Franks!BK66",
137,"dv","stomata-franks_steinthorsdottir_2021.xlsx#leaf gas-exchange_Franks!CL66",
137,"A0","stomata-franks_steinthorsdottir_2021.xlsx#leaf gas-exchange_Franks!BL66",
137,"eA0","stomata-franks_steinthorsdottir_2021.xlsx#leaf gas-exchange_Franks!BM66",
137,"N_eA0","stomata-franks_steinthorsdottir_2021.xlsx#leaf gas-exchange_Franks!BN66",
137,"gb","stomata-franks_steinthorsdottir_2021.xlsx#leaf gas-exchange_Franks!BR66",
137,"egb","stomata-franks_steinthorsdottir_2021.xlsx#leaf gas-exchange_Franks!BS66",
137,"N_egb","stomata-franks_steinthorsdottir_2021.xlsx#leaf gas-exchange_Franks!BT66",
137,"s1","stomata-franks_steinthorsdottir_2021.xlsx#leaf gas-exchange_Franks!BU66",
137,"es1","stomata-franks_steinthorsdottir_2021.xlsx#leaf gas-exchange_Franks!BV66",
137,"N_es1","stomata-franks_steinthorsdottir_2021.xlsx#leaf gas-exchange_Franks!BW66",
137,"s2","stomata-franks_steinthorsdottir_2021.xlsx#leaf gas-exchange_Franks!BX66",
137,"es2","stomata-franks_steinthorsdottir_2021.xlsx#leaf gas-exchange_Franks!BY66",
137,"N_es2","stomata-franks_steinthorsdottir_2021.xlsx#leaf gas-exchange_Franks!BZ66",
137,"s3","stomata-franks_steinthorsdottir_2021.xlsx#leaf gas-exchange_Franks!CA66",
137,"es3","stomata-franks_steinthorsdottir_2021.xlsx#leaf gas-exchange_Franks!CB66",
137,"N_es3","stomata-franks_steinthorsdottir_2021.xlsx#leaf gas-exchange_Franks!CC66",
137,"s4","stomata-franks_steinthorsdottir_2021.xlsx#leaf gas-exchange_Franks!CD66",
137,"es4","stomata-franks_steinthorsdottir_2021.xlsx#leaf gas-exchange_Franks!CE66",
137,"N_es4","stomata-franks_steinthorsdottir_2021.xlsx#leaf gas-exchange_Franks!CF66",
137,"s5","stomata-franks_steinthorsdottir_2021.xlsx#leaf gas-exchange_Franks!CG66",
137,"es5","stomata-franks_steinthorsdottir_2021.xlsx#leaf gas-exchange_Franks!CH66",
137,"N_es5","stomata-franks_steinthorsdottir_2021.xlsx#leaf gas-exchange_Franks!CI66",
138,"sample","stomata-franks_tesfamichael_2017.xlsx#leaf gas-exchange_Franks!O4",
138,"doi","stomata-franks_tesfamichael_2017.xlsx#leaf gas-exchange_Franks!D4",
138,"lat","stomata-franks_tesfamichael_2017.xlsx#leaf gas-exchange_Franks!AA4",
138,"lon","stomata-franks_tesfamichael_2017.xlsx#leaf gas-exchange_Franks!AB4",
138,"age_mean","stomata-franks_tesfamichael_2017.xlsx#leaf gas-exchange_Franks!V4",
138,"age_min","stomata-franks_tesfamichael_2017.xlsx#leaf gas-exchange_Franks!X4",
138,"age_max","stomata-franks_tesfamichael_2017.xlsx#leaf gas-exchange_Franks!W4",
138,"age_notes","stomata-franks_tesfamichael_2017.xlsx#leaf gas-exchange_Franks!Z4",
138,"family","stomata-franks_tesfamichael_2017.xlsx#leaf gas-exchange_Franks!P4",
138,"genus","stomata-franks_tesfamichael_2017.xlsx#leaf gas-exchange_Franks!Q4",
138,"Dab","stomata-franks_tesfamichael_2017.xlsx#leaf gas-exchange_Franks!AM4",
138,"eDab","stomata-franks_tesfamichael_2017.xlsx#leaf gas-exchange_Franks!AN4",
138,"N_eDab","stomata-franks_tesfamichael_2017.xlsx#leaf gas-exchange_Franks!AO4",
138,"Dad","stomata-franks_tesfamichael_2017.xlsx#leaf gas-exchange_Franks!AP4",
138,"eDad","stomata-franks_tesfamichael_2017.xlsx#leaf gas-exchange_Franks!AQ4",
138,"N_eDad","stomata-franks_tesfamichael_2017.xlsx#leaf gas-exchange_Franks!AR4",
138,"GCLab","stomata-franks_tesfamichael_2017.xlsx#leaf gas-exchange_Franks!AS4",
138,"eGCLab","stomata-franks_tesfamichael_2017.xlsx#leaf gas-exchange_Franks!AT4",
138,"N_eGCLab","stomata-franks_tesfamichael_2017.xlsx#leaf gas-exchange_Franks!AU4",
138,"GCLad","stomata-franks_tesfamichael_2017.xlsx#leaf gas-exchange_Franks!AV4",
138,"eGCLad","stomata-franks_tesfamichael_2017.xlsx#leaf gas-exchange_Franks!AW4",
138,"N_eGCLad","stomata-franks_tesfamichael_2017.xlsx#leaf gas-exchange_Franks!AX4",
138,"GCWab","stomata-franks_tesfamichael_2017.xlsx#leaf gas-exchange_Franks!AY4",
138,"eGCWab","stomata-franks_tesfamichael_2017.xlsx#leaf gas-exchange_Franks!AZ4",
138,"N_eGCWab","stomata-franks_tesfamichael_2017.xlsx#leaf gas-exchange_Franks!BA4",
138,"GCWad","stomata-franks_tesfamichael_2017.xlsx#leaf gas-exchange_Franks!BB4",
138,"eGCWad","stomata-franks_tesfamichael_2017.xlsx#leaf gas-exchange_Franks!BC4",
138,"N_eGCWad","stomata-franks_tesfamichael_2017.xlsx#leaf gas-exchange_Franks!BD4",
138,"d13Cp","stomata-franks_tesfamichael_2017.xlsx#leaf gas-exchange_Franks!BE4",
138,"ed13Cp","stomata-franks_tesfamichael_2017.xlsx#leaf gas-exchange_Franks!BF4",
138,"N_ed13Cp","stomata-franks_tesfamichael_2017.xlsx#leaf gas-exchange_Franks!BG4",
138,"CO2_0","stomata-franks_tesfamichael_2017.xlsx#leaf gas-exchange_Franks!BK4",
138,"dv","stomata-franks_tesfamichael_2017.xlsx#leaf gas-exchange_Franks!CL4",
138,"A0","stomata-franks_tesfamichael_2017.xlsx#leaf gas-exchange_Franks!BL4",
138,"eA0","stomata-franks_tesfamichael_2017.xlsx#leaf gas-exchange_Franks!BM4",
138,"N_eA0","stomata-franks_tesfamichael_2017.xlsx#leaf gas-exchange_Franks!BN4",
138,"N_eCiCa0","stomata-franks_tesfamichael_2017.xlsx#leaf gas-exchange_Franks!BQ4",
138,"gb","stomata-franks_tesfamichael_2017.xlsx#leaf gas-exchange_Franks!BR4",
138,"egb","stomata-franks_tesfamichael_2017.xlsx#leaf gas-exchange_Franks!BS4",
138,"N_egb","stomata-franks_tesfamichael_2017.xlsx#leaf gas-exchange_Franks!BT4",
138,"s1","stomata-franks_tesfamichael_2017.xlsx#leaf gas-exchange_Franks!BU4",
138,"es1","stomata-franks_tesfamichael_2017.xlsx#leaf gas-exchange_Franks!BV4",
138,"N_es1","stomata-franks_tesfamichael_2017.xlsx#leaf gas-exchange_Franks!BW4",
138,"s2","stomata-franks_tesfamichael_2017.xlsx#leaf gas-exchange_Franks!BX4",
138,"es2","stomata-franks_tesfamichael_2017.xlsx#leaf gas-exchange_Franks!BY4",
138,"N_es2","stomata-franks_tesfamichael_2017.xlsx#leaf gas-exchange_Franks!BZ4",
138,"s3","stomata-franks_tesfamichael_2017.xlsx#leaf gas-exchange_Franks!CA4",
138,"es3","stomata-franks_tesfamichael_2017.xlsx#leaf gas-exchange_Franks!CB4",
138,"N_es3","stomata-franks_tesfamichael_2017.xlsx#leaf gas-exchange_Franks!CC4",
138,"s4","stomata-franks_tesfamichael_2017.xlsx#leaf gas-exchange_Franks!CD4",
138,"es4","stomata-franks_tesfamichael_2017.xlsx#leaf gas-exchange_Franks!CE4",
138,"N_es4","stomata-franks_tesfamichael_2017.xlsx#leaf gas-exchange_Franks!CF4",
138,"s5","stomata-franks_tesfamichael_2017.xlsx#leaf gas-exchange_Franks!CG4",
138,"es5","stomata-franks_tesfamichael_2017.xlsx#leaf gas-exchange_Franks!CH4",
138,"N_es5","stomata-franks_tesfamichael_2017.xlsx#leaf gas-exchange_Franks!CI4",
139,"sample","stomata-sd_hu_2015.xlsx#stomatal density!O4",
139,"doi","stomata-sd_hu_2015.xlsx#stomatal density!D4",
139,"lat","stomata-sd_hu_2015.xlsx#stomatal density!AA4",
139,"lon","stomata-sd_hu_2015.xlsx#stomatal density!AB4",
139,"age_mean","stomata-sd_hu_2015.xlsx#stomatal density!V4",
139,"age_min","stomata-sd_hu_2015.xlsx#stomatal density!X4",
139,"age_max","stomata-sd_hu_2015.xlsx#stomatal density!W4",
139,"age_notes","stomata-sd_hu_2015.xlsx#stomatal density!Z4",
139,"family","stomata-sd_hu_2015.xlsx#stomatal density!P4",
139,"genus","stomata-sd_hu_2015.xlsx#stomatal density!Q4",
139,"Dab","stomata-sd_hu_2015.xlsx#stomatal density!AK4","mm^-2 to m^-2: multiply by 1e6"
139,"eDab","stomata-sd_hu_2015.xlsx#stomatal density!AM4","mm^-2 to m^-2: multiply by 1e6"
139,"N_eDab","stomata-sd_hu_2015.xlsx#stomatal density!AK4; stomata-sd_hu_2015.xlsx#stomatal density!AF4",
139,"gen_notes","stomata-sd_hu_2015.xlsx#stomatal density!AX4",
140,"sample","stomata-sd_hu_2015.xlsx#stomatal density!O5",
140,"doi","stomata-sd_hu_2015.xlsx#stomatal density!D5",
140,"lat","stomata-sd_hu_2015.xlsx#stomatal density!AA5",
140,"lon","stomata-sd_hu_2015.xlsx#stomatal density!AB5",
140,"age_mean","stomata-sd_hu_2015.xlsx#stomatal density!V5",
140,"age_notes","stomata-sd_hu_2015.xlsx#stomatal density!Z5",
140,"family","stomata-sd_hu_2015.xlsx#stomatal density!P5",
140,"genus","stomata-sd_hu_2015.xlsx#stomatal density!Q5",
140,"Dab","stomata-sd_hu_2015.xlsx#stomatal density!AK5","mm^-2 to m^-2: multiply by 1e6"
140,"eDab","stomata-sd_hu_2015.xlsx#stomatal density!AM5","mm^-2 to m^-2: multiply by 1e6"
140,"N_eDab","stomata-sd_hu_2015.xlsx#stomatal density!AK5; stomata-sd_hu_2015.xlsx#stomatal density!AF5",
140,"gen_notes","stomata-sd_hu_2015.xlsx#stomatal density!AX5",
141,"sample","stomata-sd_huang_2016.xlsx#stomatal density!O4",
141,"doi","stomata-sd_huang_2016.xlsx#stomatal density!D4",
141,"lat","stomata-sd_huang_2016.xlsx#stomatal density!AA4",
141,"lon","stomata-sd_huang_2016.xlsx#stomatal density!AB4",
141,"age_mean","stomata-sd_huang_2016.xlsx#stomatal density!V4",
141,"age_min","stomata-sd_huang_2016.xlsx#stomatal density!X4",
141,"age_max","stomata-sd_huang_2016.xlsx#stomatal density!W4",
141,"age_notes","stomata-sd_huang_2016.xlsx#stomatal density!Z4",
141,"family","stomata-sd_huang_2016.xlsx#stomatal density!P4",
141,"genus","stomata-sd_huang_2016.xlsx#stomatal density!Q4",
141,"Dab","stomata-sd_huang_2016.xlsx#stomatal density!AK4","mm^-2 to m^-2: multiply by 1e6"
141,"eDab","stomata-sd_huang_2016.xlsx#stomatal density!AM4","mm^-2 to m^-2: multiply by 1e6"
141,"N_eDab","stomata-sd_huang_2016.xlsx#stomatal density!AK4; stomata-sd_huang_2016.xlsx#stomatal density!AF4",
141,"gen_notes","stomata-sd_huang_2016.xlsx#stomatal density!AX4",
142,"doi","stomata-sd_stults_2011.xlsx#stomatal density!D2",
142,"age_mean","stomata-sd_stults_2011_p1.0.xlsx#SD_SI!AH2",
142,"age_min","stomata-sd_stults_2011_p1.0.xlsx#SD_SI!AJ2",
142,"age_max","stomata-sd_stults_2011_p1.0.xlsx#SD_SI!AI2",
142,"age_notes","stomata-sd_stults_2011_p1.0.xlsx#SD_SI!AL2",
142,"family","stomata-sd_stults_2011.xlsx#stomatal density!P2",
142,"genus","stomata-sd_stults_2011.xlsx#stomatal density!Q2",
142,"Dab","stomata-sd_stults_2011.xlsx#stomatal density!AK2","mm^-2 to m^-2: multiply by 1e6"
142,"eDab","stomata-sd_stults_2011.xlsx#stomatal density!AM2","mm^-2 to m^-2: multiply by 1e6"
142,"N_eDab","stomata-sd_stults_2011.xlsx#stomatal density!AK2",
143,"doi","stomata-sd_stults_2011.xlsx#stomatal density!D3",
143,"lat","stomata-sd_stults_2011.xlsx#stomatal density!AA3",
143,"lon","stomata-sd_stults_2011.xlsx#stomatal density!AB3",
143,"age_mean","stomata-sd_stults_2011_p1.0.xlsx#SD_SI!AH3",
143,"age_min","stomata-sd_stults_2011_p1.0.xlsx#SD_SI!AJ3",
143,"age_max","stomata-sd_stults_2011_p1.0.xlsx#SD_SI!AI3",
143,"age_notes","stomata-sd_stults_2011_p1.0.xlsx#SD_SI!AL3",
143,"family","stomata-sd_stults_2011.xlsx#stomatal density!P3",
143,"genus","stomata-sd_stults_2011.xlsx#stomatal density!Q3",
143,"Dab","stomata-sd_stults_2011.xlsx#stomatal density!AK3","mm^-2 to m^-2: multiply by 1e6"
143,"eDab","stomata-sd_stults_2011.xlsx#stomatal density!AM3","mm^-2 to m^-2: multiply by 1e6"
143,"N_eDab","stomata-sd_stults_2011.xlsx#stomatal density!AK3",
144,"sample","stomata-si_beerling_2009.xlsx#stomatal index!O31",
144,"doi","stomata-si_beerling_2009.xlsx#stomatal index!D31",
144,"lat","stomata-si_beerling_2009.xlsx#stomatal index!AA31",
144,"lon","stomata-si_beerling_2009.xlsx#stomatal index!AB31",
144,"age_mean","stomata-si_beerling_2009.xlsx#stomatal index!V31",
144,"age_min","stomata-si_beerling_2009.xlsx#stomatal index!X31",
144,"age_max","stomata-si_beerling_2009.xlsx#stomatal index!W31",
144,"age_notes","stomata-si_beerling_2009.xlsx#stomatal index!Z31",
144,"family","stomata-si_beerling_2009.xlsx#stomatal index!P31",
144,"genus","stomata-si_beerling_2009.xlsx#stomatal index!Q31",
144,"gen_notes","stomata-si_beerling_2009.xlsx#stomatal index!AX31",
145,"sample","stomata-si_beerling_2009.xlsx#stomatal index!O32",
145,"doi","stomata-si_beerling_2009.xlsx#stomatal index!D32",
145,"lat","stomata-si_beerling_2009.xlsx#stomatal index!AA32",
145,"lon","stomata-si_beerling_2009.xlsx#stomatal index!AB32",
145,"age_mean","stomata-si_beerling_2009_p1.0.xlsx#stomatal index!AH29",
145,"age_min","stomata-si_beerling_2009_p1.0.xlsx#stomatal index!AJ29",
145,"age_max","stomata-si_beerling_2009_p1.0.xlsx#stomatal index!AI29",
145,"age_notes","stomata-si_beerling_2009_p1.0.xlsx#stomatal index!AL29",
145,"family","stomata-si_beerling_2009.xlsx#stomatal index!P32",
145,"genus","stomata-si_beerling_2009.xlsx#stomatal index!Q32",
145,"gen_notes","stomata-si_beerling_2009.xlsx#stomatal index!AX32; stomata-si_beerling_2009_p1.0.xlsx#stomatal index!BJ29",
146,"sample","stomata-si_beerling_2009.xlsx#stomatal index!O33",
146,"doi","stomata-si_beerling_2009.xlsx#stomatal index!D33",
146,"lat","stomata-si_beerling_2009.xlsx#stomatal index!AA33",
146,"lon","stomata-si_beerling_2009.xlsx#stomatal index!AB33",
146,"age_mean","stomata-si_beerling_2009_p1.0.xlsx#stomatal index!AH30",
146,"age_min","stomata-si_beerling_2009_p1.0.xlsx#stomatal index!AJ30",
146,"age_max","stomata-si_beerling_2009_p1.0.xlsx#stomatal index!AI30",
146,"age_notes","stomata-si_beerling_2009_p1.0.xlsx#stomatal index!AL30",
146,"family","stomata-si_beerling_2009.xlsx#stomatal index!P33",
146,"genus","stomata-si_beerling_2009.xlsx#stomatal index!Q33",
146,"gen_notes","stomata-si_beerling_2009.xlsx#stomatal index!AX33; stomata-si_beerling_2009_p1.0.xlsx#stomatal index!BJ30",
147,"sample","stomata-si_beerling_2009.xlsx#stomatal index!O34",
147,"doi","stomata-si_beerling_2009.xlsx#stomatal index!D34",
147,"lat","stomata-si_beerling_2009.xlsx#stomatal index!AA34",
147,"lon","stomata-si_beerling_2009.xlsx#stomatal index!AB34",
147,"age_mean","stomata-si_beerling_2009_p1.0.xlsx#stomatal index!AH31",
147,"age_min","stomata-si_beerling_2009_p1.0.xlsx#stomatal index!AJ31",
147,"age_max","stomata-si_beerling_2009_p1.0.xlsx#stomatal index!AI31",
147,"age_notes","stomata-si_beerling_2009_p1.0.xlsx#stomatal index!AL31",
147,"family","stomata-si_beerling_2009.xlsx#stomatal index!P34",
147,"genus","stomata-si_beerling_2009.xlsx#stomatal index!Q34",
147,"gen_notes","stomata-si_beerling_2009.xlsx#stomatal index!AX34; stomata-si_beerling_2009_p1.0.xlsx#stomatal index!BJ31",
148,"doi","stomata-si_kuerschner_1996.xlsx#Stomatal index!D2",
148,"age_mean","stomata-si_kuerschner_1996_p1.0.xlsx#Stomatal index!AH2",
148,"age_min","stomata-si_kuerschner_1996_p1.0.xlsx#Stomatal index!AJ2",
148,"age_max","stomata-si_kuerschner_1996_p1.0.xlsx#Stomatal index!AI2",
148,"age_notes","stomata-si_kuerschner_1996_p1.0.xlsx#Stomatal index!AL2",
148,"family","stomata-si_kuerschner_1996.xlsx#Stomatal index!P2",
148,"genus","stomata-si_kuerschner_1996.xlsx#Stomatal index!Q2",
148,"Dab","stomata-si_kuerschner_1996.xlsx#Stomatal index!AK2","mm^-2 to m^-2: multiply by 1e6"
148,"eDab","stomata-si_kuerschner_1996.xlsx#Stomatal index!AM2","mm^-2 to m^-2: multiply by 1e6"
148,"N_eDab","stomata-si_kuerschner_1996.xlsx#Stomatal index!AK2; stomata-si_kuerschner_1996.xlsx#Stomatal index!AF2",
148,"gen_notes","stomata-si_kuerschner_1996.xlsx#Stomatal index!AX2",
149,"doi","stomata-si_kuerschner_1996.xlsx#Stomatal index!D3",
149,"age_mean","stomata-si_kuerschner_1996_p1.0.xlsx#Stomatal index!AH3",
149,"age_min","stomata-si_kuerschner_1996_p1.0.xlsx#Stomatal index!AJ3",
149,"age_max","stomata-si_kuerschner_1996_p1.0.xlsx#Stomatal index!AI3",
149,"age_notes","stomata-si_kuerschner_1996_p1.0.xlsx#Stomatal index!AL3",
149,"family","stomata-si_kuerschner_1996.xlsx#Stomatal index!P3",
149,"genus","stomata-si_kuerschner_1996.xlsx#Stomatal index!Q3",
149,"Dab","stomata-si_kuerschner_1996.xlsx#Stomatal index!AK3","mm^-2 to m^-2: multiply by 1e6"
149,"eDab","stomata-si_kuerschner_1996.xlsx#Stomatal index!AM3","mm^-2 to m^-2: multiply by 1e6"
149,"N_eDab","stomata-si_kuerschner_1996.xlsx#Stomatal index!AK3; stomata-si_kuerschner_1996.xlsx#Stomatal index!AF3",
150,"doi","stomata-si_kuerschner_1996.xlsx#Stomatal index!D4",
150,"age_mean","stomata-si_kuerschner_1996_p1.0.xlsx#Stomatal index!AH4",
150,"age_min","stomata-si_kuerschner_1996_p1.0.xlsx#Stomatal index!AJ4",
150,"age_max","stomata-si_kuerschner_1996_p1.0.xlsx#Stomatal index!AI4",
150,"age_notes","stomata-si_kuerschner_1996_p1.0.xlsx#Stomatal index!AL4",
150,"family","stomata-si_kuerschner_1996.xlsx#Stomatal index!P4",
150,"genus","stomata-si_kuerschner_1996.xlsx#Stomatal index!Q4",
150,"Dab","stomata-si_kuerschner_1996.xlsx#Stomatal index!AK4","mm^-2 to m^-2: multiply by 1e6"
150,"eDab","stomata-si_kuerschner_1996.xlsx#Stomatal index!AM4","mm^-2 to m^-2: multiply by 1e6"
150,"N_eDab","stomata-si_kuerschner_1996.xlsx#Stomatal index!AK4; stomata-si_kuerschner_1996.xlsx#Stomatal index!AF4",
151,"doi","stomata-si_kuerschner_1996.xlsx#Stomatal index!D5",
151,"age_mean","stomata-si_kuerschner_1996_p1.0.xlsx#Stomatal index!AH5",
151,"age_min","stomata-si_kuerschner_1996_p1.0.xlsx#Stomatal index!AJ5",
151,"age_max","stomata-si_kuerschner_1996_p1.0.xlsx#Stomatal index!AI5",
151,"age_notes","stomata-si_kuerschner_1996_p1.0.xlsx#Stomatal index!AL5",
151,"family","stomata-si_kuerschner_1996.xlsx#Stomatal index!P5",
151,"genus","stomata-si_kuerschner_1996.xlsx#Stomatal index!Q5",
151,"Dab","stomata-si_kuerschner_1996.xlsx#Stomatal index!AK5","mm^-2 to m^-2: multiply by 1e6"
151,"eDab","stomata-si_kuerschner_1996.xlsx#Stomatal index!AM5","mm^-2 to m^-2: multiply by 1e6"
151,"N_eDab","stomata-si_kuerschner_1996.xlsx#Stomatal index!AK5; stomata-si_kuerschner_1996.xlsx#Stomatal index!AF5",
152,"doi","stomata-si_kuerschner_1996.xlsx#Stomatal index!D6",
152,"age_mean","stomata-si_kuerschner_1996_p1.0.xlsx#Stomatal index!AH6",
152,"age_min","stomata-si_kuerschner_1996_p1.0.xlsx#Stomatal index!AJ6",
152,"age_max","stomata-si_kuerschner_1996_p1.0.xlsx#Stomatal index!AI6",
152,"age_notes","stomata-si_kuerschner_1996_p1.0.xlsx#Stomatal index!AL6",
152,"family","stomata-si_kuerschner_1996.xlsx#Stomatal index!P6",
152,"genus","stomata-si_kuerschner_1996.xlsx#Stomatal index!Q6",
152,"Dab","stomata-si_kuerschner_1996.xlsx#Stomatal index!AK6","mm^-2 to m^-2: multiply by 1e6"
152,"eDab","stomata-si_kuerschner_1996.xlsx#Stomatal index!AM6","mm^-2 to m^-2: multiply by 1e6"
152,"N_eDab","stomata-si_kuerschner_1996.xlsx#Stomatal index!AK6; stomata-si_kuerschner_1996.xlsx#Stomatal index!AF6",
153,"doi","stomata-si_kuerschner_1996.xlsx#Stomatal index!D7",
153,"age_mean","stomata-si_kuerschner_1996.xlsx#Stomatal index!V7",
153,"age_min","stomata-si_kuerschner_1996_p1.0.xlsx#Stomatal index!AJ7",
153,"age_max","stomata-si_kuerschner_1996_p1.0.xlsx#Stomatal index!AI7",
153,"age_notes","stomata-si_kuerschner_1996_p1.0.xlsx#Stomatal index!AL7",
153,"family","stomata-si_kuerschner_1996.xlsx#Stomatal index!P7",
153,"genus","stomata-si_kuerschner_1996.xlsx#Stomatal index!Q7",
153,"Dab","stomata-si_kuerschner_1996.xlsx#Stomatal index!AK7","mm^-2 to m^-2: multiply by 1e6"
153,"eDab","stomata-si_kuerschner_1996.xlsx#Stomatal index!AM7","mm^-2 to m^-2: multiply by 1e6"
153,"N_eDab","stomata-si_kuerschner_1996.xlsx#Stomatal index!AK7; stomata-si_kuerschner_1996.xlsx#Stomatal index!AF7",
153,"gen_notes","stomata-si_kuerschner_1996.xlsx#Stomatal index!AX7",
154,"doi","stomata-si_kuerschner_1996.xlsx#Stomatal index!D8",
154,"age_mean","stomata-si_kuerschner_1996_p1.0.xlsx#Stomatal index!AH8",
154,"age_min","stomata-si_kuerschner_1996_p1.0.xlsx#Stomatal index!AJ8",
154,"age_max","stomata-si_kuerschner_1996_p1.0.xlsx#Stomatal index!AI8",
154,"age_notes","stomata-si_kuerschner_1996_p1.0.xlsx#Stomatal index!AL8",
154,"family","stomata-si_kuerschner_1996.xlsx#Stomatal index!P8",
154,"genus","stomata-si_kuerschner_1996.xlsx#Stomatal index!Q8",
154,"Dab","stomata-si_kuerschner_1996.xlsx#Stomatal index!AK8","mm^-2 to m^-2: multiply by 1e6"
154,"eDab","stomata-si_kuerschner_1996.xlsx#Stomatal index!AM8","mm^-2 to m^-2: multiply by 1e6"
154,"N_eDab","stomata-si_kuerschner_1996.xlsx#Stomatal index!AK8; stomata-si_kuerschner_1996.xlsx#Stomatal index!AF8",
154,"gen_notes","stomata-si_kuerschner_1996.xlsx#Stomatal index!AX8",
155,"doi","stomata-si_kuerschner_1996.xlsx#Stomatal index!D9",
155,"age_mean","stomata-si_kuerschner_1996_p1.0.xlsx#Stomatal index!AH9",
155,"age_min","stomata-si_kuerschner_1996_p1.0.xlsx#Stomatal index!AJ9",
155,"age_max","stomata-si_kuerschner_1996_p1.0.xlsx#Stomatal index!AI9",
155,"age_notes","stomata-si_kuerschner_1996_p1.0.xlsx#Stomatal index!AL9",
155,"family","stomata-si_kuerschner_1996.xlsx#Stomatal index!P9",
155,"genus","stomata-si_kuerschner_1996.xlsx#Stomatal index!Q9",
155,"Dab","stomata-si_kuerschner_1996.xlsx#Stomatal index!AK9","mm^-2 to m^-2: multiply by 1e6"
155,"eDab","stomata-si_kuerschner_1996.xlsx#Stomatal index!AM9","mm^-2 to m^-2: multiply by 1e6"
155,"N_eDab","stomata-si_kuerschner_1996.xlsx#Stomatal index!AK9; stomata-si_kuerschner_1996.xlsx#Stomatal index!AF9",
155,"gen_notes","stomata-si_kuerschner_1996.xlsx#Stomatal index!AX9",
156,"doi","stomata-si_kuerschner_1996.xlsx#Stomatal index!D10",
156,"age_mean","stomata-si_kuerschner_1996_p1.0.xlsx#Stomatal index!AH10",
156,"age_min","stomata-si_kuerschner_1996_p1.0.xlsx#Stomatal index!AJ10",
156,"age_max","stomata-si_kuerschner_1996_p1.0.xlsx#Stomatal index!AI10",
156,"age_notes","stomata-si_kuerschner_1996_p1.0.xlsx#Stomatal index!AL10",
156,"family","stomata-si_kuerschner_1996.xlsx#Stomatal index!P10",
156,"genus","stomata-si_kuerschner_1996.xlsx#Stomatal index!Q10",
156,"Dab","stomata-si_kuerschner_1996.xlsx#Stomatal index!AK10","mm^-2 to m^-2: multiply by 1e6"
156,"eDab","stomata-si_kuerschner_1996.xlsx#Stomatal index!AM10","mm^-2 to m^-2: multiply by 1e6"
156,"N_eDab","stomata-si_kuerschner_1996.xlsx#Stomatal index!AK10; stomata-si_kuerschner_1996.xlsx#Stomatal index!AF10",
156,"gen_notes","stomata-si_kuerschner_1996.xlsx#Stomatal index!AX10",
157,"sample","stomata-si_kuerschner_2008.xlsx#Stomatal index!O2",
157,"doi","stomata-si_kuerschner_2008.xlsx#Stomatal index!D2",
157,"age_mean","stomata-si_kuerschner_2008_p1.0.xlsx#Stomatal index!AH2",
157,"age_min","stomata-si_kuerschner_2008_p1.0.xlsx#Stomatal index!AJ2",
157,"age_max","stomata-si_kuerschner_2008_p1.0.xlsx#Stomatal index!AI2",
157,"age_notes","stomata-si_kuerschner_2008.xlsx#Stomatal index!Z2",
157,"family","stomata-si_kuerschner_2008.xlsx#Stomatal index!P2",
157,"genus","stomata-si_kuerschner_2008.xlsx#Stomatal index!Q2",
157,"gen_notes","stomata-si_kuerschner_2008.xlsx#Stomatal index!AX2",
158,"sample","stomata-si_kuerschner_2008.xlsx#Stomatal index!O3",
158,"doi","stomata-si_kuerschner_2008.xlsx#Stomatal index!D3",
158,"age_mean","stomata-si_kuerschner_2008_p1.0.xlsx#Stomatal index!AH3",
158,"age_min","stomata-si_kuerschner_2008_p1.0.xlsx#Stomatal index!AJ3",
158,"age_max","stomata-si_kuerschner_2008_p1.0.xlsx#Stomatal index!AI3",
158,"age_notes","stomata-si_kuerschner_2008.xlsx#Stomatal index!Z3",
158,"family","stomata-si_kuerschner_2008.xlsx#Stomatal index!P3",
158,"genus","stomata-si_kuerschner_2008.xlsx#Stomatal index!Q3",
158,"gen_notes","stomata-si_kuerschner_2008.xlsx#Stomatal index!AX3; stomata-si_beerling_2009.xlsx#stomatal index!AX35",
159,"sample","stomata-si_kuerschner_2008.xlsx#Stomatal index!O4",
159,"doi","stomata-si_kuerschner_2008.xlsx#Stomatal index!D4",
159,"age_mean","stomata-si_kuerschner_2008_p1.0.xlsx#Stomatal index!AH4",
159,"age_min","stomata-si_kuerschner_2008_p1.0.xlsx#Stomatal index!AJ4",
159,"age_max","stomata-si_kuerschner_2008_p1.0.xlsx#Stomatal index!AI4",
159,"age_notes","stomata-si_kuerschner_2008.xlsx#Stomatal index!Z4",
159,"family","stomata-si_kuerschner_2008.xlsx#Stomatal index!P4",
159,"genus","stomata-si_kuerschner_2008.xlsx#Stomatal index!Q4",
159,"gen_notes","stomata-si_kuerschner_2008.xlsx#Stomatal index!AX4",
160,"sample","stomata-si_kuerschner_2008.xlsx#Stomatal index!O5",
160,"doi","stomata-si_kuerschner_2008.xlsx#Stomatal index!D5",
160,"age_mean","stomata-si_kuerschner_2008_p1.0.xlsx#Stomatal index!AH5",
160,"age_min","stomata-si_kuerschner_2008_p1.0.xlsx#Stomatal index!AJ5",
160,"age_max","stomata-si_kuerschner_2008_p1.0.xlsx#Stomatal index!AI5",
160,"age_notes","stomata-si_kuerschner_2008.xlsx#Stomatal index!Z5",
160,"family","stomata-si_kuerschner_2008.xlsx#Stomatal index!P5",
160,"genus","stomata-si_kuerschner_2008.xlsx#Stomatal index!Q5",
160,"gen_notes","stomata-si_kuerschner_2008.xlsx#Stomatal index!AX5; stomata-si_beerling_2009.xlsx#stomatal index!AX36",
161,"sample","stomata-si_kuerschner_2008.xlsx#Stomatal index!O6",
161,"doi","stomata-si_kuerschner_2008.xlsx#Stomatal index!D6",
161,"age_mean","stomata-si_kuerschner_2008_p1.0.xlsx#Stomatal index!AH6",
161,"age_min","stomata-si_kuerschner_2008_p1.0.xlsx#Stomatal index!AJ6",
161,"age_max","stomata-si_kuerschner_2008_p1.0.xlsx#Stomatal index!AI6",
161,"age_notes","stomata-si_kuerschner_2008.xlsx#Stomatal index!Z6",
161,"family","stomata-si_kuerschner_2008.xlsx#Stomatal index!P6",
161,"genus","stomata-si_kuerschner_2008.xlsx#Stomatal index!Q6",
161,"gen_notes","stomata-si_kuerschner_2008.xlsx#Stomatal index!AX6",
162,"sample","stomata-si_kuerschner_2008.xlsx#Stomatal index!O7",
162,"doi","stomata-si_kuerschner_2008.xlsx#Stomatal index!D7",
162,"age_mean","stomata-si_kuerschner_2008_p1.0.xlsx#Stomatal index!AH7",
162,"age_min","stomata-si_kuerschner_2008_p1.0.xlsx#Stomatal index!AJ7",
162,"age_max","stomata-si_kuerschner_2008_p1.0.xlsx#Stomatal index!AI7",
162,"age_notes","stomata-si_kuerschner_2008.xlsx#Stomatal index!Z7",
162,"family","stomata-si_kuerschner_2008.xlsx#Stomatal index!P7",
162,"genus","stomata-si_kuerschner_2008.xlsx#Stomatal index!Q7",
162,"gen_notes","stomata-si_kuerschner_2008.xlsx#Stomatal index!AX7",
163,"sample","stomata-si_kuerschner_2008.xlsx#Stomatal index!O8",
163,"doi","stomata-si_kuerschner_2008.xlsx#Stomatal index!D8",
163,"age_mean","stomata-si_kuerschner_2008_p1.0.xlsx#Stomatal index!AH8",
163,"age_min","stomata-si_kuerschner_2008_p1.0.xlsx#Stomatal index!AJ8",
163,"age_max","stomata-si_kuerschner_2008_p1.0.xlsx#Stomatal index!AI8",
163,"age_notes","stomata-si_kuerschner_2008.xlsx#Stomatal index!Z8",
163,"family","stomata-si_kuerschner_2008.xlsx#Stomatal index!P8",
163,"genus","stomata-si_kuerschner_2008.xlsx#Stomatal index!Q8",
163,"gen_notes","stomata-si_kuerschner_2008.xlsx#Stomatal index!AX8",
164,"sample","stomata-si_kuerschner_2008.xlsx#Stomatal index!O9",
164,"doi","stomata-si_kuerschner_2008.xlsx#Stomatal index!D9",
164,"age_mean","stomata-si_kuerschner_2008_p1.0.xlsx#Stomatal index!AH9",
164,"age_min","stomata-si_kuerschner_2008_p1.0.xlsx#Stomatal index!AJ9",
164,"age_max","stomata-si_kuerschner_2008_p1.0.xlsx#Stomatal index!AI9",
164,"age_notes","stomata-si_kuerschner_2008.xlsx#Stomatal index!Z9",
164,"family","stomata-si_kuerschner_2008.xlsx#Stomatal index!P9",
164,"genus","stomata-si_kuerschner_2008.xlsx#Stomatal index!Q9",
164,"gen_notes","stomata-si_kuerschner_2008.xlsx#Stomatal index!AX9; stomata-si_beerling_2009.xlsx#stomatal index!AX37",
165,"sample","stomata-si_kuerschner_2008.xlsx#Stomatal index!O10",
165,"doi","stomata-si_kuerschner_2008.xlsx#Stomatal index!D10",
165,"age_mean","stomata-si_kuerschner_2008_p1.0.xlsx#Stomatal index!AH10",
165,"age_min","stomata-si_kuerschner_2008_p1.0.xlsx#Stomatal index!AJ10",
165,"age_max","stomata-si_kuerschner_2008_p1.0.xlsx#Stomatal index!AI10",
165,"age_notes","stomata-si_kuerschner_2008.xlsx#Stomatal index!Z10",
165,"family","stomata-si_kuerschner_2008.xlsx#Stomatal index!P10",
165,"genus","stomata-si_kuerschner_2008.xlsx#Stomatal index!Q10",
165,"gen_notes","stomata-si_kuerschner_2008.xlsx#Stomatal index!AX10",
166,"sample","stomata-si_kuerschner_2008.xlsx#Stomatal index!O11",
166,"doi","stomata-si_kuerschner_2008.xlsx#Stomatal index!D11",
166,"age_mean","stomata-si_kuerschner_2008_p1.0.xlsx#Stomatal index!AH11",
166,"age_min","stomata-si_kuerschner_2008_p1.0.xlsx#Stomatal index!AJ11",
166,"age_max","stomata-si_kuerschner_2008_p1.0.xlsx#Stomatal index!AI11",
166,"age_notes","stomata-si_kuerschner_2008.xlsx#Stomatal index!Z11",
166,"family","stomata-si_kuerschner_2008.xlsx#Stomatal index!P11",
166,"genus","stomata-si_kuerschner_2008.xlsx#Stomatal index!Q11",
166,"gen_notes","stomata-si_kuerschner_2008.xlsx#Stomatal index!AX11",
167,"sample","stomata-si_kuerschner_2008.xlsx#Stomatal index!O12",
167,"doi","stomata-si_kuerschner_2008.xlsx#Stomatal index!D12",
167,"age_mean","stomata-si_kuerschner_2008_p1.0.xlsx#Stomatal index!AH12",
167,"age_min","stomata-si_kuerschner_2008_p1.0.xlsx#Stomatal index!AJ12",
167,"age_max","stomata-si_kuerschner_2008_p1.0.xlsx#Stomatal index!AI12",
167,"age_notes","stomata-si_kuerschner_2008.xlsx#Stomatal index!Z12",
167,"family","stomata-si_kuerschner_2008.xlsx#Stomatal index!P12",
167,"genus","stomata-si_kuerschner_2008.xlsx#Stomatal index!Q12",
167,"gen_notes","stomata-si_kuerschner_2008.xlsx#Stomatal index!AX12",
168,"sample","stomata-si_kuerschner_2008.xlsx#Stomatal index!O13",
168,"doi","stomata-si_kuerschner_2008.xlsx#Stomatal index!D13",
168,"age_mean","stomata-si_kuerschner_2008_p1.0.xlsx#Stomatal index!AH13",
168,"age_min","stomata-si_kuerschner_2008_p1.0.xlsx#Stomatal index!AJ13",
168,"age_max","stomata-si_kuerschner_2008_p1.0.xlsx#Stomatal index!AI13",
168,"age_notes","stomata-si_kuerschner_2008.xlsx#Stomatal index!Z13",
168,"family","stomata-si_kuerschner_2008.xlsx#Stomatal index!P13",
168,"genus","stomata-si_kuerschner_2008.xlsx#Stomatal index!Q13",
168,"gen_notes","stomata-si_kuerschner_2008.xlsx#Stomatal index!AX13; stomata-si_kuerschner_2008_p1.0.xlsx#Stomatal index!BJ13",
169,"sample","stomata-si_kuerschner_2008.xlsx#Stomatal index!O14",
169,"doi","stomata-si_kuerschner_2008.xlsx#Stomatal index!D14",
169,"age_mean","stomata-si_kuerschner_2008_p1.0.xlsx#Stomatal index!AH14",
169,"age_min","stomata-si_kuerschner_2008_p1.0.xlsx#Stomatal index!AJ14",
169,"age_max","stomata-si_kuerschner_2008_p1.0.xlsx#Stomatal index!AI14",
169,"age_notes","stomata-si_kuerschner_2008.xlsx#Stomatal index!Z14",
169,"family","stomata-si_kuerschner_2008.xlsx#Stomatal index!P14",
169,"genus","stomata-si_kuerschner_2008.xlsx#Stomatal index!Q14",
169,"gen_notes","stomata-si_kuerschner_2008.xlsx#Stomatal index!AX14",
170,"sample","stomata-si_kuerschner_2008.xlsx#Stomatal index!O15",
170,"doi","stomata-si_kuerschner_2008.xlsx#Stomatal index!D15",
170,"age_mean","stomata-si_kuerschner_2008_p1.0.xlsx#Stomatal index!AH15",
170,"age_min","stomata-si_kuerschner_2008_p1.0.xlsx#Stomatal index!AJ15",
170,"age_max","stomata-si_kuerschner_2008_p1.0.xlsx#Stomatal index!AI15",
170,"age_notes","stomata-si_kuerschner_2008.xlsx#Stomatal index!Z15",
170,"family","stomata-si_kuerschner_2008.xlsx#Stomatal index!P15",
170,"genus","stomata-si_kuerschner_2008.xlsx#Stomatal index!Q15",
170,"gen_notes","stomata-si_kuerschner_2008.xlsx#Stomatal index!AX15",
171,"sample","stomata-si_kuerschner_2008.xlsx#Stomatal index!O16",
171,"doi","stomata-si_kuerschner_2008.xlsx#Stomatal index!D16",
171,"age_mean","stomata-si_kuerschner_2008_p1.0.xlsx#Stomatal index!AH16",
171,"age_min","stomata-si_kuerschner_2008_p1.0.xlsx#Stomatal index!AJ16",
171,"age_max","stomata-si_kuerschner_2008_p1.0.xlsx#Stomatal index!AI16",
171,"age_notes","stomata-si_kuerschner_2008.xlsx#Stomatal index!Z16",
171,"family","stomata-si_kuerschner_2008.xlsx#Stomatal index!P16",
171,"genus","stomata-si_kuerschner_2008.xlsx#Stomatal index!Q16",
171,"gen_notes","stomata-si_kuerschner_2008.xlsx#Stomatal index!AX16",
172,"sample","stomata-si_kuerschner_2008.xlsx#Stomatal index!O17",
172,"doi","stomata-si_kuerschner_2008.xlsx#Stomatal index!D17",
172,"age_mean","stomata-si_kuerschner_2008_p1.0.xlsx#Stomatal index!AH17",
172,"age_min","stomata-si_kuerschner_2008_p1.0.xlsx#Stomatal index!AJ17",
172,"age_max","stomata-si_kuerschner_2008_p1.0.xlsx#Stomatal index!AI17",
172,"age_notes","stomata-si_kuerschner_2008.xlsx#Stomatal index!Z17",
172,"family","stomata-si_kuerschner_2008.xlsx#Stomatal index!P17",
172,"genus","stomata-si_kuerschner_2008.xlsx#Stomatal index!Q17",
172,"gen_notes","stomata-si_kuerschner_2008.xlsx#Stomatal index!AX17",
173,"sample","stomata-si_kuerschner_2008.xlsx#Stomatal index!O18",
173,"doi","stomata-si_kuerschner_2008.xlsx#Stomatal index!D18",
173,"age_mean","stomata-si_kuerschner_2008_p1.0.xlsx#Stomatal index!AH18",
173,"age_min","stomata-si_kuerschner_2008_p1.0.xlsx#Stomatal index!AJ18",
173,"age_max","stomata-si_kuerschner_2008_p1.0.xlsx#Stomatal index!AI18",
173,"age_notes","stomata-si_kuerschner_2008.xlsx#Stomatal index!Z18",
173,"family","stomata-si_kuerschner_2008.xlsx#Stomatal index!P18",
173,"genus","stomata-si_kuerschner_2008.xlsx#Stomatal index!Q18",
173,"gen_notes","stomata-si_kuerschner_2008.xlsx#Stomatal index!AX18",
174,"sample","stomata-si_kuerschner_2008.xlsx#Stomatal index!O19",
174,"doi","stomata-si_kuerschner_2008.xlsx#Stomatal index!D19",
174,"age_mean","stomata-si_kuerschner_2008_p1.0.xlsx#Stomatal index!AH19",
174,"age_min","stomata-si_kuerschner_2008_p1.0.xlsx#Stomatal index!AJ19",
174,"age_max","stomata-si_kuerschner_2008_p1.0.xlsx#Stomatal index!AI19",
174,"age_notes","stomata-si_kuerschner_2008.xlsx#Stomatal index!Z19",
174,"family","stomata-si_kuerschner_2008.xlsx#Stomatal index!P19",
174,"genus","stomata-si_kuerschner_2008.xlsx#Stomatal index!Q19",
174,"gen_notes","stomata-si_kuerschner_2008.xlsx#Stomatal index!AX19",
175,"sample","stomata-si_steinthorsdottir_2019a.xlsx#Stomatal index!O2",
175,"doi","stomata-si_steinthorsdottir_2019a.xlsx#Stomatal index!D2",
175,"age_mean","stomata-si_steinthorsdottir_2019a.xlsx#Stomatal index!V2",
175,"age_min","stomata-si_steinthorsdottir_2019a.xlsx#Stomatal index!X2",
175,"age_max","stomata-si_steinthorsdottir_2019a.xlsx#Stomatal index!W2",
175,"age_notes","stomata-si_steinthorsdottir_2019a.xlsx#Stomatal index!Z2",
175,"family","stomata-si_steinthorsdottir_2019a.xlsx#Stomatal index!P2",
175,"gen_notes","stomata-si_steinthorsdottir_2019a.xlsx#Stomatal index!AX2; stomata-si_steinthorsdottir_2019a.xlsx#Stomatal index!AX5; stomata-si_steinthorsdottir_2019a.xlsx#Stomatal index!AX8",
176,"sample","stomata-si_steinthorsdottir_2019a.xlsx#Stomatal index!O3",
176,"doi","stomata-si_steinthorsdottir_2019a.xlsx#Stomatal index!D3",
176,"lat","stomata-si_steinthorsdottir_2019a.xlsx#Stomatal index!AA3",
176,"lon","stomata-si_steinthorsdottir_2019a.xlsx#Stomatal index!AB3",
176,"age_mean","stomata-si_steinthorsdottir_2019a.xlsx#Stomatal index!V3",
176,"age_min","stomata-si_steinthorsdottir_2019a.xlsx#Stomatal index!X3",
176,"age_max","stomata-si_steinthorsdottir_2019a.xlsx#Stomatal index!W3",
176,"age_notes","stomata-si_steinthorsdottir_2019a.xlsx#Stomatal index!Z3",
176,"family","stomata-si_steinthorsdottir_2019a.xlsx#Stomatal index!P3",
176,"gen_notes","stomata-si_steinthorsdottir_2019a.xlsx#Stomatal index!AX3; stomata-si_steinthorsdottir_2019a.xlsx#Stomatal index!AX6; stomata-si_steinthorsdottir_2019a.xlsx#Stomatal index!AX9",
177,"sample","stomata-sr_steinthorsdottir_2019a.xlsx#stomatal ratio!O4",
177,"doi","stomata-sr_steinthorsdottir_2019a.xlsx#stomatal ratio!D4",
177,"age_mean","stomata-sr_steinthorsdottir_2019a.xlsx#stomatal ratio!V4",
177,"age_min","stomata-sr_steinthorsdottir_2019a.xlsx#stomatal ratio!X4",
177,"age_max","stomata-sr_steinthorsdottir_2019a.xlsx#stomatal ratio!W4",
177,"age_notes","stomata-sr_steinthorsdottir_2019a.xlsx#stomatal ratio!Z4",
177,"family","stomata-sr_steinthorsdottir_2019a.xlsx#stomatal ratio!P4",
177,"gen_notes","stomata-sr_steinthorsdottir_2019a.xlsx#stomatal ratio!AX4",
178,"sample","stomata-sr_steinthorsdottir_2019a.xlsx#stomatal ratio!O5",
178,"doi","stomata-sr_steinthorsdottir_2019a.xlsx#stomatal ratio!D5",
178,"lat","stomata-sr_steinthorsdottir_2019a.xlsx#stomatal ratio!AB5",
178,"lon","stomata-sr_steinthorsdottir_2019a.xlsx#stomatal ratio!AC5",
178,"age_mean","stomata-sr_steinthorsdottir_2019a.xlsx#stomatal ratio!V5",
178,"age_min","stomata-sr_steinthorsdottir_2019a.xlsx#stomatal ratio!X5",
178,"age_max","stomata-sr_steinthorsdottir_2019a.xlsx#stomatal ratio!W5",
178,"age_notes","stomata-sr_steinthorsdottir_2019a.xlsx#stomatal ratio!Z5",
178,"family","stomata-sr_steinthorsdottir_2019a.xlsx#stomatal ratio!P5",
178,"gen_notes","stomata-sr_steinthorsdottir_2019a.xlsx#stomatal ratio!AX5",
179,"sample","stomata-si_wang_2015.xlsx#Stomatal index!O2",
179,"doi","stomata-si_wang_2015.xlsx#Stomatal index!D2",
179,"lat","stomata-si_wang_2015.xlsx#Stomatal index!AA2",
179,"lon","stomata-si_wang_2015.xlsx#Stomatal index!AB2",
179,"age_mean","stomata-si_wang_2015_p1.0.xlsx#Stomatal index!AH2",
179,"age_min","stomata-si_wang_2015_p1.0.xlsx#Stomatal index!AJ2",
179,"age_max","stomata-si_wang_2015_p1.0.xlsx#Stomatal index!AI2",
179,"age_notes","stomata-si_wang_2015.xlsx#Stomatal index!Z2",
179,"family","stomata-si_wang_2015.xlsx#Stomatal index!P2",
179,"genus","stomata-si_wang_2015.xlsx#Stomatal index!Q2",
180,"sample","stomata-si_wang_2015.xlsx#Stomatal index!O3",
180,"doi","stomata-si_wang_2015.xlsx#Stomatal index!D3",
180,"lat","stomata-si_wang_2015.xlsx#Stomatal index!AA3",
180,"lon","stomata-si_wang_2015.xlsx#Stomatal index!AB3",
180,"age_mean","stomata-si_wang_2015.xlsx#Stomatal index!V3",
180,"age_min","stomata-si_wang_2015.xlsx#Stomatal index!X3",
180,"age_max","stomata-si_wang_2015.xlsx#Stomatal index!W3",
180,"age_notes","stomata-si_wang_2015.xlsx#Stomatal index!Z3",
180,"family","stomata-si_wang_2015.xlsx#Stomatal index!P3",
180,"genus","stomata-si_wang_2015.xlsx#Stomatal index!Q3",
181,"sample","stomata-si_wang_2015.xlsx#Stomatal index!O4",
181,"doi","stomata-si_wang_2015.xlsx#Stomatal index!D4",
181,"lat","stomata-si_wang_2015.xlsx#Stomatal index!AA4",
181,"lon","stomata-si_wang_2015.xlsx#Stomatal index!AB4",
181,"age_mean","stomata-si_wang_2015.xlsx#Stomatal index!V4",
181,"age_min","stomata-si_wang_2015.xlsx#Stomatal index!X4",
181,"age_max","stomata-si_wang_2015.xlsx#Stomatal index!W4",
181,"age_notes","stomata-si_wang_2015.xlsx#Stomatal index!Z4",
181,"family","stomata-si_wang_2015.xlsx#Stomatal index!P4",
181,"genus","stomata-si_wang_2015.xlsx#Stomatal index!Q4",
182,"sample","stomata-si_wang_2015.xlsx#Stomatal index!O5",
182,"doi","stomata-si_wang_2015.xlsx#Stomatal index!D5",
182,"lat","stomata-si_wang_2015.xlsx#Stomatal index!AA5",
182,"lon","stomata-si_wang_2015.xlsx#Stomatal index!AB5",
182,"age_mean","stomata-si_wang_2015.xlsx#Stomatal index!V5",
182,"age_min","stomata-si_wang_2015.xlsx#Stomatal index!X5",
182,"age_max","stomata-si_wang_2015.xlsx#Stomatal index!W5",
182,"age_notes","stomata-si_wang_2015.xlsx#Stomatal index!Z5",
182,"family","stomata-si_wang_2015.xlsx#Stomatal index!P5",
182,"genus","stomata-si_wang_2015.xlsx#Stomatal index!Q5",
183,"sample","stomata-si_wang_2015.xlsx#Stomatal index!O6",
183,"doi","stomata-si_wang_2015.xlsx#Stomatal index!D6",
183,"lat","stomata-si_wang_2015.xlsx#Stomatal index!AA6",
183,"lon","stomata-si_wang_2015.xlsx#Stomatal index!AB6",
183,"age_mean","stomata-si_wang_2015.xlsx#Stomatal index!V6",
183,"age_min","stomata-si_wang_2015.xlsx#Stomatal index!X6",
183,"age_max","stomata-si_wang_2015.xlsx#Stomatal index!W6",
183,"age_notes","stomata-si_wang_2015.xlsx#Stomatal index!Z6",
183,"family","stomata-si_wang_2015.xlsx#Stomatal index!P6",
183,"genus","stomata-si_wang_2015.xlsx#Stomatal index!Q6",
184,"sample","stomata-si_wang_2015.xlsx#Stomatal index!O7",
184,"doi","stomata-si_wang_2015.xlsx#Stomatal index!D7",
184,"lat","stomata-si_wang_2015.xlsx#Stomatal index!AA7",
184,"lon","stomata-si_wang_2015.xlsx#Stomatal index!AB7",
184,"age_mean","stomata-si_wang_2015.xlsx#Stomatal index!V7",
184,"age_min","stomata-si_wang_2015.xlsx#Stomatal index!X7",
184,"age_max","stomata-si_wang_2015.xlsx#Stomatal index!W7",
184,"age_notes","stomata-si_wang_2015.xlsx#Stomatal index!Z7",
184,"family","stomata-si_wang_2015.xlsx#Stomatal index!P7",
184,"genus","stomata-si_wang_2015.xlsx#Stomatal index!Q7",
185,"sample","stomata-si_wang_2015.xlsx#Stomatal index!O8",
185,"doi","stomata-si_wang_2015.xlsx#Stomatal index!D8",
185,"lat","stomata-si_wang_2015.xlsx#Stomatal index!AA8",
185,"lon","stomata-si_wang_2015.xlsx#Stomatal index!AB8",
185,"age_mean","stomata-si_wang_2015.xlsx#Stomatal index!V8",
185,"age_min","stomata-si_wang_2015.xlsx#Stomatal index!X8",
185,"age_max","stomata-si_wang_2015.xlsx#Stomatal index!W8",
185,"age_notes","stomata-si_wang_2015.xlsx#Stomatal index!Z8",
185,"family","stomata-si_wang_2015.xlsx#Stomatal index!P8",
185,"genus","stomata-si_wang_2015.xlsx#Stomatal index!Q8",
186,"sample","stomata-sr_mcelwain_2002.xlsx#stomatal ratio!O4",
186,"doi","stomata-sr_mcelwain_2002.xlsx#stomatal ratio!D4",
186,"lat","stomata-sr_mcelwain_2002.xlsx#stomatal ratio!AB4",
186,"lon","stomata-sr_mcelwain_2002.xlsx#stomatal ratio!AC4",
186,"age_mean","stomata-sr_mcelwain_2002.xlsx#stomatal ratio!V4",
186,"age_notes","stomata-sr_mcelwain_2002.xlsx#stomatal ratio!Z4",
186,"family","stomata-sr_mcelwain_2002.xlsx#stomatal ratio!P4",
186,"genus","stomata-sr_mcelwain_2002.xlsx#stomatal ratio!Q4",
186,"Dab","stomata-sr_mcelwain_2002.xlsx#stomatal ratio!AK4","mm^-2 to m^-2: multiply by 1e6"
186,"N_eDab","stomata-sr_mcelwain_2002.xlsx#stomatal ratio!AK4; stomata-sr_mcelwain_2002.xlsx#stomatal ratio!AA4",
186,"gen_notes","stomata-sr_mcelwain_2002.xlsx#stomatal ratio!AX4",
187,"sample","stomata-sr_mcelwain_2002.xlsx#stomatal ratio!O5",
187,"doi","stomata-sr_mcelwain_2002.xlsx#stomatal ratio!D5",
187,"lat","stomata-sr_mcelwain_2002.xlsx#stomatal ratio!AB5",
187,"lon","stomata-sr_mcelwain_2002.xlsx#stomatal ratio!AC5",
187,"age_mean","stomata-sr_mcelwain_2002.xlsx#stomatal ratio!V5",
187,"age_min","stomata-sr_mcelwain_2002.xlsx#stomatal ratio!X5",
187,"age_max","stomata-sr_mcelwain_2002.xlsx#stomatal ratio!W5",
187,"age_notes","stomata-sr_mcelwain_2002.xlsx#stomatal ratio!Z5",
187,"family","stomata-sr_mcelwain_2002.xlsx#stomatal ratio!P5",
187,"genus","stomata-sr_mcelwain_2002.xlsx#stomatal ratio!Q5",
187,"gen_notes","stomata-sr_mcelwain_2002.xlsx#stomatal ratio!AX5",
188,"sample","stomata-sr_mcelwain_2002.xlsx#stomatal ratio!O6",
188,"doi","stomata-sr_mcelwain_2002.xlsx#stomatal ratio!D6",
188,"lat","stomata-sr_mcelwain_2002.xlsx#stomatal ratio!AB6",
188,"lon","stomata-sr_mcelwain_2002.xlsx#stomatal ratio!AC6",
188,"age_mean","stomata-sr_mcelwain_2002.xlsx#stomatal ratio!V6",
188,"age_notes","stomata-sr_mcelwain_2002.xlsx#stomatal ratio!Z6",
188,"family","stomata-sr_mcelwain_2002.xlsx#stomatal ratio!P6",
188,"genus","stomata-sr_mcelwain_2002.xlsx#stomatal ratio!Q6",
188,"Dab","stomata-sr_mcelwain_2002.xlsx#stomatal ratio!AK6","mm^-2 to m^-2: multiply by 1e6"
188,"N_eDab","stomata-sr_mcelwain_2002.xlsx#stomatal ratio!AK6; stomata-sr_mcelwain_2002.xlsx#stomatal ratio!AA6",
188,"gen_notes","stomata-sr_mcelwain_2002.xlsx#stomatal ratio!AX6",
189,"sample","stomata-sr_mcelwain_2002.xlsx#stomatal ratio!O7",
189,"doi","stomata-sr_mcelwain_2002.xlsx#stomatal ratio!D7",
189,"lat","stomata-sr_mcelwain_2002.xlsx#stomatal ratio!AB7",
189,"lon","stomata-sr_mcelwain_2002.xlsx#stomatal ratio!AC7",
189,"age_mean","stomata-sr_mcelwain_2002.xlsx#stomatal ratio!V7",
189,"age_notes","stomata-sr_mcelwain_2002.xlsx#stomatal ratio!Z7",
189,"family","stomata-sr_mcelwain_2002.xlsx#stomatal ratio!P7",
189,"genus","stomata-sr_mcelwain_2002.xlsx#stomatal ratio!Q7",
189,"Dab","stomata-sr_mcelwain_2002.xlsx#stomatal ratio!AK7","mm^-2 to m^-2: multiply by 1e6"
189,"N_eDab","stomata-sr_mcelwain_2002.xlsx#stomatal ratio!AK7; stomata-sr_mcelwain_2002.xlsx#stomatal ratio!AA7",
189,"gen_notes","stomata-sr_mcelwain_2002.xlsx#stomatal ratio!AX7",
190,"sample","stomata-sr_mcelwain_2002.xlsx#stomatal ratio!O8",
190,"doi","stomata-sr_mcelwain_2002.xlsx#stomatal ratio!D8",
190,"lat","stomata-sr_mcelwain_2002.xlsx#stomatal ratio!AB8",
190,"lon","stomata-sr_mcelwain_2002.xlsx#stomatal ratio!AC8",
190,"age_mean","stomata-sr_mcelwain_2002.xlsx#stomatal ratio!V8",
190,"age_min","stomata-sr_mcelwain_2002.xlsx#stomatal ratio!X8",
190,"age_max","stomata-sr_mcelwain_2002.xlsx#stomatal ratio!W8",
190,"age_notes","stomata-sr_mcelwain_2002.xlsx#stomatal ratio!Z8",
190,"family","stomata-sr_mcelwain_2002.xlsx#stomatal ratio!P8",
190,"genus","stomata-sr_mcelwain_2002.xlsx#stomatal ratio!Q8",
190,"gen_notes","stomata-sr_mcelwain_2002.xlsx#stomatal ratio!AX8",
191,"sample","stomata-sr_mcelwain_2002.xlsx#stomatal ratio!O9",
191,"doi","stomata-sr_mcelwain_2002.xlsx#stomatal ratio!D9",
191,"lat","stomata-sr_mcelwain_2002.xlsx#stomatal ratio!AB9",
191,"lon","stomata-sr_mcelwain_2002.xlsx#stomatal ratio!AC9",
191,"age_mean","stomata-sr_mcelwain_2002.xlsx#stomatal ratio!V9",
191,"age_notes","stomata-sr_mcelwain_2002.xlsx#stomatal ratio!Z9",
191,"family","stomata-sr_mcelwain_2002.xlsx#stomatal ratio!P9",
191,"genus","stomata-sr_mcelwain_2002.xlsx#stomatal ratio!Q9",
191,"Dab","stomata-sr_mcelwain_2002.xlsx#stomatal ratio!AK9","mm^-2 to m^-2: multiply by 1e6"
191,"N_eDab","stomata-sr_mcelwain_2002.xlsx#stomatal ratio!AK9; stomata-sr_mcelwain_2002.xlsx#stomatal ratio!AA9",
191,"gen_notes","stomata-sr_mcelwain_2002.xlsx#stomatal ratio!AX9",
192,"sample","stomata-sr_mcelwain_2002.xlsx#stomatal ratio!O10",
192,"doi","stomata-sr_mcelwain_2002.xlsx#stomatal ratio!D10",
192,"lat","stomata-sr_mcelwain_2002.xlsx#stomatal ratio!AB10",
192,"lon","stomata-sr_mcelwain_2002.xlsx#stomatal ratio!AC10",
192,"age_mean","stomata-sr_mcelwain_2002.xlsx#stomatal ratio!V10",
192,"age_notes","stomata-sr_mcelwain_2002.xlsx#stomatal ratio!Z10",
192,"family","stomata-sr_mcelwain_2002.xlsx#stomatal ratio!P10",
192,"genus","stomata-sr_mcelwain_2002.xlsx#stomatal ratio!Q10",
192,"Dab","stomata-sr_mcelwain_2002.xlsx#stomatal ratio!AK10","mm^-2 to m^-2: multiply by 1e6"
192,"N_eDab","stomata-sr_mcelwain_2002.xlsx#stomatal ratio!AK10; stomata-sr_mcelwain_2002.xlsx#stomatal ratio!AA10",
192,"gen_notes","stomata-sr_mcelwain_2002.xlsx#stomatal ratio!AX10",
193,"sample","stomata-sr_mcelwain_2002.xlsx#stomatal ratio!O11",
193,"doi","stomata-sr_mcelwain_2002.xlsx#stomatal ratio!D11",
193,"lat","stomata-sr_mcelwain_2002.xlsx#stomatal ratio!AB11",
193,"lon","stomata-sr_mcelwain_2002.xlsx#stomatal ratio!AC11",
193,"age_mean","stomata-sr_mcelwain_2002.xlsx#stomatal ratio!V11",
193,"age_notes","stomata-sr_mcelwain_2002.xlsx#stomatal ratio!Z11",
193,"family","stomata-sr_mcelwain_2002.xlsx#stomatal ratio!P11",
193,"genus","stomata-sr_mcelwain_2002.xlsx#stomatal ratio!Q11",
193,"gen_notes","stomata-sr_mcelwain_2002.xlsx#stomatal ratio!AX11",
194,"sample","stomata-sr_mcelwain_2002.xlsx#stomatal ratio!O12",
194,"doi","stomata-sr_mcelwain_2002.xlsx#stomatal ratio!D12",
194,"lat","stomata-sr_mcelwain_2002.xlsx#stomatal ratio!AB12",
194,"lon","stomata-sr_mcelwain_2002.xlsx#stomatal ratio!AC12",
194,"age_mean","stomata-sr_mcelwain_2002.xlsx#stomatal ratio!V12",
194,"age_notes","stomata-sr_mcelwain_2002.xlsx#stomatal ratio!Z12",
194,"family","stomata-sr_mcelwain_2002.xlsx#stomatal ratio!P12",
194,"genus","stomata-sr_mcelwain_2002.xlsx#stomatal ratio!Q12",
194,"Dab","stomata-sr_mcelwain_2002.xlsx#stomatal ratio!AK12","mm^-2 to m^-2: multiply by 1e6"
194,"N_eDab","stomata-sr_mcelwain_2002.xlsx#stomatal ratio!AK12; stomata-sr_mcelwain_2002.xlsx#stomatal ratio!AA12",
194,"gen_notes","stomata-sr_mcelwain_2002.xlsx#stomatal ratio!AX12",
195,"sample","stomata-sr_mcelwain_2002.xlsx#stomatal ratio!O13",
195,"doi","stomata-sr_mcelwain_2002.xlsx#stomatal ratio!D13",
195,"lat","stomata-sr_mcelwain_2002.xlsx#stomatal ratio!AB13",
195,"lon","stomata-sr_mcelwain_2002.xlsx#stomatal ratio!AC13",
195,"age_mean","stomata-sr_mcelwain_2002.xlsx#stomatal ratio!V13",
195,"age_notes","stomata-sr_mcelwain_2002.xlsx#stomatal ratio!Z13",
195,"family","stomata-sr_mcelwain_2002.xlsx#stomatal ratio!P13",
195,"genus","stomata-sr_mcelwain_2002.xlsx#stomatal ratio!Q13",
195,"Dab","stomata-sr_mcelwain_2002.xlsx#stomatal ratio!AK13","mm^-2 to m^-2: multiply by 1e6"
195,"N_eDab","stomata-sr_mcelwain_2002.xlsx#stomatal ratio!AK13; stomata-sr_mcelwain_2002.xlsx#stomatal ratio!AA13",
195,"gen_notes","stomata-sr_mcelwain_2002.xlsx#stomatal ratio!AX13",
196,"sample","stomata-sr_mcelwain_2002.xlsx#stomatal ratio!O14",
196,"doi","stomata-sr_mcelwain_2002.xlsx#stomatal ratio!D14",
196,"lat","stomata-sr_mcelwain_2002.xlsx#stomatal ratio!AB14",
196,"lon","stomata-sr_mcelwain_2002.xlsx#stomatal ratio!AC14",
196,"age_mean","stomata-sr_mcelwain_2002.xlsx#stomatal ratio!V14",
196,"age_notes","stomata-sr_mcelwain_2002.xlsx#stomatal ratio!Z14",
196,"family","stomata-sr_mcelwain_2002.xlsx#stomatal ratio!P14",
196,"genus","stomata-sr_mcelwain_2002.xlsx#stomatal ratio!Q14",
196,"Dab","stomata-sr_mcelwain_2002.xlsx#stomatal ratio!AK14","mm^-2 to m^-2: multiply by 1e6"
196,"N_eDab","stomata-sr_mcelwain_2002.xlsx#stomatal ratio!AK14; stomata-sr_mcelwain_2002.xlsx#stomatal ratio!AA14",
196,"gen_notes","stomata-sr_mcelwain_2002.xlsx#stomatal ratio!AX14",
197,"sample","stomata-sr_mcelwain_2002.xlsx#stomatal ratio!O15",
197,"doi","stomata-sr_mcelwain_2002.xlsx#stomatal ratio!D15",
197,"lat","stomata-sr_mcelwain_2002.xlsx#stomatal ratio!AB15",
197,"lon","stomata-sr_mcelwain_2002.xlsx#stomatal ratio!AC15",
197,"age_mean","stomata-sr_mcelwain_2002.xlsx#stomatal ratio!V15",
197,"age_min","stomata-sr_mcelwain_2002.xlsx#stomatal ratio!X15",
197,"age_max","stomata-sr_mcelwain_2002.xlsx#stomatal ratio!W15",
197,"age_notes","stomata-sr_mcelwain_2002.xlsx#stomatal ratio!Z15",
197,"family","stomata-sr_mcelwain_2002.xlsx#stomatal ratio!P15",
197,"genus","stomata-sr_mcelwain_2002.xlsx#stomatal ratio!Q15",
197,"Dab","stomata-sr_mcelwain_2002.xlsx#stomatal ratio!AK15","mm^-2 to m^-2: multiply by 1e6"
197,"N_eDab","stomata-sr_mcelwain_2002.xlsx#stomatal ratio!AK15; stomata-sr_mcelwain_2002.xlsx#stomatal ratio!AA15",
197,"gen_notes","stomata-sr_mcelwain_2002.xlsx#stomatal ratio!AX15",
198,"sample","stomata-sr_mcelwain_2002.xlsx#stomatal ratio!O16",
198,"doi","stomata-sr_mcelwain_2002.xlsx#stomatal ratio!D16",
198,"lat","stomata-sr_mcelwain_2002.xlsx#stomatal ratio!AB16",
198,"lon","stomata-sr_mcelwain_2002.xlsx#stomatal ratio!AC16",
198,"age_mean","stomata-sr_mcelwain_2002.xlsx#stomatal ratio!V16",
198,"age_notes","stomata-sr_mcelwain_2002.xlsx#stomatal ratio!Z16",
198,"family","stomata-sr_mcelwain_2002.xlsx#stomatal ratio!P16",
198,"genus","stomata-sr_mcelwain_2002.xlsx#stomatal ratio!Q16",
198,"Dab","stomata-sr_mcelwain_2002.xlsx#stomatal ratio!AK16","mm^-2 to m^-2: multiply by 1e6"
198,"N_eDab","stomata-sr_mcelwain_2002.xlsx#stomatal ratio!AK16; stomata-sr_mcelwain_2002.xlsx#stomatal ratio!AA16",
198,"gen_notes","stomata-sr_mcelwain_2002.xlsx#stomatal ratio!AX16",
199,"sample","stomata-sr_mcelwain_2002.xlsx#stomatal ratio!O17",
199,"doi","stomata-sr_mcelwain_2002.xlsx#stomatal ratio!D17",
199,"lat","stomata-sr_mcelwain_2002.xlsx#stomatal ratio!AB17",
199,"lon","stomata-sr_mcelwain_2002.xlsx#stomatal ratio!AC17",
199,"age_mean","stomata-sr_mcelwain_2002.xlsx#stomatal ratio!V17",
199,"age_notes","stomata-sr_mcelwain_2002.xlsx#stomatal ratio!Z17",
199,"family","stomata-sr_mcelwain_2002.xlsx#stomatal ratio!P17",
199,"genus","stomata-sr_mcelwain_2002.xlsx#stomatal ratio!Q17",
199,"Dab","stomata-sr_mcelwain_2002.xlsx#stomatal ratio!AK17","mm^-2 to m^-2: multiply by 1e6"
199,"N_eDab","stomata-sr_mcelwain_2002.xlsx#stomatal ratio!AK17; stomata-sr_mcelwain_2002.xlsx#stomatal ratio!AA17",
199,"gen_notes","stomata-sr_mcelwain_2002.xlsx#stomatal ratio!AX17",
200,"sample","stomata-sr_mcelwain_2002.xlsx#stomatal ratio!O18",
200,"doi","stomata-sr_mcelwain_2002.xlsx#stomatal ratio!D18",
200,"lat","stomata-sr_mcelwain_2002.xlsx#stomatal ratio!AB18",
200,"lon","stomata-sr_mcelwain_2002.xlsx#stomatal ratio!AC18",
200,"age_mean","stomata-sr_mcelwain_2002.xlsx#stomatal ratio!V18",
200,"age_notes","stomata-sr_mcelwain_2002.xlsx#stomatal ratio!Z18",
200,"family","stomata-sr_mcelwain_2002.xlsx#stomatal ratio!P18",
200,"genus","stomata-sr_mcelwain_2002.xlsx#stomatal ratio!Q18",
200,"Dab","stomata-sr_mcelwain_2002.xlsx#stomatal ratio!AK18","mm^-2 to m^-2: multiply by 1e6"
200,"N_eDab","stomata-sr_mcelwain_2002.xlsx#stomatal ratio!AK18; stomata-sr_mcelwain_2002.xlsx#stomatal ratio!AA18",
200,"gen_notes","stomata-sr_mcelwain_2002.xlsx#stomatal ratio!AX18",
201,"sample","stomata-sr_mcelwain_2002.xlsx#stomatal ratio!O19",
201,"doi","stomata-sr_mcelwain_2002.xlsx#stomatal ratio!D19",
201,"lat","stomata-sr_mcelwain_2002.xlsx#stomatal ratio!AB19",
201,"lon","stomata-sr_mcelwain_2002.xlsx#stomatal ratio!AC19",
201,"age_mean","stomata-sr_mcelwain_2002.xlsx#stomatal ratio!V19",
201,"age_notes","stomata-sr_mcelwain_2002.xlsx#stomatal ratio!Z19",
201,"family","stomata-sr_mcelwain_2002.xlsx#stomatal ratio!P19",
201,"genus","stomata-sr_mcelwain_2002.xlsx#stomatal ratio!Q19",
201,"Dab","stomata-sr_mcelwain_2002.xlsx#stomatal ratio!AK19","mm^-2 to m^-2: multiply by 1e6"
201,"N_eDab","stomata-sr_mcelwain_2002.xlsx#stomatal ratio!AK19; stomata-sr_mcelwain_2002.xlsx#stomatal ratio!AA19",
201,"gen_notes","stomata-sr_mcelwain_2002.xlsx#stomatal ratio!AX19",
202,"sample","stomata-sr_mcelwain_2002.xlsx#stomatal ratio!O20",
202,"doi","stomata-sr_mcelwain_2002.xlsx#stomatal ratio!D20",
202,"lat","stomata-sr_mcelwain_2002.xlsx#stomatal ratio!AB20",
202,"lon","stomata-sr_mcelwain_2002.xlsx#stomatal ratio!AC20",
202,"age_mean","stomata-sr_mcelwain_2002.xlsx#stomatal ratio!V20",
202,"age_notes","stomata-sr_mcelwain_2002.xlsx#stomatal ratio!Z20",
202,"family","stomata-sr_mcelwain_2002.xlsx#stomatal ratio!P20",
202,"genus","stomata-sr_mcelwain_2002.xlsx#stomatal ratio!Q20",
202,"Dab","stomata-sr_mcelwain_2002.xlsx#stomatal ratio!AK20","mm^-2 to m^-2: multiply by 1e6"
202,"N_eDab","stomata-sr_mcelwain_2002.xlsx#stomatal ratio!AK20; stomata-sr_mcelwain_2002.xlsx#stomatal ratio!AA20",
202,"gen_notes","stomata-sr_mcelwain_2002.xlsx#stomatal ratio!AX20",
203,"sample","stomata-sr_mcelwain_2002.xlsx#stomatal ratio!O21",
203,"doi","stomata-sr_mcelwain_2002.xlsx#stomatal ratio!D21",
203,"lat","stomata-sr_mcelwain_2002.xlsx#stomatal ratio!AB21",
203,"lon","stomata-sr_mcelwain_2002.xlsx#stomatal ratio!AC21",
203,"age_mean","stomata-sr_mcelwain_2002.xlsx#stomatal ratio!V21",
203,"age_notes","stomata-sr_mcelwain_2002.xlsx#stomatal ratio!Z21",
203,"family","stomata-sr_mcelwain_2002.xlsx#stomatal ratio!P21",
203,"genus","stomata-sr_mcelwain_2002.xlsx#stomatal ratio!Q21",
203,"Dab","stomata-sr_mcelwain_2002.xlsx#stomatal ratio!AK21","mm^-2 to m^-2: multiply by 1e6"
203,"N_eDab","stomata-sr_mcelwain_2002.xlsx#stomatal ratio!AK21; stomata-sr_mcelwain_2002.xlsx#stomatal ratio!AA21",
203,"gen_notes","stomata-sr_mcelwain_2002.xlsx#stomatal ratio!AX21",
204,"sample","stomata-sr_mcelwain_2002.xlsx#stomatal ratio!O22",
204,"doi","stomata-sr_mcelwain_2002.xlsx#stomatal ratio!D22",
204,"lat","stomata-sr_mcelwain_2002.xlsx#stomatal ratio!AB22",
204,"lon","stomata-sr_mcelwain_2002.xlsx#stomatal ratio!AC22",
204,"age_mean","stomata-sr_mcelwain_2002.xlsx#stomatal ratio!V22",
204,"age_notes","stomata-sr_mcelwain_2002.xlsx#stomatal ratio!Z22",
204,"family","stomata-sr_mcelwain_2002.xlsx#stomatal ratio!P22",
204,"genus","stomata-sr_mcelwain_2002.xlsx#stomatal ratio!Q22",
204,"Dab","stomata-sr_mcelwain_2002.xlsx#stomatal ratio!AK22","mm^-2 to m^-2: multiply by 1e6"
204,"N_eDab","stomata-sr_mcelwain_2002.xlsx#stomatal ratio!AK22; stomata-sr_mcelwain_2002.xlsx#stomatal ratio!AA22",
204,"gen_notes","stomata-sr_mcelwain_2002.xlsx#stomatal ratio!AX22",
205,"sample","stomata-sr_mcelwain_2002.xlsx#stomatal ratio!O23",
205,"doi","stomata-sr_mcelwain_2002.xlsx#stomatal ratio!D23",
205,"lat","stomata-sr_mcelwain_2002.xlsx#stomatal ratio!AB23",
205,"lon","stomata-sr_mcelwain_2002.xlsx#stomatal ratio!AC23",
205,"age_mean","stomata-sr_mcelwain_2002.xlsx#stomatal ratio!V23",
205,"age_notes","stomata-sr_mcelwain_2002.xlsx#stomatal ratio!Z23",
205,"family","stomata-sr_mcelwain_2002.xlsx#stomatal ratio!P23",
205,"genus","stomata-sr_mcelwain_2002.xlsx#stomatal ratio!Q23",
205,"Dab","stomata-sr_mcelwain_2002.xlsx#stomatal ratio!AK23","mm^-2 to m^-2: multiply by 1e6"
205,"N_eDab","stomata-sr_mcelwain_2002.xlsx#stomatal ratio!AK23; stomata-sr_mcelwain_2002.xlsx#stomatal ratio!AA23",
205,"gen_notes","stomata-sr_mcelwain_2002.xlsx#stomatal ratio!AX23",
206,"sample","stomata-sr_mcelwain_2002.xlsx#stomatal ratio!O24",
206,"doi","stomata-sr_mcelwain_2002.xlsx#stomatal ratio!D24",
206,"lat","stomata-sr_mcelwain_2002.xlsx#stomatal ratio!AB24",
206,"lon","stomata-sr_mcelwain_2002.xlsx#stomatal ratio!AC24",
206,"age_mean","stomata-sr_mcelwain_2002.xlsx#stomatal ratio!V24",
206,"age_notes","stomata-sr_mcelwain_2002.xlsx#stomatal ratio!Z24",
206,"family","stomata-sr_mcelwain_2002.xlsx#stomatal ratio!P24",
206,"genus","stomata-sr_mcelwain_2002.xlsx#stomatal ratio!Q24",
206,"Dab","stomata-sr_mcelwain_2002.xlsx#stomatal ratio!AK24","mm^-2 to m^-2: multiply by 1e6"
206,"N_eDab","stomata-sr_mcelwain_2002.xlsx#stomatal ratio!AK24; stomata-sr_mcelwain_2002.xlsx#stomatal ratio!AA24",
206,"gen_notes","stomata-sr_mcelwain_2002.xlsx#stomatal ratio!AX24",
207,"sample","stomata-sr_mcelwain_2002.xlsx#stomatal ratio!O25",
207,"doi","stomata-sr_mcelwain_2002.xlsx#stomatal ratio!D25",
207,"lat","stomata-sr_mcelwain_2002.xlsx#stomatal ratio!AB25",
207,"lon","stomata-sr_mcelwain_2002.xlsx#stomatal ratio!AC25",
207,"age_mean","stomata-sr_mcelwain_2002.xlsx#stomatal ratio!V25",
207,"age_min","stomata-sr_mcelwain_2002.xlsx#stomatal ratio!X25",
207,"age_max","stomata-sr_mcelwain_2002.xlsx#stomatal ratio!W25",
207,"age_notes","stomata-sr_mcelwain_2002.xlsx#stomatal ratio!Z25",
207,"family","stomata-sr_mcelwain_2002.xlsx#stomatal ratio!P25",
207,"genus","stomata-sr_mcelwain_2002.xlsx#stomatal ratio!Q25",
207,"Dab","stomata-sr_mcelwain_2002.xlsx#stomatal ratio!AK25","mm^-2 to m^-2: multiply by 1e6"
207,"N_eDab","stomata-sr_mcelwain_2002.xlsx#stomatal ratio!AK25; stomata-sr_mcelwain_2002.xlsx#stomatal ratio!AA25",
207,"gen_notes","stomata-sr_mcelwain_2002.xlsx#stomatal ratio!AX25",
208,"sample","stomata-sr_mcelwain_2002.xlsx#stomatal ratio!O26",
208,"doi","stomata-sr_mcelwain_2002.xlsx#stomatal ratio!D26",
208,"lat","stomata-sr_mcelwain_2002.xlsx#stomatal ratio!AB26",
208,"lon","stomata-sr_mcelwain_2002.xlsx#stomatal ratio!AC26",
208,"age_mean","stomata-sr_mcelwain_2002.xlsx#stomatal ratio!V26",
208,"age_notes","stomata-sr_mcelwain_2002.xlsx#stomatal ratio!Z26",
208,"family","stomata-sr_mcelwain_2002.xlsx#stomatal ratio!P26",
208,"genus","stomata-sr_mcelwain_2002.xlsx#stomatal ratio!Q26",
208,"Dab","stomata-sr_mcelwain_2002.xlsx#stomatal ratio!AK26","mm^-2 to m^-2: multiply by 1e6"
208,"N_eDab","stomata-sr_mcelwain_2002.xlsx#stomatal ratio!AK26; stomata-sr_mcelwain_2002.xlsx#stomatal ratio!AA26",
208,"gen_notes","stomata-sr_mcelwain_2002.xlsx#stomatal ratio!AX26",
209,"sample","stomata-sr_mcelwain_2002.xlsx#stomatal ratio!O27",
209,"doi","stomata-sr_mcelwain_2002.xlsx#stomatal ratio!D27",
209,"lat","stomata-sr_mcelwain_2002.xlsx#stomatal ratio!AB27",
209,"lon","stomata-sr_mcelwain_2002.xlsx#stomatal ratio!AC27",
209,"age_mean","stomata-sr_mcelwain_2002.xlsx#stomatal ratio!V27",
209,"age_notes","stomata-sr_mcelwain_2002.xlsx#stomatal ratio!Z27",
209,"family","stomata-sr_mcelwain_2002.xlsx#stomatal ratio!P27",
209,"genus","stomata-sr_mcelwain_2002.xlsx#stomatal ratio!Q27",
209,"Dab","stomata-sr_mcelwain_2002.xlsx#stomatal ratio!AK27","mm^-2 to m^-2: multiply by 1e6"
209,"N_eDab","stomata-sr_mcelwain_2002.xlsx#stomatal ratio!AK27; stomata-sr_mcelwain_2002.xlsx#stomatal ratio!AA27",
209,"gen_notes","stomata-sr_mcelwain_2002.xlsx#stomatal ratio!AX27",
210,"sample","stomata-sr_mcelwain_2002.xlsx#stomatal ratio!O28",
210,"doi","stomata-sr_mcelwain_2002.xlsx#stomatal ratio!D28",
210,"lat","stomata-sr_mcelwain_2002.xlsx#stomatal ratio!AB28",
210,"lon","stomata-sr_mcelwain_2002.xlsx#stomatal ratio!AC28",
210,"age_mean","stomata-sr_mcelwain_2002.xlsx#stomatal ratio!V28",
210,"age_notes","stomata-sr_mcelwain_2002.xlsx#stomatal ratio!Z28",
210,"family","stomata-sr_mcelwain_2002.xlsx#stomatal ratio!P28",
210,"genus","stomata-sr_mcelwain_2002.xlsx#stomatal ratio!Q28",
210,"Dab","stomata-sr_mcelwain_2002.xlsx#stomatal ratio!AK28","mm^-2 to m^-2: multiply by 1e6"
210,"N_eDab","stomata-sr_mcelwain_2002.xlsx#stomatal ratio!AK28; stomata-sr_mcelwain_2002.xlsx#stomatal ratio!AA28",
210,"gen_notes","stomata-sr_mcelwain_2002.xlsx#stomatal ratio!AX28",
211,"sample","stomata-sr_mcelwain_2002.xlsx#stomatal ratio!O29",
211,"doi","stomata-sr_mcelwain_2002.xlsx#stomatal ratio!D29",
211,"lat","stomata-sr_mcelwain_2002.xlsx#stomatal ratio!AB29",
211,"lon","stomata-sr_mcelwain_2002.xlsx#stomatal ratio!AC29",
211,"age_mean","stomata-sr_mcelwain_2002.xlsx#stomatal ratio!V29",
211,"age_notes","stomata-sr_mcelwain_2002.xlsx#stomatal ratio!Z29",
211,"family","stomata-sr_mcelwain_2002.xlsx#stomatal ratio!P29",
211,"genus","stomata-sr_mcelwain_2002.xlsx#stomatal ratio!Q29",
211,"Dab","stomata-sr_mcelwain_2002.xlsx#stomatal ratio!AK29","mm^-2 to m^-2: multiply by 1e6"
211,"N_eDab","stomata-sr_mcelwain_2002.xlsx#stomatal ratio!AK29; stomata-sr_mcelwain_2002.xlsx#stomatal ratio!AA29",
211,"gen_notes","stomata-sr_mcelwain_2002.xlsx#stomatal ratio!AX29",
212,"sample","stomata-sr_mcelwain_2002.xlsx#stomatal ratio!O30",
212,"doi","stomata-sr_mcelwain_2002.xlsx#stomatal ratio!D30",
212,"lat","stomata-sr_mcelwain_2002.xlsx#stomatal ratio!AB30",
212,"lon","stomata-sr_mcelwain_2002.xlsx#stomatal ratio!AC30",
212,"age_mean","stomata-sr_mcelwain_2002.xlsx#stomatal ratio!V30",
212,"age_notes","stomata-sr_mcelwain_2002.xlsx#stomatal ratio!Z30",
212,"family","stomata-sr_mcelwain_2002.xlsx#stomatal ratio!P30",
212,"genus","stomata-sr_mcelwain_2002.xlsx#stomatal ratio!Q30",
212,"Dab","stomata-sr_mcelwain_2002.xlsx#stomatal ratio!AK30","mm^-2 to m^-2: multiply by 1e6"
212,"N_eDab","stomata-sr_mcelwain_2002.xlsx#stomatal ratio!AK30; stomata-sr_mcelwain_2002.xlsx#stomatal ratio!AA30",
212,"gen_notes","stomata-sr_mcelwain_2002.xlsx#stomatal ratio!AX30",
213,"sample","stomata-sr_mcelwain_2002.xlsx#stomatal ratio!O31",
213,"doi","stomata-sr_mcelwain_2002.xlsx#stomatal ratio!D31",
213,"lat","stomata-sr_mcelwain_2002.xlsx#stomatal ratio!AB31",
213,"lon","stomata-sr_mcelwain_2002.xlsx#stomatal ratio!AC31",
213,"age_mean","stomata-sr_mcelwain_2002.xlsx#stomatal ratio!V31",
213,"age_notes","stomata-sr_mcelwain_2002.xlsx#stomatal ratio!Z31",
213,"family","stomata-sr_mcelwain_2002.xlsx#stomatal ratio!P31",
213,"genus","stomata-sr_mcelwain_2002.xlsx#stomatal ratio!Q31",
213,"Dab","stomata-sr_mcelwain_2002.xlsx#stomatal ratio!AK31","mm^-2 to m^-2: multiply by 1e6"
213,"N_eDab","stomata-sr_mcelwain_2002.xlsx#stomatal ratio!AK31; stomata-sr_mcelwain_2002.xlsx#stomatal ratio!AA31",
213,"gen_notes","stomata-sr_mcelwain_2002.xlsx#stomatal ratio!AX31",
214,"sample","stomata-sr_mcelwain_2002.xlsx#stomatal ratio!O32",
214,"doi","stomata-sr_mcelwain_2002.xlsx#stomatal ratio!D32",
214,"lat","stomata-sr_mcelwain_2002.xlsx#stomatal ratio!AB32",
214,"lon","stomata-sr_mcelwain_2002.xlsx#stomatal ratio!AC32",
214,"age_mean","stomata-sr_mcelwain_2002.xlsx#stomatal ratio!V32",
214,"age_notes","stomata-sr_mcelwain_2002.xlsx#stomatal ratio!Z32",
214,"family","stomata-sr_mcelwain_2002.xlsx#stomatal ratio!P32",
214,"genus","stomata-sr_mcelwain_2002.xlsx#stomatal ratio!Q32",
214,"Dab","stomata-sr_mcelwain_2002.xlsx#stomatal ratio!AK32","mm^-2 to m^-2: multiply by 1e6"
214,"N_eDab","stomata-sr_mcelwain_2002.xlsx#stomatal ratio!AK32; stomata-sr_mcelwain_2002.xlsx#stomatal ratio!AA32",
214,"gen_notes","stomata-sr_mcelwain_2002.xlsx#stomatal ratio!AX32",
215,"sample","stomata-sr_mcelwain_2002.xlsx#stomatal ratio!O33",
215,"doi","stomata-sr_mcelwain_2002.xlsx#stomatal ratio!D33",
215,"lat","stomata-sr_mcelwain_2002.xlsx#stomatal ratio!AB33",
215,"lon","stomata-sr_mcelwain_2002.xlsx#stomatal ratio!AC33",
215,"age_mean","stomata-sr_mcelwain_2002.xlsx#stomatal ratio!V33",
215,"age_notes","stomata-sr_mcelwain_2002.xlsx#stomatal ratio!Z33",
215,"family","stomata-sr_mcelwain_2002.xlsx#stomatal ratio!P33",
215,"genus","stomata-sr_mcelwain_2002.xlsx#stomatal ratio!Q33",
215,"Dab","stomata-sr_mcelwain_2002.xlsx#stomatal ratio!AK33","mm^-2 to m^-2: multiply by 1e6"
215,"N_eDab","stomata-sr_mcelwain_2002.xlsx#stomatal ratio!AK33; stomata-sr_mcelwain_2002.xlsx#stomatal ratio!AA33",
215,"gen_notes","stomata-sr_mcelwain_2002.xlsx#stomatal ratio!AX33",
216,"sample","stomata-sr_mcelwain_2002.xlsx#stomatal ratio!O34",
216,"doi","stomata-sr_mcelwain_2002.xlsx#stomatal ratio!D34",
216,"lat","stomata-sr_mcelwain_2002.xlsx#stomatal ratio!AB34",
216,"lon","stomata-sr_mcelwain_2002.xlsx#stomatal ratio!AC34",
216,"age_mean","stomata-sr_mcelwain_2002.xlsx#stomatal ratio!V34",
216,"age_notes","stomata-sr_mcelwain_2002.xlsx#stomatal ratio!Z34",
216,"family","stomata-sr_mcelwain_2002.xlsx#stomatal ratio!P34",
216,"genus","stomata-sr_mcelwain_2002.xlsx#stomatal ratio!Q34",
216,"Dab","stomata-sr_mcelwain_2002.xlsx#stomatal ratio!AK34","mm^-2 to m^-2: multiply by 1e6"
216,"N_eDab","stomata-sr_mcelwain_2002.xlsx#stomatal ratio!AK34; stomata-sr_mcelwain_2002.xlsx#stomatal ratio!AA34",
216,"gen_notes","stomata-sr_mcelwain_2002.xlsx#stomatal ratio!AX34",
217,"sample","stomata-sr_mcelwain_2002.xlsx#stomatal ratio!O35",
217,"doi","stomata-sr_mcelwain_2002.xlsx#stomatal ratio!D35",
217,"lat","stomata-sr_mcelwain_2002.xlsx#stomatal ratio!AB35",
217,"lon","stomata-sr_mcelwain_2002.xlsx#stomatal ratio!AC35",
217,"age_mean","stomata-sr_mcelwain_2002.xlsx#stomatal ratio!V35",
217,"age_notes","stomata-sr_mcelwain_2002.xlsx#stomatal ratio!Z35",
217,"family","stomata-sr_mcelwain_2002.xlsx#stomatal ratio!P35",
217,"genus","stomata-sr_mcelwain_2002.xlsx#stomatal ratio!Q35",
217,"Dab","stomata-sr_mcelwain_2002.xlsx#stomatal ratio!AK35","mm^-2 to m^-2: multiply by 1e6"
217,"N_eDab","stomata-sr_mcelwain_2002.xlsx#stomatal ratio!AK35; stomata-sr_mcelwain_2002.xlsx#stomatal ratio!AA35",
217,"gen_notes","stomata-sr_mcelwain_2002.xlsx#stomatal ratio!AX35",
218,"sample","stomata-sr_mcelwain_2002.xlsx#stomatal ratio!O36",
218,"doi","stomata-sr_mcelwain_2002.xlsx#stomatal ratio!D36",
218,"lat","stomata-sr_mcelwain_2002.xlsx#stomatal ratio!AB36",
218,"lon","stomata-sr_mcelwain_2002.xlsx#stomatal ratio!AC36",
218,"age_mean","stomata-sr_mcelwain_2002.xlsx#stomatal ratio!V36",
218,"age_notes","stomata-sr_mcelwain_2002.xlsx#stomatal ratio!Z36",
218,"family","stomata-sr_mcelwain_2002.xlsx#stomatal ratio!P36",
218,"genus","stomata-sr_mcelwain_2002.xlsx#stomatal ratio!Q36",
218,"Dab","stomata-sr_mcelwain_2002.xlsx#stomatal ratio!AK36","mm^-2 to m^-2: multiply by 1e6"
218,"N_eDab","stomata-sr_mcelwain_2002.xlsx#stomatal ratio!AK36; stomata-sr_mcelwain_2002.xlsx#stomatal ratio!AA36",
218,"gen_notes","stomata-sr_mcelwain_2002.xlsx#stomatal ratio!AX36",
219,"sample","stomata-sr_mcelwain_2002.xlsx#stomatal ratio!O37",
219,"doi","stomata-sr_mcelwain_2002.xlsx#stomatal ratio!D37",
219,"lat","stomata-sr_mcelwain_2002.xlsx#stomatal ratio!AB37",
219,"lon","stomata-sr_mcelwain_2002.xlsx#stomatal ratio!AC37",
219,"age_mean","stomata-sr_mcelwain_2002.xlsx#stomatal ratio!V37",
219,"age_notes","stomata-sr_mcelwain_2002.xlsx#stomatal ratio!Z37",
219,"family","stomata-sr_mcelwain_2002.xlsx#stomatal ratio!P37",
219,"genus","stomata-sr_mcelwain_2002.xlsx#stomatal ratio!Q37",
219,"Dab","stomata-sr_mcelwain_2002.xlsx#stomatal ratio!AK37","mm^-2 to m^-2: multiply by 1e6"
219,"N_eDab","stomata-sr_mcelwain_2002.xlsx#stomatal ratio!AK37; stomata-sr_mcelwain_2002.xlsx#stomatal ratio!AA37",
219,"gen_notes","stomata-sr_mcelwain_2002.xlsx#stomatal ratio!AX37",
220,"sample","stomata-sr_mcelwain_2002.xlsx#stomatal ratio!O38",
220,"doi","stomata-sr_mcelwain_2002.xlsx#stomatal ratio!D38",
220,"lat","stomata-sr_mcelwain_2002.xlsx#stomatal ratio!AB38",
220,"lon","stomata-sr_mcelwain_2002.xlsx#stomatal ratio!AC38",
220,"age_mean","stomata-sr_mcelwain_2002.xlsx#stomatal ratio!V38",
220,"age_min","stomata-sr_mcelwain_2002.xlsx#stomatal ratio!X38",
220,"age_max","stomata-sr_mcelwain_2002.xlsx#stomatal ratio!W38",
220,"age_notes","stomata-sr_mcelwain_2002.xlsx#stomatal ratio!Z38",
220,"family","stomata-sr_mcelwain_2002.xlsx#stomatal ratio!P38",
220,"genus","stomata-sr_mcelwain_2002.xlsx#stomatal ratio!Q38",
220,"Dab","stomata-sr_mcelwain_2002.xlsx#stomatal ratio!AK38","mm^-2 to m^-2: multiply by 1e6"
220,"N_eDab","stomata-sr_mcelwain_2002.xlsx#stomatal ratio!AK38; stomata-sr_mcelwain_2002.xlsx#stomatal ratio!AA38",
220,"gen_notes","stomata-sr_mcelwain_2002.xlsx#stomatal ratio!AX38",
221,"sample","stomata-sr_mcelwain_2002.xlsx#stomatal ratio!O39",
221,"doi","stomata-sr_mcelwain_2002.xlsx#stomatal ratio!D39",
221,"lat","stomata-sr_mcelwain_2002.xlsx#stomatal ratio!AB39",
221,"lon","stomata-sr_mcelwain_2002.xlsx#stomatal ratio!AC39",
221,"age_mean","stomata-sr_mcelwain_2002.xlsx#stomatal ratio!V39",
221,"age_notes","stomata-sr_mcelwain_2002.xlsx#stomatal ratio!Z39",
221,"family","stomata-sr_mcelwain_2002.xlsx#stomatal ratio!P39",
221,"genus","stomata-sr_mcelwain_2002.xlsx#stomatal ratio!Q39",
221,"Dab","stomata-sr_mcelwain_2002.xlsx#stomatal ratio!AK39","mm^-2 to m^-2: multiply by 1e6"
221,"N_eDab","stomata-sr_mcelwain_2002.xlsx#stomatal ratio!AK39; stomata-sr_mcelwain_2002.xlsx#stomatal ratio!AA39",
221,"gen_notes","stomata-sr_mcelwain_2002.xlsx#stomatal ratio!AX39",
222,"sample","stomata-sr_mcelwain_2002.xlsx#stomatal ratio!O40",
222,"doi","stomata-sr_mcelwain_2002.xlsx#stomatal ratio!D40",
222,"lat","stomata-sr_mcelwain_2002.xlsx#stomatal ratio!AB40",
222,"lon","stomata-sr_mcelwain_2002.xlsx#stomatal ratio!AC40",
222,"age_mean","stomata-sr_mcelwain_2002.xlsx#stomatal ratio!V40",
222,"age_min","stomata-sr_mcelwain_2002.xlsx#stomatal ratio!X40",
222,"age_max","stomata-sr_mcelwain_2002.xlsx#stomatal ratio!W40",
222,"age_notes","stomata-sr_mcelwain_2002.xlsx#stomatal ratio!Z40",
222,"family","stomata-sr_mcelwain_2002.xlsx#stomatal ratio!P40",
222,"genus","stomata-sr_mcelwain_2002.xlsx#stomatal ratio!Q40",
222,"gen_notes","stomata-sr_mcelwain_2002.xlsx#stomatal ratio!AX40",
223,"sample","stomata-sr_mcelwain_2002.xlsx#stomatal ratio!O41",
223,"doi","stomata-sr_mcelwain_2002.xlsx#stomatal ratio!D41",
223,"lat","stomata-sr_mcelwain_2002.xlsx#stomatal ratio!AB41",
223,"lon","stomata-sr_mcelwain_2002.xlsx#stomatal ratio!AC41",
223,"age_mean","stomata-sr_mcelwain_2002.xlsx#stomatal ratio!V41",
223,"age_notes","stomata-sr_mcelwain_2002.xlsx#stomatal ratio!Z41",
223,"family","stomata-sr_mcelwain_2002.xlsx#stomatal ratio!P41",
223,"genus","stomata-sr_mcelwain_2002.xlsx#stomatal ratio!Q41",
223,"gen_notes","stomata-sr_mcelwain_2002.xlsx#stomatal ratio!AX41",
224,"sample","stomata-sr_mcelwain_2002.xlsx#stomatal ratio!O42",
224,"doi","stomata-sr_mcelwain_2002.xlsx#stomatal ratio!D42",
224,"lat","stomata-sr_mcelwain_2002.xlsx#stomatal ratio!AB42",
224,"lon","stomata-sr_mcelwain_2002.xlsx#stomatal ratio!AC42",
224,"age_mean","stomata-sr_mcelwain_2002.xlsx#stomatal ratio!V42",
224,"age_notes","stomata-sr_mcelwain_2002.xlsx#stomatal ratio!Z42",
224,"family","stomata-sr_mcelwain_2002.xlsx#stomatal ratio!P42",
224,"genus","stomata-sr_mcelwain_2002.xlsx#stomatal ratio!Q42",
224,"gen_notes","stomata-sr_mcelwain_2002.xlsx#stomatal ratio!AX42",
225,"sample","stomata-sr_mcelwain_2002.xlsx#stomatal ratio!O43",
225,"doi","stomata-sr_mcelwain_2002.xlsx#stomatal ratio!D43",
225,"lat","stomata-sr_mcelwain_2002.xlsx#stomatal ratio!AB43",
225,"lon","stomata-sr_mcelwain_2002.xlsx#stomatal ratio!AC43",
225,"age_mean","stomata-sr_mcelwain_2002.xlsx#stomatal ratio!V43",
225,"age_min","stomata-sr_mcelwain_2002.xlsx#stomatal ratio!X43",
225,"age_max","stomata-sr_mcelwain_2002.xlsx#stomatal ratio!W43",
225,"age_notes","stomata-sr_mcelwain_2002.xlsx#stomatal ratio!Z43",
225,"family","stomata-sr_mcelwain_2002.xlsx#stomatal ratio!P43",
225,"genus","stomata-sr_mcelwain_2002.xlsx#stomatal ratio!Q43",
225,"Dab","stomata-sr_mcelwain_2002.xlsx#stomatal ratio!AK43","mm^-2 to m^-2: multiply by 1e6"
225,"N_eDab","stomata-sr_mcelwain_2002.xlsx#stomatal ratio!AK43; stomata-sr_mcelwain_2002.xlsx#stomatal ratio!AA43",
225,"gen_notes","stomata-sr_mcelwain_2002.xlsx#stomatal ratio!AX43",
226,"sample","stomata-sr_mcelwain_2002.xlsx#stomatal ratio!O44",
226,"doi","stomata-sr_mcelwain_2002.xlsx#stomatal ratio!D44",
226,"lat","stomata-sr_mcelwain_2002.xlsx#stomatal ratio!AB44",
226,"lon","stomata-sr_mcelwain_2002.xlsx#stomatal ratio!AC44",
226,"age_mean","stomata-sr_mcelwain_2002.xlsx#stomatal ratio!V44",
226,"age_notes","stomata-sr_mcelwain_2002.xlsx#stomatal ratio!Z44",
226,"family","stomata-sr_mcelwain_2002.xlsx#stomatal ratio!P44",
226,"genus","stomata-sr_mcelwain_2002.xlsx#stomatal ratio!Q44",
226,"gen_notes","stomata-sr_mcelwain_2002.xlsx#stomatal ratio!AX44",
227,"sample","stomata-sr_mcelwain_2002.xlsx#stomatal ratio!O45",
227,"doi","stomata-sr_mcelwain_2002.xlsx#stomatal ratio!D45",
227,"lat","stomata-sr_mcelwain_2002.xlsx#stomatal ratio!AB45",
227,"lon","stomata-sr_mcelwain_2002.xlsx#stomatal ratio!AC45",
227,"age_mean","stomata-sr_mcelwain_2002.xlsx#stomatal ratio!V45",
227,"age_notes","stomata-sr_mcelwain_2002.xlsx#stomatal ratio!Z45",
227,"family","stomata-sr_mcelwain_2002.xlsx#stomatal ratio!P45",
227,"genus","stomata-sr_mcelwain_2002.xlsx#stomatal ratio!Q45",
227,"gen_notes","stomata-sr_mcelwain_2002.xlsx#stomatal ratio!AX45",
228,"sample","stomata-sr_mcelwain_2002.xlsx#stomatal ratio!O46",
228,"doi","stomata-sr_mcelwain_2002.xlsx#stomatal ratio!D46",
228,"lat","stomata-sr_mcelwain_2002.xlsx#stomatal ratio!AB46",
228,"lon","stomata-sr_mcelwain_2002.xlsx#stomatal ratio!AC46",
228,"age_mean","stomata-sr_mcelwain_2002.xlsx#stomatal ratio!V46",
228,"age_min","stomata-sr_mcelwain_2002.xlsx#stomatal ratio!X46",
228,"age_max","stomata-sr_mcelwain_2002.xlsx#stomatal ratio!W46",
228,"age_notes","stomata-sr_mcelwain_2002.xlsx#stomatal ratio!Z46",
228,"family","stomata-sr_mcelwain_2002.xlsx#stomatal ratio!P46",
228,"genus","stomata-sr_mcelwain_2002.xlsx#stomatal ratio!Q46",
228,"Dab","stomata-sr_mcelwain_2002.xlsx#stomatal ratio!AK46","mm^-2 to m^-2: multiply by 1e6"
228,"N_eDab","stomata-sr_mcelwain_2002.xlsx#stomatal ratio!AK46; stomata-sr_mcelwain_2002.xlsx#stomatal ratio!AA46",
228,"gen_notes","stomata-sr_mcelwain_2002.xlsx#stomatal ratio!AX46",
229,"sample","stomata-sr_mcelwain_2002.xlsx#stomatal ratio!O47",
229,"doi","stomata-sr_mcelwain_2002.xlsx#stomatal ratio!D47",
229,"lat","stomata-sr_mcelwain_2002.xlsx#stomatal ratio!AB47",
229,"lon","stomata-sr_mcelwain_2002.xlsx#stomatal ratio!AC47",
229,"age_mean","stomata-sr_mcelwain_2002.xlsx#stomatal ratio!V47",
229,"age_notes","stomata-sr_mcelwain_2002.xlsx#stomatal ratio!Z47",
229,"family","stomata-sr_mcelwain_2002.xlsx#stomatal ratio!P47",
229,"genus","stomata-sr_mcelwain_2002.xlsx#stomatal ratio!Q47",
229,"Dab","stomata-sr_mcelwain_2002.xlsx#stomatal ratio!AK47","mm^-2 to m^-2: multiply by 1e6"
229,"N_eDab","stomata-sr_mcelwain_2002.xlsx#stomatal ratio!AK47; stomata-sr_mcelwain_2002.xlsx#stomatal ratio!AA47",
229,"gen_notes","stomata-sr_mcelwain_2002.xlsx#stomatal ratio!AX47",
230,"sample","stomata-sr_mcelwain_2002.xlsx#stomatal ratio!O48",
230,"doi","stomata-sr_mcelwain_2002.xlsx#stomatal ratio!D48",
230,"lat","stomata-sr_mcelwain_2002.xlsx#stomatal ratio!AB48",
230,"lon","stomata-sr_mcelwain_2002.xlsx#stomatal ratio!AC48",
230,"age_mean","stomata-sr_mcelwain_2002.xlsx#stomatal ratio!V48",
230,"age_notes","stomata-sr_mcelwain_2002.xlsx#stomatal ratio!Z48",
230,"family","stomata-sr_mcelwain_2002.xlsx#stomatal ratio!P48",
230,"genus","stomata-sr_mcelwain_2002.xlsx#stomatal ratio!Q48",
230,"Dab","stomata-sr_mcelwain_2002.xlsx#stomatal ratio!AK48","mm^-2 to m^-2: multiply by 1e6"
230,"N_eDab","stomata-sr_mcelwain_2002.xlsx#stomatal ratio!AK48; stomata-sr_mcelwain_2002.xlsx#stomatal ratio!AA48",
230,"gen_notes","stomata-sr_mcelwain_2002.xlsx#stomatal ratio!AX48",
231,"sample","stomata-sr_mcelwain_2002.xlsx#stomatal ratio!O49",
231,"doi","stomata-sr_mcelwain_2002.xlsx#stomatal ratio!D49",
231,"lat","stomata-sr_mcelwain_2002.xlsx#stomatal ratio!AB49",
231,"lon","stomata-sr_mcelwain_2002.xlsx#stomatal ratio!AC49",
231,"age_mean","stomata-sr_mcelwain_2002.xlsx#stomatal ratio!V49",
231,"age_notes","stomata-sr_mcelwain_2002.xlsx#stomatal ratio!Z49",
231,"family","stomata-sr_mcelwain_2002.xlsx#stomatal ratio!P49",
231,"genus","stomata-sr_mcelwain_2002.xlsx#stomatal ratio!Q49",
231,"Dab","stomata-sr_mcelwain_2002.xlsx#stomatal ratio!AK49","mm^-2 to m^-2: multiply by 1e6"
231,"N_eDab","stomata-sr_mcelwain_2002.xlsx#stomatal ratio!AK49; stomata-sr_mcelwain_2002.xlsx#stomatal ratio!AA49",
231,"gen_notes","stomata-sr_mcelwain_2002.xlsx#stomatal ratio!AX49",
232,"sample","stomata-sr_mcelwain_2002.xlsx#stomatal ratio!O50",
232,"doi","stomata-sr_mcelwain_2002.xlsx#stomatal ratio!D50",
232,"lat","stomata-sr_mcelwain_2002.xlsx#stomatal ratio!AB50",
232,"lon","stomata-sr_mcelwain_2002.xlsx#stomatal ratio!AC50",
232,"age_mean","stomata-sr_mcelwain_2002.xlsx#stomatal ratio!V50",
232,"age_notes","stomata-sr_mcelwain_2002.xlsx#stomatal ratio!Z50",
232,"family","stomata-sr_mcelwain_2002.xlsx#stomatal ratio!P50",
232,"genus","stomata-sr_mcelwain_2002.xlsx#stomatal ratio!Q50",
232,"Dab","stomata-sr_mcelwain_2002.xlsx#stomatal ratio!AK50","mm^-2 to m^-2: multiply by 1e6"
232,"N_eDab","stomata-sr_mcelwain_2002.xlsx#stomatal ratio!AK50; stomata-sr_mcelwain_2002.xlsx#stomatal ratio!AA50",
232,"gen_notes","stomata-sr_mcelwain_2002.xlsx#stomatal ratio!AX50",
233,"sample","stomata-sr_mcelwain_2002.xlsx#stomatal ratio!O51",
233,"doi","stomata-sr_mcelwain_2002.xlsx#stomatal ratio!D51",
233,"lat","stomata-sr_mcelwain_2002.xlsx#stomatal ratio!AB51",
233,"lon","stomata-sr_mcelwain_2002.xlsx#stomatal ratio!AC51",
233,"age_mean","stomata-sr_mcelwain_2002.xlsx#stomatal ratio!V51",
233,"age_min","stomata-sr_mcelwain_2002.xlsx#stomatal ratio!X51",
233,"age_max","stomata-sr_mcelwain_2002.xlsx#stomatal ratio!W51",
233,"age_notes","stomata-sr_mcelwain_2002.xlsx#stomatal ratio!Z51",
233,"family","stomata-sr_mcelwain_2002.xlsx#stomatal ratio!P51",
233,"genus","stomata-sr_mcelwain_2002.xlsx#stomatal ratio!Q51",
233,"Dab","stomata-sr_mcelwain_2002.xlsx#stomatal ratio!AK51","mm^-2 to m^-2: multiply by 1e6"
233,"N_eDab","stomata-sr_mcelwain_2002.xlsx#stomatal ratio!AK51; stomata-sr_mcelwain_2002.xlsx#stomatal ratio!AA51",
233,"gen_notes","stomata-sr_mcelwain_2002.xlsx#stomatal ratio!AX51",
234,"sample","stomata-sr_mcelwain_2002.xlsx#stomatal ratio!O52",
234,"doi","stomata-sr_mcelwain_2002.xlsx#stomatal ratio!D52",
234,"lat","stomata-sr_mcelwain_2002.xlsx#stomatal ratio!AB52",
234,"lon","stomata-sr_mcelwain_2002.xlsx#stomatal ratio!AC52",
234,"age_mean","stomata-sr_mcelwain_2002.xlsx#stomatal ratio!V52",
234,"age_notes","stomata-sr_mcelwain_2002.xlsx#stomatal ratio!Z52",
234,"family","stomata-sr_mcelwain_2002.xlsx#stomatal ratio!P52",
234,"genus","stomata-sr_mcelwain_2002.xlsx#stomatal ratio!Q52",
234,"Dab","stomata-sr_mcelwain_2002.xlsx#stomatal ratio!AK52","mm^-2 to m^-2: multiply by 1e6"
234,"N_eDab","stomata-sr_mcelwain_2002.xlsx#stomatal ratio!AK52; stomata-sr_mcelwain_2002.xlsx#stomatal ratio!AA52",
234,"gen_notes","stomata-sr_mcelwain_2002.xlsx#stomatal ratio!AX52",
235,"sample","stomata-sr_mcelwain_2002.xlsx#stomatal ratio!O53",
235,"doi","stomata-sr_mcelwain_2002.xlsx#stomatal ratio!D53",
235,"lat","stomata-sr_mcelwain_2002.xlsx#stomatal ratio!AB53",
235,"lon","stomata-sr_mcelwain_2002.xlsx#stomatal ratio!AC53",
235,"age_mean","stomata-sr_mcelwain_2002.xlsx#stomatal ratio!V53",
235,"age_notes","stomata-sr_mcelwain_2002.xlsx#stomatal ratio!Z53",
235,"family","stomata-sr_mcelwain_2002.xlsx#stomatal ratio!P53",
235,"genus","stomata-sr_mcelwain_2002.xlsx#stomatal ratio!Q53",
235,"Dab","stomata-sr_mcelwain_2002.xlsx#stomatal ratio!AK53","mm^-2 to m^-2: multiply by 1e6"
235,"N_eDab","stomata-sr_mcelwain_2002.xlsx#stomatal ratio!AK53; stomata-sr_mcelwain_2002.xlsx#stomatal ratio!AA53",
235,"gen_notes","stomata-sr_mcelwain_2002.xlsx#stomatal ratio!AX53",
236,"sample","stomata-sr_mcelwain_2002.xlsx#stomatal ratio!O54",
236,"doi","stomata-sr_mcelwain_2002.xlsx#stomatal ratio!D54",
236,"lat","stomata-sr_mcelwain_2002.xlsx#stomatal ratio!AB54",
236,"lon","stomata-sr_mcelwain_2002.xlsx#stomatal ratio!AC54",
236,"age_mean","stomata-sr_mcelwain_2002.xlsx#stomatal ratio!V54",
236,"age_notes","stomata-sr_mcelwain_2002.xlsx#stomatal ratio!Z54",
236,"family","stomata-sr_mcelwain_2002.xlsx#stomatal ratio!P54",
236,"genus","stomata-sr_mcelwain_2002.xlsx#stomatal ratio!Q54",
236,"Dab","stomata-sr_mcelwain_2002.xlsx#stomatal ratio!AK54","mm^-2 to m^-2: multiply by 1e6"
236,"N_eDab","stomata-sr_mcelwain_2002.xlsx#stomatal ratio!AK54; stomata-sr_mcelwain_2002.xlsx#stomatal ratio!AA54",
236,"gen_notes","stomata-sr_mcelwain_2002.xlsx#stomatal ratio!AX54",
237,"sample","stomata-sr_mcelwain_2002.xlsx#stomatal ratio!O55",
237,"doi","stomata-sr_mcelwain_2002.xlsx#stomatal ratio!D55",
237,"lat","stomata-sr_mcelwain_2002.xlsx#stomatal ratio!AB55",
237,"lon","stomata-sr_mcelwain_2002.xlsx#stomatal ratio!AC55",
237,"age_mean","stomata-sr_mcelwain_2002.xlsx#stomatal ratio!V55",
237,"age_notes","stomata-sr_mcelwain_2002.xlsx#stomatal ratio!Z55",
237,"family","stomata-sr_mcelwain_2002.xlsx#stomatal ratio!P55",
237,"genus","stomata-sr_mcelwain_2002.xlsx#stomatal ratio!Q55",
237,"Dab","stomata-sr_mcelwain_2002.xlsx#stomatal ratio!AK55","mm^-2 to m^-2: multiply by 1e6"
237,"N_eDab","stomata-sr_mcelwain_2002.xlsx#stomatal ratio!AK55; stomata-sr_mcelwain_2002.xlsx#stomatal ratio!AA55",
237,"gen_notes","stomata-sr_mcelwain_2002.xlsx#stomatal ratio!AX55",
238,"sample","stomata-sr_mcelwain_2002.xlsx#stomatal ratio!O56",
238,"doi","stomata-sr_mcelwain_2002.xlsx#stomatal ratio!D56",
238,"lat","stomata-sr_mcelwain_2002.xlsx#stomatal ratio!AB56",
238,"lon","stomata-sr_mcelwain_2002.xlsx#stomatal ratio!AC56",
238,"age_mean","stomata-sr_mcelwain_2002.xlsx#stomatal ratio!V56",
238,"age_notes","stomata-sr_mcelwain_2002.xlsx#stomatal ratio!Z56",
238,"family","stomata-sr_mcelwain_2002.xlsx#stomatal ratio!P56",
238,"genus","stomata-sr_mcelwain_2002.xlsx#stomatal ratio!Q56",
238,"Dab","stomata-sr_mcelwain_2002.xlsx#stomatal ratio!AK56","mm^-2 to m^-2: multiply by 1e6"
238,"N_eDab","stomata-sr_mcelwain_2002.xlsx#stomatal ratio!AK56; stomata-sr_mcelwain_2002.xlsx#stomatal ratio!AA56",
238,"gen_notes","stomata-sr_mcelwain_2002.xlsx#stomatal ratio!AX56",
239,"sample","stomata-sr_mcelwain_2002.xlsx#stomatal ratio!O57",
239,"doi","stomata-sr_mcelwain_2002.xlsx#stomatal ratio!D57",
239,"lat","stomata-sr_mcelwain_2002.xlsx#stomatal ratio!AB57",
239,"lon","stomata-sr_mcelwain_2002.xlsx#stomatal ratio!AC57",
239,"age_mean","stomata-sr_mcelwain_2002.xlsx#stomatal ratio!V57",
239,"age_notes","stomata-sr_mcelwain_2002.xlsx#stomatal ratio!Z57",
239,"family","stomata-sr_mcelwain_2002.xlsx#stomatal ratio!P57",
239,"genus","stomata-sr_mcelwain_2002.xlsx#stomatal ratio!Q57",
239,"Dab","stomata-sr_mcelwain_2002.xlsx#stomatal ratio!AK57","mm^-2 to m^-2: multiply by 1e6"
239,"N_eDab","stomata-sr_mcelwain_2002.xlsx#stomatal ratio!AK57; stomata-sr_mcelwain_2002.xlsx#stomatal ratio!AA57",
239,"gen_notes","stomata-sr_mcelwain_2002.xlsx#stomatal ratio!AX57",
240,"sample","stomata-sr_mcelwain_2002.xlsx#stomatal ratio!O58",
240,"doi","stomata-sr_mcelwain_2002.xlsx#stomatal ratio!D58",
240,"lat","stomata-sr_mcelwain_2002.xlsx#stomatal ratio!AB58",
240,"lon","stomata-sr_mcelwain_2002.xlsx#stomatal ratio!AC58",
240,"age_mean","stomata-sr_mcelwain_2002.xlsx#stomatal ratio!V58",
240,"age_notes","stomata-sr_mcelwain_2002.xlsx#stomatal ratio!Z58",
240,"family","stomata-sr_mcelwain_2002.xlsx#stomatal ratio!P58",
240,"genus","stomata-sr_mcelwain_2002.xlsx#stomatal ratio!Q58",
240,"Dab","stomata-sr_mcelwain_2002.xlsx#stomatal ratio!AK58","mm^-2 to m^-2: multiply by 1e6"
240,"N_eDab","stomata-sr_mcelwain_2002.xlsx#stomatal ratio!AK58; stomata-sr_mcelwain_2002.xlsx#stomatal ratio!AA58",
240,"gen_notes","stomata-sr_mcelwain_2002.xlsx#stomatal ratio!AX58",
241,"sample","stomata-sr_mcelwain_2002.xlsx#stomatal ratio!O59",
241,"doi","stomata-sr_mcelwain_2002.xlsx#stomatal ratio!D59",
241,"lat","stomata-sr_mcelwain_2002.xlsx#stomatal ratio!AB59",
241,"lon","stomata-sr_mcelwain_2002.xlsx#stomatal ratio!AC59",
241,"age_mean","stomata-sr_mcelwain_2002.xlsx#stomatal ratio!V59",
241,"age_min","stomata-sr_mcelwain_2002.xlsx#stomatal ratio!X59",
241,"age_max","stomata-sr_mcelwain_2002.xlsx#stomatal ratio!W59",
241,"age_notes","stomata-sr_mcelwain_2002.xlsx#stomatal ratio!Z59",
241,"family","stomata-sr_mcelwain_2002.xlsx#stomatal ratio!P59",
241,"genus","stomata-sr_mcelwain_2002.xlsx#stomatal ratio!Q59",
241,"Dab","stomata-sr_mcelwain_2002.xlsx#stomatal ratio!AK59","mm^-2 to m^-2: multiply by 1e6"
241,"N_eDab","stomata-sr_mcelwain_2002.xlsx#stomatal ratio!AK59; stomata-sr_mcelwain_2002.xlsx#stomatal ratio!AA59",
241,"gen_notes","stomata-sr_mcelwain_2002.xlsx#stomatal ratio!AX59",
242,"sample","stomata-sr_mcelwain_2002.xlsx#stomatal ratio!O60",
242,"doi","stomata-sr_mcelwain_2002.xlsx#stomatal ratio!D60",
242,"lat","stomata-sr_mcelwain_2002.xlsx#stomatal ratio!AB60",
242,"lon","stomata-sr_mcelwain_2002.xlsx#stomatal ratio!AC60",
242,"age_mean","stomata-sr_mcelwain_2002.xlsx#stomatal ratio!V60",
242,"age_notes","stomata-sr_mcelwain_2002.xlsx#stomatal ratio!Z60",
242,"family","stomata-sr_mcelwain_2002.xlsx#stomatal ratio!P60",
242,"genus","stomata-sr_mcelwain_2002.xlsx#stomatal ratio!Q60",
242,"Dab","stomata-sr_mcelwain_2002.xlsx#stomatal ratio!AK60","mm^-2 to m^-2: multiply by 1e6"
242,"N_eDab","stomata-sr_mcelwain_2002.xlsx#stomatal ratio!AK60; stomata-sr_mcelwain_2002.xlsx#stomatal ratio!AA60",
242,"gen_notes","stomata-sr_mcelwain_2002.xlsx#stomatal ratio!AX60",
243,"sample","stomata-sr_mcelwain_2002.xlsx#stomatal ratio!O61",
243,"doi","stomata-sr_mcelwain_2002.xlsx#stomatal ratio!D61",
243,"lat","stomata-sr_mcelwain_2002.xlsx#stomatal ratio!AB61",
243,"lon","stomata-sr_mcelwain_2002.xlsx#stomatal ratio!AC61",
243,"age_mean","stomata-sr_mcelwain_2002.xlsx#stomatal ratio!V61",
243,"age_notes","stomata-sr_mcelwain_2002.xlsx#stomatal ratio!Z61",
243,"family","stomata-sr_mcelwain_2002.xlsx#stomatal ratio!P61",
243,"genus","stomata-sr_mcelwain_2002.xlsx#stomatal ratio!Q61",
243,"Dab","stomata-sr_mcelwain_2002.xlsx#stomatal ratio!AK61","mm^-2 to m^-2: multiply by 1e6"
243,"N_eDab","stomata-sr_mcelwain_2002.xlsx#stomatal ratio!AK61; stomata-sr_mcelwain_2002.xlsx#stomatal ratio!AA61",
243,"gen_notes","stomata-sr_mcelwain_2002.xlsx#stomatal ratio!AX61",
244,"sample","stomata-sr_mcelwain_2002.xlsx#stomatal ratio!O62",
244,"doi","stomata-sr_mcelwain_2002.xlsx#stomatal ratio!D62",
244,"lat","stomata-sr_mcelwain_2002.xlsx#stomatal ratio!AB62",
244,"lon","stomata-sr_mcelwain_2002.xlsx#stomatal ratio!AC62",
244,"age_mean","stomata-sr_mcelwain_2002.xlsx#stomatal ratio!V62",
244,"age_notes","stomata-sr_mcelwain_2002.xlsx#stomatal ratio!Z62",
244,"family","stomata-sr_mcelwain_2002.xlsx#stomatal ratio!P62",
244,"genus","stomata-sr_mcelwain_2002.xlsx#stomatal ratio!Q62",
244,"Dab","stomata-sr_mcelwain_2002.xlsx#stomatal ratio!AK62","mm^-2 to m^-2: multiply by 1e6"
244,"N_eDab","stomata-sr_mcelwain_2002.xlsx#stomatal ratio!AK62; stomata-sr_mcelwain_2002.xlsx#stomatal ratio!AA62",
244,"gen_notes","stomata-sr_mcelwain_2002.xlsx#stomatal ratio!AX62",
245,"sample","stomata-sr_mcelwain_2002.xlsx#stomatal ratio!O63",
245,"doi","stomata-sr_mcelwain_2002.xlsx#stomatal ratio!D63",
245,"lat","stomata-sr_mcelwain_2002.xlsx#stomatal ratio!AB63",
245,"lon","stomata-sr_mcelwain_2002.xlsx#stomatal ratio!AC63",
245,"age_mean","stomata-sr_mcelwain_2002.xlsx#stomatal ratio!V63",
245,"age_notes","stomata-sr_mcelwain_2002.xlsx#stomatal ratio!Z63",
245,"family","stomata-sr_mcelwain_2002.xlsx#stomatal ratio!P63",
245,"genus","stomata-sr_mcelwain_2002.xlsx#stomatal ratio!Q63",
245,"Dab","stomata-sr_mcelwain_2002.xlsx#stomatal ratio!AK63","mm^-2 to m^-2: multiply by 1e6"
245,"N_eDab","stomata-sr_mcelwain_2002.xlsx#stomatal ratio!AK63; stomata-sr_mcelwain_2002.xlsx#stomatal ratio!AA63",
245,"gen_notes","stomata-sr_mcelwain_2002.xlsx#stomatal ratio!AX63",
246,"sample","stomata-sr_mcelwain_2002.xlsx#stomatal ratio!O64",
246,"doi","stomata-sr_mcelwain_2002.xlsx#stomatal ratio!D64",
246,"lat","stomata-sr_mcelwain_2002.xlsx#stomatal ratio!AB64",
246,"lon","stomata-sr_mcelwain_2002.xlsx#stomatal ratio!AC64",
246,"age_mean","stomata-sr_mcelwain_2002.xlsx#stomatal ratio!V64",
246,"age_min","stomata-sr_mcelwain_2002.xlsx#stomatal ratio!X64",
246,"age_max","stomata-sr_mcelwain_2002.xlsx#stomatal ratio!W64",
246,"age_notes","stomata-sr_mcelwain_2002.xlsx#stomatal ratio!Z64",
246,"family","stomata-sr_mcelwain_2002.xlsx#stomatal ratio!P64",
246,"genus","stomata-sr_mcelwain_2002.xlsx#stomatal ratio!Q64",
246,"Dab","stomata-sr_mcelwain_2002.xlsx#stomatal ratio!AK64","mm^-2 to m^-2: multiply by 1e6"
246,"N_eDab","stomata-sr_mcelwain_2002.xlsx#stomatal ratio!AK64; stomata-sr_mcelwain_2002.xlsx#stomatal ratio!AA64",
246,"gen_notes","stomata-sr_mcelwain_2002.xlsx#stomatal ratio!AX64",
247,"sample","stomata-sr_mcelwain_2002.xlsx#stomatal ratio!O65",
247,"doi","stomata-sr_mcelwain_2002.xlsx#stomatal ratio!D65",
247,"lat","stomata-sr_mcelwain_2002.xlsx#stomatal ratio!AB65",
247,"lon","stomata-sr_mcelwain_2002.xlsx#stomatal ratio!AC65",
247,"age_mean","stomata-sr_mcelwain_2002.xlsx#stomatal ratio!V65",
247,"age_notes","stomata-sr_mcelwain_2002.xlsx#stomatal ratio!Z65",
247,"family","stomata-sr_mcelwain_2002.xlsx#stomatal ratio!P65",
247,"genus","stomata-sr_mcelwain_2002.xlsx#stomatal ratio!Q65",
247,"Dab","stomata-sr_mcelwain_2002.xlsx#stomatal ratio!AK65","mm^-2 to m^-2: multiply by 1e6"
247,"N_eDab","stomata-sr_mcelwain_2002.xlsx#stomatal ratio!AK65; stomata-sr_mcelwain_2002.xlsx#stomatal ratio!AA65",
247,"gen_notes","stomata-sr_mcelwain_2002.xlsx#stomatal ratio!AX65",
248,"sample","stomata-sr_mcelwain_2002.xlsx#stomatal ratio!O66",
248,"doi","stomata-sr_mcelwain_2002.xlsx#stomatal ratio!D66",
248,"lat","stomata-sr_mcelwain_2002.xlsx#stomatal ratio!AB66",
248,"lon","stomata-sr_mcelwain_2002.xlsx#stomatal ratio!AC66",
248,"age_mean","stomata-sr_mcelwain_2002.xlsx#stomatal ratio!V66",
248,"age_notes","stomata-sr_mcelwain_2002.xlsx#stomatal ratio!Z66",
248,"family","stomata-sr_mcelwain_2002.xlsx#stomatal ratio!P66",
248,"genus","stomata-sr_mcelwain_2002.xlsx#stomatal ratio!Q66",
248,"gen_notes","stomata-sr_mcelwain_2002.xlsx#stomatal ratio!AX66",
249,"sample","stomata-sr_mcelwain_2002.xlsx#stomatal ratio!O67",
249,"doi","stomata-sr_mcelwain_2002.xlsx#stomatal ratio!D67",
249,"lat","stomata-sr_mcelwain_2002.xlsx#stomatal ratio!AB67",
249,"lon","stomata-sr_mcelwain_2002.xlsx#stomatal ratio!AC67",
249,"age_mean","stomata-sr_mcelwain_2002.xlsx#stomatal ratio!V67",
249,"age_notes","stomata-sr_mcelwain_2002.xlsx#stomatal ratio!Z67",
249,"family","stomata-sr_mcelwain_2002.xlsx#stomatal ratio!P67",
249,"genus","stomata-sr_mcelwain_2002.xlsx#stomatal ratio!Q67",
249,"gen_notes","stomata-sr_mcelwain_2002.xlsx#stomatal ratio!AX67",
250,"sample","stomata-sr_mcelwain_2002.xlsx#stomatal ratio!O68",
250,"doi","stomata-sr_mcelwain_2002.xlsx#stomatal ratio!D68",
250,"lat","stomata-sr_mcelwain_2002.xlsx#stomatal ratio!AB68",
250,"lon","stomata-sr_mcelwain_2002.xlsx#stomatal ratio!AC68",
250,"age_mean","stomata-sr_mcelwain_2002.xlsx#stomatal ratio!V68",
250,"age_notes","stomata-sr_mcelwain_2002.xlsx#stomatal ratio!Z68",
250,"family","stomata-sr_mcelwain_2002.xlsx#stomatal ratio!P68",
250,"genus","stomata-sr_mcelwain_2002.xlsx#stomatal ratio!Q68",
250,"gen_notes","stomata-sr_mcelwain_2002.xlsx#stomatal ratio!AX68",
251,"sample","stomata-sr_mcelwain_2002.xlsx#stomatal ratio!O69",
251,"doi","stomata-sr_mcelwain_2002.xlsx#stomatal ratio!D69",
251,"lat","stomata-sr_mcelwain_2002.xlsx#stomatal ratio!AB69",
251,"lon","stomata-sr_mcelwain_2002.xlsx#stomatal ratio!AC69",
251,"age_mean","stomata-sr_mcelwain_2002.xlsx#stomatal ratio!V69",
251,"age_notes","stomata-sr_mcelwain_2002.xlsx#stomatal ratio!Z69",
251,"family","stomata-sr_mcelwain_2002.xlsx#stomatal ratio!P69",
251,"genus","stomata-sr_mcelwain_2002.xlsx#stomatal ratio!Q69",
251,"gen_notes","stomata-sr_mcelwain_2002.xlsx#stomatal ratio!AX69",
252,"sample","stomata-sr_mcelwain_2002.xlsx#stomatal ratio!O70",
252,"doi","stomata-sr_mcelwain_2002.xlsx#stomatal ratio!D70",
252,"lat","stomata-sr_mcelwain_2002.xlsx#stomatal ratio!AB70",
252,"lon","stomata-sr_mcelwain_2002.xlsx#stomatal ratio!AC70",
252,"age_mean","stomata-sr_mcelwain_2002.xlsx#stomatal ratio!V70",
252,"age_notes","stomata-sr_mcelwain_2002.xlsx#stomatal ratio!Z70",
252,"family","stomata-sr_mcelwain_2002.xlsx#stomatal ratio!P70",
252,"genus","stomata-sr_mcelwain_2002.xlsx#stomatal ratio!Q70",
252,"gen_notes","stomata-sr_mcelwain_2002.xlsx#stomatal ratio!AX70",
253,"sample","stomata-sr_mcelwain_2002.xlsx#stomatal ratio!O71",
253,"doi","stomata-sr_mcelwain_2002.xlsx#stomatal ratio!D71",
253,"lat","stomata-sr_mcelwain_2002.xlsx#stomatal ratio!AB71",
253,"lon","stomata-sr_mcelwain_2002.xlsx#stomatal ratio!AC71",
253,"age_mean","stomata-sr_mcelwain_2002.xlsx#stomatal ratio!V71",
253,"age_notes","stomata-sr_mcelwain_2002.xlsx#stomatal ratio!Z71",
253,"family","stomata-sr_mcelwain_2002.xlsx#stomatal ratio!P71",
253,"genus","stomata-sr_mcelwain_2002.xlsx#stomatal ratio!Q71",
253,"gen_notes","stomata-sr_mcelwain_2002.xlsx#stomatal ratio!AX71",
254,"sample","stomata-sr_mcelwain_2002.xlsx#stomatal ratio!O72",
254,"doi","stomata-sr_mcelwain_2002.xlsx#stomatal ratio!D72",
254,"lat","stomata-sr_mcelwain_2002.xlsx#stomatal ratio!AB72",
254,"lon","stomata-sr_mcelwain_2002.xlsx#stomatal ratio!AC72",
254,"age_mean","stomata-sr_mcelwain_2002.xlsx#stomatal ratio!V72",
254,"age_notes","stomata-sr_mcelwain_2002.xlsx#stomatal ratio!Z72",
254,"family","stomata-sr_mcelwain_2002.xlsx#stomatal ratio!P72",
254,"genus","stomata-sr_mcelwain_2002.xlsx#stomatal ratio!Q72",
254,"gen_notes","stomata-sr_mcelwain_2002.xlsx#stomatal ratio!AX72",
255,"sample","stomata-sr_mcelwain_2002.xlsx#stomatal ratio!O73",
255,"doi","stomata-sr_mcelwain_2002.xlsx#stomatal ratio!D73",
255,"lat","stomata-sr_mcelwain_2002.xlsx#stomatal ratio!AB73",
255,"lon","stomata-sr_mcelwain_2002.xlsx#stomatal ratio!AC73",
255,"age_mean","stomata-sr_mcelwain_2002.xlsx#stomatal ratio!V73",
255,"age_notes","stomata-sr_mcelwain_2002.xlsx#stomatal ratio!Z73",
255,"family","stomata-sr_mcelwain_2002.xlsx#stomatal ratio!P73",
255,"genus","stomata-sr_mcelwain_2002.xlsx#stomatal ratio!Q73",
255,"gen_notes","stomata-sr_mcelwain_2002.xlsx#stomatal ratio!AX73",
256,"sample","stomata-sr_mcelwain_2002.xlsx#stomatal ratio!O74",
256,"doi","stomata-sr_mcelwain_2002.xlsx#stomatal ratio!D74",
256,"lat","stomata-sr_mcelwain_2002.xlsx#stomatal ratio!AB74",
256,"lon","stomata-sr_mcelwain_2002.xlsx#stomatal ratio!AC74",
256,"age_mean","stomata-sr_mcelwain_2002.xlsx#stomatal ratio!V74",
256,"age_notes","stomata-sr_mcelwain_2002.xlsx#stomatal ratio!Z74",
256,"family","stomata-sr_mcelwain_2002.xlsx#stomatal ratio!P74",
256,"genus","stomata-sr_mcelwain_2002.xlsx#stomatal ratio!Q74",
256,"gen_notes","stomata-sr_mcelwain_2002.xlsx#stomatal ratio!AX74",
257,"sample","stomata-sr_mcelwain_2002.xlsx#stomatal ratio!O75",
257,"doi","stomata-sr_mcelwain_2002.xlsx#stomatal ratio!D75",
257,"lat","stomata-sr_mcelwain_2002.xlsx#stomatal ratio!AB75",
257,"lon","stomata-sr_mcelwain_2002.xlsx#stomatal ratio!AC75",
257,"age_mean","stomata-sr_mcelwain_2002.xlsx#stomatal ratio!V75",
257,"age_notes","stomata-sr_mcelwain_2002.xlsx#stomatal ratio!Z75",
257,"family","stomata-sr_mcelwain_2002.xlsx#stomatal ratio!P75",
257,"genus","stomata-sr_mcelwain_2002.xlsx#stomatal ratio!Q75",
257,"gen_notes","stomata-sr_mcelwain_2002.xlsx#stomatal ratio!AX75",
258,"sample","stomata-sr_mcelwain_2002.xlsx#stomatal ratio!O76",
258,"doi","stomata-sr_mcelwain_2002.xlsx#stomatal ratio!D76",
258,"lat","stomata-sr_mcelwain_2002.xlsx#stomatal ratio!AB76",
258,"lon","stomata-sr_mcelwain_2002.xlsx#stomatal ratio!AC76",
258,"age_mean","stomata-sr_mcelwain_2002.xlsx#stomatal ratio!V76",
258,"age_notes","stomata-sr_mcelwain_2002.xlsx#stomatal ratio!Z76",
258,"family","stomata-sr_mcelwain_2002.xlsx#stomatal ratio!P76",
258,"genus","stomata-sr_mcelwain_2002.xlsx#stomatal ratio!Q76",
258,"gen_notes","stomata-sr_mcelwain_2002.xlsx#stomatal ratio!AX76",
259,"sample","stomata-sr_mcelwain_2002.xlsx#stomatal ratio!O77",
259,"doi","stomata-sr_mcelwain_2002.xlsx#stomatal ratio!D77",
259,"lat","stomata-sr_mcelwain_2002.xlsx#stomatal ratio!AB77",
259,"lon","stomata-sr_mcelwain_2002.xlsx#stomatal ratio!AC77",
259,"age_mean","stomata-sr_mcelwain_2002.xlsx#stomatal ratio!V77",
259,"age_notes","stomata-sr_mcelwain_2002.xlsx#stomatal ratio!Z77",
259,"family","stomata-sr_mcelwain_2002.xlsx#stomatal ratio!P77",
259,"genus","stomata-sr_mcelwain_2002.xlsx#stomatal ratio!Q77",
259,"gen_notes","stomata-sr_mcelwain_2002.xlsx#stomatal ratio!AX77",
260,"sample","stomata-sr_mcelwain_2002.xlsx#stomatal ratio!O78",
260,"doi","stomata-sr_mcelwain_2002.xlsx#stomatal ratio!D78",
260,"lat","stomata-sr_mcelwain_2002.xlsx#stomatal ratio!AB78",
260,"lon","stomata-sr_mcelwain_2002.xlsx#stomatal ratio!AC78",
260,"age_mean","stomata-sr_mcelwain_2002.xlsx#stomatal ratio!V78",
260,"age_notes","stomata-sr_mcelwain_2002.xlsx#stomatal ratio!Z78",
260,"family","stomata-sr_mcelwain_2002.xlsx#stomatal ratio!P78",
260,"genus","stomata-sr_mcelwain_2002.xlsx#stomatal ratio!Q78",
260,"gen_notes","stomata-sr_mcelwain_2002.xlsx#stomatal ratio!AX78",
261,"sample","stomata-sr_mcelwain_2002.xlsx#stomatal ratio!O79",
261,"doi","stomata-sr_mcelwain_2002.xlsx#stomatal ratio!D79",
261,"lat","stomata-sr_mcelwain_2002.xlsx#stomatal ratio!AB79",
261,"lon","stomata-sr_mcelwain_2002.xlsx#stomatal ratio!AC79",
261,"age_mean","stomata-sr_mcelwain_2002.xlsx#stomatal ratio!V79",
261,"age_notes","stomata-sr_mcelwain_2002.xlsx#stomatal ratio!Z79",
261,"family","stomata-sr_mcelwain_2002.xlsx#stomatal ratio!P79",
261,"genus","stomata-sr_mcelwain_2002.xlsx#stomatal ratio!Q79",
261,"gen_notes","stomata-sr_mcelwain_2002.xlsx#stomatal ratio!AX79",
262,"sample","stomata-sr_mcelwain_2002.xlsx#stomatal ratio!O80",
262,"doi","stomata-sr_mcelwain_2002.xlsx#stomatal ratio!D80",
262,"lat","stomata-sr_mcelwain_2002.xlsx#stomatal ratio!AB80",
262,"lon","stomata-sr_mcelwain_2002.xlsx#stomatal ratio!AC80",
262,"age_mean","stomata-sr_mcelwain_2002.xlsx#stomatal ratio!V80",
262,"age_notes","stomata-sr_mcelwain_2002.xlsx#stomatal ratio!Z80",
262,"family","stomata-sr_mcelwain_2002.xlsx#stomatal ratio!P80",
262,"genus","stomata-sr_mcelwain_2002.xlsx#stomatal ratio!Q80",
262,"gen_notes","stomata-sr_mcelwain_2002.xlsx#stomatal ratio!AX80",
263,"sample","stomata-sr_mcelwain_2002.xlsx#stomatal ratio!O81",
263,"doi","stomata-sr_mcelwain_2002.xlsx#stomatal ratio!D81",
263,"lat","stomata-sr_mcelwain_2002.xlsx#stomatal ratio!AB81",
263,"lon","stomata-sr_mcelwain_2002.xlsx#stomatal ratio!AC81",
263,"age_mean","stomata-sr_mcelwain_2002.xlsx#stomatal ratio!V81",
263,"age_notes","stomata-sr_mcelwain_2002.xlsx#stomatal ratio!Z81",
263,"family","stomata-sr_mcelwain_2002.xlsx#stomatal ratio!P81",
263,"genus","stomata-sr_mcelwain_2002.xlsx#stomatal ratio!Q81",
263,"gen_notes","stomata-sr_mcelwain_2002.xlsx#stomatal ratio!AX81",
264,"sample","stomata-sr_mcelwain_2002.xlsx#stomatal ratio!O82",
264,"doi","stomata-sr_mcelwain_2002.xlsx#stomatal ratio!D82",
264,"lat","stomata-sr_mcelwain_2002.xlsx#stomatal ratio!AB82",
264,"lon","stomata-sr_mcelwain_2002.xlsx#stomatal ratio!AC82",
264,"age_mean","stomata-sr_mcelwain_2002.xlsx#stomatal ratio!V82",
264,"age_notes","stomata-sr_mcelwain_2002.xlsx#stomatal ratio!Z82",
264,"family","stomata-sr_mcelwain_2002.xlsx#stomatal ratio!P82",
264,"genus","stomata-sr_mcelwain_2002.xlsx#stomatal ratio!Q82",
264,"gen_notes","stomata-sr_mcelwain_2002.xlsx#stomatal ratio!AX82",
265,"sample","stomata-sr_mcelwain_2002.xlsx#stomatal ratio!O83",
265,"doi","stomata-sr_mcelwain_2002.xlsx#stomatal ratio!D83",
265,"lat","stomata-sr_mcelwain_2002.xlsx#stomatal ratio!AB83",
265,"lon","stomata-sr_mcelwain_2002.xlsx#stomatal ratio!AC83",
265,"age_mean","stomata-sr_mcelwain_2002.xlsx#stomatal ratio!V83",
265,"age_notes","stomata-sr_mcelwain_2002.xlsx#stomatal ratio!Z83",
265,"family","stomata-sr_mcelwain_2002.xlsx#stomatal ratio!P83",
265,"genus","stomata-sr_mcelwain_2002.xlsx#stomatal ratio!Q83",
265,"gen_notes","stomata-sr_mcelwain_2002.xlsx#stomatal ratio!AX83",
266,"sample","stomata-sr_mcelwain_2002.xlsx#stomatal ratio!O84",
266,"doi","stomata-sr_mcelwain_2002.xlsx#stomatal ratio!D84",
266,"lat","stomata-sr_mcelwain_2002.xlsx#stomatal ratio!AB84",
266,"lon","stomata-sr_mcelwain_2002.xlsx#stomatal ratio!AC84",
266,"age_mean","stomata-sr_mcelwain_2002.xlsx#stomatal ratio!V84",
266,"age_notes","stomata-sr_mcelwain_2002.xlsx#stomatal ratio!Z84",
266,"family","stomata-sr_mcelwain_2002.xlsx#stomatal ratio!P84",
266,"genus","stomata-sr_mcelwain_2002.xlsx#stomatal ratio!Q84",
266,"gen_notes","stomata-sr_mcelwain_2002.xlsx#stomatal ratio!AX84",
267,"sample","stomata-sr_mcelwain_2002.xlsx#stomatal ratio!O85",
267,"doi","stomata-sr_mcelwain_2002.xlsx#stomatal ratio!D85",
267,"lat","stomata-sr_mcelwain_2002.xlsx#stomatal ratio!AB85",
267,"lon","stomata-sr_mcelwain_2002.xlsx#stomatal ratio!AC85",
267,"age_mean","stomata-sr_mcelwain_2002.xlsx#stomatal ratio!V85",
267,"age_notes","stomata-sr_mcelwain_2002.xlsx#stomatal ratio!Z85",
267,"family","stomata-sr_mcelwain_2002.xlsx#stomatal ratio!P85",
267,"genus","stomata-sr_mcelwain_2002.xlsx#stomatal ratio!Q85",
267,"gen_notes","stomata-sr_mcelwain_2002.xlsx#stomatal ratio!AX85",
268,"sample","stomata-sr_mcelwain_2002.xlsx#stomatal ratio!O86",
268,"doi","stomata-sr_mcelwain_2002.xlsx#stomatal ratio!D86",
268,"lat","stomata-sr_mcelwain_2002.xlsx#stomatal ratio!AB86",
268,"lon","stomata-sr_mcelwain_2002.xlsx#stomatal ratio!AC86",
268,"age_mean","stomata-sr_mcelwain_2002.xlsx#stomatal ratio!V86",
268,"age_notes","stomata-sr_mcelwain_2002.xlsx#stomatal ratio!Z86",
268,"family","stomata-sr_mcelwain_2002.xlsx#stomatal ratio!P86",
268,"genus","stomata-sr_mcelwain_2002.xlsx#stomatal ratio!Q86",
268,"gen_notes","stomata-sr_mcelwain_2002.xlsx#stomatal ratio!AX86",
269,"sample","stomata-sr_mcelwain_2002.xlsx#stomatal ratio!O87",
269,"doi","stomata-sr_mcelwain_2002.xlsx#stomatal ratio!D87",
269,"lat","stomata-sr_mcelwain_2002.xlsx#stomatal ratio!AB87",
269,"lon","stomata-sr_mcelwain_2002.xlsx#stomatal ratio!AC87",
269,"age_mean","stomata-sr_mcelwain_2002.xlsx#stomatal ratio!V87",
269,"age_min","stomata-sr_mcelwain_2002.xlsx#stomatal ratio!X87",
269,"age_max","stomata-sr_mcelwain_2002.xlsx#stomatal ratio!W87",
269,"age_notes","stomata-sr_mcelwain_2002.xlsx#stomatal ratio!Z87",
269,"family","stomata-sr_mcelwain_2002.xlsx#stomatal ratio!P87",
269,"genus","stomata-sr_mcelwain_2002.xlsx#stomatal ratio!Q87",
269,"gen_notes","stomata-sr_mcelwain_2002.xlsx#stomatal ratio!AX87",
270,"sample","stomata-sr_mcelwain_2002.xlsx#stomatal ratio!O88",
270,"doi","stomata-sr_mcelwain_2002.xlsx#stomatal ratio!D88",
270,"lat","stomata-sr_mcelwain_2002.xlsx#stomatal ratio!AB88",
270,"lon","stomata-sr_mcelwain_2002.xlsx#stomatal ratio!AC88",
270,"age_mean","stomata-sr_mcelwain_2002.xlsx#stomatal ratio!V88",
270,"age_notes","stomata-sr_mcelwain_2002.xlsx#stomatal ratio!Z88",
270,"family","stomata-sr_mcelwain_2002.xlsx#stomatal ratio!P88",
270,"genus","stomata-sr_mcelwain_2002.xlsx#stomatal ratio!Q88",
270,"gen_notes","stomata-sr_mcelwain_2002.xlsx#stomatal ratio!AX88",
271,"doi","stomata-sr_sun_2012.xlsx#Stomatal ratio!D4",
271,"lat","stomata-sr_sun_2012.xlsx#Stomatal ratio!AB4",
271,"lon","stomata-sr_sun_2012.xlsx#Stomatal ratio!AC4",
271,"age_mean","stomata-sr_sun_2012.xlsx#Stomatal ratio!V4",
271,"age_min","stomata-sr_sun_2012.xlsx#Stomatal ratio!X4",
271,"age_max","stomata-sr_sun_2012.xlsx#Stomatal ratio!W4",
271,"age_notes","stomata-sr_sun_2012.xlsx#Stomatal ratio!Z4",
271,"family","stomata-sr_sun_2012.xlsx#Stomatal ratio!P4",
271,"genus","stomata-sr_sun_2012.xlsx#Stomatal ratio!Q4",
271,"Dab","stomata-sr_sun_2012.xlsx#Stomatal ratio!AK4","mm^-2 to m^-2: multiply by 1e6"
271,"eDab","stomata-sr_sun_2012.xlsx#Stomatal ratio!AL4","mm^-2 to m^-2: multiply by 1e6"
271,"N_eDab","stomata-sr_sun_2012.xlsx#Stomatal ratio!AK4; stomata-sr_sun_2012.xlsx#Stomatal ratio!AA4",
271,"gen_notes","stomata-sr_sun_2012.xlsx#Stomatal ratio!AX4",
272,"doi","stomata-sr_sun_2012.xlsx#Stomatal ratio!D5",
272,"lat","stomata-sr_sun_2012.xlsx#Stomatal ratio!AB5",
272,"lon","stomata-sr_sun_2012.xlsx#Stomatal ratio!AC5",
272,"age_mean","stomata-sr_sun_2012.xlsx#Stomatal ratio!V5",
272,"age_min","stomata-sr_sun_2012.xlsx#Stomatal ratio!X5",
272,"age_max","stomata-sr_sun_2012.xlsx#Stomatal ratio!W5",
272,"age_notes","stomata-sr_sun_2012.xlsx#Stomatal ratio!Z5",
272,"family","stomata-sr_sun_2012.xlsx#Stomatal ratio!P5",
272,"genus","stomata-sr_sun_2012.xlsx#Stomatal ratio!Q5",
272,"Dab","stomata-sr_sun_2012.xlsx#Stomatal ratio!AK5","mm^-2 to m^-2: multiply by 1e6"
272,"eDab","stomata-sr_sun_2012.xlsx#Stomatal ratio!AL5","mm^-2 to m^-2: multiply by 1e6"
272,"N_eDab","stomata-sr_sun_2012.xlsx#Stomatal ratio!AK5; stomata-sr_sun_2012.xlsx#Stomatal ratio!AA5",
272,"gen_notes","stomata-sr_sun_2012.xlsx#Stomatal ratio!AX5",
